State,DivisionID,Electorate,CountNumber,EliminatedCandidateID,EliminatedCandidate,EliminatedModelCategory,EliminatedCandidateSubtype,EliminatedIdeologyFamily,EliminatedTally,InternalCategoryExclusion,CategoryExitThisCount,RecipientCandidateID,RecipientCandidate,RecipientModelCategory,RecipientCandidateSubtype,RecipientIdeologyFamily,TransferVotes,TransferShare,SameCategoryTransfer,AliveModelCategoriesAfter
ACT,318,Bean,1,41436,Sam Carter,GRN,GRN,,9757,False,True,40676,David Smith,ALP,ALP,,4701,0.48180793276621914,False,ALP>LNP>IND
ACT,318,Bean,1,41436,Sam Carter,GRN,GRN,,9757,False,True,41076,David Lamerton,LNP,LIB,,294,0.030132212770318745,False,ALP>LNP>IND
ACT,318,Bean,1,41436,Sam Carter,GRN,GRN,,9757,False,True,41682,Jessie Price,IND,IND_PROMINENT,LEFT,4762,0.4880598544634621,False,ALP>LNP>IND
ACT,318,Bean,2,41076,David Lamerton,LNP,LIB,,23959,False,True,40676,David Smith,ALP,ALP,,4841,0.20205350807629702,False,ALP>IND
ACT,318,Bean,2,41076,David Lamerton,LNP,LIB,,23959,False,True,41682,Jessie Price,IND,IND_PROMINENT,LEFT,19118,0.797946491923703,False,ALP>IND
ACT,101,Canberra,1,41742,Mary-Jane Liddicoat,OTH,OTH_IMO,CENTRE_RIGHT,1222,True,False,40677,Alicia Payne,ALP,ALP,,91,0.07446808510638298,False,ALP>LNP>GRN>IND>OTH
ACT,101,Canberra,1,41742,Mary-Jane Liddicoat,OTH,OTH_IMO,CENTRE_RIGHT,1222,True,False,41077,Will Roche,LNP,LIB,,375,0.306873977086743,False,ALP>LNP>GRN>IND>OTH
ACT,101,Canberra,1,41742,Mary-Jane Liddicoat,OTH,OTH_IMO,CENTRE_RIGHT,1222,True,False,41390,Isabel Mudford,GRN,GRN,,130,0.10638297872340426,False,ALP>LNP>GRN>IND>OTH
ACT,101,Canberra,1,41742,Mary-Jane Liddicoat,OTH,OTH_IMO,CENTRE_RIGHT,1222,True,False,41696,Claire Miles,IND,IND_PROMINENT,LEFT,528,0.4320785597381342,False,ALP>LNP>GRN>IND>OTH
ACT,101,Canberra,1,41742,Mary-Jane Liddicoat,OTH,OTH_IMO,CENTRE_RIGHT,1222,True,False,41706,Teresa Mctaggart,OTH,OTH_AJP,CENTRE_LEFT,98,0.08019639934533551,True,ALP>LNP>GRN>IND>OTH
ACT,101,Canberra,2,41706,Teresa Mctaggart,OTH,OTH_AJP,CENTRE_LEFT,1356,False,True,40677,Alicia Payne,ALP,ALP,,324,0.23893805309734514,False,ALP>LNP>GRN>IND
ACT,101,Canberra,2,41706,Teresa Mctaggart,OTH,OTH_AJP,CENTRE_LEFT,1356,False,True,41077,Will Roche,LNP,LIB,,134,0.09882005899705015,False,ALP>LNP>GRN>IND
ACT,101,Canberra,2,41706,Teresa Mctaggart,OTH,OTH_AJP,CENTRE_LEFT,1356,False,True,41390,Isabel Mudford,GRN,GRN,,477,0.35176991150442477,False,ALP>LNP>GRN>IND
ACT,101,Canberra,2,41706,Teresa Mctaggart,OTH,OTH_AJP,CENTRE_LEFT,1356,False,True,41696,Claire Miles,IND,IND_PROMINENT,LEFT,421,0.31047197640117996,False,ALP>LNP>GRN>IND
ACT,101,Canberra,3,41696,Claire Miles,IND,IND_PROMINENT,LEFT,11136,False,True,40677,Alicia Payne,ALP,ALP,,4488,0.40301724137931033,False,ALP>LNP>GRN
ACT,101,Canberra,3,41696,Claire Miles,IND,IND_PROMINENT,LEFT,11136,False,True,41077,Will Roche,LNP,LIB,,2715,0.24380387931034483,False,ALP>LNP>GRN
ACT,101,Canberra,3,41696,Claire Miles,IND,IND_PROMINENT,LEFT,11136,False,True,41390,Isabel Mudford,GRN,GRN,,3933,0.3531788793103448,False,ALP>LNP>GRN
ACT,101,Canberra,4,41077,Will Roche,LNP,LIB,,20325,False,True,40677,Alicia Payne,ALP,ALP,,14900,0.7330873308733087,False,ALP>GRN
ACT,101,Canberra,4,41077,Will Roche,LNP,LIB,,20325,False,True,41390,Isabel Mudford,GRN,GRN,,5425,0.26691266912669126,False,ALP>GRN
ACT,102,Fenner,1,41713,Elizabeth Kikkert,OTH,OTH_FFPA,RIGHT,7426,False,True,40678,Andrew Leigh,ALP,ALP,,2206,0.2970643684352276,False,ALP>LNP>GRN
ACT,102,Fenner,1,41713,Elizabeth Kikkert,OTH,OTH_FFPA,RIGHT,7426,False,True,41079,Bola Olatunbosun,LNP,LIB,,3837,0.5166980877996229,False,ALP>LNP>GRN
ACT,102,Fenner,1,41713,Elizabeth Kikkert,OTH,OTH_FFPA,RIGHT,7426,False,True,41398,Dani Hunterford,GRN,GRN,,1383,0.18623754376514948,False,ALP>LNP>GRN
ACT,102,Fenner,2,41398,Dani Hunterford,GRN,GRN,,16875,False,True,40678,Andrew Leigh,ALP,ALP,,15063,0.8926222222222222,False,ALP>LNP
ACT,102,Fenner,2,41398,Dani Hunterford,GRN,GRN,,16875,False,True,41079,Bola Olatunbosun,LNP,LIB,,1812,0.10737777777777778,False,ALP>LNP
NSW,103,Banks,1,41990,Phillip Pearce,OTH,OTH_AUD,CENTRE_LEFT,688,True,False,40625,John Coyne,OTH,IND_MINOR,CENTRE_LEFT,106,0.15406976744186046,True,ALP>LNP>GRN>ON>OTH
NSW,103,Banks,1,41990,Phillip Pearce,OTH,OTH_AUD,CENTRE_LEFT,688,True,False,41350,Zhi Soon,ALP,ALP,,128,0.18604651162790697,False,ALP>LNP>GRN>ON>OTH
NSW,103,Banks,1,41990,Phillip Pearce,OTH,OTH_AUD,CENTRE_LEFT,688,True,False,41411,David Coleman,LNP,LIB,,72,0.10465116279069768,False,ALP>LNP>GRN>ON>OTH
NSW,103,Banks,1,41990,Phillip Pearce,OTH,OTH_AUD,CENTRE_LEFT,688,True,False,41486,Natalie Hanna,GRN,GRN,,178,0.25872093023255816,False,ALP>LNP>GRN>ON>OTH
NSW,103,Banks,1,41990,Phillip Pearce,OTH,OTH_AUD,CENTRE_LEFT,688,True,False,41763,Allan Taruste,OTH,OTH_CYA,RIGHT,40,0.05813953488372093,True,ALP>LNP>GRN>ON>OTH
NSW,103,Banks,1,41990,Phillip Pearce,OTH,OTH_AUD,CENTRE_LEFT,688,True,False,41858,Todd Nicol,ON,ON,,81,0.11773255813953488,False,ALP>LNP>GRN>ON>OTH
NSW,103,Banks,1,41990,Phillip Pearce,OTH,OTH_AUD,CENTRE_LEFT,688,True,False,41871,Marika Momircevski,OTH,OTH_LTP,RIGHT,83,0.12063953488372094,True,ALP>LNP>GRN>ON>OTH
NSW,103,Banks,2,40625,John Coyne,OTH,IND_MINOR,CENTRE_LEFT,2101,True,False,41350,Zhi Soon,ALP,ALP,,484,0.23036649214659685,False,ALP>LNP>GRN>ON>OTH
NSW,103,Banks,2,40625,John Coyne,OTH,IND_MINOR,CENTRE_LEFT,2101,True,False,41411,David Coleman,LNP,LIB,,358,0.1703950499762018,False,ALP>LNP>GRN>ON>OTH
NSW,103,Banks,2,40625,John Coyne,OTH,IND_MINOR,CENTRE_LEFT,2101,True,False,41486,Natalie Hanna,GRN,GRN,,698,0.3322227510709186,False,ALP>LNP>GRN>ON>OTH
NSW,103,Banks,2,40625,John Coyne,OTH,IND_MINOR,CENTRE_LEFT,2101,True,False,41763,Allan Taruste,OTH,OTH_CYA,RIGHT,189,0.08995716325559258,True,ALP>LNP>GRN>ON>OTH
NSW,103,Banks,2,40625,John Coyne,OTH,IND_MINOR,CENTRE_LEFT,2101,True,False,41858,Todd Nicol,ON,ON,,175,0.08329366968110423,False,ALP>LNP>GRN>ON>OTH
NSW,103,Banks,2,40625,John Coyne,OTH,IND_MINOR,CENTRE_LEFT,2101,True,False,41871,Marika Momircevski,OTH,OTH_LTP,RIGHT,197,0.09376487386958592,True,ALP>LNP>GRN>ON>OTH
NSW,103,Banks,3,41871,Marika Momircevski,OTH,OTH_LTP,RIGHT,2958,True,False,41350,Zhi Soon,ALP,ALP,,309,0.10446247464503043,False,ALP>LNP>GRN>ON>OTH
NSW,103,Banks,3,41871,Marika Momircevski,OTH,OTH_LTP,RIGHT,2958,True,False,41411,David Coleman,LNP,LIB,,509,0.1720757268424611,False,ALP>LNP>GRN>ON>OTH
NSW,103,Banks,3,41871,Marika Momircevski,OTH,OTH_LTP,RIGHT,2958,True,False,41486,Natalie Hanna,GRN,GRN,,329,0.1112237998647735,False,ALP>LNP>GRN>ON>OTH
NSW,103,Banks,3,41871,Marika Momircevski,OTH,OTH_LTP,RIGHT,2958,True,False,41763,Allan Taruste,OTH,OTH_CYA,RIGHT,434,0.14672075726842462,True,ALP>LNP>GRN>ON>OTH
NSW,103,Banks,3,41871,Marika Momircevski,OTH,OTH_LTP,RIGHT,2958,True,False,41858,Todd Nicol,ON,ON,,1377,0.46551724137931033,False,ALP>LNP>GRN>ON>OTH
NSW,103,Banks,4,41763,Allan Taruste,OTH,OTH_CYA,RIGHT,4093,False,True,41350,Zhi Soon,ALP,ALP,,368,0.0899096017591009,False,ALP>LNP>GRN>ON
NSW,103,Banks,4,41763,Allan Taruste,OTH,OTH_CYA,RIGHT,4093,False,True,41411,David Coleman,LNP,LIB,,684,0.16711458587832886,False,ALP>LNP>GRN>ON
NSW,103,Banks,4,41763,Allan Taruste,OTH,OTH_CYA,RIGHT,4093,False,True,41486,Natalie Hanna,GRN,GRN,,351,0.08575616906914243,False,ALP>LNP>GRN>ON
NSW,103,Banks,4,41763,Allan Taruste,OTH,OTH_CYA,RIGHT,4093,False,True,41858,Todd Nicol,ON,ON,,2690,0.6572196432934279,False,ALP>LNP>GRN>ON
NSW,103,Banks,5,41858,Todd Nicol,ON,ON,,7989,False,True,41350,Zhi Soon,ALP,ALP,,1122,0.14044310927525347,False,ALP>LNP>GRN
NSW,103,Banks,5,41858,Todd Nicol,ON,ON,,7989,False,True,41411,David Coleman,LNP,LIB,,4554,0.5700337964701464,False,ALP>LNP>GRN
NSW,103,Banks,5,41858,Todd Nicol,ON,ON,,7989,False,True,41486,Natalie Hanna,GRN,GRN,,2313,0.2895230942546001,False,ALP>LNP>GRN
NSW,103,Banks,6,41486,Natalie Hanna,GRN,GRN,,15625,False,True,41350,Zhi Soon,ALP,ALP,,13380,0.85632,False,ALP>LNP
NSW,103,Banks,6,41486,Natalie Hanna,GRN,GRN,,15625,False,True,41411,David Coleman,LNP,LIB,,2245,0.14368,False,ALP>LNP
NSW,104,Barton,1,41874,Vinay Kolhatkar,OTH,OTH_LTP,RIGHT,3419,True,False,41339,Ash Ambihaipahar,ALP,ALP,,438,0.12810763381105586,False,ALP>LNP>GRN>ON>OTH
NSW,104,Barton,1,41874,Vinay Kolhatkar,OTH,OTH_LTP,RIGHT,3419,True,False,41448,Fiona Douskou,LNP,LIB,,425,0.12430535244223458,False,ALP>LNP>GRN>ON>OTH
NSW,104,Barton,1,41874,Vinay Kolhatkar,OTH,OTH_LTP,RIGHT,3419,True,False,41494,Manal Bahsa,GRN,GRN,,236,0.06902603100321732,False,ALP>LNP>GRN>ON>OTH
NSW,104,Barton,1,41874,Vinay Kolhatkar,OTH,OTH_LTP,RIGHT,3419,True,False,41768,Thomas Pambris,OTH,OTH_CYA,RIGHT,383,0.11202105878911962,True,ALP>LNP>GRN>ON>OTH
NSW,104,Barton,1,41874,Vinay Kolhatkar,OTH,OTH_LTP,RIGHT,3419,True,False,41862,Christos Nicolis,ON,ON,,1937,0.5665399239543726,False,ALP>LNP>GRN>ON>OTH
NSW,104,Barton,2,41768,Thomas Pambris,OTH,OTH_CYA,RIGHT,4197,False,True,41339,Ash Ambihaipahar,ALP,ALP,,549,0.13080771979985703,False,ALP>LNP>GRN>ON
NSW,104,Barton,2,41768,Thomas Pambris,OTH,OTH_CYA,RIGHT,4197,False,True,41448,Fiona Douskou,LNP,LIB,,921,0.2194424588992137,False,ALP>LNP>GRN>ON
NSW,104,Barton,2,41768,Thomas Pambris,OTH,OTH_CYA,RIGHT,4197,False,True,41494,Manal Bahsa,GRN,GRN,,713,0.16988324994043363,False,ALP>LNP>GRN>ON
NSW,104,Barton,2,41768,Thomas Pambris,OTH,OTH_CYA,RIGHT,4197,False,True,41862,Christos Nicolis,ON,ON,,2014,0.4798665713604956,False,ALP>LNP>GRN>ON
NSW,104,Barton,3,41862,Christos Nicolis,ON,ON,,9524,False,True,41339,Ash Ambihaipahar,ALP,ALP,,2752,0.2889542209155817,False,ALP>LNP>GRN
NSW,104,Barton,3,41862,Christos Nicolis,ON,ON,,9524,False,True,41448,Fiona Douskou,LNP,LIB,,5436,0.5707685846283075,False,ALP>LNP>GRN
NSW,104,Barton,3,41862,Christos Nicolis,ON,ON,,9524,False,True,41494,Manal Bahsa,GRN,GRN,,1336,0.14027719445611087,False,ALP>LNP>GRN
NSW,104,Barton,4,41494,Manal Bahsa,GRN,GRN,,18170,False,True,41339,Ash Ambihaipahar,ALP,ALP,,15134,0.8329113924050633,False,ALP>LNP
NSW,104,Barton,4,41494,Manal Bahsa,GRN,GRN,,18170,False,True,41448,Fiona Douskou,LNP,LIB,,3036,0.1670886075949367,False,ALP>LNP
NSW,105,Bennelong,1,41987,Barry Devine,OTH,OTH_IMO,CENTRE_RIGHT,806,True,False,41329,Jerome Laxale,ALP,ALP,,65,0.08064516129032258,False,ALP>LNP>GRN>ON>OTH
NSW,105,Bennelong,1,41987,Barry Devine,OTH,OTH_IMO,CENTRE_RIGHT,806,True,False,41444,Scott Yung,LNP,LIB,,127,0.1575682382133995,False,ALP>LNP>GRN>ON>OTH
NSW,105,Bennelong,1,41987,Barry Devine,OTH,OTH_IMO,CENTRE_RIGHT,806,True,False,41504,Adam Hart,GRN,GRN,,67,0.08312655086848635,False,ALP>LNP>GRN>ON>OTH
NSW,105,Bennelong,1,41987,Barry Devine,OTH,OTH_IMO,CENTRE_RIGHT,806,True,False,41765,Robert Nalbandian,OTH,OTH_CYA,RIGHT,129,0.1600496277915633,True,ALP>LNP>GRN>ON>OTH
NSW,105,Bennelong,1,41987,Barry Devine,OTH,OTH_IMO,CENTRE_RIGHT,806,True,False,41851,John August,OTH,OTH_SOPA,LEFT,84,0.10421836228287841,True,ALP>LNP>GRN>ON>OTH
NSW,105,Bennelong,1,41987,Barry Devine,OTH,OTH_IMO,CENTRE_RIGHT,806,True,False,41869,Craig Bennett,ON,ON,,156,0.1935483870967742,False,ALP>LNP>GRN>ON>OTH
NSW,105,Bennelong,1,41987,Barry Devine,OTH,OTH_IMO,CENTRE_RIGHT,806,True,False,41881,Eric Chan,OTH,OTH_FFPA,RIGHT,178,0.22084367245657568,True,ALP>LNP>GRN>ON>OTH
NSW,105,Bennelong,2,41765,Robert Nalbandian,OTH,OTH_CYA,RIGHT,1750,True,False,41329,Jerome Laxale,ALP,ALP,,253,0.14457142857142857,False,ALP>LNP>GRN>ON>OTH
NSW,105,Bennelong,2,41765,Robert Nalbandian,OTH,OTH_CYA,RIGHT,1750,True,False,41444,Scott Yung,LNP,LIB,,421,0.24057142857142857,False,ALP>LNP>GRN>ON>OTH
NSW,105,Bennelong,2,41765,Robert Nalbandian,OTH,OTH_CYA,RIGHT,1750,True,False,41504,Adam Hart,GRN,GRN,,142,0.08114285714285714,False,ALP>LNP>GRN>ON>OTH
NSW,105,Bennelong,2,41765,Robert Nalbandian,OTH,OTH_CYA,RIGHT,1750,True,False,41851,John August,OTH,OTH_SOPA,LEFT,85,0.04857142857142857,True,ALP>LNP>GRN>ON>OTH
NSW,105,Bennelong,2,41765,Robert Nalbandian,OTH,OTH_CYA,RIGHT,1750,True,False,41869,Craig Bennett,ON,ON,,594,0.3394285714285714,False,ALP>LNP>GRN>ON>OTH
NSW,105,Bennelong,2,41765,Robert Nalbandian,OTH,OTH_CYA,RIGHT,1750,True,False,41881,Eric Chan,OTH,OTH_FFPA,RIGHT,255,0.1457142857142857,True,ALP>LNP>GRN>ON>OTH
NSW,105,Bennelong,3,41851,John August,OTH,OTH_SOPA,LEFT,1844,True,False,41329,Jerome Laxale,ALP,ALP,,446,0.2418655097613883,False,ALP>LNP>GRN>ON>OTH
NSW,105,Bennelong,3,41851,John August,OTH,OTH_SOPA,LEFT,1844,True,False,41444,Scott Yung,LNP,LIB,,137,0.07429501084598698,False,ALP>LNP>GRN>ON>OTH
NSW,105,Bennelong,3,41851,John August,OTH,OTH_SOPA,LEFT,1844,True,False,41504,Adam Hart,GRN,GRN,,745,0.40401301518438176,False,ALP>LNP>GRN>ON>OTH
NSW,105,Bennelong,3,41851,John August,OTH,OTH_SOPA,LEFT,1844,True,False,41869,Craig Bennett,ON,ON,,223,0.12093275488069415,False,ALP>LNP>GRN>ON>OTH
NSW,105,Bennelong,3,41851,John August,OTH,OTH_SOPA,LEFT,1844,True,False,41881,Eric Chan,OTH,OTH_FFPA,RIGHT,293,0.15889370932754882,True,ALP>LNP>GRN>ON>OTH
NSW,105,Bennelong,4,41881,Eric Chan,OTH,OTH_FFPA,RIGHT,2660,False,True,41329,Jerome Laxale,ALP,ALP,,441,0.16578947368421051,False,ALP>LNP>GRN>ON
NSW,105,Bennelong,4,41881,Eric Chan,OTH,OTH_FFPA,RIGHT,2660,False,True,41444,Scott Yung,LNP,LIB,,581,0.21842105263157896,False,ALP>LNP>GRN>ON
NSW,105,Bennelong,4,41881,Eric Chan,OTH,OTH_FFPA,RIGHT,2660,False,True,41504,Adam Hart,GRN,GRN,,436,0.16390977443609023,False,ALP>LNP>GRN>ON
NSW,105,Bennelong,4,41881,Eric Chan,OTH,OTH_FFPA,RIGHT,2660,False,True,41869,Craig Bennett,ON,ON,,1202,0.4518796992481203,False,ALP>LNP>GRN>ON
NSW,105,Bennelong,5,41869,Craig Bennett,ON,ON,,4709,False,True,41329,Jerome Laxale,ALP,ALP,,636,0.13506052240390742,False,ALP>LNP>GRN
NSW,105,Bennelong,5,41869,Craig Bennett,ON,ON,,4709,False,True,41444,Scott Yung,LNP,LIB,,3080,0.6540666808239541,False,ALP>LNP>GRN
NSW,105,Bennelong,5,41869,Craig Bennett,ON,ON,,4709,False,True,41504,Adam Hart,GRN,GRN,,993,0.21087279677213847,False,ALP>LNP>GRN
NSW,105,Bennelong,6,41504,Adam Hart,GRN,GRN,,15314,False,True,41329,Jerome Laxale,ALP,ALP,,13434,0.8772365156066344,False,ALP>LNP
NSW,105,Bennelong,6,41504,Adam Hart,GRN,GRN,,15314,False,True,41444,Scott Yung,LNP,LIB,,1880,0.12276348439336555,False,ALP>LNP
NSW,106,Berowra,1,41855,Brendan Michael Clarke,OTH,OTH_SOPA,LEFT,1082,True,False,27974,Roger Woodward,OTH,IND_MINOR,CENTRE,163,0.15064695009242143,True,ALP>LNP>GRN>ON>IND>OTH
NSW,106,Berowra,1,41855,Brendan Michael Clarke,OTH,OTH_SOPA,LEFT,1082,True,False,41338,Benson Koschinski,ALP,ALP,,193,0.17837338262476896,False,ALP>LNP>GRN>ON>IND>OTH
NSW,106,Berowra,1,41855,Brendan Michael Clarke,OTH,OTH_SOPA,LEFT,1082,True,False,41442,Julian Leeser,LNP,LIB,,82,0.07578558225508318,False,ALP>LNP>GRN>ON>IND>OTH
NSW,106,Berowra,1,41855,Brendan Michael Clarke,OTH,OTH_SOPA,LEFT,1082,True,False,41506,Martin Cousins,GRN,GRN,,256,0.2365988909426987,False,ALP>LNP>GRN>ON>IND>OTH
NSW,106,Berowra,1,41855,Brendan Michael Clarke,OTH,OTH_SOPA,LEFT,1082,True,False,41697,Stephen Bastian,OTH,OTH_CYA,RIGHT,37,0.034195933456561925,True,ALP>LNP>GRN>ON>IND>OTH
NSW,106,Berowra,1,41855,Brendan Michael Clarke,OTH,OTH_SOPA,LEFT,1082,True,False,41879,Gerald Mattinson,ON,ON,,53,0.048983364140480594,False,ALP>LNP>GRN>ON>IND>OTH
NSW,106,Berowra,1,41855,Brendan Michael Clarke,OTH,OTH_SOPA,LEFT,1082,True,False,41991,Tina Brown,IND,IND_PROMINENT,LEFT,298,0.2754158964879852,False,ALP>LNP>GRN>ON>IND>OTH
NSW,106,Berowra,2,27974,Roger Woodward,OTH,IND_MINOR,CENTRE,1399,True,False,41338,Benson Koschinski,ALP,ALP,,210,0.1501072194424589,False,ALP>LNP>GRN>ON>IND>OTH
NSW,106,Berowra,2,27974,Roger Woodward,OTH,IND_MINOR,CENTRE,1399,True,False,41442,Julian Leeser,LNP,LIB,,183,0.13080771979985703,False,ALP>LNP>GRN>ON>IND>OTH
NSW,106,Berowra,2,27974,Roger Woodward,OTH,IND_MINOR,CENTRE,1399,True,False,41506,Martin Cousins,GRN,GRN,,133,0.09506790564689063,False,ALP>LNP>GRN>ON>IND>OTH
NSW,106,Berowra,2,27974,Roger Woodward,OTH,IND_MINOR,CENTRE,1399,True,False,41697,Stephen Bastian,OTH,OTH_CYA,RIGHT,67,0.04789135096497498,True,ALP>LNP>GRN>ON>IND>OTH
NSW,106,Berowra,2,27974,Roger Woodward,OTH,IND_MINOR,CENTRE,1399,True,False,41879,Gerald Mattinson,ON,ON,,106,0.07576840600428877,False,ALP>LNP>GRN>ON>IND>OTH
NSW,106,Berowra,2,27974,Roger Woodward,OTH,IND_MINOR,CENTRE,1399,True,False,41991,Tina Brown,IND,IND_PROMINENT,LEFT,700,0.5003573981415297,False,ALP>LNP>GRN>ON>IND>OTH
NSW,106,Berowra,3,41697,Stephen Bastian,OTH,OTH_CYA,RIGHT,2303,False,True,41338,Benson Koschinski,ALP,ALP,,121,0.05254016500217108,False,ALP>LNP>GRN>ON>IND
NSW,106,Berowra,3,41697,Stephen Bastian,OTH,OTH_CYA,RIGHT,2303,False,True,41442,Julian Leeser,LNP,LIB,,626,0.2718193660442901,False,ALP>LNP>GRN>ON>IND
NSW,106,Berowra,3,41697,Stephen Bastian,OTH,OTH_CYA,RIGHT,2303,False,True,41506,Martin Cousins,GRN,GRN,,120,0.052105948762483714,False,ALP>LNP>GRN>ON>IND
NSW,106,Berowra,3,41697,Stephen Bastian,OTH,OTH_CYA,RIGHT,2303,False,True,41879,Gerald Mattinson,ON,ON,,1090,0.4732957012592271,False,ALP>LNP>GRN>ON>IND
NSW,106,Berowra,3,41697,Stephen Bastian,OTH,OTH_CYA,RIGHT,2303,False,True,41991,Tina Brown,IND,IND_PROMINENT,LEFT,346,0.15023881893182806,False,ALP>LNP>GRN>ON>IND
NSW,106,Berowra,4,41879,Gerald Mattinson,ON,ON,,5954,False,True,41338,Benson Koschinski,ALP,ALP,,524,0.08800806180718844,False,ALP>LNP>GRN>IND
NSW,106,Berowra,4,41879,Gerald Mattinson,ON,ON,,5954,False,True,41442,Julian Leeser,LNP,LIB,,3726,0.6257977830030231,False,ALP>LNP>GRN>IND
NSW,106,Berowra,4,41879,Gerald Mattinson,ON,ON,,5954,False,True,41506,Martin Cousins,GRN,GRN,,336,0.0564326503191132,False,ALP>LNP>GRN>IND
NSW,106,Berowra,4,41879,Gerald Mattinson,ON,ON,,5954,False,True,41991,Tina Brown,IND,IND_PROMINENT,LEFT,1368,0.22976150487067518,False,ALP>LNP>GRN>IND
NSW,106,Berowra,5,41506,Martin Cousins,GRN,GRN,,14626,False,True,41338,Benson Koschinski,ALP,ALP,,7318,0.500341856967045,False,ALP>LNP>IND
NSW,106,Berowra,5,41506,Martin Cousins,GRN,GRN,,14626,False,True,41442,Julian Leeser,LNP,LIB,,1005,0.06871325037604266,False,ALP>LNP>IND
NSW,106,Berowra,5,41506,Martin Cousins,GRN,GRN,,14626,False,True,41991,Tina Brown,IND,IND_PROMINENT,LEFT,6303,0.4309448926569123,False,ALP>LNP>IND
NSW,106,Berowra,6,41991,Tina Brown,IND,IND_PROMINENT,LEFT,22150,False,True,41338,Benson Koschinski,ALP,ALP,,16309,0.7362979683972912,False,ALP>LNP
NSW,106,Berowra,6,41991,Tina Brown,IND,IND_PROMINENT,LEFT,22150,False,True,41442,Julian Leeser,LNP,LIB,,5841,0.26370203160270883,False,ALP>LNP
NSW,107,Blaxland,1,41786,Jennifer Di Girolamo,OTH,OTH_FFPA,RIGHT,1726,True,False,41316,Jason Clare,ALP,ALP,,216,0.12514484356894554,False,ALP>LNP>GRN>ON>IND>OTH
NSW,107,Blaxland,1,41786,Jennifer Di Girolamo,OTH,OTH_FFPA,RIGHT,1726,True,False,41478,Courtney Nguyen,LNP,LIB,,332,0.19235225955967555,False,ALP>LNP>GRN>ON>IND>OTH
NSW,107,Blaxland,1,41786,Jennifer Di Girolamo,OTH,OTH_FFPA,RIGHT,1726,True,False,41578,Omar Sakr,GRN,GRN,,167,0.09675550405561993,False,ALP>LNP>GRN>ON>IND>OTH
NSW,107,Blaxland,1,41786,Jennifer Di Girolamo,OTH,OTH_FFPA,RIGHT,1726,True,False,41850,Mike Luo,OTH,OTH_LTP,RIGHT,308,0.17844727694090382,True,ALP>LNP>GRN>ON>IND>OTH
NSW,107,Blaxland,1,41786,Jennifer Di Girolamo,OTH,OTH_FFPA,RIGHT,1726,True,False,41888,Mitchell Klievens,ON,ON,,416,0.2410196987253766,False,ALP>LNP>GRN>ON>IND>OTH
NSW,107,Blaxland,1,41786,Jennifer Di Girolamo,OTH,OTH_FFPA,RIGHT,1726,True,False,41982,Ahmed Ouf,IND,IND_PROMINENT,LEFT,287,0.16628041714947855,False,ALP>LNP>GRN>ON>IND>OTH
NSW,107,Blaxland,2,41850,Mike Luo,OTH,OTH_LTP,RIGHT,2202,False,True,41316,Jason Clare,ALP,ALP,,241,0.10944595821980019,False,ALP>LNP>GRN>ON>IND
NSW,107,Blaxland,2,41850,Mike Luo,OTH,OTH_LTP,RIGHT,2202,False,True,41478,Courtney Nguyen,LNP,LIB,,393,0.1784741144414169,False,ALP>LNP>GRN>ON>IND
NSW,107,Blaxland,2,41850,Mike Luo,OTH,OTH_LTP,RIGHT,2202,False,True,41578,Omar Sakr,GRN,GRN,,137,0.062216167120799276,False,ALP>LNP>GRN>ON>IND
NSW,107,Blaxland,2,41850,Mike Luo,OTH,OTH_LTP,RIGHT,2202,False,True,41888,Mitchell Klievens,ON,ON,,1188,0.5395095367847411,False,ALP>LNP>GRN>ON>IND
NSW,107,Blaxland,2,41850,Mike Luo,OTH,OTH_LTP,RIGHT,2202,False,True,41982,Ahmed Ouf,IND,IND_PROMINENT,LEFT,243,0.11035422343324251,False,ALP>LNP>GRN>ON>IND
NSW,107,Blaxland,3,41888,Mitchell Klievens,ON,ON,,4690,False,True,41316,Jason Clare,ALP,ALP,,686,0.14626865671641792,False,ALP>LNP>GRN>IND
NSW,107,Blaxland,3,41888,Mitchell Klievens,ON,ON,,4690,False,True,41478,Courtney Nguyen,LNP,LIB,,2727,0.5814498933901919,False,ALP>LNP>GRN>IND
NSW,107,Blaxland,3,41888,Mitchell Klievens,ON,ON,,4690,False,True,41578,Omar Sakr,GRN,GRN,,389,0.08294243070362474,False,ALP>LNP>GRN>IND
NSW,107,Blaxland,3,41888,Mitchell Klievens,ON,ON,,4690,False,True,41982,Ahmed Ouf,IND,IND_PROMINENT,LEFT,888,0.18933901918976545,False,ALP>LNP>GRN>IND
NSW,107,Blaxland,4,41578,Omar Sakr,GRN,GRN,,7547,False,True,41316,Jason Clare,ALP,ALP,,3638,0.4820458460315357,False,ALP>LNP>IND
NSW,107,Blaxland,4,41578,Omar Sakr,GRN,GRN,,7547,False,True,41478,Courtney Nguyen,LNP,LIB,,588,0.07791175301444282,False,ALP>LNP>IND
NSW,107,Blaxland,4,41578,Omar Sakr,GRN,GRN,,7547,False,True,41982,Ahmed Ouf,IND,IND_PROMINENT,LEFT,3321,0.4400424009540215,False,ALP>LNP>IND
NSW,107,Blaxland,5,41982,Ahmed Ouf,IND,IND_PROMINENT,LEFT,21041,False,True,41316,Jason Clare,ALP,ALP,,17692,0.840834561095005,False,ALP>LNP
NSW,107,Blaxland,5,41982,Ahmed Ouf,IND,IND_PROMINENT,LEFT,21041,False,True,41478,Courtney Nguyen,LNP,LIB,,3349,0.15916543890499502,False,ALP>LNP
NSW,108,Bradfield,1,41790,Rosemary Mulligan,OTH,OTH_CYA,RIGHT,1162,True,False,36047,Nicolette Boele,IND,IND_PROMINENT,CENTRE_LEFT,195,0.16781411359724613,False,ALP>LNP>GRN>ON>IND>OTH
NSW,108,Bradfield,1,41790,Rosemary Mulligan,OTH,OTH_CYA,RIGHT,1162,True,False,41324,Louise Mccallum,ALP,ALP,,68,0.058519793459552494,False,ALP>LNP>GRN>ON>IND>OTH
NSW,108,Bradfield,1,41790,Rosemary Mulligan,OTH,OTH_CYA,RIGHT,1162,True,False,41464,Gisele Kapterian,LNP,LIB,,268,0.2306368330464716,False,ALP>LNP>GRN>ON>IND>OTH
NSW,108,Bradfield,1,41790,Rosemary Mulligan,OTH,OTH_CYA,RIGHT,1162,True,False,41511,Harjit Singh,GRN,GRN,,28,0.024096385542168676,False,ALP>LNP>GRN>ON>IND>OTH
NSW,108,Bradfield,1,41790,Rosemary Mulligan,OTH,OTH_CYA,RIGHT,1162,True,False,41891,John Manton,ON,ON,,384,0.3304647160068847,False,ALP>LNP>GRN>ON>IND>OTH
NSW,108,Bradfield,1,41790,Rosemary Mulligan,OTH,OTH_CYA,RIGHT,1162,True,False,41989,Andy Yin,OTH,IND_MINOR,CENTRE,82,0.07056798623063683,True,ALP>LNP>GRN>ON>IND>OTH
NSW,108,Bradfield,1,41790,Rosemary Mulligan,OTH,OTH_CYA,RIGHT,1162,True,False,42097,Samuel Joseph Gunning,OTH,OTH_LTP,RIGHT,137,0.11790017211703958,True,ALP>LNP>GRN>ON>IND>OTH
NSW,108,Bradfield,2,42097,Samuel Joseph Gunning,OTH,OTH_LTP,RIGHT,1513,True,False,36047,Nicolette Boele,IND,IND_PROMINENT,CENTRE_LEFT,127,0.08393919365499009,False,ALP>LNP>GRN>ON>IND>OTH
NSW,108,Bradfield,2,42097,Samuel Joseph Gunning,OTH,OTH_LTP,RIGHT,1513,True,False,41324,Louise Mccallum,ALP,ALP,,102,0.06741573033707865,False,ALP>LNP>GRN>ON>IND>OTH
NSW,108,Bradfield,2,42097,Samuel Joseph Gunning,OTH,OTH_LTP,RIGHT,1513,True,False,41464,Gisele Kapterian,LNP,LIB,,310,0.2048909451421018,False,ALP>LNP>GRN>ON>IND>OTH
NSW,108,Bradfield,2,42097,Samuel Joseph Gunning,OTH,OTH_LTP,RIGHT,1513,True,False,41511,Harjit Singh,GRN,GRN,,298,0.1969596827495043,False,ALP>LNP>GRN>ON>IND>OTH
NSW,108,Bradfield,2,42097,Samuel Joseph Gunning,OTH,OTH_LTP,RIGHT,1513,True,False,41891,John Manton,ON,ON,,446,0.29477858559153997,False,ALP>LNP>GRN>ON>IND>OTH
NSW,108,Bradfield,2,42097,Samuel Joseph Gunning,OTH,OTH_LTP,RIGHT,1513,True,False,41989,Andy Yin,OTH,IND_MINOR,CENTRE,230,0.1520158625247852,True,ALP>LNP>GRN>ON>IND>OTH
NSW,108,Bradfield,3,41891,John Manton,ON,ON,,2555,False,True,36047,Nicolette Boele,IND,IND_PROMINENT,CENTRE_LEFT,303,0.11859099804305284,False,ALP>LNP>GRN>IND>OTH
NSW,108,Bradfield,3,41891,John Manton,ON,ON,,2555,False,True,41324,Louise Mccallum,ALP,ALP,,158,0.06183953033268102,False,ALP>LNP>GRN>IND>OTH
NSW,108,Bradfield,3,41891,John Manton,ON,ON,,2555,False,True,41464,Gisele Kapterian,LNP,LIB,,1532,0.5996086105675147,False,ALP>LNP>GRN>IND>OTH
NSW,108,Bradfield,3,41891,John Manton,ON,ON,,2555,False,True,41511,Harjit Singh,GRN,GRN,,109,0.0426614481409002,False,ALP>LNP>GRN>IND>OTH
NSW,108,Bradfield,3,41891,John Manton,ON,ON,,2555,False,True,41989,Andy Yin,OTH,IND_MINOR,CENTRE,453,0.17729941291585127,False,ALP>LNP>GRN>IND>OTH
NSW,108,Bradfield,4,41989,Andy Yin,OTH,IND_MINOR,CENTRE,5400,False,True,36047,Nicolette Boele,IND,IND_PROMINENT,CENTRE_LEFT,1578,0.2922222222222222,False,ALP>LNP>GRN>IND
NSW,108,Bradfield,4,41989,Andy Yin,OTH,IND_MINOR,CENTRE,5400,False,True,41324,Louise Mccallum,ALP,ALP,,1828,0.3385185185185185,False,ALP>LNP>GRN>IND
NSW,108,Bradfield,4,41989,Andy Yin,OTH,IND_MINOR,CENTRE,5400,False,True,41464,Gisele Kapterian,LNP,LIB,,1383,0.2561111111111111,False,ALP>LNP>GRN>IND
NSW,108,Bradfield,4,41989,Andy Yin,OTH,IND_MINOR,CENTRE,5400,False,True,41511,Harjit Singh,GRN,GRN,,611,0.11314814814814815,False,ALP>LNP>GRN>IND
NSW,108,Bradfield,5,41511,Harjit Singh,GRN,GRN,,8597,False,True,36047,Nicolette Boele,IND,IND_PROMINENT,CENTRE_LEFT,4028,0.4685355356519716,False,ALP>LNP>IND
NSW,108,Bradfield,5,41511,Harjit Singh,GRN,GRN,,8597,False,True,41324,Louise Mccallum,ALP,ALP,,3980,0.46295219262533444,False,ALP>LNP>IND
NSW,108,Bradfield,5,41511,Harjit Singh,GRN,GRN,,8597,False,True,41464,Gisele Kapterian,LNP,LIB,,589,0.06851227172269396,False,ALP>LNP>IND
NSW,108,Bradfield,6,41324,Louise Mccallum,ALP,ALP,,28904,False,True,36047,Nicolette Boele,IND,IND_PROMINENT,CENTRE_LEFT,19574,0.6772073069471354,False,LNP>IND
NSW,108,Bradfield,6,41324,Louise Mccallum,ALP,ALP,,28904,False,True,41464,Gisele Kapterian,LNP,LIB,,9330,0.3227926930528647,False,LNP>IND
NSW,109,Calare,1,41770,Vicki Elizabeth O'Leary,OTH,OTH_CYA,RIGHT,1583,True,False,35951,Kate Hook,IND,IND_PROMINENT,CENTRE_LEFT,173,0.10928616550852811,False,ALP>LNP>GRN>ON>IND>OTH
NSW,109,Calare,1,41770,Vicki Elizabeth O'Leary,OTH,OTH_CYA,RIGHT,1583,True,False,36348,Andrew Gee,IND,IND_PROMINENT,CENTRE_RIGHT,171,0.1080227416298168,False,ALP>LNP>GRN>ON>IND>OTH
NSW,109,Calare,1,41770,Vicki Elizabeth O'Leary,OTH,OTH_CYA,RIGHT,1583,True,False,41345,Julie Cunningham,ALP,ALP,,36,0.022741629816803537,False,ALP>LNP>GRN>ON>IND>OTH
NSW,109,Calare,1,41770,Vicki Elizabeth O'Leary,OTH,OTH_CYA,RIGHT,1583,True,False,41518,Ben Parker,GRN,GRN,,37,0.02337334175615919,False,ALP>LNP>GRN>ON>IND>OTH
NSW,109,Calare,1,41770,Vicki Elizabeth O'Leary,OTH,OTH_CYA,RIGHT,1583,True,False,41649,Jase Lesage,OTH,OTH_ASP,CENTRE_RIGHT,125,0.07896399241945673,True,ALP>LNP>GRN>ON>IND>OTH
NSW,109,Calare,1,41770,Vicki Elizabeth O'Leary,OTH,OTH_CYA,RIGHT,1583,True,False,41678,Ross Angus Hazelton,OTH,OTH_FFPA,RIGHT,98,0.06190777005685408,True,ALP>LNP>GRN>ON>IND>OTH
NSW,109,Calare,1,41770,Vicki Elizabeth O'Leary,OTH,OTH_CYA,RIGHT,1583,True,False,41902,Jennifer Hughes,ON,ON,,594,0.37523689197725835,False,ALP>LNP>GRN>ON>IND>OTH
NSW,109,Calare,1,41770,Vicki Elizabeth O'Leary,OTH,OTH_CYA,RIGHT,1583,True,False,41931,Sue Raye,OTH,OTH_HMP,CENTRE_LEFT,140,0.08843967150979154,True,ALP>LNP>GRN>ON>IND>OTH
NSW,109,Calare,1,41770,Vicki Elizabeth O'Leary,OTH,OTH_CYA,RIGHT,1583,True,False,42037,Sam Farraway,LNP,NAT,,209,0.13202779532533165,False,ALP>LNP>GRN>ON>IND>OTH
NSW,109,Calare,2,41678,Ross Angus Hazelton,OTH,OTH_FFPA,RIGHT,1831,True,False,35951,Kate Hook,IND,IND_PROMINENT,CENTRE_LEFT,124,0.06772255598033862,False,ALP>LNP>GRN>ON>IND>OTH
NSW,109,Calare,2,41678,Ross Angus Hazelton,OTH,OTH_FFPA,RIGHT,1831,True,False,36348,Andrew Gee,IND,IND_PROMINENT,CENTRE_RIGHT,246,0.13435281267067176,False,ALP>LNP>GRN>ON>IND>OTH
NSW,109,Calare,2,41678,Ross Angus Hazelton,OTH,OTH_FFPA,RIGHT,1831,True,False,41345,Julie Cunningham,ALP,ALP,,52,0.028399781540142,False,ALP>LNP>GRN>ON>IND>OTH
NSW,109,Calare,2,41678,Ross Angus Hazelton,OTH,OTH_FFPA,RIGHT,1831,True,False,41518,Ben Parker,GRN,GRN,,66,0.03604587657018023,False,ALP>LNP>GRN>ON>IND>OTH
NSW,109,Calare,2,41678,Ross Angus Hazelton,OTH,OTH_FFPA,RIGHT,1831,True,False,41649,Jase Lesage,OTH,OTH_ASP,CENTRE_RIGHT,112,0.06116876024030585,True,ALP>LNP>GRN>ON>IND>OTH
NSW,109,Calare,2,41678,Ross Angus Hazelton,OTH,OTH_FFPA,RIGHT,1831,True,False,41902,Jennifer Hughes,ON,ON,,784,0.4281813216821409,False,ALP>LNP>GRN>ON>IND>OTH
NSW,109,Calare,2,41678,Ross Angus Hazelton,OTH,OTH_FFPA,RIGHT,1831,True,False,41931,Sue Raye,OTH,OTH_HMP,CENTRE_LEFT,102,0.05570726379027854,True,ALP>LNP>GRN>ON>IND>OTH
NSW,109,Calare,2,41678,Ross Angus Hazelton,OTH,OTH_FFPA,RIGHT,1831,True,False,42037,Sam Farraway,LNP,NAT,,345,0.1884216275259421,False,ALP>LNP>GRN>ON>IND>OTH
NSW,109,Calare,3,41649,Jase Lesage,OTH,OTH_ASP,CENTRE_RIGHT,2482,True,False,35951,Kate Hook,IND,IND_PROMINENT,CENTRE_LEFT,221,0.08904109589041095,False,ALP>LNP>GRN>ON>IND>OTH
NSW,109,Calare,3,41649,Jase Lesage,OTH,OTH_ASP,CENTRE_RIGHT,2482,True,False,36348,Andrew Gee,IND,IND_PROMINENT,CENTRE_RIGHT,449,0.18090249798549557,False,ALP>LNP>GRN>ON>IND>OTH
NSW,109,Calare,3,41649,Jase Lesage,OTH,OTH_ASP,CENTRE_RIGHT,2482,True,False,41345,Julie Cunningham,ALP,ALP,,210,0.08460918614020951,False,ALP>LNP>GRN>ON>IND>OTH
NSW,109,Calare,3,41649,Jase Lesage,OTH,OTH_ASP,CENTRE_RIGHT,2482,True,False,41518,Ben Parker,GRN,GRN,,70,0.028203062046736505,False,ALP>LNP>GRN>ON>IND>OTH
NSW,109,Calare,3,41649,Jase Lesage,OTH,OTH_ASP,CENTRE_RIGHT,2482,True,False,41902,Jennifer Hughes,ON,ON,,604,0.24335213537469783,False,ALP>LNP>GRN>ON>IND>OTH
NSW,109,Calare,3,41649,Jase Lesage,OTH,OTH_ASP,CENTRE_RIGHT,2482,True,False,41931,Sue Raye,OTH,OTH_HMP,CENTRE_LEFT,509,0.20507655116841256,True,ALP>LNP>GRN>ON>IND>OTH
NSW,109,Calare,3,41649,Jase Lesage,OTH,OTH_ASP,CENTRE_RIGHT,2482,True,False,42037,Sam Farraway,LNP,NAT,,419,0.16881547139403708,False,ALP>LNP>GRN>ON>IND>OTH
NSW,109,Calare,4,41518,Ben Parker,GRN,GRN,,3926,False,True,35951,Kate Hook,IND,IND_PROMINENT,CENTRE_LEFT,1320,0.33622007131940906,False,ALP>LNP>ON>IND>OTH
NSW,109,Calare,4,41518,Ben Parker,GRN,GRN,,3926,False,True,36348,Andrew Gee,IND,IND_PROMINENT,CENTRE_RIGHT,420,0.10697911360163016,False,ALP>LNP>ON>IND>OTH
NSW,109,Calare,4,41518,Ben Parker,GRN,GRN,,3926,False,True,41345,Julie Cunningham,ALP,ALP,,1090,0.27763627101375443,False,ALP>LNP>ON>IND>OTH
NSW,109,Calare,4,41518,Ben Parker,GRN,GRN,,3926,False,True,41902,Jennifer Hughes,ON,ON,,122,0.03107488537952114,False,ALP>LNP>ON>IND>OTH
NSW,109,Calare,4,41518,Ben Parker,GRN,GRN,,3926,False,True,41931,Sue Raye,OTH,OTH_HMP,CENTRE_LEFT,826,0.21039225674987264,False,ALP>LNP>ON>IND>OTH
NSW,109,Calare,4,41518,Ben Parker,GRN,GRN,,3926,False,True,42037,Sam Farraway,LNP,NAT,,148,0.03769740193581253,False,ALP>LNP>ON>IND>OTH
NSW,109,Calare,5,41931,Sue Raye,OTH,OTH_HMP,CENTRE_LEFT,5739,False,True,35951,Kate Hook,IND,IND_PROMINENT,CENTRE_LEFT,1628,0.283673113782889,False,ALP>LNP>ON>IND
NSW,109,Calare,5,41931,Sue Raye,OTH,OTH_HMP,CENTRE_LEFT,5739,False,True,36348,Andrew Gee,IND,IND_PROMINENT,CENTRE_RIGHT,1038,0.18086774699424987,False,ALP>LNP>ON>IND
NSW,109,Calare,5,41931,Sue Raye,OTH,OTH_HMP,CENTRE_LEFT,5739,False,True,41345,Julie Cunningham,ALP,ALP,,929,0.16187489109600975,False,ALP>LNP>ON>IND
NSW,109,Calare,5,41931,Sue Raye,OTH,OTH_HMP,CENTRE_LEFT,5739,False,True,41902,Jennifer Hughes,ON,ON,,1493,0.26014985189057327,False,ALP>LNP>ON>IND
NSW,109,Calare,5,41931,Sue Raye,OTH,OTH_HMP,CENTRE_LEFT,5739,False,True,42037,Sam Farraway,LNP,NAT,,651,0.1134343962362781,False,ALP>LNP>ON>IND
NSW,109,Calare,6,41902,Jennifer Hughes,ON,ON,,11797,False,True,35951,Kate Hook,IND,IND_PROMINENT,CENTRE_LEFT,3118,0.26430448419089597,False,ALP>LNP>IND
NSW,109,Calare,6,41902,Jennifer Hughes,ON,ON,,11797,False,True,36348,Andrew Gee,IND,IND_PROMINENT,CENTRE_RIGHT,2945,0.24963973891667374,False,ALP>LNP>IND
NSW,109,Calare,6,41902,Jennifer Hughes,ON,ON,,11797,False,True,41345,Julie Cunningham,ALP,ALP,,711,0.06026956005764177,False,ALP>LNP>IND
NSW,109,Calare,6,41902,Jennifer Hughes,ON,ON,,11797,False,True,42037,Sam Farraway,LNP,NAT,,5023,0.4257862168347885,False,ALP>LNP>IND
NSW,109,Calare,7,41345,Julie Cunningham,ALP,ALP,,14114,False,True,35951,Kate Hook,IND,IND_PROMINENT,CENTRE_LEFT,5260,0.37267960889896556,False,LNP>IND
NSW,109,Calare,7,41345,Julie Cunningham,ALP,ALP,,14114,False,True,36348,Andrew Gee,IND,IND_PROMINENT,CENTRE_RIGHT,6778,0.4802323933682868,False,LNP>IND
NSW,109,Calare,7,41345,Julie Cunningham,ALP,ALP,,14114,False,True,42037,Sam Farraway,LNP,NAT,,2076,0.14708799773274764,False,LNP>IND
NSW,109,Calare,8,35951,Kate Hook,IND,IND_PROMINENT,CENTRE_LEFT,28600,True,False,36348,Andrew Gee,IND,IND_PROMINENT,CENTRE_RIGHT,23119,0.8083566433566434,True,LNP>IND
NSW,109,Calare,8,35951,Kate Hook,IND,IND_PROMINENT,CENTRE_LEFT,28600,True,False,42037,Sam Farraway,LNP,NAT,,5481,0.19164335664335663,False,LNP>IND
NSW,111,Chifley,1,40694,Leigh Burns,OTH,IND_MINOR,CENTRE_LEFT,1519,True,False,40874,Rohan Laxmanalal,OTH,OTH_AJP,CENTRE_LEFT,123,0.08097432521395655,True,ALP>LNP>GRN>ON>OTH
NSW,111,Chifley,1,40694,Leigh Burns,OTH,IND_MINOR,CENTRE_LEFT,1519,True,False,41323,Ed Husic,ALP,ALP,,301,0.19815668202764977,False,ALP>LNP>GRN>ON>OTH
NSW,111,Chifley,1,40694,Leigh Burns,OTH,IND_MINOR,CENTRE_LEFT,1519,True,False,41527,Sukhjinder Pal Singh,GRN,GRN,,214,0.14088215931533904,False,ALP>LNP>GRN>ON>OTH
NSW,111,Chifley,1,40694,Leigh Burns,OTH,IND_MINOR,CENTRE_LEFT,1519,True,False,41599,Allan Green,LNP,LIB,,151,0.09940750493745885,False,ALP>LNP>GRN>ON>OTH
NSW,111,Chifley,1,40694,Leigh Burns,OTH,IND_MINOR,CENTRE_LEFT,1519,True,False,41748,Ryan Archer,OTH,OTH_CYA,RIGHT,129,0.08492429229756418,True,ALP>LNP>GRN>ON>OTH
NSW,111,Chifley,1,40694,Leigh Burns,OTH,IND_MINOR,CENTRE_LEFT,1519,True,False,41791,Jamie Green,OTH,OTH_FFPA,RIGHT,450,0.29624753127057274,True,ALP>LNP>GRN>ON>OTH
NSW,111,Chifley,1,40694,Leigh Burns,OTH,IND_MINOR,CENTRE_LEFT,1519,True,False,41906,Tony Nikolic,ON,ON,,151,0.09940750493745885,False,ALP>LNP>GRN>ON>OTH
NSW,111,Chifley,2,40874,Rohan Laxmanalal,OTH,OTH_AJP,CENTRE_LEFT,1692,True,False,41323,Ed Husic,ALP,ALP,,325,0.19208037825059102,False,ALP>LNP>GRN>ON>OTH
NSW,111,Chifley,2,40874,Rohan Laxmanalal,OTH,OTH_AJP,CENTRE_LEFT,1692,True,False,41527,Sukhjinder Pal Singh,GRN,GRN,,412,0.24349881796690306,False,ALP>LNP>GRN>ON>OTH
NSW,111,Chifley,2,40874,Rohan Laxmanalal,OTH,OTH_AJP,CENTRE_LEFT,1692,True,False,41599,Allan Green,LNP,LIB,,157,0.09278959810874704,False,ALP>LNP>GRN>ON>OTH
NSW,111,Chifley,2,40874,Rohan Laxmanalal,OTH,OTH_AJP,CENTRE_LEFT,1692,True,False,41748,Ryan Archer,OTH,OTH_CYA,RIGHT,240,0.14184397163120568,True,ALP>LNP>GRN>ON>OTH
NSW,111,Chifley,2,40874,Rohan Laxmanalal,OTH,OTH_AJP,CENTRE_LEFT,1692,True,False,41791,Jamie Green,OTH,OTH_FFPA,RIGHT,400,0.2364066193853428,True,ALP>LNP>GRN>ON>OTH
NSW,111,Chifley,2,40874,Rohan Laxmanalal,OTH,OTH_AJP,CENTRE_LEFT,1692,True,False,41906,Tony Nikolic,ON,ON,,158,0.0933806146572104,False,ALP>LNP>GRN>ON>OTH
NSW,111,Chifley,3,41748,Ryan Archer,OTH,OTH_CYA,RIGHT,2606,True,False,41323,Ed Husic,ALP,ALP,,362,0.13891020721412126,False,ALP>LNP>GRN>ON>OTH
NSW,111,Chifley,3,41748,Ryan Archer,OTH,OTH_CYA,RIGHT,2606,True,False,41527,Sukhjinder Pal Singh,GRN,GRN,,136,0.052187260168841135,False,ALP>LNP>GRN>ON>OTH
NSW,111,Chifley,3,41748,Ryan Archer,OTH,OTH_CYA,RIGHT,2606,True,False,41599,Allan Green,LNP,LIB,,371,0.14236377590176516,False,ALP>LNP>GRN>ON>OTH
NSW,111,Chifley,3,41748,Ryan Archer,OTH,OTH_CYA,RIGHT,2606,True,False,41791,Jamie Green,OTH,OTH_FFPA,RIGHT,527,0.2022256331542594,True,ALP>LNP>GRN>ON>OTH
NSW,111,Chifley,3,41748,Ryan Archer,OTH,OTH_CYA,RIGHT,2606,True,False,41906,Tony Nikolic,ON,ON,,1210,0.46431312356101306,False,ALP>LNP>GRN>ON>OTH
NSW,111,Chifley,4,41791,Jamie Green,OTH,OTH_FFPA,RIGHT,6713,False,True,41323,Ed Husic,ALP,ALP,,1559,0.23223596007746164,False,ALP>LNP>GRN>ON
NSW,111,Chifley,4,41791,Jamie Green,OTH,OTH_FFPA,RIGHT,6713,False,True,41527,Sukhjinder Pal Singh,GRN,GRN,,2676,0.39862952480262176,False,ALP>LNP>GRN>ON
NSW,111,Chifley,4,41791,Jamie Green,OTH,OTH_FFPA,RIGHT,6713,False,True,41599,Allan Green,LNP,LIB,,1152,0.17160732906301207,False,ALP>LNP>GRN>ON
NSW,111,Chifley,4,41791,Jamie Green,OTH,OTH_FFPA,RIGHT,6713,False,True,41906,Tony Nikolic,ON,ON,,1326,0.1975271860569045,False,ALP>LNP>GRN>ON
NSW,111,Chifley,5,41906,Tony Nikolic,ON,ON,,8183,False,True,41323,Ed Husic,ALP,ALP,,1825,0.22302334107295613,False,ALP>LNP>GRN
NSW,111,Chifley,5,41906,Tony Nikolic,ON,ON,,8183,False,True,41527,Sukhjinder Pal Singh,GRN,GRN,,1729,0.21129170230966637,False,ALP>LNP>GRN
NSW,111,Chifley,5,41906,Tony Nikolic,ON,ON,,8183,False,True,41599,Allan Green,LNP,LIB,,4629,0.5656849566173775,False,ALP>LNP>GRN
NSW,111,Chifley,6,41527,Sukhjinder Pal Singh,GRN,GRN,,13891,False,True,41323,Ed Husic,ALP,ALP,,10990,0.7911597437189547,False,ALP>LNP
NSW,111,Chifley,6,41527,Sukhjinder Pal Singh,GRN,GRN,,13891,False,True,41599,Allan Green,LNP,LIB,,2901,0.20884025628104527,False,ALP>LNP
NSW,112,Cook,1,41766,Sharon Hammond,OTH,OTH_CYA,RIGHT,3246,True,False,41336,Simon Earle,ALP,ALP,,328,0.10104744300677758,False,ALP>LNP>GRN>ON>OTH
NSW,112,Cook,1,41766,Sharon Hammond,OTH,OTH_CYA,RIGHT,3246,True,False,41452,Simon Kennedy,LNP,LIB,,866,0.26678989525569935,False,ALP>LNP>GRN>ON>OTH
NSW,112,Cook,1,41766,Sharon Hammond,OTH,OTH_CYA,RIGHT,3246,True,False,41548,Martin Moore,GRN,GRN,,228,0.07024029574861368,False,ALP>LNP>GRN>ON>OTH
NSW,112,Cook,1,41766,Sharon Hammond,OTH,OTH_CYA,RIGHT,3246,True,False,41788,Natalie Fuller,OTH,OTH_FFPA,RIGHT,538,0.16574245224892176,True,ALP>LNP>GRN>ON>OTH
NSW,112,Cook,1,41766,Sharon Hammond,OTH,OTH_CYA,RIGHT,3246,True,False,41913,Mark Preston,ON,ON,,1286,0.3961799137399877,False,ALP>LNP>GRN>ON>OTH
NSW,112,Cook,2,41788,Natalie Fuller,OTH,OTH_FFPA,RIGHT,3848,False,True,41336,Simon Earle,ALP,ALP,,523,0.1359147609147609,False,ALP>LNP>GRN>ON
NSW,112,Cook,2,41788,Natalie Fuller,OTH,OTH_FFPA,RIGHT,3848,False,True,41452,Simon Kennedy,LNP,LIB,,1289,0.33497920997921,False,ALP>LNP>GRN>ON
NSW,112,Cook,2,41788,Natalie Fuller,OTH,OTH_FFPA,RIGHT,3848,False,True,41548,Martin Moore,GRN,GRN,,476,0.12370062370062371,False,ALP>LNP>GRN>ON
NSW,112,Cook,2,41788,Natalie Fuller,OTH,OTH_FFPA,RIGHT,3848,False,True,41913,Mark Preston,ON,ON,,1560,0.40540540540540543,False,ALP>LNP>GRN>ON
NSW,112,Cook,3,41913,Mark Preston,ON,ON,,7484,False,True,41336,Simon Earle,ALP,ALP,,946,0.12640299305184394,False,ALP>LNP>GRN
NSW,112,Cook,3,41913,Mark Preston,ON,ON,,7484,False,True,41452,Simon Kennedy,LNP,LIB,,5256,0.7022982362373063,False,ALP>LNP>GRN
NSW,112,Cook,3,41913,Mark Preston,ON,ON,,7484,False,True,41548,Martin Moore,GRN,GRN,,1282,0.1712987707108498,False,ALP>LNP>GRN
NSW,112,Cook,4,41548,Martin Moore,GRN,GRN,,12561,False,True,41336,Simon Earle,ALP,ALP,,10259,0.8167343364381817,False,ALP>LNP
NSW,112,Cook,4,41548,Martin Moore,GRN,GRN,,12561,False,True,41452,Simon Kennedy,LNP,LIB,,2302,0.18326566356181834,False,ALP>LNP
NSW,113,Cowper,1,41860,Geoffrey Marlow,OTH,OTH_SOPA,LEFT,255,True,False,36245,Caz Heise,IND,IND_PROMINENT,CENTRE_LEFT,52,0.20392156862745098,False,ALP>LNP>GRN>ON>IND>OTH
NSW,113,Cowper,1,41860,Geoffrey Marlow,OTH,OTH_SOPA,LEFT,255,True,False,41332,Greg Vigors,ALP,ALP,,15,0.058823529411764705,False,ALP>LNP>GRN>ON>IND>OTH
NSW,113,Cowper,1,41860,Geoffrey Marlow,OTH,OTH_SOPA,LEFT,255,True,False,41443,Megan Mathew,OTH,OTH_HMP,CENTRE_LEFT,42,0.16470588235294117,True,ALP>LNP>GRN>ON>IND>OTH
NSW,113,Cowper,1,41860,Geoffrey Marlow,OTH,OTH_SOPA,LEFT,255,True,False,41528,Wendy Firefly,GRN,GRN,,46,0.1803921568627451,False,ALP>LNP>GRN>ON>IND>OTH
NSW,113,Cowper,1,41860,Geoffrey Marlow,OTH,OTH_SOPA,LEFT,255,True,False,41689,Paul Templeton,OTH,OTH_LTP,RIGHT,10,0.0392156862745098,True,ALP>LNP>GRN>ON>IND>OTH
NSW,113,Cowper,1,41860,Geoffrey Marlow,OTH,OTH_SOPA,LEFT,255,True,False,41718,Zeke Daley,OTH,IND_MINOR,CENTRE,17,0.06666666666666667,True,ALP>LNP>GRN>ON>IND>OTH
NSW,113,Cowper,1,41860,Geoffrey Marlow,OTH,OTH_SOPA,LEFT,255,True,False,41775,Geoffrey Shannon,OTH,OTH_CYA,RIGHT,8,0.03137254901960784,True,ALP>LNP>GRN>ON>IND>OTH
NSW,113,Cowper,1,41860,Geoffrey Marlow,OTH,OTH_SOPA,LEFT,255,True,False,41798,Peter Jackel,OTH,OTH_FFPA,RIGHT,19,0.07450980392156863,True,ALP>LNP>GRN>ON>IND>OTH
NSW,113,Cowper,1,41860,Geoffrey Marlow,OTH,OTH_SOPA,LEFT,255,True,False,41876,Chris Walsh,ON,ON,,38,0.14901960784313725,False,ALP>LNP>GRN>ON>IND>OTH
NSW,113,Cowper,1,41860,Geoffrey Marlow,OTH,OTH_SOPA,LEFT,255,True,False,41937,Pat Conaghan,LNP,NAT,,8,0.03137254901960784,False,ALP>LNP>GRN>ON>IND>OTH
NSW,113,Cowper,2,41718,Zeke Daley,OTH,IND_MINOR,CENTRE,909,True,False,36245,Caz Heise,IND,IND_PROMINENT,CENTRE_LEFT,246,0.2706270627062706,False,ALP>LNP>GRN>ON>IND>OTH
NSW,113,Cowper,2,41718,Zeke Daley,OTH,IND_MINOR,CENTRE,909,True,False,41332,Greg Vigors,ALP,ALP,,156,0.1716171617161716,False,ALP>LNP>GRN>ON>IND>OTH
NSW,113,Cowper,2,41718,Zeke Daley,OTH,IND_MINOR,CENTRE,909,True,False,41443,Megan Mathew,OTH,OTH_HMP,CENTRE_LEFT,144,0.15841584158415842,True,ALP>LNP>GRN>ON>IND>OTH
NSW,113,Cowper,2,41718,Zeke Daley,OTH,IND_MINOR,CENTRE,909,True,False,41528,Wendy Firefly,GRN,GRN,,62,0.06820682068206821,False,ALP>LNP>GRN>ON>IND>OTH
NSW,113,Cowper,2,41718,Zeke Daley,OTH,IND_MINOR,CENTRE,909,True,False,41689,Paul Templeton,OTH,OTH_LTP,RIGHT,29,0.0319031903190319,True,ALP>LNP>GRN>ON>IND>OTH
NSW,113,Cowper,2,41718,Zeke Daley,OTH,IND_MINOR,CENTRE,909,True,False,41775,Geoffrey Shannon,OTH,OTH_CYA,RIGHT,56,0.061606160616061605,True,ALP>LNP>GRN>ON>IND>OTH
NSW,113,Cowper,2,41718,Zeke Daley,OTH,IND_MINOR,CENTRE,909,True,False,41798,Peter Jackel,OTH,OTH_FFPA,RIGHT,38,0.041804180418041806,True,ALP>LNP>GRN>ON>IND>OTH
NSW,113,Cowper,2,41718,Zeke Daley,OTH,IND_MINOR,CENTRE,909,True,False,41876,Chris Walsh,ON,ON,,45,0.04950495049504951,False,ALP>LNP>GRN>ON>IND>OTH
NSW,113,Cowper,2,41718,Zeke Daley,OTH,IND_MINOR,CENTRE,909,True,False,41937,Pat Conaghan,LNP,NAT,,133,0.14631463146314633,False,ALP>LNP>GRN>ON>IND>OTH
NSW,113,Cowper,3,41689,Paul Templeton,OTH,OTH_LTP,RIGHT,1442,True,False,36245,Caz Heise,IND,IND_PROMINENT,CENTRE_LEFT,134,0.09292649098474341,False,ALP>LNP>GRN>ON>IND>OTH
NSW,113,Cowper,3,41689,Paul Templeton,OTH,OTH_LTP,RIGHT,1442,True,False,41332,Greg Vigors,ALP,ALP,,89,0.06171983356449376,False,ALP>LNP>GRN>ON>IND>OTH
NSW,113,Cowper,3,41689,Paul Templeton,OTH,OTH_LTP,RIGHT,1442,True,False,41443,Megan Mathew,OTH,OTH_HMP,CENTRE_LEFT,108,0.07489597780859916,True,ALP>LNP>GRN>ON>IND>OTH
NSW,113,Cowper,3,41689,Paul Templeton,OTH,OTH_LTP,RIGHT,1442,True,False,41528,Wendy Firefly,GRN,GRN,,50,0.03467406380027739,False,ALP>LNP>GRN>ON>IND>OTH
NSW,113,Cowper,3,41689,Paul Templeton,OTH,OTH_LTP,RIGHT,1442,True,False,41775,Geoffrey Shannon,OTH,OTH_CYA,RIGHT,142,0.09847434119278779,True,ALP>LNP>GRN>ON>IND>OTH
NSW,113,Cowper,3,41689,Paul Templeton,OTH,OTH_LTP,RIGHT,1442,True,False,41798,Peter Jackel,OTH,OTH_FFPA,RIGHT,270,0.18723994452149792,True,ALP>LNP>GRN>ON>IND>OTH
NSW,113,Cowper,3,41689,Paul Templeton,OTH,OTH_LTP,RIGHT,1442,True,False,41876,Chris Walsh,ON,ON,,348,0.24133148404993066,False,ALP>LNP>GRN>ON>IND>OTH
NSW,113,Cowper,3,41689,Paul Templeton,OTH,OTH_LTP,RIGHT,1442,True,False,41937,Pat Conaghan,LNP,NAT,,301,0.2087378640776699,False,ALP>LNP>GRN>ON>IND>OTH
NSW,113,Cowper,4,41775,Geoffrey Shannon,OTH,OTH_CYA,RIGHT,1757,True,False,36245,Caz Heise,IND,IND_PROMINENT,CENTRE_LEFT,171,0.09732498577120091,False,ALP>LNP>GRN>ON>IND>OTH
NSW,113,Cowper,4,41775,Geoffrey Shannon,OTH,OTH_CYA,RIGHT,1757,True,False,41332,Greg Vigors,ALP,ALP,,105,0.05976095617529881,False,ALP>LNP>GRN>ON>IND>OTH
NSW,113,Cowper,4,41775,Geoffrey Shannon,OTH,OTH_CYA,RIGHT,1757,True,False,41443,Megan Mathew,OTH,OTH_HMP,CENTRE_LEFT,260,0.14797951052931133,True,ALP>LNP>GRN>ON>IND>OTH
NSW,113,Cowper,4,41775,Geoffrey Shannon,OTH,OTH_CYA,RIGHT,1757,True,False,41528,Wendy Firefly,GRN,GRN,,51,0.02902675014228799,False,ALP>LNP>GRN>ON>IND>OTH
NSW,113,Cowper,4,41775,Geoffrey Shannon,OTH,OTH_CYA,RIGHT,1757,True,False,41798,Peter Jackel,OTH,OTH_FFPA,RIGHT,180,0.10244735344336937,True,ALP>LNP>GRN>ON>IND>OTH
NSW,113,Cowper,4,41775,Geoffrey Shannon,OTH,OTH_CYA,RIGHT,1757,True,False,41876,Chris Walsh,ON,ON,,571,0.32498577120091066,False,ALP>LNP>GRN>ON>IND>OTH
NSW,113,Cowper,4,41775,Geoffrey Shannon,OTH,OTH_CYA,RIGHT,1757,True,False,41937,Pat Conaghan,LNP,NAT,,419,0.23847467273762094,False,ALP>LNP>GRN>ON>IND>OTH
NSW,113,Cowper,5,41798,Peter Jackel,OTH,OTH_FFPA,RIGHT,2358,True,False,36245,Caz Heise,IND,IND_PROMINENT,CENTRE_LEFT,227,0.09626802374893978,False,ALP>LNP>GRN>ON>IND>OTH
NSW,113,Cowper,5,41798,Peter Jackel,OTH,OTH_FFPA,RIGHT,2358,True,False,41332,Greg Vigors,ALP,ALP,,96,0.04071246819338423,False,ALP>LNP>GRN>ON>IND>OTH
NSW,113,Cowper,5,41798,Peter Jackel,OTH,OTH_FFPA,RIGHT,2358,True,False,41443,Megan Mathew,OTH,OTH_HMP,CENTRE_LEFT,163,0.06912637828668362,True,ALP>LNP>GRN>ON>IND>OTH
NSW,113,Cowper,5,41798,Peter Jackel,OTH,OTH_FFPA,RIGHT,2358,True,False,41528,Wendy Firefly,GRN,GRN,,140,0.05937234944868533,False,ALP>LNP>GRN>ON>IND>OTH
NSW,113,Cowper,5,41798,Peter Jackel,OTH,OTH_FFPA,RIGHT,2358,True,False,41876,Chris Walsh,ON,ON,,1362,0.5776081424936387,False,ALP>LNP>GRN>ON>IND>OTH
NSW,113,Cowper,5,41798,Peter Jackel,OTH,OTH_FFPA,RIGHT,2358,True,False,41937,Pat Conaghan,LNP,NAT,,370,0.15691263782866835,False,ALP>LNP>GRN>ON>IND>OTH
NSW,113,Cowper,6,41528,Wendy Firefly,GRN,GRN,,4901,False,True,36245,Caz Heise,IND,IND_PROMINENT,CENTRE_LEFT,2577,0.5258110589675576,False,ALP>LNP>ON>IND>OTH
NSW,113,Cowper,6,41528,Wendy Firefly,GRN,GRN,,4901,False,True,41332,Greg Vigors,ALP,ALP,,1124,0.22934095082636197,False,ALP>LNP>ON>IND>OTH
NSW,113,Cowper,6,41528,Wendy Firefly,GRN,GRN,,4901,False,True,41443,Megan Mathew,OTH,OTH_HMP,CENTRE_LEFT,790,0.16119159355233625,False,ALP>LNP>ON>IND>OTH
NSW,113,Cowper,6,41528,Wendy Firefly,GRN,GRN,,4901,False,True,41876,Chris Walsh,ON,ON,,152,0.03101407875943685,False,ALP>LNP>ON>IND>OTH
NSW,113,Cowper,6,41528,Wendy Firefly,GRN,GRN,,4901,False,True,41937,Pat Conaghan,LNP,NAT,,258,0.05264231789430728,False,ALP>LNP>ON>IND>OTH
NSW,113,Cowper,7,41443,Megan Mathew,OTH,OTH_HMP,CENTRE_LEFT,6717,False,True,36245,Caz Heise,IND,IND_PROMINENT,CENTRE_LEFT,2156,0.32097662647015035,False,ALP>LNP>ON>IND
NSW,113,Cowper,7,41443,Megan Mathew,OTH,OTH_HMP,CENTRE_LEFT,6717,False,True,41332,Greg Vigors,ALP,ALP,,1814,0.2700610391543844,False,ALP>LNP>ON>IND
NSW,113,Cowper,7,41443,Megan Mathew,OTH,OTH_HMP,CENTRE_LEFT,6717,False,True,41876,Chris Walsh,ON,ON,,1274,0.1896680065505434,False,ALP>LNP>ON>IND
NSW,113,Cowper,7,41443,Megan Mathew,OTH,OTH_HMP,CENTRE_LEFT,6717,False,True,41937,Pat Conaghan,LNP,NAT,,1473,0.21929432782492184,False,ALP>LNP>ON>IND
NSW,113,Cowper,8,41876,Chris Walsh,ON,ON,,10646,False,True,36245,Caz Heise,IND,IND_PROMINENT,CENTRE_LEFT,2838,0.26657899680631225,False,ALP>LNP>IND
NSW,113,Cowper,8,41876,Chris Walsh,ON,ON,,10646,False,True,41332,Greg Vigors,ALP,ALP,,1094,0.10276160060116475,False,ALP>LNP>IND
NSW,113,Cowper,8,41876,Chris Walsh,ON,ON,,10646,False,True,41937,Pat Conaghan,LNP,NAT,,6714,0.6306594025925231,False,ALP>LNP>IND
NSW,113,Cowper,9,41332,Greg Vigors,ALP,ALP,,17206,False,True,36245,Caz Heise,IND,IND_PROMINENT,CENTRE_LEFT,11109,0.6456468673718471,False,LNP>IND
NSW,113,Cowper,9,41332,Greg Vigors,ALP,ALP,,17206,False,True,41937,Pat Conaghan,LNP,NAT,,6097,0.354353132628153,False,LNP>IND
NSW,114,Cunningham,1,40873,Alexis Garnaut-Miller,OTH,OTH_CEC,CENTRE,1657,True,False,40878,Tim Lavers,OTH,OTH_AJP,CENTRE_LEFT,361,0.21786360893180445,True,ALP>LNP>GRN>ON>OTH
NSW,114,Cunningham,1,40873,Alexis Garnaut-Miller,OTH,OTH_CEC,CENTRE,1657,True,False,41343,Alison Byrnes,ALP,ALP,,316,0.19070609535304767,False,ALP>LNP>GRN>ON>OTH
NSW,114,Cunningham,1,40873,Alexis Garnaut-Miller,OTH,OTH_CEC,CENTRE,1657,True,False,41453,Amanda Ivaneza,LNP,LIB,,235,0.14182257091128544,False,ALP>LNP>GRN>ON>OTH
NSW,114,Cunningham,1,40873,Alexis Garnaut-Miller,OTH,OTH_CEC,CENTRE,1657,True,False,41568,Jess Whittaker,GRN,GRN,,190,0.11466505733252867,False,ALP>LNP>GRN>ON>OTH
NSW,114,Cunningham,1,40873,Alexis Garnaut-Miller,OTH,OTH_CEC,CENTRE,1657,True,False,41924,John Fuller,ON,ON,,555,0.3349426674713337,False,ALP>LNP>GRN>ON>OTH
NSW,114,Cunningham,2,40878,Tim Lavers,OTH,OTH_AJP,CENTRE_LEFT,3409,False,True,41343,Alison Byrnes,ALP,ALP,,628,0.18421824581988852,False,ALP>LNP>GRN>ON
NSW,114,Cunningham,2,40878,Tim Lavers,OTH,OTH_AJP,CENTRE_LEFT,3409,False,True,41453,Amanda Ivaneza,LNP,LIB,,348,0.10208272220592549,False,ALP>LNP>GRN>ON
NSW,114,Cunningham,2,40878,Tim Lavers,OTH,OTH_AJP,CENTRE_LEFT,3409,False,True,41568,Jess Whittaker,GRN,GRN,,1663,0.4878263420357876,False,ALP>LNP>GRN>ON
NSW,114,Cunningham,2,40878,Tim Lavers,OTH,OTH_AJP,CENTRE_LEFT,3409,False,True,41924,John Fuller,ON,ON,,770,0.22587268993839835,False,ALP>LNP>GRN>ON
NSW,114,Cunningham,3,41924,John Fuller,ON,ON,,10090,False,True,41343,Alison Byrnes,ALP,ALP,,2017,0.19990089197224975,False,ALP>LNP>GRN
NSW,114,Cunningham,3,41924,John Fuller,ON,ON,,10090,False,True,41453,Amanda Ivaneza,LNP,LIB,,6046,0.599207135777998,False,ALP>LNP>GRN
NSW,114,Cunningham,3,41924,John Fuller,ON,ON,,10090,False,True,41568,Jess Whittaker,GRN,GRN,,2027,0.20089197224975222,False,ALP>LNP>GRN
NSW,114,Cunningham,4,41568,Jess Whittaker,GRN,GRN,,27464,False,True,41343,Alison Byrnes,ALP,ALP,,23402,0.8520972909991261,False,ALP>LNP
NSW,114,Cunningham,4,41568,Jess Whittaker,GRN,GRN,,27464,False,True,41453,Amanda Ivaneza,LNP,LIB,,4062,0.14790270900087388,False,ALP>LNP
NSW,115,Dobell,1,41854,Isaac Chalik,OTH,OTH_LTP,RIGHT,1059,True,False,40879,Patrick Murphy,OTH,OTH_AJP,CENTRE_LEFT,70,0.06610009442870633,True,ALP>LNP>GRN>ON>OTH
NSW,115,Dobell,1,41854,Isaac Chalik,OTH,OTH_LTP,RIGHT,1059,True,False,41358,Emma Mcbride,ALP,ALP,,98,0.09254013220018886,False,ALP>LNP>GRN>ON>OTH
NSW,115,Dobell,1,41854,Isaac Chalik,OTH,OTH_LTP,RIGHT,1059,True,False,41469,Brendan Small,LNP,LIB,,118,0.11142587346553352,False,ALP>LNP>GRN>ON>OTH
NSW,115,Dobell,1,41854,Isaac Chalik,OTH,OTH_LTP,RIGHT,1059,True,False,41558,Simon George Cooper,GRN,GRN,,49,0.04627006610009443,False,ALP>LNP>GRN>ON>OTH
NSW,115,Dobell,1,41854,Isaac Chalik,OTH,OTH_LTP,RIGHT,1059,True,False,41784,Anthony Tawaf,OTH,OTH_CYA,RIGHT,186,0.17563739376770537,True,ALP>LNP>GRN>ON>OTH
NSW,115,Dobell,1,41854,Isaac Chalik,OTH,OTH_LTP,RIGHT,1059,True,False,41919,Martin Stevenson,ON,ON,,442,0.4173748819641171,False,ALP>LNP>GRN>ON>OTH
NSW,115,Dobell,1,41854,Isaac Chalik,OTH,OTH_LTP,RIGHT,1059,True,False,41933,Tim Claydon,OTH,OTH_HMP,CENTRE_LEFT,96,0.0906515580736544,True,ALP>LNP>GRN>ON>OTH
NSW,115,Dobell,2,40879,Patrick Murphy,OTH,OTH_AJP,CENTRE_LEFT,1976,True,False,41358,Emma Mcbride,ALP,ALP,,354,0.1791497975708502,False,ALP>LNP>GRN>ON>OTH
NSW,115,Dobell,2,40879,Patrick Murphy,OTH,OTH_AJP,CENTRE_LEFT,1976,True,False,41469,Brendan Small,LNP,LIB,,104,0.05263157894736842,False,ALP>LNP>GRN>ON>OTH
NSW,115,Dobell,2,40879,Patrick Murphy,OTH,OTH_AJP,CENTRE_LEFT,1976,True,False,41558,Simon George Cooper,GRN,GRN,,623,0.3152834008097166,False,ALP>LNP>GRN>ON>OTH
NSW,115,Dobell,2,40879,Patrick Murphy,OTH,OTH_AJP,CENTRE_LEFT,1976,True,False,41784,Anthony Tawaf,OTH,OTH_CYA,RIGHT,95,0.04807692307692308,True,ALP>LNP>GRN>ON>OTH
NSW,115,Dobell,2,40879,Patrick Murphy,OTH,OTH_AJP,CENTRE_LEFT,1976,True,False,41919,Martin Stevenson,ON,ON,,179,0.09058704453441295,False,ALP>LNP>GRN>ON>OTH
NSW,115,Dobell,2,40879,Patrick Murphy,OTH,OTH_AJP,CENTRE_LEFT,1976,True,False,41933,Tim Claydon,OTH,OTH_HMP,CENTRE_LEFT,621,0.3142712550607287,True,ALP>LNP>GRN>ON>OTH
NSW,115,Dobell,3,41784,Anthony Tawaf,OTH,OTH_CYA,RIGHT,3136,True,False,41358,Emma Mcbride,ALP,ALP,,397,0.12659438775510204,False,ALP>LNP>GRN>ON>OTH
NSW,115,Dobell,3,41784,Anthony Tawaf,OTH,OTH_CYA,RIGHT,3136,True,False,41469,Brendan Small,LNP,LIB,,452,0.1441326530612245,False,ALP>LNP>GRN>ON>OTH
NSW,115,Dobell,3,41784,Anthony Tawaf,OTH,OTH_CYA,RIGHT,3136,True,False,41558,Simon George Cooper,GRN,GRN,,196,0.0625,False,ALP>LNP>GRN>ON>OTH
NSW,115,Dobell,3,41784,Anthony Tawaf,OTH,OTH_CYA,RIGHT,3136,True,False,41919,Martin Stevenson,ON,ON,,1459,0.46524234693877553,False,ALP>LNP>GRN>ON>OTH
NSW,115,Dobell,3,41784,Anthony Tawaf,OTH,OTH_CYA,RIGHT,3136,True,False,41933,Tim Claydon,OTH,OTH_HMP,CENTRE_LEFT,632,0.20153061224489796,True,ALP>LNP>GRN>ON>OTH
NSW,115,Dobell,4,41933,Tim Claydon,OTH,OTH_HMP,CENTRE_LEFT,6244,False,True,41358,Emma Mcbride,ALP,ALP,,1889,0.30253042921204354,False,ALP>LNP>GRN>ON
NSW,115,Dobell,4,41933,Tim Claydon,OTH,OTH_HMP,CENTRE_LEFT,6244,False,True,41469,Brendan Small,LNP,LIB,,667,0.10682254964766176,False,ALP>LNP>GRN>ON
NSW,115,Dobell,4,41933,Tim Claydon,OTH,OTH_HMP,CENTRE_LEFT,6244,False,True,41558,Simon George Cooper,GRN,GRN,,1872,0.29980781550288277,False,ALP>LNP>GRN>ON
NSW,115,Dobell,4,41933,Tim Claydon,OTH,OTH_HMP,CENTRE_LEFT,6244,False,True,41919,Martin Stevenson,ON,ON,,1816,0.2908392056374119,False,ALP>LNP>GRN>ON
NSW,115,Dobell,5,41919,Martin Stevenson,ON,ON,,12936,False,True,41358,Emma Mcbride,ALP,ALP,,2603,0.20122139764996907,False,ALP>LNP>GRN
NSW,115,Dobell,5,41919,Martin Stevenson,ON,ON,,12936,False,True,41469,Brendan Small,LNP,LIB,,7761,0.5999536178107606,False,ALP>LNP>GRN
NSW,115,Dobell,5,41919,Martin Stevenson,ON,ON,,12936,False,True,41558,Simon George Cooper,GRN,GRN,,2572,0.19882498453927025,False,ALP>LNP>GRN
NSW,115,Dobell,6,41558,Simon George Cooper,GRN,GRN,,15959,False,True,41358,Emma Mcbride,ALP,ALP,,11856,0.7429036907074378,False,ALP>LNP
NSW,115,Dobell,6,41558,Simon George Cooper,GRN,GRN,,15959,False,True,41469,Brendan Small,LNP,LIB,,4103,0.25709630929256216,False,ALP>LNP
NSW,117,Eden-Monaro,1,41188,Brian Fisher,OTH,IND_MINOR,CENTRE_LEFT,1701,True,False,37724,Andrew Evan Thaler,OTH,IND_MINOR,CENTRE,611,0.3592004703115814,True,ALP>LNP>GRN>ON>OTH
NSW,117,Eden-Monaro,1,41188,Brian Fisher,OTH,IND_MINOR,CENTRE_LEFT,1701,True,False,41454,Jo Van Der Plaat,LNP,LIB,,182,0.10699588477366255,False,ALP>LNP>GRN>ON>OTH
NSW,117,Eden-Monaro,1,41188,Brian Fisher,OTH,IND_MINOR,CENTRE_LEFT,1701,True,False,41557,Emma Goward,GRN,GRN,,304,0.17871840094062316,False,ALP>LNP>GRN>ON>OTH
NSW,117,Eden-Monaro,1,41188,Brian Fisher,OTH,IND_MINOR,CENTRE_LEFT,1701,True,False,41711,Wade Ewart Cox,OTH,OTH_CYA,RIGHT,57,0.03350970017636684,True,ALP>LNP>GRN>ON>OTH
NSW,117,Eden-Monaro,1,41188,Brian Fisher,OTH,IND_MINOR,CENTRE_LEFT,1701,True,False,41737,Kristy Mcbain,ALP,ALP,,297,0.1746031746031746,False,ALP>LNP>GRN>ON>OTH
NSW,117,Eden-Monaro,1,41188,Brian Fisher,OTH,IND_MINOR,CENTRE_LEFT,1701,True,False,41921,Richard Graham,ON,ON,,103,0.06055261610817166,False,ALP>LNP>GRN>ON>OTH
NSW,117,Eden-Monaro,1,41188,Brian Fisher,OTH,IND_MINOR,CENTRE_LEFT,1701,True,False,42072,Fraser Buchanan,OTH,OTH_IMO,CENTRE_RIGHT,147,0.08641975308641975,True,ALP>LNP>GRN>ON>OTH
NSW,117,Eden-Monaro,2,42072,Fraser Buchanan,OTH,OTH_IMO,CENTRE_RIGHT,2028,True,False,37724,Andrew Evan Thaler,OTH,IND_MINOR,CENTRE,961,0.47386587771203154,True,ALP>LNP>GRN>ON>OTH
NSW,117,Eden-Monaro,2,42072,Fraser Buchanan,OTH,OTH_IMO,CENTRE_RIGHT,2028,True,False,41454,Jo Van Der Plaat,LNP,LIB,,128,0.0631163708086785,False,ALP>LNP>GRN>ON>OTH
NSW,117,Eden-Monaro,2,42072,Fraser Buchanan,OTH,OTH_IMO,CENTRE_RIGHT,2028,True,False,41557,Emma Goward,GRN,GRN,,131,0.0645956607495069,False,ALP>LNP>GRN>ON>OTH
NSW,117,Eden-Monaro,2,42072,Fraser Buchanan,OTH,OTH_IMO,CENTRE_RIGHT,2028,True,False,41711,Wade Ewart Cox,OTH,OTH_CYA,RIGHT,293,0.14447731755424062,True,ALP>LNP>GRN>ON>OTH
NSW,117,Eden-Monaro,2,42072,Fraser Buchanan,OTH,OTH_IMO,CENTRE_RIGHT,2028,True,False,41737,Kristy Mcbain,ALP,ALP,,153,0.07544378698224852,False,ALP>LNP>GRN>ON>OTH
NSW,117,Eden-Monaro,2,42072,Fraser Buchanan,OTH,OTH_IMO,CENTRE_RIGHT,2028,True,False,41921,Richard Graham,ON,ON,,362,0.17850098619329388,False,ALP>LNP>GRN>ON>OTH
NSW,117,Eden-Monaro,3,41711,Wade Ewart Cox,OTH,OTH_CYA,RIGHT,2937,True,False,37724,Andrew Evan Thaler,OTH,IND_MINOR,CENTRE,786,0.2676200204290092,True,ALP>LNP>GRN>ON>OTH
NSW,117,Eden-Monaro,3,41711,Wade Ewart Cox,OTH,OTH_CYA,RIGHT,2937,True,False,41454,Jo Van Der Plaat,LNP,LIB,,547,0.18624446714334356,False,ALP>LNP>GRN>ON>OTH
NSW,117,Eden-Monaro,3,41711,Wade Ewart Cox,OTH,OTH_CYA,RIGHT,2937,True,False,41557,Emma Goward,GRN,GRN,,93,0.031664964249233915,False,ALP>LNP>GRN>ON>OTH
NSW,117,Eden-Monaro,3,41711,Wade Ewart Cox,OTH,OTH_CYA,RIGHT,2937,True,False,41737,Kristy Mcbain,ALP,ALP,,247,0.08409942117807287,False,ALP>LNP>GRN>ON>OTH
NSW,117,Eden-Monaro,3,41711,Wade Ewart Cox,OTH,OTH_CYA,RIGHT,2937,True,False,41921,Richard Graham,ON,ON,,1264,0.43037112700034047,False,ALP>LNP>GRN>ON>OTH
NSW,117,Eden-Monaro,4,37724,Andrew Evan Thaler,OTH,IND_MINOR,CENTRE,4857,False,True,41454,Jo Van Der Plaat,LNP,LIB,,1279,0.26333127444924853,False,ALP>LNP>GRN>ON
NSW,117,Eden-Monaro,4,37724,Andrew Evan Thaler,OTH,IND_MINOR,CENTRE,4857,False,True,41557,Emma Goward,GRN,GRN,,764,0.15729874408070826,False,ALP>LNP>GRN>ON
NSW,117,Eden-Monaro,4,37724,Andrew Evan Thaler,OTH,IND_MINOR,CENTRE,4857,False,True,41737,Kristy Mcbain,ALP,ALP,,837,0.17232859789993824,False,ALP>LNP>GRN>ON
NSW,117,Eden-Monaro,4,37724,Andrew Evan Thaler,OTH,IND_MINOR,CENTRE,4857,False,True,41921,Richard Graham,ON,ON,,1977,0.407041383570105,False,ALP>LNP>GRN>ON
NSW,117,Eden-Monaro,5,41921,Richard Graham,ON,ON,,11157,False,True,41454,Jo Van Der Plaat,LNP,LIB,,7520,0.6740163126288429,False,ALP>LNP>GRN
NSW,117,Eden-Monaro,5,41921,Richard Graham,ON,ON,,11157,False,True,41557,Emma Goward,GRN,GRN,,1777,0.15927220579008694,False,ALP>LNP>GRN
NSW,117,Eden-Monaro,5,41921,Richard Graham,ON,ON,,11157,False,True,41737,Kristy Mcbain,ALP,ALP,,1860,0.1667114815810702,False,ALP>LNP>GRN
NSW,117,Eden-Monaro,6,41557,Emma Goward,GRN,GRN,,13808,False,True,41454,Jo Van Der Plaat,LNP,LIB,,2020,0.1462920046349942,False,ALP>LNP
NSW,117,Eden-Monaro,6,41557,Emma Goward,GRN,GRN,,13808,False,True,41737,Kristy Mcbain,ALP,ALP,,11788,0.8537079953650057,False,ALP>LNP
NSW,118,Farrer,1,42016,David O'Reilly,OTH,OTH_GRPF,RIGHT,2078,True,False,40627,Michelle Milthorpe,IND,IND_PROMINENT,CENTRE,115,0.05534167468719923,False,ALP>LNP>GRN>ON>IND>OTH
NSW,118,Farrer,1,42016,David O'Reilly,OTH,OTH_GRPF,RIGHT,2078,True,False,41352,Glen Hyde,ALP,ALP,,53,0.02550529355149182,False,ALP>LNP>GRN>ON>IND>OTH
NSW,118,Farrer,1,42016,David O'Reilly,OTH,OTH_GRPF,RIGHT,2078,True,False,41463,Sussan Ley,LNP,LIB,,117,0.0563041385948027,False,ALP>LNP>GRN>ON>IND>OTH
NSW,118,Farrer,1,42016,David O'Reilly,OTH,OTH_GRPF,RIGHT,2078,True,False,41559,Richard August Hendrie,GRN,GRN,,43,0.020692974013474495,False,ALP>LNP>GRN>ON>IND>OTH
NSW,118,Farrer,1,42016,David O'Reilly,OTH,OTH_GRPF,RIGHT,2078,True,False,41644,Peter Sinclair,OTH,OTH_ASP,CENTRE_RIGHT,118,0.05678537054860443,True,ALP>LNP>GRN>ON>IND>OTH
NSW,118,Farrer,1,42016,David O'Reilly,OTH,OTH_GRPF,RIGHT,2078,True,False,41707,Tanya Hargraves,OTH,OTH_CYA,RIGHT,190,0.09143407122232916,True,ALP>LNP>GRN>ON>IND>OTH
NSW,118,Farrer,1,42016,David O'Reilly,OTH,OTH_GRPF,RIGHT,2078,True,False,41793,Rebecca Scriven,OTH,OTH_FFPA,RIGHT,896,0.43118383060635224,True,ALP>LNP>GRN>ON>IND>OTH
NSW,118,Farrer,1,42016,David O'Reilly,OTH,OTH_GRPF,RIGHT,2078,True,False,41959,Emma Hicks,ON,ON,,546,0.2627526467757459,False,ALP>LNP>GRN>ON>IND>OTH
NSW,118,Farrer,2,41707,Tanya Hargraves,OTH,OTH_CYA,RIGHT,2631,True,False,40627,Michelle Milthorpe,IND,IND_PROMINENT,CENTRE,263,0.0999619916381604,False,ALP>LNP>GRN>ON>IND>OTH
NSW,118,Farrer,2,41707,Tanya Hargraves,OTH,OTH_CYA,RIGHT,2631,True,False,41352,Glen Hyde,ALP,ALP,,133,0.05055112124667427,False,ALP>LNP>GRN>ON>IND>OTH
NSW,118,Farrer,2,41707,Tanya Hargraves,OTH,OTH_CYA,RIGHT,2631,True,False,41463,Sussan Ley,LNP,LIB,,400,0.15203344735841884,False,ALP>LNP>GRN>ON>IND>OTH
NSW,118,Farrer,2,41707,Tanya Hargraves,OTH,OTH_CYA,RIGHT,2631,True,False,41559,Richard August Hendrie,GRN,GRN,,71,0.026985936906119345,False,ALP>LNP>GRN>ON>IND>OTH
NSW,118,Farrer,2,41707,Tanya Hargraves,OTH,OTH_CYA,RIGHT,2631,True,False,41644,Peter Sinclair,OTH,OTH_ASP,CENTRE_RIGHT,369,0.1402508551881414,True,ALP>LNP>GRN>ON>IND>OTH
NSW,118,Farrer,2,41707,Tanya Hargraves,OTH,OTH_CYA,RIGHT,2631,True,False,41793,Rebecca Scriven,OTH,OTH_FFPA,RIGHT,605,0.2299505891296085,True,ALP>LNP>GRN>ON>IND>OTH
NSW,118,Farrer,2,41707,Tanya Hargraves,OTH,OTH_CYA,RIGHT,2631,True,False,41959,Emma Hicks,ON,ON,,790,0.30026605853287724,False,ALP>LNP>GRN>ON>IND>OTH
NSW,118,Farrer,3,41793,Rebecca Scriven,OTH,OTH_FFPA,RIGHT,3719,True,False,40627,Michelle Milthorpe,IND,IND_PROMINENT,CENTRE,367,0.0986824415165367,False,ALP>LNP>GRN>ON>IND>OTH
NSW,118,Farrer,3,41793,Rebecca Scriven,OTH,OTH_FFPA,RIGHT,3719,True,False,41352,Glen Hyde,ALP,ALP,,172,0.04624899166442592,False,ALP>LNP>GRN>ON>IND>OTH
NSW,118,Farrer,3,41793,Rebecca Scriven,OTH,OTH_FFPA,RIGHT,3719,True,False,41463,Sussan Ley,LNP,LIB,,409,0.1099757999462221,False,ALP>LNP>GRN>ON>IND>OTH
NSW,118,Farrer,3,41793,Rebecca Scriven,OTH,OTH_FFPA,RIGHT,3719,True,False,41559,Richard August Hendrie,GRN,GRN,,173,0.046517881150847,False,ALP>LNP>GRN>ON>IND>OTH
NSW,118,Farrer,3,41793,Rebecca Scriven,OTH,OTH_FFPA,RIGHT,3719,True,False,41644,Peter Sinclair,OTH,OTH_ASP,CENTRE_RIGHT,913,0.2454961011024469,True,ALP>LNP>GRN>ON>IND>OTH
NSW,118,Farrer,3,41793,Rebecca Scriven,OTH,OTH_FFPA,RIGHT,3719,True,False,41959,Emma Hicks,ON,ON,,1685,0.4530787846195214,False,ALP>LNP>GRN>ON>IND>OTH
NSW,118,Farrer,4,41644,Peter Sinclair,OTH,OTH_ASP,CENTRE_RIGHT,4977,False,True,40627,Michelle Milthorpe,IND,IND_PROMINENT,CENTRE,1029,0.20675105485232068,False,ALP>LNP>GRN>ON>IND
NSW,118,Farrer,4,41644,Peter Sinclair,OTH,OTH_ASP,CENTRE_RIGHT,4977,False,True,41352,Glen Hyde,ALP,ALP,,434,0.08720112517580872,False,ALP>LNP>GRN>ON>IND
NSW,118,Farrer,4,41644,Peter Sinclair,OTH,OTH_ASP,CENTRE_RIGHT,4977,False,True,41463,Sussan Ley,LNP,LIB,,950,0.1908780389793048,False,ALP>LNP>GRN>ON>IND
NSW,118,Farrer,4,41644,Peter Sinclair,OTH,OTH_ASP,CENTRE_RIGHT,4977,False,True,41559,Richard August Hendrie,GRN,GRN,,376,0.07554751858549327,False,ALP>LNP>GRN>ON>IND
NSW,118,Farrer,4,41644,Peter Sinclair,OTH,OTH_ASP,CENTRE_RIGHT,4977,False,True,41959,Emma Hicks,ON,ON,,2188,0.43962226240707253,False,ALP>LNP>GRN>ON>IND
NSW,118,Farrer,5,41559,Richard August Hendrie,GRN,GRN,,5748,False,True,40627,Michelle Milthorpe,IND,IND_PROMINENT,CENTRE,2441,0.42466945024356295,False,ALP>LNP>ON>IND
NSW,118,Farrer,5,41559,Richard August Hendrie,GRN,GRN,,5748,False,True,41352,Glen Hyde,ALP,ALP,,2301,0.4003131524008351,False,ALP>LNP>ON>IND
NSW,118,Farrer,5,41559,Richard August Hendrie,GRN,GRN,,5748,False,True,41463,Sussan Ley,LNP,LIB,,524,0.09116214335421016,False,ALP>LNP>ON>IND
NSW,118,Farrer,5,41559,Richard August Hendrie,GRN,GRN,,5748,False,True,41959,Emma Hicks,ON,ON,,482,0.0838552540013918,False,ALP>LNP>ON>IND
NSW,118,Farrer,6,41959,Emma Hicks,ON,ON,,12494,False,True,40627,Michelle Milthorpe,IND,IND_PROMINENT,CENTRE,5852,0.4683848247158636,False,ALP>LNP>IND
NSW,118,Farrer,6,41959,Emma Hicks,ON,ON,,12494,False,True,41352,Glen Hyde,ALP,ALP,,1006,0.08051864895149671,False,ALP>LNP>IND
NSW,118,Farrer,6,41959,Emma Hicks,ON,ON,,12494,False,True,41463,Sussan Ley,LNP,LIB,,5636,0.4510965263326397,False,ALP>LNP>IND
NSW,118,Farrer,7,41352,Glen Hyde,ALP,ALP,,19650,False,True,40627,Michelle Milthorpe,IND,IND_PROMINENT,CENTRE,14513,0.7385750636132316,False,LNP>IND
NSW,118,Farrer,7,41352,Glen Hyde,ALP,ALP,,19650,False,True,41463,Sussan Ley,LNP,LIB,,5137,0.26142493638676845,False,LNP>IND
NSW,119,Fowler,1,41641,Victor Tey,OTH,OTH_LTP,RIGHT,1796,True,False,36240,Dai Le,IND,IND_PROMINENT,CENTRE,511,0.28452115812917594,False,ALP>LNP>GRN>ON>IND>OTH
NSW,119,Fowler,1,41641,Victor Tey,OTH,OTH_LTP,RIGHT,1796,True,False,41357,Tu Le,ALP,ALP,,117,0.06514476614699331,False,ALP>LNP>GRN>ON>IND>OTH
NSW,119,Fowler,1,41641,Victor Tey,OTH,OTH_LTP,RIGHT,1796,True,False,41460,Vivek Singha,LNP,LIB,,183,0.10189309576837416,False,ALP>LNP>GRN>ON>IND>OTH
NSW,119,Fowler,1,41641,Victor Tey,OTH,OTH_LTP,RIGHT,1796,True,False,41556,Avery Jacob Howard,GRN,GRN,,130,0.07238307349665925,False,ALP>LNP>GRN>ON>IND>OTH
NSW,119,Fowler,1,41641,Victor Tey,OTH,OTH_LTP,RIGHT,1796,True,False,41806,Jared Athavle,OTH,OTH_FFPA,RIGHT,666,0.37082405345211583,True,ALP>LNP>GRN>ON>IND>OTH
NSW,119,Fowler,1,41641,Victor Tey,OTH,OTH_LTP,RIGHT,1796,True,False,41956,Tony Margos,ON,ON,,189,0.10523385300668152,False,ALP>LNP>GRN>ON>IND>OTH
NSW,119,Fowler,2,41956,Tony Margos,ON,ON,,4024,False,True,36240,Dai Le,IND,IND_PROMINENT,CENTRE,1165,0.28951292246520877,False,ALP>LNP>GRN>IND>OTH
NSW,119,Fowler,2,41956,Tony Margos,ON,ON,,4024,False,True,41357,Tu Le,ALP,ALP,,489,0.12152087475149105,False,ALP>LNP>GRN>IND>OTH
NSW,119,Fowler,2,41956,Tony Margos,ON,ON,,4024,False,True,41460,Vivek Singha,LNP,LIB,,895,0.2224155069582505,False,ALP>LNP>GRN>IND>OTH
NSW,119,Fowler,2,41956,Tony Margos,ON,ON,,4024,False,True,41556,Avery Jacob Howard,GRN,GRN,,405,0.10064612326043737,False,ALP>LNP>GRN>IND>OTH
NSW,119,Fowler,2,41956,Tony Margos,ON,ON,,4024,False,True,41806,Jared Athavle,OTH,OTH_FFPA,RIGHT,1070,0.2659045725646123,False,ALP>LNP>GRN>IND>OTH
NSW,119,Fowler,3,41806,Jared Athavle,OTH,OTH_FFPA,RIGHT,5334,False,True,36240,Dai Le,IND,IND_PROMINENT,CENTRE,3532,0.6621672290963629,False,ALP>LNP>GRN>IND
NSW,119,Fowler,3,41806,Jared Athavle,OTH,OTH_FFPA,RIGHT,5334,False,True,41357,Tu Le,ALP,ALP,,524,0.09823772028496439,False,ALP>LNP>GRN>IND
NSW,119,Fowler,3,41806,Jared Athavle,OTH,OTH_FFPA,RIGHT,5334,False,True,41460,Vivek Singha,LNP,LIB,,604,0.11323584551931008,False,ALP>LNP>GRN>IND
NSW,119,Fowler,3,41806,Jared Athavle,OTH,OTH_FFPA,RIGHT,5334,False,True,41556,Avery Jacob Howard,GRN,GRN,,674,0.12635920509936258,False,ALP>LNP>GRN>IND
NSW,119,Fowler,4,41556,Avery Jacob Howard,GRN,GRN,,7497,False,True,36240,Dai Le,IND,IND_PROMINENT,CENTRE,3095,0.4128317993864212,False,ALP>LNP>IND
NSW,119,Fowler,4,41556,Avery Jacob Howard,GRN,GRN,,7497,False,True,41357,Tu Le,ALP,ALP,,3760,0.5015339469120982,False,ALP>LNP>IND
NSW,119,Fowler,4,41556,Avery Jacob Howard,GRN,GRN,,7497,False,True,41460,Vivek Singha,LNP,LIB,,642,0.08563425370148059,False,ALP>LNP>IND
NSW,119,Fowler,5,41460,Vivek Singha,LNP,LIB,,13728,False,True,36240,Dai Le,IND,IND_PROMINENT,CENTRE,9545,0.695294289044289,False,ALP>IND
NSW,119,Fowler,5,41460,Vivek Singha,LNP,LIB,,13728,False,True,41357,Tu Le,ALP,ALP,,4183,0.304705710955711,False,ALP>IND
NSW,120,Gilmore,1,41799,Graham Brown,OTH,OTH_FFPA,RIGHT,2004,True,False,41365,Fiona Phillips,ALP,ALP,,155,0.07734530938123753,False,ALP>LNP>GRN>ON>IND>OTH
NSW,120,Gilmore,1,41799,Graham Brown,OTH,OTH_FFPA,RIGHT,2004,True,False,41616,Debbie Killian,GRN,GRN,,100,0.0499001996007984,False,ALP>LNP>GRN>ON>IND>OTH
NSW,120,Gilmore,1,41799,Graham Brown,OTH,OTH_FFPA,RIGHT,2004,True,False,41710,Melissa Wise,OTH,OTH_CYA,RIGHT,208,0.10379241516966067,True,ALP>LNP>GRN>ON>IND>OTH
NSW,120,Gilmore,1,41799,Graham Brown,OTH,OTH_FFPA,RIGHT,2004,True,False,41739,Andrew Constance,LNP,LIB,,309,0.15419161676646706,False,ALP>LNP>GRN>ON>IND>OTH
NSW,120,Gilmore,1,41799,Graham Brown,OTH,OTH_FFPA,RIGHT,2004,True,False,41939,Adrian Richard Carle,OTH,OTH_HMP,CENTRE_LEFT,131,0.06536926147704591,True,ALP>LNP>GRN>ON>IND>OTH
NSW,120,Gilmore,1,41799,Graham Brown,OTH,OTH_FFPA,RIGHT,2004,True,False,41969,John Hawke,ON,ON,,934,0.4660678642714571,False,ALP>LNP>GRN>ON>IND>OTH
NSW,120,Gilmore,1,41799,Graham Brown,OTH,OTH_FFPA,RIGHT,2004,True,False,42070,Kate Dezarnaulds,IND,IND_PROMINENT,LEFT,167,0.08333333333333333,False,ALP>LNP>GRN>ON>IND>OTH
NSW,120,Gilmore,2,41710,Melissa Wise,OTH,OTH_CYA,RIGHT,2684,True,False,41365,Fiona Phillips,ALP,ALP,,237,0.088301043219076,False,ALP>LNP>GRN>ON>IND>OTH
NSW,120,Gilmore,2,41710,Melissa Wise,OTH,OTH_CYA,RIGHT,2684,True,False,41616,Debbie Killian,GRN,GRN,,124,0.046199701937406856,False,ALP>LNP>GRN>ON>IND>OTH
NSW,120,Gilmore,2,41710,Melissa Wise,OTH,OTH_CYA,RIGHT,2684,True,False,41739,Andrew Constance,LNP,LIB,,420,0.15648286140089418,False,ALP>LNP>GRN>ON>IND>OTH
NSW,120,Gilmore,2,41710,Melissa Wise,OTH,OTH_CYA,RIGHT,2684,True,False,41939,Adrian Richard Carle,OTH,OTH_HMP,CENTRE_LEFT,272,0.10134128166915052,True,ALP>LNP>GRN>ON>IND>OTH
NSW,120,Gilmore,2,41710,Melissa Wise,OTH,OTH_CYA,RIGHT,2684,True,False,41969,John Hawke,ON,ON,,1187,0.44225037257824146,False,ALP>LNP>GRN>ON>IND>OTH
NSW,120,Gilmore,2,41710,Melissa Wise,OTH,OTH_CYA,RIGHT,2684,True,False,42070,Kate Dezarnaulds,IND,IND_PROMINENT,LEFT,444,0.16542473919523099,False,ALP>LNP>GRN>ON>IND>OTH
NSW,120,Gilmore,3,41939,Adrian Richard Carle,OTH,OTH_HMP,CENTRE_LEFT,4527,False,True,41365,Fiona Phillips,ALP,ALP,,992,0.21912966644576984,False,ALP>LNP>GRN>ON>IND
NSW,120,Gilmore,3,41939,Adrian Richard Carle,OTH,OTH_HMP,CENTRE_LEFT,4527,False,True,41616,Debbie Killian,GRN,GRN,,941,0.2078639275458361,False,ALP>LNP>GRN>ON>IND
NSW,120,Gilmore,3,41939,Adrian Richard Carle,OTH,OTH_HMP,CENTRE_LEFT,4527,False,True,41739,Andrew Constance,LNP,LIB,,573,0.1265738899933731,False,ALP>LNP>GRN>ON>IND
NSW,120,Gilmore,3,41939,Adrian Richard Carle,OTH,OTH_HMP,CENTRE_LEFT,4527,False,True,41969,John Hawke,ON,ON,,1241,0.2741329798983875,False,ALP>LNP>GRN>ON>IND
NSW,120,Gilmore,3,41939,Adrian Richard Carle,OTH,OTH_HMP,CENTRE_LEFT,4527,False,True,42070,Kate Dezarnaulds,IND,IND_PROMINENT,LEFT,780,0.17229953611663354,False,ALP>LNP>GRN>ON>IND
NSW,120,Gilmore,4,41969,John Hawke,ON,ON,,8919,False,True,41365,Fiona Phillips,ALP,ALP,,947,0.10617782262585491,False,ALP>LNP>GRN>IND
NSW,120,Gilmore,4,41969,John Hawke,ON,ON,,8919,False,True,41616,Debbie Killian,GRN,GRN,,592,0.06637515416526517,False,ALP>LNP>GRN>IND
NSW,120,Gilmore,4,41969,John Hawke,ON,ON,,8919,False,True,41739,Andrew Constance,LNP,LIB,,4526,0.5074559928243076,False,ALP>LNP>GRN>IND
NSW,120,Gilmore,4,41969,John Hawke,ON,ON,,8919,False,True,42070,Kate Dezarnaulds,IND,IND_PROMINENT,LEFT,2854,0.3199910303845723,False,ALP>LNP>GRN>IND
NSW,120,Gilmore,5,41616,Debbie Killian,GRN,GRN,,9689,False,True,41365,Fiona Phillips,ALP,ALP,,4688,0.48384766229745074,False,ALP>LNP>IND
NSW,120,Gilmore,5,41616,Debbie Killian,GRN,GRN,,9689,False,True,41739,Andrew Constance,LNP,LIB,,649,0.06698317679843122,False,ALP>LNP>IND
NSW,120,Gilmore,5,41616,Debbie Killian,GRN,GRN,,9689,False,True,42070,Kate Dezarnaulds,IND,IND_PROMINENT,LEFT,4352,0.44916916090411807,False,ALP>LNP>IND
NSW,120,Gilmore,6,42070,Kate Dezarnaulds,IND,IND_PROMINENT,LEFT,16968,False,True,41365,Fiona Phillips,ALP,ALP,,11862,0.6990806223479491,False,ALP>LNP
NSW,120,Gilmore,6,42070,Kate Dezarnaulds,IND,IND_PROMINENT,LEFT,16968,False,True,41739,Andrew Constance,LNP,LIB,,5106,0.3009193776520509,False,ALP>LNP
NSW,121,Grayndler,1,41714,Cheri Rae Burrell,OTH,OTH_CYA,RIGHT,1729,True,False,40978,David Bradbury,OTH,IND_MINOR,CENTRE_LEFT,240,0.13880855986119145,True,ALP>LNP>GRN>ON>OTH
NSW,121,Grayndler,1,41714,Cheri Rae Burrell,OTH,OTH_CYA,RIGHT,1729,True,False,41373,Anthony Albanese,ALP,ALP,,166,0.09600925390399075,False,ALP>LNP>GRN>ON>OTH
NSW,121,Grayndler,1,41714,Cheri Rae Burrell,OTH,OTH_CYA,RIGHT,1729,True,False,41472,David Smallbone,LNP,LIB,,385,0.22267206477732793,False,ALP>LNP>GRN>ON>OTH
NSW,121,Grayndler,1,41714,Cheri Rae Burrell,OTH,OTH_CYA,RIGHT,1729,True,False,41565,Hannah Thomas,GRN,GRN,,141,0.08155002891844997,False,ALP>LNP>GRN>ON>OTH
NSW,121,Grayndler,1,41714,Cheri Rae Burrell,OTH,OTH_CYA,RIGHT,1729,True,False,41960,Rodney Smith,ON,ON,,797,0.4609600925390399,False,ALP>LNP>GRN>ON>OTH
NSW,121,Grayndler,2,40978,David Bradbury,OTH,IND_MINOR,CENTRE_LEFT,2806,False,True,41373,Anthony Albanese,ALP,ALP,,829,0.2954383464005702,False,ALP>LNP>GRN>ON
NSW,121,Grayndler,2,40978,David Bradbury,OTH,IND_MINOR,CENTRE_LEFT,2806,False,True,41472,David Smallbone,LNP,LIB,,430,0.15324305060584462,False,ALP>LNP>GRN>ON
NSW,121,Grayndler,2,40978,David Bradbury,OTH,IND_MINOR,CENTRE_LEFT,2806,False,True,41565,Hannah Thomas,GRN,GRN,,1061,0.3781183178902352,False,ALP>LNP>GRN>ON
NSW,121,Grayndler,2,40978,David Bradbury,OTH,IND_MINOR,CENTRE_LEFT,2806,False,True,41960,Rodney Smith,ON,ON,,486,0.17320028510334998,False,ALP>LNP>GRN>ON
NSW,121,Grayndler,3,41960,Rodney Smith,ON,ON,,4788,False,True,41373,Anthony Albanese,ALP,ALP,,603,0.12593984962406016,False,ALP>LNP>GRN
NSW,121,Grayndler,3,41960,Rodney Smith,ON,ON,,4788,False,True,41472,David Smallbone,LNP,LIB,,3531,0.7374686716791979,False,ALP>LNP>GRN
NSW,121,Grayndler,3,41960,Rodney Smith,ON,ON,,4788,False,True,41565,Hannah Thomas,GRN,GRN,,654,0.13659147869674185,False,ALP>LNP>GRN
NSW,121,Grayndler,4,41472,David Smallbone,LNP,LIB,,20213,False,True,41373,Anthony Albanese,ALP,ALP,,13176,0.6518577153317172,False,ALP>GRN
NSW,121,Grayndler,4,41472,David Smallbone,LNP,LIB,,20213,False,True,41565,Hannah Thomas,GRN,GRN,,7037,0.3481422846682828,False,ALP>GRN
NSW,122,Greenway,1,41857,Mark Rex,OTH,OTH_LTP,RIGHT,1631,True,False,41399,Michelle Rowland,ALP,ALP,,136,0.08338442673206621,False,ALP>LNP>GRN>ON>OTH
NSW,122,Greenway,1,41857,Mark Rex,OTH,OTH_LTP,RIGHT,1631,True,False,41474,Rattan Virk,LNP,LIB,,268,0.16431637032495403,False,ALP>LNP>GRN>ON>OTH
NSW,122,Greenway,1,41857,Mark Rex,OTH,OTH_LTP,RIGHT,1631,True,False,41572,Palaniappan Subramanian,GRN,GRN,,115,0.07050889025137952,False,ALP>LNP>GRN>ON>OTH
NSW,122,Greenway,1,41857,Mark Rex,OTH,OTH_LTP,RIGHT,1631,True,False,41705,Justin Mulligan,OTH,OTH_CYA,RIGHT,195,0.11955855303494789,True,ALP>LNP>GRN>ON>OTH
NSW,122,Greenway,1,41857,Mark Rex,OTH,OTH_LTP,RIGHT,1631,True,False,41729,Robert Stuckey,OTH,IND_MINOR,CENTRE,343,0.21030042918454936,True,ALP>LNP>GRN>ON>OTH
NSW,122,Greenway,1,41857,Mark Rex,OTH,OTH_LTP,RIGHT,1631,True,False,41934,Edwin Swann,ON,ON,,574,0.351931330472103,False,ALP>LNP>GRN>ON>OTH
NSW,122,Greenway,2,41705,Justin Mulligan,OTH,OTH_CYA,RIGHT,2858,True,False,41399,Michelle Rowland,ALP,ALP,,391,0.13680895731280615,False,ALP>LNP>GRN>ON>OTH
NSW,122,Greenway,2,41705,Justin Mulligan,OTH,OTH_CYA,RIGHT,2858,True,False,41474,Rattan Virk,LNP,LIB,,467,0.16340097970608816,False,ALP>LNP>GRN>ON>OTH
NSW,122,Greenway,2,41705,Justin Mulligan,OTH,OTH_CYA,RIGHT,2858,True,False,41572,Palaniappan Subramanian,GRN,GRN,,161,0.056333100069979006,False,ALP>LNP>GRN>ON>OTH
NSW,122,Greenway,2,41705,Justin Mulligan,OTH,OTH_CYA,RIGHT,2858,True,False,41729,Robert Stuckey,OTH,IND_MINOR,CENTRE,417,0.14590622813156054,True,ALP>LNP>GRN>ON>OTH
NSW,122,Greenway,2,41705,Justin Mulligan,OTH,OTH_CYA,RIGHT,2858,True,False,41934,Edwin Swann,ON,ON,,1422,0.49755073477956613,False,ALP>LNP>GRN>ON>OTH
NSW,122,Greenway,3,41729,Robert Stuckey,OTH,IND_MINOR,CENTRE,3471,False,True,41399,Michelle Rowland,ALP,ALP,,696,0.20051858254105445,False,ALP>LNP>GRN>ON
NSW,122,Greenway,3,41729,Robert Stuckey,OTH,IND_MINOR,CENTRE,3471,False,True,41474,Rattan Virk,LNP,LIB,,586,0.16882742725439354,False,ALP>LNP>GRN>ON
NSW,122,Greenway,3,41729,Robert Stuckey,OTH,IND_MINOR,CENTRE,3471,False,True,41572,Palaniappan Subramanian,GRN,GRN,,1280,0.36876980697205414,False,ALP>LNP>GRN>ON
NSW,122,Greenway,3,41729,Robert Stuckey,OTH,IND_MINOR,CENTRE,3471,False,True,41934,Edwin Swann,ON,ON,,909,0.26188418323249785,False,ALP>LNP>GRN>ON
NSW,122,Greenway,4,41934,Edwin Swann,ON,ON,,7605,False,True,41399,Michelle Rowland,ALP,ALP,,1884,0.24773175542406312,False,ALP>LNP>GRN
NSW,122,Greenway,4,41934,Edwin Swann,ON,ON,,7605,False,True,41474,Rattan Virk,LNP,LIB,,4294,0.5646285338593031,False,ALP>LNP>GRN
NSW,122,Greenway,4,41934,Edwin Swann,ON,ON,,7605,False,True,41572,Palaniappan Subramanian,GRN,GRN,,1427,0.1876397107166338,False,ALP>LNP>GRN
NSW,122,Greenway,5,41572,Palaniappan Subramanian,GRN,GRN,,14001,False,True,41399,Michelle Rowland,ALP,ALP,,10609,0.7577315906006714,False,ALP>LNP
NSW,122,Greenway,5,41572,Palaniappan Subramanian,GRN,GRN,,14001,False,True,41474,Rattan Virk,LNP,LIB,,3392,0.24226840939932862,False,ALP>LNP
NSW,124,Hughes,1,40871,David A W Miller,OTH,OTH_CEC,CENTRE,586,True,False,41400,David Moncrieff,ALP,ALP,,78,0.13310580204778158,False,ALP>LNP>GRN>ON>OTH
NSW,124,Hughes,1,40871,David A W Miller,OTH,OTH_CEC,CENTRE,586,True,False,41467,Jenny Ware,LNP,LIB,,73,0.12457337883959044,False,ALP>LNP>GRN>ON>OTH
NSW,124,Hughes,1,40871,David A W Miller,OTH,OTH_CEC,CENTRE,586,True,False,41579,Catherine Elizabeth Dyson,GRN,GRN,,84,0.14334470989761092,False,ALP>LNP>GRN>ON>OTH
NSW,124,Hughes,1,40871,David A W Miller,OTH,OTH_CEC,CENTRE,586,True,False,41703,Alex Scarfone,OTH,OTH_CYA,RIGHT,41,0.06996587030716724,True,ALP>LNP>GRN>ON>OTH
NSW,124,Hughes,1,40871,David A W Miller,OTH,OTH_CEC,CENTRE,586,True,False,41826,Nathaniel David Marsh,OTH,OTH_FFPA,RIGHT,126,0.2150170648464164,True,ALP>LNP>GRN>ON>OTH
NSW,124,Hughes,1,40871,David A W Miller,OTH,OTH_CEC,CENTRE,586,True,False,41866,Elvis Sinosic,OTH,OTH_LTP,RIGHT,83,0.1416382252559727,True,ALP>LNP>GRN>ON>OTH
NSW,124,Hughes,1,40871,David A W Miller,OTH,OTH_CEC,CENTRE,586,True,False,41962,Deborah Swinbourn,ON,ON,,101,0.17235494880546076,False,ALP>LNP>GRN>ON>OTH
NSW,124,Hughes,2,41866,Elvis Sinosic,OTH,OTH_LTP,RIGHT,2000,True,False,41400,David Moncrieff,ALP,ALP,,198,0.099,False,ALP>LNP>GRN>ON>OTH
NSW,124,Hughes,2,41866,Elvis Sinosic,OTH,OTH_LTP,RIGHT,2000,True,False,41467,Jenny Ware,LNP,LIB,,246,0.123,False,ALP>LNP>GRN>ON>OTH
NSW,124,Hughes,2,41866,Elvis Sinosic,OTH,OTH_LTP,RIGHT,2000,True,False,41579,Catherine Elizabeth Dyson,GRN,GRN,,153,0.0765,False,ALP>LNP>GRN>ON>OTH
NSW,124,Hughes,2,41866,Elvis Sinosic,OTH,OTH_LTP,RIGHT,2000,True,False,41703,Alex Scarfone,OTH,OTH_CYA,RIGHT,275,0.1375,True,ALP>LNP>GRN>ON>OTH
NSW,124,Hughes,2,41866,Elvis Sinosic,OTH,OTH_LTP,RIGHT,2000,True,False,41826,Nathaniel David Marsh,OTH,OTH_FFPA,RIGHT,800,0.4,True,ALP>LNP>GRN>ON>OTH
NSW,124,Hughes,2,41866,Elvis Sinosic,OTH,OTH_LTP,RIGHT,2000,True,False,41962,Deborah Swinbourn,ON,ON,,328,0.164,False,ALP>LNP>GRN>ON>OTH
NSW,124,Hughes,3,41703,Alex Scarfone,OTH,OTH_CYA,RIGHT,3093,True,False,41400,David Moncrieff,ALP,ALP,,372,0.12027158098933075,False,ALP>LNP>GRN>ON>OTH
NSW,124,Hughes,3,41703,Alex Scarfone,OTH,OTH_CYA,RIGHT,3093,True,False,41467,Jenny Ware,LNP,LIB,,612,0.19786614936954414,False,ALP>LNP>GRN>ON>OTH
NSW,124,Hughes,3,41703,Alex Scarfone,OTH,OTH_CYA,RIGHT,3093,True,False,41579,Catherine Elizabeth Dyson,GRN,GRN,,249,0.08050436469447139,False,ALP>LNP>GRN>ON>OTH
NSW,124,Hughes,3,41703,Alex Scarfone,OTH,OTH_CYA,RIGHT,3093,True,False,41826,Nathaniel David Marsh,OTH,OTH_FFPA,RIGHT,671,0.21694148076301326,True,ALP>LNP>GRN>ON>OTH
NSW,124,Hughes,3,41703,Alex Scarfone,OTH,OTH_CYA,RIGHT,3093,True,False,41962,Deborah Swinbourn,ON,ON,,1189,0.38441642418364047,False,ALP>LNP>GRN>ON>OTH
NSW,124,Hughes,4,41826,Nathaniel David Marsh,OTH,OTH_FFPA,RIGHT,3976,False,True,41400,David Moncrieff,ALP,ALP,,487,0.12248490945674044,False,ALP>LNP>GRN>ON
NSW,124,Hughes,4,41826,Nathaniel David Marsh,OTH,OTH_FFPA,RIGHT,3976,False,True,41467,Jenny Ware,LNP,LIB,,927,0.23314889336016095,False,ALP>LNP>GRN>ON
NSW,124,Hughes,4,41826,Nathaniel David Marsh,OTH,OTH_FFPA,RIGHT,3976,False,True,41579,Catherine Elizabeth Dyson,GRN,GRN,,581,0.14612676056338028,False,ALP>LNP>GRN>ON
NSW,124,Hughes,4,41826,Nathaniel David Marsh,OTH,OTH_FFPA,RIGHT,3976,False,True,41962,Deborah Swinbourn,ON,ON,,1981,0.4982394366197183,False,ALP>LNP>GRN>ON
NSW,124,Hughes,5,41962,Deborah Swinbourn,ON,ON,,8852,False,True,41400,David Moncrieff,ALP,ALP,,1325,0.14968368730230455,False,ALP>LNP>GRN
NSW,124,Hughes,5,41962,Deborah Swinbourn,ON,ON,,8852,False,True,41467,Jenny Ware,LNP,LIB,,6047,0.6831224582015364,False,ALP>LNP>GRN
NSW,124,Hughes,5,41962,Deborah Swinbourn,ON,ON,,8852,False,True,41579,Catherine Elizabeth Dyson,GRN,GRN,,1480,0.16719385449615906,False,ALP>LNP>GRN
NSW,124,Hughes,6,41579,Catherine Elizabeth Dyson,GRN,GRN,,13768,False,True,41400,David Moncrieff,ALP,ALP,,11361,0.8251743172574085,False,ALP>LNP
NSW,124,Hughes,6,41579,Catherine Elizabeth Dyson,GRN,GRN,,13768,False,True,41467,Jenny Ware,LNP,LIB,,2407,0.17482568274259153,False,ALP>LNP
NSW,125,Hume,1,41868,Adrian Rees,OTH,OTH_LTP,RIGHT,1729,True,False,41183,Peter Mclean,OTH,IND_MINOR,CENTRE_LEFT,115,0.06651243493348756,True,ALP>LNP>GRN>ON>OTH
NSW,125,Hume,1,41868,Adrian Rees,OTH,OTH_LTP,RIGHT,1729,True,False,41405,Thomas Huang,ALP,ALP,,57,0.03296703296703297,False,ALP>LNP>GRN>ON>OTH
NSW,125,Hume,1,41868,Adrian Rees,OTH,OTH_LTP,RIGHT,1729,True,False,41471,Angus Taylor,LNP,LIB,,214,0.12377096587622903,False,ALP>LNP>GRN>ON>OTH
NSW,125,Hume,1,41868,Adrian Rees,OTH,OTH_LTP,RIGHT,1729,True,False,41584,Steve Bruce,GRN,GRN,,72,0.04164256795835743,False,ALP>LNP>GRN>ON>OTH
NSW,125,Hume,1,41868,Adrian Rees,OTH,OTH_LTP,RIGHT,1729,True,False,41670,Troy Wozniak,OTH,OTH_CYA,RIGHT,149,0.08617698091382302,True,ALP>LNP>GRN>ON>OTH
NSW,125,Hume,1,41868,Adrian Rees,OTH,OTH_LTP,RIGHT,1729,True,False,41955,Bryan Seidel,OTH,OTH_FFPA,RIGHT,737,0.42625795257374205,True,ALP>LNP>GRN>ON>OTH
NSW,125,Hume,1,41868,Adrian Rees,OTH,OTH_LTP,RIGHT,1729,True,False,41966,Helen Ducker,ON,ON,,385,0.22267206477732793,False,ALP>LNP>GRN>ON>OTH
NSW,125,Hume,2,41955,Bryan Seidel,OTH,OTH_FFPA,RIGHT,3458,True,False,41183,Peter Mclean,OTH,IND_MINOR,CENTRE_LEFT,380,0.10989010989010989,True,ALP>LNP>GRN>ON>OTH
NSW,125,Hume,2,41955,Bryan Seidel,OTH,OTH_FFPA,RIGHT,3458,True,False,41405,Thomas Huang,ALP,ALP,,260,0.07518796992481203,False,ALP>LNP>GRN>ON>OTH
NSW,125,Hume,2,41955,Bryan Seidel,OTH,OTH_FFPA,RIGHT,3458,True,False,41471,Angus Taylor,LNP,LIB,,744,0.21515326778484672,False,ALP>LNP>GRN>ON>OTH
NSW,125,Hume,2,41955,Bryan Seidel,OTH,OTH_FFPA,RIGHT,3458,True,False,41584,Steve Bruce,GRN,GRN,,431,0.12463851937536148,False,ALP>LNP>GRN>ON>OTH
NSW,125,Hume,2,41955,Bryan Seidel,OTH,OTH_FFPA,RIGHT,3458,True,False,41670,Troy Wozniak,OTH,OTH_CYA,RIGHT,282,0.08155002891844997,True,ALP>LNP>GRN>ON>OTH
NSW,125,Hume,2,41955,Bryan Seidel,OTH,OTH_FFPA,RIGHT,3458,True,False,41966,Helen Ducker,ON,ON,,1361,0.3935801041064199,False,ALP>LNP>GRN>ON>OTH
NSW,125,Hume,3,41670,Troy Wozniak,OTH,OTH_CYA,RIGHT,3903,True,False,41183,Peter Mclean,OTH,IND_MINOR,CENTRE_LEFT,685,0.1755060210094799,True,ALP>LNP>GRN>ON>OTH
NSW,125,Hume,3,41670,Troy Wozniak,OTH,OTH_CYA,RIGHT,3903,True,False,41405,Thomas Huang,ALP,ALP,,435,0.11145272867025365,False,ALP>LNP>GRN>ON>OTH
NSW,125,Hume,3,41670,Troy Wozniak,OTH,OTH_CYA,RIGHT,3903,True,False,41471,Angus Taylor,LNP,LIB,,762,0.19523443504996157,False,ALP>LNP>GRN>ON>OTH
NSW,125,Hume,3,41670,Troy Wozniak,OTH,OTH_CYA,RIGHT,3903,True,False,41584,Steve Bruce,GRN,GRN,,239,0.06123494747630028,False,ALP>LNP>GRN>ON>OTH
NSW,125,Hume,3,41670,Troy Wozniak,OTH,OTH_CYA,RIGHT,3903,True,False,41966,Helen Ducker,ON,ON,,1782,0.4565718677940046,False,ALP>LNP>GRN>ON>OTH
NSW,125,Hume,4,41183,Peter Mclean,OTH,IND_MINOR,CENTRE_LEFT,5615,False,True,41405,Thomas Huang,ALP,ALP,,1885,0.3357079252003562,False,ALP>LNP>GRN>ON
NSW,125,Hume,4,41183,Peter Mclean,OTH,IND_MINOR,CENTRE_LEFT,5615,False,True,41471,Angus Taylor,LNP,LIB,,1065,0.18967052537845058,False,ALP>LNP>GRN>ON
NSW,125,Hume,4,41183,Peter Mclean,OTH,IND_MINOR,CENTRE_LEFT,5615,False,True,41584,Steve Bruce,GRN,GRN,,1222,0.2176313446126447,False,ALP>LNP>GRN>ON
NSW,125,Hume,4,41183,Peter Mclean,OTH,IND_MINOR,CENTRE_LEFT,5615,False,True,41966,Helen Ducker,ON,ON,,1443,0.2569902048085485,False,ALP>LNP>GRN>ON
NSW,125,Hume,5,41584,Steve Bruce,GRN,GRN,,10419,False,True,41405,Thomas Huang,ALP,ALP,,7358,0.7062098090027834,False,ALP>LNP>ON
NSW,125,Hume,5,41584,Steve Bruce,GRN,GRN,,10419,False,True,41471,Angus Taylor,LNP,LIB,,1491,0.14310394471638352,False,ALP>LNP>ON
NSW,125,Hume,5,41584,Steve Bruce,GRN,GRN,,10419,False,True,41966,Helen Ducker,ON,ON,,1570,0.1506862462808331,False,ALP>LNP>ON
NSW,125,Hume,6,41966,Helen Ducker,ON,ON,,14508,False,True,41405,Thomas Huang,ALP,ALP,,4652,0.32065067548938514,False,ALP>LNP
NSW,125,Hume,6,41966,Helen Ducker,ON,ON,,14508,False,True,41471,Angus Taylor,LNP,LIB,,9856,0.6793493245106148,False,ALP>LNP
NSW,126,Hunter,1,40876,Victoria Davies,OTH,OTH_AJP,CENTRE_LEFT,1629,True,False,41407,Dan Repacholi,ALP,ALP,,185,0.11356660527931246,False,ALP>LNP>GRN>ON>OTH
NSW,126,Hunter,1,40876,Victoria Davies,OTH,OTH_AJP,CENTRE_LEFT,1629,True,False,41634,Louise Stokes,GRN,GRN,,349,0.21424186617556784,False,ALP>LNP>GRN>ON>OTH
NSW,126,Hunter,1,40876,Victoria Davies,OTH,OTH_AJP,CENTRE_LEFT,1629,True,False,41646,Kyle Boddan,OTH,OTH_ASP,CENTRE_RIGHT,99,0.06077348066298342,True,ALP>LNP>GRN>ON>OTH
NSW,126,Hunter,1,40876,Victoria Davies,OTH,OTH_AJP,CENTRE_LEFT,1629,True,False,41778,Suellen Wrightson,OTH,OTH_CYA,RIGHT,33,0.020257826887661142,True,ALP>LNP>GRN>ON>OTH
NSW,126,Hunter,1,40876,Victoria Davies,OTH,OTH_AJP,CENTRE_LEFT,1629,True,False,41796,Paul Farrelly,OTH,OTH_FFPA,RIGHT,238,0.14610190300798034,True,ALP>LNP>GRN>ON>OTH
NSW,126,Hunter,1,40876,Victoria Davies,OTH,OTH_AJP,CENTRE_LEFT,1629,True,False,41944,Sue Gilroy,LNP,NAT,,107,0.06568446899938613,False,ALP>LNP>GRN>ON>OTH
NSW,126,Hunter,1,40876,Victoria Davies,OTH,OTH_AJP,CENTRE_LEFT,1629,True,False,41948,Andrew David Fenwick,OTH,OTH_HMP,CENTRE_LEFT,460,0.2823818293431553,True,ALP>LNP>GRN>ON>OTH
NSW,126,Hunter,1,40876,Victoria Davies,OTH,OTH_AJP,CENTRE_LEFT,1629,True,False,41965,Stuart Bonds,ON,ON,,158,0.09699201964395335,False,ALP>LNP>GRN>ON>OTH
NSW,126,Hunter,2,41646,Kyle Boddan,OTH,OTH_ASP,CENTRE_RIGHT,2606,True,False,41407,Dan Repacholi,ALP,ALP,,488,0.18726016884113583,False,ALP>LNP>GRN>ON>OTH
NSW,126,Hunter,2,41646,Kyle Boddan,OTH,OTH_ASP,CENTRE_RIGHT,2606,True,False,41634,Louise Stokes,GRN,GRN,,88,0.03376822716807368,False,ALP>LNP>GRN>ON>OTH
NSW,126,Hunter,2,41646,Kyle Boddan,OTH,OTH_ASP,CENTRE_RIGHT,2606,True,False,41778,Suellen Wrightson,OTH,OTH_CYA,RIGHT,267,0.102455871066769,True,ALP>LNP>GRN>ON>OTH
NSW,126,Hunter,2,41646,Kyle Boddan,OTH,OTH_ASP,CENTRE_RIGHT,2606,True,False,41796,Paul Farrelly,OTH,OTH_FFPA,RIGHT,292,0.11204911742133537,True,ALP>LNP>GRN>ON>OTH
NSW,126,Hunter,2,41646,Kyle Boddan,OTH,OTH_ASP,CENTRE_RIGHT,2606,True,False,41944,Sue Gilroy,LNP,NAT,,216,0.08288564850345356,False,ALP>LNP>GRN>ON>OTH
NSW,126,Hunter,2,41646,Kyle Boddan,OTH,OTH_ASP,CENTRE_RIGHT,2606,True,False,41948,Andrew David Fenwick,OTH,OTH_HMP,CENTRE_LEFT,554,0.21258633921719108,True,ALP>LNP>GRN>ON>OTH
NSW,126,Hunter,2,41646,Kyle Boddan,OTH,OTH_ASP,CENTRE_RIGHT,2606,True,False,41965,Stuart Bonds,ON,ON,,701,0.2689946277820414,False,ALP>LNP>GRN>ON>OTH
NSW,126,Hunter,3,41796,Paul Farrelly,OTH,OTH_FFPA,RIGHT,3174,True,False,41407,Dan Repacholi,ALP,ALP,,424,0.13358538122243227,False,ALP>LNP>GRN>ON>OTH
NSW,126,Hunter,3,41796,Paul Farrelly,OTH,OTH_FFPA,RIGHT,3174,True,False,41634,Louise Stokes,GRN,GRN,,271,0.08538122243226214,False,ALP>LNP>GRN>ON>OTH
NSW,126,Hunter,3,41796,Paul Farrelly,OTH,OTH_FFPA,RIGHT,3174,True,False,41778,Suellen Wrightson,OTH,OTH_CYA,RIGHT,413,0.130119722747322,True,ALP>LNP>GRN>ON>OTH
NSW,126,Hunter,3,41796,Paul Farrelly,OTH,OTH_FFPA,RIGHT,3174,True,False,41944,Sue Gilroy,LNP,NAT,,503,0.15847511027095149,False,ALP>LNP>GRN>ON>OTH
NSW,126,Hunter,3,41796,Paul Farrelly,OTH,OTH_FFPA,RIGHT,3174,True,False,41948,Andrew David Fenwick,OTH,OTH_HMP,CENTRE_LEFT,575,0.18115942028985507,True,ALP>LNP>GRN>ON>OTH
NSW,126,Hunter,3,41796,Paul Farrelly,OTH,OTH_FFPA,RIGHT,3174,True,False,41965,Stuart Bonds,ON,ON,,988,0.3112791430371771,False,ALP>LNP>GRN>ON>OTH
NSW,126,Hunter,4,41778,Suellen Wrightson,OTH,OTH_CYA,RIGHT,4781,True,False,41407,Dan Repacholi,ALP,ALP,,852,0.17820539636059402,False,ALP>LNP>GRN>ON>OTH
NSW,126,Hunter,4,41778,Suellen Wrightson,OTH,OTH_CYA,RIGHT,4781,True,False,41634,Louise Stokes,GRN,GRN,,246,0.05145367078017151,False,ALP>LNP>GRN>ON>OTH
NSW,126,Hunter,4,41778,Suellen Wrightson,OTH,OTH_CYA,RIGHT,4781,True,False,41944,Sue Gilroy,LNP,NAT,,658,0.1376281112737921,False,ALP>LNP>GRN>ON>OTH
NSW,126,Hunter,4,41778,Suellen Wrightson,OTH,OTH_CYA,RIGHT,4781,True,False,41948,Andrew David Fenwick,OTH,OTH_HMP,CENTRE_LEFT,879,0.18385275047061284,True,ALP>LNP>GRN>ON>OTH
NSW,126,Hunter,4,41778,Suellen Wrightson,OTH,OTH_CYA,RIGHT,4781,True,False,41965,Stuart Bonds,ON,ON,,2146,0.4488600711148295,False,ALP>LNP>GRN>ON>OTH
NSW,126,Hunter,5,41948,Andrew David Fenwick,OTH,OTH_HMP,CENTRE_LEFT,8123,False,True,41407,Dan Repacholi,ALP,ALP,,2213,0.27243629201034103,False,ALP>LNP>GRN>ON
NSW,126,Hunter,5,41948,Andrew David Fenwick,OTH,OTH_HMP,CENTRE_LEFT,8123,False,True,41634,Louise Stokes,GRN,GRN,,1775,0.21851532684968608,False,ALP>LNP>GRN>ON
NSW,126,Hunter,5,41948,Andrew David Fenwick,OTH,OTH_HMP,CENTRE_LEFT,8123,False,True,41944,Sue Gilroy,LNP,NAT,,1528,0.18810784193032132,False,ALP>LNP>GRN>ON
NSW,126,Hunter,5,41948,Andrew David Fenwick,OTH,OTH_HMP,CENTRE_LEFT,8123,False,True,41965,Stuart Bonds,ON,ON,,2607,0.3209405392096516,False,ALP>LNP>GRN>ON
NSW,126,Hunter,6,41634,Louise Stokes,GRN,GRN,,11015,False,True,41407,Dan Repacholi,ALP,ALP,,8228,0.7469813890149796,False,ALP>LNP>ON
NSW,126,Hunter,6,41634,Louise Stokes,GRN,GRN,,11015,False,True,41944,Sue Gilroy,LNP,NAT,,1568,0.14235133908306855,False,ALP>LNP>ON
NSW,126,Hunter,6,41634,Louise Stokes,GRN,GRN,,11015,False,True,41965,Stuart Bonds,ON,ON,,1219,0.11066727190195189,False,ALP>LNP>ON
NSW,126,Hunter,7,41944,Sue Gilroy,LNP,NAT,,24870,False,True,41407,Dan Repacholi,ALP,ALP,,4954,0.1991958182549256,False,ALP>ON
NSW,126,Hunter,7,41944,Sue Gilroy,LNP,NAT,,24870,False,True,41965,Stuart Bonds,ON,ON,,19916,0.8008041817450744,False,ALP>ON
NSW,127,Kingsford Smith,1,41978,Elsa Parker,OTH,IND_MINOR,CENTRE_LEFT,3557,False,True,41386,Matt Thistlethwaite,ALP,ALP,,1009,0.28366601068315994,False,ALP>LNP>GRN>ON
NSW,127,Kingsford Smith,1,41978,Elsa Parker,OTH,IND_MINOR,CENTRE_LEFT,3557,False,True,41477,Brad Cole,LNP,LIB,,625,0.17570986786617937,False,ALP>LNP>GRN>ON
NSW,127,Kingsford Smith,1,41978,Elsa Parker,OTH,IND_MINOR,CENTRE_LEFT,3557,False,True,41587,Keiron Brown,GRN,GRN,,1348,0.37897104301377565,False,ALP>LNP>GRN>ON
NSW,127,Kingsford Smith,1,41978,Elsa Parker,OTH,IND_MINOR,CENTRE_LEFT,3557,False,True,42027,Mark Jelic,ON,ON,,575,0.161653078436885,False,ALP>LNP>GRN>ON
NSW,127,Kingsford Smith,2,42027,Mark Jelic,ON,ON,,6440,False,True,41386,Matt Thistlethwaite,ALP,ALP,,1654,0.256832298136646,False,ALP>LNP>GRN
NSW,127,Kingsford Smith,2,42027,Mark Jelic,ON,ON,,6440,False,True,41477,Brad Cole,LNP,LIB,,3964,0.615527950310559,False,ALP>LNP>GRN
NSW,127,Kingsford Smith,2,42027,Mark Jelic,ON,ON,,6440,False,True,41587,Keiron Brown,GRN,GRN,,822,0.12763975155279503,False,ALP>LNP>GRN
NSW,127,Kingsford Smith,3,41587,Keiron Brown,GRN,GRN,,15610,False,True,41386,Matt Thistlethwaite,ALP,ALP,,13595,0.8709160794362588,False,ALP>LNP
NSW,127,Kingsford Smith,3,41587,Keiron Brown,GRN,GRN,,15610,False,True,41477,Brad Cole,LNP,LIB,,2015,0.12908392056374118,False,ALP>LNP
NSW,128,Lindsay,1,41971,Jim Saleam,OTH,IND_MINOR,CENTRE,1099,True,False,40863,Vanessa Blazi,OTH,OTH_AJP,CENTRE_LEFT,178,0.16196542311191992,True,ALP>LNP>GRN>ON>OTH
NSW,128,Lindsay,1,41971,Jim Saleam,OTH,IND_MINOR,CENTRE,1099,True,False,41383,Hollie Mclean,ALP,ALP,,153,0.1392174704276615,False,ALP>LNP>GRN>ON>OTH
NSW,128,Lindsay,1,41971,Jim Saleam,OTH,IND_MINOR,CENTRE,1099,True,False,41480,Melissa Mcintosh,LNP,LIB,,127,0.11555959963603275,False,ALP>LNP>GRN>ON>OTH
NSW,128,Lindsay,1,41971,Jim Saleam,OTH,IND_MINOR,CENTRE,1099,True,False,41594,Aaron David Mcallister,GRN,GRN,,123,0.11191992720655142,False,ALP>LNP>GRN>ON>OTH
NSW,128,Lindsay,1,41971,Jim Saleam,OTH,IND_MINOR,CENTRE,1099,True,False,41650,Carl Halley,OTH,OTH_ASP,CENTRE_RIGHT,126,0.11464968152866242,True,ALP>LNP>GRN>ON>OTH
NSW,128,Lindsay,1,41971,Jim Saleam,OTH,IND_MINOR,CENTRE,1099,True,False,41772,Joseph O'Connor,OTH,OTH_CYA,RIGHT,77,0.07006369426751592,True,ALP>LNP>GRN>ON>OTH
NSW,128,Lindsay,1,41971,Jim Saleam,OTH,IND_MINOR,CENTRE,1099,True,False,41952,Antony Victor Emmanuel,OTH,OTH_FFPA,RIGHT,124,0.11282984531392175,True,ALP>LNP>GRN>ON>OTH
NSW,128,Lindsay,1,41971,Jim Saleam,OTH,IND_MINOR,CENTRE,1099,True,False,41961,Christopher Buckley,ON,ON,,115,0.10464058234758872,False,ALP>LNP>GRN>ON>OTH
NSW,128,Lindsay,1,41971,Jim Saleam,OTH,IND_MINOR,CENTRE,1099,True,False,41988,Michelle Palmer,OTH,OTH_IMO,CENTRE_RIGHT,76,0.06915377616014559,True,ALP>LNP>GRN>ON>OTH
NSW,128,Lindsay,2,41988,Michelle Palmer,OTH,OTH_IMO,CENTRE_RIGHT,1305,True,False,40863,Vanessa Blazi,OTH,OTH_AJP,CENTRE_LEFT,90,0.06896551724137931,True,ALP>LNP>GRN>ON>OTH
NSW,128,Lindsay,2,41988,Michelle Palmer,OTH,OTH_IMO,CENTRE_RIGHT,1305,True,False,41383,Hollie Mclean,ALP,ALP,,81,0.06206896551724138,False,ALP>LNP>GRN>ON>OTH
NSW,128,Lindsay,2,41988,Michelle Palmer,OTH,OTH_IMO,CENTRE_RIGHT,1305,True,False,41480,Melissa Mcintosh,LNP,LIB,,112,0.08582375478927202,False,ALP>LNP>GRN>ON>OTH
NSW,128,Lindsay,2,41988,Michelle Palmer,OTH,OTH_IMO,CENTRE_RIGHT,1305,True,False,41594,Aaron David Mcallister,GRN,GRN,,97,0.0743295019157088,False,ALP>LNP>GRN>ON>OTH
NSW,128,Lindsay,2,41988,Michelle Palmer,OTH,OTH_IMO,CENTRE_RIGHT,1305,True,False,41650,Carl Halley,OTH,OTH_ASP,CENTRE_RIGHT,53,0.04061302681992337,True,ALP>LNP>GRN>ON>OTH
NSW,128,Lindsay,2,41988,Michelle Palmer,OTH,OTH_IMO,CENTRE_RIGHT,1305,True,False,41772,Joseph O'Connor,OTH,OTH_CYA,RIGHT,105,0.08045977011494253,True,ALP>LNP>GRN>ON>OTH
NSW,128,Lindsay,2,41988,Michelle Palmer,OTH,OTH_IMO,CENTRE_RIGHT,1305,True,False,41952,Antony Victor Emmanuel,OTH,OTH_FFPA,RIGHT,139,0.10651340996168582,True,ALP>LNP>GRN>ON>OTH
NSW,128,Lindsay,2,41988,Michelle Palmer,OTH,OTH_IMO,CENTRE_RIGHT,1305,True,False,41961,Christopher Buckley,ON,ON,,628,0.4812260536398467,False,ALP>LNP>GRN>ON>OTH
NSW,128,Lindsay,3,41650,Carl Halley,OTH,OTH_ASP,CENTRE_RIGHT,2023,True,False,40863,Vanessa Blazi,OTH,OTH_AJP,CENTRE_LEFT,372,0.18388531883341572,True,ALP>LNP>GRN>ON>OTH
NSW,128,Lindsay,3,41650,Carl Halley,OTH,OTH_ASP,CENTRE_RIGHT,2023,True,False,41383,Hollie Mclean,ALP,ALP,,218,0.10776075135936727,False,ALP>LNP>GRN>ON>OTH
NSW,128,Lindsay,3,41650,Carl Halley,OTH,OTH_ASP,CENTRE_RIGHT,2023,True,False,41480,Melissa Mcintosh,LNP,LIB,,335,0.16559565002471577,False,ALP>LNP>GRN>ON>OTH
NSW,128,Lindsay,3,41650,Carl Halley,OTH,OTH_ASP,CENTRE_RIGHT,2023,True,False,41594,Aaron David Mcallister,GRN,GRN,,109,0.05388037567968364,False,ALP>LNP>GRN>ON>OTH
NSW,128,Lindsay,3,41650,Carl Halley,OTH,OTH_ASP,CENTRE_RIGHT,2023,True,False,41772,Joseph O'Connor,OTH,OTH_CYA,RIGHT,189,0.09342560553633218,True,ALP>LNP>GRN>ON>OTH
NSW,128,Lindsay,3,41650,Carl Halley,OTH,OTH_ASP,CENTRE_RIGHT,2023,True,False,41952,Antony Victor Emmanuel,OTH,OTH_FFPA,RIGHT,339,0.1675729115175482,True,ALP>LNP>GRN>ON>OTH
NSW,128,Lindsay,3,41650,Carl Halley,OTH,OTH_ASP,CENTRE_RIGHT,2023,True,False,41961,Christopher Buckley,ON,ON,,461,0.22787938704893723,False,ALP>LNP>GRN>ON>OTH
NSW,128,Lindsay,4,40863,Vanessa Blazi,OTH,OTH_AJP,CENTRE_LEFT,2550,True,False,41383,Hollie Mclean,ALP,ALP,,439,0.17215686274509803,False,ALP>LNP>GRN>ON>OTH
NSW,128,Lindsay,4,40863,Vanessa Blazi,OTH,OTH_AJP,CENTRE_LEFT,2550,True,False,41480,Melissa Mcintosh,LNP,LIB,,250,0.09803921568627451,False,ALP>LNP>GRN>ON>OTH
NSW,128,Lindsay,4,40863,Vanessa Blazi,OTH,OTH_AJP,CENTRE_LEFT,2550,True,False,41594,Aaron David Mcallister,GRN,GRN,,692,0.27137254901960783,False,ALP>LNP>GRN>ON>OTH
NSW,128,Lindsay,4,40863,Vanessa Blazi,OTH,OTH_AJP,CENTRE_LEFT,2550,True,False,41772,Joseph O'Connor,OTH,OTH_CYA,RIGHT,128,0.05019607843137255,True,ALP>LNP>GRN>ON>OTH
NSW,128,Lindsay,4,40863,Vanessa Blazi,OTH,OTH_AJP,CENTRE_LEFT,2550,True,False,41952,Antony Victor Emmanuel,OTH,OTH_FFPA,RIGHT,565,0.22156862745098038,True,ALP>LNP>GRN>ON>OTH
NSW,128,Lindsay,4,40863,Vanessa Blazi,OTH,OTH_AJP,CENTRE_LEFT,2550,True,False,41961,Christopher Buckley,ON,ON,,476,0.18666666666666668,False,ALP>LNP>GRN>ON>OTH
NSW,128,Lindsay,5,41772,Joseph O'Connor,OTH,OTH_CYA,RIGHT,3493,True,False,41383,Hollie Mclean,ALP,ALP,,551,0.15774405954766677,False,ALP>LNP>GRN>ON>OTH
NSW,128,Lindsay,5,41772,Joseph O'Connor,OTH,OTH_CYA,RIGHT,3493,True,False,41480,Melissa Mcintosh,LNP,LIB,,647,0.18522759805324934,False,ALP>LNP>GRN>ON>OTH
NSW,128,Lindsay,5,41772,Joseph O'Connor,OTH,OTH_CYA,RIGHT,3493,True,False,41594,Aaron David Mcallister,GRN,GRN,,294,0.0841683366733467,False,ALP>LNP>GRN>ON>OTH
NSW,128,Lindsay,5,41772,Joseph O'Connor,OTH,OTH_CYA,RIGHT,3493,True,False,41952,Antony Victor Emmanuel,OTH,OTH_FFPA,RIGHT,664,0.19009447466361293,True,ALP>LNP>GRN>ON>OTH
NSW,128,Lindsay,5,41772,Joseph O'Connor,OTH,OTH_CYA,RIGHT,3493,True,False,41961,Christopher Buckley,ON,ON,,1337,0.38276553106212424,False,ALP>LNP>GRN>ON>OTH
NSW,128,Lindsay,6,41952,Antony Victor Emmanuel,OTH,OTH_FFPA,RIGHT,4244,False,True,41383,Hollie Mclean,ALP,ALP,,490,0.11545711592836946,False,ALP>LNP>GRN>ON
NSW,128,Lindsay,6,41952,Antony Victor Emmanuel,OTH,OTH_FFPA,RIGHT,4244,False,True,41480,Melissa Mcintosh,LNP,LIB,,1260,0.29688972667295005,False,ALP>LNP>GRN>ON
NSW,128,Lindsay,6,41952,Antony Victor Emmanuel,OTH,OTH_FFPA,RIGHT,4244,False,True,41594,Aaron David Mcallister,GRN,GRN,,722,0.1701225259189444,False,ALP>LNP>GRN>ON
NSW,128,Lindsay,6,41952,Antony Victor Emmanuel,OTH,OTH_FFPA,RIGHT,4244,False,True,41961,Christopher Buckley,ON,ON,,1772,0.4175306314797361,False,ALP>LNP>GRN>ON
NSW,128,Lindsay,7,41594,Aaron David Mcallister,GRN,GRN,,11453,False,True,41383,Hollie Mclean,ALP,ALP,,8585,0.7495852615035362,False,ALP>LNP>ON
NSW,128,Lindsay,7,41594,Aaron David Mcallister,GRN,GRN,,11453,False,True,41480,Melissa Mcintosh,LNP,LIB,,1401,0.1223260281149044,False,ALP>LNP>ON
NSW,128,Lindsay,7,41594,Aaron David Mcallister,GRN,GRN,,11453,False,True,41961,Christopher Buckley,ON,ON,,1467,0.12808871038155942,False,ALP>LNP>ON
NSW,128,Lindsay,8,41961,Christopher Buckley,ON,ON,,12992,False,True,41383,Hollie Mclean,ALP,ALP,,4323,0.3327432266009852,False,ALP>LNP
NSW,128,Lindsay,8,41961,Christopher Buckley,ON,ON,,12992,False,True,41480,Melissa Mcintosh,LNP,LIB,,8669,0.6672567733990148,False,ALP>LNP
NSW,130,Lyne,1,40872,Stephen John Burke,OTH,OTH_CEC,CENTRE,448,True,False,41408,Digby Wilson,ALP,ALP,,22,0.049107142857142856,False,ALP>LNP>GRN>ON>IND>OTH
NSW,130,Lyne,1,40872,Stephen John Burke,OTH,OTH_CEC,CENTRE,448,True,False,41601,Tom Ferrier,GRN,GRN,,21,0.046875,False,ALP>LNP>GRN>ON>IND>OTH
NSW,130,Lyne,1,40872,Stephen John Burke,OTH,OTH_CEC,CENTRE,448,True,False,41704,Cathy Charsley,OTH,OTH_CYA,RIGHT,28,0.0625,True,ALP>LNP>GRN>ON>IND>OTH
NSW,130,Lyne,1,40872,Stephen John Burke,OTH,OTH_CEC,CENTRE,448,True,False,41839,David Masters,OTH,OTH_FFPA,RIGHT,42,0.09375,True,ALP>LNP>GRN>ON>IND>OTH
NSW,130,Lyne,1,40872,Stephen John Burke,OTH,OTH_CEC,CENTRE,448,True,False,41852,Mark Alexander Hornshaw,OTH,OTH_LTP,RIGHT,107,0.23883928571428573,True,ALP>LNP>GRN>ON>IND>OTH
NSW,130,Lyne,1,40872,Stephen John Burke,OTH,OTH_CEC,CENTRE,448,True,False,41878,Colin Hughes,ON,ON,,44,0.09821428571428571,False,ALP>LNP>GRN>ON>IND>OTH
NSW,130,Lyne,1,40872,Stephen John Burke,OTH,OTH_CEC,CENTRE,448,True,False,41928,Keys Manley,OTH,OTH_HMP,CENTRE_LEFT,64,0.14285714285714285,True,ALP>LNP>GRN>ON>IND>OTH
NSW,130,Lyne,1,40872,Stephen John Burke,OTH,OTH_CEC,CENTRE,448,True,False,41951,Alison Penfold,LNP,NAT,,52,0.11607142857142858,False,ALP>LNP>GRN>ON>IND>OTH
NSW,130,Lyne,1,40872,Stephen John Burke,OTH,OTH_CEC,CENTRE,448,True,False,41973,Jeremy Miller,IND,IND_PROMINENT,CENTRE_LEFT,68,0.15178571428571427,False,ALP>LNP>GRN>ON>IND>OTH
NSW,130,Lyne,2,41839,David Masters,OTH,OTH_FFPA,RIGHT,1704,True,False,41408,Digby Wilson,ALP,ALP,,96,0.056338028169014086,False,ALP>LNP>GRN>ON>IND>OTH
NSW,130,Lyne,2,41839,David Masters,OTH,OTH_FFPA,RIGHT,1704,True,False,41601,Tom Ferrier,GRN,GRN,,73,0.04284037558685446,False,ALP>LNP>GRN>ON>IND>OTH
NSW,130,Lyne,2,41839,David Masters,OTH,OTH_FFPA,RIGHT,1704,True,False,41704,Cathy Charsley,OTH,OTH_CYA,RIGHT,112,0.06572769953051644,True,ALP>LNP>GRN>ON>IND>OTH
NSW,130,Lyne,2,41839,David Masters,OTH,OTH_FFPA,RIGHT,1704,True,False,41852,Mark Alexander Hornshaw,OTH,OTH_LTP,RIGHT,316,0.18544600938967137,True,ALP>LNP>GRN>ON>IND>OTH
NSW,130,Lyne,2,41839,David Masters,OTH,OTH_FFPA,RIGHT,1704,True,False,41878,Colin Hughes,ON,ON,,351,0.20598591549295775,False,ALP>LNP>GRN>ON>IND>OTH
NSW,130,Lyne,2,41839,David Masters,OTH,OTH_FFPA,RIGHT,1704,True,False,41928,Keys Manley,OTH,OTH_HMP,CENTRE_LEFT,273,0.1602112676056338,True,ALP>LNP>GRN>ON>IND>OTH
NSW,130,Lyne,2,41839,David Masters,OTH,OTH_FFPA,RIGHT,1704,True,False,41951,Alison Penfold,LNP,NAT,,256,0.15023474178403756,False,ALP>LNP>GRN>ON>IND>OTH
NSW,130,Lyne,2,41839,David Masters,OTH,OTH_FFPA,RIGHT,1704,True,False,41973,Jeremy Miller,IND,IND_PROMINENT,CENTRE_LEFT,227,0.13321596244131456,False,ALP>LNP>GRN>ON>IND>OTH
NSW,130,Lyne,3,41704,Cathy Charsley,OTH,OTH_CYA,RIGHT,2830,True,False,41408,Digby Wilson,ALP,ALP,,196,0.06925795053003533,False,ALP>LNP>GRN>ON>IND>OTH
NSW,130,Lyne,3,41704,Cathy Charsley,OTH,OTH_CYA,RIGHT,2830,True,False,41601,Tom Ferrier,GRN,GRN,,123,0.043462897526501766,False,ALP>LNP>GRN>ON>IND>OTH
NSW,130,Lyne,3,41704,Cathy Charsley,OTH,OTH_CYA,RIGHT,2830,True,False,41852,Mark Alexander Hornshaw,OTH,OTH_LTP,RIGHT,192,0.06784452296819787,True,ALP>LNP>GRN>ON>IND>OTH
NSW,130,Lyne,3,41704,Cathy Charsley,OTH,OTH_CYA,RIGHT,2830,True,False,41878,Colin Hughes,ON,ON,,1340,0.4734982332155477,False,ALP>LNP>GRN>ON>IND>OTH
NSW,130,Lyne,3,41704,Cathy Charsley,OTH,OTH_CYA,RIGHT,2830,True,False,41928,Keys Manley,OTH,OTH_HMP,CENTRE_LEFT,289,0.10212014134275618,True,ALP>LNP>GRN>ON>IND>OTH
NSW,130,Lyne,3,41704,Cathy Charsley,OTH,OTH_CYA,RIGHT,2830,True,False,41951,Alison Penfold,LNP,NAT,,399,0.14098939929328622,False,ALP>LNP>GRN>ON>IND>OTH
NSW,130,Lyne,3,41704,Cathy Charsley,OTH,OTH_CYA,RIGHT,2830,True,False,41973,Jeremy Miller,IND,IND_PROMINENT,CENTRE_LEFT,291,0.10282685512367491,False,ALP>LNP>GRN>ON>IND>OTH
NSW,130,Lyne,4,41852,Mark Alexander Hornshaw,OTH,OTH_LTP,RIGHT,4780,True,False,41408,Digby Wilson,ALP,ALP,,184,0.038493723849372385,False,ALP>LNP>GRN>ON>IND>OTH
NSW,130,Lyne,4,41852,Mark Alexander Hornshaw,OTH,OTH_LTP,RIGHT,4780,True,False,41601,Tom Ferrier,GRN,GRN,,176,0.03682008368200837,False,ALP>LNP>GRN>ON>IND>OTH
NSW,130,Lyne,4,41852,Mark Alexander Hornshaw,OTH,OTH_LTP,RIGHT,4780,True,False,41878,Colin Hughes,ON,ON,,1946,0.4071129707112971,False,ALP>LNP>GRN>ON>IND>OTH
NSW,130,Lyne,4,41852,Mark Alexander Hornshaw,OTH,OTH_LTP,RIGHT,4780,True,False,41928,Keys Manley,OTH,OTH_HMP,CENTRE_LEFT,624,0.1305439330543933,True,ALP>LNP>GRN>ON>IND>OTH
NSW,130,Lyne,4,41852,Mark Alexander Hornshaw,OTH,OTH_LTP,RIGHT,4780,True,False,41951,Alison Penfold,LNP,NAT,,1286,0.2690376569037657,False,ALP>LNP>GRN>ON>IND>OTH
NSW,130,Lyne,4,41852,Mark Alexander Hornshaw,OTH,OTH_LTP,RIGHT,4780,True,False,41973,Jeremy Miller,IND,IND_PROMINENT,CENTRE_LEFT,564,0.11799163179916318,False,ALP>LNP>GRN>ON>IND>OTH
NSW,130,Lyne,5,41928,Keys Manley,OTH,OTH_HMP,CENTRE_LEFT,7245,False,True,41408,Digby Wilson,ALP,ALP,,1069,0.14755003450655624,False,ALP>LNP>GRN>ON>IND
NSW,130,Lyne,5,41928,Keys Manley,OTH,OTH_HMP,CENTRE_LEFT,7245,False,True,41601,Tom Ferrier,GRN,GRN,,1595,0.22015182884748102,False,ALP>LNP>GRN>ON>IND
NSW,130,Lyne,5,41928,Keys Manley,OTH,OTH_HMP,CENTRE_LEFT,7245,False,True,41878,Colin Hughes,ON,ON,,1557,0.21490683229813665,False,ALP>LNP>GRN>ON>IND
NSW,130,Lyne,5,41928,Keys Manley,OTH,OTH_HMP,CENTRE_LEFT,7245,False,True,41951,Alison Penfold,LNP,NAT,,962,0.13278122843340234,False,ALP>LNP>GRN>ON>IND
NSW,130,Lyne,5,41928,Keys Manley,OTH,OTH_HMP,CENTRE_LEFT,7245,False,True,41973,Jeremy Miller,IND,IND_PROMINENT,CENTRE_LEFT,2062,0.2846100759144237,False,ALP>LNP>GRN>ON>IND
NSW,130,Lyne,6,41601,Tom Ferrier,GRN,GRN,,8965,False,True,41408,Digby Wilson,ALP,ALP,,4712,0.5255995538204127,False,ALP>LNP>ON>IND
NSW,130,Lyne,6,41601,Tom Ferrier,GRN,GRN,,8965,False,True,41878,Colin Hughes,ON,ON,,666,0.07428890128276631,False,ALP>LNP>ON>IND
NSW,130,Lyne,6,41601,Tom Ferrier,GRN,GRN,,8965,False,True,41951,Alison Penfold,LNP,NAT,,704,0.0785276073619632,False,ALP>LNP>ON>IND
NSW,130,Lyne,6,41601,Tom Ferrier,GRN,GRN,,8965,False,True,41973,Jeremy Miller,IND,IND_PROMINENT,CENTRE_LEFT,2883,0.32158393753485776,False,ALP>LNP>ON>IND
NSW,130,Lyne,7,41878,Colin Hughes,ON,ON,,15078,False,True,41408,Digby Wilson,ALP,ALP,,1725,0.11440509351372861,False,ALP>LNP>IND
NSW,130,Lyne,7,41878,Colin Hughes,ON,ON,,15078,False,True,41951,Alison Penfold,LNP,NAT,,8001,0.5306406685236769,False,ALP>LNP>IND
NSW,130,Lyne,7,41878,Colin Hughes,ON,ON,,15078,False,True,41973,Jeremy Miller,IND,IND_PROMINENT,CENTRE_LEFT,5352,0.3549542379625945,False,ALP>LNP>IND
NSW,130,Lyne,8,41973,Jeremy Miller,IND,IND_PROMINENT,CENTRE_LEFT,28390,False,True,41408,Digby Wilson,ALP,ALP,,14310,0.5040507220852413,False,ALP>LNP
NSW,130,Lyne,8,41973,Jeremy Miller,IND,IND_PROMINENT,CENTRE_LEFT,28390,False,True,41951,Alison Penfold,LNP,NAT,,14080,0.49594927791475873,False,ALP>LNP
NSW,131,Macarthur,1,41864,Edward Palmer,OTH,OTH_SOPA,LEFT,1382,True,False,41396,Mike Freelander,ALP,ALP,,286,0.20694645441389292,False,ALP>LNP>GRN>ON>OTH
NSW,131,Macarthur,1,41864,Edward Palmer,OTH,OTH_SOPA,LEFT,1382,True,False,41476,Binod Paudel,LNP,LIB,,72,0.05209840810419682,False,ALP>LNP>GRN>ON>OTH
NSW,131,Macarthur,1,41864,Edward Palmer,OTH,OTH_SOPA,LEFT,1382,True,False,41482,Frankie Scott,GRN,GRN,,477,0.3451519536903039,False,ALP>LNP>GRN>ON>OTH
NSW,131,Macarthur,1,41864,Edward Palmer,OTH,OTH_SOPA,LEFT,1382,True,False,41747,Connie Harvey,OTH,OTH_LTP,RIGHT,166,0.12011577424023155,True,ALP>LNP>GRN>ON>OTH
NSW,131,Macarthur,1,41864,Edward Palmer,OTH,OTH_SOPA,LEFT,1382,True,False,41800,Graham Ernest Charlesworth,OTH,OTH_FFPA,RIGHT,214,0.1548480463096961,True,ALP>LNP>GRN>ON>OTH
NSW,131,Macarthur,1,41864,Edward Palmer,OTH,OTH_SOPA,LEFT,1382,True,False,41875,Gregory Grogan,ON,ON,,167,0.12083936324167872,False,ALP>LNP>GRN>ON>OTH
NSW,131,Macarthur,2,41747,Connie Harvey,OTH,OTH_LTP,RIGHT,2609,True,False,41396,Mike Freelander,ALP,ALP,,433,0.16596397087006515,False,ALP>LNP>GRN>ON>OTH
NSW,131,Macarthur,2,41747,Connie Harvey,OTH,OTH_LTP,RIGHT,2609,True,False,41476,Binod Paudel,LNP,LIB,,437,0.16749712533537753,False,ALP>LNP>GRN>ON>OTH
NSW,131,Macarthur,2,41747,Connie Harvey,OTH,OTH_LTP,RIGHT,2609,True,False,41482,Frankie Scott,GRN,GRN,,265,0.10157148332694518,False,ALP>LNP>GRN>ON>OTH
NSW,131,Macarthur,2,41747,Connie Harvey,OTH,OTH_LTP,RIGHT,2609,True,False,41800,Graham Ernest Charlesworth,OTH,OTH_FFPA,RIGHT,749,0.28708317362974317,True,ALP>LNP>GRN>ON>OTH
NSW,131,Macarthur,2,41747,Connie Harvey,OTH,OTH_LTP,RIGHT,2609,True,False,41875,Gregory Grogan,ON,ON,,725,0.27788424683786894,False,ALP>LNP>GRN>ON>OTH
NSW,131,Macarthur,3,41800,Graham Ernest Charlesworth,OTH,OTH_FFPA,RIGHT,4653,False,True,41396,Mike Freelander,ALP,ALP,,677,0.14549752847625189,False,ALP>LNP>GRN>ON
NSW,131,Macarthur,3,41800,Graham Ernest Charlesworth,OTH,OTH_FFPA,RIGHT,4653,False,True,41476,Binod Paudel,LNP,LIB,,954,0.20502901353965183,False,ALP>LNP>GRN>ON
NSW,131,Macarthur,3,41800,Graham Ernest Charlesworth,OTH,OTH_FFPA,RIGHT,4653,False,True,41482,Frankie Scott,GRN,GRN,,851,0.18289275736084246,False,ALP>LNP>GRN>ON
NSW,131,Macarthur,3,41800,Graham Ernest Charlesworth,OTH,OTH_FFPA,RIGHT,4653,False,True,41875,Gregory Grogan,ON,ON,,2171,0.4665807006232538,False,ALP>LNP>GRN>ON
NSW,131,Macarthur,4,41875,Gregory Grogan,ON,ON,,10399,False,True,41396,Mike Freelander,ALP,ALP,,2168,0.20848158476776613,False,ALP>LNP>GRN
NSW,131,Macarthur,4,41875,Gregory Grogan,ON,ON,,10399,False,True,41476,Binod Paudel,LNP,LIB,,6314,0.6071737667083373,False,ALP>LNP>GRN
NSW,131,Macarthur,4,41875,Gregory Grogan,ON,ON,,10399,False,True,41482,Frankie Scott,GRN,GRN,,1917,0.18434464852389654,False,ALP>LNP>GRN
NSW,131,Macarthur,5,41482,Frankie Scott,GRN,GRN,,15522,False,True,41396,Mike Freelander,ALP,ALP,,12721,0.8195464501997165,False,ALP>LNP
NSW,131,Macarthur,5,41482,Frankie Scott,GRN,GRN,,15522,False,True,41476,Binod Paudel,LNP,LIB,,2801,0.18045354980028347,False,ALP>LNP
NSW,132,Mackellar,1,40647,Mandeep Singh,OTH,IND_MINOR,CENTRE,702,True,False,37450,Sophie Scamps,IND,IND_PROMINENT,CENTRE_LEFT,244,0.3475783475783476,False,ALP>LNP>GRN>ON>IND>OTH
NSW,132,Mackellar,1,40647,Mandeep Singh,OTH,IND_MINOR,CENTRE,702,True,False,41402,Jeffrey Quinn,ALP,ALP,,57,0.0811965811965812,False,ALP>LNP>GRN>ON>IND>OTH
NSW,132,Mackellar,1,40647,Mandeep Singh,OTH,IND_MINOR,CENTRE,702,True,False,41629,Ethan Hrnjak,GRN,GRN,,47,0.06695156695156695,False,ALP>LNP>GRN>ON>IND>OTH
NSW,132,Mackellar,1,40647,Mandeep Singh,OTH,IND_MINOR,CENTRE,702,True,False,41702,Amber Robertson,OTH,OTH_CYA,RIGHT,44,0.06267806267806268,True,ALP>LNP>GRN>ON>IND>OTH
NSW,132,Mackellar,1,40647,Mandeep Singh,OTH,IND_MINOR,CENTRE,702,True,False,41830,James Brown,LNP,LIB,,159,0.2264957264957265,False,ALP>LNP>GRN>ON>IND>OTH
NSW,132,Mackellar,1,40647,Mandeep Singh,OTH,IND_MINOR,CENTRE,702,True,False,41863,Justin Addison,OTH,OTH_LTP,RIGHT,22,0.03133903133903134,True,ALP>LNP>GRN>ON>IND>OTH
NSW,132,Mackellar,1,40647,Mandeep Singh,OTH,IND_MINOR,CENTRE,702,True,False,41968,Lisa Cotton,OTH,IND_MINOR,CENTRE_RIGHT,103,0.1467236467236467,True,ALP>LNP>GRN>ON>IND>OTH
NSW,132,Mackellar,1,40647,Mandeep Singh,OTH,IND_MINOR,CENTRE,702,True,False,42046,Brad Hayman,ON,ON,,26,0.037037037037037035,False,ALP>LNP>GRN>ON>IND>OTH
NSW,132,Mackellar,2,41702,Amber Robertson,OTH,OTH_CYA,RIGHT,1632,True,False,37450,Sophie Scamps,IND,IND_PROMINENT,CENTRE_LEFT,163,0.09987745098039216,False,ALP>LNP>GRN>ON>IND>OTH
NSW,132,Mackellar,2,41702,Amber Robertson,OTH,OTH_CYA,RIGHT,1632,True,False,41402,Jeffrey Quinn,ALP,ALP,,78,0.04779411764705882,False,ALP>LNP>GRN>ON>IND>OTH
NSW,132,Mackellar,2,41702,Amber Robertson,OTH,OTH_CYA,RIGHT,1632,True,False,41629,Ethan Hrnjak,GRN,GRN,,60,0.03676470588235294,False,ALP>LNP>GRN>ON>IND>OTH
NSW,132,Mackellar,2,41702,Amber Robertson,OTH,OTH_CYA,RIGHT,1632,True,False,41830,James Brown,LNP,LIB,,358,0.2193627450980392,False,ALP>LNP>GRN>ON>IND>OTH
NSW,132,Mackellar,2,41702,Amber Robertson,OTH,OTH_CYA,RIGHT,1632,True,False,41863,Justin Addison,OTH,OTH_LTP,RIGHT,226,0.13848039215686275,True,ALP>LNP>GRN>ON>IND>OTH
NSW,132,Mackellar,2,41702,Amber Robertson,OTH,OTH_CYA,RIGHT,1632,True,False,41968,Lisa Cotton,OTH,IND_MINOR,CENTRE_RIGHT,144,0.08823529411764706,True,ALP>LNP>GRN>ON>IND>OTH
NSW,132,Mackellar,2,41702,Amber Robertson,OTH,OTH_CYA,RIGHT,1632,True,False,42046,Brad Hayman,ON,ON,,603,0.3694852941176471,False,ALP>LNP>GRN>ON>IND>OTH
NSW,132,Mackellar,3,41863,Justin Addison,OTH,OTH_LTP,RIGHT,2197,True,False,37450,Sophie Scamps,IND,IND_PROMINENT,CENTRE_LEFT,148,0.06736458807464725,False,ALP>LNP>GRN>ON>IND>OTH
NSW,132,Mackellar,3,41863,Justin Addison,OTH,OTH_LTP,RIGHT,2197,True,False,41402,Jeffrey Quinn,ALP,ALP,,64,0.02913063268092854,False,ALP>LNP>GRN>ON>IND>OTH
NSW,132,Mackellar,3,41863,Justin Addison,OTH,OTH_LTP,RIGHT,2197,True,False,41629,Ethan Hrnjak,GRN,GRN,,97,0.044151115157032315,False,ALP>LNP>GRN>ON>IND>OTH
NSW,132,Mackellar,3,41863,Justin Addison,OTH,OTH_LTP,RIGHT,2197,True,False,41830,James Brown,LNP,LIB,,351,0.15976331360946747,False,ALP>LNP>GRN>ON>IND>OTH
NSW,132,Mackellar,3,41863,Justin Addison,OTH,OTH_LTP,RIGHT,2197,True,False,41968,Lisa Cotton,OTH,IND_MINOR,CENTRE_RIGHT,233,0.10605370960400547,True,ALP>LNP>GRN>ON>IND>OTH
NSW,132,Mackellar,3,41863,Justin Addison,OTH,OTH_LTP,RIGHT,2197,True,False,42046,Brad Hayman,ON,ON,,1304,0.593536640873919,False,ALP>LNP>GRN>ON>IND>OTH
NSW,132,Mackellar,4,41968,Lisa Cotton,OTH,IND_MINOR,CENTRE_RIGHT,2777,False,True,37450,Sophie Scamps,IND,IND_PROMINENT,CENTRE_LEFT,832,0.2996038890889449,False,ALP>LNP>GRN>ON>IND
NSW,132,Mackellar,4,41968,Lisa Cotton,OTH,IND_MINOR,CENTRE_RIGHT,2777,False,True,41402,Jeffrey Quinn,ALP,ALP,,240,0.08642419877565719,False,ALP>LNP>GRN>ON>IND
NSW,132,Mackellar,4,41968,Lisa Cotton,OTH,IND_MINOR,CENTRE_RIGHT,2777,False,True,41629,Ethan Hrnjak,GRN,GRN,,333,0.11991357580122435,False,ALP>LNP>GRN>ON>IND
NSW,132,Mackellar,4,41968,Lisa Cotton,OTH,IND_MINOR,CENTRE_RIGHT,2777,False,True,41830,James Brown,LNP,LIB,,517,0.18617212819589485,False,ALP>LNP>GRN>ON>IND
NSW,132,Mackellar,4,41968,Lisa Cotton,OTH,IND_MINOR,CENTRE_RIGHT,2777,False,True,42046,Brad Hayman,ON,ON,,855,0.3078862081382787,False,ALP>LNP>GRN>ON>IND
NSW,132,Mackellar,5,42046,Brad Hayman,ON,ON,,5613,False,True,37450,Sophie Scamps,IND,IND_PROMINENT,CENTRE_LEFT,957,0.17049706039551044,False,ALP>LNP>GRN>IND
NSW,132,Mackellar,5,42046,Brad Hayman,ON,ON,,5613,False,True,41402,Jeffrey Quinn,ALP,ALP,,332,0.05914840548726171,False,ALP>LNP>GRN>IND
NSW,132,Mackellar,5,42046,Brad Hayman,ON,ON,,5613,False,True,41629,Ethan Hrnjak,GRN,GRN,,857,0.15268127561019063,False,ALP>LNP>GRN>IND
NSW,132,Mackellar,5,42046,Brad Hayman,ON,ON,,5613,False,True,41830,James Brown,LNP,LIB,,3467,0.6176732585070372,False,ALP>LNP>GRN>IND
NSW,132,Mackellar,6,41629,Ethan Hrnjak,GRN,GRN,,8252,False,True,37450,Sophie Scamps,IND,IND_PROMINENT,CENTRE_LEFT,4694,0.5688317983519147,False,ALP>LNP>IND
NSW,132,Mackellar,6,41629,Ethan Hrnjak,GRN,GRN,,8252,False,True,41402,Jeffrey Quinn,ALP,ALP,,2139,0.25920988851187593,False,ALP>LNP>IND
NSW,132,Mackellar,6,41629,Ethan Hrnjak,GRN,GRN,,8252,False,True,41830,James Brown,LNP,LIB,,1419,0.1719583131362094,False,ALP>LNP>IND
NSW,132,Mackellar,7,41402,Jeffrey Quinn,ALP,ALP,,16409,False,True,37450,Sophie Scamps,IND,IND_PROMINENT,CENTRE_LEFT,12735,0.7760984825400695,False,LNP>IND
NSW,132,Mackellar,7,41402,Jeffrey Quinn,ALP,ALP,,16409,False,True,41830,James Brown,LNP,LIB,,3674,0.22390151745993053,False,LNP>IND
NSW,133,Macquarie,1,41873,Joaquim Eduardo De Lima,OTH,OTH_LTP,RIGHT,1810,True,False,41425,Susan Templeman,ALP,ALP,,152,0.08397790055248619,False,ALP>LNP>GRN>ON>OTH
NSW,133,Macquarie,1,41873,Joaquim Eduardo De Lima,OTH,OTH_LTP,RIGHT,1810,True,False,41490,Mike Creed,LNP,LIB,,248,0.13701657458563535,False,ALP>LNP>GRN>ON>OTH
NSW,133,Macquarie,1,41873,Joaquim Eduardo De Lima,OTH,OTH_LTP,RIGHT,1810,True,False,41602,Terry Morgan,GRN,GRN,,154,0.08508287292817679,False,ALP>LNP>GRN>ON>OTH
NSW,133,Macquarie,1,41873,Joaquim Eduardo De Lima,OTH,OTH_LTP,RIGHT,1810,True,False,41801,Roger Gerard Bowen,OTH,OTH_FFPA,RIGHT,412,0.2276243093922652,True,ALP>LNP>GRN>ON>OTH
NSW,133,Macquarie,1,41873,Joaquim Eduardo De Lima,OTH,OTH_LTP,RIGHT,1810,True,False,41882,Matthew Jacobson,ON,ON,,844,0.4662983425414365,False,ALP>LNP>GRN>ON>OTH
NSW,133,Macquarie,2,41801,Roger Gerard Bowen,OTH,OTH_FFPA,RIGHT,3638,False,True,41425,Susan Templeman,ALP,ALP,,590,0.1621770203408466,False,ALP>LNP>GRN>ON
NSW,133,Macquarie,2,41801,Roger Gerard Bowen,OTH,OTH_FFPA,RIGHT,3638,False,True,41490,Mike Creed,LNP,LIB,,733,0.20148433205057725,False,ALP>LNP>GRN>ON
NSW,133,Macquarie,2,41801,Roger Gerard Bowen,OTH,OTH_FFPA,RIGHT,3638,False,True,41602,Terry Morgan,GRN,GRN,,431,0.11847168774051677,False,ALP>LNP>GRN>ON
NSW,133,Macquarie,2,41801,Roger Gerard Bowen,OTH,OTH_FFPA,RIGHT,3638,False,True,41882,Matthew Jacobson,ON,ON,,1884,0.5178669598680594,False,ALP>LNP>GRN>ON
NSW,133,Macquarie,3,41882,Matthew Jacobson,ON,ON,,12315,False,True,41425,Susan Templeman,ALP,ALP,,1997,0.16215996751928544,False,ALP>LNP>GRN
NSW,133,Macquarie,3,41882,Matthew Jacobson,ON,ON,,12315,False,True,41490,Mike Creed,LNP,LIB,,8705,0.706861550954121,False,ALP>LNP>GRN
NSW,133,Macquarie,3,41882,Matthew Jacobson,ON,ON,,12315,False,True,41602,Terry Morgan,GRN,GRN,,1613,0.13097848152659358,False,ALP>LNP>GRN
NSW,133,Macquarie,4,41602,Terry Morgan,GRN,GRN,,15864,False,True,41425,Susan Templeman,ALP,ALP,,13794,0.8695158850226928,False,ALP>LNP
NSW,133,Macquarie,4,41602,Terry Morgan,GRN,GRN,,15864,False,True,41490,Mike Creed,LNP,LIB,,2070,0.1304841149773071,False,ALP>LNP
NSW,315,McMahon,1,41884,Melissa Janicska,ON,ON,,8544,False,True,41416,Chris Bowen,ALP,ALP,,1271,0.14875936329588016,False,ALP>LNP>GRN>IND
NSW,315,McMahon,1,41884,Melissa Janicska,ON,ON,,8544,False,True,41484,Carmen Lazar,LNP,LIB,,3646,0.4267322097378277,False,ALP>LNP>GRN>IND
NSW,315,McMahon,1,41884,Melissa Janicska,ON,ON,,8544,False,True,41608,Ben Hammond,GRN,GRN,,651,0.0761938202247191,False,ALP>LNP>GRN>IND
NSW,315,McMahon,1,41884,Melissa Janicska,ON,ON,,8544,False,True,42062,Matthew Camenzuli,IND,IND_PROMINENT,CENTRE_RIGHT,2976,0.34831460674157305,False,ALP>LNP>GRN>IND
NSW,315,McMahon,2,41608,Ben Hammond,GRN,GRN,,9574,False,True,41416,Chris Bowen,ALP,ALP,,5867,0.6128055149362858,False,ALP>LNP>IND
NSW,315,McMahon,2,41608,Ben Hammond,GRN,GRN,,9574,False,True,41484,Carmen Lazar,LNP,LIB,,787,0.08220179653227491,False,ALP>LNP>IND
NSW,315,McMahon,2,41608,Ben Hammond,GRN,GRN,,9574,False,True,42062,Matthew Camenzuli,IND,IND_PROMINENT,CENTRE_RIGHT,2920,0.3049926885314393,False,ALP>LNP>IND
NSW,315,McMahon,3,42062,Matthew Camenzuli,IND,IND_PROMINENT,CENTRE_RIGHT,15509,False,True,41416,Chris Bowen,ALP,ALP,,6067,0.391192210974273,False,ALP>LNP
NSW,315,McMahon,3,42062,Matthew Camenzuli,IND,IND_PROMINENT,CENTRE_RIGHT,15509,False,True,41484,Carmen Lazar,LNP,LIB,,9442,0.608807789025727,False,ALP>LNP
NSW,134,Mitchell,1,41699,Mark Crocker,OTH,OTH_CYA,RIGHT,2675,False,True,41420,Dilvan Bircan,ALP,ALP,,362,0.13532710280373833,False,ALP>LNP>GRN>ON
NSW,134,Mitchell,1,41699,Mark Crocker,OTH,OTH_CYA,RIGHT,2675,False,True,41487,Alex Hawke,LNP,LIB,,683,0.2553271028037383,False,ALP>LNP>GRN>ON
NSW,134,Mitchell,1,41699,Mark Crocker,OTH,OTH_CYA,RIGHT,2675,False,True,41609,Ben Speechly,GRN,GRN,,271,0.10130841121495326,False,ALP>LNP>GRN>ON
NSW,134,Mitchell,1,41699,Mark Crocker,OTH,OTH_CYA,RIGHT,2675,False,True,41886,Brendan Mccreanor,ON,ON,,1359,0.5080373831775701,False,ALP>LNP>GRN>ON
NSW,134,Mitchell,2,41886,Brendan Mccreanor,ON,ON,,6039,False,True,41420,Dilvan Bircan,ALP,ALP,,1051,0.1740354363305183,False,ALP>LNP>GRN
NSW,134,Mitchell,2,41886,Brendan Mccreanor,ON,ON,,6039,False,True,41487,Alex Hawke,LNP,LIB,,4174,0.6911740354363305,False,ALP>LNP>GRN
NSW,134,Mitchell,2,41886,Brendan Mccreanor,ON,ON,,6039,False,True,41609,Ben Speechly,GRN,GRN,,814,0.13479052823315119,False,ALP>LNP>GRN
NSW,134,Mitchell,3,41609,Ben Speechly,GRN,GRN,,16129,False,True,41420,Dilvan Bircan,ALP,ALP,,12795,0.7932915865831731,False,ALP>LNP
NSW,134,Mitchell,3,41609,Ben Speechly,GRN,GRN,,16129,False,True,41487,Alex Hawke,LNP,LIB,,3334,0.20670841341682683,False,ALP>LNP
NSW,135,New England,1,41681,Todd Charles Juchau,OTH,OTH_CYA,RIGHT,3106,True,False,33409,Natasha Ledger,OTH,IND_MINOR,CENTRE,275,0.08853831294269157,True,ALP>LNP>GRN>ON>OTH
NSW,135,New England,1,41681,Todd Charles Juchau,OTH,OTH_CYA,RIGHT,3106,True,False,41423,Laura Hughes,ALP,ALP,,194,0.062459755312298776,False,ALP>LNP>GRN>ON>OTH
NSW,135,New England,1,41681,Todd Charles Juchau,OTH,OTH_CYA,RIGHT,3106,True,False,41622,Wendy Wales,GRN,GRN,,115,0.037025112685125566,False,ALP>LNP>GRN>ON>OTH
NSW,135,New England,1,41681,Todd Charles Juchau,OTH,OTH_CYA,RIGHT,3106,True,False,41805,Holly Masters,OTH,OTH_FFPA,RIGHT,373,0.12009014810045074,True,ALP>LNP>GRN>ON>OTH
NSW,135,New England,1,41681,Todd Charles Juchau,OTH,OTH_CYA,RIGHT,3106,True,False,41894,Brent Larkham,ON,ON,,1509,0.4858338699291693,False,ALP>LNP>GRN>ON>OTH
NSW,135,New England,1,41681,Todd Charles Juchau,OTH,OTH_CYA,RIGHT,3106,True,False,41945,Barnaby Joyce,LNP,NAT,,640,0.206052801030264,False,ALP>LNP>GRN>ON>OTH
NSW,135,New England,2,41805,Holly Masters,OTH,OTH_FFPA,RIGHT,4019,True,False,33409,Natasha Ledger,OTH,IND_MINOR,CENTRE,800,0.19905449116695695,True,ALP>LNP>GRN>ON>OTH
NSW,135,New England,2,41805,Holly Masters,OTH,OTH_FFPA,RIGHT,4019,True,False,41423,Laura Hughes,ALP,ALP,,524,0.13038069171435682,False,ALP>LNP>GRN>ON>OTH
NSW,135,New England,2,41805,Holly Masters,OTH,OTH_FFPA,RIGHT,4019,True,False,41622,Wendy Wales,GRN,GRN,,344,0.08559343120179148,False,ALP>LNP>GRN>ON>OTH
NSW,135,New England,2,41805,Holly Masters,OTH,OTH_FFPA,RIGHT,4019,True,False,41894,Brent Larkham,ON,ON,,1583,0.39387907439661607,False,ALP>LNP>GRN>ON>OTH
NSW,135,New England,2,41805,Holly Masters,OTH,OTH_FFPA,RIGHT,4019,True,False,41945,Barnaby Joyce,LNP,NAT,,768,0.19109231152027867,False,ALP>LNP>GRN>ON>OTH
NSW,135,New England,3,33409,Natasha Ledger,OTH,IND_MINOR,CENTRE,5315,False,True,41423,Laura Hughes,ALP,ALP,,1493,0.2809031044214487,False,ALP>LNP>GRN>ON
NSW,135,New England,3,33409,Natasha Ledger,OTH,IND_MINOR,CENTRE,5315,False,True,41622,Wendy Wales,GRN,GRN,,1339,0.251928504233302,False,ALP>LNP>GRN>ON
NSW,135,New England,3,33409,Natasha Ledger,OTH,IND_MINOR,CENTRE,5315,False,True,41894,Brent Larkham,ON,ON,,1293,0.24327375352775166,False,ALP>LNP>GRN>ON
NSW,135,New England,3,33409,Natasha Ledger,OTH,IND_MINOR,CENTRE,5315,False,True,41945,Barnaby Joyce,LNP,NAT,,1190,0.22389463781749766,False,ALP>LNP>GRN>ON
NSW,135,New England,4,41622,Wendy Wales,GRN,GRN,,10821,False,True,41423,Laura Hughes,ALP,ALP,,7713,0.7127807041863045,False,ALP>LNP>ON
NSW,135,New England,4,41622,Wendy Wales,GRN,GRN,,10821,False,True,41894,Brent Larkham,ON,ON,,1152,0.10645966176878292,False,ALP>LNP>ON
NSW,135,New England,4,41622,Wendy Wales,GRN,GRN,,10821,False,True,41945,Barnaby Joyce,LNP,NAT,,1956,0.18075963404491266,False,ALP>LNP>ON
NSW,135,New England,5,41894,Brent Larkham,ON,ON,,16924,False,True,41423,Laura Hughes,ALP,ALP,,4509,0.2664263767430867,False,ALP>LNP
NSW,135,New England,5,41894,Brent Larkham,ON,ON,,16924,False,True,41945,Barnaby Joyce,LNP,NAT,,12415,0.7335736232569132,False,ALP>LNP
NSW,136,Newcastle,1,41993,Robert Creech,OTH,OTH_UNAFFILIATED,UNKNOWN,888,True,False,41422,Sharon Claydon,ALP,ALP,,156,0.17567567567567569,False,ALP>LNP>GRN>ON>OTH
NSW,136,Newcastle,1,41993,Robert Creech,OTH,OTH_UNAFFILIATED,UNKNOWN,888,True,False,41488,Asarri Mcphee,LNP,LIB,,92,0.1036036036036036,False,ALP>LNP>GRN>ON>OTH
NSW,136,Newcastle,1,41993,Robert Creech,OTH,OTH_UNAFFILIATED,UNKNOWN,888,True,False,41620,Charlotte Mccabe,GRN,GRN,,164,0.18468468468468469,False,ALP>LNP>GRN>ON>OTH
NSW,136,Newcastle,1,41993,Robert Creech,OTH,OTH_UNAFFILIATED,UNKNOWN,888,True,False,41695,Jennifer Stefanac,OTH,OTH_CYA,RIGHT,79,0.08896396396396396,True,ALP>LNP>GRN>ON>OTH
NSW,136,Newcastle,1,41993,Robert Creech,OTH,OTH_UNAFFILIATED,UNKNOWN,888,True,False,41807,Jason Briggs,OTH,OTH_FFPA,RIGHT,174,0.19594594594594594,True,ALP>LNP>GRN>ON>OTH
NSW,136,Newcastle,1,41993,Robert Creech,OTH,OTH_UNAFFILIATED,UNKNOWN,888,True,False,41893,Phillip Heyne,ON,ON,,101,0.11373873873873874,False,ALP>LNP>GRN>ON>OTH
NSW,136,Newcastle,1,41993,Robert Creech,OTH,OTH_UNAFFILIATED,UNKNOWN,888,True,False,42049,Steve O'Brien,OTH,OTH_SAL,LEFT,122,0.1373873873873874,True,ALP>LNP>GRN>ON>OTH
NSW,136,Newcastle,2,42049,Steve O'Brien,OTH,OTH_SAL,LEFT,1778,True,False,41422,Sharon Claydon,ALP,ALP,,290,0.16310461192350956,False,ALP>LNP>GRN>ON>OTH
NSW,136,Newcastle,2,42049,Steve O'Brien,OTH,OTH_SAL,LEFT,1778,True,False,41488,Asarri Mcphee,LNP,LIB,,84,0.047244094488188976,False,ALP>LNP>GRN>ON>OTH
NSW,136,Newcastle,2,42049,Steve O'Brien,OTH,OTH_SAL,LEFT,1778,True,False,41620,Charlotte Mccabe,GRN,GRN,,1119,0.6293588301462317,False,ALP>LNP>GRN>ON>OTH
NSW,136,Newcastle,2,42049,Steve O'Brien,OTH,OTH_SAL,LEFT,1778,True,False,41695,Jennifer Stefanac,OTH,OTH_CYA,RIGHT,125,0.0703037120359955,True,ALP>LNP>GRN>ON>OTH
NSW,136,Newcastle,2,42049,Steve O'Brien,OTH,OTH_SAL,LEFT,1778,True,False,41807,Jason Briggs,OTH,OTH_FFPA,RIGHT,99,0.05568053993250844,True,ALP>LNP>GRN>ON>OTH
NSW,136,Newcastle,2,42049,Steve O'Brien,OTH,OTH_SAL,LEFT,1778,True,False,41893,Phillip Heyne,ON,ON,,61,0.0343082114735658,False,ALP>LNP>GRN>ON>OTH
NSW,136,Newcastle,3,41807,Jason Briggs,OTH,OTH_FFPA,RIGHT,2592,True,False,41422,Sharon Claydon,ALP,ALP,,441,0.1701388888888889,False,ALP>LNP>GRN>ON>OTH
NSW,136,Newcastle,3,41807,Jason Briggs,OTH,OTH_FFPA,RIGHT,2592,True,False,41488,Asarri Mcphee,LNP,LIB,,510,0.19675925925925927,False,ALP>LNP>GRN>ON>OTH
NSW,136,Newcastle,3,41807,Jason Briggs,OTH,OTH_FFPA,RIGHT,2592,True,False,41620,Charlotte Mccabe,GRN,GRN,,355,0.13695987654320987,False,ALP>LNP>GRN>ON>OTH
NSW,136,Newcastle,3,41807,Jason Briggs,OTH,OTH_FFPA,RIGHT,2592,True,False,41695,Jennifer Stefanac,OTH,OTH_CYA,RIGHT,375,0.14467592592592593,True,ALP>LNP>GRN>ON>OTH
NSW,136,Newcastle,3,41807,Jason Briggs,OTH,OTH_FFPA,RIGHT,2592,True,False,41893,Phillip Heyne,ON,ON,,911,0.35146604938271603,False,ALP>LNP>GRN>ON>OTH
NSW,136,Newcastle,4,41695,Jennifer Stefanac,OTH,OTH_CYA,RIGHT,4440,False,True,41422,Sharon Claydon,ALP,ALP,,623,0.14031531531531533,False,ALP>LNP>GRN>ON
NSW,136,Newcastle,4,41695,Jennifer Stefanac,OTH,OTH_CYA,RIGHT,4440,False,True,41488,Asarri Mcphee,LNP,LIB,,782,0.17612612612612613,False,ALP>LNP>GRN>ON
NSW,136,Newcastle,4,41695,Jennifer Stefanac,OTH,OTH_CYA,RIGHT,4440,False,True,41620,Charlotte Mccabe,GRN,GRN,,1077,0.24256756756756756,False,ALP>LNP>GRN>ON
NSW,136,Newcastle,4,41695,Jennifer Stefanac,OTH,OTH_CYA,RIGHT,4440,False,True,41893,Phillip Heyne,ON,ON,,1958,0.440990990990991,False,ALP>LNP>GRN>ON
NSW,136,Newcastle,5,41893,Phillip Heyne,ON,ON,,8820,False,True,41422,Sharon Claydon,ALP,ALP,,1892,0.2145124716553288,False,ALP>LNP>GRN
NSW,136,Newcastle,5,41893,Phillip Heyne,ON,ON,,8820,False,True,41488,Asarri Mcphee,LNP,LIB,,5064,0.5741496598639456,False,ALP>LNP>GRN
NSW,136,Newcastle,5,41893,Phillip Heyne,ON,ON,,8820,False,True,41620,Charlotte Mccabe,GRN,GRN,,1864,0.2113378684807256,False,ALP>LNP>GRN
NSW,136,Newcastle,6,41488,Asarri Mcphee,LNP,LIB,,27170,False,True,41422,Sharon Claydon,ALP,ALP,,18788,0.691497975708502,False,ALP>GRN
NSW,136,Newcastle,6,41488,Asarri Mcphee,LNP,LIB,,27170,False,True,41620,Charlotte Mccabe,GRN,GRN,,8382,0.308502024291498,False,ALP>GRN
NSW,138,Page,1,40865,Jennifer Baker,OTH,OTH_CEC,CENTRE,739,True,False,41431,Wendy Backhous,ALP,ALP,,92,0.12449255751014884,False,ALP>LNP>GRN>ON>OTH
NSW,138,Page,1,40865,Jennifer Baker,OTH,OTH_CEC,CENTRE,739,True,False,41623,Luke Robinson,GRN,GRN,,88,0.11907983761840325,False,ALP>LNP>GRN>ON>OTH
NSW,138,Page,1,40865,Jennifer Baker,OTH,OTH_CEC,CENTRE,739,True,False,41692,Donna Lee Pike,OTH,OTH_CYA,RIGHT,63,0.08525033829499323,True,ALP>LNP>GRN>ON>OTH
NSW,138,Page,1,40865,Jennifer Baker,OTH,OTH_CEC,CENTRE,739,True,False,41831,Josh Pianca,OTH,OTH_ASP,CENTRE_RIGHT,38,0.05142083897158322,True,ALP>LNP>GRN>ON>OTH
NSW,138,Page,1,40865,Jennifer Baker,OTH,OTH_CEC,CENTRE,739,True,False,41840,Andrew Grady,OTH,OTH_FFPA,RIGHT,109,0.14749661705006767,True,ALP>LNP>GRN>ON>OTH
NSW,138,Page,1,40865,Jennifer Baker,OTH,OTH_CEC,CENTRE,739,True,False,41865,Brenton Williams,OTH,OTH_LTP,RIGHT,60,0.08119079837618404,True,ALP>LNP>GRN>ON>OTH
NSW,138,Page,1,40865,Jennifer Baker,OTH,OTH_CEC,CENTRE,739,True,False,41896,Peter Nottle,ON,ON,,65,0.08795669824086604,False,ALP>LNP>GRN>ON>OTH
NSW,138,Page,1,40865,Jennifer Baker,OTH,OTH_CEC,CENTRE,739,True,False,41949,Kevin Hogan,LNP,NAT,,105,0.14208389715832206,False,ALP>LNP>GRN>ON>OTH
NSW,138,Page,1,40865,Jennifer Baker,OTH,OTH_CEC,CENTRE,739,True,False,41974,Jordan Colless,OTH,IND_MINOR,CENTRE_LEFT,41,0.05548037889039242,True,ALP>LNP>GRN>ON>OTH
NSW,138,Page,1,40865,Jennifer Baker,OTH,OTH_CEC,CENTRE,739,True,False,42084,Richard Wells,OTH,IND_MINOR,CENTRE_LEFT,78,0.10554803788903924,True,ALP>LNP>GRN>ON>OTH
NSW,138,Page,2,41974,Jordan Colless,OTH,IND_MINOR,CENTRE_LEFT,1472,True,False,41431,Wendy Backhous,ALP,ALP,,182,0.12364130434782608,False,ALP>LNP>GRN>ON>OTH
NSW,138,Page,2,41974,Jordan Colless,OTH,IND_MINOR,CENTRE_LEFT,1472,True,False,41623,Luke Robinson,GRN,GRN,,391,0.265625,False,ALP>LNP>GRN>ON>OTH
NSW,138,Page,2,41974,Jordan Colless,OTH,IND_MINOR,CENTRE_LEFT,1472,True,False,41692,Donna Lee Pike,OTH,OTH_CYA,RIGHT,28,0.019021739130434784,True,ALP>LNP>GRN>ON>OTH
NSW,138,Page,2,41974,Jordan Colless,OTH,IND_MINOR,CENTRE_LEFT,1472,True,False,41831,Josh Pianca,OTH,OTH_ASP,CENTRE_RIGHT,67,0.04551630434782609,True,ALP>LNP>GRN>ON>OTH
NSW,138,Page,2,41974,Jordan Colless,OTH,IND_MINOR,CENTRE_LEFT,1472,True,False,41840,Andrew Grady,OTH,OTH_FFPA,RIGHT,82,0.05570652173913043,True,ALP>LNP>GRN>ON>OTH
NSW,138,Page,2,41974,Jordan Colless,OTH,IND_MINOR,CENTRE_LEFT,1472,True,False,41865,Brenton Williams,OTH,OTH_LTP,RIGHT,35,0.02377717391304348,True,ALP>LNP>GRN>ON>OTH
NSW,138,Page,2,41974,Jordan Colless,OTH,IND_MINOR,CENTRE_LEFT,1472,True,False,41896,Peter Nottle,ON,ON,,78,0.05298913043478261,False,ALP>LNP>GRN>ON>OTH
NSW,138,Page,2,41974,Jordan Colless,OTH,IND_MINOR,CENTRE_LEFT,1472,True,False,41949,Kevin Hogan,LNP,NAT,,83,0.05638586956521739,False,ALP>LNP>GRN>ON>OTH
NSW,138,Page,2,41974,Jordan Colless,OTH,IND_MINOR,CENTRE_LEFT,1472,True,False,42084,Richard Wells,OTH,IND_MINOR,CENTRE_LEFT,526,0.35733695652173914,True,ALP>LNP>GRN>ON>OTH
NSW,138,Page,3,41865,Brenton Williams,OTH,OTH_LTP,RIGHT,1590,True,False,41431,Wendy Backhous,ALP,ALP,,93,0.05849056603773585,False,ALP>LNP>GRN>ON>OTH
NSW,138,Page,3,41865,Brenton Williams,OTH,OTH_LTP,RIGHT,1590,True,False,41623,Luke Robinson,GRN,GRN,,110,0.06918238993710692,False,ALP>LNP>GRN>ON>OTH
NSW,138,Page,3,41865,Brenton Williams,OTH,OTH_LTP,RIGHT,1590,True,False,41692,Donna Lee Pike,OTH,OTH_CYA,RIGHT,158,0.09937106918238994,True,ALP>LNP>GRN>ON>OTH
NSW,138,Page,3,41865,Brenton Williams,OTH,OTH_LTP,RIGHT,1590,True,False,41831,Josh Pianca,OTH,OTH_ASP,CENTRE_RIGHT,248,0.1559748427672956,True,ALP>LNP>GRN>ON>OTH
NSW,138,Page,3,41865,Brenton Williams,OTH,OTH_LTP,RIGHT,1590,True,False,41840,Andrew Grady,OTH,OTH_FFPA,RIGHT,260,0.16352201257861634,True,ALP>LNP>GRN>ON>OTH
NSW,138,Page,3,41865,Brenton Williams,OTH,OTH_LTP,RIGHT,1590,True,False,41896,Peter Nottle,ON,ON,,358,0.22515723270440252,False,ALP>LNP>GRN>ON>OTH
NSW,138,Page,3,41865,Brenton Williams,OTH,OTH_LTP,RIGHT,1590,True,False,41949,Kevin Hogan,LNP,NAT,,225,0.14150943396226415,False,ALP>LNP>GRN>ON>OTH
NSW,138,Page,3,41865,Brenton Williams,OTH,OTH_LTP,RIGHT,1590,True,False,42084,Richard Wells,OTH,IND_MINOR,CENTRE_LEFT,138,0.08679245283018867,True,ALP>LNP>GRN>ON>OTH
NSW,138,Page,4,41840,Andrew Grady,OTH,OTH_FFPA,RIGHT,2686,True,False,41431,Wendy Backhous,ALP,ALP,,119,0.04430379746835443,False,ALP>LNP>GRN>ON>OTH
NSW,138,Page,4,41840,Andrew Grady,OTH,OTH_FFPA,RIGHT,2686,True,False,41623,Luke Robinson,GRN,GRN,,184,0.06850335070737155,False,ALP>LNP>GRN>ON>OTH
NSW,138,Page,4,41840,Andrew Grady,OTH,OTH_FFPA,RIGHT,2686,True,False,41692,Donna Lee Pike,OTH,OTH_CYA,RIGHT,226,0.08413998510796723,True,ALP>LNP>GRN>ON>OTH
NSW,138,Page,4,41840,Andrew Grady,OTH,OTH_FFPA,RIGHT,2686,True,False,41831,Josh Pianca,OTH,OTH_ASP,CENTRE_RIGHT,225,0.08376768428890544,True,ALP>LNP>GRN>ON>OTH
NSW,138,Page,4,41840,Andrew Grady,OTH,OTH_FFPA,RIGHT,2686,True,False,41896,Peter Nottle,ON,ON,,1355,0.5044676098287416,False,ALP>LNP>GRN>ON>OTH
NSW,138,Page,4,41840,Andrew Grady,OTH,OTH_FFPA,RIGHT,2686,True,False,41949,Kevin Hogan,LNP,NAT,,351,0.13067758749069247,False,ALP>LNP>GRN>ON>OTH
NSW,138,Page,4,41840,Andrew Grady,OTH,OTH_FFPA,RIGHT,2686,True,False,42084,Richard Wells,OTH,IND_MINOR,CENTRE_LEFT,226,0.08413998510796723,True,ALP>LNP>GRN>ON>OTH
NSW,138,Page,5,41831,Josh Pianca,OTH,OTH_ASP,CENTRE_RIGHT,2923,True,False,41431,Wendy Backhous,ALP,ALP,,275,0.09408142319534725,False,ALP>LNP>GRN>ON>OTH
NSW,138,Page,5,41831,Josh Pianca,OTH,OTH_ASP,CENTRE_RIGHT,2923,True,False,41623,Luke Robinson,GRN,GRN,,248,0.08484433800889497,False,ALP>LNP>GRN>ON>OTH
NSW,138,Page,5,41831,Josh Pianca,OTH,OTH_ASP,CENTRE_RIGHT,2923,True,False,41692,Donna Lee Pike,OTH,OTH_CYA,RIGHT,266,0.09100239479986315,True,ALP>LNP>GRN>ON>OTH
NSW,138,Page,5,41831,Josh Pianca,OTH,OTH_ASP,CENTRE_RIGHT,2923,True,False,41896,Peter Nottle,ON,ON,,1188,0.4064317482039001,False,ALP>LNP>GRN>ON>OTH
NSW,138,Page,5,41831,Josh Pianca,OTH,OTH_ASP,CENTRE_RIGHT,2923,True,False,41949,Kevin Hogan,LNP,NAT,,505,0.17276770441327402,False,ALP>LNP>GRN>ON>OTH
NSW,138,Page,5,41831,Josh Pianca,OTH,OTH_ASP,CENTRE_RIGHT,2923,True,False,42084,Richard Wells,OTH,IND_MINOR,CENTRE_LEFT,441,0.1508723913787205,True,ALP>LNP>GRN>ON>OTH
NSW,138,Page,6,42084,Richard Wells,OTH,IND_MINOR,CENTRE_LEFT,3669,True,False,41431,Wendy Backhous,ALP,ALP,,836,0.22785500136276915,False,ALP>LNP>GRN>ON>OTH
NSW,138,Page,6,42084,Richard Wells,OTH,IND_MINOR,CENTRE_LEFT,3669,True,False,41623,Luke Robinson,GRN,GRN,,720,0.19623875715453803,False,ALP>LNP>GRN>ON>OTH
NSW,138,Page,6,42084,Richard Wells,OTH,IND_MINOR,CENTRE_LEFT,3669,True,False,41692,Donna Lee Pike,OTH,OTH_CYA,RIGHT,998,0.2720087217225402,True,ALP>LNP>GRN>ON>OTH
NSW,138,Page,6,42084,Richard Wells,OTH,IND_MINOR,CENTRE_LEFT,3669,True,False,41896,Peter Nottle,ON,ON,,528,0.1439084219133279,False,ALP>LNP>GRN>ON>OTH
NSW,138,Page,6,42084,Richard Wells,OTH,IND_MINOR,CENTRE_LEFT,3669,True,False,41949,Kevin Hogan,LNP,NAT,,587,0.15998909784682475,False,ALP>LNP>GRN>ON>OTH
NSW,138,Page,7,41692,Donna Lee Pike,OTH,OTH_CYA,RIGHT,4671,False,True,41431,Wendy Backhous,ALP,ALP,,964,0.20637979019481908,False,ALP>LNP>GRN>ON
NSW,138,Page,7,41692,Donna Lee Pike,OTH,OTH_CYA,RIGHT,4671,False,True,41623,Luke Robinson,GRN,GRN,,344,0.07364590023549561,False,ALP>LNP>GRN>ON
NSW,138,Page,7,41692,Donna Lee Pike,OTH,OTH_CYA,RIGHT,4671,False,True,41896,Peter Nottle,ON,ON,,2340,0.5009633911368016,False,ALP>LNP>GRN>ON
NSW,138,Page,7,41692,Donna Lee Pike,OTH,OTH_CYA,RIGHT,4671,False,True,41949,Kevin Hogan,LNP,NAT,,1023,0.21901091843288376,False,ALP>LNP>GRN>ON
NSW,138,Page,8,41896,Peter Nottle,ON,ON,,12044,False,True,41431,Wendy Backhous,ALP,ALP,,1453,0.12064098306210562,False,ALP>LNP>GRN
NSW,138,Page,8,41896,Peter Nottle,ON,ON,,12044,False,True,41623,Luke Robinson,GRN,GRN,,2352,0.19528395881766855,False,ALP>LNP>GRN
NSW,138,Page,8,41896,Peter Nottle,ON,ON,,12044,False,True,41949,Kevin Hogan,LNP,NAT,,8239,0.6840750581202258,False,ALP>LNP>GRN
NSW,138,Page,9,41623,Luke Robinson,GRN,GRN,,20702,False,True,41431,Wendy Backhous,ALP,ALP,,16081,0.7767848517051492,False,ALP>LNP
NSW,138,Page,9,41623,Luke Robinson,GRN,GRN,,20702,False,True,41949,Kevin Hogan,LNP,NAT,,4621,0.22321514829485073,False,ALP>LNP
NSW,139,Parkes,1,41686,Petrus Van Der Steen,OTH,OTH_CYA,RIGHT,2556,True,False,36058,Stuart Howe,OTH,IND_MINOR,CENTRE,123,0.04812206572769953,True,ALP>LNP>GRN>ON>OTH
NSW,139,Parkes,1,41686,Petrus Van Der Steen,OTH,OTH_CYA,RIGHT,2556,True,False,41429,Nathan Fell,ALP,ALP,,157,0.06142410015649452,False,ALP>LNP>GRN>ON>OTH
NSW,139,Parkes,1,41686,Petrus Van Der Steen,OTH,OTH_CYA,RIGHT,2556,True,False,41621,Trish Frail,GRN,GRN,,150,0.05868544600938967,False,ALP>LNP>GRN>ON>OTH
NSW,139,Parkes,1,41686,Petrus Van Der Steen,OTH,OTH_CYA,RIGHT,2556,True,False,41820,Maurice Davey,OTH,OTH_FFPA,RIGHT,169,0.0661189358372457,True,ALP>LNP>GRN>ON>OTH
NSW,139,Parkes,1,41686,Petrus Van Der Steen,OTH,OTH_CYA,RIGHT,2556,True,False,41844,Sally Edwards,OTH,OTH_LTP,RIGHT,121,0.047339593114241005,True,ALP>LNP>GRN>ON>OTH
NSW,139,Parkes,1,41686,Petrus Van Der Steen,OTH,OTH_CYA,RIGHT,2556,True,False,41846,Stephen Pope,OTH,OTH_ASP,CENTRE_RIGHT,400,0.1564945226917058,True,ALP>LNP>GRN>ON>OTH
NSW,139,Parkes,1,41686,Petrus Van Der Steen,OTH,OTH_CYA,RIGHT,2556,True,False,41914,Mark Carter,ON,ON,,989,0.38693270735524254,False,ALP>LNP>GRN>ON>OTH
NSW,139,Parkes,1,41686,Petrus Van Der Steen,OTH,OTH_CYA,RIGHT,2556,True,False,41950,Jamie Chaffey,LNP,NAT,,298,0.11658841940532082,False,ALP>LNP>GRN>ON>OTH
NSW,139,Parkes,1,41686,Petrus Van Der Steen,OTH,OTH_CYA,RIGHT,2556,True,False,42085,Bob Wilson,OTH,OTH_IAP,LEFT,149,0.05829420970266041,True,ALP>LNP>GRN>ON>OTH
NSW,139,Parkes,2,36058,Stuart Howe,OTH,IND_MINOR,CENTRE,2720,True,False,41429,Nathan Fell,ALP,ALP,,348,0.12794117647058822,False,ALP>LNP>GRN>ON>OTH
NSW,139,Parkes,2,36058,Stuart Howe,OTH,IND_MINOR,CENTRE,2720,True,False,41621,Trish Frail,GRN,GRN,,210,0.07720588235294118,False,ALP>LNP>GRN>ON>OTH
NSW,139,Parkes,2,36058,Stuart Howe,OTH,IND_MINOR,CENTRE,2720,True,False,41820,Maurice Davey,OTH,OTH_FFPA,RIGHT,327,0.12022058823529412,True,ALP>LNP>GRN>ON>OTH
NSW,139,Parkes,2,36058,Stuart Howe,OTH,IND_MINOR,CENTRE,2720,True,False,41844,Sally Edwards,OTH,OTH_LTP,RIGHT,673,0.2474264705882353,True,ALP>LNP>GRN>ON>OTH
NSW,139,Parkes,2,36058,Stuart Howe,OTH,IND_MINOR,CENTRE,2720,True,False,41846,Stephen Pope,OTH,OTH_ASP,CENTRE_RIGHT,319,0.11727941176470588,True,ALP>LNP>GRN>ON>OTH
NSW,139,Parkes,2,36058,Stuart Howe,OTH,IND_MINOR,CENTRE,2720,True,False,41914,Mark Carter,ON,ON,,363,0.13345588235294117,False,ALP>LNP>GRN>ON>OTH
NSW,139,Parkes,2,36058,Stuart Howe,OTH,IND_MINOR,CENTRE,2720,True,False,41950,Jamie Chaffey,LNP,NAT,,357,0.13125,False,ALP>LNP>GRN>ON>OTH
NSW,139,Parkes,2,36058,Stuart Howe,OTH,IND_MINOR,CENTRE,2720,True,False,42085,Bob Wilson,OTH,OTH_IAP,LEFT,123,0.04522058823529412,True,ALP>LNP>GRN>ON>OTH
NSW,139,Parkes,3,41820,Maurice Davey,OTH,OTH_FFPA,RIGHT,3186,True,False,41429,Nathan Fell,ALP,ALP,,338,0.10608913998744507,False,ALP>LNP>GRN>ON>OTH
NSW,139,Parkes,3,41820,Maurice Davey,OTH,OTH_FFPA,RIGHT,3186,True,False,41621,Trish Frail,GRN,GRN,,181,0.05681104833647207,False,ALP>LNP>GRN>ON>OTH
NSW,139,Parkes,3,41820,Maurice Davey,OTH,OTH_FFPA,RIGHT,3186,True,False,41844,Sally Edwards,OTH,OTH_LTP,RIGHT,653,0.20495919648462022,True,ALP>LNP>GRN>ON>OTH
NSW,139,Parkes,3,41820,Maurice Davey,OTH,OTH_FFPA,RIGHT,3186,True,False,41846,Stephen Pope,OTH,OTH_ASP,CENTRE_RIGHT,404,0.12680477087256747,True,ALP>LNP>GRN>ON>OTH
NSW,139,Parkes,3,41820,Maurice Davey,OTH,OTH_FFPA,RIGHT,3186,True,False,41914,Mark Carter,ON,ON,,670,0.21029504080351538,False,ALP>LNP>GRN>ON>OTH
NSW,139,Parkes,3,41820,Maurice Davey,OTH,OTH_FFPA,RIGHT,3186,True,False,41950,Jamie Chaffey,LNP,NAT,,670,0.21029504080351538,False,ALP>LNP>GRN>ON>OTH
NSW,139,Parkes,3,41820,Maurice Davey,OTH,OTH_FFPA,RIGHT,3186,True,False,42085,Bob Wilson,OTH,OTH_IAP,LEFT,270,0.0847457627118644,True,ALP>LNP>GRN>ON>OTH
NSW,139,Parkes,4,42085,Bob Wilson,OTH,OTH_IAP,LEFT,3659,True,False,41429,Nathan Fell,ALP,ALP,,1034,0.28259087182290243,False,ALP>LNP>GRN>ON>OTH
NSW,139,Parkes,4,42085,Bob Wilson,OTH,OTH_IAP,LEFT,3659,True,False,41621,Trish Frail,GRN,GRN,,876,0.23940967477452857,False,ALP>LNP>GRN>ON>OTH
NSW,139,Parkes,4,42085,Bob Wilson,OTH,OTH_IAP,LEFT,3659,True,False,41844,Sally Edwards,OTH,OTH_LTP,RIGHT,265,0.07242415960644985,True,ALP>LNP>GRN>ON>OTH
NSW,139,Parkes,4,42085,Bob Wilson,OTH,OTH_IAP,LEFT,3659,True,False,41846,Stephen Pope,OTH,OTH_ASP,CENTRE_RIGHT,676,0.18474993167532114,True,ALP>LNP>GRN>ON>OTH
NSW,139,Parkes,4,42085,Bob Wilson,OTH,OTH_IAP,LEFT,3659,True,False,41914,Mark Carter,ON,ON,,409,0.1117791746378792,False,ALP>LNP>GRN>ON>OTH
NSW,139,Parkes,4,42085,Bob Wilson,OTH,OTH_IAP,LEFT,3659,True,False,41950,Jamie Chaffey,LNP,NAT,,399,0.10904618748291883,False,ALP>LNP>GRN>ON>OTH
NSW,139,Parkes,5,41844,Sally Edwards,OTH,OTH_LTP,RIGHT,5597,True,False,41429,Nathan Fell,ALP,ALP,,588,0.1050562801500804,False,ALP>LNP>GRN>ON>OTH
NSW,139,Parkes,5,41844,Sally Edwards,OTH,OTH_LTP,RIGHT,5597,True,False,41621,Trish Frail,GRN,GRN,,438,0.07825620868322315,False,ALP>LNP>GRN>ON>OTH
NSW,139,Parkes,5,41844,Sally Edwards,OTH,OTH_LTP,RIGHT,5597,True,False,41846,Stephen Pope,OTH,OTH_ASP,CENTRE_RIGHT,1135,0.20278720743255316,True,ALP>LNP>GRN>ON>OTH
NSW,139,Parkes,5,41844,Sally Edwards,OTH,OTH_LTP,RIGHT,5597,True,False,41914,Mark Carter,ON,ON,,1886,0.3369662319099518,False,ALP>LNP>GRN>ON>OTH
NSW,139,Parkes,5,41844,Sally Edwards,OTH,OTH_LTP,RIGHT,5597,True,False,41950,Jamie Chaffey,LNP,NAT,,1550,0.27693407182419155,False,ALP>LNP>GRN>ON>OTH
NSW,139,Parkes,6,41621,Trish Frail,GRN,GRN,,8259,False,True,41429,Nathan Fell,ALP,ALP,,4632,0.5608427170359608,False,ALP>LNP>ON>OTH
NSW,139,Parkes,6,41621,Trish Frail,GRN,GRN,,8259,False,True,41846,Stephen Pope,OTH,OTH_ASP,CENTRE_RIGHT,1699,0.20571497760019372,False,ALP>LNP>ON>OTH
NSW,139,Parkes,6,41621,Trish Frail,GRN,GRN,,8259,False,True,41914,Mark Carter,ON,ON,,866,0.10485530935948661,False,ALP>LNP>ON>OTH
NSW,139,Parkes,6,41621,Trish Frail,GRN,GRN,,8259,False,True,41950,Jamie Chaffey,LNP,NAT,,1062,0.12858699600435888,False,ALP>LNP>ON>OTH
NSW,139,Parkes,7,41846,Stephen Pope,OTH,OTH_ASP,CENTRE_RIGHT,11409,False,True,41429,Nathan Fell,ALP,ALP,,2610,0.22876676308177754,False,ALP>LNP>ON
NSW,139,Parkes,7,41846,Stephen Pope,OTH,OTH_ASP,CENTRE_RIGHT,11409,False,True,41914,Mark Carter,ON,ON,,5943,0.5209045490402314,False,ALP>LNP>ON
NSW,139,Parkes,7,41846,Stephen Pope,OTH,OTH_ASP,CENTRE_RIGHT,11409,False,True,41950,Jamie Chaffey,LNP,NAT,,2856,0.25032868787799106,False,ALP>LNP>ON
NSW,139,Parkes,8,41914,Mark Carter,ON,ON,,25446,False,True,41429,Nathan Fell,ALP,ALP,,8503,0.33415861039063116,False,ALP>LNP
NSW,139,Parkes,8,41914,Mark Carter,ON,ON,,25446,False,True,41950,Jamie Chaffey,LNP,NAT,,16943,0.6658413896093689,False,ALP>LNP
NSW,140,Parramatta,1,40610,Maa Malini,OTH,IND_MINOR,CENTRE_LEFT,1018,True,False,41424,Andrew Charlton,ALP,ALP,,216,0.21218074656188604,False,ALP>LNP>GRN>ON>OTH
NSW,140,Parramatta,1,40610,Maa Malini,OTH,IND_MINOR,CENTRE_LEFT,1018,True,False,41483,Katie Mullens,LNP,LIB,,106,0.10412573673870335,False,ALP>LNP>GRN>ON>OTH
NSW,140,Parramatta,1,40610,Maa Malini,OTH,IND_MINOR,CENTRE_LEFT,1018,True,False,41631,Liz Tilly,GRN,GRN,,168,0.1650294695481336,False,ALP>LNP>GRN>ON>OTH
NSW,140,Parramatta,1,40610,Maa Malini,OTH,IND_MINOR,CENTRE_LEFT,1018,True,False,41691,Ganesh Loke,OTH,OTH_CYA,RIGHT,74,0.07269155206286837,True,ALP>LNP>GRN>ON>OTH
NSW,140,Parramatta,1,40610,Maa Malini,OTH,IND_MINOR,CENTRE_LEFT,1018,True,False,41872,Ben Somerson,OTH,OTH_LTP,RIGHT,37,0.036345776031434185,True,ALP>LNP>GRN>ON>OTH
NSW,140,Parramatta,1,40610,Maa Malini,OTH,IND_MINOR,CENTRE_LEFT,1018,True,False,41899,Nicholas Matzen,ON,ON,,53,0.05206286836935167,False,ALP>LNP>GRN>ON>OTH
NSW,140,Parramatta,1,40610,Maa Malini,OTH,IND_MINOR,CENTRE_LEFT,1018,True,False,42020,Tanya-lee Quinn,OTH,IND_MINOR,CENTRE_LEFT,364,0.3575638506876228,True,ALP>LNP>GRN>ON>OTH
NSW,140,Parramatta,2,41872,Ben Somerson,OTH,OTH_LTP,RIGHT,1559,True,False,41424,Andrew Charlton,ALP,ALP,,116,0.07440667094291212,False,ALP>LNP>GRN>ON>OTH
NSW,140,Parramatta,2,41872,Ben Somerson,OTH,OTH_LTP,RIGHT,1559,True,False,41483,Katie Mullens,LNP,LIB,,217,0.13919178960872355,False,ALP>LNP>GRN>ON>OTH
NSW,140,Parramatta,2,41872,Ben Somerson,OTH,OTH_LTP,RIGHT,1559,True,False,41631,Liz Tilly,GRN,GRN,,118,0.07568954457985888,False,ALP>LNP>GRN>ON>OTH
NSW,140,Parramatta,2,41872,Ben Somerson,OTH,OTH_LTP,RIGHT,1559,True,False,41691,Ganesh Loke,OTH,OTH_CYA,RIGHT,272,0.17447081462475947,True,ALP>LNP>GRN>ON>OTH
NSW,140,Parramatta,2,41872,Ben Somerson,OTH,OTH_LTP,RIGHT,1559,True,False,41899,Nicholas Matzen,ON,ON,,593,0.38037203335471453,False,ALP>LNP>GRN>ON>OTH
NSW,140,Parramatta,2,41872,Ben Somerson,OTH,OTH_LTP,RIGHT,1559,True,False,42020,Tanya-lee Quinn,OTH,IND_MINOR,CENTRE_LEFT,243,0.15586914688903142,True,ALP>LNP>GRN>ON>OTH
NSW,140,Parramatta,3,42020,Tanya-lee Quinn,OTH,IND_MINOR,CENTRE_LEFT,2106,True,False,41424,Andrew Charlton,ALP,ALP,,521,0.24738841405508072,False,ALP>LNP>GRN>ON>OTH
NSW,140,Parramatta,3,42020,Tanya-lee Quinn,OTH,IND_MINOR,CENTRE_LEFT,2106,True,False,41483,Katie Mullens,LNP,LIB,,324,0.15384615384615385,False,ALP>LNP>GRN>ON>OTH
NSW,140,Parramatta,3,42020,Tanya-lee Quinn,OTH,IND_MINOR,CENTRE_LEFT,2106,True,False,41631,Liz Tilly,GRN,GRN,,622,0.29534662867996203,False,ALP>LNP>GRN>ON>OTH
NSW,140,Parramatta,3,42020,Tanya-lee Quinn,OTH,IND_MINOR,CENTRE_LEFT,2106,True,False,41691,Ganesh Loke,OTH,OTH_CYA,RIGHT,285,0.13532763532763534,True,ALP>LNP>GRN>ON>OTH
NSW,140,Parramatta,3,42020,Tanya-lee Quinn,OTH,IND_MINOR,CENTRE_LEFT,2106,True,False,41899,Nicholas Matzen,ON,ON,,354,0.16809116809116809,False,ALP>LNP>GRN>ON>OTH
NSW,140,Parramatta,4,41691,Ganesh Loke,OTH,OTH_CYA,RIGHT,3076,False,True,41424,Andrew Charlton,ALP,ALP,,406,0.13198959687906373,False,ALP>LNP>GRN>ON
NSW,140,Parramatta,4,41691,Ganesh Loke,OTH,OTH_CYA,RIGHT,3076,False,True,41483,Katie Mullens,LNP,LIB,,540,0.1755526657997399,False,ALP>LNP>GRN>ON
NSW,140,Parramatta,4,41691,Ganesh Loke,OTH,OTH_CYA,RIGHT,3076,False,True,41631,Liz Tilly,GRN,GRN,,1001,0.3254226267880364,False,ALP>LNP>GRN>ON
NSW,140,Parramatta,4,41691,Ganesh Loke,OTH,OTH_CYA,RIGHT,3076,False,True,41899,Nicholas Matzen,ON,ON,,1129,0.36703511053315996,False,ALP>LNP>GRN>ON
NSW,140,Parramatta,5,41899,Nicholas Matzen,ON,ON,,4782,False,True,41424,Andrew Charlton,ALP,ALP,,665,0.13906315349226264,False,ALP>LNP>GRN
NSW,140,Parramatta,5,41899,Nicholas Matzen,ON,ON,,4782,False,True,41483,Katie Mullens,LNP,LIB,,3204,0.6700125470514429,False,ALP>LNP>GRN
NSW,140,Parramatta,5,41899,Nicholas Matzen,ON,ON,,4782,False,True,41631,Liz Tilly,GRN,GRN,,913,0.19092429945629444,False,ALP>LNP>GRN
NSW,140,Parramatta,6,41631,Liz Tilly,GRN,GRN,,14588,False,True,41424,Andrew Charlton,ALP,ALP,,12439,0.8526871401151631,False,ALP>LNP
NSW,140,Parramatta,6,41631,Liz Tilly,GRN,GRN,,14588,False,True,41483,Katie Mullens,LNP,LIB,,2149,0.14731285988483686,False,ALP>LNP
NSW,249,Paterson,1,42098,April Maree Scott,OTH,IND_MINOR,CENTRE_LEFT,1220,True,False,41427,Meryl Swanson,ALP,ALP,,154,0.12622950819672132,False,ALP>LNP>GRN>ON>IND>OTH
NSW,249,Paterson,1,42098,April Maree Scott,OTH,IND_MINOR,CENTRE_LEFT,1220,True,False,41521,Laurence Antcliff,LNP,LIB,,56,0.04590163934426229,False,ALP>LNP>GRN>ON>IND>OTH
NSW,249,Paterson,1,42098,April Maree Scott,OTH,IND_MINOR,CENTRE_LEFT,1220,True,False,41625,Paul Johns,GRN,GRN,,255,0.20901639344262296,False,ALP>LNP>GRN>ON>IND>OTH
NSW,249,Paterson,1,42098,April Maree Scott,OTH,IND_MINOR,CENTRE_LEFT,1220,True,False,41687,Peter N Arena,OTH,OTH_CYA,RIGHT,58,0.047540983606557376,True,ALP>LNP>GRN>ON>IND>OTH
NSW,249,Paterson,1,42098,April Maree Scott,OTH,IND_MINOR,CENTRE_LEFT,1220,True,False,41752,Philip Penfold,IND,IND_PROMINENT,CENTRE_LEFT,225,0.18442622950819673,False,ALP>LNP>GRN>ON>IND>OTH
NSW,249,Paterson,1,42098,April Maree Scott,OTH,IND_MINOR,CENTRE_LEFT,1220,True,False,41811,Sandra Lyn Briggs,OTH,OTH_FFPA,RIGHT,75,0.06147540983606557,True,ALP>LNP>GRN>ON>IND>OTH
NSW,249,Paterson,1,42098,April Maree Scott,OTH,IND_MINOR,CENTRE_LEFT,1220,True,False,41927,Daniel Dryden,OTH,OTH_HMP,CENTRE_LEFT,138,0.11311475409836065,True,ALP>LNP>GRN>ON>IND>OTH
NSW,249,Paterson,1,42098,April Maree Scott,OTH,IND_MINOR,CENTRE_LEFT,1220,True,False,42050,Arnon Wither,ON,ON,,42,0.03442622950819672,False,ALP>LNP>GRN>ON>IND>OTH
NSW,249,Paterson,1,42098,April Maree Scott,OTH,IND_MINOR,CENTRE_LEFT,1220,True,False,42100,Rod Holding,OTH,IND_MINOR,CENTRE_LEFT,217,0.1778688524590164,True,ALP>LNP>GRN>ON>IND>OTH
NSW,249,Paterson,2,42100,Rod Holding,OTH,IND_MINOR,CENTRE_LEFT,1577,True,False,41427,Meryl Swanson,ALP,ALP,,547,0.346861128725428,False,ALP>LNP>GRN>ON>IND>OTH
NSW,249,Paterson,2,42100,Rod Holding,OTH,IND_MINOR,CENTRE_LEFT,1577,True,False,41521,Laurence Antcliff,LNP,LIB,,69,0.04375396322130628,False,ALP>LNP>GRN>ON>IND>OTH
NSW,249,Paterson,2,42100,Rod Holding,OTH,IND_MINOR,CENTRE_LEFT,1577,True,False,41625,Paul Johns,GRN,GRN,,92,0.05833861762840837,False,ALP>LNP>GRN>ON>IND>OTH
NSW,249,Paterson,2,42100,Rod Holding,OTH,IND_MINOR,CENTRE_LEFT,1577,True,False,41687,Peter N Arena,OTH,OTH_CYA,RIGHT,34,0.02155992390615092,True,ALP>LNP>GRN>ON>IND>OTH
NSW,249,Paterson,2,42100,Rod Holding,OTH,IND_MINOR,CENTRE_LEFT,1577,True,False,41752,Philip Penfold,IND,IND_PROMINENT,CENTRE_LEFT,482,0.3056436271401395,False,ALP>LNP>GRN>ON>IND>OTH
NSW,249,Paterson,2,42100,Rod Holding,OTH,IND_MINOR,CENTRE_LEFT,1577,True,False,41811,Sandra Lyn Briggs,OTH,OTH_FFPA,RIGHT,62,0.039315155358275206,True,ALP>LNP>GRN>ON>IND>OTH
NSW,249,Paterson,2,42100,Rod Holding,OTH,IND_MINOR,CENTRE_LEFT,1577,True,False,41927,Daniel Dryden,OTH,OTH_HMP,CENTRE_LEFT,106,0.06721623335447051,True,ALP>LNP>GRN>ON>IND>OTH
NSW,249,Paterson,2,42100,Rod Holding,OTH,IND_MINOR,CENTRE_LEFT,1577,True,False,42050,Arnon Wither,ON,ON,,185,0.11731135066582118,False,ALP>LNP>GRN>ON>IND>OTH
NSW,249,Paterson,3,41811,Sandra Lyn Briggs,OTH,OTH_FFPA,RIGHT,2342,True,False,41427,Meryl Swanson,ALP,ALP,,173,0.07386848847139198,False,ALP>LNP>GRN>ON>IND>OTH
NSW,249,Paterson,3,41811,Sandra Lyn Briggs,OTH,OTH_FFPA,RIGHT,2342,True,False,41521,Laurence Antcliff,LNP,LIB,,287,0.12254483347566182,False,ALP>LNP>GRN>ON>IND>OTH
NSW,249,Paterson,3,41811,Sandra Lyn Briggs,OTH,OTH_FFPA,RIGHT,2342,True,False,41625,Paul Johns,GRN,GRN,,127,0.054227156276686596,False,ALP>LNP>GRN>ON>IND>OTH
NSW,249,Paterson,3,41811,Sandra Lyn Briggs,OTH,OTH_FFPA,RIGHT,2342,True,False,41687,Peter N Arena,OTH,OTH_CYA,RIGHT,239,0.10204953031596925,True,ALP>LNP>GRN>ON>IND>OTH
NSW,249,Paterson,3,41811,Sandra Lyn Briggs,OTH,OTH_FFPA,RIGHT,2342,True,False,41752,Philip Penfold,IND,IND_PROMINENT,CENTRE_LEFT,290,0.12382578992314261,False,ALP>LNP>GRN>ON>IND>OTH
NSW,249,Paterson,3,41811,Sandra Lyn Briggs,OTH,OTH_FFPA,RIGHT,2342,True,False,41927,Daniel Dryden,OTH,OTH_HMP,CENTRE_LEFT,196,0.08368915456874466,True,ALP>LNP>GRN>ON>IND>OTH
NSW,249,Paterson,3,41811,Sandra Lyn Briggs,OTH,OTH_FFPA,RIGHT,2342,True,False,42050,Arnon Wither,ON,ON,,1030,0.43979504696840305,False,ALP>LNP>GRN>ON>IND>OTH
NSW,249,Paterson,4,41687,Peter N Arena,OTH,OTH_CYA,RIGHT,3097,True,False,41427,Meryl Swanson,ALP,ALP,,301,0.09719082983532451,False,ALP>LNP>GRN>ON>IND>OTH
NSW,249,Paterson,4,41687,Peter N Arena,OTH,OTH_CYA,RIGHT,3097,True,False,41521,Laurence Antcliff,LNP,LIB,,402,0.12980303519535033,False,ALP>LNP>GRN>ON>IND>OTH
NSW,249,Paterson,4,41687,Peter N Arena,OTH,OTH_CYA,RIGHT,3097,True,False,41625,Paul Johns,GRN,GRN,,117,0.03777849531804973,False,ALP>LNP>GRN>ON>IND>OTH
NSW,249,Paterson,4,41687,Peter N Arena,OTH,OTH_CYA,RIGHT,3097,True,False,41752,Philip Penfold,IND,IND_PROMINENT,CENTRE_LEFT,496,0.16015498869874073,False,ALP>LNP>GRN>ON>IND>OTH
NSW,249,Paterson,4,41687,Peter N Arena,OTH,OTH_CYA,RIGHT,3097,True,False,41927,Daniel Dryden,OTH,OTH_HMP,CENTRE_LEFT,726,0.2344204068453342,True,ALP>LNP>GRN>ON>IND>OTH
NSW,249,Paterson,4,41687,Peter N Arena,OTH,OTH_CYA,RIGHT,3097,True,False,42050,Arnon Wither,ON,ON,,1055,0.3406522441072005,False,ALP>LNP>GRN>ON>IND>OTH
NSW,249,Paterson,5,41927,Daniel Dryden,OTH,OTH_HMP,CENTRE_LEFT,5389,False,True,41427,Meryl Swanson,ALP,ALP,,1208,0.2241603265912043,False,ALP>LNP>GRN>ON>IND
NSW,249,Paterson,5,41927,Daniel Dryden,OTH,OTH_HMP,CENTRE_LEFT,5389,False,True,41521,Laurence Antcliff,LNP,LIB,,868,0.16106884394136203,False,ALP>LNP>GRN>ON>IND
NSW,249,Paterson,5,41927,Daniel Dryden,OTH,OTH_HMP,CENTRE_LEFT,5389,False,True,41625,Paul Johns,GRN,GRN,,1269,0.23547968083132306,False,ALP>LNP>GRN>ON>IND
NSW,249,Paterson,5,41927,Daniel Dryden,OTH,OTH_HMP,CENTRE_LEFT,5389,False,True,41752,Philip Penfold,IND,IND_PROMINENT,CENTRE_LEFT,1092,0.20263499721655223,False,ALP>LNP>GRN>ON>IND
NSW,249,Paterson,5,41927,Daniel Dryden,OTH,OTH_HMP,CENTRE_LEFT,5389,False,True,42050,Arnon Wither,ON,ON,,952,0.17665615141955837,False,ALP>LNP>GRN>ON>IND
NSW,249,Paterson,6,41625,Paul Johns,GRN,GRN,,10079,False,True,41427,Meryl Swanson,ALP,ALP,,6916,0.686179184442901,False,ALP>LNP>ON>IND
NSW,249,Paterson,6,41625,Paul Johns,GRN,GRN,,10079,False,True,41521,Laurence Antcliff,LNP,LIB,,648,0.06429209246949102,False,ALP>LNP>ON>IND
NSW,249,Paterson,6,41625,Paul Johns,GRN,GRN,,10079,False,True,41752,Philip Penfold,IND,IND_PROMINENT,CENTRE_LEFT,1846,0.18315309058438337,False,ALP>LNP>ON>IND
NSW,249,Paterson,6,41625,Paul Johns,GRN,GRN,,10079,False,True,42050,Arnon Wither,ON,ON,,669,0.06637563250322452,False,ALP>LNP>ON>IND
NSW,249,Paterson,7,42050,Arnon Wither,ON,ON,,12187,False,True,41427,Meryl Swanson,ALP,ALP,,2040,0.16739148272749652,False,ALP>LNP>IND
NSW,249,Paterson,7,42050,Arnon Wither,ON,ON,,12187,False,True,41521,Laurence Antcliff,LNP,LIB,,4658,0.3822105522277837,False,ALP>LNP>IND
NSW,249,Paterson,7,42050,Arnon Wither,ON,ON,,12187,False,True,41752,Philip Penfold,IND,IND_PROMINENT,CENTRE_LEFT,5489,0.4503979650447198,False,ALP>LNP>IND
NSW,249,Paterson,8,41752,Philip Penfold,IND,IND_PROMINENT,CENTRE_LEFT,20485,False,True,41427,Meryl Swanson,ALP,ALP,,10212,0.4985111056870881,False,ALP>LNP
NSW,249,Paterson,8,41752,Philip Penfold,IND,IND_PROMINENT,CENTRE_LEFT,20485,False,True,41521,Laurence Antcliff,LNP,LIB,,10273,0.5014888943129119,False,ALP>LNP
NSW,144,Reid,1,41975,Clinton Mead,OTH,OTH_LTP,RIGHT,1221,True,False,40614,Steven Commerford,OTH,IND_MINOR,CENTRE_LEFT,202,0.16543816543816545,True,ALP>LNP>GRN>ON>OTH
NSW,144,Reid,1,41975,Clinton Mead,OTH,OTH_LTP,RIGHT,1221,True,False,41434,Sally Sitou,ALP,ALP,,69,0.056511056511056514,False,ALP>LNP>GRN>ON>OTH
NSW,144,Reid,1,41975,Clinton Mead,OTH,OTH_LTP,RIGHT,1221,True,False,41514,Grange Chung,LNP,LIB,,152,0.12448812448812449,False,ALP>LNP>GRN>ON>OTH
NSW,144,Reid,1,41975,Clinton Mead,OTH,OTH_LTP,RIGHT,1221,True,False,41633,Joanna Somerville,GRN,GRN,,44,0.036036036036036036,False,ALP>LNP>GRN>ON>OTH
NSW,144,Reid,1,41975,Clinton Mead,OTH,OTH_LTP,RIGHT,1221,True,False,41693,David Sarikaya,OTH,OTH_CYA,RIGHT,141,0.11547911547911548,True,ALP>LNP>GRN>ON>OTH
NSW,144,Reid,1,41975,Clinton Mead,OTH,OTH_LTP,RIGHT,1221,True,False,41892,Gina Ingrouille,ON,ON,,613,0.502047502047502,False,ALP>LNP>GRN>ON>OTH
NSW,144,Reid,2,41693,David Sarikaya,OTH,OTH_CYA,RIGHT,1734,True,False,40614,Steven Commerford,OTH,IND_MINOR,CENTRE_LEFT,266,0.15340253748558247,True,ALP>LNP>GRN>ON>OTH
NSW,144,Reid,2,41693,David Sarikaya,OTH,OTH_CYA,RIGHT,1734,True,False,41434,Sally Sitou,ALP,ALP,,179,0.10322952710495963,False,ALP>LNP>GRN>ON>OTH
NSW,144,Reid,2,41693,David Sarikaya,OTH,OTH_CYA,RIGHT,1734,True,False,41514,Grange Chung,LNP,LIB,,439,0.25317185697808536,False,ALP>LNP>GRN>ON>OTH
NSW,144,Reid,2,41693,David Sarikaya,OTH,OTH_CYA,RIGHT,1734,True,False,41633,Joanna Somerville,GRN,GRN,,143,0.08246828143021914,False,ALP>LNP>GRN>ON>OTH
NSW,144,Reid,2,41693,David Sarikaya,OTH,OTH_CYA,RIGHT,1734,True,False,41892,Gina Ingrouille,ON,ON,,707,0.4077277970011534,False,ALP>LNP>GRN>ON>OTH
NSW,144,Reid,3,40614,Steven Commerford,OTH,IND_MINOR,CENTRE_LEFT,3566,False,True,41434,Sally Sitou,ALP,ALP,,1086,0.3045429052159282,False,ALP>LNP>GRN>ON
NSW,144,Reid,3,40614,Steven Commerford,OTH,IND_MINOR,CENTRE_LEFT,3566,False,True,41514,Grange Chung,LNP,LIB,,569,0.159562535053281,False,ALP>LNP>GRN>ON
NSW,144,Reid,3,40614,Steven Commerford,OTH,IND_MINOR,CENTRE_LEFT,3566,False,True,41633,Joanna Somerville,GRN,GRN,,1350,0.3785754346606842,False,ALP>LNP>GRN>ON
NSW,144,Reid,3,40614,Steven Commerford,OTH,IND_MINOR,CENTRE_LEFT,3566,False,True,41892,Gina Ingrouille,ON,ON,,561,0.15731912507010656,False,ALP>LNP>GRN>ON
NSW,144,Reid,4,41892,Gina Ingrouille,ON,ON,,4233,False,True,41434,Sally Sitou,ALP,ALP,,700,0.1653673517599811,False,ALP>LNP>GRN
NSW,144,Reid,4,41892,Gina Ingrouille,ON,ON,,4233,False,True,41514,Grange Chung,LNP,LIB,,2855,0.6744625561067801,False,ALP>LNP>GRN
NSW,144,Reid,4,41892,Gina Ingrouille,ON,ON,,4233,False,True,41633,Joanna Somerville,GRN,GRN,,678,0.16017009213323885,False,ALP>LNP>GRN
NSW,144,Reid,5,41633,Joanna Somerville,GRN,GRN,,13895,False,True,41434,Sally Sitou,ALP,ALP,,11562,0.8320978769341489,False,ALP>LNP
NSW,144,Reid,5,41633,Joanna Somerville,GRN,GRN,,13895,False,True,41514,Grange Chung,LNP,LIB,,2333,0.16790212306585103,False,ALP>LNP
NSW,145,Richmond,1,41986,James Ian Mckenzie,OTH,IND_MINOR,CENTRE,977,True,False,41348,Mandy Nolan,GRN,GRN,,76,0.07778915046059365,False,ALP>LNP>GRN>ON>OTH
NSW,145,Richmond,1,41986,James Ian Mckenzie,OTH,IND_MINOR,CENTRE,977,True,False,41432,Justine Elliot,ALP,ALP,,96,0.09825997952917093,False,ALP>LNP>GRN>ON>OTH
NSW,145,Richmond,1,41986,James Ian Mckenzie,OTH,IND_MINOR,CENTRE,977,True,False,41674,Ian Cherry Willis,OTH,OTH_LTP,RIGHT,62,0.06345957011258956,True,ALP>LNP>GRN>ON>OTH
NSW,145,Richmond,1,41986,James Ian Mckenzie,OTH,IND_MINOR,CENTRE,977,True,False,41700,Phillip Byron Peterkin,OTH,OTH_CYA,RIGHT,53,0.05424769703172978,True,ALP>LNP>GRN>ON>OTH
NSW,145,Richmond,1,41986,James Ian Mckenzie,OTH,IND_MINOR,CENTRE,977,True,False,41907,Ian Mye,ON,ON,,54,0.05527123848515865,False,ALP>LNP>GRN>ON>OTH
NSW,145,Richmond,1,41986,James Ian Mckenzie,OTH,IND_MINOR,CENTRE,977,True,False,41958,Kimberly Hone,LNP,NAT,,90,0.09211873080859775,False,ALP>LNP>GRN>ON>OTH
NSW,145,Richmond,1,41986,James Ian Mckenzie,OTH,IND_MINOR,CENTRE,977,True,False,41972,Kevin Loughrey,OTH,IND_MINOR,RIGHT,351,0.3592630501535312,True,ALP>LNP>GRN>ON>OTH
NSW,145,Richmond,1,41986,James Ian Mckenzie,OTH,IND_MINOR,CENTRE,977,True,False,42068,Vivian Mac Mcmahon,OTH,OTH_HMP,CENTRE_LEFT,81,0.08290685772773797,True,ALP>LNP>GRN>ON>OTH
NSW,145,Richmond,1,41986,James Ian Mckenzie,OTH,IND_MINOR,CENTRE,977,True,False,42073,Richard Curtin,OTH,OTH_GRPF,RIGHT,114,0.11668372569089049,True,ALP>LNP>GRN>ON>OTH
NSW,145,Richmond,2,41674,Ian Cherry Willis,OTH,OTH_LTP,RIGHT,1681,True,False,41348,Mandy Nolan,GRN,GRN,,137,0.08149910767400356,False,ALP>LNP>GRN>ON>OTH
NSW,145,Richmond,2,41674,Ian Cherry Willis,OTH,OTH_LTP,RIGHT,1681,True,False,41432,Justine Elliot,ALP,ALP,,215,0.12790005948839978,False,ALP>LNP>GRN>ON>OTH
NSW,145,Richmond,2,41674,Ian Cherry Willis,OTH,OTH_LTP,RIGHT,1681,True,False,41700,Phillip Byron Peterkin,OTH,OTH_CYA,RIGHT,117,0.06960142772159429,True,ALP>LNP>GRN>ON>OTH
NSW,145,Richmond,2,41674,Ian Cherry Willis,OTH,OTH_LTP,RIGHT,1681,True,False,41907,Ian Mye,ON,ON,,237,0.14098750743604996,False,ALP>LNP>GRN>ON>OTH
NSW,145,Richmond,2,41674,Ian Cherry Willis,OTH,OTH_LTP,RIGHT,1681,True,False,41958,Kimberly Hone,LNP,NAT,,374,0.22248661511005355,False,ALP>LNP>GRN>ON>OTH
NSW,145,Richmond,2,41674,Ian Cherry Willis,OTH,OTH_LTP,RIGHT,1681,True,False,41972,Kevin Loughrey,OTH,IND_MINOR,RIGHT,210,0.12492563950029745,True,ALP>LNP>GRN>ON>OTH
NSW,145,Richmond,2,41674,Ian Cherry Willis,OTH,OTH_LTP,RIGHT,1681,True,False,42068,Vivian Mac Mcmahon,OTH,OTH_HMP,CENTRE_LEFT,145,0.08625817965496728,True,ALP>LNP>GRN>ON>OTH
NSW,145,Richmond,2,41674,Ian Cherry Willis,OTH,OTH_LTP,RIGHT,1681,True,False,42073,Richard Curtin,OTH,OTH_GRPF,RIGHT,246,0.14634146341463414,True,ALP>LNP>GRN>ON>OTH
NSW,145,Richmond,3,41700,Phillip Byron Peterkin,OTH,OTH_CYA,RIGHT,2222,True,False,41348,Mandy Nolan,GRN,GRN,,144,0.06480648064806481,False,ALP>LNP>GRN>ON>OTH
NSW,145,Richmond,3,41700,Phillip Byron Peterkin,OTH,OTH_CYA,RIGHT,2222,True,False,41432,Justine Elliot,ALP,ALP,,199,0.08955895589558956,False,ALP>LNP>GRN>ON>OTH
NSW,145,Richmond,3,41700,Phillip Byron Peterkin,OTH,OTH_CYA,RIGHT,2222,True,False,41907,Ian Mye,ON,ON,,771,0.346984698469847,False,ALP>LNP>GRN>ON>OTH
NSW,145,Richmond,3,41700,Phillip Byron Peterkin,OTH,OTH_CYA,RIGHT,2222,True,False,41958,Kimberly Hone,LNP,NAT,,384,0.17281728172817282,False,ALP>LNP>GRN>ON>OTH
NSW,145,Richmond,3,41700,Phillip Byron Peterkin,OTH,OTH_CYA,RIGHT,2222,True,False,41972,Kevin Loughrey,OTH,IND_MINOR,RIGHT,188,0.0846084608460846,True,ALP>LNP>GRN>ON>OTH
NSW,145,Richmond,3,41700,Phillip Byron Peterkin,OTH,OTH_CYA,RIGHT,2222,True,False,42068,Vivian Mac Mcmahon,OTH,OTH_HMP,CENTRE_LEFT,308,0.13861386138613863,True,ALP>LNP>GRN>ON>OTH
NSW,145,Richmond,3,41700,Phillip Byron Peterkin,OTH,OTH_CYA,RIGHT,2222,True,False,42073,Richard Curtin,OTH,OTH_GRPF,RIGHT,228,0.10261026102610261,True,ALP>LNP>GRN>ON>OTH
NSW,145,Richmond,4,41972,Kevin Loughrey,OTH,IND_MINOR,RIGHT,2503,True,False,41348,Mandy Nolan,GRN,GRN,,264,0.10547343188174191,False,ALP>LNP>GRN>ON>OTH
NSW,145,Richmond,4,41972,Kevin Loughrey,OTH,IND_MINOR,RIGHT,2503,True,False,41432,Justine Elliot,ALP,ALP,,280,0.11186576108669596,False,ALP>LNP>GRN>ON>OTH
NSW,145,Richmond,4,41972,Kevin Loughrey,OTH,IND_MINOR,RIGHT,2503,True,False,41907,Ian Mye,ON,ON,,369,0.1474230922892529,False,ALP>LNP>GRN>ON>OTH
NSW,145,Richmond,4,41972,Kevin Loughrey,OTH,IND_MINOR,RIGHT,2503,True,False,41958,Kimberly Hone,LNP,NAT,,394,0.1574111066719936,False,ALP>LNP>GRN>ON>OTH
NSW,145,Richmond,4,41972,Kevin Loughrey,OTH,IND_MINOR,RIGHT,2503,True,False,42068,Vivian Mac Mcmahon,OTH,OTH_HMP,CENTRE_LEFT,314,0.12544946064722334,True,ALP>LNP>GRN>ON>OTH
NSW,145,Richmond,4,41972,Kevin Loughrey,OTH,IND_MINOR,RIGHT,2503,True,False,42073,Richard Curtin,OTH,OTH_GRPF,RIGHT,882,0.3523771474230923,True,ALP>LNP>GRN>ON>OTH
NSW,145,Richmond,5,42073,Richard Curtin,OTH,OTH_GRPF,RIGHT,4834,True,False,41348,Mandy Nolan,GRN,GRN,,270,0.05585436491518411,False,ALP>LNP>GRN>ON>OTH
NSW,145,Richmond,5,42073,Richard Curtin,OTH,OTH_GRPF,RIGHT,4834,True,False,41432,Justine Elliot,ALP,ALP,,211,0.04364915184112536,False,ALP>LNP>GRN>ON>OTH
NSW,145,Richmond,5,42073,Richard Curtin,OTH,OTH_GRPF,RIGHT,4834,True,False,41907,Ian Mye,ON,ON,,2880,0.5957798924286305,False,ALP>LNP>GRN>ON>OTH
NSW,145,Richmond,5,42073,Richard Curtin,OTH,OTH_GRPF,RIGHT,4834,True,False,41958,Kimberly Hone,LNP,NAT,,746,0.15432354158047165,False,ALP>LNP>GRN>ON>OTH
NSW,145,Richmond,5,42073,Richard Curtin,OTH,OTH_GRPF,RIGHT,4834,True,False,42068,Vivian Mac Mcmahon,OTH,OTH_HMP,CENTRE_LEFT,727,0.15039304923458832,True,ALP>LNP>GRN>ON>OTH
NSW,145,Richmond,6,42068,Vivian Mac Mcmahon,OTH,OTH_HMP,CENTRE_LEFT,5573,False,True,41348,Mandy Nolan,GRN,GRN,,1965,0.3525928584245469,False,ALP>LNP>GRN>ON
NSW,145,Richmond,6,42068,Vivian Mac Mcmahon,OTH,OTH_HMP,CENTRE_LEFT,5573,False,True,41432,Justine Elliot,ALP,ALP,,1125,0.2018661403193971,False,ALP>LNP>GRN>ON
NSW,145,Richmond,6,42068,Vivian Mac Mcmahon,OTH,OTH_HMP,CENTRE_LEFT,5573,False,True,41907,Ian Mye,ON,ON,,1509,0.2707697828817513,False,ALP>LNP>GRN>ON
NSW,145,Richmond,6,42068,Vivian Mac Mcmahon,OTH,OTH_HMP,CENTRE_LEFT,5573,False,True,41958,Kimberly Hone,LNP,NAT,,974,0.17477121837430468,False,ALP>LNP>GRN>ON
NSW,145,Richmond,7,41907,Ian Mye,ON,ON,,11529,False,True,41348,Mandy Nolan,GRN,GRN,,1388,0.12039205481828433,False,ALP>LNP>GRN
NSW,145,Richmond,7,41907,Ian Mye,ON,ON,,11529,False,True,41432,Justine Elliot,ALP,ALP,,1409,0.12221354844305664,False,ALP>LNP>GRN
NSW,145,Richmond,7,41907,Ian Mye,ON,ON,,11529,False,True,41958,Kimberly Hone,LNP,NAT,,8732,0.757394396738659,False,ALP>LNP>GRN
NSW,145,Richmond,8,41348,Mandy Nolan,GRN,GRN,,32027,False,True,41432,Justine Elliot,ALP,ALP,,27539,0.8598682361757267,False,ALP>LNP
NSW,145,Richmond,8,41348,Mandy Nolan,GRN,GRN,,32027,False,True,41958,Kimberly Hone,LNP,NAT,,4488,0.14013176382427328,False,ALP>LNP
NSW,250,Riverina,1,40901,Jake Davis,OTH,IND_MINOR,CENTRE_RIGHT,1812,True,False,40626,James Gooden,OTH,IND_MINOR,CENTRE_RIGHT,285,0.15728476821192053,True,ALP>LNP>GRN>ON>IND>OTH
NSW,250,Riverina,1,40901,Jake Davis,OTH,IND_MINOR,CENTRE_RIGHT,1812,True,False,40907,Richard Foley,OTH,OTH_CEC,CENTRE,48,0.026490066225165563,True,ALP>LNP>GRN>ON>IND>OTH
NSW,250,Riverina,1,40901,Jake Davis,OTH,IND_MINOR,CENTRE_RIGHT,1812,True,False,41445,Mark Jeffreson,ALP,ALP,,102,0.056291390728476824,False,ALP>LNP>GRN>ON>IND>OTH
NSW,250,Riverina,1,40901,Jake Davis,OTH,IND_MINOR,CENTRE_RIGHT,1812,True,False,41639,Pheonix Valxori,GRN,GRN,,55,0.030353200883002206,False,ALP>LNP>GRN>ON>IND>OTH
NSW,250,Riverina,1,40901,Jake Davis,OTH,IND_MINOR,CENTRE_RIGHT,1812,True,False,41643,Desiree Gregory,OTH,OTH_ASP,CENTRE_RIGHT,114,0.06291390728476821,True,ALP>LNP>GRN>ON>IND>OTH
NSW,250,Riverina,1,40901,Jake Davis,OTH,IND_MINOR,CENTRE_RIGHT,1812,True,False,41814,Mark Burge,OTH,OTH_FFPA,RIGHT,73,0.04028697571743929,True,ALP>LNP>GRN>ON>IND>OTH
NSW,250,Riverina,1,40901,Jake Davis,OTH,IND_MINOR,CENTRE_RIGHT,1812,True,False,41870,Christine Onley,OTH,OTH_LTP,RIGHT,52,0.02869757174392936,True,ALP>LNP>GRN>ON>IND>OTH
NSW,250,Riverina,1,40901,Jake Davis,OTH,IND_MINOR,CENTRE_RIGHT,1812,True,False,41895,Mark Craig,ON,ON,,231,0.12748344370860928,False,ALP>LNP>GRN>ON>IND>OTH
NSW,250,Riverina,1,40901,Jake Davis,OTH,IND_MINOR,CENTRE_RIGHT,1812,True,False,41954,Michael Mccormack,LNP,NAT,,428,0.23620309050772628,False,ALP>LNP>GRN>ON>IND>OTH
NSW,250,Riverina,1,40901,Jake Davis,OTH,IND_MINOR,CENTRE_RIGHT,1812,True,False,41977,Barbara Baikie,OTH,IND_MINOR,CENTRE_LEFT,57,0.03145695364238411,True,ALP>LNP>GRN>ON>IND>OTH
NSW,250,Riverina,1,40901,Jake Davis,OTH,IND_MINOR,CENTRE_RIGHT,1812,True,False,42044,Jenny Rolfe,IND,IND_PROMINENT,CENTRE_LEFT,281,0.15507726269315672,False,ALP>LNP>GRN>ON>IND>OTH
NSW,250,Riverina,1,40901,Jake Davis,OTH,IND_MINOR,CENTRE_RIGHT,1812,True,False,42086,Grant Hardwick,OTH,IND_MINOR,CENTRE,86,0.04746136865342163,True,ALP>LNP>GRN>ON>IND>OTH
NSW,250,Riverina,2,41977,Barbara Baikie,OTH,IND_MINOR,CENTRE_LEFT,1915,True,False,40626,James Gooden,OTH,IND_MINOR,CENTRE_RIGHT,180,0.09399477806788512,True,ALP>LNP>GRN>ON>IND>OTH
NSW,250,Riverina,2,41977,Barbara Baikie,OTH,IND_MINOR,CENTRE_LEFT,1915,True,False,40907,Richard Foley,OTH,OTH_CEC,CENTRE,49,0.025587467362924284,True,ALP>LNP>GRN>ON>IND>OTH
NSW,250,Riverina,2,41977,Barbara Baikie,OTH,IND_MINOR,CENTRE_LEFT,1915,True,False,41445,Mark Jeffreson,ALP,ALP,,263,0.13733681462140993,False,ALP>LNP>GRN>ON>IND>OTH
NSW,250,Riverina,2,41977,Barbara Baikie,OTH,IND_MINOR,CENTRE_LEFT,1915,True,False,41639,Pheonix Valxori,GRN,GRN,,125,0.06527415143603134,False,ALP>LNP>GRN>ON>IND>OTH
NSW,250,Riverina,2,41977,Barbara Baikie,OTH,IND_MINOR,CENTRE_LEFT,1915,True,False,41643,Desiree Gregory,OTH,OTH_ASP,CENTRE_RIGHT,53,0.027676240208877285,True,ALP>LNP>GRN>ON>IND>OTH
NSW,250,Riverina,2,41977,Barbara Baikie,OTH,IND_MINOR,CENTRE_LEFT,1915,True,False,41814,Mark Burge,OTH,OTH_FFPA,RIGHT,113,0.059007832898172324,True,ALP>LNP>GRN>ON>IND>OTH
NSW,250,Riverina,2,41977,Barbara Baikie,OTH,IND_MINOR,CENTRE_LEFT,1915,True,False,41870,Christine Onley,OTH,OTH_LTP,RIGHT,31,0.01618798955613577,True,ALP>LNP>GRN>ON>IND>OTH
NSW,250,Riverina,2,41977,Barbara Baikie,OTH,IND_MINOR,CENTRE_LEFT,1915,True,False,41895,Mark Craig,ON,ON,,88,0.045953002610966055,False,ALP>LNP>GRN>ON>IND>OTH
NSW,250,Riverina,2,41977,Barbara Baikie,OTH,IND_MINOR,CENTRE_LEFT,1915,True,False,41954,Michael Mccormack,LNP,NAT,,87,0.04543080939947781,False,ALP>LNP>GRN>ON>IND>OTH
NSW,250,Riverina,2,41977,Barbara Baikie,OTH,IND_MINOR,CENTRE_LEFT,1915,True,False,42044,Jenny Rolfe,IND,IND_PROMINENT,CENTRE_LEFT,554,0.28929503916449084,False,ALP>LNP>GRN>ON>IND>OTH
NSW,250,Riverina,2,41977,Barbara Baikie,OTH,IND_MINOR,CENTRE_LEFT,1915,True,False,42086,Grant Hardwick,OTH,IND_MINOR,CENTRE,372,0.19425587467362923,True,ALP>LNP>GRN>ON>IND>OTH
NSW,250,Riverina,3,42086,Grant Hardwick,OTH,IND_MINOR,CENTRE,2319,True,False,40626,James Gooden,OTH,IND_MINOR,CENTRE_RIGHT,645,0.278137128072445,True,ALP>LNP>GRN>ON>IND>OTH
NSW,250,Riverina,3,42086,Grant Hardwick,OTH,IND_MINOR,CENTRE,2319,True,False,40907,Richard Foley,OTH,OTH_CEC,CENTRE,107,0.046140577835273824,True,ALP>LNP>GRN>ON>IND>OTH
NSW,250,Riverina,3,42086,Grant Hardwick,OTH,IND_MINOR,CENTRE,2319,True,False,41445,Mark Jeffreson,ALP,ALP,,285,0.12289780077619664,False,ALP>LNP>GRN>ON>IND>OTH
NSW,250,Riverina,3,42086,Grant Hardwick,OTH,IND_MINOR,CENTRE,2319,True,False,41639,Pheonix Valxori,GRN,GRN,,152,0.06554549374730487,False,ALP>LNP>GRN>ON>IND>OTH
NSW,250,Riverina,3,42086,Grant Hardwick,OTH,IND_MINOR,CENTRE,2319,True,False,41643,Desiree Gregory,OTH,OTH_ASP,CENTRE_RIGHT,143,0.06166451056489866,True,ALP>LNP>GRN>ON>IND>OTH
NSW,250,Riverina,3,42086,Grant Hardwick,OTH,IND_MINOR,CENTRE,2319,True,False,41814,Mark Burge,OTH,OTH_FFPA,RIGHT,81,0.03492884864165589,True,ALP>LNP>GRN>ON>IND>OTH
NSW,250,Riverina,3,42086,Grant Hardwick,OTH,IND_MINOR,CENTRE,2319,True,False,41870,Christine Onley,OTH,OTH_LTP,RIGHT,44,0.018973695558430356,True,ALP>LNP>GRN>ON>IND>OTH
NSW,250,Riverina,3,42086,Grant Hardwick,OTH,IND_MINOR,CENTRE,2319,True,False,41895,Mark Craig,ON,ON,,209,0.0901250539025442,False,ALP>LNP>GRN>ON>IND>OTH
NSW,250,Riverina,3,42086,Grant Hardwick,OTH,IND_MINOR,CENTRE,2319,True,False,41954,Michael Mccormack,LNP,NAT,,293,0.12634756360500216,False,ALP>LNP>GRN>ON>IND>OTH
NSW,250,Riverina,3,42086,Grant Hardwick,OTH,IND_MINOR,CENTRE,2319,True,False,42044,Jenny Rolfe,IND,IND_PROMINENT,CENTRE_LEFT,360,0.15523932729624837,False,ALP>LNP>GRN>ON>IND>OTH
NSW,250,Riverina,4,41814,Mark Burge,OTH,OTH_FFPA,RIGHT,2418,True,False,40626,James Gooden,OTH,IND_MINOR,CENTRE_RIGHT,225,0.09305210918114144,True,ALP>LNP>GRN>ON>IND>OTH
NSW,250,Riverina,4,41814,Mark Burge,OTH,OTH_FFPA,RIGHT,2418,True,False,40907,Richard Foley,OTH,OTH_CEC,CENTRE,162,0.06699751861042183,True,ALP>LNP>GRN>ON>IND>OTH
NSW,250,Riverina,4,41814,Mark Burge,OTH,OTH_FFPA,RIGHT,2418,True,False,41445,Mark Jeffreson,ALP,ALP,,274,0.11331679073614558,False,ALP>LNP>GRN>ON>IND>OTH
NSW,250,Riverina,4,41814,Mark Burge,OTH,OTH_FFPA,RIGHT,2418,True,False,41639,Pheonix Valxori,GRN,GRN,,144,0.05955334987593052,False,ALP>LNP>GRN>ON>IND>OTH
NSW,250,Riverina,4,41814,Mark Burge,OTH,OTH_FFPA,RIGHT,2418,True,False,41643,Desiree Gregory,OTH,OTH_ASP,CENTRE_RIGHT,396,0.16377171215880892,True,ALP>LNP>GRN>ON>IND>OTH
NSW,250,Riverina,4,41814,Mark Burge,OTH,OTH_FFPA,RIGHT,2418,True,False,41870,Christine Onley,OTH,OTH_LTP,RIGHT,231,0.09553349875930521,True,ALP>LNP>GRN>ON>IND>OTH
NSW,250,Riverina,4,41814,Mark Burge,OTH,OTH_FFPA,RIGHT,2418,True,False,41895,Mark Craig,ON,ON,,586,0.24234904880066171,False,ALP>LNP>GRN>ON>IND>OTH
NSW,250,Riverina,4,41814,Mark Burge,OTH,OTH_FFPA,RIGHT,2418,True,False,41954,Michael Mccormack,LNP,NAT,,267,0.11042183622828784,False,ALP>LNP>GRN>ON>IND>OTH
NSW,250,Riverina,4,41814,Mark Burge,OTH,OTH_FFPA,RIGHT,2418,True,False,42044,Jenny Rolfe,IND,IND_PROMINENT,CENTRE_LEFT,133,0.05500413564929694,False,ALP>LNP>GRN>ON>IND>OTH
NSW,250,Riverina,5,40907,Richard Foley,OTH,OTH_CEC,CENTRE,2599,True,False,40626,James Gooden,OTH,IND_MINOR,CENTRE_RIGHT,758,0.2916506348595614,True,ALP>LNP>GRN>ON>IND>OTH
NSW,250,Riverina,5,40907,Richard Foley,OTH,OTH_CEC,CENTRE,2599,True,False,41445,Mark Jeffreson,ALP,ALP,,288,0.11081185071181224,False,ALP>LNP>GRN>ON>IND>OTH
NSW,250,Riverina,5,40907,Richard Foley,OTH,OTH_CEC,CENTRE,2599,True,False,41639,Pheonix Valxori,GRN,GRN,,185,0.07118122354751828,False,ALP>LNP>GRN>ON>IND>OTH
NSW,250,Riverina,5,40907,Richard Foley,OTH,OTH_CEC,CENTRE,2599,True,False,41643,Desiree Gregory,OTH,OTH_ASP,CENTRE_RIGHT,214,0.08233936129280492,True,ALP>LNP>GRN>ON>IND>OTH
NSW,250,Riverina,5,40907,Richard Foley,OTH,OTH_CEC,CENTRE,2599,True,False,41870,Christine Onley,OTH,OTH_LTP,RIGHT,88,0.03385917660638707,True,ALP>LNP>GRN>ON>IND>OTH
NSW,250,Riverina,5,40907,Richard Foley,OTH,OTH_CEC,CENTRE,2599,True,False,41895,Mark Craig,ON,ON,,427,0.16429395921508272,False,ALP>LNP>GRN>ON>IND>OTH
NSW,250,Riverina,5,40907,Richard Foley,OTH,OTH_CEC,CENTRE,2599,True,False,41954,Michael Mccormack,LNP,NAT,,394,0.15159676798768756,False,ALP>LNP>GRN>ON>IND>OTH
NSW,250,Riverina,5,40907,Richard Foley,OTH,OTH_CEC,CENTRE,2599,True,False,42044,Jenny Rolfe,IND,IND_PROMINENT,CENTRE_LEFT,245,0.09426702577914582,False,ALP>LNP>GRN>ON>IND>OTH
NSW,250,Riverina,6,41870,Christine Onley,OTH,OTH_LTP,RIGHT,2784,True,False,40626,James Gooden,OTH,IND_MINOR,CENTRE_RIGHT,618,0.22198275862068967,True,ALP>LNP>GRN>ON>IND>OTH
NSW,250,Riverina,6,41870,Christine Onley,OTH,OTH_LTP,RIGHT,2784,True,False,41445,Mark Jeffreson,ALP,ALP,,134,0.048132183908045974,False,ALP>LNP>GRN>ON>IND>OTH
NSW,250,Riverina,6,41870,Christine Onley,OTH,OTH_LTP,RIGHT,2784,True,False,41639,Pheonix Valxori,GRN,GRN,,82,0.029454022988505746,False,ALP>LNP>GRN>ON>IND>OTH
NSW,250,Riverina,6,41870,Christine Onley,OTH,OTH_LTP,RIGHT,2784,True,False,41643,Desiree Gregory,OTH,OTH_ASP,CENTRE_RIGHT,232,0.08333333333333333,True,ALP>LNP>GRN>ON>IND>OTH
NSW,250,Riverina,6,41870,Christine Onley,OTH,OTH_LTP,RIGHT,2784,True,False,41895,Mark Craig,ON,ON,,794,0.28520114942528735,False,ALP>LNP>GRN>ON>IND>OTH
NSW,250,Riverina,6,41870,Christine Onley,OTH,OTH_LTP,RIGHT,2784,True,False,41954,Michael Mccormack,LNP,NAT,,425,0.1526580459770115,False,ALP>LNP>GRN>ON>IND>OTH
NSW,250,Riverina,6,41870,Christine Onley,OTH,OTH_LTP,RIGHT,2784,True,False,42044,Jenny Rolfe,IND,IND_PROMINENT,CENTRE_LEFT,499,0.17923850574712644,False,ALP>LNP>GRN>ON>IND>OTH
NSW,250,Riverina,7,41643,Desiree Gregory,OTH,OTH_ASP,CENTRE_RIGHT,5369,True,False,40626,James Gooden,OTH,IND_MINOR,CENTRE_RIGHT,687,0.12795678897373813,True,ALP>LNP>GRN>ON>IND>OTH
NSW,250,Riverina,7,41643,Desiree Gregory,OTH,OTH_ASP,CENTRE_RIGHT,5369,True,False,41445,Mark Jeffreson,ALP,ALP,,784,0.14602346805736635,False,ALP>LNP>GRN>ON>IND>OTH
NSW,250,Riverina,7,41643,Desiree Gregory,OTH,OTH_ASP,CENTRE_RIGHT,5369,True,False,41639,Pheonix Valxori,GRN,GRN,,326,0.06071894207487428,False,ALP>LNP>GRN>ON>IND>OTH
NSW,250,Riverina,7,41643,Desiree Gregory,OTH,OTH_ASP,CENTRE_RIGHT,5369,True,False,41895,Mark Craig,ON,ON,,2398,0.4466381076550568,False,ALP>LNP>GRN>ON>IND>OTH
NSW,250,Riverina,7,41643,Desiree Gregory,OTH,OTH_ASP,CENTRE_RIGHT,5369,True,False,41954,Michael Mccormack,LNP,NAT,,794,0.14788601229279194,False,ALP>LNP>GRN>ON>IND>OTH
NSW,250,Riverina,7,41643,Desiree Gregory,OTH,OTH_ASP,CENTRE_RIGHT,5369,True,False,42044,Jenny Rolfe,IND,IND_PROMINENT,CENTRE_LEFT,380,0.07077668094617247,False,ALP>LNP>GRN>ON>IND>OTH
NSW,250,Riverina,8,41639,Pheonix Valxori,GRN,GRN,,5836,False,True,40626,James Gooden,OTH,IND_MINOR,CENTRE_RIGHT,871,0.14924605894448253,False,ALP>LNP>ON>IND>OTH
NSW,250,Riverina,8,41639,Pheonix Valxori,GRN,GRN,,5836,False,True,41445,Mark Jeffreson,ALP,ALP,,2925,0.5011994516792323,False,ALP>LNP>ON>IND>OTH
NSW,250,Riverina,8,41639,Pheonix Valxori,GRN,GRN,,5836,False,True,41895,Mark Craig,ON,ON,,436,0.07470870459218643,False,ALP>LNP>ON>IND>OTH
NSW,250,Riverina,8,41639,Pheonix Valxori,GRN,GRN,,5836,False,True,41954,Michael Mccormack,LNP,NAT,,468,0.08019191226867718,False,ALP>LNP>ON>IND>OTH
NSW,250,Riverina,8,41639,Pheonix Valxori,GRN,GRN,,5836,False,True,42044,Jenny Rolfe,IND,IND_PROMINENT,CENTRE_LEFT,1136,0.19465387251542152,False,ALP>LNP>ON>IND>OTH
NSW,250,Riverina,9,40626,James Gooden,OTH,IND_MINOR,CENTRE_RIGHT,9349,False,True,41445,Mark Jeffreson,ALP,ALP,,985,0.10535886191036474,False,ALP>LNP>ON>IND
NSW,250,Riverina,9,40626,James Gooden,OTH,IND_MINOR,CENTRE_RIGHT,9349,False,True,41895,Mark Craig,ON,ON,,2381,0.25467964488180556,False,ALP>LNP>ON>IND
NSW,250,Riverina,9,40626,James Gooden,OTH,IND_MINOR,CENTRE_RIGHT,9349,False,True,41954,Michael Mccormack,LNP,NAT,,2658,0.2843084821906086,False,ALP>LNP>ON>IND
NSW,250,Riverina,9,40626,James Gooden,OTH,IND_MINOR,CENTRE_RIGHT,9349,False,True,42044,Jenny Rolfe,IND,IND_PROMINENT,CENTRE_LEFT,3325,0.3556530110172211,False,ALP>LNP>ON>IND
NSW,250,Riverina,10,42044,Jenny Rolfe,IND,IND_PROMINENT,CENTRE_LEFT,13822,False,True,41445,Mark Jeffreson,ALP,ALP,,6367,0.46064245405874693,False,ALP>LNP>ON
NSW,250,Riverina,10,42044,Jenny Rolfe,IND,IND_PROMINENT,CENTRE_LEFT,13822,False,True,41895,Mark Craig,ON,ON,,3105,0.2246418752713066,False,ALP>LNP>ON
NSW,250,Riverina,10,42044,Jenny Rolfe,IND,IND_PROMINENT,CENTRE_LEFT,13822,False,True,41954,Michael Mccormack,LNP,NAT,,4350,0.31471567066994643,False,ALP>LNP>ON
NSW,250,Riverina,11,41895,Mark Craig,ON,ON,,21082,False,True,41445,Mark Jeffreson,ALP,ALP,,7648,0.36277393036713784,False,ALP>LNP
NSW,250,Riverina,11,41895,Mark Craig,ON,ON,,21082,False,True,41954,Michael Mccormack,LNP,NAT,,13434,0.6372260696328621,False,ALP>LNP
NSW,146,Robertson,1,41690,David Borg,OTH,OTH_CYA,RIGHT,2197,True,False,40729,Lisa Bellamy,OTH,IND_MINOR,CENTRE_LEFT,365,0.16613563950842059,True,ALP>LNP>GRN>ON>OTH
NSW,146,Robertson,1,41690,David Borg,OTH,OTH_CYA,RIGHT,2197,True,False,41417,Gordon Reid,ALP,ALP,,273,0.1242603550295858,False,ALP>LNP>GRN>ON>OTH
NSW,146,Robertson,1,41690,David Borg,OTH,OTH_CYA,RIGHT,2197,True,False,41491,Lucy Wicks,LNP,LIB,,352,0.16021847974510697,False,ALP>LNP>GRN>ON>OTH
NSW,146,Robertson,1,41690,David Borg,OTH,OTH_CYA,RIGHT,2197,True,False,41635,Cheryl Wallace,GRN,GRN,,88,0.04005461993627674,False,ALP>LNP>GRN>ON>OTH
NSW,146,Robertson,1,41690,David Borg,OTH,OTH_CYA,RIGHT,2197,True,False,41903,Matt Lloyd,ON,ON,,864,0.39326354119253526,False,ALP>LNP>GRN>ON>OTH
NSW,146,Robertson,1,41690,David Borg,OTH,OTH_CYA,RIGHT,2197,True,False,41926,Tom Lillicrap,OTH,OTH_HMP,CENTRE_LEFT,255,0.11606736458807465,True,ALP>LNP>GRN>ON>OTH
NSW,146,Robertson,2,40729,Lisa Bellamy,OTH,IND_MINOR,CENTRE_LEFT,3741,True,False,41417,Gordon Reid,ALP,ALP,,903,0.2413793103448276,False,ALP>LNP>GRN>ON>OTH
NSW,146,Robertson,2,40729,Lisa Bellamy,OTH,IND_MINOR,CENTRE_LEFT,3741,True,False,41491,Lucy Wicks,LNP,LIB,,428,0.11440791232290831,False,ALP>LNP>GRN>ON>OTH
NSW,146,Robertson,2,40729,Lisa Bellamy,OTH,IND_MINOR,CENTRE_LEFT,3741,True,False,41635,Cheryl Wallace,GRN,GRN,,965,0.2579524191392676,False,ALP>LNP>GRN>ON>OTH
NSW,146,Robertson,2,40729,Lisa Bellamy,OTH,IND_MINOR,CENTRE_LEFT,3741,True,False,41903,Matt Lloyd,ON,ON,,642,0.17161186848436247,False,ALP>LNP>GRN>ON>OTH
NSW,146,Robertson,2,40729,Lisa Bellamy,OTH,IND_MINOR,CENTRE_LEFT,3741,True,False,41926,Tom Lillicrap,OTH,OTH_HMP,CENTRE_LEFT,803,0.21464848970863407,True,ALP>LNP>GRN>ON>OTH
NSW,146,Robertson,3,41926,Tom Lillicrap,OTH,OTH_HMP,CENTRE_LEFT,4555,False,True,41417,Gordon Reid,ALP,ALP,,1243,0.2728869374313941,False,ALP>LNP>GRN>ON
NSW,146,Robertson,3,41926,Tom Lillicrap,OTH,OTH_HMP,CENTRE_LEFT,4555,False,True,41491,Lucy Wicks,LNP,LIB,,714,0.15675082327113063,False,ALP>LNP>GRN>ON
NSW,146,Robertson,3,41926,Tom Lillicrap,OTH,OTH_HMP,CENTRE_LEFT,4555,False,True,41635,Cheryl Wallace,GRN,GRN,,1478,0.3244785949506037,False,ALP>LNP>GRN>ON
NSW,146,Robertson,3,41926,Tom Lillicrap,OTH,OTH_HMP,CENTRE_LEFT,4555,False,True,41903,Matt Lloyd,ON,ON,,1120,0.24588364434687157,False,ALP>LNP>GRN>ON
NSW,146,Robertson,4,41903,Matt Lloyd,ON,ON,,9658,False,True,41417,Gordon Reid,ALP,ALP,,1601,0.16576931041623524,False,ALP>LNP>GRN
NSW,146,Robertson,4,41903,Matt Lloyd,ON,ON,,9658,False,True,41491,Lucy Wicks,LNP,LIB,,5965,0.6176226962103956,False,ALP>LNP>GRN
NSW,146,Robertson,4,41903,Matt Lloyd,ON,ON,,9658,False,True,41635,Cheryl Wallace,GRN,GRN,,2092,0.21660799337336922,False,ALP>LNP>GRN
NSW,146,Robertson,5,41635,Cheryl Wallace,GRN,GRN,,13742,False,True,41417,Gordon Reid,ALP,ALP,,10804,0.7862028816766119,False,ALP>LNP
NSW,146,Robertson,5,41635,Cheryl Wallace,GRN,GRN,,13742,False,True,41491,Lucy Wicks,LNP,LIB,,2938,0.21379711832338816,False,ALP>LNP
NSW,148,Shortland,1,41861,Geoffrey Mark Robertson,OTH,OTH_LTP,RIGHT,1722,True,False,40672,James Pheils,OTH,IND_MINOR,CENTRE_LEFT,762,0.4425087108013937,True,ALP>LNP>GRN>ON>OTH
NSW,148,Shortland,1,41861,Geoffrey Mark Robertson,OTH,OTH_LTP,RIGHT,1722,True,False,41347,Pat Conroy,ALP,ALP,,182,0.10569105691056911,False,ALP>LNP>GRN>ON>OTH
NSW,148,Shortland,1,41861,Geoffrey Mark Robertson,OTH,OTH_LTP,RIGHT,1722,True,False,41545,Emma King,LNP,LIB,,187,0.10859465737514518,False,ALP>LNP>GRN>ON>OTH
NSW,148,Shortland,1,41861,Geoffrey Mark Robertson,OTH,OTH_LTP,RIGHT,1722,True,False,41632,Therese Doyle,GRN,GRN,,49,0.028455284552845527,False,ALP>LNP>GRN>ON>OTH
NSW,148,Shortland,1,41861,Geoffrey Mark Robertson,OTH,OTH_LTP,RIGHT,1722,True,False,41825,Pietro Di Girolamo,OTH,OTH_FFPA,RIGHT,193,0.11207897793263646,True,ALP>LNP>GRN>ON>OTH
NSW,148,Shortland,1,41861,Geoffrey Mark Robertson,OTH,OTH_LTP,RIGHT,1722,True,False,41908,Barry Reed,ON,ON,,349,0.20267131242741,False,ALP>LNP>GRN>ON>OTH
NSW,148,Shortland,2,41825,Pietro Di Girolamo,OTH,OTH_FFPA,RIGHT,3151,True,False,40672,James Pheils,OTH,IND_MINOR,CENTRE_LEFT,540,0.17137416693113297,True,ALP>LNP>GRN>ON>OTH
NSW,148,Shortland,2,41825,Pietro Di Girolamo,OTH,OTH_FFPA,RIGHT,3151,True,False,41347,Pat Conroy,ALP,ALP,,294,0.09330371310695018,False,ALP>LNP>GRN>ON>OTH
NSW,148,Shortland,2,41825,Pietro Di Girolamo,OTH,OTH_FFPA,RIGHT,3151,True,False,41545,Emma King,LNP,LIB,,510,0.16185337987940338,False,ALP>LNP>GRN>ON>OTH
NSW,148,Shortland,2,41825,Pietro Di Girolamo,OTH,OTH_FFPA,RIGHT,3151,True,False,41632,Therese Doyle,GRN,GRN,,303,0.09615994922246905,False,ALP>LNP>GRN>ON>OTH
NSW,148,Shortland,2,41825,Pietro Di Girolamo,OTH,OTH_FFPA,RIGHT,3151,True,False,41908,Barry Reed,ON,ON,,1504,0.4773087908600444,False,ALP>LNP>GRN>ON>OTH
NSW,148,Shortland,3,40672,James Pheils,OTH,IND_MINOR,CENTRE_LEFT,6107,False,True,41347,Pat Conroy,ALP,ALP,,2200,0.3602423448501719,False,ALP>LNP>GRN>ON
NSW,148,Shortland,3,40672,James Pheils,OTH,IND_MINOR,CENTRE_LEFT,6107,False,True,41545,Emma King,LNP,LIB,,880,0.14409693794006878,False,ALP>LNP>GRN>ON
NSW,148,Shortland,3,40672,James Pheils,OTH,IND_MINOR,CENTRE_LEFT,6107,False,True,41632,Therese Doyle,GRN,GRN,,1501,0.24578352710004914,False,ALP>LNP>GRN>ON
NSW,148,Shortland,3,40672,James Pheils,OTH,IND_MINOR,CENTRE_LEFT,6107,False,True,41908,Barry Reed,ON,ON,,1526,0.24987719010971016,False,ALP>LNP>GRN>ON
NSW,148,Shortland,4,41908,Barry Reed,ON,ON,,13192,False,True,41347,Pat Conroy,ALP,ALP,,2902,0.21998180715585203,False,ALP>LNP>GRN
NSW,148,Shortland,4,41908,Barry Reed,ON,ON,,13192,False,True,41545,Emma King,LNP,LIB,,8126,0.615979381443299,False,ALP>LNP>GRN
NSW,148,Shortland,4,41908,Barry Reed,ON,ON,,13192,False,True,41632,Therese Doyle,GRN,GRN,,2164,0.164038811400849,False,ALP>LNP>GRN
NSW,148,Shortland,5,41632,Therese Doyle,GRN,GRN,,16274,False,True,41347,Pat Conroy,ALP,ALP,,12694,0.7800172053582402,False,ALP>LNP
NSW,148,Shortland,5,41632,Therese Doyle,GRN,GRN,,16274,False,True,41545,Emma King,LNP,LIB,,3580,0.21998279464175985,False,ALP>LNP
NSW,149,Sydney,1,41984,Rachel Evans,OTH,OTH_SAL,LEFT,2376,False,True,41342,Tanya Plibersek,ALP,ALP,,492,0.20707070707070707,False,ALP>LNP>GRN>ON
NSW,149,Sydney,1,41984,Rachel Evans,OTH,OTH_SAL,LEFT,2376,False,True,41561,Alex Xu,LNP,LIB,,160,0.06734006734006734,False,ALP>LNP>GRN>ON
NSW,149,Sydney,1,41984,Rachel Evans,OTH,OTH_SAL,LEFT,2376,False,True,41638,Luc Velez,GRN,GRN,,1547,0.6510942760942761,False,ALP>LNP>GRN>ON
NSW,149,Sydney,1,41984,Rachel Evans,OTH,OTH_SAL,LEFT,2376,False,True,41910,Vedran Torbarac,ON,ON,,177,0.07449494949494949,False,ALP>LNP>GRN>ON
NSW,149,Sydney,2,41910,Vedran Torbarac,ON,ON,,3875,False,True,41342,Tanya Plibersek,ALP,ALP,,591,0.15251612903225806,False,ALP>LNP>GRN
NSW,149,Sydney,2,41910,Vedran Torbarac,ON,ON,,3875,False,True,41561,Alex Xu,LNP,LIB,,2745,0.7083870967741935,False,ALP>LNP>GRN
NSW,149,Sydney,2,41910,Vedran Torbarac,ON,ON,,3875,False,True,41638,Luc Velez,GRN,GRN,,539,0.13909677419354838,False,ALP>LNP>GRN
NSW,149,Sydney,3,41561,Alex Xu,LNP,LIB,,21765,False,True,41342,Tanya Plibersek,ALP,ALP,,15853,0.7283712382265104,False,ALP>GRN
NSW,149,Sydney,3,41561,Alex Xu,LNP,LIB,,21765,False,True,41638,Luc Velez,GRN,GRN,,5912,0.27162876177348955,False,ALP>GRN
NSW,151,Warringah,1,40624,David Michael Spratt,OTH,IND_MINOR,CENTRE,1171,True,False,32467,Zali Steggall,IND,IND_PROMINENT,CENTRE_LEFT,357,0.304867634500427,False,ALP>LNP>GRN>ON>IND>OTH
NSW,151,Warringah,1,40624,David Michael Spratt,OTH,IND_MINOR,CENTRE,1171,True,False,41341,Celine Varghese-Fell,ALP,ALP,,130,0.11101622544833475,False,ALP>LNP>GRN>ON>IND>OTH
NSW,151,Warringah,1,40624,David Michael Spratt,OTH,IND_MINOR,CENTRE,1171,True,False,41500,Jaimee Rogers,LNP,LIB,,295,0.2519214346712212,False,ALP>LNP>GRN>ON>IND>OTH
NSW,151,Warringah,1,40624,David Michael Spratt,OTH,IND_MINOR,CENTRE,1171,True,False,41637,Bonnie Harvey,GRN,GRN,,91,0.07771135781383433,False,ALP>LNP>GRN>ON>IND>OTH
NSW,151,Warringah,1,40624,David Michael Spratt,OTH,IND_MINOR,CENTRE,1171,True,False,41685,Anthony Rose,OTH,OTH_CYA,RIGHT,72,0.06148590947907771,True,ALP>LNP>GRN>ON>IND>OTH
NSW,151,Warringah,1,40624,David Michael Spratt,OTH,IND_MINOR,CENTRE,1171,True,False,41842,Sean Mcleod,OTH,OTH_LTP,RIGHT,143,0.12211784799316823,True,ALP>LNP>GRN>ON>IND>OTH
NSW,151,Warringah,1,40624,David Michael Spratt,OTH,IND_MINOR,CENTRE,1171,True,False,41941,Gavin Wright,ON,ON,,83,0.07087959009393681,False,ALP>LNP>GRN>ON>IND>OTH
NSW,151,Warringah,2,41685,Anthony Rose,OTH,OTH_CYA,RIGHT,1489,True,False,32467,Zali Steggall,IND,IND_PROMINENT,CENTRE_LEFT,223,0.14976494291470785,False,ALP>LNP>GRN>ON>IND>OTH
NSW,151,Warringah,2,41685,Anthony Rose,OTH,OTH_CYA,RIGHT,1489,True,False,41341,Celine Varghese-Fell,ALP,ALP,,152,0.10208193418401612,False,ALP>LNP>GRN>ON>IND>OTH
NSW,151,Warringah,2,41685,Anthony Rose,OTH,OTH_CYA,RIGHT,1489,True,False,41500,Jaimee Rogers,LNP,LIB,,292,0.19610476830087306,False,ALP>LNP>GRN>ON>IND>OTH
NSW,151,Warringah,2,41685,Anthony Rose,OTH,OTH_CYA,RIGHT,1489,True,False,41637,Bonnie Harvey,GRN,GRN,,55,0.036937541974479515,False,ALP>LNP>GRN>ON>IND>OTH
NSW,151,Warringah,2,41685,Anthony Rose,OTH,OTH_CYA,RIGHT,1489,True,False,41842,Sean Mcleod,OTH,OTH_LTP,RIGHT,236,0.1584956346541303,True,ALP>LNP>GRN>ON>IND>OTH
NSW,151,Warringah,2,41685,Anthony Rose,OTH,OTH_CYA,RIGHT,1489,True,False,41941,Gavin Wright,ON,ON,,531,0.35661517797179315,False,ALP>LNP>GRN>ON>IND>OTH
NSW,151,Warringah,3,41842,Sean Mcleod,OTH,OTH_LTP,RIGHT,1883,False,True,32467,Zali Steggall,IND,IND_PROMINENT,CENTRE_LEFT,193,0.10249601699415826,False,ALP>LNP>GRN>ON>IND
NSW,151,Warringah,3,41842,Sean Mcleod,OTH,OTH_LTP,RIGHT,1883,False,True,41341,Celine Varghese-Fell,ALP,ALP,,107,0.05682421667551779,False,ALP>LNP>GRN>ON>IND
NSW,151,Warringah,3,41842,Sean Mcleod,OTH,OTH_LTP,RIGHT,1883,False,True,41500,Jaimee Rogers,LNP,LIB,,444,0.23579394583112057,False,ALP>LNP>GRN>ON>IND
NSW,151,Warringah,3,41842,Sean Mcleod,OTH,OTH_LTP,RIGHT,1883,False,True,41637,Bonnie Harvey,GRN,GRN,,90,0.04779607010090282,False,ALP>LNP>GRN>ON>IND
NSW,151,Warringah,3,41842,Sean Mcleod,OTH,OTH_LTP,RIGHT,1883,False,True,41941,Gavin Wright,ON,ON,,1049,0.5570897503983006,False,ALP>LNP>GRN>ON>IND
NSW,151,Warringah,4,41941,Gavin Wright,ON,ON,,3641,False,True,32467,Zali Steggall,IND,IND_PROMINENT,CENTRE_LEFT,636,0.1746772864597638,False,ALP>LNP>GRN>IND
NSW,151,Warringah,4,41941,Gavin Wright,ON,ON,,3641,False,True,41341,Celine Varghese-Fell,ALP,ALP,,250,0.068662455369404,False,ALP>LNP>GRN>IND
NSW,151,Warringah,4,41941,Gavin Wright,ON,ON,,3641,False,True,41500,Jaimee Rogers,LNP,LIB,,2514,0.6904696511947267,False,ALP>LNP>GRN>IND
NSW,151,Warringah,4,41941,Gavin Wright,ON,ON,,3641,False,True,41637,Bonnie Harvey,GRN,GRN,,241,0.06619060697610546,False,ALP>LNP>GRN>IND
NSW,151,Warringah,5,41637,Bonnie Harvey,GRN,GRN,,10528,False,True,32467,Zali Steggall,IND,IND_PROMINENT,CENTRE_LEFT,6578,0.6248100303951368,False,ALP>LNP>IND
NSW,151,Warringah,5,41637,Bonnie Harvey,GRN,GRN,,10528,False,True,41341,Celine Varghese-Fell,ALP,ALP,,3163,0.3004369300911854,False,ALP>LNP>IND
NSW,151,Warringah,5,41637,Bonnie Harvey,GRN,GRN,,10528,False,True,41500,Jaimee Rogers,LNP,LIB,,787,0.07475303951367782,False,ALP>LNP>IND
NSW,151,Warringah,6,41341,Celine Varghese-Fell,ALP,ALP,,20540,False,True,32467,Zali Steggall,IND,IND_PROMINENT,CENTRE_LEFT,16741,0.8150438169425511,False,LNP>IND
NSW,151,Warringah,6,41341,Celine Varghese-Fell,ALP,ALP,,20540,False,True,41500,Jaimee Rogers,LNP,LIB,,3799,0.18495618305744888,False,LNP>IND
NSW,251,Watson,1,41976,Zain Khan,OTH,IND_MINOR,CENTRE,1055,True,False,40898,Ziad Basyouny,IND,IND_PROMINENT,LEFT,456,0.4322274881516588,False,ALP>LNP>GRN>ON>IND>OTH
NSW,251,Watson,1,41976,Zain Khan,OTH,IND_MINOR,CENTRE,1055,True,False,41331,Tony Burke,ALP,ALP,,188,0.17819905213270143,False,ALP>LNP>GRN>ON>IND>OTH
NSW,251,Watson,1,41976,Zain Khan,OTH,IND_MINOR,CENTRE,1055,True,False,41499,Zakir Alam,LNP,LIB,,167,0.15829383886255924,False,ALP>LNP>GRN>ON>IND>OTH
NSW,251,Watson,1,41976,Zain Khan,OTH,IND_MINOR,CENTRE,1055,True,False,41642,Vanessa Hadchiti,OTH,OTH_LTP,RIGHT,46,0.043601895734597156,True,ALP>LNP>GRN>ON>IND>OTH
NSW,251,Watson,1,41976,Zain Khan,OTH,IND_MINOR,CENTRE,1055,True,False,41645,Jocelyn Brewer,GRN,GRN,,80,0.07582938388625593,False,ALP>LNP>GRN>ON>IND>OTH
NSW,251,Watson,1,41976,Zain Khan,OTH,IND_MINOR,CENTRE,1055,True,False,41680,John Koukoulis,OTH,OTH_CYA,RIGHT,14,0.013270142180094787,True,ALP>LNP>GRN>ON>IND>OTH
NSW,251,Watson,1,41976,Zain Khan,OTH,IND_MINOR,CENTRE,1055,True,False,41847,John Mannah,OTH,OTH_FFPA,RIGHT,37,0.035071090047393366,True,ALP>LNP>GRN>ON>IND>OTH
NSW,251,Watson,1,41976,Zain Khan,OTH,IND_MINOR,CENTRE,1055,True,False,41920,Elisha Trevena,ON,ON,,67,0.06350710900473934,False,ALP>LNP>GRN>ON>IND>OTH
NSW,251,Watson,2,41847,John Mannah,OTH,OTH_FFPA,RIGHT,1465,True,False,40898,Ziad Basyouny,IND,IND_PROMINENT,LEFT,125,0.08532423208191127,False,ALP>LNP>GRN>ON>IND>OTH
NSW,251,Watson,2,41847,John Mannah,OTH,OTH_FFPA,RIGHT,1465,True,False,41331,Tony Burke,ALP,ALP,,196,0.13378839590443686,False,ALP>LNP>GRN>ON>IND>OTH
NSW,251,Watson,2,41847,John Mannah,OTH,OTH_FFPA,RIGHT,1465,True,False,41499,Zakir Alam,LNP,LIB,,251,0.17133105802047782,False,ALP>LNP>GRN>ON>IND>OTH
NSW,251,Watson,2,41847,John Mannah,OTH,OTH_FFPA,RIGHT,1465,True,False,41642,Vanessa Hadchiti,OTH,OTH_LTP,RIGHT,265,0.18088737201365188,True,ALP>LNP>GRN>ON>IND>OTH
NSW,251,Watson,2,41847,John Mannah,OTH,OTH_FFPA,RIGHT,1465,True,False,41645,Jocelyn Brewer,GRN,GRN,,213,0.1453924914675768,False,ALP>LNP>GRN>ON>IND>OTH
NSW,251,Watson,2,41847,John Mannah,OTH,OTH_FFPA,RIGHT,1465,True,False,41680,John Koukoulis,OTH,OTH_CYA,RIGHT,184,0.12559726962457338,True,ALP>LNP>GRN>ON>IND>OTH
NSW,251,Watson,2,41847,John Mannah,OTH,OTH_FFPA,RIGHT,1465,True,False,41920,Elisha Trevena,ON,ON,,231,0.157679180887372,False,ALP>LNP>GRN>ON>IND>OTH
NSW,251,Watson,3,41680,John Koukoulis,OTH,OTH_CYA,RIGHT,2360,True,False,40898,Ziad Basyouny,IND,IND_PROMINENT,LEFT,199,0.08432203389830509,False,ALP>LNP>GRN>ON>IND>OTH
NSW,251,Watson,3,41680,John Koukoulis,OTH,OTH_CYA,RIGHT,2360,True,False,41331,Tony Burke,ALP,ALP,,371,0.15720338983050847,False,ALP>LNP>GRN>ON>IND>OTH
NSW,251,Watson,3,41680,John Koukoulis,OTH,OTH_CYA,RIGHT,2360,True,False,41499,Zakir Alam,LNP,LIB,,414,0.17542372881355933,False,ALP>LNP>GRN>ON>IND>OTH
NSW,251,Watson,3,41680,John Koukoulis,OTH,OTH_CYA,RIGHT,2360,True,False,41642,Vanessa Hadchiti,OTH,OTH_LTP,RIGHT,246,0.10423728813559321,True,ALP>LNP>GRN>ON>IND>OTH
NSW,251,Watson,3,41680,John Koukoulis,OTH,OTH_CYA,RIGHT,2360,True,False,41645,Jocelyn Brewer,GRN,GRN,,397,0.16822033898305086,False,ALP>LNP>GRN>ON>IND>OTH
NSW,251,Watson,3,41680,John Koukoulis,OTH,OTH_CYA,RIGHT,2360,True,False,41920,Elisha Trevena,ON,ON,,733,0.31059322033898307,False,ALP>LNP>GRN>ON>IND>OTH
NSW,251,Watson,4,41920,Elisha Trevena,ON,ON,,3705,False,True,40898,Ziad Basyouny,IND,IND_PROMINENT,LEFT,551,0.14871794871794872,False,ALP>LNP>GRN>IND>OTH
NSW,251,Watson,4,41920,Elisha Trevena,ON,ON,,3705,False,True,41331,Tony Burke,ALP,ALP,,520,0.14035087719298245,False,ALP>LNP>GRN>IND>OTH
NSW,251,Watson,4,41920,Elisha Trevena,ON,ON,,3705,False,True,41499,Zakir Alam,LNP,LIB,,1339,0.36140350877192984,False,ALP>LNP>GRN>IND>OTH
NSW,251,Watson,4,41920,Elisha Trevena,ON,ON,,3705,False,True,41642,Vanessa Hadchiti,OTH,OTH_LTP,RIGHT,956,0.258029689608637,False,ALP>LNP>GRN>IND>OTH
NSW,251,Watson,4,41920,Elisha Trevena,ON,ON,,3705,False,True,41645,Jocelyn Brewer,GRN,GRN,,339,0.09149797570850203,False,ALP>LNP>GRN>IND>OTH
NSW,251,Watson,5,41642,Vanessa Hadchiti,OTH,OTH_LTP,RIGHT,5072,False,True,40898,Ziad Basyouny,IND,IND_PROMINENT,LEFT,1917,0.37795741324921134,False,ALP>LNP>GRN>IND
NSW,251,Watson,5,41642,Vanessa Hadchiti,OTH,OTH_LTP,RIGHT,5072,False,True,41331,Tony Burke,ALP,ALP,,1152,0.22712933753943218,False,ALP>LNP>GRN>IND
NSW,251,Watson,5,41642,Vanessa Hadchiti,OTH,OTH_LTP,RIGHT,5072,False,True,41499,Zakir Alam,LNP,LIB,,1714,0.3379337539432177,False,ALP>LNP>GRN>IND
NSW,251,Watson,5,41642,Vanessa Hadchiti,OTH,OTH_LTP,RIGHT,5072,False,True,41645,Jocelyn Brewer,GRN,GRN,,289,0.0569794952681388,False,ALP>LNP>GRN>IND
NSW,251,Watson,6,41645,Jocelyn Brewer,GRN,GRN,,8717,False,True,40898,Ziad Basyouny,IND,IND_PROMINENT,LEFT,3242,0.37191694390271884,False,ALP>LNP>IND
NSW,251,Watson,6,41645,Jocelyn Brewer,GRN,GRN,,8717,False,True,41331,Tony Burke,ALP,ALP,,4433,0.5085465182975795,False,ALP>LNP>IND
NSW,251,Watson,6,41645,Jocelyn Brewer,GRN,GRN,,8717,False,True,41499,Zakir Alam,LNP,LIB,,1042,0.11953653779970173,False,ALP>LNP>IND
NSW,251,Watson,7,41499,Zakir Alam,LNP,LIB,,17512,False,True,40898,Ziad Basyouny,IND,IND_PROMINENT,LEFT,9036,0.5159890360895386,False,ALP>IND
NSW,251,Watson,7,41499,Zakir Alam,LNP,LIB,,17512,False,True,41331,Tony Burke,ALP,ALP,,8476,0.4840109639104614,False,ALP>IND
NSW,152,Wentworth,1,41967,Michael Richmond,OTH,IND_MINOR,CENTRE,1347,False,True,37451,Allegra Spender,IND,IND_PROMINENT,CENTRE_LEFT,411,0.3051224944320713,False,ALP>LNP>GRN>ON>IND
NSW,152,Wentworth,1,41967,Michael Richmond,OTH,IND_MINOR,CENTRE,1347,False,True,41326,Savanna Peake,ALP,ALP,,125,0.09279881217520415,False,ALP>LNP>GRN>ON>IND
NSW,152,Wentworth,1,41967,Michael Richmond,OTH,IND_MINOR,CENTRE,1347,False,True,41497,Ro Knox,LNP,LIB,,241,0.1789161098737936,False,ALP>LNP>GRN>ON>IND
NSW,152,Wentworth,1,41967,Michael Richmond,OTH,IND_MINOR,CENTRE,1347,False,True,41532,Nick Ward,GRN,GRN,,378,0.2806236080178174,False,ALP>LNP>GRN>ON>IND
NSW,152,Wentworth,1,41967,Michael Richmond,OTH,IND_MINOR,CENTRE,1347,False,True,41912,James Sternhell,ON,ON,,192,0.14253897550111358,False,ALP>LNP>GRN>ON>IND
NSW,152,Wentworth,2,41912,James Sternhell,ON,ON,,2817,False,True,37451,Allegra Spender,IND,IND_PROMINENT,CENTRE_LEFT,502,0.17820376286829961,False,ALP>LNP>GRN>IND
NSW,152,Wentworth,2,41912,James Sternhell,ON,ON,,2817,False,True,41326,Savanna Peake,ALP,ALP,,198,0.07028753993610223,False,ALP>LNP>GRN>IND
NSW,152,Wentworth,2,41912,James Sternhell,ON,ON,,2817,False,True,41497,Ro Knox,LNP,LIB,,1892,0.6716364927227547,False,ALP>LNP>GRN>IND
NSW,152,Wentworth,2,41912,James Sternhell,ON,ON,,2817,False,True,41532,Nick Ward,GRN,GRN,,225,0.07987220447284345,False,ALP>LNP>GRN>IND
NSW,152,Wentworth,3,41532,Nick Ward,GRN,GRN,,11844,False,True,37451,Allegra Spender,IND,IND_PROMINENT,CENTRE_LEFT,6892,0.5818980074299224,False,ALP>LNP>IND
NSW,152,Wentworth,3,41532,Nick Ward,GRN,GRN,,11844,False,True,41326,Savanna Peake,ALP,ALP,,4200,0.3546099290780142,False,ALP>LNP>IND
NSW,152,Wentworth,3,41532,Nick Ward,GRN,GRN,,11844,False,True,41497,Ro Knox,LNP,LIB,,752,0.06349206349206349,False,ALP>LNP>IND
NSW,152,Wentworth,4,41326,Savanna Peake,ALP,ALP,,19302,False,True,37451,Allegra Spender,IND,IND_PROMINENT,CENTRE_LEFT,16340,0.8465443995440887,False,LNP>IND
NSW,152,Wentworth,4,41326,Savanna Peake,ALP,ALP,,19302,False,True,41497,Ro Knox,LNP,LIB,,2962,0.1534556004559113,False,LNP>IND
NSW,153,Werriwa,1,41827,Jacob Balestri,OTH,OTH_FFPA,RIGHT,1741,True,False,41328,Anne Maree Stanley,ALP,ALP,,377,0.21654221711659966,False,ALP>LNP>GRN>ON>OTH
NSW,153,Werriwa,1,41827,Jacob Balestri,OTH,OTH_FFPA,RIGHT,1741,True,False,41503,Sam Kayal,LNP,LIB,,261,0.1499138426191844,False,ALP>LNP>GRN>ON>OTH
NSW,153,Werriwa,1,41827,Jacob Balestri,OTH,OTH_FFPA,RIGHT,1741,True,False,41648,Janet Rebecca Castle,GRN,GRN,,225,0.1292360712234348,False,ALP>LNP>GRN>ON>OTH
NSW,153,Werriwa,1,41827,Jacob Balestri,OTH,OTH_FFPA,RIGHT,1741,True,False,41679,Shannon Grant Mcglone,OTH,OTH_CYA,RIGHT,116,0.06662837449741528,True,ALP>LNP>GRN>ON>OTH
NSW,153,Werriwa,1,41827,Jacob Balestri,OTH,OTH_FFPA,RIGHT,1741,True,False,41887,Gemma Noiosi,OTH,OTH_LTP,RIGHT,180,0.10338885697874785,True,ALP>LNP>GRN>ON>OTH
NSW,153,Werriwa,1,41827,Jacob Balestri,OTH,OTH_FFPA,RIGHT,1741,True,False,41918,Ian Cimera,ON,ON,,229,0.1315336013785181,False,ALP>LNP>GRN>ON>OTH
NSW,153,Werriwa,1,41827,Jacob Balestri,OTH,OTH_FFPA,RIGHT,1741,True,False,41935,Andrew Charles Murphy,OTH,OTH_HMP,CENTRE_LEFT,119,0.06835152211372775,True,ALP>LNP>GRN>ON>OTH
NSW,153,Werriwa,1,41827,Jacob Balestri,OTH,OTH_FFPA,RIGHT,1741,True,False,41994,Jamal Daoud,OTH,IND_MINOR,CENTRE_LEFT,234,0.1344055140723722,True,ALP>LNP>GRN>ON>OTH
NSW,153,Werriwa,2,41679,Shannon Grant Mcglone,OTH,OTH_CYA,RIGHT,1916,True,False,41328,Anne Maree Stanley,ALP,ALP,,219,0.11430062630480167,False,ALP>LNP>GRN>ON>OTH
NSW,153,Werriwa,2,41679,Shannon Grant Mcglone,OTH,OTH_CYA,RIGHT,1916,True,False,41503,Sam Kayal,LNP,LIB,,296,0.1544885177453027,False,ALP>LNP>GRN>ON>OTH
NSW,153,Werriwa,2,41679,Shannon Grant Mcglone,OTH,OTH_CYA,RIGHT,1916,True,False,41648,Janet Rebecca Castle,GRN,GRN,,98,0.0511482254697286,False,ALP>LNP>GRN>ON>OTH
NSW,153,Werriwa,2,41679,Shannon Grant Mcglone,OTH,OTH_CYA,RIGHT,1916,True,False,41887,Gemma Noiosi,OTH,OTH_LTP,RIGHT,236,0.12317327766179541,True,ALP>LNP>GRN>ON>OTH
NSW,153,Werriwa,2,41679,Shannon Grant Mcglone,OTH,OTH_CYA,RIGHT,1916,True,False,41918,Ian Cimera,ON,ON,,747,0.38987473903966596,False,ALP>LNP>GRN>ON>OTH
NSW,153,Werriwa,2,41679,Shannon Grant Mcglone,OTH,OTH_CYA,RIGHT,1916,True,False,41935,Andrew Charles Murphy,OTH,OTH_HMP,CENTRE_LEFT,194,0.10125260960334029,True,ALP>LNP>GRN>ON>OTH
NSW,153,Werriwa,2,41679,Shannon Grant Mcglone,OTH,OTH_CYA,RIGHT,1916,True,False,41994,Jamal Daoud,OTH,IND_MINOR,CENTRE_LEFT,126,0.06576200417536535,True,ALP>LNP>GRN>ON>OTH
NSW,153,Werriwa,3,41994,Jamal Daoud,OTH,IND_MINOR,CENTRE_LEFT,2592,True,False,41328,Anne Maree Stanley,ALP,ALP,,617,0.23804012345679013,False,ALP>LNP>GRN>ON>OTH
NSW,153,Werriwa,3,41994,Jamal Daoud,OTH,IND_MINOR,CENTRE_LEFT,2592,True,False,41503,Sam Kayal,LNP,LIB,,538,0.20756172839506173,False,ALP>LNP>GRN>ON>OTH
NSW,153,Werriwa,3,41994,Jamal Daoud,OTH,IND_MINOR,CENTRE_LEFT,2592,True,False,41648,Janet Rebecca Castle,GRN,GRN,,690,0.2662037037037037,False,ALP>LNP>GRN>ON>OTH
NSW,153,Werriwa,3,41994,Jamal Daoud,OTH,IND_MINOR,CENTRE_LEFT,2592,True,False,41887,Gemma Noiosi,OTH,OTH_LTP,RIGHT,308,0.11882716049382716,True,ALP>LNP>GRN>ON>OTH
NSW,153,Werriwa,3,41994,Jamal Daoud,OTH,IND_MINOR,CENTRE_LEFT,2592,True,False,41918,Ian Cimera,ON,ON,,157,0.060570987654320986,False,ALP>LNP>GRN>ON>OTH
NSW,153,Werriwa,3,41994,Jamal Daoud,OTH,IND_MINOR,CENTRE_LEFT,2592,True,False,41935,Andrew Charles Murphy,OTH,OTH_HMP,CENTRE_LEFT,282,0.1087962962962963,True,ALP>LNP>GRN>ON>OTH
NSW,153,Werriwa,4,41887,Gemma Noiosi,OTH,OTH_LTP,RIGHT,3526,True,False,41328,Anne Maree Stanley,ALP,ALP,,436,0.1236528644356211,False,ALP>LNP>GRN>ON>OTH
NSW,153,Werriwa,4,41887,Gemma Noiosi,OTH,OTH_LTP,RIGHT,3526,True,False,41503,Sam Kayal,LNP,LIB,,1092,0.3096993760635281,False,ALP>LNP>GRN>ON>OTH
NSW,153,Werriwa,4,41887,Gemma Noiosi,OTH,OTH_LTP,RIGHT,3526,True,False,41648,Janet Rebecca Castle,GRN,GRN,,291,0.08252977878615995,False,ALP>LNP>GRN>ON>OTH
NSW,153,Werriwa,4,41887,Gemma Noiosi,OTH,OTH_LTP,RIGHT,3526,True,False,41918,Ian Cimera,ON,ON,,1416,0.4015882019285309,False,ALP>LNP>GRN>ON>OTH
NSW,153,Werriwa,4,41887,Gemma Noiosi,OTH,OTH_LTP,RIGHT,3526,True,False,41935,Andrew Charles Murphy,OTH,OTH_HMP,CENTRE_LEFT,291,0.08252977878615995,True,ALP>LNP>GRN>ON>OTH
NSW,153,Werriwa,5,41935,Andrew Charles Murphy,OTH,OTH_HMP,CENTRE_LEFT,3891,False,True,41328,Anne Maree Stanley,ALP,ALP,,947,0.2433821639681316,False,ALP>LNP>GRN>ON
NSW,153,Werriwa,5,41935,Andrew Charles Murphy,OTH,OTH_HMP,CENTRE_LEFT,3891,False,True,41503,Sam Kayal,LNP,LIB,,787,0.20226162940118222,False,ALP>LNP>GRN>ON
NSW,153,Werriwa,5,41935,Andrew Charles Murphy,OTH,OTH_HMP,CENTRE_LEFT,3891,False,True,41648,Janet Rebecca Castle,GRN,GRN,,1179,0.30300693909020815,False,ALP>LNP>GRN>ON
NSW,153,Werriwa,5,41935,Andrew Charles Murphy,OTH,OTH_HMP,CENTRE_LEFT,3891,False,True,41918,Ian Cimera,ON,ON,,978,0.25134926754047804,False,ALP>LNP>GRN>ON
NSW,153,Werriwa,6,41918,Ian Cimera,ON,ON,,7026,False,True,41328,Anne Maree Stanley,ALP,ALP,,1349,0.19200113862795332,False,ALP>LNP>GRN
NSW,153,Werriwa,6,41918,Ian Cimera,ON,ON,,7026,False,True,41503,Sam Kayal,LNP,LIB,,4132,0.5881013378878451,False,ALP>LNP>GRN
NSW,153,Werriwa,6,41918,Ian Cimera,ON,ON,,7026,False,True,41648,Janet Rebecca Castle,GRN,GRN,,1545,0.21989752348420152,False,ALP>LNP>GRN
NSW,153,Werriwa,7,41648,Janet Rebecca Castle,GRN,GRN,,13775,False,True,41328,Anne Maree Stanley,ALP,ALP,,10012,0.7268239564428313,False,ALP>LNP
NSW,153,Werriwa,7,41648,Janet Rebecca Castle,GRN,GRN,,13775,False,True,41503,Sam Kayal,LNP,LIB,,3763,0.2731760435571688,False,ALP>LNP
NSW,150,Whitlam,1,40881,Cheryl Ann Hinton,OTH,OTH_CEC,CENTRE,590,True,False,40617,Glenn Butterfield,OTH,IND_MINOR,CENTRE_LEFT,59,0.1,True,ALP>LNP>GRN>ON>OTH
NSW,150,Whitlam,1,40881,Cheryl Ann Hinton,OTH,OTH_CEC,CENTRE,590,True,False,41333,Carol Berry,ALP,ALP,,65,0.11016949152542373,False,ALP>LNP>GRN>ON>OTH
NSW,150,Whitlam,1,40881,Cheryl Ann Hinton,OTH,OTH_CEC,CENTRE,590,True,False,41535,Nathaniel Smith,LNP,LIB,,27,0.04576271186440678,False,ALP>LNP>GRN>ON>OTH
NSW,150,Whitlam,1,40881,Cheryl Ann Hinton,OTH,OTH_CEC,CENTRE,590,True,False,41640,Jamie Dixon,GRN,GRN,,57,0.09661016949152543,False,ALP>LNP>GRN>ON>OTH
NSW,150,Whitlam,1,40881,Cheryl Ann Hinton,OTH,OTH_CEC,CENTRE,590,True,False,41677,Angelo Cuda,OTH,OTH_CYA,RIGHT,35,0.059322033898305086,True,ALP>LNP>GRN>ON>OTH
NSW,150,Whitlam,1,40881,Cheryl Ann Hinton,OTH,OTH_CEC,CENTRE,590,True,False,41837,Raymond Khoury,OTH,OTH_LTP,RIGHT,90,0.15254237288135594,True,ALP>LNP>GRN>ON>OTH
NSW,150,Whitlam,1,40881,Cheryl Ann Hinton,OTH,OTH_CEC,CENTRE,590,True,False,41917,Sharon Cousins,ON,ON,,114,0.19322033898305085,False,ALP>LNP>GRN>ON>OTH
NSW,150,Whitlam,1,40881,Cheryl Ann Hinton,OTH,OTH_CEC,CENTRE,590,True,False,42075,Paddy Moylan,OTH,IND_MINOR,CENTRE_LEFT,87,0.14745762711864407,True,ALP>LNP>GRN>ON>OTH
NSW,150,Whitlam,1,40881,Cheryl Ann Hinton,OTH,OTH_CEC,CENTRE,590,True,False,42083,Ben Britton,OTH,IND_MINOR,CENTRE_RIGHT,56,0.09491525423728814,True,ALP>LNP>GRN>ON>OTH
NSW,150,Whitlam,2,41837,Raymond Khoury,OTH,OTH_LTP,RIGHT,1278,True,False,40617,Glenn Butterfield,OTH,IND_MINOR,CENTRE_LEFT,37,0.028951486697965573,True,ALP>LNP>GRN>ON>OTH
NSW,150,Whitlam,2,41837,Raymond Khoury,OTH,OTH_LTP,RIGHT,1278,True,False,41333,Carol Berry,ALP,ALP,,59,0.04616588419405321,False,ALP>LNP>GRN>ON>OTH
NSW,150,Whitlam,2,41837,Raymond Khoury,OTH,OTH_LTP,RIGHT,1278,True,False,41535,Nathaniel Smith,LNP,LIB,,137,0.10719874804381847,False,ALP>LNP>GRN>ON>OTH
NSW,150,Whitlam,2,41837,Raymond Khoury,OTH,OTH_LTP,RIGHT,1278,True,False,41640,Jamie Dixon,GRN,GRN,,56,0.04381846635367762,False,ALP>LNP>GRN>ON>OTH
NSW,150,Whitlam,2,41837,Raymond Khoury,OTH,OTH_LTP,RIGHT,1278,True,False,41677,Angelo Cuda,OTH,OTH_CYA,RIGHT,148,0.11580594679186229,True,ALP>LNP>GRN>ON>OTH
NSW,150,Whitlam,2,41837,Raymond Khoury,OTH,OTH_LTP,RIGHT,1278,True,False,41917,Sharon Cousins,ON,ON,,410,0.3208137715179969,False,ALP>LNP>GRN>ON>OTH
NSW,150,Whitlam,2,41837,Raymond Khoury,OTH,OTH_LTP,RIGHT,1278,True,False,42075,Paddy Moylan,OTH,IND_MINOR,CENTRE_LEFT,112,0.08763693270735524,True,ALP>LNP>GRN>ON>OTH
NSW,150,Whitlam,2,41837,Raymond Khoury,OTH,OTH_LTP,RIGHT,1278,True,False,42083,Ben Britton,OTH,IND_MINOR,CENTRE_RIGHT,319,0.24960876369327073,True,ALP>LNP>GRN>ON>OTH
NSW,150,Whitlam,3,40617,Glenn Butterfield,OTH,IND_MINOR,CENTRE_LEFT,2001,True,False,41333,Carol Berry,ALP,ALP,,403,0.2013993003498251,False,ALP>LNP>GRN>ON>OTH
NSW,150,Whitlam,3,40617,Glenn Butterfield,OTH,IND_MINOR,CENTRE_LEFT,2001,True,False,41535,Nathaniel Smith,LNP,LIB,,152,0.07596201899050475,False,ALP>LNP>GRN>ON>OTH
NSW,150,Whitlam,3,40617,Glenn Butterfield,OTH,IND_MINOR,CENTRE_LEFT,2001,True,False,41640,Jamie Dixon,GRN,GRN,,157,0.07846076961519241,False,ALP>LNP>GRN>ON>OTH
NSW,150,Whitlam,3,40617,Glenn Butterfield,OTH,IND_MINOR,CENTRE_LEFT,2001,True,False,41677,Angelo Cuda,OTH,OTH_CYA,RIGHT,57,0.02848575712143928,True,ALP>LNP>GRN>ON>OTH
NSW,150,Whitlam,3,40617,Glenn Butterfield,OTH,IND_MINOR,CENTRE_LEFT,2001,True,False,41917,Sharon Cousins,ON,ON,,117,0.05847076461769116,False,ALP>LNP>GRN>ON>OTH
NSW,150,Whitlam,3,40617,Glenn Butterfield,OTH,IND_MINOR,CENTRE_LEFT,2001,True,False,42075,Paddy Moylan,OTH,IND_MINOR,CENTRE_LEFT,795,0.39730134932533734,True,ALP>LNP>GRN>ON>OTH
NSW,150,Whitlam,3,40617,Glenn Butterfield,OTH,IND_MINOR,CENTRE_LEFT,2001,True,False,42083,Ben Britton,OTH,IND_MINOR,CENTRE_RIGHT,320,0.15992003998001,True,ALP>LNP>GRN>ON>OTH
NSW,150,Whitlam,4,42075,Paddy Moylan,OTH,IND_MINOR,CENTRE_LEFT,3205,True,False,41333,Carol Berry,ALP,ALP,,699,0.21809672386895476,False,ALP>LNP>GRN>ON>OTH
NSW,150,Whitlam,4,42075,Paddy Moylan,OTH,IND_MINOR,CENTRE_LEFT,3205,True,False,41535,Nathaniel Smith,LNP,LIB,,353,0.11014040561622465,False,ALP>LNP>GRN>ON>OTH
NSW,150,Whitlam,4,42075,Paddy Moylan,OTH,IND_MINOR,CENTRE_LEFT,3205,True,False,41640,Jamie Dixon,GRN,GRN,,370,0.11544461778471139,False,ALP>LNP>GRN>ON>OTH
NSW,150,Whitlam,4,42075,Paddy Moylan,OTH,IND_MINOR,CENTRE_LEFT,3205,True,False,41677,Angelo Cuda,OTH,OTH_CYA,RIGHT,208,0.06489859594383775,True,ALP>LNP>GRN>ON>OTH
NSW,150,Whitlam,4,42075,Paddy Moylan,OTH,IND_MINOR,CENTRE_LEFT,3205,True,False,41917,Sharon Cousins,ON,ON,,385,0.12012480499219969,False,ALP>LNP>GRN>ON>OTH
NSW,150,Whitlam,4,42075,Paddy Moylan,OTH,IND_MINOR,CENTRE_LEFT,3205,True,False,42083,Ben Britton,OTH,IND_MINOR,CENTRE_RIGHT,1190,0.3712948517940718,True,ALP>LNP>GRN>ON>OTH
NSW,150,Whitlam,5,41677,Angelo Cuda,OTH,OTH_CYA,RIGHT,3549,True,False,41333,Carol Berry,ALP,ALP,,351,0.0989010989010989,False,ALP>LNP>GRN>ON>OTH
NSW,150,Whitlam,5,41677,Angelo Cuda,OTH,OTH_CYA,RIGHT,3549,True,False,41535,Nathaniel Smith,LNP,LIB,,510,0.1437024513947591,False,ALP>LNP>GRN>ON>OTH
NSW,150,Whitlam,5,41677,Angelo Cuda,OTH,OTH_CYA,RIGHT,3549,True,False,41640,Jamie Dixon,GRN,GRN,,298,0.0839673147365455,False,ALP>LNP>GRN>ON>OTH
NSW,150,Whitlam,5,41677,Angelo Cuda,OTH,OTH_CYA,RIGHT,3549,True,False,41917,Sharon Cousins,ON,ON,,1568,0.4418145956607495,False,ALP>LNP>GRN>ON>OTH
NSW,150,Whitlam,5,41677,Angelo Cuda,OTH,OTH_CYA,RIGHT,3549,True,False,42083,Ben Britton,OTH,IND_MINOR,CENTRE_RIGHT,822,0.231614539306847,True,ALP>LNP>GRN>ON>OTH
NSW,150,Whitlam,6,42083,Ben Britton,OTH,IND_MINOR,CENTRE_RIGHT,7953,False,True,41333,Carol Berry,ALP,ALP,,1281,0.16107129385137683,False,ALP>LNP>GRN>ON
NSW,150,Whitlam,6,42083,Ben Britton,OTH,IND_MINOR,CENTRE_RIGHT,7953,False,True,41535,Nathaniel Smith,LNP,LIB,,1843,0.2317364516534641,False,ALP>LNP>GRN>ON
NSW,150,Whitlam,6,42083,Ben Britton,OTH,IND_MINOR,CENTRE_RIGHT,7953,False,True,41640,Jamie Dixon,GRN,GRN,,1309,0.16459197786998617,False,ALP>LNP>GRN>ON
NSW,150,Whitlam,6,42083,Ben Britton,OTH,IND_MINOR,CENTRE_RIGHT,7953,False,True,41917,Sharon Cousins,ON,ON,,3520,0.4426002766251729,False,ALP>LNP>GRN>ON
NSW,150,Whitlam,7,41917,Sharon Cousins,ON,ON,,14493,False,True,41333,Carol Berry,ALP,ALP,,3306,0.22811012212792384,False,ALP>LNP>GRN
NSW,150,Whitlam,7,41917,Sharon Cousins,ON,ON,,14493,False,True,41535,Nathaniel Smith,LNP,LIB,,8588,0.5925619264472504,False,ALP>LNP>GRN
NSW,150,Whitlam,7,41917,Sharon Cousins,ON,ON,,14493,False,True,41640,Jamie Dixon,GRN,GRN,,2599,0.17932795142482577,False,ALP>LNP>GRN
NSW,150,Whitlam,8,41640,Jamie Dixon,GRN,GRN,,18404,False,True,41333,Carol Berry,ALP,ALP,,13092,0.7113670941099761,False,ALP>LNP
NSW,150,Whitlam,8,41640,Jamie Dixon,GRN,GRN,,18404,False,True,41535,Nathaniel Smith,LNP,LIB,,5312,0.2886329058900239,False,ALP>LNP
NT,306,Lingiari,1,40635,Peter Flynn,OTH,OTH_CEC,CENTRE,1022,True,False,41011,Marion Scrymgour,ALP,ALP,,264,0.2583170254403131,False,ALP>LNP>GRN>ON>OTH
NT,306,Lingiari,1,40635,Peter Flynn,OTH,OTH_CEC,CENTRE,1022,True,False,41020,Sakellarios Bairamis,ON,ON,,234,0.22896281800391388,False,ALP>LNP>GRN>ON>OTH
NT,306,Lingiari,1,40635,Peter Flynn,OTH,OTH_CEC,CENTRE,1022,True,False,41126,Lisa Siebert,LNP,CLP,,135,0.13209393346379647,False,ALP>LNP>GRN>ON>OTH
NT,306,Lingiari,1,40635,Peter Flynn,OTH,OTH_CEC,CENTRE,1022,True,False,41151,Blair Mcfarland,GRN,GRN,,182,0.1780821917808219,False,ALP>LNP>GRN>ON>OTH
NT,306,Lingiari,1,40635,Peter Flynn,OTH,OTH_CEC,CENTRE,1022,True,False,41843,Chris Tomlins,OTH,OTH_IAP,LEFT,207,0.2025440313111546,True,ALP>LNP>GRN>ON>OTH
NT,306,Lingiari,2,41843,Chris Tomlins,OTH,OTH_IAP,LEFT,1524,False,True,41011,Marion Scrymgour,ALP,ALP,,556,0.3648293963254593,False,ALP>LNP>GRN>ON
NT,306,Lingiari,2,41843,Chris Tomlins,OTH,OTH_IAP,LEFT,1524,False,True,41020,Sakellarios Bairamis,ON,ON,,197,0.12926509186351706,False,ALP>LNP>GRN>ON
NT,306,Lingiari,2,41843,Chris Tomlins,OTH,OTH_IAP,LEFT,1524,False,True,41126,Lisa Siebert,LNP,CLP,,163,0.10695538057742782,False,ALP>LNP>GRN>ON
NT,306,Lingiari,2,41843,Chris Tomlins,OTH,OTH_IAP,LEFT,1524,False,True,41151,Blair Mcfarland,GRN,GRN,,608,0.3989501312335958,False,ALP>LNP>GRN>ON
NT,306,Lingiari,3,41020,Sakellarios Bairamis,ON,ON,,4563,False,True,41011,Marion Scrymgour,ALP,ALP,,626,0.1371904448827526,False,ALP>LNP>GRN
NT,306,Lingiari,3,41020,Sakellarios Bairamis,ON,ON,,4563,False,True,41126,Lisa Siebert,LNP,CLP,,3209,0.7032653955730879,False,ALP>LNP>GRN
NT,306,Lingiari,3,41020,Sakellarios Bairamis,ON,ON,,4563,False,True,41151,Blair Mcfarland,GRN,GRN,,728,0.15954415954415954,False,ALP>LNP>GRN
NT,306,Lingiari,4,41151,Blair Mcfarland,GRN,GRN,,6164,False,True,41011,Marion Scrymgour,ALP,ALP,,4706,0.763465282284231,False,ALP>LNP
NT,306,Lingiari,4,41151,Blair Mcfarland,GRN,GRN,,6164,False,True,41126,Lisa Siebert,LNP,CLP,,1458,0.23653471771576898,False,ALP>LNP
NT,307,Solomon,1,40639,Brian Kristo,OTH,OTH_CEC,CENTRE,343,True,False,40620,Phil Scott,IND,IND_PROMINENT,CENTRE_LEFT,72,0.2099125364431487,False,ALP>LNP>GRN>ON>IND>OTH
NT,307,Solomon,1,40639,Brian Kristo,OTH,OTH_CEC,CENTRE,343,True,False,41012,Luke John Gosling,ALP,ALP,,46,0.13411078717201166,False,ALP>LNP>GRN>ON>IND>OTH
NT,307,Solomon,1,40639,Brian Kristo,OTH,OTH_CEC,CENTRE,343,True,False,41023,Benjamin Craker,ON,ON,,86,0.25072886297376096,False,ALP>LNP>GRN>ON>IND>OTH
NT,307,Solomon,1,40639,Brian Kristo,OTH,OTH_CEC,CENTRE,343,True,False,41036,Lisa Bayliss,LNP,CLP,,37,0.10787172011661808,False,ALP>LNP>GRN>ON>IND>OTH
NT,307,Solomon,1,40639,Brian Kristo,OTH,OTH_CEC,CENTRE,343,True,False,41153,Jonathan Parry,GRN,GRN,,41,0.119533527696793,False,ALP>LNP>GRN>ON>IND>OTH
NT,307,Solomon,1,40639,Brian Kristo,OTH,OTH_CEC,CENTRE,343,True,False,42082,Janey Davies,OTH,IND_MINOR,CENTRE,61,0.17784256559766765,True,ALP>LNP>GRN>ON>IND>OTH
NT,307,Solomon,2,42082,Janey Davies,OTH,IND_MINOR,CENTRE,754,False,True,40620,Phil Scott,IND,IND_PROMINENT,CENTRE_LEFT,387,0.513262599469496,False,ALP>LNP>GRN>ON>IND
NT,307,Solomon,2,42082,Janey Davies,OTH,IND_MINOR,CENTRE,754,False,True,41012,Luke John Gosling,ALP,ALP,,122,0.16180371352785147,False,ALP>LNP>GRN>ON>IND
NT,307,Solomon,2,42082,Janey Davies,OTH,IND_MINOR,CENTRE,754,False,True,41023,Benjamin Craker,ON,ON,,108,0.14323607427055704,False,ALP>LNP>GRN>ON>IND
NT,307,Solomon,2,42082,Janey Davies,OTH,IND_MINOR,CENTRE,754,False,True,41036,Lisa Bayliss,LNP,CLP,,61,0.08090185676392574,False,ALP>LNP>GRN>ON>IND
NT,307,Solomon,2,42082,Janey Davies,OTH,IND_MINOR,CENTRE,754,False,True,41153,Jonathan Parry,GRN,GRN,,76,0.10079575596816977,False,ALP>LNP>GRN>ON>IND
NT,307,Solomon,3,41023,Benjamin Craker,ON,ON,,4227,False,True,40620,Phil Scott,IND,IND_PROMINENT,CENTRE_LEFT,1396,0.3302578660988881,False,ALP>LNP>GRN>IND
NT,307,Solomon,3,41023,Benjamin Craker,ON,ON,,4227,False,True,41012,Luke John Gosling,ALP,ALP,,322,0.07617695765318193,False,ALP>LNP>GRN>IND
NT,307,Solomon,3,41023,Benjamin Craker,ON,ON,,4227,False,True,41036,Lisa Bayliss,LNP,CLP,,2265,0.5358410220014195,False,ALP>LNP>GRN>IND
NT,307,Solomon,3,41023,Benjamin Craker,ON,ON,,4227,False,True,41153,Jonathan Parry,GRN,GRN,,244,0.05772415424651053,False,ALP>LNP>GRN>IND
NT,307,Solomon,4,41153,Jonathan Parry,GRN,GRN,,6528,False,True,40620,Phil Scott,IND,IND_PROMINENT,CENTRE_LEFT,3003,0.4600183823529412,False,ALP>LNP>IND
NT,307,Solomon,4,41153,Jonathan Parry,GRN,GRN,,6528,False,True,41012,Luke John Gosling,ALP,ALP,,2536,0.38848039215686275,False,ALP>LNP>IND
NT,307,Solomon,4,41153,Jonathan Parry,GRN,GRN,,6528,False,True,41036,Lisa Bayliss,LNP,CLP,,989,0.15150122549019607,False,ALP>LNP>IND
NT,307,Solomon,5,40620,Phil Scott,IND,IND_PROMINENT,CENTRE_LEFT,12359,False,True,41012,Luke John Gosling,ALP,ALP,,8076,0.6534509264503601,False,ALP>LNP
NT,307,Solomon,5,40620,Phil Scott,IND,IND_PROMINENT,CENTRE_LEFT,12359,False,True,41036,Lisa Bayliss,LNP,CLP,,4283,0.34654907354963993,False,ALP>LNP
QLD,304,Blair,1,42043,Anthony Bull,OTH,OTH_LTP,RIGHT,1132,True,False,40725,Shayne Neumann,ALP,ALP,,117,0.10335689045936396,False,ALP>LNP>GRN>ON>OTH
QLD,304,Blair,1,42043,Anthony Bull,OTH,OTH_LTP,RIGHT,1132,True,False,40846,John Frederick Purdon,OTH,OTH_FFPA,RIGHT,91,0.0803886925795053,True,ALP>LNP>GRN>ON>OTH
QLD,304,Blair,1,42043,Anthony Bull,OTH,OTH_LTP,RIGHT,1132,True,False,40920,Brendan Kross,ON,ON,,129,0.11395759717314488,False,ALP>LNP>GRN>ON>OTH
QLD,304,Blair,1,42043,Anthony Bull,OTH,OTH_LTP,RIGHT,1132,True,False,40927,Anthony Hopkins,OTH,OTH_HMP,CENTRE_LEFT,73,0.06448763250883392,True,ALP>LNP>GRN>ON>OTH
QLD,304,Blair,1,42043,Anthony Bull,OTH,OTH_LTP,RIGHT,1132,True,False,40963,Kathryn Chadwick,OTH,OTH_GRPF,RIGHT,234,0.2067137809187279,True,ALP>LNP>GRN>ON>OTH
QLD,304,Blair,1,42043,Anthony Bull,OTH,OTH_LTP,RIGHT,1132,True,False,41202,Carl Mutzelburg,LNP,LNP,,261,0.23056537102473498,False,ALP>LNP>GRN>ON>OTH
QLD,304,Blair,1,42043,Anthony Bull,OTH,OTH_LTP,RIGHT,1132,True,False,41250,Paul Toner,GRN,GRN,,46,0.04063604240282685,False,ALP>LNP>GRN>ON>OTH
QLD,304,Blair,1,42043,Anthony Bull,OTH,OTH_LTP,RIGHT,1132,True,False,41325,Edward Mcdonald,OTH,OTH_CYA,RIGHT,89,0.07862190812720848,True,ALP>LNP>GRN>ON>OTH
QLD,304,Blair,1,42043,Anthony Bull,OTH,OTH_LTP,RIGHT,1132,True,False,41530,Angela Lowery,OTH,OTH_AJP,CENTRE_LEFT,92,0.0812720848056537,True,ALP>LNP>GRN>ON>OTH
QLD,304,Blair,2,41530,Angela Lowery,OTH,OTH_AJP,CENTRE_LEFT,1966,True,False,40725,Shayne Neumann,ALP,ALP,,258,0.13123092573753814,False,ALP>LNP>GRN>ON>OTH
QLD,304,Blair,2,41530,Angela Lowery,OTH,OTH_AJP,CENTRE_LEFT,1966,True,False,40846,John Frederick Purdon,OTH,OTH_FFPA,RIGHT,233,0.1185147507629705,True,ALP>LNP>GRN>ON>OTH
QLD,304,Blair,2,41530,Angela Lowery,OTH,OTH_AJP,CENTRE_LEFT,1966,True,False,40920,Brendan Kross,ON,ON,,125,0.06358087487283826,False,ALP>LNP>GRN>ON>OTH
QLD,304,Blair,2,41530,Angela Lowery,OTH,OTH_AJP,CENTRE_LEFT,1966,True,False,40927,Anthony Hopkins,OTH,OTH_HMP,CENTRE_LEFT,425,0.21617497456765006,True,ALP>LNP>GRN>ON>OTH
QLD,304,Blair,2,41530,Angela Lowery,OTH,OTH_AJP,CENTRE_LEFT,1966,True,False,40963,Kathryn Chadwick,OTH,OTH_GRPF,RIGHT,242,0.12309257375381485,True,ALP>LNP>GRN>ON>OTH
QLD,304,Blair,2,41530,Angela Lowery,OTH,OTH_AJP,CENTRE_LEFT,1966,True,False,41202,Carl Mutzelburg,LNP,LNP,,156,0.07934893184130214,False,ALP>LNP>GRN>ON>OTH
QLD,304,Blair,2,41530,Angela Lowery,OTH,OTH_AJP,CENTRE_LEFT,1966,True,False,41250,Paul Toner,GRN,GRN,,409,0.20803662258392674,False,ALP>LNP>GRN>ON>OTH
QLD,304,Blair,2,41530,Angela Lowery,OTH,OTH_AJP,CENTRE_LEFT,1966,True,False,41325,Edward Mcdonald,OTH,OTH_CYA,RIGHT,118,0.06002034587995931,True,ALP>LNP>GRN>ON>OTH
QLD,304,Blair,3,40846,John Frederick Purdon,OTH,OTH_FFPA,RIGHT,2658,True,False,40725,Shayne Neumann,ALP,ALP,,311,0.11700526711813393,False,ALP>LNP>GRN>ON>OTH
QLD,304,Blair,3,40846,John Frederick Purdon,OTH,OTH_FFPA,RIGHT,2658,True,False,40920,Brendan Kross,ON,ON,,540,0.20316027088036118,False,ALP>LNP>GRN>ON>OTH
QLD,304,Blair,3,40846,John Frederick Purdon,OTH,OTH_FFPA,RIGHT,2658,True,False,40927,Anthony Hopkins,OTH,OTH_HMP,CENTRE_LEFT,286,0.10759969902182091,True,ALP>LNP>GRN>ON>OTH
QLD,304,Blair,3,40846,John Frederick Purdon,OTH,OTH_FFPA,RIGHT,2658,True,False,40963,Kathryn Chadwick,OTH,OTH_GRPF,RIGHT,627,0.23589164785553046,True,ALP>LNP>GRN>ON>OTH
QLD,304,Blair,3,40846,John Frederick Purdon,OTH,OTH_FFPA,RIGHT,2658,True,False,41202,Carl Mutzelburg,LNP,LNP,,389,0.14635063957863054,False,ALP>LNP>GRN>ON>OTH
QLD,304,Blair,3,40846,John Frederick Purdon,OTH,OTH_FFPA,RIGHT,2658,True,False,41250,Paul Toner,GRN,GRN,,316,0.11888638073739653,False,ALP>LNP>GRN>ON>OTH
QLD,304,Blair,3,40846,John Frederick Purdon,OTH,OTH_FFPA,RIGHT,2658,True,False,41325,Edward Mcdonald,OTH,OTH_CYA,RIGHT,189,0.07110609480812641,True,ALP>LNP>GRN>ON>OTH
QLD,304,Blair,4,41325,Edward Mcdonald,OTH,OTH_CYA,RIGHT,4165,True,False,40725,Shayne Neumann,ALP,ALP,,510,0.12244897959183673,False,ALP>LNP>GRN>ON>OTH
QLD,304,Blair,4,41325,Edward Mcdonald,OTH,OTH_CYA,RIGHT,4165,True,False,40920,Brendan Kross,ON,ON,,1643,0.3944777911164466,False,ALP>LNP>GRN>ON>OTH
QLD,304,Blair,4,41325,Edward Mcdonald,OTH,OTH_CYA,RIGHT,4165,True,False,40927,Anthony Hopkins,OTH,OTH_HMP,CENTRE_LEFT,561,0.1346938775510204,True,ALP>LNP>GRN>ON>OTH
QLD,304,Blair,4,41325,Edward Mcdonald,OTH,OTH_CYA,RIGHT,4165,True,False,40963,Kathryn Chadwick,OTH,OTH_GRPF,RIGHT,569,0.13661464585834335,True,ALP>LNP>GRN>ON>OTH
QLD,304,Blair,4,41325,Edward Mcdonald,OTH,OTH_CYA,RIGHT,4165,True,False,41202,Carl Mutzelburg,LNP,LNP,,614,0.14741896758703482,False,ALP>LNP>GRN>ON>OTH
QLD,304,Blair,4,41325,Edward Mcdonald,OTH,OTH_CYA,RIGHT,4165,True,False,41250,Paul Toner,GRN,GRN,,268,0.06434573829531813,False,ALP>LNP>GRN>ON>OTH
QLD,304,Blair,5,40963,Kathryn Chadwick,OTH,OTH_GRPF,RIGHT,6093,True,False,40725,Shayne Neumann,ALP,ALP,,519,0.08517971442639094,False,ALP>LNP>GRN>ON>OTH
QLD,304,Blair,5,40963,Kathryn Chadwick,OTH,OTH_GRPF,RIGHT,6093,True,False,40920,Brendan Kross,ON,ON,,3370,0.5530937140981455,False,ALP>LNP>GRN>ON>OTH
QLD,304,Blair,5,40963,Kathryn Chadwick,OTH,OTH_GRPF,RIGHT,6093,True,False,40927,Anthony Hopkins,OTH,OTH_HMP,CENTRE_LEFT,858,0.14081733136386015,True,ALP>LNP>GRN>ON>OTH
QLD,304,Blair,5,40963,Kathryn Chadwick,OTH,OTH_GRPF,RIGHT,6093,True,False,41202,Carl Mutzelburg,LNP,LNP,,901,0.1478746102084359,False,ALP>LNP>GRN>ON>OTH
QLD,304,Blair,5,40963,Kathryn Chadwick,OTH,OTH_GRPF,RIGHT,6093,True,False,41250,Paul Toner,GRN,GRN,,445,0.07303462990316757,False,ALP>LNP>GRN>ON>OTH
QLD,304,Blair,6,40927,Anthony Hopkins,OTH,OTH_HMP,CENTRE_LEFT,7556,False,True,40725,Shayne Neumann,ALP,ALP,,1431,0.1893859184753838,False,ALP>LNP>GRN>ON
QLD,304,Blair,6,40927,Anthony Hopkins,OTH,OTH_HMP,CENTRE_LEFT,7556,False,True,40920,Brendan Kross,ON,ON,,2774,0.36712546320804657,False,ALP>LNP>GRN>ON
QLD,304,Blair,6,40927,Anthony Hopkins,OTH,OTH_HMP,CENTRE_LEFT,7556,False,True,41202,Carl Mutzelburg,LNP,LNP,,896,0.11858125992588671,False,ALP>LNP>GRN>ON
QLD,304,Blair,6,40927,Anthony Hopkins,OTH,OTH_HMP,CENTRE_LEFT,7556,False,True,41250,Paul Toner,GRN,GRN,,2455,0.3249073583906829,False,ALP>LNP>GRN>ON
QLD,304,Blair,7,41250,Paul Toner,GRN,GRN,,16043,False,True,40725,Shayne Neumann,ALP,ALP,,11592,0.7225581250389578,False,ALP>LNP>ON
QLD,304,Blair,7,41250,Paul Toner,GRN,GRN,,16043,False,True,40920,Brendan Kross,ON,ON,,2830,0.17640092252072556,False,ALP>LNP>ON
QLD,304,Blair,7,41250,Paul Toner,GRN,GRN,,16043,False,True,41202,Carl Mutzelburg,LNP,LNP,,1621,0.10104095244031665,False,ALP>LNP>ON
QLD,304,Blair,8,40920,Brendan Kross,ON,ON,,22755,False,True,40725,Shayne Neumann,ALP,ALP,,7593,0.33368490441661175,False,ALP>LNP
QLD,304,Blair,8,40920,Brendan Kross,ON,ON,,22755,False,True,41202,Carl Mutzelburg,LNP,LNP,,15162,0.6663150955833883,False,ALP>LNP
QLD,310,Bonner,1,40689,Shalini Bhasin,OTH,OTH_LTP,RIGHT,1203,True,False,40727,Kara Cook,ALP,ALP,,144,0.11970074812967581,False,ALP>LNP>GRN>ON>OTH
QLD,310,Bonner,1,40689,Shalini Bhasin,OTH,OTH_LTP,RIGHT,1203,True,False,40849,Ross Dovey,OTH,OTH_FFPA,RIGHT,309,0.256857855361596,True,ALP>LNP>GRN>ON>OTH
QLD,310,Bonner,1,40689,Shalini Bhasin,OTH,OTH_LTP,RIGHT,1203,True,False,40925,Christopher De Winter,ON,ON,,186,0.1546134663341646,False,ALP>LNP>GRN>ON>OTH
QLD,310,Bonner,1,40689,Shalini Bhasin,OTH,OTH_LTP,RIGHT,1203,True,False,40926,Craig Hill,OTH,OTH_HMP,CENTRE_LEFT,119,0.09891936824605153,True,ALP>LNP>GRN>ON>OTH
QLD,310,Bonner,1,40689,Shalini Bhasin,OTH,OTH_LTP,RIGHT,1203,True,False,41205,Ross Vasta,LNP,LNP,,269,0.22360764754779716,False,ALP>LNP>GRN>ON>OTH
QLD,310,Bonner,1,40689,Shalini Bhasin,OTH,OTH_LTP,RIGHT,1203,True,False,41254,Wen Li,GRN,GRN,,94,0.07813798836242726,False,ALP>LNP>GRN>ON>OTH
QLD,310,Bonner,1,40689,Shalini Bhasin,OTH,OTH_LTP,RIGHT,1203,True,False,41330,David Wright,OTH,OTH_CYA,RIGHT,82,0.06816292601828762,True,ALP>LNP>GRN>ON>OTH
QLD,310,Bonner,2,41330,David Wright,OTH,OTH_CYA,RIGHT,2269,True,False,40727,Kara Cook,ALP,ALP,,230,0.10136624063464081,False,ALP>LNP>GRN>ON>OTH
QLD,310,Bonner,2,41330,David Wright,OTH,OTH_CYA,RIGHT,2269,True,False,40849,Ross Dovey,OTH,OTH_FFPA,RIGHT,336,0.1480828558836492,True,ALP>LNP>GRN>ON>OTH
QLD,310,Bonner,2,41330,David Wright,OTH,OTH_CYA,RIGHT,2269,True,False,40925,Christopher De Winter,ON,ON,,946,0.41692375495813133,False,ALP>LNP>GRN>ON>OTH
QLD,310,Bonner,2,41330,David Wright,OTH,OTH_CYA,RIGHT,2269,True,False,40926,Craig Hill,OTH,OTH_HMP,CENTRE_LEFT,226,0.09960334949316879,True,ALP>LNP>GRN>ON>OTH
QLD,310,Bonner,2,41330,David Wright,OTH,OTH_CYA,RIGHT,2269,True,False,41205,Ross Vasta,LNP,LNP,,402,0.1771705597179374,False,ALP>LNP>GRN>ON>OTH
QLD,310,Bonner,2,41330,David Wright,OTH,OTH_CYA,RIGHT,2269,True,False,41254,Wen Li,GRN,GRN,,129,0.05685323931247246,False,ALP>LNP>GRN>ON>OTH
QLD,310,Bonner,3,40926,Craig Hill,OTH,OTH_HMP,CENTRE_LEFT,2842,True,False,40727,Kara Cook,ALP,ALP,,622,0.21885995777621392,False,ALP>LNP>GRN>ON>OTH
QLD,310,Bonner,3,40926,Craig Hill,OTH,OTH_HMP,CENTRE_LEFT,2842,True,False,40849,Ross Dovey,OTH,OTH_FFPA,RIGHT,479,0.1685432793807178,True,ALP>LNP>GRN>ON>OTH
QLD,310,Bonner,3,40926,Craig Hill,OTH,OTH_HMP,CENTRE_LEFT,2842,True,False,40925,Christopher De Winter,ON,ON,,379,0.13335679099225897,False,ALP>LNP>GRN>ON>OTH
QLD,310,Bonner,3,40926,Craig Hill,OTH,OTH_HMP,CENTRE_LEFT,2842,True,False,41205,Ross Vasta,LNP,LNP,,367,0.1291344123856439,False,ALP>LNP>GRN>ON>OTH
QLD,310,Bonner,3,40926,Craig Hill,OTH,OTH_HMP,CENTRE_LEFT,2842,True,False,41254,Wen Li,GRN,GRN,,995,0.35010555946516536,False,ALP>LNP>GRN>ON>OTH
QLD,310,Bonner,4,40849,Ross Dovey,OTH,OTH_FFPA,RIGHT,3935,False,True,40727,Kara Cook,ALP,ALP,,416,0.10571791613722999,False,ALP>LNP>GRN>ON
QLD,310,Bonner,4,40849,Ross Dovey,OTH,OTH_FFPA,RIGHT,3935,False,True,40925,Christopher De Winter,ON,ON,,1782,0.452858958068615,False,ALP>LNP>GRN>ON
QLD,310,Bonner,4,40849,Ross Dovey,OTH,OTH_FFPA,RIGHT,3935,False,True,41205,Ross Vasta,LNP,LNP,,1271,0.3229987293519695,False,ALP>LNP>GRN>ON
QLD,310,Bonner,4,40849,Ross Dovey,OTH,OTH_FFPA,RIGHT,3935,False,True,41254,Wen Li,GRN,GRN,,466,0.11842439644218551,False,ALP>LNP>GRN>ON
QLD,310,Bonner,5,40925,Christopher De Winter,ON,ON,,7077,False,True,40727,Kara Cook,ALP,ALP,,1150,0.16249823371485092,False,ALP>LNP>GRN
QLD,310,Bonner,5,40925,Christopher De Winter,ON,ON,,7077,False,True,41205,Ross Vasta,LNP,LNP,,4760,0.6726013847675568,False,ALP>LNP>GRN
QLD,310,Bonner,5,40925,Christopher De Winter,ON,ON,,7077,False,True,41254,Wen Li,GRN,GRN,,1167,0.1649003815175922,False,ALP>LNP>GRN
QLD,310,Bonner,6,41254,Wen Li,GRN,GRN,,15165,False,True,40727,Kara Cook,ALP,ALP,,12790,0.8433893834487306,False,ALP>LNP
QLD,310,Bonner,6,41254,Wen Li,GRN,GRN,,15165,False,True,41205,Ross Vasta,LNP,LNP,,2375,0.15661061655126937,False,ALP>LNP
QLD,155,Bowman,1,40852,David Todd,OTH,OTH_FFPA,RIGHT,3325,True,False,40623,Shaun Holloway,OTH,IND_MINOR,CENTRE_LEFT,669,0.201203007518797,True,ALP>LNP>GRN>ON>OTH
QLD,155,Bowman,1,40852,David Todd,OTH,OTH_FFPA,RIGHT,3325,True,False,40730,Darcy Brown,ALP,ALP,,400,0.12030075187969924,False,ALP>LNP>GRN>ON>OTH
QLD,155,Bowman,1,40852,David Todd,OTH,OTH_FFPA,RIGHT,3325,True,False,40930,Matthew Knight,ON,ON,,1079,0.3245112781954887,False,ALP>LNP>GRN>ON>OTH
QLD,155,Bowman,1,40852,David Todd,OTH,OTH_FFPA,RIGHT,3325,True,False,41212,Henry Pike,LNP,LNP,,556,0.16721804511278196,False,ALP>LNP>GRN>ON>OTH
QLD,155,Bowman,1,40852,David Todd,OTH,OTH_FFPA,RIGHT,3325,True,False,41259,Kristie Lockhart,GRN,GRN,,253,0.07609022556390978,False,ALP>LNP>GRN>ON>OTH
QLD,155,Bowman,1,40852,David Todd,OTH,OTH_FFPA,RIGHT,3325,True,False,41334,Gary Williamson,OTH,OTH_CYA,RIGHT,368,0.1106766917293233,True,ALP>LNP>GRN>ON>OTH
QLD,155,Bowman,2,40623,Shaun Holloway,OTH,IND_MINOR,CENTRE_LEFT,4044,True,False,40730,Darcy Brown,ALP,ALP,,964,0.23837784371909002,False,ALP>LNP>GRN>ON>OTH
QLD,155,Bowman,2,40623,Shaun Holloway,OTH,IND_MINOR,CENTRE_LEFT,4044,True,False,40930,Matthew Knight,ON,ON,,920,0.2274975272007913,False,ALP>LNP>GRN>ON>OTH
QLD,155,Bowman,2,40623,Shaun Holloway,OTH,IND_MINOR,CENTRE_LEFT,4044,True,False,41212,Henry Pike,LNP,LNP,,484,0.11968348170128586,False,ALP>LNP>GRN>ON>OTH
QLD,155,Bowman,2,40623,Shaun Holloway,OTH,IND_MINOR,CENTRE_LEFT,4044,True,False,41259,Kristie Lockhart,GRN,GRN,,1058,0.26162215628091,False,ALP>LNP>GRN>ON>OTH
QLD,155,Bowman,2,40623,Shaun Holloway,OTH,IND_MINOR,CENTRE_LEFT,4044,True,False,41334,Gary Williamson,OTH,OTH_CYA,RIGHT,618,0.15281899109792285,True,ALP>LNP>GRN>ON>OTH
QLD,155,Bowman,3,41334,Gary Williamson,OTH,OTH_CYA,RIGHT,4910,False,True,40730,Darcy Brown,ALP,ALP,,562,0.11446028513238289,False,ALP>LNP>GRN>ON
QLD,155,Bowman,3,41334,Gary Williamson,OTH,OTH_CYA,RIGHT,4910,False,True,40930,Matthew Knight,ON,ON,,2769,0.5639511201629328,False,ALP>LNP>GRN>ON
QLD,155,Bowman,3,41334,Gary Williamson,OTH,OTH_CYA,RIGHT,4910,False,True,41212,Henry Pike,LNP,LNP,,1056,0.21507128309572301,False,ALP>LNP>GRN>ON
QLD,155,Bowman,3,41334,Gary Williamson,OTH,OTH_CYA,RIGHT,4910,False,True,41259,Kristie Lockhart,GRN,GRN,,523,0.1065173116089613,False,ALP>LNP>GRN>ON
QLD,155,Bowman,4,40930,Matthew Knight,ON,ON,,12418,False,True,40730,Darcy Brown,ALP,ALP,,2105,0.16951199871154776,False,ALP>LNP>GRN
QLD,155,Bowman,4,40930,Matthew Knight,ON,ON,,12418,False,True,41212,Henry Pike,LNP,LNP,,7832,0.6306973747785473,False,ALP>LNP>GRN
QLD,155,Bowman,4,40930,Matthew Knight,ON,ON,,12418,False,True,41259,Kristie Lockhart,GRN,GRN,,2481,0.19979062650990498,False,ALP>LNP>GRN
QLD,155,Bowman,5,41259,Kristie Lockhart,GRN,GRN,,17004,False,True,40730,Darcy Brown,ALP,ALP,,13094,0.7700541049164903,False,ALP>LNP
QLD,155,Bowman,5,41259,Kristie Lockhart,GRN,GRN,,17004,False,True,41212,Henry Pike,LNP,LNP,,3910,0.22994589508350977,False,ALP>LNP
QLD,156,Brisbane,1,40884,Kirsten Sands,OTH,OTH_FFPA,RIGHT,879,True,False,40685,Rachael Blackwood,OTH,OTH_SOPA,LEFT,47,0.053469852104664393,True,ALP>LNP>GRN>ON>OTH
QLD,156,Brisbane,1,40884,Kirsten Sands,OTH,OTH_FFPA,RIGHT,879,True,False,40731,Madonna Jarrett,ALP,ALP,,112,0.12741751990898748,False,ALP>LNP>GRN>ON>OTH
QLD,156,Brisbane,1,40884,Kirsten Sands,OTH,OTH_FFPA,RIGHT,879,True,False,40933,Cheryl Wood,ON,ON,,174,0.19795221843003413,False,ALP>LNP>GRN>ON>OTH
QLD,156,Brisbane,1,40884,Kirsten Sands,OTH,OTH_FFPA,RIGHT,879,True,False,40964,Joseph Wheeler,OTH,OTH_GRPF,RIGHT,205,0.23321956769055746,True,ALP>LNP>GRN>ON>OTH
QLD,156,Brisbane,1,40884,Kirsten Sands,OTH,OTH_FFPA,RIGHT,879,True,False,41215,Trevor Evans,LNP,LNP,,179,0.2036405005688282,False,ALP>LNP>GRN>ON>OTH
QLD,156,Brisbane,1,40884,Kirsten Sands,OTH,OTH_FFPA,RIGHT,879,True,False,41268,Stephen Bates,GRN,GRN,,95,0.1080773606370876,False,ALP>LNP>GRN>ON>OTH
QLD,156,Brisbane,1,40884,Kirsten Sands,OTH,OTH_FFPA,RIGHT,879,True,False,41335,Brian William Thiele,OTH,OTH_CYA,RIGHT,67,0.07622298065984073,True,ALP>LNP>GRN>ON>OTH
QLD,156,Brisbane,2,40685,Rachael Blackwood,OTH,OTH_SOPA,LEFT,1142,True,False,40731,Madonna Jarrett,ALP,ALP,,200,0.17513134851138354,False,ALP>LNP>GRN>ON>OTH
QLD,156,Brisbane,2,40685,Rachael Blackwood,OTH,OTH_SOPA,LEFT,1142,True,False,40933,Cheryl Wood,ON,ON,,44,0.03852889667250438,False,ALP>LNP>GRN>ON>OTH
QLD,156,Brisbane,2,40685,Rachael Blackwood,OTH,OTH_SOPA,LEFT,1142,True,False,40964,Joseph Wheeler,OTH,OTH_GRPF,RIGHT,301,0.2635726795096322,True,ALP>LNP>GRN>ON>OTH
QLD,156,Brisbane,2,40685,Rachael Blackwood,OTH,OTH_SOPA,LEFT,1142,True,False,41215,Trevor Evans,LNP,LNP,,69,0.06042031523642732,False,ALP>LNP>GRN>ON>OTH
QLD,156,Brisbane,2,40685,Rachael Blackwood,OTH,OTH_SOPA,LEFT,1142,True,False,41268,Stephen Bates,GRN,GRN,,487,0.4264448336252189,False,ALP>LNP>GRN>ON>OTH
QLD,156,Brisbane,2,40685,Rachael Blackwood,OTH,OTH_SOPA,LEFT,1142,True,False,41335,Brian William Thiele,OTH,OTH_CYA,RIGHT,41,0.03590192644483362,True,ALP>LNP>GRN>ON>OTH
QLD,156,Brisbane,3,41335,Brian William Thiele,OTH,OTH_CYA,RIGHT,1506,True,False,40731,Madonna Jarrett,ALP,ALP,,190,0.12616201859229748,False,ALP>LNP>GRN>ON>OTH
QLD,156,Brisbane,3,41335,Brian William Thiele,OTH,OTH_CYA,RIGHT,1506,True,False,40933,Cheryl Wood,ON,ON,,559,0.3711819389110226,False,ALP>LNP>GRN>ON>OTH
QLD,156,Brisbane,3,41335,Brian William Thiele,OTH,OTH_CYA,RIGHT,1506,True,False,40964,Joseph Wheeler,OTH,OTH_GRPF,RIGHT,253,0.16799468791500663,True,ALP>LNP>GRN>ON>OTH
QLD,156,Brisbane,3,41335,Brian William Thiele,OTH,OTH_CYA,RIGHT,1506,True,False,41215,Trevor Evans,LNP,LNP,,402,0.26693227091633465,False,ALP>LNP>GRN>ON>OTH
QLD,156,Brisbane,3,41335,Brian William Thiele,OTH,OTH_CYA,RIGHT,1506,True,False,41268,Stephen Bates,GRN,GRN,,102,0.06772908366533864,False,ALP>LNP>GRN>ON>OTH
QLD,156,Brisbane,4,40964,Joseph Wheeler,OTH,OTH_GRPF,RIGHT,3113,False,True,40731,Madonna Jarrett,ALP,ALP,,323,0.1037584323803405,False,ALP>LNP>GRN>ON
QLD,156,Brisbane,4,40964,Joseph Wheeler,OTH,OTH_GRPF,RIGHT,3113,False,True,40933,Cheryl Wood,ON,ON,,1784,0.5730806296177321,False,ALP>LNP>GRN>ON
QLD,156,Brisbane,4,40964,Joseph Wheeler,OTH,OTH_GRPF,RIGHT,3113,False,True,41215,Trevor Evans,LNP,LNP,,577,0.18535175072277546,False,ALP>LNP>GRN>ON
QLD,156,Brisbane,4,40964,Joseph Wheeler,OTH,OTH_GRPF,RIGHT,3113,False,True,41268,Stephen Bates,GRN,GRN,,429,0.13780918727915195,False,ALP>LNP>GRN>ON
QLD,156,Brisbane,5,40933,Cheryl Wood,ON,ON,,5359,False,True,40731,Madonna Jarrett,ALP,ALP,,966,0.18025751072961374,False,ALP>LNP>GRN
QLD,156,Brisbane,5,40933,Cheryl Wood,ON,ON,,5359,False,True,41215,Trevor Evans,LNP,LNP,,3649,0.6809106176525471,False,ALP>LNP>GRN
QLD,156,Brisbane,5,40933,Cheryl Wood,ON,ON,,5359,False,True,41268,Stephen Bates,GRN,GRN,,744,0.13883187161783914,False,ALP>LNP>GRN
QLD,156,Brisbane,6,41268,Stephen Bates,GRN,GRN,,30520,False,True,40731,Madonna Jarrett,ALP,ALP,,27897,0.9140563564875491,False,ALP>LNP
QLD,156,Brisbane,6,41268,Stephen Bates,GRN,GRN,,30520,False,True,41215,Trevor Evans,LNP,LNP,,2623,0.08594364351245085,False,ALP>LNP
QLD,157,Capricornia,1,40858,Kerri Hislop,OTH,OTH_FFPA,RIGHT,3646,True,False,40737,Emily Mawson,ALP,ALP,,387,0.10614371914426769,False,ALP>LNP>GRN>ON>OTH
QLD,157,Capricornia,1,40858,Kerri Hislop,OTH,OTH_FFPA,RIGHT,3646,True,False,40936,Cheryl Kempton,ON,ON,,1520,0.41689522764673614,False,ALP>LNP>GRN>ON>OTH
QLD,157,Capricornia,1,40858,Kerri Hislop,OTH,OTH_FFPA,RIGHT,3646,True,False,41222,Michelle Landry,LNP,LNP,,622,0.17059791552386178,False,ALP>LNP>GRN>ON>OTH
QLD,157,Capricornia,1,40858,Kerri Hislop,OTH,OTH_FFPA,RIGHT,3646,True,False,41270,Mick Jones,GRN,GRN,,412,0.11300054854635216,False,ALP>LNP>GRN>ON>OTH
QLD,157,Capricornia,1,40858,Kerri Hislop,OTH,OTH_FFPA,RIGHT,3646,True,False,41340,Stephen Andrew,OTH,OTH_CYA,RIGHT,705,0.19336258913878224,True,ALP>LNP>GRN>ON>OTH
QLD,157,Capricornia,2,41270,Mick Jones,GRN,GRN,,6513,False,True,40737,Emily Mawson,ALP,ALP,,4453,0.6837095040687855,False,ALP>LNP>ON>OTH
QLD,157,Capricornia,2,41270,Mick Jones,GRN,GRN,,6513,False,True,40936,Cheryl Kempton,ON,ON,,756,0.11607554122524183,False,ALP>LNP>ON>OTH
QLD,157,Capricornia,2,41270,Mick Jones,GRN,GRN,,6513,False,True,41222,Michelle Landry,LNP,LNP,,863,0.13250422232458162,False,ALP>LNP>ON>OTH
QLD,157,Capricornia,2,41270,Mick Jones,GRN,GRN,,6513,False,True,41340,Stephen Andrew,OTH,OTH_CYA,RIGHT,441,0.06771073238139107,False,ALP>LNP>ON>OTH
QLD,157,Capricornia,3,41340,Stephen Andrew,OTH,OTH_CYA,RIGHT,7145,False,True,40737,Emily Mawson,ALP,ALP,,1218,0.17046885934219735,False,ALP>LNP>ON
QLD,157,Capricornia,3,41340,Stephen Andrew,OTH,OTH_CYA,RIGHT,7145,False,True,40936,Cheryl Kempton,ON,ON,,4671,0.6537438768369489,False,ALP>LNP>ON
QLD,157,Capricornia,3,41340,Stephen Andrew,OTH,OTH_CYA,RIGHT,7145,False,True,41222,Michelle Landry,LNP,LNP,,1256,0.17578726382085375,False,ALP>LNP>ON
QLD,157,Capricornia,4,40936,Cheryl Kempton,ON,ON,,22302,False,True,40737,Emily Mawson,ALP,ALP,,6032,0.2704690162317281,False,ALP>LNP
QLD,157,Capricornia,4,40936,Cheryl Kempton,ON,ON,,22302,False,True,41222,Michelle Landry,LNP,LNP,,16270,0.7295309837682719,False,ALP>LNP
QLD,158,Dawson,1,40862,Amanda Nickson,OTH,OTH_FFPA,RIGHT,3170,True,False,40740,Neil Wallace,ALP,ALP,,257,0.08107255520504732,False,ALP>LNP>GRN>ON>OTH
QLD,158,Dawson,1,40862,Amanda Nickson,OTH,OTH_FFPA,RIGHT,3170,True,False,40938,Darren Brown,ON,ON,,581,0.1832807570977918,False,ALP>LNP>GRN>ON>OTH
QLD,158,Dawson,1,40862,Amanda Nickson,OTH,OTH_FFPA,RIGHT,3170,True,False,40965,Alexander John Beaumont,OTH,OTH_GRPF,RIGHT,1119,0.3529968454258675,True,ALP>LNP>GRN>ON>OTH
QLD,158,Dawson,1,40862,Amanda Nickson,OTH,OTH_FFPA,RIGHT,3170,True,False,41203,Andrew Willcox,LNP,LNP,,569,0.17949526813880126,False,ALP>LNP>GRN>ON>OTH
QLD,158,Dawson,1,40862,Amanda Nickson,OTH,OTH_FFPA,RIGHT,3170,True,False,41273,Paula Creen,GRN,GRN,,315,0.09936908517350158,False,ALP>LNP>GRN>ON>OTH
QLD,158,Dawson,1,40862,Amanda Nickson,OTH,OTH_FFPA,RIGHT,3170,True,False,41367,Michael Lockyer,OTH,OTH_CYA,RIGHT,329,0.10378548895899053,True,ALP>LNP>GRN>ON>OTH
QLD,158,Dawson,2,41367,Michael Lockyer,OTH,OTH_CYA,RIGHT,6002,True,False,40740,Neil Wallace,ALP,ALP,,505,0.08413862045984671,False,ALP>LNP>GRN>ON>OTH
QLD,158,Dawson,2,41367,Michael Lockyer,OTH,OTH_CYA,RIGHT,6002,True,False,40938,Darren Brown,ON,ON,,2164,0.36054648450516497,False,ALP>LNP>GRN>ON>OTH
QLD,158,Dawson,2,41367,Michael Lockyer,OTH,OTH_CYA,RIGHT,6002,True,False,40965,Alexander John Beaumont,OTH,OTH_GRPF,RIGHT,1913,0.3187270909696768,True,ALP>LNP>GRN>ON>OTH
QLD,158,Dawson,2,41367,Michael Lockyer,OTH,OTH_CYA,RIGHT,6002,True,False,41203,Andrew Willcox,LNP,LNP,,1113,0.1854381872709097,False,ALP>LNP>GRN>ON>OTH
QLD,158,Dawson,2,41367,Michael Lockyer,OTH,OTH_CYA,RIGHT,6002,True,False,41273,Paula Creen,GRN,GRN,,307,0.051149616794401866,False,ALP>LNP>GRN>ON>OTH
QLD,158,Dawson,3,41273,Paula Creen,GRN,GRN,,7566,False,True,40740,Neil Wallace,ALP,ALP,,4783,0.6321702352630187,False,ALP>LNP>ON>OTH
QLD,158,Dawson,3,41273,Paula Creen,GRN,GRN,,7566,False,True,40938,Darren Brown,ON,ON,,805,0.1063970393867301,False,ALP>LNP>ON>OTH
QLD,158,Dawson,3,41273,Paula Creen,GRN,GRN,,7566,False,True,40965,Alexander John Beaumont,OTH,OTH_GRPF,RIGHT,1229,0.16243721913825007,False,ALP>LNP>ON>OTH
QLD,158,Dawson,3,41273,Paula Creen,GRN,GRN,,7566,False,True,41203,Andrew Willcox,LNP,LNP,,749,0.09899550621200105,False,ALP>LNP>ON>OTH
QLD,158,Dawson,4,40965,Alexander John Beaumont,OTH,OTH_GRPF,RIGHT,9833,False,True,40740,Neil Wallace,ALP,ALP,,1203,0.12234313027560256,False,ALP>LNP>ON
QLD,158,Dawson,4,40965,Alexander John Beaumont,OTH,OTH_GRPF,RIGHT,9833,False,True,40938,Darren Brown,ON,ON,,5964,0.6065290348825384,False,ALP>LNP>ON
QLD,158,Dawson,4,40965,Alexander John Beaumont,OTH,OTH_GRPF,RIGHT,9833,False,True,41203,Andrew Willcox,LNP,LNP,,2666,0.27112783484185904,False,ALP>LNP>ON
QLD,158,Dawson,5,40938,Darren Brown,ON,ON,,19772,False,True,40740,Neil Wallace,ALP,ALP,,5031,0.2544507384179648,False,ALP>LNP
QLD,158,Dawson,5,40938,Darren Brown,ON,ON,,19772,False,True,41203,Andrew Willcox,LNP,LNP,,14741,0.7455492615820352,False,ALP>LNP
QLD,252,Dickson,1,41539,Maureen Brohman,OTH,OTH_AJP,CENTRE_LEFT,936,True,False,40629,Ellie Smith,IND,IND_PROMINENT,LEFT,174,0.1858974358974359,False,ALP>LNP>GRN>ON>IND>OTH
QLD,252,Dickson,1,41539,Maureen Brohman,OTH,OTH_AJP,CENTRE_LEFT,936,True,False,40742,Ali France,ALP,ALP,,79,0.08440170940170941,False,ALP>LNP>GRN>ON>IND>OTH
QLD,252,Dickson,1,41539,Maureen Brohman,OTH,OTH_AJP,CENTRE_LEFT,936,True,False,40867,Suniti Hewett,OTH,OTH_FFPA,RIGHT,85,0.09081196581196581,True,ALP>LNP>GRN>ON>IND>OTH
QLD,252,Dickson,1,41539,Maureen Brohman,OTH,OTH_AJP,CENTRE_LEFT,936,True,False,40931,David Zaloudek,OTH,OTH_HMP,CENTRE_LEFT,318,0.33974358974358976,True,ALP>LNP>GRN>ON>IND>OTH
QLD,252,Dickson,1,41539,Maureen Brohman,OTH,OTH_AJP,CENTRE_LEFT,936,True,False,40941,Joel Stevenson,ON,ON,,38,0.0405982905982906,False,ALP>LNP>GRN>ON>IND>OTH
QLD,252,Dickson,1,41539,Maureen Brohman,OTH,OTH_AJP,CENTRE_LEFT,936,True,False,41208,Peter Dutton,LNP,LNP,,51,0.05448717948717949,False,ALP>LNP>GRN>ON>IND>OTH
QLD,252,Dickson,1,41539,Maureen Brohman,OTH,OTH_AJP,CENTRE_LEFT,936,True,False,41275,Vinnie Batten,GRN,GRN,,159,0.16987179487179488,False,ALP>LNP>GRN>ON>IND>OTH
QLD,252,Dickson,1,41539,Maureen Brohman,OTH,OTH_AJP,CENTRE_LEFT,936,True,False,41375,Michael Jessop,OTH,OTH_CYA,RIGHT,32,0.03418803418803419,True,ALP>LNP>GRN>ON>IND>OTH
QLD,252,Dickson,2,41375,Michael Jessop,OTH,OTH_CYA,RIGHT,1932,True,False,40629,Ellie Smith,IND,IND_PROMINENT,LEFT,359,0.18581780538302278,False,ALP>LNP>GRN>ON>IND>OTH
QLD,252,Dickson,2,41375,Michael Jessop,OTH,OTH_CYA,RIGHT,1932,True,False,40742,Ali France,ALP,ALP,,138,0.07142857142857142,False,ALP>LNP>GRN>ON>IND>OTH
QLD,252,Dickson,2,41375,Michael Jessop,OTH,OTH_CYA,RIGHT,1932,True,False,40867,Suniti Hewett,OTH,OTH_FFPA,RIGHT,246,0.12732919254658384,True,ALP>LNP>GRN>ON>IND>OTH
QLD,252,Dickson,2,41375,Michael Jessop,OTH,OTH_CYA,RIGHT,1932,True,False,40931,David Zaloudek,OTH,OTH_HMP,CENTRE_LEFT,223,0.11542443064182195,True,ALP>LNP>GRN>ON>IND>OTH
QLD,252,Dickson,2,41375,Michael Jessop,OTH,OTH_CYA,RIGHT,1932,True,False,40941,Joel Stevenson,ON,ON,,620,0.32091097308488614,False,ALP>LNP>GRN>ON>IND>OTH
QLD,252,Dickson,2,41375,Michael Jessop,OTH,OTH_CYA,RIGHT,1932,True,False,41208,Peter Dutton,LNP,LNP,,291,0.15062111801242237,False,ALP>LNP>GRN>ON>IND>OTH
QLD,252,Dickson,2,41375,Michael Jessop,OTH,OTH_CYA,RIGHT,1932,True,False,41275,Vinnie Batten,GRN,GRN,,55,0.028467908902691512,False,ALP>LNP>GRN>ON>IND>OTH
QLD,252,Dickson,3,40867,Suniti Hewett,OTH,OTH_FFPA,RIGHT,2630,True,False,40629,Ellie Smith,IND,IND_PROMINENT,LEFT,365,0.13878326996197718,False,ALP>LNP>GRN>ON>IND>OTH
QLD,252,Dickson,3,40867,Suniti Hewett,OTH,OTH_FFPA,RIGHT,2630,True,False,40742,Ali France,ALP,ALP,,414,0.1574144486692015,False,ALP>LNP>GRN>ON>IND>OTH
QLD,252,Dickson,3,40867,Suniti Hewett,OTH,OTH_FFPA,RIGHT,2630,True,False,40931,David Zaloudek,OTH,OTH_HMP,CENTRE_LEFT,207,0.07870722433460076,True,ALP>LNP>GRN>ON>IND>OTH
QLD,252,Dickson,3,40867,Suniti Hewett,OTH,OTH_FFPA,RIGHT,2630,True,False,40941,Joel Stevenson,ON,ON,,1057,0.40190114068441063,False,ALP>LNP>GRN>ON>IND>OTH
QLD,252,Dickson,3,40867,Suniti Hewett,OTH,OTH_FFPA,RIGHT,2630,True,False,41208,Peter Dutton,LNP,LNP,,419,0.15931558935361217,False,ALP>LNP>GRN>ON>IND>OTH
QLD,252,Dickson,3,40867,Suniti Hewett,OTH,OTH_FFPA,RIGHT,2630,True,False,41275,Vinnie Batten,GRN,GRN,,168,0.06387832699619772,False,ALP>LNP>GRN>ON>IND>OTH
QLD,252,Dickson,4,40931,David Zaloudek,OTH,OTH_HMP,CENTRE_LEFT,3698,False,True,40629,Ellie Smith,IND,IND_PROMINENT,LEFT,1285,0.34748512709572743,False,ALP>LNP>GRN>ON>IND
QLD,252,Dickson,4,40931,David Zaloudek,OTH,OTH_HMP,CENTRE_LEFT,3698,False,True,40742,Ali France,ALP,ALP,,705,0.1906435911303407,False,ALP>LNP>GRN>ON>IND
QLD,252,Dickson,4,40931,David Zaloudek,OTH,OTH_HMP,CENTRE_LEFT,3698,False,True,40941,Joel Stevenson,ON,ON,,542,0.14656571119524067,False,ALP>LNP>GRN>ON>IND
QLD,252,Dickson,4,40931,David Zaloudek,OTH,OTH_HMP,CENTRE_LEFT,3698,False,True,41208,Peter Dutton,LNP,LNP,,340,0.09194159004867496,False,ALP>LNP>GRN>ON>IND
QLD,252,Dickson,4,40931,David Zaloudek,OTH,OTH_HMP,CENTRE_LEFT,3698,False,True,41275,Vinnie Batten,GRN,GRN,,826,0.22336398053001622,False,ALP>LNP>GRN>ON>IND
QLD,252,Dickson,5,40941,Joel Stevenson,ON,ON,,6686,False,True,40629,Ellie Smith,IND,IND_PROMINENT,LEFT,2324,0.3475919832485791,False,ALP>LNP>GRN>IND
QLD,252,Dickson,5,40941,Joel Stevenson,ON,ON,,6686,False,True,40742,Ali France,ALP,ALP,,594,0.08884235716422376,False,ALP>LNP>GRN>IND
QLD,252,Dickson,5,40941,Joel Stevenson,ON,ON,,6686,False,True,41208,Peter Dutton,LNP,LNP,,3365,0.503290457672749,False,ALP>LNP>GRN>IND
QLD,252,Dickson,5,40941,Joel Stevenson,ON,ON,,6686,False,True,41275,Vinnie Batten,GRN,GRN,,403,0.0602752019144481,False,ALP>LNP>GRN>IND
QLD,252,Dickson,6,41275,Vinnie Batten,GRN,GRN,,9672,False,True,40629,Ellie Smith,IND,IND_PROMINENT,LEFT,4114,0.42535153019023986,False,ALP>LNP>IND
QLD,252,Dickson,6,41275,Vinnie Batten,GRN,GRN,,9672,False,True,40742,Ali France,ALP,ALP,,5138,0.5312241521918941,False,ALP>LNP>IND
QLD,252,Dickson,6,41275,Vinnie Batten,GRN,GRN,,9672,False,True,41208,Peter Dutton,LNP,LNP,,420,0.043424317617866005,False,ALP>LNP>IND
QLD,252,Dickson,7,40629,Ellie Smith,IND,IND_PROMINENT,LEFT,21495,False,True,40742,Ali France,ALP,ALP,,16545,0.7697138869504536,False,ALP>LNP
QLD,252,Dickson,7,40629,Ellie Smith,IND,IND_PROMINENT,LEFT,21495,False,True,41208,Peter Dutton,LNP,LNP,,4950,0.2302861130495464,False,ALP>LNP
QLD,159,Fadden,1,40645,Dennis Pukallus,OTH,OTH_CEC,CENTRE,1169,True,False,37695,Stewart Brooker,OTH,IND_MINOR,CENTRE_LEFT,86,0.07356715141146279,True,ALP>LNP>GRN>ON>OTH
QLD,159,Fadden,1,40645,Dennis Pukallus,OTH,OTH_CEC,CENTRE,1169,True,False,40746,Letitia Del Fabbro,ALP,ALP,,600,0.5132591958939264,False,ALP>LNP>GRN>ON>OTH
QLD,159,Fadden,1,40645,Dennis Pukallus,OTH,OTH_CEC,CENTRE,1169,True,False,40886,Patricia Martin,OTH,OTH_FFPA,RIGHT,65,0.055603079555175364,True,ALP>LNP>GRN>ON>OTH
QLD,159,Fadden,1,40645,Dennis Pukallus,OTH,OTH_CEC,CENTRE,1169,True,False,40943,Nick Muir,ON,ON,,200,0.1710863986313088,False,ALP>LNP>GRN>ON>OTH
QLD,159,Fadden,1,40645,Dennis Pukallus,OTH,OTH_CEC,CENTRE,1169,True,False,40968,John Armfield,OTH,OTH_GRPF,RIGHT,67,0.05731394354148845,True,ALP>LNP>GRN>ON>OTH
QLD,159,Fadden,1,40645,Dennis Pukallus,OTH,OTH_CEC,CENTRE,1169,True,False,41211,Cameron Caldwell,LNP,LNP,,25,0.0213857998289136,False,ALP>LNP>GRN>ON>OTH
QLD,159,Fadden,1,40645,Dennis Pukallus,OTH,OTH_CEC,CENTRE,1169,True,False,41276,Andrew Stimson,GRN,GRN,,60,0.05132591958939264,False,ALP>LNP>GRN>ON>OTH
QLD,159,Fadden,1,40645,Dennis Pukallus,OTH,OTH_CEC,CENTRE,1169,True,False,41385,Nathan O'Brien,OTH,OTH_CYA,RIGHT,66,0.05645851154833191,True,ALP>LNP>GRN>ON>OTH
QLD,159,Fadden,2,40886,Patricia Martin,OTH,OTH_FFPA,RIGHT,2263,True,False,37695,Stewart Brooker,OTH,IND_MINOR,CENTRE_LEFT,218,0.0963323022536456,True,ALP>LNP>GRN>ON>OTH
QLD,159,Fadden,2,40886,Patricia Martin,OTH,OTH_FFPA,RIGHT,2263,True,False,40746,Letitia Del Fabbro,ALP,ALP,,220,0.09721608484312859,False,ALP>LNP>GRN>ON>OTH
QLD,159,Fadden,2,40886,Patricia Martin,OTH,OTH_FFPA,RIGHT,2263,True,False,40943,Nick Muir,ON,ON,,393,0.173663278833407,False,ALP>LNP>GRN>ON>OTH
QLD,159,Fadden,2,40886,Patricia Martin,OTH,OTH_FFPA,RIGHT,2263,True,False,40968,John Armfield,OTH,OTH_GRPF,RIGHT,534,0.2359699513919576,True,ALP>LNP>GRN>ON>OTH
QLD,159,Fadden,2,40886,Patricia Martin,OTH,OTH_FFPA,RIGHT,2263,True,False,41211,Cameron Caldwell,LNP,LNP,,383,0.16924436588599204,False,ALP>LNP>GRN>ON>OTH
QLD,159,Fadden,2,40886,Patricia Martin,OTH,OTH_FFPA,RIGHT,2263,True,False,41276,Andrew Stimson,GRN,GRN,,356,0.15731330092797172,False,ALP>LNP>GRN>ON>OTH
QLD,159,Fadden,2,40886,Patricia Martin,OTH,OTH_FFPA,RIGHT,2263,True,False,41385,Nathan O'Brien,OTH,OTH_CYA,RIGHT,159,0.07026071586389748,True,ALP>LNP>GRN>ON>OTH
QLD,159,Fadden,3,37695,Stewart Brooker,OTH,IND_MINOR,CENTRE_LEFT,3428,True,False,40746,Letitia Del Fabbro,ALP,ALP,,649,0.18932322053675613,False,ALP>LNP>GRN>ON>OTH
QLD,159,Fadden,3,37695,Stewart Brooker,OTH,IND_MINOR,CENTRE_LEFT,3428,True,False,40943,Nick Muir,ON,ON,,354,0.10326721120186698,False,ALP>LNP>GRN>ON>OTH
QLD,159,Fadden,3,37695,Stewart Brooker,OTH,IND_MINOR,CENTRE_LEFT,3428,True,False,40968,John Armfield,OTH,OTH_GRPF,RIGHT,484,0.1411901983663944,True,ALP>LNP>GRN>ON>OTH
QLD,159,Fadden,3,37695,Stewart Brooker,OTH,IND_MINOR,CENTRE_LEFT,3428,True,False,41211,Cameron Caldwell,LNP,LNP,,361,0.10530921820303384,False,ALP>LNP>GRN>ON>OTH
QLD,159,Fadden,3,37695,Stewart Brooker,OTH,IND_MINOR,CENTRE_LEFT,3428,True,False,41276,Andrew Stimson,GRN,GRN,,1243,0.36260210035005835,False,ALP>LNP>GRN>ON>OTH
QLD,159,Fadden,3,37695,Stewart Brooker,OTH,IND_MINOR,CENTRE_LEFT,3428,True,False,41385,Nathan O'Brien,OTH,OTH_CYA,RIGHT,337,0.09830805134189032,True,ALP>LNP>GRN>ON>OTH
QLD,159,Fadden,4,41385,Nathan O'Brien,OTH,OTH_CYA,RIGHT,5123,True,False,40746,Letitia Del Fabbro,ALP,ALP,,639,0.12473160257661527,False,ALP>LNP>GRN>ON>OTH
QLD,159,Fadden,4,41385,Nathan O'Brien,OTH,OTH_CYA,RIGHT,5123,True,False,40943,Nick Muir,ON,ON,,2316,0.45207886004294356,False,ALP>LNP>GRN>ON>OTH
QLD,159,Fadden,4,41385,Nathan O'Brien,OTH,OTH_CYA,RIGHT,5123,True,False,40968,John Armfield,OTH,OTH_GRPF,RIGHT,652,0.12726917821588912,True,ALP>LNP>GRN>ON>OTH
QLD,159,Fadden,4,41385,Nathan O'Brien,OTH,OTH_CYA,RIGHT,5123,True,False,41211,Cameron Caldwell,LNP,LNP,,972,0.18973257856724576,False,ALP>LNP>GRN>ON>OTH
QLD,159,Fadden,4,41385,Nathan O'Brien,OTH,OTH_CYA,RIGHT,5123,True,False,41276,Andrew Stimson,GRN,GRN,,544,0.10618778059730627,False,ALP>LNP>GRN>ON>OTH
QLD,159,Fadden,5,40968,John Armfield,OTH,OTH_GRPF,RIGHT,6675,False,True,40746,Letitia Del Fabbro,ALP,ALP,,545,0.08164794007490636,False,ALP>LNP>GRN>ON
QLD,159,Fadden,5,40968,John Armfield,OTH,OTH_GRPF,RIGHT,6675,False,True,40943,Nick Muir,ON,ON,,4290,0.6426966292134831,False,ALP>LNP>GRN>ON
QLD,159,Fadden,5,40968,John Armfield,OTH,OTH_GRPF,RIGHT,6675,False,True,41211,Cameron Caldwell,LNP,LNP,,1047,0.15685393258426966,False,ALP>LNP>GRN>ON
QLD,159,Fadden,5,40968,John Armfield,OTH,OTH_GRPF,RIGHT,6675,False,True,41276,Andrew Stimson,GRN,GRN,,793,0.11880149812734082,False,ALP>LNP>GRN>ON
QLD,159,Fadden,6,41276,Andrew Stimson,GRN,GRN,,13355,False,True,40746,Letitia Del Fabbro,ALP,ALP,,9334,0.6989142643204792,False,ALP>LNP>ON
QLD,159,Fadden,6,41276,Andrew Stimson,GRN,GRN,,13355,False,True,40943,Nick Muir,ON,ON,,2054,0.15380007487832273,False,ALP>LNP>ON
QLD,159,Fadden,6,41276,Andrew Stimson,GRN,GRN,,13355,False,True,41211,Cameron Caldwell,LNP,LNP,,1967,0.14728566080119807,False,ALP>LNP>ON
QLD,159,Fadden,7,40943,Nick Muir,ON,ON,,18503,False,True,40746,Letitia Del Fabbro,ALP,ALP,,5521,0.2983840458304059,False,ALP>LNP
QLD,159,Fadden,7,40943,Nick Muir,ON,ON,,18503,False,True,41211,Cameron Caldwell,LNP,LNP,,12982,0.7016159541695941,False,ALP>LNP
QLD,160,Fairfax,1,41447,Paul Mckeown,OTH,IND_MINOR,CENTRE,1819,True,False,40651,Francine Wiig,IND,IND_PROMINENT,CENTRE_LEFT,718,0.39472237493128093,False,ALP>LNP>GRN>ON>IND>OTH
QLD,160,Fairfax,1,41447,Paul Mckeown,OTH,IND_MINOR,CENTRE,1819,True,False,40749,Naomi Mcqueen,ALP,ALP,,167,0.09180868609125893,False,ALP>LNP>GRN>ON>IND>OTH
QLD,160,Fairfax,1,41447,Paul Mckeown,OTH,IND_MINOR,CENTRE,1819,True,False,40875,Rhys Sanderson,OTH,OTH_FFPA,RIGHT,175,0.09620670698185817,True,ALP>LNP>GRN>ON>IND>OTH
QLD,160,Fairfax,1,41447,Paul Mckeown,OTH,IND_MINOR,CENTRE,1819,True,False,40946,Beatrice Marsh,ON,ON,,199,0.10940076965365586,False,ALP>LNP>GRN>ON>IND>OTH
QLD,160,Fairfax,1,41447,Paul Mckeown,OTH,IND_MINOR,CENTRE,1819,True,False,41213,Ted O'Brien,LNP,LNP,,258,0.14183617372182517,False,ALP>LNP>GRN>ON>IND>OTH
QLD,160,Fairfax,1,41447,Paul Mckeown,OTH,IND_MINOR,CENTRE,1819,True,False,41279,Sue Etheridge,GRN,GRN,,143,0.07861462341946124,False,ALP>LNP>GRN>ON>IND>OTH
QLD,160,Fairfax,1,41447,Paul Mckeown,OTH,IND_MINOR,CENTRE,1819,True,False,41395,Gregory Ryzy,OTH,OTH_CYA,RIGHT,159,0.08741066520065971,True,ALP>LNP>GRN>ON>IND>OTH
QLD,160,Fairfax,2,41395,Gregory Ryzy,OTH,OTH_CYA,RIGHT,3222,True,False,40651,Francine Wiig,IND,IND_PROMINENT,CENTRE_LEFT,508,0.15766604593420236,False,ALP>LNP>GRN>ON>IND>OTH
QLD,160,Fairfax,2,41395,Gregory Ryzy,OTH,OTH_CYA,RIGHT,3222,True,False,40749,Naomi Mcqueen,ALP,ALP,,194,0.06021104903786468,False,ALP>LNP>GRN>ON>IND>OTH
QLD,160,Fairfax,2,41395,Gregory Ryzy,OTH,OTH_CYA,RIGHT,3222,True,False,40875,Rhys Sanderson,OTH,OTH_FFPA,RIGHT,410,0.12725015518311608,True,ALP>LNP>GRN>ON>IND>OTH
QLD,160,Fairfax,2,41395,Gregory Ryzy,OTH,OTH_CYA,RIGHT,3222,True,False,40946,Beatrice Marsh,ON,ON,,1333,0.4137181874612042,False,ALP>LNP>GRN>ON>IND>OTH
QLD,160,Fairfax,2,41395,Gregory Ryzy,OTH,OTH_CYA,RIGHT,3222,True,False,41213,Ted O'Brien,LNP,LNP,,620,0.19242706393544382,False,ALP>LNP>GRN>ON>IND>OTH
QLD,160,Fairfax,2,41395,Gregory Ryzy,OTH,OTH_CYA,RIGHT,3222,True,False,41279,Sue Etheridge,GRN,GRN,,157,0.048727498448168836,False,ALP>LNP>GRN>ON>IND>OTH
QLD,160,Fairfax,3,40875,Rhys Sanderson,OTH,OTH_FFPA,RIGHT,4401,False,True,40651,Francine Wiig,IND,IND_PROMINENT,CENTRE_LEFT,810,0.18404907975460122,False,ALP>LNP>GRN>ON>IND
QLD,160,Fairfax,3,40875,Rhys Sanderson,OTH,OTH_FFPA,RIGHT,4401,False,True,40749,Naomi Mcqueen,ALP,ALP,,227,0.0515791865485117,False,ALP>LNP>GRN>ON>IND
QLD,160,Fairfax,3,40875,Rhys Sanderson,OTH,OTH_FFPA,RIGHT,4401,False,True,40946,Beatrice Marsh,ON,ON,,2408,0.5471483753692342,False,ALP>LNP>GRN>ON>IND
QLD,160,Fairfax,3,40875,Rhys Sanderson,OTH,OTH_FFPA,RIGHT,4401,False,True,41213,Ted O'Brien,LNP,LNP,,629,0.14292206316746195,False,ALP>LNP>GRN>ON>IND
QLD,160,Fairfax,3,40875,Rhys Sanderson,OTH,OTH_FFPA,RIGHT,4401,False,True,41279,Sue Etheridge,GRN,GRN,,327,0.07430129516019086,False,ALP>LNP>GRN>ON>IND
QLD,160,Fairfax,4,41279,Sue Etheridge,GRN,GRN,,11978,False,True,40651,Francine Wiig,IND,IND_PROMINENT,CENTRE_LEFT,5039,0.42068792786775755,False,ALP>LNP>ON>IND
QLD,160,Fairfax,4,41279,Sue Etheridge,GRN,GRN,,11978,False,True,40749,Naomi Mcqueen,ALP,ALP,,5493,0.4585907497077976,False,ALP>LNP>ON>IND
QLD,160,Fairfax,4,41279,Sue Etheridge,GRN,GRN,,11978,False,True,40946,Beatrice Marsh,ON,ON,,633,0.052846885957588914,False,ALP>LNP>ON>IND
QLD,160,Fairfax,4,41279,Sue Etheridge,GRN,GRN,,11978,False,True,41213,Ted O'Brien,LNP,LNP,,813,0.0678744364668559,False,ALP>LNP>ON>IND
QLD,160,Fairfax,5,40946,Beatrice Marsh,ON,ON,,12805,False,True,40651,Francine Wiig,IND,IND_PROMINENT,CENTRE_LEFT,5842,0.4562280359234674,False,ALP>LNP>IND
QLD,160,Fairfax,5,40946,Beatrice Marsh,ON,ON,,12805,False,True,40749,Naomi Mcqueen,ALP,ALP,,1013,0.0791097227645451,False,ALP>LNP>IND
QLD,160,Fairfax,5,40946,Beatrice Marsh,ON,ON,,12805,False,True,41213,Ted O'Brien,LNP,LNP,,5950,0.4646622413119875,False,ALP>LNP>IND
QLD,160,Fairfax,6,40651,Francine Wiig,IND,IND_PROMINENT,CENTRE_LEFT,26002,False,True,40749,Naomi Mcqueen,ALP,ALP,,17237,0.6629105453426659,False,ALP>LNP
QLD,160,Fairfax,6,40651,Francine Wiig,IND,IND_PROMINENT,CENTRE_LEFT,26002,False,True,41213,Ted O'Brien,LNP,LNP,,8765,0.33708945465733403,False,ALP>LNP
QLD,161,Fisher,1,40880,Bronwen Bolitho,OTH,OTH_FFPA,RIGHT,2079,True,False,40706,Keryn Jones,IND,IND_PROMINENT,CENTRE_LEFT,183,0.08802308802308802,False,ALP>LNP>GRN>ON>IND>OTH
QLD,161,Fisher,1,40880,Bronwen Bolitho,OTH,OTH_FFPA,RIGHT,2079,True,False,40761,Morrison Lakey,ALP,ALP,,109,0.05242905242905243,False,ALP>LNP>GRN>ON>IND>OTH
QLD,161,Fisher,1,40880,Bronwen Bolitho,OTH,OTH_FFPA,RIGHT,2079,True,False,40949,Benjamin Kelly,ON,ON,,721,0.3468013468013468,False,ALP>LNP>GRN>ON>IND>OTH
QLD,161,Fisher,1,40880,Bronwen Bolitho,OTH,OTH_FFPA,RIGHT,2079,True,False,40970,James Pidgeon,OTH,OTH_GRPF,RIGHT,558,0.2683982683982684,True,ALP>LNP>GRN>ON>IND>OTH
QLD,161,Fisher,1,40880,Bronwen Bolitho,OTH,OTH_FFPA,RIGHT,2079,True,False,41219,Andrew Wallace,LNP,LNP,,264,0.12698412698412698,False,ALP>LNP>GRN>ON>IND>OTH
QLD,161,Fisher,1,40880,Bronwen Bolitho,OTH,OTH_FFPA,RIGHT,2079,True,False,41282,Renay Wells,GRN,GRN,,116,0.055796055796055795,False,ALP>LNP>GRN>ON>IND>OTH
QLD,161,Fisher,1,40880,Bronwen Bolitho,OTH,OTH_FFPA,RIGHT,2079,True,False,41413,Denis Fricot,OTH,OTH_CYA,RIGHT,128,0.06156806156806157,True,ALP>LNP>GRN>ON>IND>OTH
QLD,161,Fisher,2,41413,Denis Fricot,OTH,OTH_CYA,RIGHT,3178,True,False,40706,Keryn Jones,IND,IND_PROMINENT,CENTRE_LEFT,518,0.16299559471365638,False,ALP>LNP>GRN>ON>IND>OTH
QLD,161,Fisher,2,41413,Denis Fricot,OTH,OTH_CYA,RIGHT,3178,True,False,40761,Morrison Lakey,ALP,ALP,,260,0.08181246066708622,False,ALP>LNP>GRN>ON>IND>OTH
QLD,161,Fisher,2,41413,Denis Fricot,OTH,OTH_CYA,RIGHT,3178,True,False,40949,Benjamin Kelly,ON,ON,,1224,0.38514789175582126,False,ALP>LNP>GRN>ON>IND>OTH
QLD,161,Fisher,2,41413,Denis Fricot,OTH,OTH_CYA,RIGHT,3178,True,False,40970,James Pidgeon,OTH,OTH_GRPF,RIGHT,491,0.15449968533668973,True,ALP>LNP>GRN>ON>IND>OTH
QLD,161,Fisher,2,41413,Denis Fricot,OTH,OTH_CYA,RIGHT,3178,True,False,41219,Andrew Wallace,LNP,LNP,,504,0.15859030837004406,False,ALP>LNP>GRN>ON>IND>OTH
QLD,161,Fisher,2,41413,Denis Fricot,OTH,OTH_CYA,RIGHT,3178,True,False,41282,Renay Wells,GRN,GRN,,181,0.056954059156702326,False,ALP>LNP>GRN>ON>IND>OTH
QLD,161,Fisher,3,40970,James Pidgeon,OTH,OTH_GRPF,RIGHT,6021,False,True,40706,Keryn Jones,IND,IND_PROMINENT,CENTRE_LEFT,877,0.1456568676299618,False,ALP>LNP>GRN>ON>IND
QLD,161,Fisher,3,40970,James Pidgeon,OTH,OTH_GRPF,RIGHT,6021,False,True,40761,Morrison Lakey,ALP,ALP,,244,0.040524829762497924,False,ALP>LNP>GRN>ON>IND
QLD,161,Fisher,3,40970,James Pidgeon,OTH,OTH_GRPF,RIGHT,6021,False,True,40949,Benjamin Kelly,ON,ON,,4188,0.6955655206776283,False,ALP>LNP>GRN>ON>IND
QLD,161,Fisher,3,40970,James Pidgeon,OTH,OTH_GRPF,RIGHT,6021,False,True,41219,Andrew Wallace,LNP,LNP,,446,0.07407407407407407,False,ALP>LNP>GRN>ON>IND
QLD,161,Fisher,3,40970,James Pidgeon,OTH,OTH_GRPF,RIGHT,6021,False,True,41282,Renay Wells,GRN,GRN,,266,0.0441787078558379,False,ALP>LNP>GRN>ON>IND
QLD,161,Fisher,4,41282,Renay Wells,GRN,GRN,,11959,False,True,40706,Keryn Jones,IND,IND_PROMINENT,CENTRE_LEFT,5794,0.4844886696212058,False,ALP>LNP>ON>IND
QLD,161,Fisher,4,41282,Renay Wells,GRN,GRN,,11959,False,True,40761,Morrison Lakey,ALP,ALP,,4784,0.4000334476126766,False,ALP>LNP>ON>IND
QLD,161,Fisher,4,41282,Renay Wells,GRN,GRN,,11959,False,True,40949,Benjamin Kelly,ON,ON,,591,0.04941884772974329,False,ALP>LNP>ON>IND
QLD,161,Fisher,4,41282,Renay Wells,GRN,GRN,,11959,False,True,41219,Andrew Wallace,LNP,LNP,,790,0.06605903503637428,False,ALP>LNP>ON>IND
QLD,161,Fisher,5,40949,Benjamin Kelly,ON,ON,,13923,False,True,40706,Keryn Jones,IND,IND_PROMINENT,CENTRE_LEFT,5851,0.42023989082812613,False,ALP>LNP>IND
QLD,161,Fisher,5,40949,Benjamin Kelly,ON,ON,,13923,False,True,40761,Morrison Lakey,ALP,ALP,,1448,0.10400057458880989,False,ALP>LNP>IND
QLD,161,Fisher,5,40949,Benjamin Kelly,ON,ON,,13923,False,True,41219,Andrew Wallace,LNP,LNP,,6624,0.47575953458306397,False,ALP>LNP>IND
QLD,161,Fisher,6,40706,Keryn Jones,IND,IND_PROMINENT,CENTRE_LEFT,32519,False,True,40761,Morrison Lakey,ALP,ALP,,18862,0.5800301362280513,False,ALP>LNP
QLD,161,Fisher,6,40706,Keryn Jones,IND,IND_PROMINENT,CENTRE_LEFT,32519,False,True,41219,Andrew Wallace,LNP,LNP,,13657,0.4199698637719487,False,ALP>LNP
QLD,311,Flynn,1,17322,Duncan Scott,OTH,IND_MINOR,CENTRE,1741,True,False,40615,John Anderson,OTH,IND_MINOR,CENTRE_LEFT,840,0.48248133256748993,True,ALP>LNP>GRN>ON>OTH
QLD,311,Flynn,1,17322,Duncan Scott,OTH,IND_MINOR,CENTRE,1741,True,False,40774,Helen Madell,ALP,ALP,,127,0.07294658242389432,False,ALP>LNP>GRN>ON>OTH
QLD,311,Flynn,1,17322,Duncan Scott,OTH,IND_MINOR,CENTRE,1741,True,False,40888,Peter Dorian,OTH,OTH_FFPA,RIGHT,97,0.05571510626076967,True,ALP>LNP>GRN>ON>OTH
QLD,311,Flynn,1,17322,Duncan Scott,OTH,IND_MINOR,CENTRE,1741,True,False,40934,David Harris,ON,ON,,164,0.0941987363584147,False,ALP>LNP>GRN>ON>OTH
QLD,311,Flynn,1,17322,Duncan Scott,OTH,IND_MINOR,CENTRE,1741,True,False,40966,Lance Price,OTH,OTH_GRPF,RIGHT,122,0.0700746697300402,True,ALP>LNP>GRN>ON>OTH
QLD,311,Flynn,1,17322,Duncan Scott,OTH,IND_MINOR,CENTRE,1741,True,False,41161,Colin Boyce,LNP,LNP,,192,0.1102814474439977,False,ALP>LNP>GRN>ON>OTH
QLD,311,Flynn,1,17322,Duncan Scott,OTH,IND_MINOR,CENTRE,1741,True,False,41284,Paul Bambrick,GRN,GRN,,123,0.07064905226881103,False,ALP>LNP>GRN>ON>OTH
QLD,311,Flynn,1,17322,Duncan Scott,OTH,IND_MINOR,CENTRE,1741,True,False,41337,Peter Zunker,OTH,OTH_CYA,RIGHT,76,0.043653072946582425,True,ALP>LNP>GRN>ON>OTH
QLD,311,Flynn,2,40888,Peter Dorian,OTH,OTH_FFPA,RIGHT,2505,True,False,40615,John Anderson,OTH,IND_MINOR,CENTRE_LEFT,380,0.15169660678642716,True,ALP>LNP>GRN>ON>OTH
QLD,311,Flynn,2,40888,Peter Dorian,OTH,OTH_FFPA,RIGHT,2505,True,False,40774,Helen Madell,ALP,ALP,,231,0.09221556886227544,False,ALP>LNP>GRN>ON>OTH
QLD,311,Flynn,2,40888,Peter Dorian,OTH,OTH_FFPA,RIGHT,2505,True,False,40934,David Harris,ON,ON,,490,0.19560878243512975,False,ALP>LNP>GRN>ON>OTH
QLD,311,Flynn,2,40888,Peter Dorian,OTH,OTH_FFPA,RIGHT,2505,True,False,40966,Lance Price,OTH,OTH_GRPF,RIGHT,605,0.24151696606786427,True,ALP>LNP>GRN>ON>OTH
QLD,311,Flynn,2,40888,Peter Dorian,OTH,OTH_FFPA,RIGHT,2505,True,False,41161,Colin Boyce,LNP,LNP,,278,0.11097804391217565,False,ALP>LNP>GRN>ON>OTH
QLD,311,Flynn,2,40888,Peter Dorian,OTH,OTH_FFPA,RIGHT,2505,True,False,41284,Paul Bambrick,GRN,GRN,,274,0.1093812375249501,False,ALP>LNP>GRN>ON>OTH
QLD,311,Flynn,2,40888,Peter Dorian,OTH,OTH_FFPA,RIGHT,2505,True,False,41337,Peter Zunker,OTH,OTH_CYA,RIGHT,247,0.09860279441117764,True,ALP>LNP>GRN>ON>OTH
QLD,311,Flynn,3,41337,Peter Zunker,OTH,OTH_CYA,RIGHT,4043,True,False,40615,John Anderson,OTH,IND_MINOR,CENTRE_LEFT,673,0.16646054909720504,True,ALP>LNP>GRN>ON>OTH
QLD,311,Flynn,3,41337,Peter Zunker,OTH,OTH_CYA,RIGHT,4043,True,False,40774,Helen Madell,ALP,ALP,,413,0.10215186742517932,False,ALP>LNP>GRN>ON>OTH
QLD,311,Flynn,3,41337,Peter Zunker,OTH,OTH_CYA,RIGHT,4043,True,False,40934,David Harris,ON,ON,,1698,0.41998515953499876,False,ALP>LNP>GRN>ON>OTH
QLD,311,Flynn,3,41337,Peter Zunker,OTH,OTH_CYA,RIGHT,4043,True,False,40966,Lance Price,OTH,OTH_GRPF,RIGHT,493,0.12193915409349493,True,ALP>LNP>GRN>ON>OTH
QLD,311,Flynn,3,41337,Peter Zunker,OTH,OTH_CYA,RIGHT,4043,True,False,41161,Colin Boyce,LNP,LNP,,510,0.126143952510512,False,ALP>LNP>GRN>ON>OTH
QLD,311,Flynn,3,41337,Peter Zunker,OTH,OTH_CYA,RIGHT,4043,True,False,41284,Paul Bambrick,GRN,GRN,,256,0.06331931733860995,False,ALP>LNP>GRN>ON>OTH
QLD,311,Flynn,4,40615,John Anderson,OTH,IND_MINOR,CENTRE_LEFT,5023,True,False,40774,Helen Madell,ALP,ALP,,1553,0.30917778220187137,False,ALP>LNP>GRN>ON>OTH
QLD,311,Flynn,4,40615,John Anderson,OTH,IND_MINOR,CENTRE_LEFT,5023,True,False,40934,David Harris,ON,ON,,1141,0.2271550866016325,False,ALP>LNP>GRN>ON>OTH
QLD,311,Flynn,4,40615,John Anderson,OTH,IND_MINOR,CENTRE_LEFT,5023,True,False,40966,Lance Price,OTH,OTH_GRPF,RIGHT,1055,0.21003384431614572,True,ALP>LNP>GRN>ON>OTH
QLD,311,Flynn,4,40615,John Anderson,OTH,IND_MINOR,CENTRE_LEFT,5023,True,False,41161,Colin Boyce,LNP,LNP,,547,0.10889906430420068,False,ALP>LNP>GRN>ON>OTH
QLD,311,Flynn,4,40615,John Anderson,OTH,IND_MINOR,CENTRE_LEFT,5023,True,False,41284,Paul Bambrick,GRN,GRN,,727,0.1447342225761497,False,ALP>LNP>GRN>ON>OTH
QLD,311,Flynn,5,41284,Paul Bambrick,GRN,GRN,,6927,False,True,40774,Helen Madell,ALP,ALP,,4129,0.5960733362205861,False,ALP>LNP>ON>OTH
QLD,311,Flynn,5,41284,Paul Bambrick,GRN,GRN,,6927,False,True,40934,David Harris,ON,ON,,771,0.11130359462970983,False,ALP>LNP>ON>OTH
QLD,311,Flynn,5,41284,Paul Bambrick,GRN,GRN,,6927,False,True,40966,Lance Price,OTH,OTH_GRPF,RIGHT,1414,0.20412877147394254,False,ALP>LNP>ON>OTH
QLD,311,Flynn,5,41284,Paul Bambrick,GRN,GRN,,6927,False,True,41161,Colin Boyce,LNP,LNP,,613,0.08849429767576152,False,ALP>LNP>ON>OTH
QLD,311,Flynn,6,40966,Lance Price,OTH,OTH_GRPF,RIGHT,9869,False,True,40774,Helen Madell,ALP,ALP,,1365,0.13831188570270544,False,ALP>LNP>ON
QLD,311,Flynn,6,40966,Lance Price,OTH,OTH_GRPF,RIGHT,9869,False,True,40934,David Harris,ON,ON,,6764,0.6853784577971426,False,ALP>LNP>ON
QLD,311,Flynn,6,40966,Lance Price,OTH,OTH_GRPF,RIGHT,9869,False,True,41161,Colin Boyce,LNP,LNP,,1740,0.17630965650015198,False,ALP>LNP>ON
QLD,311,Flynn,7,40934,David Harris,ON,ON,,24902,False,True,40774,Helen Madell,ALP,ALP,,6522,0.26190667416271785,False,ALP>LNP
QLD,311,Flynn,7,40934,David Harris,ON,ON,,24902,False,True,41161,Colin Boyce,LNP,LNP,,18380,0.7380933258372822,False,ALP>LNP
QLD,162,Forde,1,40646,Alf De Hombre,OTH,OTH_CEC,CENTRE,669,True,False,37414,Chris Greaves,OTH,IND_MINOR,CENTRE,191,0.28550074738415543,True,ALP>LNP>GRN>ON>OTH
QLD,162,Forde,1,40646,Alf De Hombre,OTH,OTH_CEC,CENTRE,669,True,False,40732,Rowan Holzberger,ALP,ALP,,81,0.1210762331838565,False,ALP>LNP>GRN>ON>OTH
QLD,162,Forde,1,40646,Alf De Hombre,OTH,OTH_CEC,CENTRE,669,True,False,40891,Corneliu Pop,OTH,OTH_FFPA,RIGHT,132,0.19730941704035873,True,ALP>LNP>GRN>ON>OTH
QLD,162,Forde,1,40646,Alf De Hombre,OTH,OTH_CEC,CENTRE,669,True,False,40937,Matthew Lambert,ON,ON,,90,0.13452914798206278,False,ALP>LNP>GRN>ON>OTH
QLD,162,Forde,1,40646,Alf De Hombre,OTH,OTH_CEC,CENTRE,669,True,False,41163,Bert Van Manen,LNP,LNP,,27,0.04035874439461883,False,ALP>LNP>GRN>ON>OTH
QLD,162,Forde,1,40646,Alf De Hombre,OTH,OTH_CEC,CENTRE,669,True,False,41234,Kirsty Petersen,GRN,GRN,,95,0.14200298953662183,False,ALP>LNP>GRN>ON>OTH
QLD,162,Forde,1,40646,Alf De Hombre,OTH,OTH_CEC,CENTRE,669,True,False,41344,Jacob Hiscock,OTH,OTH_CYA,RIGHT,53,0.07922272047832586,True,ALP>LNP>GRN>ON>OTH
QLD,162,Forde,2,37414,Chris Greaves,OTH,IND_MINOR,CENTRE,3377,True,False,40732,Rowan Holzberger,ALP,ALP,,571,0.16908498667456323,False,ALP>LNP>GRN>ON>OTH
QLD,162,Forde,2,37414,Chris Greaves,OTH,IND_MINOR,CENTRE,3377,True,False,40891,Corneliu Pop,OTH,OTH_FFPA,RIGHT,806,0.23867337873852532,True,ALP>LNP>GRN>ON>OTH
QLD,162,Forde,2,37414,Chris Greaves,OTH,IND_MINOR,CENTRE,3377,True,False,40937,Matthew Lambert,ON,ON,,730,0.21616819662422268,False,ALP>LNP>GRN>ON>OTH
QLD,162,Forde,2,37414,Chris Greaves,OTH,IND_MINOR,CENTRE,3377,True,False,41163,Bert Van Manen,LNP,LNP,,336,0.09949659461060112,False,ALP>LNP>GRN>ON>OTH
QLD,162,Forde,2,37414,Chris Greaves,OTH,IND_MINOR,CENTRE,3377,True,False,41234,Kirsty Petersen,GRN,GRN,,595,0.17619188628960616,False,ALP>LNP>GRN>ON>OTH
QLD,162,Forde,2,37414,Chris Greaves,OTH,IND_MINOR,CENTRE,3377,True,False,41344,Jacob Hiscock,OTH,OTH_CYA,RIGHT,339,0.10038495706248149,True,ALP>LNP>GRN>ON>OTH
QLD,162,Forde,3,41344,Jacob Hiscock,OTH,OTH_CYA,RIGHT,5433,True,False,40732,Rowan Holzberger,ALP,ALP,,596,0.10969998159396283,False,ALP>LNP>GRN>ON>OTH
QLD,162,Forde,3,41344,Jacob Hiscock,OTH,OTH_CYA,RIGHT,5433,True,False,40891,Corneliu Pop,OTH,OTH_FFPA,RIGHT,1195,0.2199521443033315,True,ALP>LNP>GRN>ON>OTH
QLD,162,Forde,3,41344,Jacob Hiscock,OTH,OTH_CYA,RIGHT,5433,True,False,40937,Matthew Lambert,ON,ON,,2350,0.43254187373458497,False,ALP>LNP>GRN>ON>OTH
QLD,162,Forde,3,41344,Jacob Hiscock,OTH,OTH_CYA,RIGHT,5433,True,False,41163,Bert Van Manen,LNP,LNP,,815,0.1500092030185901,False,ALP>LNP>GRN>ON>OTH
QLD,162,Forde,3,41344,Jacob Hiscock,OTH,OTH_CYA,RIGHT,5433,True,False,41234,Kirsty Petersen,GRN,GRN,,477,0.08779679734953065,False,ALP>LNP>GRN>ON>OTH
QLD,162,Forde,4,40891,Corneliu Pop,OTH,OTH_FFPA,RIGHT,7592,False,True,40732,Rowan Holzberger,ALP,ALP,,745,0.09812961011591148,False,ALP>LNP>GRN>ON
QLD,162,Forde,4,40891,Corneliu Pop,OTH,OTH_FFPA,RIGHT,7592,False,True,40937,Matthew Lambert,ON,ON,,3428,0.45152792413066384,False,ALP>LNP>GRN>ON
QLD,162,Forde,4,40891,Corneliu Pop,OTH,OTH_FFPA,RIGHT,7592,False,True,41163,Bert Van Manen,LNP,LNP,,2006,0.2642255005268704,False,ALP>LNP>GRN>ON
QLD,162,Forde,4,40891,Corneliu Pop,OTH,OTH_FFPA,RIGHT,7592,False,True,41234,Kirsty Petersen,GRN,GRN,,1413,0.18611696522655427,False,ALP>LNP>GRN>ON
QLD,162,Forde,5,41234,Kirsty Petersen,GRN,GRN,,14860,False,True,40732,Rowan Holzberger,ALP,ALP,,10357,0.6969717362045761,False,ALP>LNP>ON
QLD,162,Forde,5,41234,Kirsty Petersen,GRN,GRN,,14860,False,True,40937,Matthew Lambert,ON,ON,,2265,0.15242261103633917,False,ALP>LNP>ON
QLD,162,Forde,5,41234,Kirsty Petersen,GRN,GRN,,14860,False,True,41163,Bert Van Manen,LNP,LNP,,2238,0.1506056527590848,False,ALP>LNP>ON
QLD,162,Forde,6,40937,Matthew Lambert,ON,ON,,19912,False,True,40732,Rowan Holzberger,ALP,ALP,,6491,0.32598433105664926,False,ALP>LNP
QLD,162,Forde,6,40937,Matthew Lambert,ON,ON,,19912,False,True,41163,Bert Van Manen,LNP,LNP,,13421,0.6740156689433507,False,ALP>LNP
QLD,163,Griffith,1,41038,Andrea Campbell,OTH,OTH_FFPA,RIGHT,1060,True,False,40739,Renee Coffey,ALP,ALP,,128,0.12075471698113208,False,ALP>LNP>GRN>ON>OTH
QLD,163,Griffith,1,41038,Andrea Campbell,OTH,OTH_FFPA,RIGHT,1060,True,False,40940,Lindsay Bell,ON,ON,,184,0.17358490566037735,False,ALP>LNP>GRN>ON>OTH
QLD,163,Griffith,1,41038,Andrea Campbell,OTH,OTH_FFPA,RIGHT,1060,True,False,40969,Dion Hunt,OTH,OTH_GRPF,RIGHT,328,0.30943396226415093,True,ALP>LNP>GRN>ON>OTH
QLD,163,Griffith,1,41038,Andrea Campbell,OTH,OTH_FFPA,RIGHT,1060,True,False,41167,Anthony Bishop,LNP,LNP,,231,0.2179245283018868,False,ALP>LNP>GRN>ON>OTH
QLD,163,Griffith,1,41038,Andrea Campbell,OTH,OTH_FFPA,RIGHT,1060,True,False,41238,Max Chandler-Mather,GRN,GRN,,102,0.09622641509433963,False,ALP>LNP>GRN>ON>OTH
QLD,163,Griffith,1,41038,Andrea Campbell,OTH,OTH_FFPA,RIGHT,1060,True,False,41346,Aaron Hayes,OTH,OTH_CYA,RIGHT,87,0.0820754716981132,True,ALP>LNP>GRN>ON>OTH
QLD,163,Griffith,2,41346,Aaron Hayes,OTH,OTH_CYA,RIGHT,1746,True,False,40739,Renee Coffey,ALP,ALP,,167,0.09564719358533791,False,ALP>LNP>GRN>ON>OTH
QLD,163,Griffith,2,41346,Aaron Hayes,OTH,OTH_CYA,RIGHT,1746,True,False,40940,Lindsay Bell,ON,ON,,616,0.3528064146620848,False,ALP>LNP>GRN>ON>OTH
QLD,163,Griffith,2,41346,Aaron Hayes,OTH,OTH_CYA,RIGHT,1746,True,False,40969,Dion Hunt,OTH,OTH_GRPF,RIGHT,311,0.17812142038946163,True,ALP>LNP>GRN>ON>OTH
QLD,163,Griffith,2,41346,Aaron Hayes,OTH,OTH_CYA,RIGHT,1746,True,False,41167,Anthony Bishop,LNP,LNP,,497,0.28465063001145474,False,ALP>LNP>GRN>ON>OTH
QLD,163,Griffith,2,41346,Aaron Hayes,OTH,OTH_CYA,RIGHT,1746,True,False,41238,Max Chandler-Mather,GRN,GRN,,155,0.08877434135166094,False,ALP>LNP>GRN>ON>OTH
QLD,163,Griffith,3,40969,Dion Hunt,OTH,OTH_GRPF,RIGHT,3167,False,True,40739,Renee Coffey,ALP,ALP,,316,0.09977897063467003,False,ALP>LNP>GRN>ON
QLD,163,Griffith,3,40969,Dion Hunt,OTH,OTH_GRPF,RIGHT,3167,False,True,40940,Lindsay Bell,ON,ON,,1636,0.5165772023997474,False,ALP>LNP>GRN>ON
QLD,163,Griffith,3,40969,Dion Hunt,OTH,OTH_GRPF,RIGHT,3167,False,True,41167,Anthony Bishop,LNP,LNP,,850,0.26839280075781496,False,ALP>LNP>GRN>ON
QLD,163,Griffith,3,40969,Dion Hunt,OTH,OTH_GRPF,RIGHT,3167,False,True,41238,Max Chandler-Mather,GRN,GRN,,365,0.1152510262077676,False,ALP>LNP>GRN>ON
QLD,163,Griffith,4,40940,Lindsay Bell,ON,ON,,5120,False,True,40739,Renee Coffey,ALP,ALP,,747,0.1458984375,False,ALP>LNP>GRN
QLD,163,Griffith,4,40940,Lindsay Bell,ON,ON,,5120,False,True,41167,Anthony Bishop,LNP,LNP,,3512,0.6859375,False,ALP>LNP>GRN
QLD,163,Griffith,4,40940,Lindsay Bell,ON,ON,,5120,False,True,41238,Max Chandler-Mather,GRN,GRN,,861,0.1681640625,False,ALP>LNP>GRN
QLD,163,Griffith,5,41167,Anthony Bishop,LNP,LNP,,34115,False,True,40739,Renee Coffey,ALP,ALP,,27110,0.7946651033269823,False,ALP>GRN
QLD,163,Griffith,5,41167,Anthony Bishop,LNP,LNP,,34115,False,True,41238,Max Chandler-Mather,GRN,GRN,,7005,0.20533489667301774,False,ALP>GRN
QLD,164,Groom,1,41349,Jamie Marr,OTH,OTH_CYA,RIGHT,2839,True,False,36178,Suzie Holt,IND,IND_PROMINENT,CENTRE_LEFT,403,0.1419513913349771,False,ALP>LNP>GRN>ON>IND>OTH
QLD,164,Groom,1,41349,Jamie Marr,OTH,OTH_CYA,RIGHT,2839,True,False,37615,Kirstie Smolenski,OTH,IND_MINOR,CENTRE,285,0.1003874603733709,True,ALP>LNP>GRN>ON>IND>OTH
QLD,164,Groom,1,41349,Jamie Marr,OTH,OTH_CYA,RIGHT,2839,True,False,40741,Richard Edwards,ALP,ALP,,214,0.0753786544557943,False,ALP>LNP>GRN>ON>IND>OTH
QLD,164,Groom,1,41349,Jamie Marr,OTH,OTH_CYA,RIGHT,2839,True,False,40896,Alexandra Todd,OTH,OTH_FFPA,RIGHT,402,0.14159915463191264,True,ALP>LNP>GRN>ON>IND>OTH
QLD,164,Groom,1,41349,Jamie Marr,OTH,OTH_CYA,RIGHT,2839,True,False,40942,Rebecca Konz,ON,ON,,1041,0.36667840789010214,False,ALP>LNP>GRN>ON>IND>OTH
QLD,164,Groom,1,41349,Jamie Marr,OTH,OTH_CYA,RIGHT,2839,True,False,41173,Garth Hamilton,LNP,LNP,,395,0.13913349771046143,False,ALP>LNP>GRN>ON>IND>OTH
QLD,164,Groom,1,41349,Jamie Marr,OTH,OTH_CYA,RIGHT,2839,True,False,41242,Alyce Nelligan,GRN,GRN,,99,0.03487143360338147,False,ALP>LNP>GRN>ON>IND>OTH
QLD,164,Groom,2,37615,Kirstie Smolenski,OTH,IND_MINOR,CENTRE,3986,True,False,36178,Suzie Holt,IND,IND_PROMINENT,CENTRE_LEFT,1999,0.5015052684395384,False,ALP>LNP>GRN>ON>IND>OTH
QLD,164,Groom,2,37615,Kirstie Smolenski,OTH,IND_MINOR,CENTRE,3986,True,False,40741,Richard Edwards,ALP,ALP,,494,0.12393376818866031,False,ALP>LNP>GRN>ON>IND>OTH
QLD,164,Groom,2,37615,Kirstie Smolenski,OTH,IND_MINOR,CENTRE,3986,True,False,40896,Alexandra Todd,OTH,OTH_FFPA,RIGHT,261,0.06547917711991971,True,ALP>LNP>GRN>ON>IND>OTH
QLD,164,Groom,2,37615,Kirstie Smolenski,OTH,IND_MINOR,CENTRE,3986,True,False,40942,Rebecca Konz,ON,ON,,323,0.08103361766181635,False,ALP>LNP>GRN>ON>IND>OTH
QLD,164,Groom,2,37615,Kirstie Smolenski,OTH,IND_MINOR,CENTRE,3986,True,False,41173,Garth Hamilton,LNP,LNP,,577,0.1447566482689413,False,ALP>LNP>GRN>ON>IND>OTH
QLD,164,Groom,2,37615,Kirstie Smolenski,OTH,IND_MINOR,CENTRE,3986,True,False,41242,Alyce Nelligan,GRN,GRN,,332,0.08329152032112393,False,ALP>LNP>GRN>ON>IND>OTH
QLD,164,Groom,3,40896,Alexandra Todd,OTH,OTH_FFPA,RIGHT,4557,False,True,36178,Suzie Holt,IND,IND_PROMINENT,CENTRE_LEFT,715,0.15690147026552556,False,ALP>LNP>GRN>ON>IND
QLD,164,Groom,3,40896,Alexandra Todd,OTH,OTH_FFPA,RIGHT,4557,False,True,40741,Richard Edwards,ALP,ALP,,219,0.04805793285055958,False,ALP>LNP>GRN>ON>IND
QLD,164,Groom,3,40896,Alexandra Todd,OTH,OTH_FFPA,RIGHT,4557,False,True,40942,Rebecca Konz,ON,ON,,2543,0.5580425718674566,False,ALP>LNP>GRN>ON>IND
QLD,164,Groom,3,40896,Alexandra Todd,OTH,OTH_FFPA,RIGHT,4557,False,True,41173,Garth Hamilton,LNP,LNP,,755,0.16567917489576475,False,ALP>LNP>GRN>ON>IND
QLD,164,Groom,3,40896,Alexandra Todd,OTH,OTH_FFPA,RIGHT,4557,False,True,41242,Alyce Nelligan,GRN,GRN,,325,0.07131885012069344,False,ALP>LNP>GRN>ON>IND
QLD,164,Groom,4,41242,Alyce Nelligan,GRN,GRN,,6513,False,True,36178,Suzie Holt,IND,IND_PROMINENT,CENTRE_LEFT,2661,0.40856748042376784,False,ALP>LNP>ON>IND
QLD,164,Groom,4,41242,Alyce Nelligan,GRN,GRN,,6513,False,True,40741,Richard Edwards,ALP,ALP,,2741,0.420850606479349,False,ALP>LNP>ON>IND
QLD,164,Groom,4,41242,Alyce Nelligan,GRN,GRN,,6513,False,True,40942,Rebecca Konz,ON,ON,,614,0.09427299247658529,False,ALP>LNP>ON>IND
QLD,164,Groom,4,41242,Alyce Nelligan,GRN,GRN,,6513,False,True,41173,Garth Hamilton,LNP,LNP,,497,0.07630892062029787,False,ALP>LNP>ON>IND
QLD,164,Groom,5,40942,Rebecca Konz,ON,ON,,14381,False,True,36178,Suzie Holt,IND,IND_PROMINENT,CENTRE_LEFT,5908,0.4108198317224115,False,ALP>LNP>IND
QLD,164,Groom,5,40942,Rebecca Konz,ON,ON,,14381,False,True,40741,Richard Edwards,ALP,ALP,,1001,0.06960572978235172,False,ALP>LNP>IND
QLD,164,Groom,5,40942,Rebecca Konz,ON,ON,,14381,False,True,41173,Garth Hamilton,LNP,LNP,,7472,0.5195744384952368,False,ALP>LNP>IND
QLD,164,Groom,6,40741,Richard Edwards,ALP,ALP,,21841,False,True,36178,Suzie Holt,IND,IND_PROMINENT,CENTRE_LEFT,16372,0.7495993773178884,False,LNP>IND
QLD,164,Groom,6,40741,Richard Edwards,ALP,ALP,,21841,False,True,41173,Garth Hamilton,LNP,LNP,,5469,0.2504006226821116,False,LNP>IND
QLD,165,Herbert,1,40900,Felicity Roser,OTH,OTH_FFPA,RIGHT,1460,True,False,40745,Edwina Andrew,ALP,ALP,,135,0.09246575342465753,False,ALP>LNP>GRN>ON>OTH
QLD,165,Herbert,1,40900,Felicity Roser,OTH,OTH_FFPA,RIGHT,1460,True,False,40945,Ross Macdonald,ON,ON,,245,0.1678082191780822,False,ALP>LNP>GRN>ON>OTH
QLD,165,Herbert,1,40900,Felicity Roser,OTH,OTH_FFPA,RIGHT,1460,True,False,40973,Felicity Cole,OTH,OTH_GRPF,RIGHT,288,0.19726027397260273,True,ALP>LNP>GRN>ON>OTH
QLD,165,Herbert,1,40900,Felicity Roser,OTH,OTH_FFPA,RIGHT,1460,True,False,41178,Phillip Thompson,LNP,LNP,,223,0.15273972602739727,False,ALP>LNP>GRN>ON>OTH
QLD,165,Herbert,1,40900,Felicity Roser,OTH,OTH_FFPA,RIGHT,1460,True,False,41245,Chris Evans,GRN,GRN,,223,0.15273972602739727,False,ALP>LNP>GRN>ON>OTH
QLD,165,Herbert,1,40900,Felicity Roser,OTH,OTH_FFPA,RIGHT,1460,True,False,41354,Martin Brewster,OTH,OTH_CYA,RIGHT,65,0.04452054794520548,True,ALP>LNP>GRN>ON>OTH
QLD,165,Herbert,1,40900,Felicity Roser,OTH,OTH_FFPA,RIGHT,1460,True,False,42011,Darryn Casson,OTH,OTH_KAP,CENTRE_RIGHT,281,0.19246575342465752,True,ALP>LNP>GRN>ON>OTH
QLD,165,Herbert,2,41354,Martin Brewster,OTH,OTH_CYA,RIGHT,2238,True,False,40745,Edwina Andrew,ALP,ALP,,167,0.07462019660411082,False,ALP>LNP>GRN>ON>OTH
QLD,165,Herbert,2,41354,Martin Brewster,OTH,OTH_CYA,RIGHT,2238,True,False,40945,Ross Macdonald,ON,ON,,606,0.2707774798927614,False,ALP>LNP>GRN>ON>OTH
QLD,165,Herbert,2,41354,Martin Brewster,OTH,OTH_CYA,RIGHT,2238,True,False,40973,Felicity Cole,OTH,OTH_GRPF,RIGHT,308,0.13762287756925826,True,ALP>LNP>GRN>ON>OTH
QLD,165,Herbert,2,41354,Martin Brewster,OTH,OTH_CYA,RIGHT,2238,True,False,41178,Phillip Thompson,LNP,LNP,,523,0.23369079535299375,False,ALP>LNP>GRN>ON>OTH
QLD,165,Herbert,2,41354,Martin Brewster,OTH,OTH_CYA,RIGHT,2238,True,False,41245,Chris Evans,GRN,GRN,,143,0.06389633601429848,False,ALP>LNP>GRN>ON>OTH
QLD,165,Herbert,2,41354,Martin Brewster,OTH,OTH_CYA,RIGHT,2238,True,False,42011,Darryn Casson,OTH,OTH_KAP,CENTRE_RIGHT,491,0.2193923145665773,True,ALP>LNP>GRN>ON>OTH
QLD,165,Herbert,3,40973,Felicity Cole,OTH,OTH_GRPF,RIGHT,3851,True,False,40745,Edwina Andrew,ALP,ALP,,313,0.08127759023630225,False,ALP>LNP>GRN>ON>OTH
QLD,165,Herbert,3,40973,Felicity Cole,OTH,OTH_GRPF,RIGHT,3851,True,False,40945,Ross Macdonald,ON,ON,,1063,0.2760321994287198,False,ALP>LNP>GRN>ON>OTH
QLD,165,Herbert,3,40973,Felicity Cole,OTH,OTH_GRPF,RIGHT,3851,True,False,41178,Phillip Thompson,LNP,LNP,,519,0.13477018956115294,False,ALP>LNP>GRN>ON>OTH
QLD,165,Herbert,3,40973,Felicity Cole,OTH,OTH_GRPF,RIGHT,3851,True,False,41245,Chris Evans,GRN,GRN,,353,0.09166450272656453,False,ALP>LNP>GRN>ON>OTH
QLD,165,Herbert,3,40973,Felicity Cole,OTH,OTH_GRPF,RIGHT,3851,True,False,42011,Darryn Casson,OTH,OTH_KAP,CENTRE_RIGHT,1603,0.41625551804726046,True,ALP>LNP>GRN>ON>OTH
QLD,165,Herbert,4,40945,Ross Macdonald,ON,ON,,7014,False,True,40745,Edwina Andrew,ALP,ALP,,336,0.04790419161676647,False,ALP>LNP>GRN>OTH
QLD,165,Herbert,4,40945,Ross Macdonald,ON,ON,,7014,False,True,41178,Phillip Thompson,LNP,LNP,,1668,0.23781009409751924,False,ALP>LNP>GRN>OTH
QLD,165,Herbert,4,40945,Ross Macdonald,ON,ON,,7014,False,True,41245,Chris Evans,GRN,GRN,,451,0.06429997148560022,False,ALP>LNP>GRN>OTH
QLD,165,Herbert,4,40945,Ross Macdonald,ON,ON,,7014,False,True,42011,Darryn Casson,OTH,OTH_KAP,CENTRE_RIGHT,4559,0.649985742800114,False,ALP>LNP>GRN>OTH
QLD,165,Herbert,5,41245,Chris Evans,GRN,GRN,,10398,False,True,40745,Edwina Andrew,ALP,ALP,,7304,0.7024427774572033,False,ALP>LNP>OTH
QLD,165,Herbert,5,41245,Chris Evans,GRN,GRN,,10398,False,True,41178,Phillip Thompson,LNP,LNP,,1328,0.12771686862858242,False,ALP>LNP>OTH
QLD,165,Herbert,5,41245,Chris Evans,GRN,GRN,,10398,False,True,42011,Darryn Casson,OTH,OTH_KAP,CENTRE_RIGHT,1766,0.16984035391421426,False,ALP>LNP>OTH
QLD,165,Herbert,6,42011,Darryn Casson,OTH,OTH_KAP,CENTRE_RIGHT,15259,False,True,40745,Edwina Andrew,ALP,ALP,,5087,0.3333770233960286,False,ALP>LNP
QLD,165,Herbert,6,42011,Darryn Casson,OTH,OTH_KAP,CENTRE_RIGHT,15259,False,True,41178,Phillip Thompson,LNP,LNP,,10172,0.6666229766039714,False,ALP>LNP
QLD,166,Hinkler,1,41667,Michael O'Brien,OTH,IND_MINOR,CENTRE,3201,True,False,40751,Trish Mears,ALP,ALP,,558,0.17432052483598875,False,ALP>LNP>GRN>ON>OTH
QLD,166,Hinkler,1,41667,Michael O'Brien,OTH,IND_MINOR,CENTRE,3201,True,False,40902,Kerry Petrus,OTH,OTH_FFPA,RIGHT,729,0.22774133083411435,True,ALP>LNP>GRN>ON>OTH
QLD,166,Hinkler,1,41667,Michael O'Brien,OTH,IND_MINOR,CENTRE,3201,True,False,40948,Tyler Carman,ON,ON,,507,0.1583880037488285,False,ALP>LNP>GRN>ON>OTH
QLD,166,Hinkler,1,41667,Michael O'Brien,OTH,IND_MINOR,CENTRE,3201,True,False,41182,David Batt,LNP,LNP,,517,0.16151202749140894,False,ALP>LNP>GRN>ON>OTH
QLD,166,Hinkler,1,41667,Michael O'Brien,OTH,IND_MINOR,CENTRE,3201,True,False,41249,Andrew Mclean,GRN,GRN,,593,0.1852546079350203,False,ALP>LNP>GRN>ON>OTH
QLD,166,Hinkler,1,41667,Michael O'Brien,OTH,IND_MINOR,CENTRE,3201,True,False,41360,Robert Blohberger,OTH,OTH_CYA,RIGHT,297,0.09278350515463918,True,ALP>LNP>GRN>ON>OTH
QLD,166,Hinkler,2,40902,Kerry Petrus,OTH,OTH_FFPA,RIGHT,4507,True,False,40751,Trish Mears,ALP,ALP,,488,0.10827601508764145,False,ALP>LNP>GRN>ON>OTH
QLD,166,Hinkler,2,40902,Kerry Petrus,OTH,OTH_FFPA,RIGHT,4507,True,False,40948,Tyler Carman,ON,ON,,1989,0.4413135123141779,False,ALP>LNP>GRN>ON>OTH
QLD,166,Hinkler,2,40902,Kerry Petrus,OTH,OTH_FFPA,RIGHT,4507,True,False,41182,David Batt,LNP,LNP,,693,0.15376081650765475,False,ALP>LNP>GRN>ON>OTH
QLD,166,Hinkler,2,40902,Kerry Petrus,OTH,OTH_FFPA,RIGHT,4507,True,False,41249,Andrew Mclean,GRN,GRN,,612,0.13578877301974707,False,ALP>LNP>GRN>ON>OTH
QLD,166,Hinkler,2,40902,Kerry Petrus,OTH,OTH_FFPA,RIGHT,4507,True,False,41360,Robert Blohberger,OTH,OTH_CYA,RIGHT,725,0.16086088307077878,True,ALP>LNP>GRN>ON>OTH
QLD,166,Hinkler,3,41360,Robert Blohberger,OTH,OTH_CYA,RIGHT,5242,False,True,40751,Trish Mears,ALP,ALP,,445,0.0848912628767646,False,ALP>LNP>GRN>ON
QLD,166,Hinkler,3,41360,Robert Blohberger,OTH,OTH_CYA,RIGHT,5242,False,True,40948,Tyler Carman,ON,ON,,3653,0.6968714231209462,False,ALP>LNP>GRN>ON
QLD,166,Hinkler,3,41360,Robert Blohberger,OTH,OTH_CYA,RIGHT,5242,False,True,41182,David Batt,LNP,LNP,,630,0.12018313620755437,False,ALP>LNP>GRN>ON
QLD,166,Hinkler,3,41360,Robert Blohberger,OTH,OTH_CYA,RIGHT,5242,False,True,41249,Andrew Mclean,GRN,GRN,,514,0.09805417779473484,False,ALP>LNP>GRN>ON
QLD,166,Hinkler,4,41249,Andrew Mclean,GRN,GRN,,9719,False,True,40751,Trish Mears,ALP,ALP,,5430,0.558699454676407,False,ALP>LNP>ON
QLD,166,Hinkler,4,41249,Andrew Mclean,GRN,GRN,,9719,False,True,40948,Tyler Carman,ON,ON,,1851,0.19045169256096306,False,ALP>LNP>ON
QLD,166,Hinkler,4,41249,Andrew Mclean,GRN,GRN,,9719,False,True,41182,David Batt,LNP,LNP,,2438,0.2508488527626299,False,ALP>LNP>ON
QLD,166,Hinkler,5,40948,Tyler Carman,ON,ON,,22498,False,True,40751,Trish Mears,ALP,ALP,,6811,0.3027380211574362,False,ALP>LNP
QLD,166,Hinkler,5,40948,Tyler Carman,ON,ON,,22498,False,True,41182,David Batt,LNP,LNP,,15687,0.6972619788425638,False,ALP>LNP
QLD,167,Kennedy,1,40636,Steven Clare,OTH,IND_MINOR,CENTRE,1625,True,False,40650,Bob Katter,OTH,OTH_KAP,CENTRE_RIGHT,282,0.17353846153846153,True,ALP>LNP>GRN>ON>OTH
QLD,167,Kennedy,1,40636,Steven Clare,OTH,IND_MINOR,CENTRE,1625,True,False,40760,Sharon Winn,ALP,ALP,,193,0.11876923076923077,False,ALP>LNP>GRN>ON>OTH
QLD,167,Kennedy,1,40636,Steven Clare,OTH,IND_MINOR,CENTRE,1625,True,False,40899,Douglas Lush,OTH,OTH_FFPA,RIGHT,285,0.1753846153846154,True,ALP>LNP>GRN>ON>OTH
QLD,167,Kennedy,1,40636,Steven Clare,OTH,IND_MINOR,CENTRE,1625,True,False,40950,Kate Harris,ON,ON,,153,0.09415384615384616,False,ALP>LNP>GRN>ON>OTH
QLD,167,Kennedy,1,40636,Steven Clare,OTH,IND_MINOR,CENTRE,1625,True,False,41184,Annette Swaine,LNP,LNP,,247,0.152,False,ALP>LNP>GRN>ON>OTH
QLD,167,Kennedy,1,40636,Steven Clare,OTH,IND_MINOR,CENTRE,1625,True,False,41255,Carole Stanford,GRN,GRN,,369,0.22707692307692307,False,ALP>LNP>GRN>ON>OTH
QLD,167,Kennedy,1,40636,Steven Clare,OTH,IND_MINOR,CENTRE,1625,True,False,41364,Mark Westcott,OTH,OTH_CYA,RIGHT,96,0.059076923076923075,True,ALP>LNP>GRN>ON>OTH
QLD,167,Kennedy,2,40899,Douglas Lush,OTH,OTH_FFPA,RIGHT,1966,True,False,40650,Bob Katter,OTH,OTH_KAP,CENTRE_RIGHT,560,0.28484231943031535,True,ALP>LNP>GRN>ON>OTH
QLD,167,Kennedy,2,40899,Douglas Lush,OTH,OTH_FFPA,RIGHT,1966,True,False,40760,Sharon Winn,ALP,ALP,,202,0.10274669379450661,False,ALP>LNP>GRN>ON>OTH
QLD,167,Kennedy,2,40899,Douglas Lush,OTH,OTH_FFPA,RIGHT,1966,True,False,40950,Kate Harris,ON,ON,,434,0.22075279755849442,False,ALP>LNP>GRN>ON>OTH
QLD,167,Kennedy,2,40899,Douglas Lush,OTH,OTH_FFPA,RIGHT,1966,True,False,41184,Annette Swaine,LNP,LNP,,238,0.12105798575788403,False,ALP>LNP>GRN>ON>OTH
QLD,167,Kennedy,2,40899,Douglas Lush,OTH,OTH_FFPA,RIGHT,1966,True,False,41255,Carole Stanford,GRN,GRN,,364,0.18514750762970497,False,ALP>LNP>GRN>ON>OTH
QLD,167,Kennedy,2,40899,Douglas Lush,OTH,OTH_FFPA,RIGHT,1966,True,False,41364,Mark Westcott,OTH,OTH_CYA,RIGHT,168,0.08545269582909461,True,ALP>LNP>GRN>ON>OTH
QLD,167,Kennedy,3,41364,Mark Westcott,OTH,OTH_CYA,RIGHT,2547,True,False,40650,Bob Katter,OTH,OTH_KAP,CENTRE_RIGHT,1252,0.49155869650569295,True,ALP>LNP>GRN>ON>OTH
QLD,167,Kennedy,3,41364,Mark Westcott,OTH,OTH_CYA,RIGHT,2547,True,False,40760,Sharon Winn,ALP,ALP,,145,0.0569297212406753,False,ALP>LNP>GRN>ON>OTH
QLD,167,Kennedy,3,41364,Mark Westcott,OTH,OTH_CYA,RIGHT,2547,True,False,40950,Kate Harris,ON,ON,,732,0.287396937573616,False,ALP>LNP>GRN>ON>OTH
QLD,167,Kennedy,3,41364,Mark Westcott,OTH,OTH_CYA,RIGHT,2547,True,False,41184,Annette Swaine,LNP,LNP,,239,0.09383588535531999,False,ALP>LNP>GRN>ON>OTH
QLD,167,Kennedy,3,41364,Mark Westcott,OTH,OTH_CYA,RIGHT,2547,True,False,41255,Carole Stanford,GRN,GRN,,179,0.07027875932469572,False,ALP>LNP>GRN>ON>OTH
QLD,167,Kennedy,4,41255,Carole Stanford,GRN,GRN,,6673,False,True,40650,Bob Katter,OTH,OTH_KAP,CENTRE_RIGHT,1071,0.16049752734901843,False,ALP>LNP>ON>OTH
QLD,167,Kennedy,4,41255,Carole Stanford,GRN,GRN,,6673,False,True,40760,Sharon Winn,ALP,ALP,,4101,0.6145661621459614,False,ALP>LNP>ON>OTH
QLD,167,Kennedy,4,41255,Carole Stanford,GRN,GRN,,6673,False,True,40950,Kate Harris,ON,ON,,733,0.10984564663569608,False,ALP>LNP>ON>OTH
QLD,167,Kennedy,4,41255,Carole Stanford,GRN,GRN,,6673,False,True,41184,Annette Swaine,LNP,LNP,,768,0.11509066386932414,False,ALP>LNP>ON>OTH
QLD,167,Kennedy,5,40950,Kate Harris,ON,ON,,9593,False,True,40650,Bob Katter,OTH,OTH_KAP,CENTRE_RIGHT,6404,0.6675701032002502,False,ALP>LNP>OTH
QLD,167,Kennedy,5,40950,Kate Harris,ON,ON,,9593,False,True,40760,Sharon Winn,ALP,ALP,,933,0.09725841759616387,False,ALP>LNP>OTH
QLD,167,Kennedy,5,40950,Kate Harris,ON,ON,,9593,False,True,41184,Annette Swaine,LNP,LNP,,2256,0.23517147920358594,False,ALP>LNP>OTH
QLD,167,Kennedy,6,40760,Sharon Winn,ALP,ALP,,21491,False,True,40650,Bob Katter,OTH,OTH_KAP,CENTRE_RIGHT,15100,0.7026197012702992,False,LNP>OTH
QLD,167,Kennedy,6,40760,Sharon Winn,ALP,ALP,,21491,False,True,41184,Annette Swaine,LNP,LNP,,6391,0.2973802987297008,False,LNP>OTH
QLD,168,Leichhardt,1,42026,Lloyd Russell,OTH,OTH_LTP,RIGHT,942,True,False,40621,Norman Miller,OTH,IND_MINOR,CENTRE,40,0.04246284501061571,True,ALP>LNP>GRN>ON>OTH
QLD,168,Leichhardt,1,42026,Lloyd Russell,OTH,OTH_LTP,RIGHT,942,True,False,40771,Matt Smith,ALP,ALP,,98,0.1040339702760085,False,ALP>LNP>GRN>ON>OTH
QLD,168,Leichhardt,1,42026,Lloyd Russell,OTH,OTH_LTP,RIGHT,942,True,False,40903,Les Searle,OTH,OTH_FFPA,RIGHT,236,0.2505307855626327,True,ALP>LNP>GRN>ON>OTH
QLD,168,Leichhardt,1,42026,Lloyd Russell,OTH,OTH_LTP,RIGHT,942,True,False,40935,Nicholas James Nigel Daniels,OTH,OTH_HMP,CENTRE_LEFT,113,0.11995753715498939,True,ALP>LNP>GRN>ON>OTH
QLD,168,Leichhardt,1,42026,Lloyd Russell,OTH,OTH_LTP,RIGHT,942,True,False,40953,Robert Hicks,ON,ON,,188,0.19957537154989385,False,ALP>LNP>GRN>ON>OTH
QLD,168,Leichhardt,1,42026,Lloyd Russell,OTH,OTH_LTP,RIGHT,942,True,False,41187,Jeremy Neal,LNP,LNP,,61,0.06475583864118896,False,ALP>LNP>GRN>ON>OTH
QLD,168,Leichhardt,1,42026,Lloyd Russell,OTH,OTH_LTP,RIGHT,942,True,False,41258,Phillip Musumeci,GRN,GRN,,28,0.029723991507430998,False,ALP>LNP>GRN>ON>OTH
QLD,168,Leichhardt,1,42026,Lloyd Russell,OTH,OTH_LTP,RIGHT,942,True,False,41374,Greg Ian Dowling,OTH,OTH_CYA,RIGHT,37,0.03927813163481953,True,ALP>LNP>GRN>ON>OTH
QLD,168,Leichhardt,1,42026,Lloyd Russell,OTH,OTH_LTP,RIGHT,942,True,False,41835,Daniel Collins,OTH,OTH_KAP,CENTRE_RIGHT,141,0.14968152866242038,True,ALP>LNP>GRN>ON>OTH
QLD,168,Leichhardt,2,40621,Norman Miller,OTH,IND_MINOR,CENTRE,1699,True,False,40771,Matt Smith,ALP,ALP,,251,0.14773396115361978,False,ALP>LNP>GRN>ON>OTH
QLD,168,Leichhardt,2,40621,Norman Miller,OTH,IND_MINOR,CENTRE,1699,True,False,40903,Les Searle,OTH,OTH_FFPA,RIGHT,228,0.13419658622719247,True,ALP>LNP>GRN>ON>OTH
QLD,168,Leichhardt,2,40621,Norman Miller,OTH,IND_MINOR,CENTRE,1699,True,False,40935,Nicholas James Nigel Daniels,OTH,OTH_HMP,CENTRE_LEFT,229,0.1347851677457328,True,ALP>LNP>GRN>ON>OTH
QLD,168,Leichhardt,2,40621,Norman Miller,OTH,IND_MINOR,CENTRE,1699,True,False,40953,Robert Hicks,ON,ON,,106,0.06238964096527369,False,ALP>LNP>GRN>ON>OTH
QLD,168,Leichhardt,2,40621,Norman Miller,OTH,IND_MINOR,CENTRE,1699,True,False,41187,Jeremy Neal,LNP,LNP,,244,0.14361389052383755,False,ALP>LNP>GRN>ON>OTH
QLD,168,Leichhardt,2,40621,Norman Miller,OTH,IND_MINOR,CENTRE,1699,True,False,41258,Phillip Musumeci,GRN,GRN,,336,0.19776339022954678,False,ALP>LNP>GRN>ON>OTH
QLD,168,Leichhardt,2,40621,Norman Miller,OTH,IND_MINOR,CENTRE,1699,True,False,41374,Greg Ian Dowling,OTH,OTH_CYA,RIGHT,119,0.07004120070629782,True,ALP>LNP>GRN>ON>OTH
QLD,168,Leichhardt,2,40621,Norman Miller,OTH,IND_MINOR,CENTRE,1699,True,False,41835,Daniel Collins,OTH,OTH_KAP,CENTRE_RIGHT,186,0.10947616244849911,True,ALP>LNP>GRN>ON>OTH
QLD,168,Leichhardt,3,40903,Les Searle,OTH,OTH_FFPA,RIGHT,2260,True,False,40771,Matt Smith,ALP,ALP,,283,0.1252212389380531,False,ALP>LNP>GRN>ON>OTH
QLD,168,Leichhardt,3,40903,Les Searle,OTH,OTH_FFPA,RIGHT,2260,True,False,40935,Nicholas James Nigel Daniels,OTH,OTH_HMP,CENTRE_LEFT,262,0.11592920353982301,True,ALP>LNP>GRN>ON>OTH
QLD,168,Leichhardt,3,40903,Les Searle,OTH,OTH_FFPA,RIGHT,2260,True,False,40953,Robert Hicks,ON,ON,,523,0.23141592920353982,False,ALP>LNP>GRN>ON>OTH
QLD,168,Leichhardt,3,40903,Les Searle,OTH,OTH_FFPA,RIGHT,2260,True,False,41187,Jeremy Neal,LNP,LNP,,300,0.13274336283185842,False,ALP>LNP>GRN>ON>OTH
QLD,168,Leichhardt,3,40903,Les Searle,OTH,OTH_FFPA,RIGHT,2260,True,False,41258,Phillip Musumeci,GRN,GRN,,204,0.09026548672566372,False,ALP>LNP>GRN>ON>OTH
QLD,168,Leichhardt,3,40903,Les Searle,OTH,OTH_FFPA,RIGHT,2260,True,False,41374,Greg Ian Dowling,OTH,OTH_CYA,RIGHT,194,0.08584070796460178,True,ALP>LNP>GRN>ON>OTH
QLD,168,Leichhardt,3,40903,Les Searle,OTH,OTH_FFPA,RIGHT,2260,True,False,41835,Daniel Collins,OTH,OTH_KAP,CENTRE_RIGHT,494,0.21858407079646017,True,ALP>LNP>GRN>ON>OTH
QLD,168,Leichhardt,4,41374,Greg Ian Dowling,OTH,OTH_CYA,RIGHT,2499,True,False,40771,Matt Smith,ALP,ALP,,196,0.0784313725490196,False,ALP>LNP>GRN>ON>OTH
QLD,168,Leichhardt,4,41374,Greg Ian Dowling,OTH,OTH_CYA,RIGHT,2499,True,False,40935,Nicholas James Nigel Daniels,OTH,OTH_HMP,CENTRE_LEFT,314,0.12565026010404162,True,ALP>LNP>GRN>ON>OTH
QLD,168,Leichhardt,4,41374,Greg Ian Dowling,OTH,OTH_CYA,RIGHT,2499,True,False,40953,Robert Hicks,ON,ON,,865,0.3461384553821529,False,ALP>LNP>GRN>ON>OTH
QLD,168,Leichhardt,4,41374,Greg Ian Dowling,OTH,OTH_CYA,RIGHT,2499,True,False,41187,Jeremy Neal,LNP,LNP,,283,0.1132452981192477,False,ALP>LNP>GRN>ON>OTH
QLD,168,Leichhardt,4,41374,Greg Ian Dowling,OTH,OTH_CYA,RIGHT,2499,True,False,41258,Phillip Musumeci,GRN,GRN,,306,0.12244897959183673,False,ALP>LNP>GRN>ON>OTH
QLD,168,Leichhardt,4,41374,Greg Ian Dowling,OTH,OTH_CYA,RIGHT,2499,True,False,41835,Daniel Collins,OTH,OTH_KAP,CENTRE_RIGHT,535,0.21408563425370147,True,ALP>LNP>GRN>ON>OTH
QLD,168,Leichhardt,5,40935,Nicholas James Nigel Daniels,OTH,OTH_HMP,CENTRE_LEFT,6277,True,False,40771,Matt Smith,ALP,ALP,,1290,0.20551218735064522,False,ALP>LNP>GRN>ON>OTH
QLD,168,Leichhardt,5,40935,Nicholas James Nigel Daniels,OTH,OTH_HMP,CENTRE_LEFT,6277,True,False,40953,Robert Hicks,ON,ON,,2110,0.33614784132547393,False,ALP>LNP>GRN>ON>OTH
QLD,168,Leichhardt,5,40935,Nicholas James Nigel Daniels,OTH,OTH_HMP,CENTRE_LEFT,6277,True,False,41187,Jeremy Neal,LNP,LNP,,514,0.08188625139397801,False,ALP>LNP>GRN>ON>OTH
QLD,168,Leichhardt,5,40935,Nicholas James Nigel Daniels,OTH,OTH_HMP,CENTRE_LEFT,6277,True,False,41258,Phillip Musumeci,GRN,GRN,,1453,0.23148000637247093,False,ALP>LNP>GRN>ON>OTH
QLD,168,Leichhardt,5,40935,Nicholas James Nigel Daniels,OTH,OTH_HMP,CENTRE_LEFT,6277,True,False,41835,Daniel Collins,OTH,OTH_KAP,CENTRE_RIGHT,910,0.14497371355743188,True,ALP>LNP>GRN>ON>OTH
QLD,168,Leichhardt,6,41835,Daniel Collins,OTH,OTH_KAP,CENTRE_RIGHT,8263,False,True,40771,Matt Smith,ALP,ALP,,1187,0.14365242647948687,False,ALP>LNP>GRN>ON
QLD,168,Leichhardt,6,41835,Daniel Collins,OTH,OTH_KAP,CENTRE_RIGHT,8263,False,True,40953,Robert Hicks,ON,ON,,5108,0.6181774174028803,False,ALP>LNP>GRN>ON
QLD,168,Leichhardt,6,41835,Daniel Collins,OTH,OTH_KAP,CENTRE_RIGHT,8263,False,True,41187,Jeremy Neal,LNP,LNP,,1244,0.15055064746460123,False,ALP>LNP>GRN>ON
QLD,168,Leichhardt,6,41835,Daniel Collins,OTH,OTH_KAP,CENTRE_RIGHT,8263,False,True,41258,Phillip Musumeci,GRN,GRN,,724,0.08761950865303159,False,ALP>LNP>GRN>ON
QLD,168,Leichhardt,7,41258,Phillip Musumeci,GRN,GRN,,11827,False,True,40771,Matt Smith,ALP,ALP,,8621,0.7289253403229897,False,ALP>LNP>ON
QLD,168,Leichhardt,7,41258,Phillip Musumeci,GRN,GRN,,11827,False,True,40953,Robert Hicks,ON,ON,,1787,0.151094952227953,False,ALP>LNP>ON
QLD,168,Leichhardt,7,41258,Phillip Musumeci,GRN,GRN,,11827,False,True,41187,Jeremy Neal,LNP,LNP,,1419,0.11997970744905724,False,ALP>LNP>ON
QLD,168,Leichhardt,8,40953,Robert Hicks,ON,ON,,18255,False,True,40771,Matt Smith,ALP,ALP,,6553,0.358970145165708,False,ALP>LNP
QLD,168,Leichhardt,8,40953,Robert Hicks,ON,ON,,18255,False,True,41187,Jeremy Neal,LNP,LNP,,11702,0.641029854834292,False,ALP>LNP
QLD,169,Lilley,1,40904,Alan Denaro,OTH,OTH_FFPA,RIGHT,2746,True,False,40777,Anika Wells,ALP,ALP,,319,0.11616897305171157,False,ALP>LNP>GRN>ON>OTH
QLD,169,Lilley,1,40904,Alan Denaro,OTH,OTH_FFPA,RIGHT,2746,True,False,40956,Michelle Mckay,ON,ON,,1141,0.41551347414420975,False,ALP>LNP>GRN>ON>OTH
QLD,169,Lilley,1,40904,Alan Denaro,OTH,OTH_FFPA,RIGHT,2746,True,False,41190,Kimberley Washington,LNP,LNP,,420,0.1529497450837582,False,ALP>LNP>GRN>ON>OTH
QLD,169,Lilley,1,40904,Alan Denaro,OTH,OTH_FFPA,RIGHT,2746,True,False,41290,Melissa Stevens,GRN,GRN,,381,0.13874726875455207,False,ALP>LNP>GRN>ON>OTH
QLD,169,Lilley,1,40904,Alan Denaro,OTH,OTH_FFPA,RIGHT,2746,True,False,41376,Joshua Morrison,OTH,OTH_CYA,RIGHT,485,0.1766205389657684,True,ALP>LNP>GRN>ON>OTH
QLD,169,Lilley,2,41376,Joshua Morrison,OTH,OTH_CYA,RIGHT,3613,False,True,40777,Anika Wells,ALP,ALP,,771,0.21339606974813174,False,ALP>LNP>GRN>ON
QLD,169,Lilley,2,41376,Joshua Morrison,OTH,OTH_CYA,RIGHT,3613,False,True,40956,Michelle Mckay,ON,ON,,1852,0.5125934126764462,False,ALP>LNP>GRN>ON
QLD,169,Lilley,2,41376,Joshua Morrison,OTH,OTH_CYA,RIGHT,3613,False,True,41190,Kimberley Washington,LNP,LNP,,608,0.16828120675339053,False,ALP>LNP>GRN>ON
QLD,169,Lilley,2,41376,Joshua Morrison,OTH,OTH_CYA,RIGHT,3613,False,True,41290,Melissa Stevens,GRN,GRN,,382,0.10572931082203155,False,ALP>LNP>GRN>ON
QLD,169,Lilley,3,40956,Michelle Mckay,ON,ON,,7478,False,True,40777,Anika Wells,ALP,ALP,,1195,0.15980208611928323,False,ALP>LNP>GRN
QLD,169,Lilley,3,40956,Michelle Mckay,ON,ON,,7478,False,True,41190,Kimberley Washington,LNP,LNP,,4929,0.6591334581438888,False,ALP>LNP>GRN
QLD,169,Lilley,3,40956,Michelle Mckay,ON,ON,,7478,False,True,41290,Melissa Stevens,GRN,GRN,,1354,0.18106445573682803,False,ALP>LNP>GRN
QLD,169,Lilley,4,41290,Melissa Stevens,GRN,GRN,,19411,False,True,40777,Anika Wells,ALP,ALP,,17163,0.884189377157282,False,ALP>LNP
QLD,169,Lilley,4,41290,Melissa Stevens,GRN,GRN,,19411,False,True,41190,Kimberley Washington,LNP,LNP,,2248,0.11581062284271805,False,ALP>LNP
QLD,302,Longman,1,40910,Malachi Brogden Hearne,OTH,OTH_FFPA,RIGHT,4670,True,False,40780,Rhiannyn Douglas,ALP,ALP,,615,0.1316916488222698,False,ALP>LNP>GRN>ON>OTH
QLD,302,Longman,1,40910,Malachi Brogden Hearne,OTH,OTH_FFPA,RIGHT,4670,True,False,40959,Peter Mccasker,ON,ON,,1564,0.3349036402569593,False,ALP>LNP>GRN>ON>OTH
QLD,302,Longman,1,40910,Malachi Brogden Hearne,OTH,OTH_FFPA,RIGHT,4670,True,False,41194,Terry Young,LNP,LNP,,849,0.18179871520342614,False,ALP>LNP>GRN>ON>OTH
QLD,302,Longman,1,40910,Malachi Brogden Hearne,OTH,OTH_FFPA,RIGHT,4670,True,False,41263,Gabrielle Unverzagt,GRN,GRN,,681,0.14582441113490363,False,ALP>LNP>GRN>ON>OTH
QLD,302,Longman,1,40910,Malachi Brogden Hearne,OTH,OTH_FFPA,RIGHT,4670,True,False,41382,Benjamin Wood,OTH,OTH_CYA,RIGHT,961,0.2057815845824411,True,ALP>LNP>GRN>ON>OTH
QLD,302,Longman,2,41382,Benjamin Wood,OTH,OTH_CYA,RIGHT,6946,False,True,40780,Rhiannyn Douglas,ALP,ALP,,855,0.12309242729628563,False,ALP>LNP>GRN>ON
QLD,302,Longman,2,41382,Benjamin Wood,OTH,OTH_CYA,RIGHT,6946,False,True,40959,Peter Mccasker,ON,ON,,4185,0.6025050388712928,False,ALP>LNP>GRN>ON
QLD,302,Longman,2,41382,Benjamin Wood,OTH,OTH_CYA,RIGHT,6946,False,True,41194,Terry Young,LNP,LNP,,1228,0.1767923985027354,False,ALP>LNP>GRN>ON
QLD,302,Longman,2,41382,Benjamin Wood,OTH,OTH_CYA,RIGHT,6946,False,True,41263,Gabrielle Unverzagt,GRN,GRN,,678,0.09761013532968615,False,ALP>LNP>GRN>ON
QLD,302,Longman,3,41263,Gabrielle Unverzagt,GRN,GRN,,13373,False,True,40780,Rhiannyn Douglas,ALP,ALP,,9250,0.6916922156584162,False,ALP>LNP>ON
QLD,302,Longman,3,41263,Gabrielle Unverzagt,GRN,GRN,,13373,False,True,40959,Peter Mccasker,ON,ON,,2551,0.190757496448067,False,ALP>LNP>ON
QLD,302,Longman,3,41263,Gabrielle Unverzagt,GRN,GRN,,13373,False,True,41194,Terry Young,LNP,LNP,,1572,0.11755028789351679,False,ALP>LNP>ON
QLD,302,Longman,4,40959,Peter Mccasker,ON,ON,,20362,False,True,40780,Rhiannyn Douglas,ALP,ALP,,6872,0.3374914055593753,False,ALP>LNP
QLD,302,Longman,4,40959,Peter Mccasker,ON,ON,,20362,False,True,41194,Terry Young,LNP,LNP,,13490,0.6625085944406247,False,ALP>LNP
QLD,170,Maranoa,1,40690,Michael Offerdahl,OTH,OTH_LTP,RIGHT,1897,True,False,40787,Alex Newman,ALP,ALP,,118,0.06220347917764892,False,ALP>LNP>GRN>ON>OTH
QLD,170,Maranoa,1,40690,Michael Offerdahl,OTH,OTH_LTP,RIGHT,1897,True,False,40912,John Matthew Whittle,OTH,OTH_FFPA,RIGHT,197,0.10384818133895625,True,ALP>LNP>GRN>ON>OTH
QLD,170,Maranoa,1,40690,Michael Offerdahl,OTH,OTH_LTP,RIGHT,1897,True,False,40975,Rod Draper,OTH,OTH_GRPF,RIGHT,308,0.16236162361623616,True,ALP>LNP>GRN>ON>OTH
QLD,170,Maranoa,1,40690,Michael Offerdahl,OTH,OTH_LTP,RIGHT,1897,True,False,41037,Sharon Duncan,ON,ON,,607,0.319978914074855,False,ALP>LNP>GRN>ON>OTH
QLD,170,Maranoa,1,40690,Michael Offerdahl,OTH,OTH_LTP,RIGHT,1897,True,False,41162,David Littleproud,LNP,LNP,,419,0.22087506589351608,False,ALP>LNP>GRN>ON>OTH
QLD,170,Maranoa,1,40690,Michael Offerdahl,OTH,OTH_LTP,RIGHT,1897,True,False,41274,Elizabeth Johnston,GRN,GRN,,126,0.06642066420664207,False,ALP>LNP>GRN>ON>OTH
QLD,170,Maranoa,1,40690,Michael Offerdahl,OTH,OTH_LTP,RIGHT,1897,True,False,41351,Jonathan Allen Cumes,OTH,OTH_CYA,RIGHT,122,0.06431207169214549,True,ALP>LNP>GRN>ON>OTH
QLD,170,Maranoa,2,41351,Jonathan Allen Cumes,OTH,OTH_CYA,RIGHT,2886,True,False,40787,Alex Newman,ALP,ALP,,196,0.06791406791406791,False,ALP>LNP>GRN>ON>OTH
QLD,170,Maranoa,2,41351,Jonathan Allen Cumes,OTH,OTH_CYA,RIGHT,2886,True,False,40912,John Matthew Whittle,OTH,OTH_FFPA,RIGHT,298,0.10325710325710326,True,ALP>LNP>GRN>ON>OTH
QLD,170,Maranoa,2,41351,Jonathan Allen Cumes,OTH,OTH_CYA,RIGHT,2886,True,False,40975,Rod Draper,OTH,OTH_GRPF,RIGHT,328,0.11365211365211365,True,ALP>LNP>GRN>ON>OTH
QLD,170,Maranoa,2,41351,Jonathan Allen Cumes,OTH,OTH_CYA,RIGHT,2886,True,False,41037,Sharon Duncan,ON,ON,,1583,0.5485100485100485,False,ALP>LNP>GRN>ON>OTH
QLD,170,Maranoa,2,41351,Jonathan Allen Cumes,OTH,OTH_CYA,RIGHT,2886,True,False,41162,David Littleproud,LNP,LNP,,386,0.13374913374913375,False,ALP>LNP>GRN>ON>OTH
QLD,170,Maranoa,2,41351,Jonathan Allen Cumes,OTH,OTH_CYA,RIGHT,2886,True,False,41274,Elizabeth Johnston,GRN,GRN,,95,0.03291753291753292,False,ALP>LNP>GRN>ON>OTH
QLD,170,Maranoa,3,40912,John Matthew Whittle,OTH,OTH_FFPA,RIGHT,3297,True,False,40787,Alex Newman,ALP,ALP,,339,0.10282074613284804,False,ALP>LNP>GRN>ON>OTH
QLD,170,Maranoa,3,40912,John Matthew Whittle,OTH,OTH_FFPA,RIGHT,3297,True,False,40975,Rod Draper,OTH,OTH_GRPF,RIGHT,1194,0.362147406733394,True,ALP>LNP>GRN>ON>OTH
QLD,170,Maranoa,3,40912,John Matthew Whittle,OTH,OTH_FFPA,RIGHT,3297,True,False,41037,Sharon Duncan,ON,ON,,886,0.2687291477100394,False,ALP>LNP>GRN>ON>OTH
QLD,170,Maranoa,3,40912,John Matthew Whittle,OTH,OTH_FFPA,RIGHT,3297,True,False,41162,David Littleproud,LNP,LNP,,530,0.16075219896875947,False,ALP>LNP>GRN>ON>OTH
QLD,170,Maranoa,3,40912,John Matthew Whittle,OTH,OTH_FFPA,RIGHT,3297,True,False,41274,Elizabeth Johnston,GRN,GRN,,348,0.10555050045495905,False,ALP>LNP>GRN>ON>OTH
QLD,170,Maranoa,4,41274,Elizabeth Johnston,GRN,GRN,,5601,False,True,40787,Alex Newman,ALP,ALP,,3275,0.5847170148187824,False,ALP>LNP>ON>OTH
QLD,170,Maranoa,4,41274,Elizabeth Johnston,GRN,GRN,,5601,False,True,40975,Rod Draper,OTH,OTH_GRPF,RIGHT,988,0.17639707195143725,False,ALP>LNP>ON>OTH
QLD,170,Maranoa,4,41274,Elizabeth Johnston,GRN,GRN,,5601,False,True,41037,Sharon Duncan,ON,ON,,507,0.09051955008034279,False,ALP>LNP>ON>OTH
QLD,170,Maranoa,4,41274,Elizabeth Johnston,GRN,GRN,,5601,False,True,41162,David Littleproud,LNP,LNP,,831,0.1483663631494376,False,ALP>LNP>ON>OTH
QLD,170,Maranoa,5,40975,Rod Draper,OTH,OTH_GRPF,RIGHT,8370,False,True,40787,Alex Newman,ALP,ALP,,964,0.11517323775388291,False,ALP>LNP>ON
QLD,170,Maranoa,5,40975,Rod Draper,OTH,OTH_GRPF,RIGHT,8370,False,True,41037,Sharon Duncan,ON,ON,,5159,0.6163679808841099,False,ALP>LNP>ON
QLD,170,Maranoa,5,40975,Rod Draper,OTH,OTH_GRPF,RIGHT,8370,False,True,41162,David Littleproud,LNP,LNP,,2247,0.2684587813620072,False,ALP>LNP>ON
QLD,170,Maranoa,6,40787,Alex Newman,ALP,ALP,,20567,False,True,41037,Sharon Duncan,ON,ON,,8451,0.4109009578450917,False,LNP>ON
QLD,170,Maranoa,6,40787,Alex Newman,ALP,ALP,,20567,False,True,41162,David Littleproud,LNP,LNP,,12116,0.5890990421549084,False,LNP>ON
QLD,171,McPherson,1,41526,Jennifer Horsburgh,OTH,OTH_AJP,CENTRE_LEFT,1140,True,False,40680,Erchana Murray-Bartlett,IND,IND_PROMINENT,CENTRE_LEFT,123,0.10789473684210527,False,ALP>LNP>GRN>ON>IND>OTH
QLD,171,McPherson,1,41526,Jennifer Horsburgh,OTH,OTH_AJP,CENTRE_LEFT,1140,True,False,40688,Gary Biggs,OTH,OTH_LTP,RIGHT,25,0.021929824561403508,True,ALP>LNP>GRN>ON>IND>OTH
QLD,171,McPherson,1,41526,Jennifer Horsburgh,OTH,OTH_AJP,CENTRE_LEFT,1140,True,False,40789,Alice Price,ALP,ALP,,89,0.0780701754385965,False,ALP>LNP>GRN>ON>IND>OTH
QLD,171,McPherson,1,41526,Jennifer Horsburgh,OTH,OTH_AJP,CENTRE_LEFT,1140,True,False,40906,Neena Tester,OTH,OTH_FFPA,RIGHT,60,0.05263157894736842,True,ALP>LNP>GRN>ON>IND>OTH
QLD,171,McPherson,1,41526,Jennifer Horsburgh,OTH,OTH_AJP,CENTRE_LEFT,1140,True,False,40939,Jeff Knipe,OTH,OTH_HMP,CENTRE_LEFT,205,0.17982456140350878,True,ALP>LNP>GRN>ON>IND>OTH
QLD,171,McPherson,1,41526,Jennifer Horsburgh,OTH,OTH_AJP,CENTRE_LEFT,1140,True,False,40944,Zyion Attiig,ON,ON,,64,0.056140350877192984,False,ALP>LNP>GRN>ON>IND>OTH
QLD,171,McPherson,1,41526,Jennifer Horsburgh,OTH,OTH_AJP,CENTRE_LEFT,1140,True,False,40977,Harry Hatzikalimnios,OTH,OTH_GRPF,RIGHT,29,0.02543859649122807,True,ALP>LNP>GRN>ON>IND>OTH
QLD,171,McPherson,1,41526,Jennifer Horsburgh,OTH,OTH_AJP,CENTRE_LEFT,1140,True,False,41166,Leon Rebello,LNP,LNP,,69,0.060526315789473685,False,ALP>LNP>GRN>ON>IND>OTH
QLD,171,McPherson,1,41526,Jennifer Horsburgh,OTH,OTH_AJP,CENTRE_LEFT,1140,True,False,41277,Amanda Kennealy,GRN,GRN,,369,0.3236842105263158,False,ALP>LNP>GRN>ON>IND>OTH
QLD,171,McPherson,1,41526,Jennifer Horsburgh,OTH,OTH_AJP,CENTRE_LEFT,1140,True,False,41356,Max Creswick,OTH,OTH_CYA,RIGHT,57,0.05,True,ALP>LNP>GRN>ON>IND>OTH
QLD,171,McPherson,1,41526,Jennifer Horsburgh,OTH,OTH_AJP,CENTRE_LEFT,1140,True,False,41885,Michelle Faye,OTH,IND_MINOR,CENTRE,50,0.043859649122807015,True,ALP>LNP>GRN>ON>IND>OTH
QLD,171,McPherson,2,41885,Michelle Faye,OTH,IND_MINOR,CENTRE,1271,True,False,40680,Erchana Murray-Bartlett,IND,IND_PROMINENT,CENTRE_LEFT,433,0.34067663257277736,False,ALP>LNP>GRN>ON>IND>OTH
QLD,171,McPherson,2,41885,Michelle Faye,OTH,IND_MINOR,CENTRE,1271,True,False,40688,Gary Biggs,OTH,OTH_LTP,RIGHT,32,0.025177025963808025,True,ALP>LNP>GRN>ON>IND>OTH
QLD,171,McPherson,2,41885,Michelle Faye,OTH,IND_MINOR,CENTRE,1271,True,False,40789,Alice Price,ALP,ALP,,116,0.09126671911880409,False,ALP>LNP>GRN>ON>IND>OTH
QLD,171,McPherson,2,41885,Michelle Faye,OTH,IND_MINOR,CENTRE,1271,True,False,40906,Neena Tester,OTH,OTH_FFPA,RIGHT,54,0.042486231313926044,True,ALP>LNP>GRN>ON>IND>OTH
QLD,171,McPherson,2,41885,Michelle Faye,OTH,IND_MINOR,CENTRE,1271,True,False,40939,Jeff Knipe,OTH,OTH_HMP,CENTRE_LEFT,64,0.05035405192761605,True,ALP>LNP>GRN>ON>IND>OTH
QLD,171,McPherson,2,41885,Michelle Faye,OTH,IND_MINOR,CENTRE,1271,True,False,40944,Zyion Attiig,ON,ON,,51,0.04012588512981904,False,ALP>LNP>GRN>ON>IND>OTH
QLD,171,McPherson,2,41885,Michelle Faye,OTH,IND_MINOR,CENTRE,1271,True,False,40977,Harry Hatzikalimnios,OTH,OTH_GRPF,RIGHT,27,0.021243115656963022,True,ALP>LNP>GRN>ON>IND>OTH
QLD,171,McPherson,2,41885,Michelle Faye,OTH,IND_MINOR,CENTRE,1271,True,False,41166,Leon Rebello,LNP,LNP,,271,0.21321793863099922,False,ALP>LNP>GRN>ON>IND>OTH
QLD,171,McPherson,2,41885,Michelle Faye,OTH,IND_MINOR,CENTRE,1271,True,False,41277,Amanda Kennealy,GRN,GRN,,147,0.11565696302124312,False,ALP>LNP>GRN>ON>IND>OTH
QLD,171,McPherson,2,41885,Michelle Faye,OTH,IND_MINOR,CENTRE,1271,True,False,41356,Max Creswick,OTH,OTH_CYA,RIGHT,76,0.05979543666404406,True,ALP>LNP>GRN>ON>IND>OTH
QLD,171,McPherson,3,40906,Neena Tester,OTH,OTH_FFPA,RIGHT,1480,True,False,40680,Erchana Murray-Bartlett,IND,IND_PROMINENT,CENTRE_LEFT,133,0.08986486486486486,False,ALP>LNP>GRN>ON>IND>OTH
QLD,171,McPherson,3,40906,Neena Tester,OTH,OTH_FFPA,RIGHT,1480,True,False,40688,Gary Biggs,OTH,OTH_LTP,RIGHT,54,0.03648648648648649,True,ALP>LNP>GRN>ON>IND>OTH
QLD,171,McPherson,3,40906,Neena Tester,OTH,OTH_FFPA,RIGHT,1480,True,False,40789,Alice Price,ALP,ALP,,108,0.07297297297297298,False,ALP>LNP>GRN>ON>IND>OTH
QLD,171,McPherson,3,40906,Neena Tester,OTH,OTH_FFPA,RIGHT,1480,True,False,40939,Jeff Knipe,OTH,OTH_HMP,CENTRE_LEFT,94,0.06351351351351352,True,ALP>LNP>GRN>ON>IND>OTH
QLD,171,McPherson,3,40906,Neena Tester,OTH,OTH_FFPA,RIGHT,1480,True,False,40944,Zyion Attiig,ON,ON,,210,0.14189189189189189,False,ALP>LNP>GRN>ON>IND>OTH
QLD,171,McPherson,3,40906,Neena Tester,OTH,OTH_FFPA,RIGHT,1480,True,False,40977,Harry Hatzikalimnios,OTH,OTH_GRPF,RIGHT,495,0.3344594594594595,True,ALP>LNP>GRN>ON>IND>OTH
QLD,171,McPherson,3,40906,Neena Tester,OTH,OTH_FFPA,RIGHT,1480,True,False,41166,Leon Rebello,LNP,LNP,,194,0.13108108108108107,False,ALP>LNP>GRN>ON>IND>OTH
QLD,171,McPherson,3,40906,Neena Tester,OTH,OTH_FFPA,RIGHT,1480,True,False,41277,Amanda Kennealy,GRN,GRN,,98,0.06621621621621622,False,ALP>LNP>GRN>ON>IND>OTH
QLD,171,McPherson,3,40906,Neena Tester,OTH,OTH_FFPA,RIGHT,1480,True,False,41356,Max Creswick,OTH,OTH_CYA,RIGHT,94,0.06351351351351352,True,ALP>LNP>GRN>ON>IND>OTH
QLD,171,McPherson,4,40688,Gary Biggs,OTH,OTH_LTP,RIGHT,1543,True,False,40680,Erchana Murray-Bartlett,IND,IND_PROMINENT,CENTRE_LEFT,127,0.08230719377835385,False,ALP>LNP>GRN>ON>IND>OTH
QLD,171,McPherson,4,40688,Gary Biggs,OTH,OTH_LTP,RIGHT,1543,True,False,40789,Alice Price,ALP,ALP,,99,0.06416072585871678,False,ALP>LNP>GRN>ON>IND>OTH
QLD,171,McPherson,4,40688,Gary Biggs,OTH,OTH_LTP,RIGHT,1543,True,False,40939,Jeff Knipe,OTH,OTH_HMP,CENTRE_LEFT,140,0.09073233959818536,True,ALP>LNP>GRN>ON>IND>OTH
QLD,171,McPherson,4,40688,Gary Biggs,OTH,OTH_LTP,RIGHT,1543,True,False,40944,Zyion Attiig,ON,ON,,199,0.1289695398574206,False,ALP>LNP>GRN>ON>IND>OTH
QLD,171,McPherson,4,40688,Gary Biggs,OTH,OTH_LTP,RIGHT,1543,True,False,40977,Harry Hatzikalimnios,OTH,OTH_GRPF,RIGHT,618,0.40051847051198963,True,ALP>LNP>GRN>ON>IND>OTH
QLD,171,McPherson,4,40688,Gary Biggs,OTH,OTH_LTP,RIGHT,1543,True,False,41166,Leon Rebello,LNP,LNP,,188,0.1218405703175632,False,ALP>LNP>GRN>ON>IND>OTH
QLD,171,McPherson,4,40688,Gary Biggs,OTH,OTH_LTP,RIGHT,1543,True,False,41277,Amanda Kennealy,GRN,GRN,,80,0.05184705119896306,False,ALP>LNP>GRN>ON>IND>OTH
QLD,171,McPherson,4,40688,Gary Biggs,OTH,OTH_LTP,RIGHT,1543,True,False,41356,Max Creswick,OTH,OTH_CYA,RIGHT,92,0.059624108878807515,True,ALP>LNP>GRN>ON>IND>OTH
QLD,171,McPherson,5,41356,Max Creswick,OTH,OTH_CYA,RIGHT,3000,True,False,40680,Erchana Murray-Bartlett,IND,IND_PROMINENT,CENTRE_LEFT,466,0.15533333333333332,False,ALP>LNP>GRN>ON>IND>OTH
QLD,171,McPherson,5,41356,Max Creswick,OTH,OTH_CYA,RIGHT,3000,True,False,40789,Alice Price,ALP,ALP,,186,0.062,False,ALP>LNP>GRN>ON>IND>OTH
QLD,171,McPherson,5,41356,Max Creswick,OTH,OTH_CYA,RIGHT,3000,True,False,40939,Jeff Knipe,OTH,OTH_HMP,CENTRE_LEFT,269,0.08966666666666667,True,ALP>LNP>GRN>ON>IND>OTH
QLD,171,McPherson,5,41356,Max Creswick,OTH,OTH_CYA,RIGHT,3000,True,False,40944,Zyion Attiig,ON,ON,,974,0.32466666666666666,False,ALP>LNP>GRN>ON>IND>OTH
QLD,171,McPherson,5,41356,Max Creswick,OTH,OTH_CYA,RIGHT,3000,True,False,40977,Harry Hatzikalimnios,OTH,OTH_GRPF,RIGHT,326,0.10866666666666666,True,ALP>LNP>GRN>ON>IND>OTH
QLD,171,McPherson,5,41356,Max Creswick,OTH,OTH_CYA,RIGHT,3000,True,False,41166,Leon Rebello,LNP,LNP,,576,0.192,False,ALP>LNP>GRN>ON>IND>OTH
QLD,171,McPherson,5,41356,Max Creswick,OTH,OTH_CYA,RIGHT,3000,True,False,41277,Amanda Kennealy,GRN,GRN,,203,0.06766666666666667,False,ALP>LNP>GRN>ON>IND>OTH
QLD,171,McPherson,6,40939,Jeff Knipe,OTH,OTH_HMP,CENTRE_LEFT,3523,True,False,40680,Erchana Murray-Bartlett,IND,IND_PROMINENT,CENTRE_LEFT,734,0.20834516037468068,False,ALP>LNP>GRN>ON>IND>OTH
QLD,171,McPherson,6,40939,Jeff Knipe,OTH,OTH_HMP,CENTRE_LEFT,3523,True,False,40789,Alice Price,ALP,ALP,,702,0.1992619926199262,False,ALP>LNP>GRN>ON>IND>OTH
QLD,171,McPherson,6,40939,Jeff Knipe,OTH,OTH_HMP,CENTRE_LEFT,3523,True,False,40944,Zyion Attiig,ON,ON,,471,0.13369287539029237,False,ALP>LNP>GRN>ON>IND>OTH
QLD,171,McPherson,6,40939,Jeff Knipe,OTH,OTH_HMP,CENTRE_LEFT,3523,True,False,40977,Harry Hatzikalimnios,OTH,OTH_GRPF,RIGHT,429,0.12177121771217712,True,ALP>LNP>GRN>ON>IND>OTH
QLD,171,McPherson,6,40939,Jeff Knipe,OTH,OTH_HMP,CENTRE_LEFT,3523,True,False,41166,Leon Rebello,LNP,LNP,,358,0.10161793925631564,False,ALP>LNP>GRN>ON>IND>OTH
QLD,171,McPherson,6,40939,Jeff Knipe,OTH,OTH_HMP,CENTRE_LEFT,3523,True,False,41277,Amanda Kennealy,GRN,GRN,,829,0.235310814646608,False,ALP>LNP>GRN>ON>IND>OTH
QLD,171,McPherson,7,40977,Harry Hatzikalimnios,OTH,OTH_GRPF,RIGHT,5082,False,True,40680,Erchana Murray-Bartlett,IND,IND_PROMINENT,CENTRE_LEFT,743,0.14620228256591894,False,ALP>LNP>GRN>ON>IND
QLD,171,McPherson,7,40977,Harry Hatzikalimnios,OTH,OTH_GRPF,RIGHT,5082,False,True,40789,Alice Price,ALP,ALP,,376,0.0739866194411649,False,ALP>LNP>GRN>ON>IND
QLD,171,McPherson,7,40977,Harry Hatzikalimnios,OTH,OTH_GRPF,RIGHT,5082,False,True,40944,Zyion Attiig,ON,ON,,3266,0.6426603699330972,False,ALP>LNP>GRN>ON>IND
QLD,171,McPherson,7,40977,Harry Hatzikalimnios,OTH,OTH_GRPF,RIGHT,5082,False,True,41166,Leon Rebello,LNP,LNP,,446,0.08776072412436049,False,ALP>LNP>GRN>ON>IND
QLD,171,McPherson,7,40977,Harry Hatzikalimnios,OTH,OTH_GRPF,RIGHT,5082,False,True,41277,Amanda Kennealy,GRN,GRN,,251,0.04939000393545848,False,ALP>LNP>GRN>ON>IND
QLD,171,McPherson,8,40944,Zyion Attiig,ON,ON,,9464,False,True,40680,Erchana Murray-Bartlett,IND,IND_PROMINENT,CENTRE_LEFT,2872,0.30346576500422656,False,ALP>LNP>GRN>IND
QLD,171,McPherson,8,40944,Zyion Attiig,ON,ON,,9464,False,True,40789,Alice Price,ALP,ALP,,695,0.07343617920540997,False,ALP>LNP>GRN>IND
QLD,171,McPherson,8,40944,Zyion Attiig,ON,ON,,9464,False,True,41166,Leon Rebello,LNP,LNP,,5155,0.5446956889264581,False,ALP>LNP>GRN>IND
QLD,171,McPherson,8,40944,Zyion Attiig,ON,ON,,9464,False,True,41277,Amanda Kennealy,GRN,GRN,,742,0.07840236686390532,False,ALP>LNP>GRN>IND
QLD,171,McPherson,9,41277,Amanda Kennealy,GRN,GRN,,10894,False,True,40680,Erchana Murray-Bartlett,IND,IND_PROMINENT,CENTRE_LEFT,4881,0.4480447953001652,False,ALP>LNP>IND
QLD,171,McPherson,9,41277,Amanda Kennealy,GRN,GRN,,10894,False,True,40789,Alice Price,ALP,ALP,,4938,0.4532770332293005,False,ALP>LNP>IND
QLD,171,McPherson,9,41277,Amanda Kennealy,GRN,GRN,,10894,False,True,41166,Leon Rebello,LNP,LNP,,1075,0.09867817147053425,False,ALP>LNP>IND
QLD,171,McPherson,10,40680,Erchana Murray-Bartlett,IND,IND_PROMINENT,CENTRE_LEFT,23878,False,True,40789,Alice Price,ALP,ALP,,14208,0.5950247089370969,False,ALP>LNP
QLD,171,McPherson,10,40680,Erchana Murray-Bartlett,IND,IND_PROMINENT,CENTRE_LEFT,23878,False,True,41166,Leon Rebello,LNP,LNP,,9670,0.4049752910629031,False,ALP>LNP
QLD,172,Moncrieff,1,41459,Waddah Weld Ali,OTH,IND_MINOR,CENTRE_LEFT,1393,True,False,40697,Nicole Arrowsmith,IND,IND_PROMINENT,CENTRE,553,0.3969849246231156,False,ALP>LNP>GRN>ON>IND>OTH
QLD,172,Moncrieff,1,41459,Waddah Weld Ali,OTH,IND_MINOR,CENTRE_LEFT,1393,True,False,40791,Blair Stuart,ALP,ALP,,114,0.08183776022972003,False,ALP>LNP>GRN>ON>IND>OTH
QLD,172,Moncrieff,1,41459,Waddah Weld Ali,OTH,IND_MINOR,CENTRE_LEFT,1393,True,False,40908,Ruth Fea,OTH,OTH_FFPA,RIGHT,67,0.04809763101220388,True,ALP>LNP>GRN>ON>IND>OTH
QLD,172,Moncrieff,1,41459,Waddah Weld Ali,OTH,IND_MINOR,CENTRE_LEFT,1393,True,False,40947,Glen Wadsworth,ON,ON,,44,0.03158650394831299,False,ALP>LNP>GRN>ON>IND>OTH
QLD,172,Moncrieff,1,41459,Waddah Weld Ali,OTH,IND_MINOR,CENTRE_LEFT,1393,True,False,40967,Natasha Anne Szorkovszky,OTH,OTH_GRPF,RIGHT,23,0.016511127063890883,True,ALP>LNP>GRN>ON>IND>OTH
QLD,172,Moncrieff,1,41459,Waddah Weld Ali,OTH,IND_MINOR,CENTRE_LEFT,1393,True,False,41174,Angie Bell,LNP,LNP,,105,0.07537688442211055,False,ALP>LNP>GRN>ON>IND>OTH
QLD,172,Moncrieff,1,41459,Waddah Weld Ali,OTH,IND_MINOR,CENTRE_LEFT,1393,True,False,41278,Sally Spain,GRN,GRN,,457,0.3280689160086145,False,ALP>LNP>GRN>ON>IND>OTH
QLD,172,Moncrieff,1,41459,Waddah Weld Ali,OTH,IND_MINOR,CENTRE_LEFT,1393,True,False,41368,Vic Naicker,OTH,OTH_CYA,RIGHT,30,0.021536252692031587,True,ALP>LNP>GRN>ON>IND>OTH
QLD,172,Moncrieff,2,40908,Ruth Fea,OTH,OTH_FFPA,RIGHT,1712,True,False,40697,Nicole Arrowsmith,IND,IND_PROMINENT,CENTRE,196,0.11448598130841121,False,ALP>LNP>GRN>ON>IND>OTH
QLD,172,Moncrieff,2,40908,Ruth Fea,OTH,OTH_FFPA,RIGHT,1712,True,False,40791,Blair Stuart,ALP,ALP,,143,0.08352803738317757,False,ALP>LNP>GRN>ON>IND>OTH
QLD,172,Moncrieff,2,40908,Ruth Fea,OTH,OTH_FFPA,RIGHT,1712,True,False,40947,Glen Wadsworth,ON,ON,,315,0.18399532710280375,False,ALP>LNP>GRN>ON>IND>OTH
QLD,172,Moncrieff,2,40908,Ruth Fea,OTH,OTH_FFPA,RIGHT,1712,True,False,40967,Natasha Anne Szorkovszky,OTH,OTH_GRPF,RIGHT,484,0.2827102803738318,True,ALP>LNP>GRN>ON>IND>OTH
QLD,172,Moncrieff,2,40908,Ruth Fea,OTH,OTH_FFPA,RIGHT,1712,True,False,41174,Angie Bell,LNP,LNP,,251,0.1466121495327103,False,ALP>LNP>GRN>ON>IND>OTH
QLD,172,Moncrieff,2,40908,Ruth Fea,OTH,OTH_FFPA,RIGHT,1712,True,False,41278,Sally Spain,GRN,GRN,,195,0.11390186915887851,False,ALP>LNP>GRN>ON>IND>OTH
QLD,172,Moncrieff,2,40908,Ruth Fea,OTH,OTH_FFPA,RIGHT,1712,True,False,41368,Vic Naicker,OTH,OTH_CYA,RIGHT,128,0.07476635514018691,True,ALP>LNP>GRN>ON>IND>OTH
QLD,172,Moncrieff,3,40967,Natasha Anne Szorkovszky,OTH,OTH_GRPF,RIGHT,4054,True,False,40697,Nicole Arrowsmith,IND,IND_PROMINENT,CENTRE,424,0.10458806117414898,False,ALP>LNP>GRN>ON>IND>OTH
QLD,172,Moncrieff,3,40967,Natasha Anne Szorkovszky,OTH,OTH_GRPF,RIGHT,4054,True,False,40791,Blair Stuart,ALP,ALP,,257,0.06339417858904785,False,ALP>LNP>GRN>ON>IND>OTH
QLD,172,Moncrieff,3,40967,Natasha Anne Szorkovszky,OTH,OTH_GRPF,RIGHT,4054,True,False,40947,Glen Wadsworth,ON,ON,,1563,0.38554514060187467,False,ALP>LNP>GRN>ON>IND>OTH
QLD,172,Moncrieff,3,40967,Natasha Anne Szorkovszky,OTH,OTH_GRPF,RIGHT,4054,True,False,41174,Angie Bell,LNP,LNP,,311,0.07671435619141588,False,ALP>LNP>GRN>ON>IND>OTH
QLD,172,Moncrieff,3,40967,Natasha Anne Szorkovszky,OTH,OTH_GRPF,RIGHT,4054,True,False,41278,Sally Spain,GRN,GRN,,203,0.05007400098667982,False,ALP>LNP>GRN>ON>IND>OTH
QLD,172,Moncrieff,3,40967,Natasha Anne Szorkovszky,OTH,OTH_GRPF,RIGHT,4054,True,False,41368,Vic Naicker,OTH,OTH_CYA,RIGHT,1296,0.31968426245683274,True,ALP>LNP>GRN>ON>IND>OTH
QLD,172,Moncrieff,4,41368,Vic Naicker,OTH,OTH_CYA,RIGHT,5519,False,True,40697,Nicole Arrowsmith,IND,IND_PROMINENT,CENTRE,1181,0.21398804131183186,False,ALP>LNP>GRN>ON>IND
QLD,172,Moncrieff,4,41368,Vic Naicker,OTH,OTH_CYA,RIGHT,5519,False,True,40791,Blair Stuart,ALP,ALP,,643,0.11650661351694147,False,ALP>LNP>GRN>ON>IND
QLD,172,Moncrieff,4,41368,Vic Naicker,OTH,OTH_CYA,RIGHT,5519,False,True,40947,Glen Wadsworth,ON,ON,,2658,0.4816089871353506,False,ALP>LNP>GRN>ON>IND
QLD,172,Moncrieff,4,41368,Vic Naicker,OTH,OTH_CYA,RIGHT,5519,False,True,41174,Angie Bell,LNP,LNP,,808,0.14640333393730748,False,ALP>LNP>GRN>ON>IND
QLD,172,Moncrieff,4,41368,Vic Naicker,OTH,OTH_CYA,RIGHT,5519,False,True,41278,Sally Spain,GRN,GRN,,229,0.04149302409856858,False,ALP>LNP>GRN>ON>IND
QLD,172,Moncrieff,5,40697,Nicole Arrowsmith,IND,IND_PROMINENT,CENTRE,9995,False,True,40791,Blair Stuart,ALP,ALP,,2347,0.23481740870435217,False,ALP>LNP>GRN>ON
QLD,172,Moncrieff,5,40697,Nicole Arrowsmith,IND,IND_PROMINENT,CENTRE,9995,False,True,40947,Glen Wadsworth,ON,ON,,1815,0.18159079539769885,False,ALP>LNP>GRN>ON
QLD,172,Moncrieff,5,40697,Nicole Arrowsmith,IND,IND_PROMINENT,CENTRE,9995,False,True,41174,Angie Bell,LNP,LNP,,1938,0.1938969484742371,False,ALP>LNP>GRN>ON
QLD,172,Moncrieff,5,40697,Nicole Arrowsmith,IND,IND_PROMINENT,CENTRE,9995,False,True,41278,Sally Spain,GRN,GRN,,3895,0.38969484742371185,False,ALP>LNP>GRN>ON
QLD,172,Moncrieff,6,40947,Glen Wadsworth,ON,ON,,12289,False,True,40791,Blair Stuart,ALP,ALP,,1663,0.13532427374074377,False,ALP>LNP>GRN
QLD,172,Moncrieff,6,40947,Glen Wadsworth,ON,ON,,12289,False,True,41174,Angie Bell,LNP,LNP,,7874,0.6407356172186508,False,ALP>LNP>GRN
QLD,172,Moncrieff,6,40947,Glen Wadsworth,ON,ON,,12289,False,True,41278,Sally Spain,GRN,GRN,,2752,0.2239401090406054,False,ALP>LNP>GRN
QLD,172,Moncrieff,7,41278,Sally Spain,GRN,GRN,,17289,False,True,40791,Blair Stuart,ALP,ALP,,11632,0.6727977326623865,False,ALP>LNP
QLD,172,Moncrieff,7,41278,Sally Spain,GRN,GRN,,17289,False,True,41174,Angie Bell,LNP,LNP,,5657,0.3272022673376135,False,ALP>LNP
QLD,173,Moreton,1,40644,Max Hooper,OTH,OTH_CEC,CENTRE,731,True,False,40796,Julie-Ann Campbell,ALP,ALP,,177,0.2421340629274966,False,ALP>LNP>GRN>ON>OTH
QLD,173,Moreton,1,40644,Max Hooper,OTH,OTH_CEC,CENTRE,731,True,False,40911,Melinda Keller,OTH,OTH_FFPA,RIGHT,91,0.12448700410396717,True,ALP>LNP>GRN>ON>OTH
QLD,173,Moreton,1,40644,Max Hooper,OTH,OTH_CEC,CENTRE,731,True,False,40951,Grant Spork,ON,ON,,37,0.0506155950752394,False,ALP>LNP>GRN>ON>OTH
QLD,173,Moreton,1,40644,Max Hooper,OTH,OTH_CEC,CENTRE,731,True,False,40971,Natarsha Billing,OTH,OTH_GRPF,RIGHT,187,0.2558139534883721,True,ALP>LNP>GRN>ON>OTH
QLD,173,Moreton,1,40644,Max Hooper,OTH,OTH_CEC,CENTRE,731,True,False,41179,Henry Swindon,LNP,LNP,,47,0.06429548563611491,False,ALP>LNP>GRN>ON>OTH
QLD,173,Moreton,1,40644,Max Hooper,OTH,OTH_CEC,CENTRE,731,True,False,41286,Remah Naji,GRN,GRN,,129,0.17647058823529413,False,ALP>LNP>GRN>ON>OTH
QLD,173,Moreton,1,40644,Max Hooper,OTH,OTH_CEC,CENTRE,731,True,False,41473,Christian John Julius,OTH,OTH_CYA,RIGHT,63,0.08618331053351573,True,ALP>LNP>GRN>ON>OTH
QLD,173,Moreton,2,40911,Melinda Keller,OTH,OTH_FFPA,RIGHT,1773,True,False,40796,Julie-Ann Campbell,ALP,ALP,,240,0.1353637901861252,False,ALP>LNP>GRN>ON>OTH
QLD,173,Moreton,2,40911,Melinda Keller,OTH,OTH_FFPA,RIGHT,1773,True,False,40951,Grant Spork,ON,ON,,246,0.13874788494077833,False,ALP>LNP>GRN>ON>OTH
QLD,173,Moreton,2,40911,Melinda Keller,OTH,OTH_FFPA,RIGHT,1773,True,False,40971,Natarsha Billing,OTH,OTH_GRPF,RIGHT,549,0.3096446700507614,True,ALP>LNP>GRN>ON>OTH
QLD,173,Moreton,2,40911,Melinda Keller,OTH,OTH_FFPA,RIGHT,1773,True,False,41179,Henry Swindon,LNP,LNP,,343,0.19345741680767062,False,ALP>LNP>GRN>ON>OTH
QLD,173,Moreton,2,40911,Melinda Keller,OTH,OTH_FFPA,RIGHT,1773,True,False,41286,Remah Naji,GRN,GRN,,194,0.10941906373378454,False,ALP>LNP>GRN>ON>OTH
QLD,173,Moreton,2,40911,Melinda Keller,OTH,OTH_FFPA,RIGHT,1773,True,False,41473,Christian John Julius,OTH,OTH_CYA,RIGHT,201,0.11336717428087986,True,ALP>LNP>GRN>ON>OTH
QLD,173,Moreton,3,41473,Christian John Julius,OTH,OTH_CYA,RIGHT,2592,True,False,40796,Julie-Ann Campbell,ALP,ALP,,727,0.2804783950617284,False,ALP>LNP>GRN>ON>OTH
QLD,173,Moreton,3,41473,Christian John Julius,OTH,OTH_CYA,RIGHT,2592,True,False,40951,Grant Spork,ON,ON,,817,0.3152006172839506,False,ALP>LNP>GRN>ON>OTH
QLD,173,Moreton,3,41473,Christian John Julius,OTH,OTH_CYA,RIGHT,2592,True,False,40971,Natarsha Billing,OTH,OTH_GRPF,RIGHT,404,0.1558641975308642,True,ALP>LNP>GRN>ON>OTH
QLD,173,Moreton,3,41473,Christian John Julius,OTH,OTH_CYA,RIGHT,2592,True,False,41179,Henry Swindon,LNP,LNP,,447,0.1724537037037037,False,ALP>LNP>GRN>ON>OTH
QLD,173,Moreton,3,41473,Christian John Julius,OTH,OTH_CYA,RIGHT,2592,True,False,41286,Remah Naji,GRN,GRN,,197,0.07600308641975309,False,ALP>LNP>GRN>ON>OTH
QLD,173,Moreton,4,40971,Natarsha Billing,OTH,OTH_GRPF,RIGHT,3383,False,True,40796,Julie-Ann Campbell,ALP,ALP,,476,0.1407035175879397,False,ALP>LNP>GRN>ON
QLD,173,Moreton,4,40971,Natarsha Billing,OTH,OTH_GRPF,RIGHT,3383,False,True,40951,Grant Spork,ON,ON,,1846,0.5456695240910434,False,ALP>LNP>GRN>ON
QLD,173,Moreton,4,40971,Natarsha Billing,OTH,OTH_GRPF,RIGHT,3383,False,True,41179,Henry Swindon,LNP,LNP,,596,0.17617499261010938,False,ALP>LNP>GRN>ON
QLD,173,Moreton,4,40971,Natarsha Billing,OTH,OTH_GRPF,RIGHT,3383,False,True,41286,Remah Naji,GRN,GRN,,465,0.13745196571090748,False,ALP>LNP>GRN>ON
QLD,173,Moreton,5,40951,Grant Spork,ON,ON,,5632,False,True,40796,Julie-Ann Campbell,ALP,ALP,,925,0.16424005681818182,False,ALP>LNP>GRN
QLD,173,Moreton,5,40951,Grant Spork,ON,ON,,5632,False,True,41179,Henry Swindon,LNP,LNP,,3698,0.6566051136363636,False,ALP>LNP>GRN
QLD,173,Moreton,5,40951,Grant Spork,ON,ON,,5632,False,True,41286,Remah Naji,GRN,GRN,,1009,0.17915482954545456,False,ALP>LNP>GRN
QLD,173,Moreton,6,41286,Remah Naji,GRN,GRN,,22326,False,True,40796,Julie-Ann Campbell,ALP,ALP,,19772,0.8856042282540536,False,ALP>LNP
QLD,173,Moreton,6,41286,Remah Naji,GRN,GRN,,22326,False,True,41179,Henry Swindon,LNP,LNP,,2554,0.11439577174594644,False,ALP>LNP
QLD,174,Oxley,1,41465,Mike Head,OTH,OTH_UNAFFILIATED,UNKNOWN,1435,True,False,40800,Milton Dick,ALP,ALP,,223,0.1554006968641115,False,ALP>LNP>GRN>ON>OTH
QLD,174,Oxley,1,41465,Mike Head,OTH,OTH_UNAFFILIATED,UNKNOWN,1435,True,False,40913,William Tento,OTH,OTH_FFPA,RIGHT,227,0.15818815331010452,True,ALP>LNP>GRN>ON>OTH
QLD,174,Oxley,1,41465,Mike Head,OTH,OTH_UNAFFILIATED,UNKNOWN,1435,True,False,40952,Darren Baker,ON,ON,,168,0.11707317073170732,False,ALP>LNP>GRN>ON>OTH
QLD,174,Oxley,1,41465,Mike Head,OTH,OTH_UNAFFILIATED,UNKNOWN,1435,True,False,41181,Kevin Burns,LNP,LNP,,93,0.06480836236933799,False,ALP>LNP>GRN>ON>OTH
QLD,174,Oxley,1,41465,Mike Head,OTH,OTH_UNAFFILIATED,UNKNOWN,1435,True,False,41281,Brandan Holt,GRN,GRN,,508,0.35400696864111497,False,ALP>LNP>GRN>ON>OTH
QLD,174,Oxley,1,41465,Mike Head,OTH,OTH_UNAFFILIATED,UNKNOWN,1435,True,False,41397,Mark Maguire,OTH,OTH_CYA,RIGHT,216,0.1505226480836237,True,ALP>LNP>GRN>ON>OTH
QLD,174,Oxley,2,41397,Mark Maguire,OTH,OTH_CYA,RIGHT,3201,True,False,40800,Milton Dick,ALP,ALP,,461,0.14401749453295845,False,ALP>LNP>GRN>ON>OTH
QLD,174,Oxley,2,41397,Mark Maguire,OTH,OTH_CYA,RIGHT,3201,True,False,40913,William Tento,OTH,OTH_FFPA,RIGHT,708,0.2211808809746954,True,ALP>LNP>GRN>ON>OTH
QLD,174,Oxley,2,41397,Mark Maguire,OTH,OTH_CYA,RIGHT,3201,True,False,40952,Darren Baker,ON,ON,,1248,0.3898781630740394,False,ALP>LNP>GRN>ON>OTH
QLD,174,Oxley,2,41397,Mark Maguire,OTH,OTH_CYA,RIGHT,3201,True,False,41181,Kevin Burns,LNP,LNP,,522,0.16307403936269915,False,ALP>LNP>GRN>ON>OTH
QLD,174,Oxley,2,41397,Mark Maguire,OTH,OTH_CYA,RIGHT,3201,True,False,41281,Brandan Holt,GRN,GRN,,262,0.08184942205560762,False,ALP>LNP>GRN>ON>OTH
QLD,174,Oxley,3,40913,William Tento,OTH,OTH_FFPA,RIGHT,3993,False,True,40800,Milton Dick,ALP,ALP,,554,0.1387427998998247,False,ALP>LNP>GRN>ON
QLD,174,Oxley,3,40913,William Tento,OTH,OTH_FFPA,RIGHT,3993,False,True,40952,Darren Baker,ON,ON,,1868,0.46781868269471577,False,ALP>LNP>GRN>ON
QLD,174,Oxley,3,40913,William Tento,OTH,OTH_FFPA,RIGHT,3993,False,True,41181,Kevin Burns,LNP,LNP,,700,0.1753067868770348,False,ALP>LNP>GRN>ON
QLD,174,Oxley,3,40913,William Tento,OTH,OTH_FFPA,RIGHT,3993,False,True,41281,Brandan Holt,GRN,GRN,,871,0.21813173052842474,False,ALP>LNP>GRN>ON
QLD,174,Oxley,4,40952,Darren Baker,ON,ON,,9022,False,True,40800,Milton Dick,ALP,ALP,,1995,0.22112613611172688,False,ALP>LNP>GRN
QLD,174,Oxley,4,40952,Darren Baker,ON,ON,,9022,False,True,41181,Kevin Burns,LNP,LNP,,5248,0.5816892041675903,False,ALP>LNP>GRN
QLD,174,Oxley,4,40952,Darren Baker,ON,ON,,9022,False,True,41281,Brandan Holt,GRN,GRN,,1779,0.19718465972068278,False,ALP>LNP>GRN
QLD,174,Oxley,5,41281,Brandan Holt,GRN,GRN,,17399,False,True,40800,Milton Dick,ALP,ALP,,13879,0.797689522386344,False,ALP>LNP
QLD,174,Oxley,5,41281,Brandan Holt,GRN,GRN,,17399,False,True,41181,Kevin Burns,LNP,LNP,,3520,0.20231047761365595,False,ALP>LNP
QLD,175,Petrie,1,40894,Sharan Hall,OTH,OTH_FFPA,RIGHT,3723,True,False,40801,Emma Comer,ALP,ALP,,359,0.09642761214074672,False,ALP>LNP>GRN>ON>OTH
QLD,175,Petrie,1,40894,Sharan Hall,OTH,OTH_FFPA,RIGHT,3723,True,False,40955,Nicole Shires,ON,ON,,1225,0.32903572387859253,False,ALP>LNP>GRN>ON>OTH
QLD,175,Petrie,1,40894,Sharan Hall,OTH,OTH_FFPA,RIGHT,3723,True,False,41185,Luke Howarth,LNP,LNP,,632,0.1697555734622616,False,ALP>LNP>GRN>ON>OTH
QLD,175,Petrie,1,40894,Sharan Hall,OTH,OTH_FFPA,RIGHT,3723,True,False,41288,Nikil Paul,GRN,GRN,,836,0.2245500940102068,False,ALP>LNP>GRN>ON>OTH
QLD,175,Petrie,1,40894,Sharan Hall,OTH,OTH_FFPA,RIGHT,3723,True,False,41403,Ryan Mensink,OTH,OTH_CYA,RIGHT,671,0.18023099650819233,True,ALP>LNP>GRN>ON>OTH
QLD,175,Petrie,2,41403,Ryan Mensink,OTH,OTH_CYA,RIGHT,5356,False,True,40801,Emma Comer,ALP,ALP,,607,0.11333084391336819,False,ALP>LNP>GRN>ON
QLD,175,Petrie,2,41403,Ryan Mensink,OTH,OTH_CYA,RIGHT,5356,False,True,40955,Nicole Shires,ON,ON,,3267,0.6099701269604182,False,ALP>LNP>GRN>ON
QLD,175,Petrie,2,41403,Ryan Mensink,OTH,OTH_CYA,RIGHT,5356,False,True,41185,Luke Howarth,LNP,LNP,,862,0.160941000746826,False,ALP>LNP>GRN>ON
QLD,175,Petrie,2,41403,Ryan Mensink,OTH,OTH_CYA,RIGHT,5356,False,True,41288,Nikil Paul,GRN,GRN,,620,0.1157580283793876,False,ALP>LNP>GRN>ON
QLD,175,Petrie,3,40955,Nicole Shires,ON,ON,,12340,False,True,40801,Emma Comer,ALP,ALP,,2573,0.20850891410048622,False,ALP>LNP>GRN
QLD,175,Petrie,3,40955,Nicole Shires,ON,ON,,12340,False,True,41185,Luke Howarth,LNP,LNP,,7365,0.596839546191248,False,ALP>LNP>GRN
QLD,175,Petrie,3,40955,Nicole Shires,ON,ON,,12340,False,True,41288,Nikil Paul,GRN,GRN,,2402,0.1946515397082658,False,ALP>LNP>GRN
QLD,175,Petrie,4,41288,Nikil Paul,GRN,GRN,,17660,False,True,40801,Emma Comer,ALP,ALP,,13684,0.7748584371460928,False,ALP>LNP
QLD,175,Petrie,4,41288,Nikil Paul,GRN,GRN,,17660,False,True,41185,Luke Howarth,LNP,LNP,,3976,0.22514156285390713,False,ALP>LNP
QLD,176,Rankin,1,41479,Alex Bainbridge,OTH,OTH_SAL,LEFT,1634,True,False,40805,Jim Chalmers,ALP,ALP,,143,0.08751529987760098,False,ALP>LNP>GRN>ON>OTH
QLD,176,Rankin,1,41479,Alex Bainbridge,OTH,OTH_SAL,LEFT,1634,True,False,40897,Carol Ordish,OTH,OTH_FFPA,RIGHT,50,0.030599755201958383,True,ALP>LNP>GRN>ON>OTH
QLD,176,Rankin,1,41479,Alex Bainbridge,OTH,OTH_SAL,LEFT,1634,True,False,40958,Kyle Lentz,ON,ON,,41,0.025091799265605876,False,ALP>LNP>GRN>ON>OTH
QLD,176,Rankin,1,41479,Alex Bainbridge,OTH,OTH_SAL,LEFT,1634,True,False,40972,Lana Hudson,OTH,OTH_GRPF,RIGHT,60,0.03671970624235006,True,ALP>LNP>GRN>ON>OTH
QLD,176,Rankin,1,41479,Alex Bainbridge,OTH,OTH_SAL,LEFT,1634,True,False,41189,Paul Darwen,LNP,LNP,,26,0.01591187270501836,False,ALP>LNP>GRN>ON>OTH
QLD,176,Rankin,1,41479,Alex Bainbridge,OTH,OTH_SAL,LEFT,1634,True,False,41283,Joshua Riethmuller,GRN,GRN,,1288,0.7882496940024479,False,ALP>LNP>GRN>ON>OTH
QLD,176,Rankin,1,41479,Alex Bainbridge,OTH,OTH_SAL,LEFT,1634,True,False,41412,Janet Lindbom,OTH,OTH_CYA,RIGHT,26,0.01591187270501836,True,ALP>LNP>GRN>ON>OTH
QLD,176,Rankin,2,41412,Janet Lindbom,OTH,OTH_CYA,RIGHT,3326,True,False,40805,Jim Chalmers,ALP,ALP,,409,0.12297053517739026,False,ALP>LNP>GRN>ON>OTH
QLD,176,Rankin,2,41412,Janet Lindbom,OTH,OTH_CYA,RIGHT,3326,True,False,40897,Carol Ordish,OTH,OTH_FFPA,RIGHT,449,0.134996993385448,True,ALP>LNP>GRN>ON>OTH
QLD,176,Rankin,2,41412,Janet Lindbom,OTH,OTH_CYA,RIGHT,3326,True,False,40958,Kyle Lentz,ON,ON,,1597,0.48015634395670476,False,ALP>LNP>GRN>ON>OTH
QLD,176,Rankin,2,41412,Janet Lindbom,OTH,OTH_CYA,RIGHT,3326,True,False,40972,Lana Hudson,OTH,OTH_GRPF,RIGHT,346,0.10402886349969934,True,ALP>LNP>GRN>ON>OTH
QLD,176,Rankin,2,41412,Janet Lindbom,OTH,OTH_CYA,RIGHT,3326,True,False,41189,Paul Darwen,LNP,LNP,,325,0.09771497294046903,False,ALP>LNP>GRN>ON>OTH
QLD,176,Rankin,2,41412,Janet Lindbom,OTH,OTH_CYA,RIGHT,3326,True,False,41283,Joshua Riethmuller,GRN,GRN,,200,0.06013229104028864,False,ALP>LNP>GRN>ON>OTH
QLD,176,Rankin,3,40972,Lana Hudson,OTH,OTH_GRPF,RIGHT,3822,True,False,40805,Jim Chalmers,ALP,ALP,,255,0.06671899529042387,False,ALP>LNP>GRN>ON>OTH
QLD,176,Rankin,3,40972,Lana Hudson,OTH,OTH_GRPF,RIGHT,3822,True,False,40897,Carol Ordish,OTH,OTH_FFPA,RIGHT,1972,0.5159602302459445,True,ALP>LNP>GRN>ON>OTH
QLD,176,Rankin,3,40972,Lana Hudson,OTH,OTH_GRPF,RIGHT,3822,True,False,40958,Kyle Lentz,ON,ON,,1039,0.271847200418629,False,ALP>LNP>GRN>ON>OTH
QLD,176,Rankin,3,40972,Lana Hudson,OTH,OTH_GRPF,RIGHT,3822,True,False,41189,Paul Darwen,LNP,LNP,,271,0.07090528519099948,False,ALP>LNP>GRN>ON>OTH
QLD,176,Rankin,3,40972,Lana Hudson,OTH,OTH_GRPF,RIGHT,3822,True,False,41283,Joshua Riethmuller,GRN,GRN,,285,0.07456828885400314,False,ALP>LNP>GRN>ON>OTH
QLD,176,Rankin,4,40897,Carol Ordish,OTH,OTH_FFPA,RIGHT,6333,False,True,40805,Jim Chalmers,ALP,ALP,,780,0.1231643770724775,False,ALP>LNP>GRN>ON
QLD,176,Rankin,4,40897,Carol Ordish,OTH,OTH_FFPA,RIGHT,6333,False,True,40958,Kyle Lentz,ON,ON,,2361,0.3728090952155377,False,ALP>LNP>GRN>ON
QLD,176,Rankin,4,40897,Carol Ordish,OTH,OTH_FFPA,RIGHT,6333,False,True,41189,Paul Darwen,LNP,LNP,,2140,0.337912521711669,False,ALP>LNP>GRN>ON
QLD,176,Rankin,4,40897,Carol Ordish,OTH,OTH_FFPA,RIGHT,6333,False,True,41283,Joshua Riethmuller,GRN,GRN,,1052,0.1661140060003158,False,ALP>LNP>GRN>ON
QLD,176,Rankin,5,40958,Kyle Lentz,ON,ON,,11059,False,True,40805,Jim Chalmers,ALP,ALP,,2271,0.20535310606745638,False,ALP>LNP>GRN
QLD,176,Rankin,5,40958,Kyle Lentz,ON,ON,,11059,False,True,41189,Paul Darwen,LNP,LNP,,6311,0.5706664255357627,False,ALP>LNP>GRN
QLD,176,Rankin,5,40958,Kyle Lentz,ON,ON,,11059,False,True,41283,Joshua Riethmuller,GRN,GRN,,2477,0.2239804683967809,False,ALP>LNP>GRN
QLD,176,Rankin,6,41283,Joshua Riethmuller,GRN,GRN,,15334,False,True,40805,Jim Chalmers,ALP,ALP,,10931,0.7128603104212861,False,ALP>LNP
QLD,176,Rankin,6,41283,Joshua Riethmuller,GRN,GRN,,15334,False,True,41189,Paul Darwen,LNP,LNP,,4403,0.28713968957871394,False,ALP>LNP
QLD,177,Ryan,1,40687,Gina Masterton,OTH,OTH_SOPA,LEFT,1007,True,False,40807,Rebecca Hack,ALP,ALP,,207,0.20556107249255212,False,ALP>LNP>GRN>ON>OTH
QLD,177,Ryan,1,40687,Gina Masterton,OTH,OTH_SOPA,LEFT,1007,True,False,40905,Donna Gallehawk,OTH,OTH_FFPA,RIGHT,90,0.08937437934458789,True,ALP>LNP>GRN>ON>OTH
QLD,177,Ryan,1,40687,Gina Masterton,OTH,OTH_SOPA,LEFT,1007,True,False,40960,Robbie Elsom,ON,ON,,31,0.030784508440913606,False,ALP>LNP>GRN>ON>OTH
QLD,177,Ryan,1,40687,Gina Masterton,OTH,OTH_SOPA,LEFT,1007,True,False,40974,N De Lapp,OTH,OTH_GRPF,RIGHT,95,0.09433962264150944,True,ALP>LNP>GRN>ON>OTH
QLD,177,Ryan,1,40687,Gina Masterton,OTH,OTH_SOPA,LEFT,1007,True,False,41192,Maggie Forrest,LNP,LNP,,78,0.07745779543197617,False,ALP>LNP>GRN>ON>OTH
QLD,177,Ryan,1,40687,Gina Masterton,OTH,OTH_SOPA,LEFT,1007,True,False,41285,Elizabeth Watson-Brown,GRN,GRN,,474,0.47070506454816285,False,ALP>LNP>GRN>ON>OTH
QLD,177,Ryan,1,40687,Gina Masterton,OTH,OTH_SOPA,LEFT,1007,True,False,41415,Ryan Hunt,OTH,OTH_CYA,RIGHT,32,0.031777557100297914,True,ALP>LNP>GRN>ON>OTH
QLD,177,Ryan,2,41415,Ryan Hunt,OTH,OTH_CYA,RIGHT,1404,True,False,40807,Rebecca Hack,ALP,ALP,,108,0.07692307692307693,False,ALP>LNP>GRN>ON>OTH
QLD,177,Ryan,2,41415,Ryan Hunt,OTH,OTH_CYA,RIGHT,1404,True,False,40905,Donna Gallehawk,OTH,OTH_FFPA,RIGHT,149,0.10612535612535613,True,ALP>LNP>GRN>ON>OTH
QLD,177,Ryan,2,41415,Ryan Hunt,OTH,OTH_CYA,RIGHT,1404,True,False,40960,Robbie Elsom,ON,ON,,580,0.4131054131054131,False,ALP>LNP>GRN>ON>OTH
QLD,177,Ryan,2,41415,Ryan Hunt,OTH,OTH_CYA,RIGHT,1404,True,False,40974,N De Lapp,OTH,OTH_GRPF,RIGHT,159,0.11324786324786325,True,ALP>LNP>GRN>ON>OTH
QLD,177,Ryan,2,41415,Ryan Hunt,OTH,OTH_CYA,RIGHT,1404,True,False,41192,Maggie Forrest,LNP,LNP,,313,0.22293447293447294,False,ALP>LNP>GRN>ON>OTH
QLD,177,Ryan,2,41415,Ryan Hunt,OTH,OTH_CYA,RIGHT,1404,True,False,41285,Elizabeth Watson-Brown,GRN,GRN,,95,0.06766381766381767,False,ALP>LNP>GRN>ON>OTH
QLD,177,Ryan,3,40905,Donna Gallehawk,OTH,OTH_FFPA,RIGHT,1579,True,False,40807,Rebecca Hack,ALP,ALP,,364,0.2305256491450285,False,ALP>LNP>GRN>ON>OTH
QLD,177,Ryan,3,40905,Donna Gallehawk,OTH,OTH_FFPA,RIGHT,1579,True,False,40960,Robbie Elsom,ON,ON,,252,0.15959468017732742,False,ALP>LNP>GRN>ON>OTH
QLD,177,Ryan,3,40905,Donna Gallehawk,OTH,OTH_FFPA,RIGHT,1579,True,False,40974,N De Lapp,OTH,OTH_GRPF,RIGHT,484,0.3065231158961368,True,ALP>LNP>GRN>ON>OTH
QLD,177,Ryan,3,40905,Donna Gallehawk,OTH,OTH_FFPA,RIGHT,1579,True,False,41192,Maggie Forrest,LNP,LNP,,314,0.19886003799873336,False,ALP>LNP>GRN>ON>OTH
QLD,177,Ryan,3,40905,Donna Gallehawk,OTH,OTH_FFPA,RIGHT,1579,True,False,41285,Elizabeth Watson-Brown,GRN,GRN,,165,0.10449651678277391,False,ALP>LNP>GRN>ON>OTH
QLD,177,Ryan,4,40974,N De Lapp,OTH,OTH_GRPF,RIGHT,3145,False,True,40807,Rebecca Hack,ALP,ALP,,257,0.08171701112877583,False,ALP>LNP>GRN>ON
QLD,177,Ryan,4,40974,N De Lapp,OTH,OTH_GRPF,RIGHT,3145,False,True,40960,Robbie Elsom,ON,ON,,2075,0.6597774244833068,False,ALP>LNP>GRN>ON
QLD,177,Ryan,4,40974,N De Lapp,OTH,OTH_GRPF,RIGHT,3145,False,True,41192,Maggie Forrest,LNP,LNP,,501,0.15930047694753577,False,ALP>LNP>GRN>ON
QLD,177,Ryan,4,40974,N De Lapp,OTH,OTH_GRPF,RIGHT,3145,False,True,41285,Elizabeth Watson-Brown,GRN,GRN,,312,0.09920508744038156,False,ALP>LNP>GRN>ON
QLD,177,Ryan,5,40960,Robbie Elsom,ON,ON,,5265,False,True,40807,Rebecca Hack,ALP,ALP,,740,0.14055080721747387,False,ALP>LNP>GRN
QLD,177,Ryan,5,40960,Robbie Elsom,ON,ON,,5265,False,True,41192,Maggie Forrest,LNP,LNP,,3852,0.7316239316239316,False,ALP>LNP>GRN
QLD,177,Ryan,5,40960,Robbie Elsom,ON,ON,,5265,False,True,41285,Elizabeth Watson-Brown,GRN,GRN,,673,0.1278252611585945,False,ALP>LNP>GRN
QLD,177,Ryan,6,40807,Rebecca Hack,ALP,ALP,,30893,False,True,41192,Maggie Forrest,LNP,LNP,,7486,0.24232026672709028,False,LNP>GRN
QLD,177,Ryan,6,40807,Rebecca Hack,ALP,ALP,,30893,False,True,41285,Elizabeth Watson-Brown,GRN,GRN,,23407,0.7576797332729097,False,LNP>GRN
QLD,178,Wide Bay,1,41428,Gabrial Pennicott,OTH,OTH_CYA,RIGHT,4522,True,False,40717,Casey Iddon,OTH,IND_MINOR,CENTRE_LEFT,976,0.21583370190181336,True,ALP>LNP>GRN>ON>OTH
QLD,178,Wide Bay,1,41428,Gabrial Pennicott,OTH,OTH_CYA,RIGHT,4522,True,False,40788,Elliott Chalmers,ALP,ALP,,244,0.05395842547545334,False,ALP>LNP>GRN>ON>OTH
QLD,178,Wide Bay,1,41428,Gabrial Pennicott,OTH,OTH_CYA,RIGHT,4522,True,False,40909,Kirsti Kenningale,OTH,OTH_FFPA,RIGHT,678,0.14993365767359576,True,ALP>LNP>GRN>ON>OTH
QLD,178,Wide Bay,1,41428,Gabrial Pennicott,OTH,OTH_CYA,RIGHT,4522,True,False,40961,Chad Burgess,ON,ON,,1689,0.37350729765590446,False,ALP>LNP>GRN>ON>OTH
QLD,178,Wide Bay,1,41428,Gabrial Pennicott,OTH,OTH_CYA,RIGHT,4522,True,False,41195,Llew O'Brien,LNP,LNP,,571,0.12627156125608138,False,ALP>LNP>GRN>ON>OTH
QLD,178,Wide Bay,1,41428,Gabrial Pennicott,OTH,OTH_CYA,RIGHT,4522,True,False,41287,Emma Buhse,GRN,GRN,,364,0.0804953560371517,False,ALP>LNP>GRN>ON>OTH
QLD,178,Wide Bay,2,40717,Casey Iddon,OTH,IND_MINOR,CENTRE_LEFT,6066,True,False,40788,Elliott Chalmers,ALP,ALP,,1164,0.19188921859545005,False,ALP>LNP>GRN>ON>OTH
QLD,178,Wide Bay,2,40717,Casey Iddon,OTH,IND_MINOR,CENTRE_LEFT,6066,True,False,40909,Kirsti Kenningale,OTH,OTH_FFPA,RIGHT,1510,0.24892845367622815,True,ALP>LNP>GRN>ON>OTH
QLD,178,Wide Bay,2,40717,Casey Iddon,OTH,IND_MINOR,CENTRE_LEFT,6066,True,False,40961,Chad Burgess,ON,ON,,1063,0.17523903725684142,False,ALP>LNP>GRN>ON>OTH
QLD,178,Wide Bay,2,40717,Casey Iddon,OTH,IND_MINOR,CENTRE_LEFT,6066,True,False,41195,Llew O'Brien,LNP,LNP,,769,0.12677217276623806,False,ALP>LNP>GRN>ON>OTH
QLD,178,Wide Bay,2,40717,Casey Iddon,OTH,IND_MINOR,CENTRE_LEFT,6066,True,False,41287,Emma Buhse,GRN,GRN,,1560,0.2571711177052423,False,ALP>LNP>GRN>ON>OTH
QLD,178,Wide Bay,3,40909,Kirsti Kenningale,OTH,OTH_FFPA,RIGHT,7582,False,True,40788,Elliott Chalmers,ALP,ALP,,1299,0.17132682669480348,False,ALP>LNP>GRN>ON
QLD,178,Wide Bay,3,40909,Kirsti Kenningale,OTH,OTH_FFPA,RIGHT,7582,False,True,40961,Chad Burgess,ON,ON,,4379,0.5775520970720127,False,ALP>LNP>GRN>ON
QLD,178,Wide Bay,3,40909,Kirsti Kenningale,OTH,OTH_FFPA,RIGHT,7582,False,True,41195,Llew O'Brien,LNP,LNP,,1006,0.13268266948034818,False,ALP>LNP>GRN>ON
QLD,178,Wide Bay,3,40909,Kirsti Kenningale,OTH,OTH_FFPA,RIGHT,7582,False,True,41287,Emma Buhse,GRN,GRN,,898,0.11843840675283566,False,ALP>LNP>GRN>ON
QLD,178,Wide Bay,4,41287,Emma Buhse,GRN,GRN,,11902,False,True,40788,Elliott Chalmers,ALP,ALP,,8197,0.6887077802050076,False,ALP>LNP>ON
QLD,178,Wide Bay,4,41287,Emma Buhse,GRN,GRN,,11902,False,True,40961,Chad Burgess,ON,ON,,1878,0.157788606956814,False,ALP>LNP>ON
QLD,178,Wide Bay,4,41287,Emma Buhse,GRN,GRN,,11902,False,True,41195,Llew O'Brien,LNP,LNP,,1827,0.15350361283817845,False,ALP>LNP>ON
QLD,178,Wide Bay,5,40961,Chad Burgess,ON,ON,,21655,False,True,40788,Elliott Chalmers,ALP,ALP,,6337,0.29263449549757564,False,ALP>LNP
QLD,178,Wide Bay,5,40961,Chad Burgess,ON,ON,,21655,False,True,41195,Llew O'Brien,LNP,LNP,,15318,0.7073655045024244,False,ALP>LNP
QLD,316,Wright,1,41516,Chloe Leeanne Snyman,OTH,OTH_AJP,CENTRE_LEFT,2266,True,False,40798,Pam Mccreadie,ALP,ALP,,285,0.12577228596646073,False,ALP>LNP>GRN>ON>OTH
QLD,316,Wright,1,41516,Chloe Leeanne Snyman,OTH,OTH_AJP,CENTRE_LEFT,2266,True,False,40915,Julie Rose,OTH,OTH_FFPA,RIGHT,355,0.15666372462488967,True,ALP>LNP>GRN>ON>OTH
QLD,316,Wright,1,41516,Chloe Leeanne Snyman,OTH,OTH_AJP,CENTRE_LEFT,2266,True,False,40962,Natalie Davis,ON,ON,,245,0.10812003530450133,False,ALP>LNP>GRN>ON>OTH
QLD,316,Wright,1,41516,Chloe Leeanne Snyman,OTH,OTH_AJP,CENTRE_LEFT,2266,True,False,40976,Justin Mcguiness,OTH,OTH_GRPF,RIGHT,419,0.1849073256840247,True,ALP>LNP>GRN>ON>OTH
QLD,316,Wright,1,41516,Chloe Leeanne Snyman,OTH,OTH_AJP,CENTRE_LEFT,2266,True,False,41199,Scott Buchholz,LNP,LNP,,159,0.07016769638128861,False,ALP>LNP>GRN>ON>OTH
QLD,316,Wright,1,41516,Chloe Leeanne Snyman,OTH,OTH_AJP,CENTRE_LEFT,2266,True,False,41289,Nicole Thompson,GRN,GRN,,701,0.30935569285083847,False,ALP>LNP>GRN>ON>OTH
QLD,316,Wright,1,41516,Chloe Leeanne Snyman,OTH,OTH_AJP,CENTRE_LEFT,2266,True,False,41433,Scott Thompson,OTH,OTH_CYA,RIGHT,102,0.04501323918799647,True,ALP>LNP>GRN>ON>OTH
QLD,316,Wright,2,40915,Julie Rose,OTH,OTH_FFPA,RIGHT,3534,True,False,40798,Pam Mccreadie,ALP,ALP,,345,0.09762308998302208,False,ALP>LNP>GRN>ON>OTH
QLD,316,Wright,2,40915,Julie Rose,OTH,OTH_FFPA,RIGHT,3534,True,False,40962,Natalie Davis,ON,ON,,996,0.28183361629881154,False,ALP>LNP>GRN>ON>OTH
QLD,316,Wright,2,40915,Julie Rose,OTH,OTH_FFPA,RIGHT,3534,True,False,40976,Justin Mcguiness,OTH,OTH_GRPF,RIGHT,796,0.2252405206564799,True,ALP>LNP>GRN>ON>OTH
QLD,316,Wright,2,40915,Julie Rose,OTH,OTH_FFPA,RIGHT,3534,True,False,41199,Scott Buchholz,LNP,LNP,,463,0.13101301641199772,False,ALP>LNP>GRN>ON>OTH
QLD,316,Wright,2,40915,Julie Rose,OTH,OTH_FFPA,RIGHT,3534,True,False,41289,Nicole Thompson,GRN,GRN,,585,0.16553480475382004,False,ALP>LNP>GRN>ON>OTH
QLD,316,Wright,2,40915,Julie Rose,OTH,OTH_FFPA,RIGHT,3534,True,False,41433,Scott Thompson,OTH,OTH_CYA,RIGHT,349,0.0987549518958687,True,ALP>LNP>GRN>ON>OTH
QLD,316,Wright,3,41433,Scott Thompson,OTH,OTH_CYA,RIGHT,6315,True,False,40798,Pam Mccreadie,ALP,ALP,,554,0.08772763262074426,False,ALP>LNP>GRN>ON>OTH
QLD,316,Wright,3,41433,Scott Thompson,OTH,OTH_CYA,RIGHT,6315,True,False,40962,Natalie Davis,ON,ON,,2982,0.47220902612826604,False,ALP>LNP>GRN>ON>OTH
QLD,316,Wright,3,41433,Scott Thompson,OTH,OTH_CYA,RIGHT,6315,True,False,40976,Justin Mcguiness,OTH,OTH_GRPF,RIGHT,1120,0.17735550277117973,True,ALP>LNP>GRN>ON>OTH
QLD,316,Wright,3,41433,Scott Thompson,OTH,OTH_CYA,RIGHT,6315,True,False,41199,Scott Buchholz,LNP,LNP,,1124,0.1779889152810768,False,ALP>LNP>GRN>ON>OTH
QLD,316,Wright,3,41433,Scott Thompson,OTH,OTH_CYA,RIGHT,6315,True,False,41289,Nicole Thompson,GRN,GRN,,535,0.08471892319873317,False,ALP>LNP>GRN>ON>OTH
QLD,316,Wright,4,40976,Justin Mcguiness,OTH,OTH_GRPF,RIGHT,8263,False,True,40798,Pam Mccreadie,ALP,ALP,,765,0.09258138690548227,False,ALP>LNP>GRN>ON
QLD,316,Wright,4,40976,Justin Mcguiness,OTH,OTH_GRPF,RIGHT,8263,False,True,40962,Natalie Davis,ON,ON,,5790,0.7007140263826698,False,ALP>LNP>GRN>ON
QLD,316,Wright,4,40976,Justin Mcguiness,OTH,OTH_GRPF,RIGHT,8263,False,True,41199,Scott Buchholz,LNP,LNP,,817,0.09887450078663923,False,ALP>LNP>GRN>ON
QLD,316,Wright,4,40976,Justin Mcguiness,OTH,OTH_GRPF,RIGHT,8263,False,True,41289,Nicole Thompson,GRN,GRN,,891,0.10783008592520876,False,ALP>LNP>GRN>ON
QLD,316,Wright,5,41289,Nicole Thompson,GRN,GRN,,13840,False,True,40798,Pam Mccreadie,ALP,ALP,,9322,0.6735549132947977,False,ALP>LNP>ON
QLD,316,Wright,5,41289,Nicole Thompson,GRN,GRN,,13840,False,True,40962,Natalie Davis,ON,ON,,2899,0.20946531791907513,False,ALP>LNP>ON
QLD,316,Wright,5,41289,Nicole Thompson,GRN,GRN,,13840,False,True,41199,Scott Buchholz,LNP,LNP,,1619,0.11697976878612716,False,ALP>LNP>ON
QLD,316,Wright,6,40962,Natalie Davis,ON,ON,,31910,False,True,40798,Pam Mccreadie,ALP,ALP,,8137,0.2549984330930743,False,ALP>LNP
QLD,316,Wright,6,40962,Natalie Davis,ON,ON,,31910,False,True,41199,Scott Buchholz,LNP,LNP,,23773,0.7450015669069258,False,ALP>LNP
SA,179,Adelaide,1,41060,Matthew Mcmillan,OTH,OTH_SOPA,LEFT,1367,True,False,41013,Mat Monti,GRN,GRN,,491,0.35918068763716166,False,ALP>LNP>GRN>ON>OTH
SA,179,Adelaide,1,41060,Matthew Mcmillan,OTH,OTH_SOPA,LEFT,1367,True,False,41014,Amy Grantham,LNP,LIB,,74,0.05413313825896123,False,ALP>LNP>GRN>ON>OTH
SA,179,Adelaide,1,41060,Matthew Mcmillan,OTH,OTH_SOPA,LEFT,1367,True,False,41039,Steve Marks,OTH,OTH_CYA,RIGHT,84,0.061448427212874905,True,ALP>LNP>GRN>ON>OTH
SA,179,Adelaide,1,41060,Matthew Mcmillan,OTH,OTH_SOPA,LEFT,1367,True,False,41210,Steve Georganas,ALP,ALP,,235,0.17190929041697148,False,ALP>LNP>GRN>ON>OTH
SA,179,Adelaide,1,41060,Matthew Mcmillan,OTH,OTH_SOPA,LEFT,1367,True,False,41809,Lionel Pengilley,OTH,OTH_AJP,CENTRE_LEFT,362,0.2648134601316752,True,ALP>LNP>GRN>ON>OTH
SA,179,Adelaide,1,41060,Matthew Mcmillan,OTH,OTH_SOPA,LEFT,1367,True,False,42034,Riley Size,ON,ON,,121,0.08851499634235552,False,ALP>LNP>GRN>ON>OTH
SA,179,Adelaide,2,41809,Lionel Pengilley,OTH,OTH_AJP,CENTRE_LEFT,3107,True,False,41013,Mat Monti,GRN,GRN,,1237,0.39813324750563245,False,ALP>LNP>GRN>ON>OTH
SA,179,Adelaide,2,41809,Lionel Pengilley,OTH,OTH_AJP,CENTRE_LEFT,3107,True,False,41014,Amy Grantham,LNP,LIB,,214,0.06887672996459607,False,ALP>LNP>GRN>ON>OTH
SA,179,Adelaide,2,41809,Lionel Pengilley,OTH,OTH_AJP,CENTRE_LEFT,3107,True,False,41039,Steve Marks,OTH,OTH_CYA,RIGHT,323,0.10395880270357258,True,ALP>LNP>GRN>ON>OTH
SA,179,Adelaide,2,41809,Lionel Pengilley,OTH,OTH_AJP,CENTRE_LEFT,3107,True,False,41210,Steve Georganas,ALP,ALP,,1087,0.34985516575474734,False,ALP>LNP>GRN>ON>OTH
SA,179,Adelaide,2,41809,Lionel Pengilley,OTH,OTH_AJP,CENTRE_LEFT,3107,True,False,42034,Riley Size,ON,ON,,246,0.07917605407145156,False,ALP>LNP>GRN>ON>OTH
SA,179,Adelaide,3,41039,Steve Marks,OTH,OTH_CYA,RIGHT,3551,False,True,41013,Mat Monti,GRN,GRN,,598,0.16840326668544073,False,ALP>LNP>GRN>ON
SA,179,Adelaide,3,41039,Steve Marks,OTH,OTH_CYA,RIGHT,3551,False,True,41014,Amy Grantham,LNP,LIB,,593,0.16699521261616446,False,ALP>LNP>GRN>ON
SA,179,Adelaide,3,41039,Steve Marks,OTH,OTH_CYA,RIGHT,3551,False,True,41210,Steve Georganas,ALP,ALP,,714,0.20107012109264996,False,ALP>LNP>GRN>ON
SA,179,Adelaide,3,41039,Steve Marks,OTH,OTH_CYA,RIGHT,3551,False,True,42034,Riley Size,ON,ON,,1646,0.46353139960574485,False,ALP>LNP>GRN>ON
SA,179,Adelaide,4,42034,Riley Size,ON,ON,,6597,False,True,41013,Mat Monti,GRN,GRN,,1331,0.201758375018948,False,ALP>LNP>GRN
SA,179,Adelaide,4,42034,Riley Size,ON,ON,,6597,False,True,41014,Amy Grantham,LNP,LIB,,4102,0.621797786872821,False,ALP>LNP>GRN
SA,179,Adelaide,4,42034,Riley Size,ON,ON,,6597,False,True,41210,Steve Georganas,ALP,ALP,,1164,0.17644383810823103,False,ALP>LNP>GRN
SA,179,Adelaide,5,41013,Mat Monti,GRN,GRN,,25299,False,True,41014,Amy Grantham,LNP,LIB,,2739,0.10826514882011147,False,ALP>LNP
SA,179,Adelaide,5,41013,Mat Monti,GRN,GRN,,25299,False,True,41210,Steve Georganas,ALP,ALP,,22560,0.8917348511798885,False,ALP>LNP
SA,180,Barker,1,40619,Ian Penno,OTH,IND_MINOR,CENTRE,1516,True,False,36466,Rosa Hillam,OTH,IND_MINOR,CENTRE_LEFT,225,0.14841688654353563,True,ALP>LNP>GRN>ON>OTH
SA,180,Barker,1,40619,Ian Penno,OTH,IND_MINOR,CENTRE,1516,True,False,40657,Jonathan Pietzsch,LNP,NAT,,58,0.03825857519788918,False,ALP>LNP>GRN>ON>OTH
SA,180,Barker,1,40619,Ian Penno,OTH,IND_MINOR,CENTRE,1516,True,False,40674,Cody Scholes,OTH,IND_MINOR,CENTRE_LEFT,377,0.2486807387862797,True,ALP>LNP>GRN>ON>OTH
SA,180,Barker,1,40619,Ian Penno,OTH,IND_MINOR,CENTRE,1516,True,False,41016,Tony Pasin,LNP,LIB,,265,0.17480211081794195,False,ALP>LNP>GRN>ON>OTH
SA,180,Barker,1,40619,Ian Penno,OTH,IND_MINOR,CENTRE,1516,True,False,41017,Major Moogy Sumner,GRN,GRN,,90,0.059366754617414245,False,ALP>LNP>GRN>ON>OTH
SA,180,Barker,1,40619,Ian Penno,OTH,IND_MINOR,CENTRE,1516,True,False,41041,Robert Jameson,OTH,OTH_CYA,RIGHT,143,0.09432717678100264,True,ALP>LNP>GRN>ON>OTH
SA,180,Barker,1,40619,Ian Penno,OTH,IND_MINOR,CENTRE,1516,True,False,41048,Michael Brohier,OTH,OTH_FFPA,RIGHT,79,0.052110817941952506,True,ALP>LNP>GRN>ON>OTH
SA,180,Barker,1,40619,Ian Penno,OTH,IND_MINOR,CENTRE,1516,True,False,41214,James Rothe,ALP,ALP,,163,0.10751978891820581,False,ALP>LNP>GRN>ON>OTH
SA,180,Barker,1,40619,Ian Penno,OTH,IND_MINOR,CENTRE,1516,True,False,42023,Jennifer Troeth,ON,ON,,116,0.07651715039577836,False,ALP>LNP>GRN>ON>OTH
SA,180,Barker,2,40657,Jonathan Pietzsch,LNP,NAT,,1951,True,False,36466,Rosa Hillam,OTH,IND_MINOR,CENTRE_LEFT,153,0.07842132239876987,False,ALP>LNP>GRN>ON>OTH
SA,180,Barker,2,40657,Jonathan Pietzsch,LNP,NAT,,1951,True,False,40674,Cody Scholes,OTH,IND_MINOR,CENTRE_LEFT,96,0.04920553562275756,False,ALP>LNP>GRN>ON>OTH
SA,180,Barker,2,40657,Jonathan Pietzsch,LNP,NAT,,1951,True,False,41016,Tony Pasin,LNP,LIB,,1086,0.5566376217324449,True,ALP>LNP>GRN>ON>OTH
SA,180,Barker,2,40657,Jonathan Pietzsch,LNP,NAT,,1951,True,False,41017,Major Moogy Sumner,GRN,GRN,,59,0.030240902101486417,False,ALP>LNP>GRN>ON>OTH
SA,180,Barker,2,40657,Jonathan Pietzsch,LNP,NAT,,1951,True,False,41041,Robert Jameson,OTH,OTH_CYA,RIGHT,44,0.02255253716043055,False,ALP>LNP>GRN>ON>OTH
SA,180,Barker,2,40657,Jonathan Pietzsch,LNP,NAT,,1951,True,False,41048,Michael Brohier,OTH,OTH_FFPA,RIGHT,138,0.07073295745771399,False,ALP>LNP>GRN>ON>OTH
SA,180,Barker,2,40657,Jonathan Pietzsch,LNP,NAT,,1951,True,False,41214,James Rothe,ALP,ALP,,164,0.0840594566888775,False,ALP>LNP>GRN>ON>OTH
SA,180,Barker,2,40657,Jonathan Pietzsch,LNP,NAT,,1951,True,False,42023,Jennifer Troeth,ON,ON,,211,0.10814966683751923,False,ALP>LNP>GRN>ON>OTH
SA,180,Barker,3,36466,Rosa Hillam,OTH,IND_MINOR,CENTRE_LEFT,2269,True,False,40674,Cody Scholes,OTH,IND_MINOR,CENTRE_LEFT,753,0.3318642573821067,True,ALP>LNP>GRN>ON>OTH
SA,180,Barker,3,36466,Rosa Hillam,OTH,IND_MINOR,CENTRE_LEFT,2269,True,False,41016,Tony Pasin,LNP,LIB,,355,0.15645658880564126,False,ALP>LNP>GRN>ON>OTH
SA,180,Barker,3,36466,Rosa Hillam,OTH,IND_MINOR,CENTRE_LEFT,2269,True,False,41017,Major Moogy Sumner,GRN,GRN,,262,0.11546936976641692,False,ALP>LNP>GRN>ON>OTH
SA,180,Barker,3,36466,Rosa Hillam,OTH,IND_MINOR,CENTRE_LEFT,2269,True,False,41041,Robert Jameson,OTH,OTH_CYA,RIGHT,105,0.04627589246364037,True,ALP>LNP>GRN>ON>OTH
SA,180,Barker,3,36466,Rosa Hillam,OTH,IND_MINOR,CENTRE_LEFT,2269,True,False,41048,Michael Brohier,OTH,OTH_FFPA,RIGHT,174,0.07668576465403261,True,ALP>LNP>GRN>ON>OTH
SA,180,Barker,3,36466,Rosa Hillam,OTH,IND_MINOR,CENTRE_LEFT,2269,True,False,41214,James Rothe,ALP,ALP,,389,0.17144116350815336,False,ALP>LNP>GRN>ON>OTH
SA,180,Barker,3,36466,Rosa Hillam,OTH,IND_MINOR,CENTRE_LEFT,2269,True,False,42023,Jennifer Troeth,ON,ON,,231,0.10180696342000882,False,ALP>LNP>GRN>ON>OTH
SA,180,Barker,4,41048,Michael Brohier,OTH,OTH_FFPA,RIGHT,3172,True,False,40674,Cody Scholes,OTH,IND_MINOR,CENTRE_LEFT,412,0.12988650693568726,True,ALP>LNP>GRN>ON>OTH
SA,180,Barker,4,41048,Michael Brohier,OTH,OTH_FFPA,RIGHT,3172,True,False,41016,Tony Pasin,LNP,LIB,,665,0.2096469104665826,False,ALP>LNP>GRN>ON>OTH
SA,180,Barker,4,41048,Michael Brohier,OTH,OTH_FFPA,RIGHT,3172,True,False,41017,Major Moogy Sumner,GRN,GRN,,413,0.1302017654476671,False,ALP>LNP>GRN>ON>OTH
SA,180,Barker,4,41048,Michael Brohier,OTH,OTH_FFPA,RIGHT,3172,True,False,41041,Robert Jameson,OTH,OTH_CYA,RIGHT,414,0.1305170239596469,True,ALP>LNP>GRN>ON>OTH
SA,180,Barker,4,41048,Michael Brohier,OTH,OTH_FFPA,RIGHT,3172,True,False,41214,James Rothe,ALP,ALP,,321,0.10119798234552332,False,ALP>LNP>GRN>ON>OTH
SA,180,Barker,4,41048,Michael Brohier,OTH,OTH_FFPA,RIGHT,3172,True,False,42023,Jennifer Troeth,ON,ON,,947,0.2985498108448928,False,ALP>LNP>GRN>ON>OTH
SA,180,Barker,5,41041,Robert Jameson,OTH,OTH_CYA,RIGHT,3689,True,False,40674,Cody Scholes,OTH,IND_MINOR,CENTRE_LEFT,790,0.21415017619951207,True,ALP>LNP>GRN>ON>OTH
SA,180,Barker,5,41041,Robert Jameson,OTH,OTH_CYA,RIGHT,3689,True,False,41016,Tony Pasin,LNP,LIB,,637,0.17267552182163187,False,ALP>LNP>GRN>ON>OTH
SA,180,Barker,5,41041,Robert Jameson,OTH,OTH_CYA,RIGHT,3689,True,False,41017,Major Moogy Sumner,GRN,GRN,,483,0.13092979127134724,False,ALP>LNP>GRN>ON>OTH
SA,180,Barker,5,41041,Robert Jameson,OTH,OTH_CYA,RIGHT,3689,True,False,41214,James Rothe,ALP,ALP,,262,0.07102195716996476,False,ALP>LNP>GRN>ON>OTH
SA,180,Barker,5,41041,Robert Jameson,OTH,OTH_CYA,RIGHT,3689,True,False,42023,Jennifer Troeth,ON,ON,,1517,0.41122255353754406,False,ALP>LNP>GRN>ON>OTH
SA,180,Barker,6,40674,Cody Scholes,OTH,IND_MINOR,CENTRE_LEFT,5391,False,True,41016,Tony Pasin,LNP,LIB,,1053,0.19532554257095158,False,ALP>LNP>GRN>ON
SA,180,Barker,6,40674,Cody Scholes,OTH,IND_MINOR,CENTRE_LEFT,5391,False,True,41017,Major Moogy Sumner,GRN,GRN,,1614,0.29938786867000555,False,ALP>LNP>GRN>ON
SA,180,Barker,6,40674,Cody Scholes,OTH,IND_MINOR,CENTRE_LEFT,5391,False,True,41214,James Rothe,ALP,ALP,,872,0.16175106659246893,False,ALP>LNP>GRN>ON
SA,180,Barker,6,40674,Cody Scholes,OTH,IND_MINOR,CENTRE_LEFT,5391,False,True,42023,Jennifer Troeth,ON,ON,,1852,0.3435355221665739,False,ALP>LNP>GRN>ON
SA,180,Barker,7,41017,Major Moogy Sumner,GRN,GRN,,11787,False,True,41016,Tony Pasin,LNP,LIB,,1750,0.1484686519046407,False,ALP>LNP>ON
SA,180,Barker,7,41017,Major Moogy Sumner,GRN,GRN,,11787,False,True,41214,James Rothe,ALP,ALP,,7337,0.6224654280139136,False,ALP>LNP>ON
SA,180,Barker,7,41017,Major Moogy Sumner,GRN,GRN,,11787,False,True,42023,Jennifer Troeth,ON,ON,,2700,0.22906592008144566,False,ALP>LNP>ON
SA,180,Barker,8,42023,Jennifer Troeth,ON,ON,,16482,False,True,41016,Tony Pasin,LNP,LIB,,10194,0.6184929013469239,False,ALP>LNP
SA,180,Barker,8,42023,Jennifer Troeth,ON,ON,,16482,False,True,41214,James Rothe,ALP,ALP,,6288,0.3815070986530761,False,ALP>LNP
SA,182,Boothby,1,41062,Samuel Prior,OTH,OTH_FFPA,RIGHT,2351,True,False,41019,Joanna Wells,GRN,GRN,,289,0.12292641429179073,False,ALP>LNP>GRN>ON>OTH
SA,182,Boothby,1,41062,Samuel Prior,OTH,OTH_FFPA,RIGHT,2351,True,False,41021,Nicolle Flint,LNP,LIB,,605,0.25733730327520205,False,ALP>LNP>GRN>ON>OTH
SA,182,Boothby,1,41062,Samuel Prior,OTH,OTH_FFPA,RIGHT,2351,True,False,41043,Nicole Hussey,OTH,OTH_CYA,RIGHT,450,0.19140791152700978,True,ALP>LNP>GRN>ON>OTH
SA,182,Boothby,1,41062,Samuel Prior,OTH,OTH_FFPA,RIGHT,2351,True,False,41197,Louise Miller-Frost,ALP,ALP,,292,0.12420246703530413,False,ALP>LNP>GRN>ON>OTH
SA,182,Boothby,1,41062,Samuel Prior,OTH,OTH_FFPA,RIGHT,2351,True,False,42028,Tonya Scott,ON,ON,,715,0.3041259038706933,False,ALP>LNP>GRN>ON>OTH
SA,182,Boothby,2,41043,Nicole Hussey,OTH,OTH_CYA,RIGHT,3700,False,True,41019,Joanna Wells,GRN,GRN,,347,0.09378378378378378,False,ALP>LNP>GRN>ON
SA,182,Boothby,2,41043,Nicole Hussey,OTH,OTH_CYA,RIGHT,3700,False,True,41021,Nicolle Flint,LNP,LIB,,662,0.17891891891891892,False,ALP>LNP>GRN>ON
SA,182,Boothby,2,41043,Nicole Hussey,OTH,OTH_CYA,RIGHT,3700,False,True,41197,Louise Miller-Frost,ALP,ALP,,382,0.10324324324324324,False,ALP>LNP>GRN>ON
SA,182,Boothby,2,41043,Nicole Hussey,OTH,OTH_CYA,RIGHT,3700,False,True,42028,Tonya Scott,ON,ON,,2309,0.624054054054054,False,ALP>LNP>GRN>ON
SA,182,Boothby,3,42028,Tonya Scott,ON,ON,,6584,False,True,41019,Joanna Wells,GRN,GRN,,1391,0.21126974483596597,False,ALP>LNP>GRN
SA,182,Boothby,3,42028,Tonya Scott,ON,ON,,6584,False,True,41021,Nicolle Flint,LNP,LIB,,3628,0.5510328068043743,False,ALP>LNP>GRN
SA,182,Boothby,3,42028,Tonya Scott,ON,ON,,6584,False,True,41197,Louise Miller-Frost,ALP,ALP,,1565,0.23769744835965978,False,ALP>LNP>GRN
SA,182,Boothby,4,41019,Joanna Wells,GRN,GRN,,22073,False,True,41021,Nicolle Flint,LNP,LIB,,2629,0.11910478865582386,False,ALP>LNP
SA,182,Boothby,4,41019,Joanna Wells,GRN,GRN,,22073,False,True,41197,Louise Miller-Frost,ALP,ALP,,19444,0.8808952113441761,False,ALP>LNP
SA,183,Grey,1,41044,Laury Hendrik Bais,OTH,OTH_CYA,RIGHT,2677,True,False,40658,Peter Borda,LNP,NAT,,128,0.04781471796787449,False,ALP>LNP>GRN>ON>IND>OTH
SA,183,Grey,1,41044,Laury Hendrik Bais,OTH,OTH_CYA,RIGHT,2677,True,False,41022,Kathryn Hardwick-Franco,GRN,GRN,,182,0.06798655211057153,False,ALP>LNP>GRN>ON>IND>OTH
SA,183,Grey,1,41044,Laury Hendrik Bais,OTH,OTH_CYA,RIGHT,2677,True,False,41024,Tom Venning,LNP,LIB,,432,0.16137467314157639,False,ALP>LNP>GRN>ON>IND>OTH
SA,183,Grey,1,41044,Laury Hendrik Bais,OTH,OTH_CYA,RIGHT,2677,True,False,41051,Kylie Evans,OTH,OTH_FFPA,RIGHT,295,0.11019798281658573,True,ALP>LNP>GRN>ON>IND>OTH
SA,183,Grey,1,41044,Laury Hendrik Bais,OTH,OTH_CYA,RIGHT,2677,True,False,41124,Anita Kuss,IND,IND_PROMINENT,CENTRE_LEFT,435,0.16249533059394844,False,ALP>LNP>GRN>ON>IND>OTH
SA,183,Grey,1,41044,Laury Hendrik Bais,OTH,OTH_CYA,RIGHT,2677,True,False,41204,Karin Bolton,ALP,ALP,,148,0.055285767650354874,False,ALP>LNP>GRN>ON>IND>OTH
SA,183,Grey,1,41044,Laury Hendrik Bais,OTH,OTH_CYA,RIGHT,2677,True,False,42024,Brandon Turton,ON,ON,,1057,0.39484497571908855,False,ALP>LNP>GRN>ON>IND>OTH
SA,183,Grey,2,40658,Peter Borda,LNP,NAT,,3416,True,False,41022,Kathryn Hardwick-Franco,GRN,GRN,,140,0.040983606557377046,False,ALP>LNP>GRN>ON>IND>OTH
SA,183,Grey,2,40658,Peter Borda,LNP,NAT,,3416,True,False,41024,Tom Venning,LNP,LIB,,655,0.1917447306791569,True,ALP>LNP>GRN>ON>IND>OTH
SA,183,Grey,2,40658,Peter Borda,LNP,NAT,,3416,True,False,41051,Kylie Evans,OTH,OTH_FFPA,RIGHT,338,0.09894613583138173,False,ALP>LNP>GRN>ON>IND>OTH
SA,183,Grey,2,40658,Peter Borda,LNP,NAT,,3416,True,False,41124,Anita Kuss,IND,IND_PROMINENT,CENTRE_LEFT,485,0.14197892271662763,False,ALP>LNP>GRN>ON>IND>OTH
SA,183,Grey,2,40658,Peter Borda,LNP,NAT,,3416,True,False,41204,Karin Bolton,ALP,ALP,,629,0.18413348946135832,False,ALP>LNP>GRN>ON>IND>OTH
SA,183,Grey,2,40658,Peter Borda,LNP,NAT,,3416,True,False,42024,Brandon Turton,ON,ON,,1169,0.3422131147540984,False,ALP>LNP>GRN>ON>IND>OTH
SA,183,Grey,3,41051,Kylie Evans,OTH,OTH_FFPA,RIGHT,4489,False,True,41022,Kathryn Hardwick-Franco,GRN,GRN,,534,0.11895745154822901,False,ALP>LNP>GRN>ON>IND
SA,183,Grey,3,41051,Kylie Evans,OTH,OTH_FFPA,RIGHT,4489,False,True,41024,Tom Venning,LNP,LIB,,677,0.1508130986856761,False,ALP>LNP>GRN>ON>IND
SA,183,Grey,3,41051,Kylie Evans,OTH,OTH_FFPA,RIGHT,4489,False,True,41124,Anita Kuss,IND,IND_PROMINENT,CENTRE_LEFT,961,0.21407885943417243,False,ALP>LNP>GRN>ON>IND
SA,183,Grey,3,41051,Kylie Evans,OTH,OTH_FFPA,RIGHT,4489,False,True,41204,Karin Bolton,ALP,ALP,,562,0.12519492091779907,False,ALP>LNP>GRN>ON>IND
SA,183,Grey,3,41051,Kylie Evans,OTH,OTH_FFPA,RIGHT,4489,False,True,42024,Brandon Turton,ON,ON,,1755,0.3909556694141234,False,ALP>LNP>GRN>ON>IND
SA,183,Grey,4,41022,Kathryn Hardwick-Franco,GRN,GRN,,7179,False,True,41024,Tom Venning,LNP,LIB,,740,0.1030784231787157,False,ALP>LNP>ON>IND
SA,183,Grey,4,41022,Kathryn Hardwick-Franco,GRN,GRN,,7179,False,True,41124,Anita Kuss,IND,IND_PROMINENT,CENTRE_LEFT,2535,0.35311324697033014,False,ALP>LNP>ON>IND
SA,183,Grey,4,41022,Kathryn Hardwick-Franco,GRN,GRN,,7179,False,True,41204,Karin Bolton,ALP,ALP,,3086,0.429864883688536,False,ALP>LNP>ON>IND
SA,183,Grey,4,41022,Kathryn Hardwick-Franco,GRN,GRN,,7179,False,True,42024,Brandon Turton,ON,ON,,818,0.11394344616241817,False,ALP>LNP>ON>IND
SA,183,Grey,5,42024,Brandon Turton,ON,ON,,15451,False,True,41024,Tom Venning,LNP,LIB,,5898,0.3817228658339266,False,ALP>LNP>IND
SA,183,Grey,5,42024,Brandon Turton,ON,ON,,15451,False,True,41124,Anita Kuss,IND,IND_PROMINENT,CENTRE_LEFT,6300,0.4077405993139603,False,ALP>LNP>IND
SA,183,Grey,5,42024,Brandon Turton,ON,ON,,15451,False,True,41204,Karin Bolton,ALP,ALP,,3253,0.21053653485211313,False,ALP>LNP>IND
SA,183,Grey,6,41124,Anita Kuss,IND,IND_PROMINENT,CENTRE_LEFT,29461,False,True,41024,Tom Venning,LNP,LIB,,12713,0.43151963612911987,False,ALP>LNP
SA,183,Grey,6,41124,Anita Kuss,IND,IND_PROMINENT,CENTRE_LEFT,29461,False,True,41204,Karin Bolton,ALP,ALP,,16748,0.5684803638708802,False,ALP>LNP
SA,185,Hindmarsh,1,41063,Adrien Aloe,OTH,OTH_SOPA,LEFT,723,True,False,41025,Matthew Wright,GRN,GRN,,120,0.16597510373443983,False,ALP>LNP>GRN>ON>OTH
SA,185,Hindmarsh,1,41063,Adrien Aloe,OTH,OTH_SOPA,LEFT,723,True,False,41027,Chris Lehmann,LNP,LIB,,38,0.05255878284923928,False,ALP>LNP>GRN>ON>OTH
SA,185,Hindmarsh,1,41063,Adrien Aloe,OTH,OTH_SOPA,LEFT,723,True,False,41045,Andrew Townsend,OTH,OTH_CYA,RIGHT,94,0.13001383125864455,True,ALP>LNP>GRN>ON>OTH
SA,185,Hindmarsh,1,41063,Adrien Aloe,OTH,OTH_SOPA,LEFT,723,True,False,41053,Alex Tennikoff,OTH,OTH_FFPA,RIGHT,119,0.16459197786998617,True,ALP>LNP>GRN>ON>OTH
SA,185,Hindmarsh,1,41063,Adrien Aloe,OTH,OTH_SOPA,LEFT,723,True,False,41207,Mark Butler,ALP,ALP,,83,0.11479944674965421,False,ALP>LNP>GRN>ON>OTH
SA,185,Hindmarsh,1,41063,Adrien Aloe,OTH,OTH_SOPA,LEFT,723,True,False,41458,Jake Hall-Evans,OTH,IND_MINOR,CENTRE,95,0.1313969571230982,True,ALP>LNP>GRN>ON>OTH
SA,185,Hindmarsh,1,41063,Adrien Aloe,OTH,OTH_SOPA,LEFT,723,True,False,41813,Matt Pastro,OTH,OTH_AJP,CENTRE_LEFT,106,0.14661134163208853,True,ALP>LNP>GRN>ON>OTH
SA,185,Hindmarsh,1,41063,Adrien Aloe,OTH,OTH_SOPA,LEFT,723,True,False,42033,Rocco Deangelis,ON,ON,,68,0.09405255878284924,False,ALP>LNP>GRN>ON>OTH
SA,185,Hindmarsh,2,41813,Matt Pastro,OTH,OTH_AJP,CENTRE_LEFT,1671,True,False,41025,Matthew Wright,GRN,GRN,,667,0.39916217833632556,False,ALP>LNP>GRN>ON>OTH
SA,185,Hindmarsh,2,41813,Matt Pastro,OTH,OTH_AJP,CENTRE_LEFT,1671,True,False,41027,Chris Lehmann,LNP,LIB,,105,0.06283662477558348,False,ALP>LNP>GRN>ON>OTH
SA,185,Hindmarsh,2,41813,Matt Pastro,OTH,OTH_AJP,CENTRE_LEFT,1671,True,False,41045,Andrew Townsend,OTH,OTH_CYA,RIGHT,76,0.045481747456612806,True,ALP>LNP>GRN>ON>OTH
SA,185,Hindmarsh,2,41813,Matt Pastro,OTH,OTH_AJP,CENTRE_LEFT,1671,True,False,41053,Alex Tennikoff,OTH,OTH_FFPA,RIGHT,178,0.10652304009575105,True,ALP>LNP>GRN>ON>OTH
SA,185,Hindmarsh,2,41813,Matt Pastro,OTH,OTH_AJP,CENTRE_LEFT,1671,True,False,41207,Mark Butler,ALP,ALP,,281,0.16816277678037103,False,ALP>LNP>GRN>ON>OTH
SA,185,Hindmarsh,2,41813,Matt Pastro,OTH,OTH_AJP,CENTRE_LEFT,1671,True,False,41458,Jake Hall-Evans,OTH,IND_MINOR,CENTRE,249,0.1490125673249551,True,ALP>LNP>GRN>ON>OTH
SA,185,Hindmarsh,2,41813,Matt Pastro,OTH,OTH_AJP,CENTRE_LEFT,1671,True,False,42033,Rocco Deangelis,ON,ON,,115,0.06882106523040096,False,ALP>LNP>GRN>ON>OTH
SA,185,Hindmarsh,3,41458,Jake Hall-Evans,OTH,IND_MINOR,CENTRE,2130,True,False,41025,Matthew Wright,GRN,GRN,,608,0.28544600938967135,False,ALP>LNP>GRN>ON>OTH
SA,185,Hindmarsh,3,41458,Jake Hall-Evans,OTH,IND_MINOR,CENTRE,2130,True,False,41027,Chris Lehmann,LNP,LIB,,287,0.13474178403755868,False,ALP>LNP>GRN>ON>OTH
SA,185,Hindmarsh,3,41458,Jake Hall-Evans,OTH,IND_MINOR,CENTRE,2130,True,False,41045,Andrew Townsend,OTH,OTH_CYA,RIGHT,191,0.08967136150234742,True,ALP>LNP>GRN>ON>OTH
SA,185,Hindmarsh,3,41458,Jake Hall-Evans,OTH,IND_MINOR,CENTRE,2130,True,False,41053,Alex Tennikoff,OTH,OTH_FFPA,RIGHT,304,0.14272300469483568,True,ALP>LNP>GRN>ON>OTH
SA,185,Hindmarsh,3,41458,Jake Hall-Evans,OTH,IND_MINOR,CENTRE,2130,True,False,41207,Mark Butler,ALP,ALP,,500,0.2347417840375587,False,ALP>LNP>GRN>ON>OTH
SA,185,Hindmarsh,3,41458,Jake Hall-Evans,OTH,IND_MINOR,CENTRE,2130,True,False,42033,Rocco Deangelis,ON,ON,,240,0.11267605633802817,False,ALP>LNP>GRN>ON>OTH
SA,185,Hindmarsh,4,41053,Alex Tennikoff,OTH,OTH_FFPA,RIGHT,3247,True,False,41025,Matthew Wright,GRN,GRN,,439,0.13520172466892516,False,ALP>LNP>GRN>ON>OTH
SA,185,Hindmarsh,4,41053,Alex Tennikoff,OTH,OTH_FFPA,RIGHT,3247,True,False,41027,Chris Lehmann,LNP,LIB,,530,0.1632275947028026,False,ALP>LNP>GRN>ON>OTH
SA,185,Hindmarsh,4,41053,Alex Tennikoff,OTH,OTH_FFPA,RIGHT,3247,True,False,41045,Andrew Townsend,OTH,OTH_CYA,RIGHT,629,0.193717277486911,True,ALP>LNP>GRN>ON>OTH
SA,185,Hindmarsh,4,41053,Alex Tennikoff,OTH,OTH_FFPA,RIGHT,3247,True,False,41207,Mark Butler,ALP,ALP,,432,0.13304588851247307,False,ALP>LNP>GRN>ON>OTH
SA,185,Hindmarsh,4,41053,Alex Tennikoff,OTH,OTH_FFPA,RIGHT,3247,True,False,42033,Rocco Deangelis,ON,ON,,1217,0.3748075146288882,False,ALP>LNP>GRN>ON>OTH
SA,185,Hindmarsh,5,41045,Andrew Townsend,OTH,OTH_CYA,RIGHT,5772,False,True,41025,Matthew Wright,GRN,GRN,,537,0.09303534303534304,False,ALP>LNP>GRN>ON
SA,185,Hindmarsh,5,41045,Andrew Townsend,OTH,OTH_CYA,RIGHT,5772,False,True,41027,Chris Lehmann,LNP,LIB,,961,0.1664934164934165,False,ALP>LNP>GRN>ON
SA,185,Hindmarsh,5,41045,Andrew Townsend,OTH,OTH_CYA,RIGHT,5772,False,True,41207,Mark Butler,ALP,ALP,,694,0.12023562023562023,False,ALP>LNP>GRN>ON
SA,185,Hindmarsh,5,41045,Andrew Townsend,OTH,OTH_CYA,RIGHT,5772,False,True,42033,Rocco Deangelis,ON,ON,,3580,0.6202356202356203,False,ALP>LNP>GRN>ON
SA,185,Hindmarsh,6,42033,Rocco Deangelis,ON,ON,,10814,False,True,41025,Matthew Wright,GRN,GRN,,2096,0.1938228222674311,False,ALP>LNP>GRN
SA,185,Hindmarsh,6,42033,Rocco Deangelis,ON,ON,,10814,False,True,41027,Chris Lehmann,LNP,LIB,,6818,0.6304790086924358,False,ALP>LNP>GRN
SA,185,Hindmarsh,6,42033,Rocco Deangelis,ON,ON,,10814,False,True,41207,Mark Butler,ALP,ALP,,1900,0.17569816904013316,False,ALP>LNP>GRN
SA,185,Hindmarsh,7,41025,Matthew Wright,GRN,GRN,,19713,False,True,41027,Chris Lehmann,LNP,LIB,,3125,0.15852483132957945,False,ALP>LNP
SA,185,Hindmarsh,7,41025,Matthew Wright,GRN,GRN,,19713,False,True,41207,Mark Butler,ALP,ALP,,16588,0.8414751686704205,False,ALP>LNP
SA,186,Kingston,1,41797,Bin Liu,OTH,OTH_AJP,CENTRE_LEFT,2051,True,False,41026,John Photakis,GRN,GRN,,742,0.36177474402730375,False,ALP>LNP>GRN>ON>OTH
SA,186,Kingston,1,41797,Bin Liu,OTH,OTH_AJP,CENTRE_LEFT,2051,True,False,41030,Jim Rishworth,LNP,LIB,,90,0.04388103364212579,False,ALP>LNP>GRN>ON>OTH
SA,186,Kingston,1,41797,Bin Liu,OTH,OTH_AJP,CENTRE_LEFT,2051,True,False,41046,Russell Patrick Jackson,OTH,OTH_CYA,RIGHT,279,0.13603120429058996,True,ALP>LNP>GRN>ON>OTH
SA,186,Kingston,1,41797,Bin Liu,OTH,OTH_AJP,CENTRE_LEFT,2051,True,False,41054,Steven Price,OTH,OTH_FFPA,RIGHT,377,0.18381277425646025,True,ALP>LNP>GRN>ON>OTH
SA,186,Kingston,1,41797,Bin Liu,OTH,OTH_AJP,CENTRE_LEFT,2051,True,False,41201,Amanda Rishworth,ALP,ALP,,397,0.19356411506582155,False,ALP>LNP>GRN>ON>OTH
SA,186,Kingston,1,41797,Bin Liu,OTH,OTH_AJP,CENTRE_LEFT,2051,True,False,42042,Nathan Skrlj,ON,ON,,166,0.08093612871769869,False,ALP>LNP>GRN>ON>OTH
SA,186,Kingston,2,41054,Steven Price,OTH,OTH_FFPA,RIGHT,3937,True,False,41026,John Photakis,GRN,GRN,,580,0.1473202946405893,False,ALP>LNP>GRN>ON>OTH
SA,186,Kingston,2,41054,Steven Price,OTH,OTH_FFPA,RIGHT,3937,True,False,41030,Jim Rishworth,LNP,LIB,,688,0.174752349504699,False,ALP>LNP>GRN>ON>OTH
SA,186,Kingston,2,41054,Steven Price,OTH,OTH_FFPA,RIGHT,3937,True,False,41046,Russell Patrick Jackson,OTH,OTH_CYA,RIGHT,700,0.1778003556007112,True,ALP>LNP>GRN>ON>OTH
SA,186,Kingston,2,41054,Steven Price,OTH,OTH_FFPA,RIGHT,3937,True,False,41201,Amanda Rishworth,ALP,ALP,,534,0.13563627127254255,False,ALP>LNP>GRN>ON>OTH
SA,186,Kingston,2,41054,Steven Price,OTH,OTH_FFPA,RIGHT,3937,True,False,42042,Nathan Skrlj,ON,ON,,1435,0.36449072898145796,False,ALP>LNP>GRN>ON>OTH
SA,186,Kingston,3,41046,Russell Patrick Jackson,OTH,OTH_CYA,RIGHT,5144,False,True,41026,John Photakis,GRN,GRN,,679,0.13199844479004666,False,ALP>LNP>GRN>ON
SA,186,Kingston,3,41046,Russell Patrick Jackson,OTH,OTH_CYA,RIGHT,5144,False,True,41030,Jim Rishworth,LNP,LIB,,956,0.18584758942457233,False,ALP>LNP>GRN>ON
SA,186,Kingston,3,41046,Russell Patrick Jackson,OTH,OTH_CYA,RIGHT,5144,False,True,41201,Amanda Rishworth,ALP,ALP,,718,0.13958009331259721,False,ALP>LNP>GRN>ON
SA,186,Kingston,3,41046,Russell Patrick Jackson,OTH,OTH_CYA,RIGHT,5144,False,True,42042,Nathan Skrlj,ON,ON,,2791,0.5425738724727839,False,ALP>LNP>GRN>ON
SA,186,Kingston,4,42042,Nathan Skrlj,ON,ON,,11410,False,True,41026,John Photakis,GRN,GRN,,2406,0.21086765994741455,False,ALP>LNP>GRN
SA,186,Kingston,4,42042,Nathan Skrlj,ON,ON,,11410,False,True,41030,Jim Rishworth,LNP,LIB,,6759,0.5923751095530236,False,ALP>LNP>GRN
SA,186,Kingston,4,42042,Nathan Skrlj,ON,ON,,11410,False,True,41201,Amanda Rishworth,ALP,ALP,,2245,0.19675723049956179,False,ALP>LNP>GRN
SA,186,Kingston,5,41026,John Photakis,GRN,GRN,,19556,False,True,41030,Jim Rishworth,LNP,LIB,,3487,0.1783084475352833,False,ALP>LNP
SA,186,Kingston,5,41026,John Photakis,GRN,GRN,,19556,False,True,41201,Amanda Rishworth,ALP,ALP,,16069,0.8216915524647167,False,ALP>LNP
SA,187,Makin,1,41071,Amelie Hanna,OTH,OTH_SOPA,LEFT,919,True,False,41028,Samuel Moore,GRN,GRN,,238,0.2589771490750816,False,ALP>LNP>GRN>ON>OTH
SA,187,Makin,1,41071,Amelie Hanna,OTH,OTH_SOPA,LEFT,919,True,False,41033,Irena Zagladov,LNP,LIB,,57,0.062023939064200215,False,ALP>LNP>GRN>ON>OTH
SA,187,Makin,1,41071,Amelie Hanna,OTH,OTH_SOPA,LEFT,919,True,False,41047,Mark Aldridge,OTH,OTH_CYA,RIGHT,36,0.03917301414581066,True,ALP>LNP>GRN>ON>OTH
SA,187,Makin,1,41071,Amelie Hanna,OTH,OTH_SOPA,LEFT,919,True,False,41057,Sue Nancarrow,OTH,OTH_FFPA,RIGHT,85,0.09249183895538629,True,ALP>LNP>GRN>ON>OTH
SA,187,Makin,1,41071,Amelie Hanna,OTH,OTH_SOPA,LEFT,919,True,False,41172,Tony Zappia,ALP,ALP,,183,0.19912948857453755,False,ALP>LNP>GRN>ON>OTH
SA,187,Makin,1,41071,Amelie Hanna,OTH,OTH_SOPA,LEFT,919,True,False,41802,Geoff Russell,OTH,OTH_AJP,CENTRE_LEFT,239,0.2600652883569097,True,ALP>LNP>GRN>ON>OTH
SA,187,Makin,1,41071,Amelie Hanna,OTH,OTH_SOPA,LEFT,919,True,False,42036,Alison Dew-Fennell,ON,ON,,81,0.088139281828074,False,ALP>LNP>GRN>ON>OTH
SA,187,Makin,2,41802,Geoff Russell,OTH,OTH_AJP,CENTRE_LEFT,2763,True,False,41028,Samuel Moore,GRN,GRN,,1434,0.5190010857763301,False,ALP>LNP>GRN>ON>OTH
SA,187,Makin,2,41802,Geoff Russell,OTH,OTH_AJP,CENTRE_LEFT,2763,True,False,41033,Irena Zagladov,LNP,LIB,,113,0.040897575099529494,False,ALP>LNP>GRN>ON>OTH
SA,187,Makin,2,41802,Geoff Russell,OTH,OTH_AJP,CENTRE_LEFT,2763,True,False,41047,Mark Aldridge,OTH,OTH_CYA,RIGHT,143,0.05175533840028954,True,ALP>LNP>GRN>ON>OTH
SA,187,Makin,2,41802,Geoff Russell,OTH,OTH_AJP,CENTRE_LEFT,2763,True,False,41057,Sue Nancarrow,OTH,OTH_FFPA,RIGHT,508,0.1838581252262034,True,ALP>LNP>GRN>ON>OTH
SA,187,Makin,2,41802,Geoff Russell,OTH,OTH_AJP,CENTRE_LEFT,2763,True,False,41172,Tony Zappia,ALP,ALP,,378,0.13680781758957655,False,ALP>LNP>GRN>ON>OTH
SA,187,Makin,2,41802,Geoff Russell,OTH,OTH_AJP,CENTRE_LEFT,2763,True,False,42036,Alison Dew-Fennell,ON,ON,,187,0.06768005790807094,False,ALP>LNP>GRN>ON>OTH
SA,187,Makin,3,41057,Sue Nancarrow,OTH,OTH_FFPA,RIGHT,4114,True,False,41028,Samuel Moore,GRN,GRN,,874,0.21244530870199319,False,ALP>LNP>GRN>ON>OTH
SA,187,Makin,3,41057,Sue Nancarrow,OTH,OTH_FFPA,RIGHT,4114,True,False,41033,Irena Zagladov,LNP,LIB,,693,0.16844919786096257,False,ALP>LNP>GRN>ON>OTH
SA,187,Makin,3,41057,Sue Nancarrow,OTH,OTH_FFPA,RIGHT,4114,True,False,41047,Mark Aldridge,OTH,OTH_CYA,RIGHT,690,0.16771998055420514,True,ALP>LNP>GRN>ON>OTH
SA,187,Makin,3,41057,Sue Nancarrow,OTH,OTH_FFPA,RIGHT,4114,True,False,41172,Tony Zappia,ALP,ALP,,547,0.1329606222654351,False,ALP>LNP>GRN>ON>OTH
SA,187,Makin,3,41057,Sue Nancarrow,OTH,OTH_FFPA,RIGHT,4114,True,False,42036,Alison Dew-Fennell,ON,ON,,1310,0.318424890617404,False,ALP>LNP>GRN>ON>OTH
SA,187,Makin,4,41047,Mark Aldridge,OTH,OTH_CYA,RIGHT,5132,False,True,41028,Samuel Moore,GRN,GRN,,768,0.14964925954793454,False,ALP>LNP>GRN>ON
SA,187,Makin,4,41047,Mark Aldridge,OTH,OTH_CYA,RIGHT,5132,False,True,41033,Irena Zagladov,LNP,LIB,,651,0.12685113016367888,False,ALP>LNP>GRN>ON
SA,187,Makin,4,41047,Mark Aldridge,OTH,OTH_CYA,RIGHT,5132,False,True,41172,Tony Zappia,ALP,ALP,,665,0.12957911145752143,False,ALP>LNP>GRN>ON
SA,187,Makin,4,41047,Mark Aldridge,OTH,OTH_CYA,RIGHT,5132,False,True,42036,Alison Dew-Fennell,ON,ON,,3048,0.5939204988308652,False,ALP>LNP>GRN>ON
SA,187,Makin,5,42036,Alison Dew-Fennell,ON,ON,,11778,False,True,41028,Samuel Moore,GRN,GRN,,3197,0.271438274749533,False,ALP>LNP>GRN
SA,187,Makin,5,42036,Alison Dew-Fennell,ON,ON,,11778,False,True,41033,Irena Zagladov,LNP,LIB,,6477,0.5499235863474274,False,ALP>LNP>GRN
SA,187,Makin,5,42036,Alison Dew-Fennell,ON,ON,,11778,False,True,41172,Tony Zappia,ALP,ALP,,2104,0.17863813890303956,False,ALP>LNP>GRN
SA,187,Makin,6,41028,Samuel Moore,GRN,GRN,,19645,False,True,41033,Irena Zagladov,LNP,LIB,,5653,0.28775769916009164,False,ALP>LNP
SA,187,Makin,6,41028,Samuel Moore,GRN,GRN,,19645,False,True,41172,Tony Zappia,ALP,ALP,,13992,0.7122423008399084,False,ALP>LNP
SA,188,Mayo,1,41058,Ben Hackett,OTH,OTH_FFPA,RIGHT,3397,True,False,40653,Rebekha Sharkie,OTH,OTH_XEN,CENTRE,449,0.13217544892552252,True,ALP>LNP>GRN>ON>OTH
SA,188,Mayo,1,41058,Ben Hackett,OTH,OTH_FFPA,RIGHT,3397,True,False,41029,Genevieve Dawson-Scott,GRN,GRN,,395,0.11627906976744186,False,ALP>LNP>GRN>ON>OTH
SA,188,Mayo,1,41058,Ben Hackett,OTH,OTH_FFPA,RIGHT,3397,True,False,41035,Zane Basic,LNP,LIB,,523,0.15395937591992934,False,ALP>LNP>GRN>ON>OTH
SA,188,Mayo,1,41058,Ben Hackett,OTH,OTH_FFPA,RIGHT,3397,True,False,41049,Simeon Trump Bidwell,OTH,OTH_CYA,RIGHT,530,0.1560200176626435,True,ALP>LNP>GRN>ON>OTH
SA,188,Mayo,1,41058,Ben Hackett,OTH,OTH_FFPA,RIGHT,3397,True,False,41186,Marisa Bell,ALP,ALP,,269,0.079187518398587,False,ALP>LNP>GRN>ON>OTH
SA,188,Mayo,1,41058,Ben Hackett,OTH,OTH_FFPA,RIGHT,3397,True,False,42045,Rebecca Hewett,ON,ON,,1231,0.36237856932587575,False,ALP>LNP>GRN>ON>OTH
SA,188,Mayo,2,41049,Simeon Trump Bidwell,OTH,OTH_CYA,RIGHT,4052,True,False,40653,Rebekha Sharkie,OTH,OTH_XEN,CENTRE,519,0.1280848963474827,True,ALP>LNP>GRN>ON>OTH
SA,188,Mayo,2,41049,Simeon Trump Bidwell,OTH,OTH_CYA,RIGHT,4052,True,False,41029,Genevieve Dawson-Scott,GRN,GRN,,243,0.059970384995064165,False,ALP>LNP>GRN>ON>OTH
SA,188,Mayo,2,41049,Simeon Trump Bidwell,OTH,OTH_CYA,RIGHT,4052,True,False,41035,Zane Basic,LNP,LIB,,656,0.16189536031589338,False,ALP>LNP>GRN>ON>OTH
SA,188,Mayo,2,41049,Simeon Trump Bidwell,OTH,OTH_CYA,RIGHT,4052,True,False,41186,Marisa Bell,ALP,ALP,,235,0.05799605133267522,False,ALP>LNP>GRN>ON>OTH
SA,188,Mayo,2,41049,Simeon Trump Bidwell,OTH,OTH_CYA,RIGHT,4052,True,False,42045,Rebecca Hewett,ON,ON,,2399,0.5920533070088845,False,ALP>LNP>GRN>ON>OTH
SA,188,Mayo,3,42045,Rebecca Hewett,ON,ON,,11123,False,True,40653,Rebekha Sharkie,OTH,OTH_XEN,CENTRE,3931,0.35341184932122627,False,ALP>LNP>GRN>OTH
SA,188,Mayo,3,42045,Rebecca Hewett,ON,ON,,11123,False,True,41029,Genevieve Dawson-Scott,GRN,GRN,,1108,0.09961341364739729,False,ALP>LNP>GRN>OTH
SA,188,Mayo,3,42045,Rebecca Hewett,ON,ON,,11123,False,True,41035,Zane Basic,LNP,LIB,,4881,0.43882046210554704,False,ALP>LNP>GRN>OTH
SA,188,Mayo,3,42045,Rebecca Hewett,ON,ON,,11123,False,True,41186,Marisa Bell,ALP,ALP,,1203,0.10815427492582937,False,ALP>LNP>GRN>OTH
SA,188,Mayo,4,41029,Genevieve Dawson-Scott,GRN,GRN,,18794,False,True,40653,Rebekha Sharkie,OTH,OTH_XEN,CENTRE,8419,0.44796211556879856,False,ALP>LNP>OTH
SA,188,Mayo,4,41029,Genevieve Dawson-Scott,GRN,GRN,,18794,False,True,41035,Zane Basic,LNP,LIB,,1140,0.060657656698946474,False,ALP>LNP>OTH
SA,188,Mayo,4,41029,Genevieve Dawson-Scott,GRN,GRN,,18794,False,True,41186,Marisa Bell,ALP,ALP,,9235,0.491380227732255,False,ALP>LNP>OTH
SA,188,Mayo,5,41035,Zane Basic,LNP,LIB,,36751,False,True,40653,Rebekha Sharkie,OTH,OTH_XEN,CENTRE,30460,0.8288209844630078,False,ALP>OTH
SA,188,Mayo,5,41035,Zane Basic,LNP,LIB,,36751,False,True,41186,Marisa Bell,ALP,ALP,,6291,0.1711790155369922,False,ALP>OTH
SA,325,Spence,1,41817,Miranda Joyce Smith,OTH,OTH_AJP,CENTRE_LEFT,2343,True,False,40652,Kym Hanton,OTH,IND_MINOR,CENTRE,327,0.13956466069142126,True,ALP>LNP>GRN>ON>OTH
SA,325,Spence,1,41817,Miranda Joyce Smith,OTH,OTH_AJP,CENTRE_LEFT,2343,True,False,41031,Luke Skinner,GRN,GRN,,760,0.32437046521553564,False,ALP>LNP>GRN>ON>OTH
SA,325,Spence,1,41817,Miranda Joyce Smith,OTH,OTH_AJP,CENTRE_LEFT,2343,True,False,41040,Daniel Wild,LNP,LIB,,191,0.08151941954758857,False,ALP>LNP>GRN>ON>OTH
SA,325,Spence,1,41817,Miranda Joyce Smith,OTH,OTH_AJP,CENTRE_LEFT,2343,True,False,41050,Paul Michael Morrell,OTH,OTH_CYA,RIGHT,110,0.046948356807511735,True,ALP>LNP>GRN>ON>OTH
SA,325,Spence,1,41817,Miranda Joyce Smith,OTH,OTH_AJP,CENTRE_LEFT,2343,True,False,41059,John William Bennett,OTH,OTH_FFPA,RIGHT,344,0.14682031583440033,True,ALP>LNP>GRN>ON>OTH
SA,325,Spence,1,41817,Miranda Joyce Smith,OTH,OTH_AJP,CENTRE_LEFT,2343,True,False,41198,Matt Burnell,ALP,ALP,,356,0.15194195475885616,False,ALP>LNP>GRN>ON>OTH
SA,325,Spence,1,41817,Miranda Joyce Smith,OTH,OTH_AJP,CENTRE_LEFT,2343,True,False,42039,Darryl Bothe,ON,ON,,255,0.1088348271446863,False,ALP>LNP>GRN>ON>OTH
SA,325,Spence,2,40652,Kym Hanton,OTH,IND_MINOR,CENTRE,3076,True,False,41031,Luke Skinner,GRN,GRN,,642,0.20871261378413525,False,ALP>LNP>GRN>ON>OTH
SA,325,Spence,2,40652,Kym Hanton,OTH,IND_MINOR,CENTRE,3076,True,False,41040,Daniel Wild,LNP,LIB,,360,0.11703511053315994,False,ALP>LNP>GRN>ON>OTH
SA,325,Spence,2,40652,Kym Hanton,OTH,IND_MINOR,CENTRE,3076,True,False,41050,Paul Michael Morrell,OTH,OTH_CYA,RIGHT,307,0.09980494148244473,True,ALP>LNP>GRN>ON>OTH
SA,325,Spence,2,40652,Kym Hanton,OTH,IND_MINOR,CENTRE,3076,True,False,41059,John William Bennett,OTH,OTH_FFPA,RIGHT,522,0.16970091027308193,True,ALP>LNP>GRN>ON>OTH
SA,325,Spence,2,40652,Kym Hanton,OTH,IND_MINOR,CENTRE,3076,True,False,41198,Matt Burnell,ALP,ALP,,705,0.22919375812743822,False,ALP>LNP>GRN>ON>OTH
SA,325,Spence,2,40652,Kym Hanton,OTH,IND_MINOR,CENTRE,3076,True,False,42039,Darryl Bothe,ON,ON,,540,0.1755526657997399,False,ALP>LNP>GRN>ON>OTH
SA,325,Spence,3,41050,Paul Michael Morrell,OTH,OTH_CYA,RIGHT,4871,True,False,41031,Luke Skinner,GRN,GRN,,433,0.0888934510367481,False,ALP>LNP>GRN>ON>OTH
SA,325,Spence,3,41050,Paul Michael Morrell,OTH,OTH_CYA,RIGHT,4871,True,False,41040,Daniel Wild,LNP,LIB,,446,0.09156230753438718,False,ALP>LNP>GRN>ON>OTH
SA,325,Spence,3,41050,Paul Michael Morrell,OTH,OTH_CYA,RIGHT,4871,True,False,41059,John William Bennett,OTH,OTH_FFPA,RIGHT,1360,0.2792034489837816,True,ALP>LNP>GRN>ON>OTH
SA,325,Spence,3,41050,Paul Michael Morrell,OTH,OTH_CYA,RIGHT,4871,True,False,41198,Matt Burnell,ALP,ALP,,524,0.10757544652022172,False,ALP>LNP>GRN>ON>OTH
SA,325,Spence,3,41050,Paul Michael Morrell,OTH,OTH_CYA,RIGHT,4871,True,False,42039,Darryl Bothe,ON,ON,,2108,0.43276534592486143,False,ALP>LNP>GRN>ON>OTH
SA,325,Spence,4,41059,John William Bennett,OTH,OTH_FFPA,RIGHT,7127,False,True,41031,Luke Skinner,GRN,GRN,,1702,0.2388101585519854,False,ALP>LNP>GRN>ON
SA,325,Spence,4,41059,John William Bennett,OTH,OTH_FFPA,RIGHT,7127,False,True,41040,Daniel Wild,LNP,LIB,,879,0.12333380103830503,False,ALP>LNP>GRN>ON
SA,325,Spence,4,41059,John William Bennett,OTH,OTH_FFPA,RIGHT,7127,False,True,41198,Matt Burnell,ALP,ALP,,1231,0.17272344605023152,False,ALP>LNP>GRN>ON
SA,325,Spence,4,41059,John William Bennett,OTH,OTH_FFPA,RIGHT,7127,False,True,42039,Darryl Bothe,ON,ON,,3315,0.46513259435947807,False,ALP>LNP>GRN>ON
SA,325,Spence,5,42039,Darryl Bothe,ON,ON,,16872,False,True,41031,Luke Skinner,GRN,GRN,,4873,0.2888217164532954,False,ALP>LNP>GRN
SA,325,Spence,5,42039,Darryl Bothe,ON,ON,,16872,False,True,41040,Daniel Wild,LNP,LIB,,7835,0.46437885253674727,False,ALP>LNP>GRN
SA,325,Spence,5,42039,Darryl Bothe,ON,ON,,16872,False,True,41198,Matt Burnell,ALP,ALP,,4164,0.24679943100995733,False,ALP>LNP>GRN
SA,325,Spence,6,41031,Luke Skinner,GRN,GRN,,24576,False,True,41040,Daniel Wild,LNP,LIB,,8116,0.3302408854166667,False,ALP>LNP
SA,325,Spence,6,41031,Luke Skinner,GRN,GRN,,24576,False,True,41198,Matt Burnell,ALP,ALP,,16460,0.6697591145833334,False,ALP>LNP
SA,190,Sturt,1,41061,nan Mervin Joshua,OTH,OTH_FFPA,RIGHT,2280,True,False,40618,Verity Cooper,IND,IND_PROMINENT,CENTRE_LEFT,329,0.1442982456140351,False,ALP>LNP>GRN>ON>IND>OTH
SA,190,Sturt,1,41061,nan Mervin Joshua,OTH,OTH_FFPA,RIGHT,2280,True,False,41034,Katie Mccusker,GRN,GRN,,161,0.0706140350877193,False,ALP>LNP>GRN>ON>IND>OTH
SA,190,Sturt,1,41061,nan Mervin Joshua,OTH,OTH_FFPA,RIGHT,2280,True,False,41042,James Stevens,LNP,LIB,,534,0.23421052631578948,False,ALP>LNP>GRN>ON>IND>OTH
SA,190,Sturt,1,41061,nan Mervin Joshua,OTH,OTH_FFPA,RIGHT,2280,True,False,41052,Nicholas Duffield,OTH,OTH_CYA,RIGHT,253,0.11096491228070175,True,ALP>LNP>GRN>ON>IND>OTH
SA,190,Sturt,1,41061,nan Mervin Joshua,OTH,OTH_FFPA,RIGHT,2280,True,False,41209,Claire Clutterham,ALP,ALP,,333,0.14605263157894738,False,ALP>LNP>GRN>ON>IND>OTH
SA,190,Sturt,1,41061,nan Mervin Joshua,OTH,OTH_FFPA,RIGHT,2280,True,False,42052,Peter Bogatec,ON,ON,,670,0.29385964912280704,False,ALP>LNP>GRN>ON>IND>OTH
SA,190,Sturt,2,41052,Nicholas Duffield,OTH,OTH_CYA,RIGHT,2806,False,True,40618,Verity Cooper,IND,IND_PROMINENT,CENTRE_LEFT,507,0.18068424803991448,False,ALP>LNP>GRN>ON>IND
SA,190,Sturt,2,41052,Nicholas Duffield,OTH,OTH_CYA,RIGHT,2806,False,True,41034,Katie Mccusker,GRN,GRN,,315,0.11225944404846756,False,ALP>LNP>GRN>ON>IND
SA,190,Sturt,2,41052,Nicholas Duffield,OTH,OTH_CYA,RIGHT,2806,False,True,41042,James Stevens,LNP,LIB,,452,0.16108339272986458,False,ALP>LNP>GRN>ON>IND
SA,190,Sturt,2,41052,Nicholas Duffield,OTH,OTH_CYA,RIGHT,2806,False,True,41209,Claire Clutterham,ALP,ALP,,216,0.07697790449037777,False,ALP>LNP>GRN>ON>IND
SA,190,Sturt,2,41052,Nicholas Duffield,OTH,OTH_CYA,RIGHT,2806,False,True,42052,Peter Bogatec,ON,ON,,1316,0.4689950106913756,False,ALP>LNP>GRN>ON>IND
SA,190,Sturt,3,42052,Peter Bogatec,ON,ON,,6021,False,True,40618,Verity Cooper,IND,IND_PROMINENT,CENTRE_LEFT,1839,0.30543099152964626,False,ALP>LNP>GRN>IND
SA,190,Sturt,3,42052,Peter Bogatec,ON,ON,,6021,False,True,41034,Katie Mccusker,GRN,GRN,,556,0.09234346454077395,False,ALP>LNP>GRN>IND
SA,190,Sturt,3,42052,Peter Bogatec,ON,ON,,6021,False,True,41042,James Stevens,LNP,LIB,,3119,0.5180202624148812,False,ALP>LNP>GRN>IND
SA,190,Sturt,3,42052,Peter Bogatec,ON,ON,,6021,False,True,41209,Claire Clutterham,ALP,ALP,,507,0.08420528151469855,False,ALP>LNP>GRN>IND
SA,190,Sturt,4,40618,Verity Cooper,IND,IND_PROMINENT,CENTRE_LEFT,11088,False,True,41034,Katie Mccusker,GRN,GRN,,4567,0.4118867243867244,False,ALP>LNP>GRN
SA,190,Sturt,4,40618,Verity Cooper,IND,IND_PROMINENT,CENTRE_LEFT,11088,False,True,41042,James Stevens,LNP,LIB,,3036,0.27380952380952384,False,ALP>LNP>GRN
SA,190,Sturt,4,40618,Verity Cooper,IND,IND_PROMINENT,CENTRE_LEFT,11088,False,True,41209,Claire Clutterham,ALP,ALP,,3485,0.3143037518037518,False,ALP>LNP>GRN
SA,190,Sturt,5,41034,Katie Mccusker,GRN,GRN,,23894,False,True,41042,James Stevens,LNP,LIB,,3442,0.1440529003097012,False,ALP>LNP
SA,190,Sturt,5,41034,Katie Mccusker,GRN,GRN,,23894,False,True,41209,Claire Clutterham,ALP,ALP,,20452,0.8559470996902988,False,ALP>LNP
TAS,192,Bass,1,40738,Caroline Larner,OTH,OTH_CEC,CENTRE,701,True,False,36070,George Razay,IND,IND_PROMINENT,CENTRE,160,0.2282453637660485,False,ALP>LNP>GRN>ON>IND>OTH
TAS,192,Bass,1,40738,Caroline Larner,OTH,OTH_CEC,CENTRE,701,True,False,40756,Bridget Kathleen Archer,LNP,LIB,,115,0.16405135520684735,False,ALP>LNP>GRN>ON>IND>OTH
TAS,192,Bass,1,40738,Caroline Larner,OTH,OTH_CEC,CENTRE,701,True,False,41322,Charlene Mclennan,GRN,GRN,,75,0.10699001426533523,False,ALP>LNP>GRN>ON>IND>OTH
TAS,192,Bass,1,40738,Caroline Larner,OTH,OTH_CEC,CENTRE,701,True,False,41546,Jess Teesdale,ALP,ALP,,162,0.23109843081312412,False,ALP>LNP>GRN>ON>IND>OTH
TAS,192,Bass,1,40738,Caroline Larner,OTH,OTH_CEC,CENTRE,701,True,False,42067,Jordan Potter,ON,ON,,127,0.181169757489301,False,ALP>LNP>GRN>ON>IND>OTH
TAS,192,Bass,1,40738,Caroline Larner,OTH,OTH_CEC,CENTRE,701,True,False,42108,Ray Broomhall,OTH,OTH_CYA,RIGHT,62,0.0884450784593438,True,ALP>LNP>GRN>ON>IND>OTH
TAS,192,Bass,2,42108,Ray Broomhall,OTH,OTH_CYA,RIGHT,2349,False,True,36070,George Razay,IND,IND_PROMINENT,CENTRE,719,0.3060876968922946,False,ALP>LNP>GRN>ON>IND
TAS,192,Bass,2,42108,Ray Broomhall,OTH,OTH_CYA,RIGHT,2349,False,True,40756,Bridget Kathleen Archer,LNP,LIB,,316,0.13452532992762878,False,ALP>LNP>GRN>ON>IND
TAS,192,Bass,2,42108,Ray Broomhall,OTH,OTH_CYA,RIGHT,2349,False,True,41322,Charlene Mclennan,GRN,GRN,,114,0.04853128991060025,False,ALP>LNP>GRN>ON>IND
TAS,192,Bass,2,42108,Ray Broomhall,OTH,OTH_CYA,RIGHT,2349,False,True,41546,Jess Teesdale,ALP,ALP,,272,0.11579395487441464,False,ALP>LNP>GRN>ON>IND
TAS,192,Bass,2,42108,Ray Broomhall,OTH,OTH_CYA,RIGHT,2349,False,True,42067,Jordan Potter,ON,ON,,928,0.3950617283950617,False,ALP>LNP>GRN>ON>IND
TAS,192,Bass,3,36070,George Razay,IND,IND_PROMINENT,CENTRE,4731,False,True,40756,Bridget Kathleen Archer,LNP,LIB,,1015,0.2145423800465018,False,ALP>LNP>GRN>ON
TAS,192,Bass,3,36070,George Razay,IND,IND_PROMINENT,CENTRE,4731,False,True,41322,Charlene Mclennan,GRN,GRN,,1149,0.24286620164870007,False,ALP>LNP>GRN>ON
TAS,192,Bass,3,36070,George Razay,IND,IND_PROMINENT,CENTRE,4731,False,True,41546,Jess Teesdale,ALP,ALP,,1307,0.2762629465229338,False,ALP>LNP>GRN>ON
TAS,192,Bass,3,36070,George Razay,IND,IND_PROMINENT,CENTRE,4731,False,True,42067,Jordan Potter,ON,ON,,1260,0.2663284717818643,False,ALP>LNP>GRN>ON
TAS,192,Bass,4,42067,Jordan Potter,ON,ON,,6954,False,True,40756,Bridget Kathleen Archer,LNP,LIB,,3931,0.5652861662352603,False,ALP>LNP>GRN
TAS,192,Bass,4,42067,Jordan Potter,ON,ON,,6954,False,True,41322,Charlene Mclennan,GRN,GRN,,1379,0.1983031348863963,False,ALP>LNP>GRN
TAS,192,Bass,4,42067,Jordan Potter,ON,ON,,6954,False,True,41546,Jess Teesdale,ALP,ALP,,1644,0.2364106988783434,False,ALP>LNP>GRN
TAS,192,Bass,5,41322,Charlene Mclennan,GRN,GRN,,11946,False,True,40756,Bridget Kathleen Archer,LNP,LIB,,2174,0.18198560187510462,False,ALP>LNP
TAS,192,Bass,5,41322,Charlene Mclennan,GRN,GRN,,11946,False,True,41546,Jess Teesdale,ALP,ALP,,9772,0.8180143981248954,False,ALP>LNP
TAS,193,Braddon,1,42109,Stephen John Kenney,OTH,OTH_CYA,RIGHT,3360,False,True,40762,Mal Hingston,LNP,LIB,,500,0.1488095238095238,False,ALP>LNP>GRN>ON>IND
TAS,193,Braddon,1,42109,Stephen John Kenney,OTH,OTH_CYA,RIGHT,3360,False,True,41321,Erin Morrow,GRN,GRN,,508,0.15119047619047618,False,ALP>LNP>GRN>ON>IND
TAS,193,Braddon,1,42109,Stephen John Kenney,OTH,OTH_CYA,RIGHT,3360,False,True,41513,Anne Urquhart,ALP,ALP,,360,0.10714285714285714,False,ALP>LNP>GRN>ON>IND
TAS,193,Braddon,1,42109,Stephen John Kenney,OTH,OTH_CYA,RIGHT,3360,False,True,42059,Adam Martin,IND,IND_PROMINENT,CENTRE_LEFT,637,0.18958333333333333,False,ALP>LNP>GRN>ON>IND
TAS,193,Braddon,1,42109,Stephen John Kenney,OTH,OTH_CYA,RIGHT,3360,False,True,42065,Christopher Methorst,ON,ON,,1355,0.40327380952380953,False,ALP>LNP>GRN>ON>IND
TAS,193,Braddon,2,42059,Adam Martin,IND,IND_PROMINENT,CENTRE_LEFT,6811,False,True,40762,Mal Hingston,LNP,LIB,,1307,0.19189546322125972,False,ALP>LNP>GRN>ON
TAS,193,Braddon,2,42059,Adam Martin,IND,IND_PROMINENT,CENTRE_LEFT,6811,False,True,41321,Erin Morrow,GRN,GRN,,1736,0.25488180883864336,False,ALP>LNP>GRN>ON
TAS,193,Braddon,2,42059,Adam Martin,IND,IND_PROMINENT,CENTRE_LEFT,6811,False,True,41513,Anne Urquhart,ALP,ALP,,1720,0.2525326677433563,False,ALP>LNP>GRN>ON
TAS,193,Braddon,2,42059,Adam Martin,IND,IND_PROMINENT,CENTRE_LEFT,6811,False,True,42065,Christopher Methorst,ON,ON,,2048,0.30069006019674055,False,ALP>LNP>GRN>ON
TAS,193,Braddon,3,41321,Erin Morrow,GRN,GRN,,8562,False,True,40762,Mal Hingston,LNP,LIB,,624,0.07288016818500351,False,ALP>LNP>ON
TAS,193,Braddon,3,41321,Erin Morrow,GRN,GRN,,8562,False,True,41513,Anne Urquhart,ALP,ALP,,6118,0.7145526746087363,False,ALP>LNP>ON
TAS,193,Braddon,3,41321,Erin Morrow,GRN,GRN,,8562,False,True,42065,Christopher Methorst,ON,ON,,1820,0.2125671572062602,False,ALP>LNP>ON
TAS,193,Braddon,4,42065,Christopher Methorst,ON,ON,,10932,False,True,40762,Mal Hingston,LNP,LIB,,5900,0.539699963410172,False,ALP>LNP
TAS,193,Braddon,4,42065,Christopher Methorst,ON,ON,,10932,False,True,41513,Anne Urquhart,ALP,ALP,,5032,0.46030003658982804,False,ALP>LNP
TAS,319,Clark,1,42055,Cathy Griggs,ON,ON,,2834,False,True,33553,Andrew Wilkie,IND,IND_PROMINENT,LEFT,1105,0.38990825688073394,False,ALP>LNP>GRN>IND
TAS,319,Clark,1,42055,Cathy Griggs,ON,ON,,2834,False,True,40766,Marilena Di Florio,LNP,LIB,,1095,0.38637967537050105,False,ALP>LNP>GRN>IND
TAS,319,Clark,1,42055,Cathy Griggs,ON,ON,,2834,False,True,41157,Janet Shelley,GRN,GRN,,166,0.05857445306986592,False,ALP>LNP>GRN>IND
TAS,319,Clark,1,42055,Cathy Griggs,ON,ON,,2834,False,True,41524,Heidi Heck,ALP,ALP,,468,0.1651376146788991,False,ALP>LNP>GRN>IND
TAS,319,Clark,2,41157,Janet Shelley,GRN,GRN,,9074,False,True,33553,Andrew Wilkie,IND,IND_PROMINENT,LEFT,6397,0.7049812651531849,False,ALP>LNP>IND
TAS,319,Clark,2,41157,Janet Shelley,GRN,GRN,,9074,False,True,40766,Marilena Di Florio,LNP,LIB,,306,0.03372272426713688,False,ALP>LNP>IND
TAS,319,Clark,2,41157,Janet Shelley,GRN,GRN,,9074,False,True,41524,Heidi Heck,ALP,ALP,,2371,0.2612960105796782,False,ALP>LNP>IND
TAS,319,Clark,3,40766,Marilena Di Florio,LNP,LIB,,10640,False,True,33553,Andrew Wilkie,IND,IND_PROMINENT,LEFT,7018,0.6595864661654135,False,ALP>IND
TAS,319,Clark,3,40766,Marilena Di Florio,LNP,LIB,,10640,False,True,41524,Heidi Heck,ALP,ALP,,3622,0.34041353383458645,False,ALP>IND
TAS,195,Franklin,1,42053,Stefan Popescu,ON,ON,,3793,False,True,40655,Peter George,IND,IND_PROMINENT,LEFT,683,0.18006854732401792,False,ALP>LNP>GRN>IND>OTH
TAS,195,Franklin,1,42053,Stefan Popescu,ON,ON,,3793,False,True,40733,Brendan Blomeley,OTH,IND_MINOR,CENTRE,992,0.2615344054837859,False,ALP>LNP>GRN>IND>OTH
TAS,195,Franklin,1,42053,Stefan Popescu,ON,ON,,3793,False,True,40776,Josh Garvin,LNP,LIB,,1433,0.377801212760348,False,ALP>LNP>GRN>IND>OTH
TAS,195,Franklin,1,42053,Stefan Popescu,ON,ON,,3793,False,True,41159,Owen Fitzgerald,GRN,GRN,,219,0.057737938307408386,False,ALP>LNP>GRN>IND>OTH
TAS,195,Franklin,1,42053,Stefan Popescu,ON,ON,,3793,False,True,41533,Julie Collins,ALP,ALP,,466,0.12285789612443976,False,ALP>LNP>GRN>IND>OTH
TAS,195,Franklin,2,40733,Brendan Blomeley,OTH,IND_MINOR,CENTRE,4814,False,True,40655,Peter George,IND,IND_PROMINENT,LEFT,1939,0.4027835479850436,False,ALP>LNP>GRN>IND
TAS,195,Franklin,2,40733,Brendan Blomeley,OTH,IND_MINOR,CENTRE,4814,False,True,40776,Josh Garvin,LNP,LIB,,1639,0.34046530951391774,False,ALP>LNP>GRN>IND
TAS,195,Franklin,2,40733,Brendan Blomeley,OTH,IND_MINOR,CENTRE,4814,False,True,41159,Owen Fitzgerald,GRN,GRN,,187,0.038845035313668466,False,ALP>LNP>GRN>IND
TAS,195,Franklin,2,40733,Brendan Blomeley,OTH,IND_MINOR,CENTRE,4814,False,True,41533,Julie Collins,ALP,ALP,,1049,0.21790610718737016,False,ALP>LNP>GRN>IND
TAS,195,Franklin,3,41159,Owen Fitzgerald,GRN,GRN,,8422,False,True,40655,Peter George,IND,IND_PROMINENT,LEFT,4356,0.5172168131085253,False,ALP>LNP>IND
TAS,195,Franklin,3,41159,Owen Fitzgerald,GRN,GRN,,8422,False,True,40776,Josh Garvin,LNP,LIB,,335,0.03977677511279981,False,ALP>LNP>IND
TAS,195,Franklin,3,41159,Owen Fitzgerald,GRN,GRN,,8422,False,True,41533,Julie Collins,ALP,ALP,,3731,0.4430064117786749,False,ALP>LNP>IND
TAS,195,Franklin,4,40776,Josh Garvin,LNP,LIB,,17810,False,True,40655,Peter George,IND,IND_PROMINENT,LEFT,8719,0.48955642897248736,False,ALP>IND
TAS,195,Franklin,4,40776,Josh Garvin,LNP,LIB,,17810,False,True,41533,Julie Collins,ALP,ALP,,9091,0.5104435710275126,False,ALP>IND
TAS,196,Lyons,1,40736,Michael Phibbs,OTH,OTH_CEC,CENTRE,523,True,False,40656,Angela Offord,OTH,IND_MINOR,CENTRE_LEFT,83,0.1586998087954111,True,ALP>LNP>GRN>ON>OTH
TAS,196,Lyons,1,40736,Michael Phibbs,OTH,OTH_CEC,CENTRE,523,True,False,40784,Susie Bower,LNP,LIB,,55,0.10516252390057361,False,ALP>LNP>GRN>ON>OTH
TAS,196,Lyons,1,40736,Michael Phibbs,OTH,OTH_CEC,CENTRE,523,True,False,41158,Alistair Allan,GRN,GRN,,84,0.16061185468451242,False,ALP>LNP>GRN>ON>OTH
TAS,196,Lyons,1,40736,Michael Phibbs,OTH,OTH_CEC,CENTRE,523,True,False,41538,Rebecca White,ALP,ALP,,31,0.05927342256214149,False,ALP>LNP>GRN>ON>OTH
TAS,196,Lyons,1,40736,Michael Phibbs,OTH,OTH_CEC,CENTRE,523,True,False,41838,Carlo Di Falco,OTH,OTH_ASP,CENTRE_RIGHT,69,0.13193116634799235,True,ALP>LNP>GRN>ON>OTH
TAS,196,Lyons,1,40736,Michael Phibbs,OTH,OTH_CEC,CENTRE,523,True,False,42058,Shaun Broadby,ON,ON,,88,0.1682600382409178,False,ALP>LNP>GRN>ON>OTH
TAS,196,Lyons,1,40736,Michael Phibbs,OTH,OTH_CEC,CENTRE,523,True,False,42110,Sarah Graham,OTH,OTH_CYA,RIGHT,113,0.21606118546845124,True,ALP>LNP>GRN>ON>OTH
TAS,196,Lyons,2,40656,Angela Offord,OTH,IND_MINOR,CENTRE_LEFT,2545,True,False,40784,Susie Bower,LNP,LIB,,273,0.10726915520628684,False,ALP>LNP>GRN>ON>OTH
TAS,196,Lyons,2,40656,Angela Offord,OTH,IND_MINOR,CENTRE_LEFT,2545,True,False,41158,Alistair Allan,GRN,GRN,,668,0.262475442043222,False,ALP>LNP>GRN>ON>OTH
TAS,196,Lyons,2,40656,Angela Offord,OTH,IND_MINOR,CENTRE_LEFT,2545,True,False,41538,Rebecca White,ALP,ALP,,566,0.2223968565815324,False,ALP>LNP>GRN>ON>OTH
TAS,196,Lyons,2,40656,Angela Offord,OTH,IND_MINOR,CENTRE_LEFT,2545,True,False,41838,Carlo Di Falco,OTH,OTH_ASP,CENTRE_RIGHT,501,0.1968565815324165,True,ALP>LNP>GRN>ON>OTH
TAS,196,Lyons,2,40656,Angela Offord,OTH,IND_MINOR,CENTRE_LEFT,2545,True,False,42058,Shaun Broadby,ON,ON,,339,0.13320235756385068,False,ALP>LNP>GRN>ON>OTH
TAS,196,Lyons,2,40656,Angela Offord,OTH,IND_MINOR,CENTRE_LEFT,2545,True,False,42110,Sarah Graham,OTH,OTH_CYA,RIGHT,198,0.07779960707269155,True,ALP>LNP>GRN>ON>OTH
TAS,196,Lyons,3,42110,Sarah Graham,OTH,OTH_CYA,RIGHT,3939,True,False,40784,Susie Bower,LNP,LIB,,748,0.1898959126681899,False,ALP>LNP>GRN>ON>OTH
TAS,196,Lyons,3,42110,Sarah Graham,OTH,OTH_CYA,RIGHT,3939,True,False,41158,Alistair Allan,GRN,GRN,,680,0.17263264788017263,False,ALP>LNP>GRN>ON>OTH
TAS,196,Lyons,3,42110,Sarah Graham,OTH,OTH_CYA,RIGHT,3939,True,False,41538,Rebecca White,ALP,ALP,,507,0.12871287128712872,False,ALP>LNP>GRN>ON>OTH
TAS,196,Lyons,3,42110,Sarah Graham,OTH,OTH_CYA,RIGHT,3939,True,False,41838,Carlo Di Falco,OTH,OTH_ASP,CENTRE_RIGHT,630,0.15993907083015993,True,ALP>LNP>GRN>ON>OTH
TAS,196,Lyons,3,42110,Sarah Graham,OTH,OTH_CYA,RIGHT,3939,True,False,42058,Shaun Broadby,ON,ON,,1374,0.3488194973343488,False,ALP>LNP>GRN>ON>OTH
TAS,196,Lyons,4,41838,Carlo Di Falco,OTH,OTH_ASP,CENTRE_RIGHT,4657,False,True,40784,Susie Bower,LNP,LIB,,896,0.1923985398325102,False,ALP>LNP>GRN>ON
TAS,196,Lyons,4,41838,Carlo Di Falco,OTH,OTH_ASP,CENTRE_RIGHT,4657,False,True,41158,Alistair Allan,GRN,GRN,,486,0.10435902941808031,False,ALP>LNP>GRN>ON
TAS,196,Lyons,4,41838,Carlo Di Falco,OTH,OTH_ASP,CENTRE_RIGHT,4657,False,True,41538,Rebecca White,ALP,ALP,,1419,0.3047025982392098,False,ALP>LNP>GRN>ON
TAS,196,Lyons,4,41838,Carlo Di Falco,OTH,OTH_ASP,CENTRE_RIGHT,4657,False,True,42058,Shaun Broadby,ON,ON,,1856,0.3985398325101997,False,ALP>LNP>GRN>ON
TAS,196,Lyons,5,42058,Shaun Broadby,ON,ON,,8822,False,True,40784,Susie Bower,LNP,LIB,,4632,0.5250510088415326,False,ALP>LNP>GRN
TAS,196,Lyons,5,42058,Shaun Broadby,ON,ON,,8822,False,True,41158,Alistair Allan,GRN,GRN,,1691,0.19167989118113807,False,ALP>LNP>GRN
TAS,196,Lyons,5,42058,Shaun Broadby,ON,ON,,8822,False,True,41538,Rebecca White,ALP,ALP,,2499,0.2832690999773294,False,ALP>LNP>GRN
TAS,196,Lyons,6,41158,Alistair Allan,GRN,GRN,,11971,False,True,40784,Susie Bower,LNP,LIB,,2777,0.23197727842285523,False,ALP>LNP
TAS,196,Lyons,6,41158,Alistair Allan,GRN,GRN,,11971,False,True,41538,Rebecca White,ALP,ALP,,9194,0.7680227215771448,False,ALP>LNP
VIC,197,Aston,1,41307,David Fawcett,OTH,OTH_LTP,RIGHT,1059,True,False,40786,Manny Cicchiello,LNP,LIB,,144,0.1359773371104816,False,ALP>LNP>GRN>ON>OTH
VIC,197,Aston,1,41307,David Fawcett,OTH,OTH_LTP,RIGHT,1059,True,False,40809,Mary Doyle,ALP,ALP,,50,0.047214353163361665,False,ALP>LNP>GRN>ON>OTH
VIC,197,Aston,1,41307,David Fawcett,OTH,OTH_LTP,RIGHT,1059,True,False,41080,Reuben Steen,GRN,GRN,,54,0.05099150141643059,False,ALP>LNP>GRN>ON>OTH
VIC,197,Aston,1,41307,David Fawcett,OTH,OTH_LTP,RIGHT,1059,True,False,41147,Andrew Williams,OTH,IND_MINOR,CENTRE_LEFT,126,0.11898016997167139,True,ALP>LNP>GRN>ON>OTH
VIC,197,Aston,1,41307,David Fawcett,OTH,OTH_LTP,RIGHT,1059,True,False,41355,Steve Desveaux,OTH,OTH_CYA,RIGHT,90,0.08498583569405099,True,ALP>LNP>GRN>ON>OTH
VIC,197,Aston,1,41307,David Fawcett,OTH,OTH_LTP,RIGHT,1059,True,False,41505,John De Wacht,ON,ON,,356,0.336166194523135,False,ALP>LNP>GRN>ON>OTH
VIC,197,Aston,1,41307,David Fawcett,OTH,OTH_LTP,RIGHT,1059,True,False,41529,Craig Manners,OTH,OTH_FFPA,RIGHT,137,0.12936732766761094,True,ALP>LNP>GRN>ON>OTH
VIC,197,Aston,1,41307,David Fawcett,OTH,OTH_LTP,RIGHT,1059,True,False,42063,Mark Grondman,OTH,IND_MINOR,LEFT,102,0.09631728045325778,True,ALP>LNP>GRN>ON>OTH
VIC,197,Aston,2,41147,Andrew Williams,OTH,IND_MINOR,CENTRE_LEFT,2230,True,False,40786,Manny Cicchiello,LNP,LIB,,243,0.10896860986547086,False,ALP>LNP>GRN>ON>OTH
VIC,197,Aston,2,41147,Andrew Williams,OTH,IND_MINOR,CENTRE_LEFT,2230,True,False,40809,Mary Doyle,ALP,ALP,,317,0.142152466367713,False,ALP>LNP>GRN>ON>OTH
VIC,197,Aston,2,41147,Andrew Williams,OTH,IND_MINOR,CENTRE_LEFT,2230,True,False,41080,Reuben Steen,GRN,GRN,,173,0.07757847533632287,False,ALP>LNP>GRN>ON>OTH
VIC,197,Aston,2,41147,Andrew Williams,OTH,IND_MINOR,CENTRE_LEFT,2230,True,False,41355,Steve Desveaux,OTH,OTH_CYA,RIGHT,59,0.026457399103139014,True,ALP>LNP>GRN>ON>OTH
VIC,197,Aston,2,41147,Andrew Williams,OTH,IND_MINOR,CENTRE_LEFT,2230,True,False,41505,John De Wacht,ON,ON,,63,0.028251121076233184,False,ALP>LNP>GRN>ON>OTH
VIC,197,Aston,2,41147,Andrew Williams,OTH,IND_MINOR,CENTRE_LEFT,2230,True,False,41529,Craig Manners,OTH,OTH_FFPA,RIGHT,199,0.08923766816143498,True,ALP>LNP>GRN>ON>OTH
VIC,197,Aston,2,41147,Andrew Williams,OTH,IND_MINOR,CENTRE_LEFT,2230,True,False,42063,Mark Grondman,OTH,IND_MINOR,LEFT,1176,0.5273542600896861,True,ALP>LNP>GRN>ON>OTH
VIC,197,Aston,3,41355,Steve Desveaux,OTH,OTH_CYA,RIGHT,2675,True,False,40786,Manny Cicchiello,LNP,LIB,,437,0.1633644859813084,False,ALP>LNP>GRN>ON>OTH
VIC,197,Aston,3,41355,Steve Desveaux,OTH,OTH_CYA,RIGHT,2675,True,False,40809,Mary Doyle,ALP,ALP,,215,0.08037383177570094,False,ALP>LNP>GRN>ON>OTH
VIC,197,Aston,3,41355,Steve Desveaux,OTH,OTH_CYA,RIGHT,2675,True,False,41080,Reuben Steen,GRN,GRN,,150,0.056074766355140186,False,ALP>LNP>GRN>ON>OTH
VIC,197,Aston,3,41355,Steve Desveaux,OTH,OTH_CYA,RIGHT,2675,True,False,41505,John De Wacht,ON,ON,,1285,0.4803738317757009,False,ALP>LNP>GRN>ON>OTH
VIC,197,Aston,3,41355,Steve Desveaux,OTH,OTH_CYA,RIGHT,2675,True,False,41529,Craig Manners,OTH,OTH_FFPA,RIGHT,368,0.13757009345794394,True,ALP>LNP>GRN>ON>OTH
VIC,197,Aston,3,41355,Steve Desveaux,OTH,OTH_CYA,RIGHT,2675,True,False,42063,Mark Grondman,OTH,IND_MINOR,LEFT,220,0.08224299065420561,True,ALP>LNP>GRN>ON>OTH
VIC,197,Aston,4,41529,Craig Manners,OTH,OTH_FFPA,RIGHT,3710,True,False,40786,Manny Cicchiello,LNP,LIB,,1052,0.2835579514824798,False,ALP>LNP>GRN>ON>OTH
VIC,197,Aston,4,41529,Craig Manners,OTH,OTH_FFPA,RIGHT,3710,True,False,40809,Mary Doyle,ALP,ALP,,505,0.13611859838274934,False,ALP>LNP>GRN>ON>OTH
VIC,197,Aston,4,41529,Craig Manners,OTH,OTH_FFPA,RIGHT,3710,True,False,41080,Reuben Steen,GRN,GRN,,295,0.07951482479784366,False,ALP>LNP>GRN>ON>OTH
VIC,197,Aston,4,41529,Craig Manners,OTH,OTH_FFPA,RIGHT,3710,True,False,41505,John De Wacht,ON,ON,,1107,0.29838274932614556,False,ALP>LNP>GRN>ON>OTH
VIC,197,Aston,4,41529,Craig Manners,OTH,OTH_FFPA,RIGHT,3710,True,False,42063,Mark Grondman,OTH,IND_MINOR,LEFT,751,0.20242587601078166,True,ALP>LNP>GRN>ON>OTH
VIC,197,Aston,5,42063,Mark Grondman,OTH,IND_MINOR,LEFT,4688,False,True,40786,Manny Cicchiello,LNP,LIB,,631,0.134598976109215,False,ALP>LNP>GRN>ON
VIC,197,Aston,5,42063,Mark Grondman,OTH,IND_MINOR,LEFT,4688,False,True,40809,Mary Doyle,ALP,ALP,,1141,0.24338737201365188,False,ALP>LNP>GRN>ON
VIC,197,Aston,5,42063,Mark Grondman,OTH,IND_MINOR,LEFT,4688,False,True,41080,Reuben Steen,GRN,GRN,,1886,0.4023037542662116,False,ALP>LNP>GRN>ON
VIC,197,Aston,5,42063,Mark Grondman,OTH,IND_MINOR,LEFT,4688,False,True,41505,John De Wacht,ON,ON,,1030,0.2197098976109215,False,ALP>LNP>GRN>ON
VIC,197,Aston,6,41505,John De Wacht,ON,ON,,7579,False,True,40786,Manny Cicchiello,LNP,LIB,,4622,0.6098429872014778,False,ALP>LNP>GRN
VIC,197,Aston,6,41505,John De Wacht,ON,ON,,7579,False,True,40809,Mary Doyle,ALP,ALP,,1113,0.14685314685314685,False,ALP>LNP>GRN
VIC,197,Aston,6,41505,John De Wacht,ON,ON,,7579,False,True,41080,Reuben Steen,GRN,GRN,,1844,0.24330386594537537,False,ALP>LNP>GRN
VIC,197,Aston,7,41080,Reuben Steen,GRN,GRN,,17071,False,True,40786,Manny Cicchiello,LNP,LIB,,2648,0.15511686485853202,False,ALP>LNP
VIC,197,Aston,7,41080,Reuben Steen,GRN,GRN,,17071,False,True,40809,Mary Doyle,ALP,ALP,,14423,0.844883135141468,False,ALP>LNP
VIC,198,Ballarat,1,41312,Ryan Redfern,OTH,OTH_LTP,RIGHT,1380,True,False,40785,Paula Doran,LNP,LIB,,153,0.1108695652173913,False,ALP>LNP>GRN>ON>OTH
VIC,198,Ballarat,1,41312,Ryan Redfern,OTH,OTH_LTP,RIGHT,1380,True,False,40839,Catherine King,ALP,ALP,,114,0.08260869565217391,False,ALP>LNP>GRN>ON>OTH
VIC,198,Ballarat,1,41312,Ryan Redfern,OTH,OTH_LTP,RIGHT,1380,True,False,41081,John Barnes,GRN,GRN,,84,0.06086956521739131,False,ALP>LNP>GRN>ON>OTH
VIC,198,Ballarat,1,41312,Ryan Redfern,OTH,OTH_LTP,RIGHT,1380,True,False,41508,Terri Pryse-Smith,ON,ON,,349,0.2528985507246377,False,ALP>LNP>GRN>ON>OTH
VIC,198,Ballarat,1,41312,Ryan Redfern,OTH,OTH_LTP,RIGHT,1380,True,False,41571,Ian Maxwell Harkness,OTH,OTH_FFPA,RIGHT,285,0.20652173913043478,True,ALP>LNP>GRN>ON>OTH
VIC,198,Ballarat,1,41312,Ryan Redfern,OTH,OTH_LTP,RIGHT,1380,True,False,41833,Luke Parker,OTH,IND_MINOR,CENTRE,395,0.286231884057971,True,ALP>LNP>GRN>ON>OTH
VIC,198,Ballarat,2,41833,Luke Parker,OTH,IND_MINOR,CENTRE,3329,True,False,40785,Paula Doran,LNP,LIB,,414,0.12436167017122259,False,ALP>LNP>GRN>ON>OTH
VIC,198,Ballarat,2,41833,Luke Parker,OTH,IND_MINOR,CENTRE,3329,True,False,40839,Catherine King,ALP,ALP,,609,0.1829378191649144,False,ALP>LNP>GRN>ON>OTH
VIC,198,Ballarat,2,41833,Luke Parker,OTH,IND_MINOR,CENTRE,3329,True,False,41081,John Barnes,GRN,GRN,,555,0.16671673175127666,False,ALP>LNP>GRN>ON>OTH
VIC,198,Ballarat,2,41833,Luke Parker,OTH,IND_MINOR,CENTRE,3329,True,False,41508,Terri Pryse-Smith,ON,ON,,621,0.18654250525683388,False,ALP>LNP>GRN>ON>OTH
VIC,198,Ballarat,2,41833,Luke Parker,OTH,IND_MINOR,CENTRE,3329,True,False,41571,Ian Maxwell Harkness,OTH,OTH_FFPA,RIGHT,1130,0.3394412736557525,True,ALP>LNP>GRN>ON>OTH
VIC,198,Ballarat,3,41571,Ian Maxwell Harkness,OTH,OTH_FFPA,RIGHT,4472,False,True,40785,Paula Doran,LNP,LIB,,1129,0.2524597495527728,False,ALP>LNP>GRN>ON
VIC,198,Ballarat,3,41571,Ian Maxwell Harkness,OTH,OTH_FFPA,RIGHT,4472,False,True,40839,Catherine King,ALP,ALP,,901,0.2014758497316637,False,ALP>LNP>GRN>ON
VIC,198,Ballarat,3,41571,Ian Maxwell Harkness,OTH,OTH_FFPA,RIGHT,4472,False,True,41081,John Barnes,GRN,GRN,,669,0.14959749552772808,False,ALP>LNP>GRN>ON
VIC,198,Ballarat,3,41571,Ian Maxwell Harkness,OTH,OTH_FFPA,RIGHT,4472,False,True,41508,Terri Pryse-Smith,ON,ON,,1773,0.3964669051878354,False,ALP>LNP>GRN>ON
VIC,198,Ballarat,4,41508,Terri Pryse-Smith,ON,ON,,10772,False,True,40785,Paula Doran,LNP,LIB,,6734,0.6251392499071667,False,ALP>LNP>GRN
VIC,198,Ballarat,4,41508,Terri Pryse-Smith,ON,ON,,10772,False,True,40839,Catherine King,ALP,ALP,,2313,0.21472335685109542,False,ALP>LNP>GRN
VIC,198,Ballarat,4,41508,Terri Pryse-Smith,ON,ON,,10772,False,True,41081,John Barnes,GRN,GRN,,1725,0.16013739324173784,False,ALP>LNP>GRN
VIC,198,Ballarat,5,41081,John Barnes,GRN,GRN,,18017,False,True,40785,Paula Doran,LNP,LIB,,2808,0.1558528056835211,False,ALP>LNP
VIC,198,Ballarat,5,41081,John Barnes,GRN,GRN,,18017,False,True,40839,Catherine King,ALP,ALP,,15209,0.8441471943164789,False,ALP>LNP
VIC,200,Bendigo,1,41618,Matt Bansemer,OTH,OTH_LTP,RIGHT,974,True,False,40866,Matt Evans,LNP,LIB,,65,0.06673511293634497,False,ALP>LNP>GRN>ON>OTH
VIC,200,Bendigo,1,41618,Matt Bansemer,OTH,OTH_LTP,RIGHT,974,True,False,40869,Lisa Chesters,ALP,ALP,,63,0.0646817248459959,False,ALP>LNP>GRN>ON>OTH
VIC,200,Bendigo,1,41618,Matt Bansemer,OTH,OTH_LTP,RIGHT,974,True,False,41000,Rohan Tyler,OTH,OTH_VNS,LEFT,35,0.03593429158110883,True,ALP>LNP>GRN>ON>OTH
VIC,200,Bendigo,1,41618,Matt Bansemer,OTH,OTH_LTP,RIGHT,974,True,False,41090,Avery Barnett-Dacey,GRN,GRN,,36,0.03696098562628337,False,ALP>LNP>GRN>ON>OTH
VIC,200,Bendigo,1,41618,Matt Bansemer,OTH,OTH_LTP,RIGHT,974,True,False,41141,Andrew Lethlean,LNP,NAT,,122,0.12525667351129363,False,ALP>LNP>GRN>ON>OTH
VIC,200,Bendigo,1,41618,Matt Bansemer,OTH,OTH_LTP,RIGHT,974,True,False,41217,Wayne Taylor,OTH,OTH_HMP,CENTRE_LEFT,58,0.059548254620123205,True,ALP>LNP>GRN>ON>OTH
VIC,200,Bendigo,1,41618,Matt Bansemer,OTH,OTH_LTP,RIGHT,974,True,False,41520,Heather Freeman,ON,ON,,375,0.38501026694045176,False,ALP>LNP>GRN>ON>OTH
VIC,200,Bendigo,1,41618,Matt Bansemer,OTH,OTH_LTP,RIGHT,974,True,False,41569,Evelyn Keetelaar,OTH,OTH_FFPA,RIGHT,163,0.1673511293634497,True,ALP>LNP>GRN>ON>OTH
VIC,200,Bendigo,1,41618,Matt Bansemer,OTH,OTH_LTP,RIGHT,974,True,False,42015,David Vincent,OTH,IND_MINOR,CENTRE,57,0.058521560574948665,True,ALP>LNP>GRN>ON>OTH
VIC,200,Bendigo,2,42015,David Vincent,OTH,IND_MINOR,CENTRE,1178,True,False,40866,Matt Evans,LNP,LIB,,65,0.055178268251273345,False,ALP>LNP>GRN>ON>OTH
VIC,200,Bendigo,2,42015,David Vincent,OTH,IND_MINOR,CENTRE,1178,True,False,40869,Lisa Chesters,ALP,ALP,,174,0.14770797962648557,False,ALP>LNP>GRN>ON>OTH
VIC,200,Bendigo,2,42015,David Vincent,OTH,IND_MINOR,CENTRE,1178,True,False,41000,Rohan Tyler,OTH,OTH_VNS,LEFT,109,0.09252971137521222,True,ALP>LNP>GRN>ON>OTH
VIC,200,Bendigo,2,42015,David Vincent,OTH,IND_MINOR,CENTRE,1178,True,False,41090,Avery Barnett-Dacey,GRN,GRN,,160,0.13582342954159593,False,ALP>LNP>GRN>ON>OTH
VIC,200,Bendigo,2,42015,David Vincent,OTH,IND_MINOR,CENTRE,1178,True,False,41141,Andrew Lethlean,LNP,NAT,,112,0.09507640067911714,False,ALP>LNP>GRN>ON>OTH
VIC,200,Bendigo,2,42015,David Vincent,OTH,IND_MINOR,CENTRE,1178,True,False,41217,Wayne Taylor,OTH,OTH_HMP,CENTRE_LEFT,271,0.2300509337860781,True,ALP>LNP>GRN>ON>OTH
VIC,200,Bendigo,2,42015,David Vincent,OTH,IND_MINOR,CENTRE,1178,True,False,41520,Heather Freeman,ON,ON,,135,0.11460101867572156,False,ALP>LNP>GRN>ON>OTH
VIC,200,Bendigo,2,42015,David Vincent,OTH,IND_MINOR,CENTRE,1178,True,False,41569,Evelyn Keetelaar,OTH,OTH_FFPA,RIGHT,152,0.12903225806451613,True,ALP>LNP>GRN>ON>OTH
VIC,200,Bendigo,3,41000,Rohan Tyler,OTH,OTH_VNS,LEFT,1852,True,False,40866,Matt Evans,LNP,LIB,,22,0.011879049676025918,False,ALP>LNP>GRN>ON>OTH
VIC,200,Bendigo,3,41000,Rohan Tyler,OTH,OTH_VNS,LEFT,1852,True,False,40869,Lisa Chesters,ALP,ALP,,202,0.10907127429805616,False,ALP>LNP>GRN>ON>OTH
VIC,200,Bendigo,3,41000,Rohan Tyler,OTH,OTH_VNS,LEFT,1852,True,False,41090,Avery Barnett-Dacey,GRN,GRN,,1150,0.6209503239740821,False,ALP>LNP>GRN>ON>OTH
VIC,200,Bendigo,3,41000,Rohan Tyler,OTH,OTH_VNS,LEFT,1852,True,False,41141,Andrew Lethlean,LNP,NAT,,60,0.032397408207343416,False,ALP>LNP>GRN>ON>OTH
VIC,200,Bendigo,3,41000,Rohan Tyler,OTH,OTH_VNS,LEFT,1852,True,False,41217,Wayne Taylor,OTH,OTH_HMP,CENTRE_LEFT,310,0.1673866090712743,True,ALP>LNP>GRN>ON>OTH
VIC,200,Bendigo,3,41000,Rohan Tyler,OTH,OTH_VNS,LEFT,1852,True,False,41520,Heather Freeman,ON,ON,,34,0.0183585313174946,False,ALP>LNP>GRN>ON>OTH
VIC,200,Bendigo,3,41000,Rohan Tyler,OTH,OTH_VNS,LEFT,1852,True,False,41569,Evelyn Keetelaar,OTH,OTH_FFPA,RIGHT,74,0.03995680345572354,True,ALP>LNP>GRN>ON>OTH
VIC,200,Bendigo,4,41569,Evelyn Keetelaar,OTH,OTH_FFPA,RIGHT,3542,True,False,40866,Matt Evans,LNP,LIB,,467,0.1318464144551101,False,ALP>LNP>GRN>ON>OTH
VIC,200,Bendigo,4,41569,Evelyn Keetelaar,OTH,OTH_FFPA,RIGHT,3542,True,False,40869,Lisa Chesters,ALP,ALP,,316,0.08921513269339357,False,ALP>LNP>GRN>ON>OTH
VIC,200,Bendigo,4,41569,Evelyn Keetelaar,OTH,OTH_FFPA,RIGHT,3542,True,False,41090,Avery Barnett-Dacey,GRN,GRN,,686,0.19367588932806323,False,ALP>LNP>GRN>ON>OTH
VIC,200,Bendigo,4,41569,Evelyn Keetelaar,OTH,OTH_FFPA,RIGHT,3542,True,False,41141,Andrew Lethlean,LNP,NAT,,562,0.15866741953698477,False,ALP>LNP>GRN>ON>OTH
VIC,200,Bendigo,4,41569,Evelyn Keetelaar,OTH,OTH_FFPA,RIGHT,3542,True,False,41217,Wayne Taylor,OTH,OTH_HMP,CENTRE_LEFT,273,0.07707509881422925,True,ALP>LNP>GRN>ON>OTH
VIC,200,Bendigo,4,41569,Evelyn Keetelaar,OTH,OTH_FFPA,RIGHT,3542,True,False,41520,Heather Freeman,ON,ON,,1238,0.3495200451722191,False,ALP>LNP>GRN>ON>OTH
VIC,200,Bendigo,5,41217,Wayne Taylor,OTH,OTH_HMP,CENTRE_LEFT,4578,False,True,40866,Matt Evans,LNP,LIB,,553,0.12079510703363915,False,ALP>LNP>GRN>ON
VIC,200,Bendigo,5,41217,Wayne Taylor,OTH,OTH_HMP,CENTRE_LEFT,4578,False,True,40869,Lisa Chesters,ALP,ALP,,1027,0.22433377020532985,False,ALP>LNP>GRN>ON
VIC,200,Bendigo,5,41217,Wayne Taylor,OTH,OTH_HMP,CENTRE_LEFT,4578,False,True,41090,Avery Barnett-Dacey,GRN,GRN,,1513,0.3304936653560507,False,ALP>LNP>GRN>ON
VIC,200,Bendigo,5,41217,Wayne Taylor,OTH,OTH_HMP,CENTRE_LEFT,4578,False,True,41141,Andrew Lethlean,LNP,NAT,,639,0.13958060288335516,False,ALP>LNP>GRN>ON
VIC,200,Bendigo,5,41217,Wayne Taylor,OTH,OTH_HMP,CENTRE_LEFT,4578,False,True,41520,Heather Freeman,ON,ON,,846,0.18479685452162517,False,ALP>LNP>GRN>ON
VIC,200,Bendigo,6,41520,Heather Freeman,ON,ON,,7890,False,True,40866,Matt Evans,LNP,LIB,,1690,0.21419518377693283,False,ALP>LNP>GRN
VIC,200,Bendigo,6,41520,Heather Freeman,ON,ON,,7890,False,True,40869,Lisa Chesters,ALP,ALP,,1073,0.13599493029150825,False,ALP>LNP>GRN
VIC,200,Bendigo,6,41520,Heather Freeman,ON,ON,,7890,False,True,41090,Avery Barnett-Dacey,GRN,GRN,,1092,0.13840304182509505,False,ALP>LNP>GRN
VIC,200,Bendigo,6,41520,Heather Freeman,ON,ON,,7890,False,True,41141,Andrew Lethlean,LNP,NAT,,4035,0.5114068441064639,False,ALP>LNP>GRN
VIC,200,Bendigo,7,40866,Matt Evans,LNP,LIB,,14038,True,False,40869,Lisa Chesters,ALP,ALP,,1456,0.10371847841572873,False,ALP>LNP>GRN
VIC,200,Bendigo,7,40866,Matt Evans,LNP,LIB,,14038,True,False,41090,Avery Barnett-Dacey,GRN,GRN,,1129,0.08042456190340504,False,ALP>LNP>GRN
VIC,200,Bendigo,7,40866,Matt Evans,LNP,LIB,,14038,True,False,41141,Andrew Lethlean,LNP,NAT,,11453,0.8158569596808662,True,ALP>LNP>GRN
VIC,200,Bendigo,8,41090,Avery Barnett-Dacey,GRN,GRN,,17845,False,True,40869,Lisa Chesters,ALP,ALP,,14718,0.8247688428131129,False,ALP>LNP
VIC,200,Bendigo,8,41090,Avery Barnett-Dacey,GRN,GRN,,17845,False,True,41141,Andrew Lethlean,LNP,NAT,,3127,0.1752311571868871,False,ALP>LNP
VIC,201,Bruce,1,41305,Christine Skrobo,OTH,OTH_LTP,RIGHT,1289,True,False,40790,Zahid Safi,LNP,LIB,,172,0.13343677269200932,False,ALP>LNP>GRN>ON>OTH
VIC,201,Bruce,1,41305,Christine Skrobo,OTH,OTH_LTP,RIGHT,1289,True,False,40851,Julian Hill,ALP,ALP,,173,0.13421256788207914,False,ALP>LNP>GRN>ON>OTH
VIC,201,Bruce,1,41305,Christine Skrobo,OTH,OTH_LTP,RIGHT,1289,True,False,41085,Rhonda Garad,GRN,GRN,,105,0.08145849495733126,False,ALP>LNP>GRN>ON>OTH
VIC,201,Bruce,1,41305,Christine Skrobo,OTH,OTH_LTP,RIGHT,1289,True,False,41225,Andrew Louth,OTH,OTH_HMP,CENTRE_LEFT,94,0.07292474786656322,True,ALP>LNP>GRN>ON>OTH
VIC,201,Bruce,1,41305,Christine Skrobo,OTH,OTH_LTP,RIGHT,1289,True,False,41370,Samuel James Anderson,OTH,OTH_CYA,RIGHT,134,0.10395655546935609,True,ALP>LNP>GRN>ON>OTH
VIC,201,Bruce,1,41305,Christine Skrobo,OTH,OTH_LTP,RIGHT,1289,True,False,41522,Bianca Colecchia,ON,ON,,403,0.3126454615981381,False,ALP>LNP>GRN>ON>OTH
VIC,201,Bruce,1,41305,Christine Skrobo,OTH,OTH_LTP,RIGHT,1289,True,False,41582,Wendy Birchall,OTH,OTH_FFPA,RIGHT,208,0.1613653995345229,True,ALP>LNP>GRN>ON>OTH
VIC,201,Bruce,2,41225,Andrew Louth,OTH,OTH_HMP,CENTRE_LEFT,3657,True,False,40790,Zahid Safi,LNP,LIB,,300,0.08203445447087777,False,ALP>LNP>GRN>ON>OTH
VIC,201,Bruce,2,41225,Andrew Louth,OTH,OTH_HMP,CENTRE_LEFT,3657,True,False,40851,Julian Hill,ALP,ALP,,874,0.2389937106918239,False,ALP>LNP>GRN>ON>OTH
VIC,201,Bruce,2,41225,Andrew Louth,OTH,OTH_HMP,CENTRE_LEFT,3657,True,False,41085,Rhonda Garad,GRN,GRN,,882,0.24118129614438064,False,ALP>LNP>GRN>ON>OTH
VIC,201,Bruce,2,41225,Andrew Louth,OTH,OTH_HMP,CENTRE_LEFT,3657,True,False,41370,Samuel James Anderson,OTH,OTH_CYA,RIGHT,286,0.07820617992890347,True,ALP>LNP>GRN>ON>OTH
VIC,201,Bruce,2,41225,Andrew Louth,OTH,OTH_HMP,CENTRE_LEFT,3657,True,False,41522,Bianca Colecchia,ON,ON,,394,0.10773858353841947,False,ALP>LNP>GRN>ON>OTH
VIC,201,Bruce,2,41225,Andrew Louth,OTH,OTH_HMP,CENTRE_LEFT,3657,True,False,41582,Wendy Birchall,OTH,OTH_FFPA,RIGHT,921,0.25184577522559476,True,ALP>LNP>GRN>ON>OTH
VIC,201,Bruce,3,41370,Samuel James Anderson,OTH,OTH_CYA,RIGHT,3950,True,False,40790,Zahid Safi,LNP,LIB,,552,0.13974683544303798,False,ALP>LNP>GRN>ON>OTH
VIC,201,Bruce,3,41370,Samuel James Anderson,OTH,OTH_CYA,RIGHT,3950,True,False,40851,Julian Hill,ALP,ALP,,397,0.10050632911392406,False,ALP>LNP>GRN>ON>OTH
VIC,201,Bruce,3,41370,Samuel James Anderson,OTH,OTH_CYA,RIGHT,3950,True,False,41085,Rhonda Garad,GRN,GRN,,211,0.05341772151898734,False,ALP>LNP>GRN>ON>OTH
VIC,201,Bruce,3,41370,Samuel James Anderson,OTH,OTH_CYA,RIGHT,3950,True,False,41522,Bianca Colecchia,ON,ON,,1595,0.40379746835443037,False,ALP>LNP>GRN>ON>OTH
VIC,201,Bruce,3,41370,Samuel James Anderson,OTH,OTH_CYA,RIGHT,3950,True,False,41582,Wendy Birchall,OTH,OTH_FFPA,RIGHT,1195,0.30253164556962026,True,ALP>LNP>GRN>ON>OTH
VIC,201,Bruce,4,41582,Wendy Birchall,OTH,OTH_FFPA,RIGHT,6520,False,True,40790,Zahid Safi,LNP,LIB,,1710,0.26226993865030673,False,ALP>LNP>GRN>ON
VIC,201,Bruce,4,41582,Wendy Birchall,OTH,OTH_FFPA,RIGHT,6520,False,True,40851,Julian Hill,ALP,ALP,,1055,0.16180981595092025,False,ALP>LNP>GRN>ON
VIC,201,Bruce,4,41582,Wendy Birchall,OTH,OTH_FFPA,RIGHT,6520,False,True,41085,Rhonda Garad,GRN,GRN,,1089,0.16702453987730062,False,ALP>LNP>GRN>ON
VIC,201,Bruce,4,41582,Wendy Birchall,OTH,OTH_FFPA,RIGHT,6520,False,True,41522,Bianca Colecchia,ON,ON,,2666,0.4088957055214724,False,ALP>LNP>GRN>ON
VIC,201,Bruce,5,41522,Bianca Colecchia,ON,ON,,13989,False,True,40790,Zahid Safi,LNP,LIB,,7828,0.5595825291300307,False,ALP>LNP>GRN
VIC,201,Bruce,5,41522,Bianca Colecchia,ON,ON,,13989,False,True,40851,Julian Hill,ALP,ALP,,2773,0.1982271784973908,False,ALP>LNP>GRN
VIC,201,Bruce,5,41522,Bianca Colecchia,ON,ON,,13989,False,True,41085,Rhonda Garad,GRN,GRN,,3388,0.24219029237257844,False,ALP>LNP>GRN
VIC,201,Bruce,6,41085,Rhonda Garad,GRN,GRN,,18888,False,True,40790,Zahid Safi,LNP,LIB,,3019,0.15983693350275308,False,ALP>LNP
VIC,201,Bruce,6,41085,Rhonda Garad,GRN,GRN,,18888,False,True,40851,Julian Hill,ALP,ALP,,15869,0.8401630664972469,False,ALP>LNP
VIC,203,Calwell,1,41196,Morgan Peach,OTH,OTH_UNAFFILIATED,UNKNOWN,487,True,False,40630,Carly Moore,IND,IND_PROMINENT,CENTRE_LEFT,126,0.2587268993839836,False,ALP>LNP>GRN>ON>IND>OTH
VIC,203,Calwell,1,41196,Morgan Peach,OTH,OTH_UNAFFILIATED,UNKNOWN,487,True,False,40654,Joseph Youhana,IND,IND_PROMINENT,CENTRE,29,0.059548254620123205,False,ALP>LNP>GRN>ON>IND>OTH
VIC,203,Calwell,1,41196,Morgan Peach,OTH,OTH_UNAFFILIATED,UNKNOWN,487,True,False,40700,Bassima Hawli,OTH,OTH_CEC,CENTRE,27,0.055441478439425054,True,ALP>LNP>GRN>ON>IND>OTH
VIC,203,Calwell,1,41196,Morgan Peach,OTH,OTH_UNAFFILIATED,UNKNOWN,487,True,False,40752,Usman Ghani,LNP,LIB,,20,0.04106776180698152,False,ALP>LNP>GRN>ON>IND>OTH
VIC,203,Calwell,1,41196,Morgan Peach,OTH,OTH_UNAFFILIATED,UNKNOWN,487,True,False,40860,Basem Abdo,ALP,ALP,,78,0.1601642710472279,False,ALP>LNP>GRN>ON>IND>OTH
VIC,203,Calwell,1,41196,Morgan Peach,OTH,OTH_UNAFFILIATED,UNKNOWN,487,True,False,41084,Ravneet Kaur Garcha,GRN,GRN,,57,0.11704312114989733,False,ALP>LNP>GRN>ON>IND>OTH
VIC,203,Calwell,1,41196,Morgan Peach,OTH,OTH_UNAFFILIATED,UNKNOWN,487,True,False,41232,Gianni Del Rosario-Makridis,OTH,OTH_HMP,CENTRE_LEFT,22,0.045174537987679675,True,ALP>LNP>GRN>ON>IND>OTH
VIC,203,Calwell,1,41196,Morgan Peach,OTH,OTH_UNAFFILIATED,UNKNOWN,487,True,False,41362,Assaad Issa,OTH,OTH_CYA,RIGHT,16,0.03285420944558522,True,ALP>LNP>GRN>ON>IND>OTH
VIC,203,Calwell,1,41196,Morgan Peach,OTH,OTH_UNAFFILIATED,UNKNOWN,487,True,False,41525,Luay Toma,ON,ON,,18,0.03696098562628337,False,ALP>LNP>GRN>ON>IND>OTH
VIC,203,Calwell,1,41196,Morgan Peach,OTH,OTH_UNAFFILIATED,UNKNOWN,487,True,False,41604,Maria Bengtsson,OTH,OTH_FFPA,RIGHT,39,0.08008213552361396,True,ALP>LNP>GRN>ON>IND>OTH
VIC,203,Calwell,1,41196,Morgan Peach,OTH,OTH_UNAFFILIATED,UNKNOWN,487,True,False,41940,Ravi Ragupathy,OTH,IND_MINOR,CENTRE,33,0.06776180698151951,True,ALP>LNP>GRN>ON>IND>OTH
VIC,203,Calwell,1,41196,Morgan Peach,OTH,OTH_UNAFFILIATED,UNKNOWN,487,True,False,42008,Samim Moslih,IND,IND_PROMINENT,LEFT,22,0.045174537987679675,False,ALP>LNP>GRN>ON>IND>OTH
VIC,203,Calwell,2,41940,Ravi Ragupathy,OTH,IND_MINOR,CENTRE,534,True,False,40630,Carly Moore,IND,IND_PROMINENT,CENTRE_LEFT,142,0.26591760299625467,False,ALP>LNP>GRN>ON>IND>OTH
VIC,203,Calwell,2,41940,Ravi Ragupathy,OTH,IND_MINOR,CENTRE,534,True,False,40654,Joseph Youhana,IND,IND_PROMINENT,CENTRE,44,0.08239700374531835,False,ALP>LNP>GRN>ON>IND>OTH
VIC,203,Calwell,2,41940,Ravi Ragupathy,OTH,IND_MINOR,CENTRE,534,True,False,40700,Bassima Hawli,OTH,OTH_CEC,CENTRE,48,0.0898876404494382,True,ALP>LNP>GRN>ON>IND>OTH
VIC,203,Calwell,2,41940,Ravi Ragupathy,OTH,IND_MINOR,CENTRE,534,True,False,40752,Usman Ghani,LNP,LIB,,90,0.16853932584269662,False,ALP>LNP>GRN>ON>IND>OTH
VIC,203,Calwell,2,41940,Ravi Ragupathy,OTH,IND_MINOR,CENTRE,534,True,False,40860,Basem Abdo,ALP,ALP,,59,0.1104868913857678,False,ALP>LNP>GRN>ON>IND>OTH
VIC,203,Calwell,2,41940,Ravi Ragupathy,OTH,IND_MINOR,CENTRE,534,True,False,41084,Ravneet Kaur Garcha,GRN,GRN,,80,0.149812734082397,False,ALP>LNP>GRN>ON>IND>OTH
VIC,203,Calwell,2,41940,Ravi Ragupathy,OTH,IND_MINOR,CENTRE,534,True,False,41232,Gianni Del Rosario-Makridis,OTH,OTH_HMP,CENTRE_LEFT,10,0.018726591760299626,True,ALP>LNP>GRN>ON>IND>OTH
VIC,203,Calwell,2,41940,Ravi Ragupathy,OTH,IND_MINOR,CENTRE,534,True,False,41362,Assaad Issa,OTH,OTH_CYA,RIGHT,13,0.024344569288389514,True,ALP>LNP>GRN>ON>IND>OTH
VIC,203,Calwell,2,41940,Ravi Ragupathy,OTH,IND_MINOR,CENTRE,534,True,False,41525,Luay Toma,ON,ON,,7,0.013108614232209739,False,ALP>LNP>GRN>ON>IND>OTH
VIC,203,Calwell,2,41940,Ravi Ragupathy,OTH,IND_MINOR,CENTRE,534,True,False,41604,Maria Bengtsson,OTH,OTH_FFPA,RIGHT,23,0.04307116104868914,True,ALP>LNP>GRN>ON>IND>OTH
VIC,203,Calwell,2,41940,Ravi Ragupathy,OTH,IND_MINOR,CENTRE,534,True,False,42008,Samim Moslih,IND,IND_PROMINENT,LEFT,18,0.033707865168539325,False,ALP>LNP>GRN>ON>IND>OTH
VIC,203,Calwell,3,41362,Assaad Issa,OTH,OTH_CYA,RIGHT,2240,True,False,40630,Carly Moore,IND,IND_PROMINENT,CENTRE_LEFT,421,0.18794642857142857,False,ALP>LNP>GRN>ON>IND>OTH
VIC,203,Calwell,3,41362,Assaad Issa,OTH,OTH_CYA,RIGHT,2240,True,False,40654,Joseph Youhana,IND,IND_PROMINENT,CENTRE,126,0.05625,False,ALP>LNP>GRN>ON>IND>OTH
VIC,203,Calwell,3,41362,Assaad Issa,OTH,OTH_CYA,RIGHT,2240,True,False,40700,Bassima Hawli,OTH,OTH_CEC,CENTRE,94,0.04196428571428571,True,ALP>LNP>GRN>ON>IND>OTH
VIC,203,Calwell,3,41362,Assaad Issa,OTH,OTH_CYA,RIGHT,2240,True,False,40752,Usman Ghani,LNP,LIB,,249,0.11116071428571428,False,ALP>LNP>GRN>ON>IND>OTH
VIC,203,Calwell,3,41362,Assaad Issa,OTH,OTH_CYA,RIGHT,2240,True,False,40860,Basem Abdo,ALP,ALP,,314,0.14017857142857143,False,ALP>LNP>GRN>ON>IND>OTH
VIC,203,Calwell,3,41362,Assaad Issa,OTH,OTH_CYA,RIGHT,2240,True,False,41084,Ravneet Kaur Garcha,GRN,GRN,,132,0.05892857142857143,False,ALP>LNP>GRN>ON>IND>OTH
VIC,203,Calwell,3,41362,Assaad Issa,OTH,OTH_CYA,RIGHT,2240,True,False,41232,Gianni Del Rosario-Makridis,OTH,OTH_HMP,CENTRE_LEFT,87,0.038839285714285715,True,ALP>LNP>GRN>ON>IND>OTH
VIC,203,Calwell,3,41362,Assaad Issa,OTH,OTH_CYA,RIGHT,2240,True,False,41525,Luay Toma,ON,ON,,554,0.24732142857142858,False,ALP>LNP>GRN>ON>IND>OTH
VIC,203,Calwell,3,41362,Assaad Issa,OTH,OTH_CYA,RIGHT,2240,True,False,41604,Maria Bengtsson,OTH,OTH_FFPA,RIGHT,202,0.09017857142857143,True,ALP>LNP>GRN>ON>IND>OTH
VIC,203,Calwell,3,41362,Assaad Issa,OTH,OTH_CYA,RIGHT,2240,True,False,42008,Samim Moslih,IND,IND_PROMINENT,LEFT,61,0.027232142857142858,False,ALP>LNP>GRN>ON>IND>OTH
VIC,203,Calwell,4,41604,Maria Bengtsson,OTH,OTH_FFPA,RIGHT,2572,True,False,40630,Carly Moore,IND,IND_PROMINENT,CENTRE_LEFT,641,0.24922239502332816,False,ALP>LNP>GRN>ON>IND>OTH
VIC,203,Calwell,4,41604,Maria Bengtsson,OTH,OTH_FFPA,RIGHT,2572,True,False,40654,Joseph Youhana,IND,IND_PROMINENT,CENTRE,154,0.059875583203732506,False,ALP>LNP>GRN>ON>IND>OTH
VIC,203,Calwell,4,41604,Maria Bengtsson,OTH,OTH_FFPA,RIGHT,2572,True,False,40700,Bassima Hawli,OTH,OTH_CEC,CENTRE,119,0.046267496111975115,True,ALP>LNP>GRN>ON>IND>OTH
VIC,203,Calwell,4,41604,Maria Bengtsson,OTH,OTH_FFPA,RIGHT,2572,True,False,40752,Usman Ghani,LNP,LIB,,358,0.13919129082426127,False,ALP>LNP>GRN>ON>IND>OTH
VIC,203,Calwell,4,41604,Maria Bengtsson,OTH,OTH_FFPA,RIGHT,2572,True,False,40860,Basem Abdo,ALP,ALP,,241,0.093701399688958,False,ALP>LNP>GRN>ON>IND>OTH
VIC,203,Calwell,4,41604,Maria Bengtsson,OTH,OTH_FFPA,RIGHT,2572,True,False,41084,Ravneet Kaur Garcha,GRN,GRN,,206,0.08009331259720062,False,ALP>LNP>GRN>ON>IND>OTH
VIC,203,Calwell,4,41604,Maria Bengtsson,OTH,OTH_FFPA,RIGHT,2572,True,False,41232,Gianni Del Rosario-Makridis,OTH,OTH_HMP,CENTRE_LEFT,259,0.10069984447900467,True,ALP>LNP>GRN>ON>IND>OTH
VIC,203,Calwell,4,41604,Maria Bengtsson,OTH,OTH_FFPA,RIGHT,2572,True,False,41525,Luay Toma,ON,ON,,460,0.17884914463452567,False,ALP>LNP>GRN>ON>IND>OTH
VIC,203,Calwell,4,41604,Maria Bengtsson,OTH,OTH_FFPA,RIGHT,2572,True,False,42008,Samim Moslih,IND,IND_PROMINENT,LEFT,134,0.052099533437014,False,ALP>LNP>GRN>ON>IND>OTH
VIC,203,Calwell,5,40700,Bassima Hawli,OTH,OTH_CEC,CENTRE,2912,True,False,40630,Carly Moore,IND,IND_PROMINENT,CENTRE_LEFT,287,0.0985576923076923,False,ALP>LNP>GRN>ON>IND>OTH
VIC,203,Calwell,5,40700,Bassima Hawli,OTH,OTH_CEC,CENTRE,2912,True,False,40654,Joseph Youhana,IND,IND_PROMINENT,CENTRE,628,0.21565934065934067,False,ALP>LNP>GRN>ON>IND>OTH
VIC,203,Calwell,5,40700,Bassima Hawli,OTH,OTH_CEC,CENTRE,2912,True,False,40752,Usman Ghani,LNP,LIB,,324,0.11126373626373626,False,ALP>LNP>GRN>ON>IND>OTH
VIC,203,Calwell,5,40700,Bassima Hawli,OTH,OTH_CEC,CENTRE,2912,True,False,40860,Basem Abdo,ALP,ALP,,786,0.2699175824175824,False,ALP>LNP>GRN>ON>IND>OTH
VIC,203,Calwell,5,40700,Bassima Hawli,OTH,OTH_CEC,CENTRE,2912,True,False,41084,Ravneet Kaur Garcha,GRN,GRN,,257,0.08825549450549451,False,ALP>LNP>GRN>ON>IND>OTH
VIC,203,Calwell,5,40700,Bassima Hawli,OTH,OTH_CEC,CENTRE,2912,True,False,41232,Gianni Del Rosario-Makridis,OTH,OTH_HMP,CENTRE_LEFT,128,0.04395604395604396,True,ALP>LNP>GRN>ON>IND>OTH
VIC,203,Calwell,5,40700,Bassima Hawli,OTH,OTH_CEC,CENTRE,2912,True,False,41525,Luay Toma,ON,ON,,120,0.04120879120879121,False,ALP>LNP>GRN>ON>IND>OTH
VIC,203,Calwell,5,40700,Bassima Hawli,OTH,OTH_CEC,CENTRE,2912,True,False,42008,Samim Moslih,IND,IND_PROMINENT,LEFT,382,0.1311813186813187,False,ALP>LNP>GRN>ON>IND>OTH
VIC,203,Calwell,6,41232,Gianni Del Rosario-Makridis,OTH,OTH_HMP,CENTRE_LEFT,3349,False,True,40630,Carly Moore,IND,IND_PROMINENT,CENTRE_LEFT,866,0.2585846521349657,False,ALP>LNP>GRN>ON>IND
VIC,203,Calwell,6,41232,Gianni Del Rosario-Makridis,OTH,OTH_HMP,CENTRE_LEFT,3349,False,True,40654,Joseph Youhana,IND,IND_PROMINENT,CENTRE,201,0.06001791579575993,False,ALP>LNP>GRN>ON>IND
VIC,203,Calwell,6,41232,Gianni Del Rosario-Makridis,OTH,OTH_HMP,CENTRE_LEFT,3349,False,True,40752,Usman Ghani,LNP,LIB,,247,0.07375335921170499,False,ALP>LNP>GRN>ON>IND
VIC,203,Calwell,6,41232,Gianni Del Rosario-Makridis,OTH,OTH_HMP,CENTRE_LEFT,3349,False,True,40860,Basem Abdo,ALP,ALP,,614,0.18333830994326664,False,ALP>LNP>GRN>ON>IND
VIC,203,Calwell,6,41232,Gianni Del Rosario-Makridis,OTH,OTH_HMP,CENTRE_LEFT,3349,False,True,41084,Ravneet Kaur Garcha,GRN,GRN,,673,0.20095550910719617,False,ALP>LNP>GRN>ON>IND
VIC,203,Calwell,6,41232,Gianni Del Rosario-Makridis,OTH,OTH_HMP,CENTRE_LEFT,3349,False,True,41525,Luay Toma,ON,ON,,474,0.14153478650343387,False,ALP>LNP>GRN>ON>IND
VIC,203,Calwell,6,41232,Gianni Del Rosario-Makridis,OTH,OTH_HMP,CENTRE_LEFT,3349,False,True,42008,Samim Moslih,IND,IND_PROMINENT,LEFT,274,0.08181546730367274,False,ALP>LNP>GRN>ON>IND
VIC,203,Calwell,7,41525,Luay Toma,ON,ON,,5008,False,True,40630,Carly Moore,IND,IND_PROMINENT,CENTRE_LEFT,1555,0.3105031948881789,False,ALP>LNP>GRN>IND
VIC,203,Calwell,7,41525,Luay Toma,ON,ON,,5008,False,True,40654,Joseph Youhana,IND,IND_PROMINENT,CENTRE,1045,0.20866613418530353,False,ALP>LNP>GRN>IND
VIC,203,Calwell,7,41525,Luay Toma,ON,ON,,5008,False,True,40752,Usman Ghani,LNP,LIB,,1261,0.25179712460063897,False,ALP>LNP>GRN>IND
VIC,203,Calwell,7,41525,Luay Toma,ON,ON,,5008,False,True,40860,Basem Abdo,ALP,ALP,,498,0.0994408945686901,False,ALP>LNP>GRN>IND
VIC,203,Calwell,7,41525,Luay Toma,ON,ON,,5008,False,True,41084,Ravneet Kaur Garcha,GRN,GRN,,327,0.06529552715654952,False,ALP>LNP>GRN>IND
VIC,203,Calwell,7,41525,Luay Toma,ON,ON,,5008,False,True,42008,Samim Moslih,IND,IND_PROMINENT,LEFT,322,0.06429712460063898,False,ALP>LNP>GRN>IND
VIC,203,Calwell,8,42008,Samim Moslih,IND,IND_PROMINENT,LEFT,7368,True,False,40630,Carly Moore,IND,IND_PROMINENT,CENTRE_LEFT,950,0.12893593919652552,True,ALP>LNP>GRN>IND
VIC,203,Calwell,8,42008,Samim Moslih,IND,IND_PROMINENT,LEFT,7368,True,False,40654,Joseph Youhana,IND,IND_PROMINENT,CENTRE,616,0.08360477741585233,True,ALP>LNP>GRN>IND
VIC,203,Calwell,8,42008,Samim Moslih,IND,IND_PROMINENT,LEFT,7368,True,False,40752,Usman Ghani,LNP,LIB,,371,0.0503528773072747,False,ALP>LNP>GRN>IND
VIC,203,Calwell,8,42008,Samim Moslih,IND,IND_PROMINENT,LEFT,7368,True,False,40860,Basem Abdo,ALP,ALP,,901,0.12228555917480999,False,ALP>LNP>GRN>IND
VIC,203,Calwell,8,42008,Samim Moslih,IND,IND_PROMINENT,LEFT,7368,True,False,41084,Ravneet Kaur Garcha,GRN,GRN,,4530,0.6148208469055375,False,ALP>LNP>GRN>IND
VIC,203,Calwell,9,40654,Joseph Youhana,IND,IND_PROMINENT,CENTRE,12471,True,False,40630,Carly Moore,IND,IND_PROMINENT,CENTRE_LEFT,7244,0.5808676128618395,True,ALP>LNP>GRN>IND
VIC,203,Calwell,9,40654,Joseph Youhana,IND,IND_PROMINENT,CENTRE,12471,True,False,40752,Usman Ghani,LNP,LIB,,2019,0.16189559778686552,False,ALP>LNP>GRN>IND
VIC,203,Calwell,9,40654,Joseph Youhana,IND,IND_PROMINENT,CENTRE,12471,True,False,40860,Basem Abdo,ALP,ALP,,1963,0.15740518001764092,False,ALP>LNP>GRN>IND
VIC,203,Calwell,9,40654,Joseph Youhana,IND,IND_PROMINENT,CENTRE,12471,True,False,41084,Ravneet Kaur Garcha,GRN,GRN,,1245,0.09983160933365408,False,ALP>LNP>GRN>IND
VIC,203,Calwell,10,41084,Ravneet Kaur Garcha,GRN,GRN,,14946,False,True,40630,Carly Moore,IND,IND_PROMINENT,CENTRE_LEFT,3698,0.2474240599491503,False,ALP>LNP>IND
VIC,203,Calwell,10,41084,Ravneet Kaur Garcha,GRN,GRN,,14946,False,True,40752,Usman Ghani,LNP,LIB,,989,0.06617155091663321,False,ALP>LNP>IND
VIC,203,Calwell,10,41084,Ravneet Kaur Garcha,GRN,GRN,,14946,False,True,40860,Basem Abdo,ALP,ALP,,10259,0.6864043891342165,False,ALP>LNP>IND
VIC,203,Calwell,11,40752,Usman Ghani,LNP,LIB,,20030,False,True,40630,Carly Moore,IND,IND_PROMINENT,CENTRE_LEFT,13685,0.6832251622566151,False,ALP>IND
VIC,203,Calwell,11,40752,Usman Ghani,LNP,LIB,,20030,False,True,40860,Basem Abdo,ALP,ALP,,6345,0.31677483774338494,False,ALP>IND
VIC,204,Casey,1,41319,Chloe Bond,OTH,OTH_AJP,CENTRE_LEFT,2379,True,False,36746,Claire Ferres Miles,IND,IND_PROMINENT,LEFT,412,0.173182009247583,False,ALP>LNP>GRN>ON>IND>OTH
VIC,204,Casey,1,41319,Chloe Bond,OTH,OTH_AJP,CENTRE_LEFT,2379,True,False,40757,Aaron Violi,LNP,LIB,,154,0.06473308112652375,False,ALP>LNP>GRN>ON>IND>OTH
VIC,204,Casey,1,41319,Chloe Bond,OTH,OTH_AJP,CENTRE_LEFT,2379,True,False,40857,Naomi Oakley,ALP,ALP,,308,0.1294661622530475,False,ALP>LNP>GRN>ON>IND>OTH
VIC,204,Casey,1,41319,Chloe Bond,OTH,OTH_AJP,CENTRE_LEFT,2379,True,False,41083,Merran Blair,GRN,GRN,,858,0.36065573770491804,False,ALP>LNP>GRN>ON>IND>OTH
VIC,204,Casey,1,41319,Chloe Bond,OTH,OTH_AJP,CENTRE_LEFT,2379,True,False,41389,Phillip Courtis,OTH,OTH_CYA,RIGHT,100,0.042034468263976464,True,ALP>LNP>GRN>ON>IND>OTH
VIC,204,Casey,1,41319,Chloe Bond,OTH,OTH_AJP,CENTRE_LEFT,2379,True,False,41507,Ambere Livori,ON,ON,,194,0.08154686843211434,False,ALP>LNP>GRN>ON>IND>OTH
VIC,204,Casey,1,41319,Chloe Bond,OTH,OTH_AJP,CENTRE_LEFT,2379,True,False,41576,Dan Nebauer,OTH,OTH_FFPA,RIGHT,353,0.1483816729718369,True,ALP>LNP>GRN>ON>IND>OTH
VIC,204,Casey,2,41576,Dan Nebauer,OTH,OTH_FFPA,RIGHT,3507,True,False,36746,Claire Ferres Miles,IND,IND_PROMINENT,LEFT,388,0.11063587111491303,False,ALP>LNP>GRN>ON>IND>OTH
VIC,204,Casey,2,41576,Dan Nebauer,OTH,OTH_FFPA,RIGHT,3507,True,False,40757,Aaron Violi,LNP,LIB,,955,0.27231251782149984,False,ALP>LNP>GRN>ON>IND>OTH
VIC,204,Casey,2,41576,Dan Nebauer,OTH,OTH_FFPA,RIGHT,3507,True,False,40857,Naomi Oakley,ALP,ALP,,241,0.06871970345024238,False,ALP>LNP>GRN>ON>IND>OTH
VIC,204,Casey,2,41576,Dan Nebauer,OTH,OTH_FFPA,RIGHT,3507,True,False,41083,Merran Blair,GRN,GRN,,331,0.0943826632449387,False,ALP>LNP>GRN>ON>IND>OTH
VIC,204,Casey,2,41576,Dan Nebauer,OTH,OTH_FFPA,RIGHT,3507,True,False,41389,Phillip Courtis,OTH,OTH_CYA,RIGHT,402,0.1146278870829769,True,ALP>LNP>GRN>ON>IND>OTH
VIC,204,Casey,2,41576,Dan Nebauer,OTH,OTH_FFPA,RIGHT,3507,True,False,41507,Ambere Livori,ON,ON,,1190,0.3393213572854291,False,ALP>LNP>GRN>ON>IND>OTH
VIC,204,Casey,3,41389,Phillip Courtis,OTH,OTH_CYA,RIGHT,4218,False,True,36746,Claire Ferres Miles,IND,IND_PROMINENT,LEFT,465,0.11024182076813656,False,ALP>LNP>GRN>ON>IND
VIC,204,Casey,3,41389,Phillip Courtis,OTH,OTH_CYA,RIGHT,4218,False,True,40757,Aaron Violi,LNP,LIB,,712,0.16880037932669512,False,ALP>LNP>GRN>ON>IND
VIC,204,Casey,3,41389,Phillip Courtis,OTH,OTH_CYA,RIGHT,4218,False,True,40857,Naomi Oakley,ALP,ALP,,227,0.053816974869606446,False,ALP>LNP>GRN>ON>IND
VIC,204,Casey,3,41389,Phillip Courtis,OTH,OTH_CYA,RIGHT,4218,False,True,41083,Merran Blair,GRN,GRN,,189,0.04480796586059744,False,ALP>LNP>GRN>ON>IND
VIC,204,Casey,3,41389,Phillip Courtis,OTH,OTH_CYA,RIGHT,4218,False,True,41507,Ambere Livori,ON,ON,,2625,0.6223328591749644,False,ALP>LNP>GRN>ON>IND
VIC,204,Casey,4,41507,Ambere Livori,ON,ON,,9612,False,True,36746,Claire Ferres Miles,IND,IND_PROMINENT,LEFT,2549,0.2651893466500208,False,ALP>LNP>GRN>IND
VIC,204,Casey,4,41507,Ambere Livori,ON,ON,,9612,False,True,40757,Aaron Violi,LNP,LIB,,5144,0.5351643778610071,False,ALP>LNP>GRN>IND
VIC,204,Casey,4,41507,Ambere Livori,ON,ON,,9612,False,True,40857,Naomi Oakley,ALP,ALP,,887,0.09228048272992093,False,ALP>LNP>GRN>IND
VIC,204,Casey,4,41507,Ambere Livori,ON,ON,,9612,False,True,41083,Merran Blair,GRN,GRN,,1032,0.10736579275905118,False,ALP>LNP>GRN>IND
VIC,204,Casey,5,41083,Merran Blair,GRN,GRN,,14517,False,True,36746,Claire Ferres Miles,IND,IND_PROMINENT,LEFT,7416,0.5108493490390577,False,ALP>LNP>IND
VIC,204,Casey,5,41083,Merran Blair,GRN,GRN,,14517,False,True,40757,Aaron Violi,LNP,LIB,,874,0.060205276572294554,False,ALP>LNP>IND
VIC,204,Casey,5,41083,Merran Blair,GRN,GRN,,14517,False,True,40857,Naomi Oakley,ALP,ALP,,6227,0.42894537438864777,False,ALP>LNP>IND
VIC,204,Casey,6,36746,Claire Ferres Miles,IND,IND_PROMINENT,LEFT,22820,False,True,40757,Aaron Violi,LNP,LIB,,5446,0.23865030674846627,False,ALP>LNP
VIC,204,Casey,6,36746,Claire Ferres Miles,IND,IND_PROMINENT,LEFT,22820,False,True,40857,Naomi Oakley,ALP,ALP,,17374,0.7613496932515338,False,ALP>LNP
VIC,205,Chisholm,1,41379,Christine Mcshane,OTH,OTH_CYA,RIGHT,1729,True,False,40754,Katie Allen,LNP,LIB,,434,0.25101214574898784,False,ALP>LNP>GRN>ON>IND>OTH
VIC,205,Chisholm,1,41379,Christine Mcshane,OTH,OTH_CYA,RIGHT,1729,True,False,40845,Carina Garland,ALP,ALP,,146,0.08444187391555813,False,ALP>LNP>GRN>ON>IND>OTH
VIC,205,Chisholm,1,41379,Christine Mcshane,OTH,OTH_CYA,RIGHT,1729,True,False,41086,Tim Randall,GRN,GRN,,88,0.05089647194910353,False,ALP>LNP>GRN>ON>IND>OTH
VIC,205,Chisholm,1,41379,Christine Mcshane,OTH,OTH_CYA,RIGHT,1729,True,False,41144,Kath Davies,IND,IND_PROMINENT,LEFT,186,0.10757663389242336,False,ALP>LNP>GRN>ON>IND>OTH
VIC,205,Chisholm,1,41379,Christine Mcshane,OTH,OTH_CYA,RIGHT,1729,True,False,41519,Guy Livori,ON,ON,,582,0.3366107576633892,False,ALP>LNP>GRN>ON>IND>OTH
VIC,205,Chisholm,1,41379,Christine Mcshane,OTH,OTH_CYA,RIGHT,1729,True,False,41551,Gary Ong,OTH,OTH_FFPA,RIGHT,293,0.16946211683053788,True,ALP>LNP>GRN>ON>IND>OTH
VIC,205,Chisholm,2,41551,Gary Ong,OTH,OTH_FFPA,RIGHT,2712,False,True,40754,Katie Allen,LNP,LIB,,689,0.25405604719764013,False,ALP>LNP>GRN>ON>IND
VIC,205,Chisholm,2,41551,Gary Ong,OTH,OTH_FFPA,RIGHT,2712,False,True,40845,Carina Garland,ALP,ALP,,309,0.11393805309734513,False,ALP>LNP>GRN>ON>IND
VIC,205,Chisholm,2,41551,Gary Ong,OTH,OTH_FFPA,RIGHT,2712,False,True,41086,Tim Randall,GRN,GRN,,340,0.12536873156342182,False,ALP>LNP>GRN>ON>IND
VIC,205,Chisholm,2,41551,Gary Ong,OTH,OTH_FFPA,RIGHT,2712,False,True,41144,Kath Davies,IND,IND_PROMINENT,LEFT,369,0.13606194690265486,False,ALP>LNP>GRN>ON>IND
VIC,205,Chisholm,2,41551,Gary Ong,OTH,OTH_FFPA,RIGHT,2712,False,True,41519,Guy Livori,ON,ON,,1005,0.37057522123893805,False,ALP>LNP>GRN>ON>IND
VIC,205,Chisholm,3,41519,Guy Livori,ON,ON,,3743,False,True,40754,Katie Allen,LNP,LIB,,2241,0.5987176061982367,False,ALP>LNP>GRN>IND
VIC,205,Chisholm,3,41519,Guy Livori,ON,ON,,3743,False,True,40845,Carina Garland,ALP,ALP,,268,0.07160032059845044,False,ALP>LNP>GRN>IND
VIC,205,Chisholm,3,41519,Guy Livori,ON,ON,,3743,False,True,41086,Tim Randall,GRN,GRN,,264,0.07053165909698103,False,ALP>LNP>GRN>IND
VIC,205,Chisholm,3,41519,Guy Livori,ON,ON,,3743,False,True,41144,Kath Davies,IND,IND_PROMINENT,LEFT,970,0.25915041410633183,False,ALP>LNP>GRN>IND
VIC,205,Chisholm,4,41144,Kath Davies,IND,IND_PROMINENT,LEFT,8210,False,True,40754,Katie Allen,LNP,LIB,,1899,0.23130328867235078,False,ALP>LNP>GRN
VIC,205,Chisholm,4,41144,Kath Davies,IND,IND_PROMINENT,LEFT,8210,False,True,40845,Carina Garland,ALP,ALP,,2978,0.36272838002436053,False,ALP>LNP>GRN
VIC,205,Chisholm,4,41144,Kath Davies,IND,IND_PROMINENT,LEFT,8210,False,True,41086,Tim Randall,GRN,GRN,,3333,0.4059683313032887,False,ALP>LNP>GRN
VIC,205,Chisholm,5,41086,Tim Randall,GRN,GRN,,18111,False,True,40754,Katie Allen,LNP,LIB,,2694,0.14874937883054498,False,ALP>LNP
VIC,205,Chisholm,5,41086,Tim Randall,GRN,GRN,,18111,False,True,40845,Carina Garland,ALP,ALP,,15417,0.851250621169455,False,ALP>LNP
VIC,320,Cooper,1,41206,Donna Stolzenberg,OTH,OTH_HMP,CENTRE_LEFT,4336,True,False,40767,Stewart Todhunter,LNP,LIB,,450,0.10378228782287822,False,ALP>LNP>GRN>ON>OTH
VIC,320,Cooper,1,41206,Donna Stolzenberg,OTH,OTH_HMP,CENTRE_LEFT,4336,True,False,40856,Ged Kearney,ALP,ALP,,1135,0.2617619926199262,False,ALP>LNP>GRN>ON>OTH
VIC,320,Cooper,1,41206,Donna Stolzenberg,OTH,OTH_HMP,CENTRE_LEFT,4336,True,False,41002,Kath Larkin,OTH,OTH_VNS,LEFT,1032,0.23800738007380073,True,ALP>LNP>GRN>ON>OTH
VIC,320,Cooper,1,41206,Donna Stolzenberg,OTH,OTH_HMP,CENTRE_LEFT,4336,True,False,41089,Tara Burnett,GRN,GRN,,1222,0.28182656826568264,False,ALP>LNP>GRN>ON>OTH
VIC,320,Cooper,1,41206,Donna Stolzenberg,OTH,OTH_HMP,CENTRE_LEFT,4336,True,False,41564,William Turner,ON,ON,,497,0.11462177121771218,False,ALP>LNP>GRN>ON>OTH
VIC,320,Cooper,2,41564,William Turner,ON,ON,,6181,False,True,40767,Stewart Todhunter,LNP,LIB,,3308,0.5351884808283449,False,ALP>LNP>GRN>OTH
VIC,320,Cooper,2,41564,William Turner,ON,ON,,6181,False,True,40856,Ged Kearney,ALP,ALP,,1369,0.2214851965701343,False,ALP>LNP>GRN>OTH
VIC,320,Cooper,2,41564,William Turner,ON,ON,,6181,False,True,41002,Kath Larkin,OTH,OTH_VNS,LEFT,1060,0.17149328587607182,False,ALP>LNP>GRN>OTH
VIC,320,Cooper,2,41564,William Turner,ON,ON,,6181,False,True,41089,Tara Burnett,GRN,GRN,,444,0.07183303672544895,False,ALP>LNP>GRN>OTH
VIC,320,Cooper,3,41002,Kath Larkin,OTH,OTH_VNS,LEFT,11104,False,True,40767,Stewart Todhunter,LNP,LIB,,968,0.08717579250720461,False,ALP>LNP>GRN
VIC,320,Cooper,3,41002,Kath Larkin,OTH,OTH_VNS,LEFT,11104,False,True,40856,Ged Kearney,ALP,ALP,,1480,0.13328530259365995,False,ALP>LNP>GRN
VIC,320,Cooper,3,41002,Kath Larkin,OTH,OTH_VNS,LEFT,11104,False,True,41089,Tara Burnett,GRN,GRN,,8656,0.7795389048991355,False,ALP>LNP>GRN
VIC,320,Cooper,4,40767,Stewart Todhunter,LNP,LIB,,21006,False,True,40856,Ged Kearney,ALP,ALP,,15111,0.7193658954584404,False,ALP>GRN
VIC,320,Cooper,4,40767,Stewart Todhunter,LNP,LIB,,21006,False,True,41089,Tara Burnett,GRN,GRN,,5895,0.28063410454155957,False,ALP>GRN
VIC,328,Corangamite,1,41911,Paul Barker,OTH,OTH_LTP,RIGHT,1272,True,False,40773,Darcy Dunstan,LNP,LIB,,179,0.14072327044025157,False,ALP>LNP>GRN>ON>OTH
VIC,328,Corangamite,1,41911,Paul Barker,OTH,OTH_LTP,RIGHT,1272,True,False,40877,Libby Coker,ALP,ALP,,52,0.040880503144654086,False,ALP>LNP>GRN>ON>OTH
VIC,328,Corangamite,1,41911,Paul Barker,OTH,OTH_LTP,RIGHT,1272,True,False,41088,Mitch Pope,GRN,GRN,,52,0.040880503144654086,False,ALP>LNP>GRN>ON>OTH
VIC,328,Corangamite,1,41911,Paul Barker,OTH,OTH_LTP,RIGHT,1272,True,False,41191,Kate Lockhart,OTH,IND_MINOR,LEFT,112,0.0880503144654088,True,ALP>LNP>GRN>ON>OTH
VIC,328,Corangamite,1,41911,Paul Barker,OTH,OTH_LTP,RIGHT,1272,True,False,41224,Harley Mackenzie,OTH,OTH_HMP,CENTRE_LEFT,61,0.0479559748427673,True,ALP>LNP>GRN>ON>OTH
VIC,328,Corangamite,1,41911,Paul Barker,OTH,OTH_LTP,RIGHT,1272,True,False,41380,James Jackson,OTH,OTH_CYA,RIGHT,170,0.13364779874213836,True,ALP>LNP>GRN>ON>OTH
VIC,328,Corangamite,1,41911,Paul Barker,OTH,OTH_LTP,RIGHT,1272,True,False,41510,Colin Seabrook,ON,ON,,646,0.5078616352201258,False,ALP>LNP>GRN>ON>OTH
VIC,328,Corangamite,2,41380,James Jackson,OTH,OTH_CYA,RIGHT,2622,True,False,40773,Darcy Dunstan,LNP,LIB,,486,0.1853546910755149,False,ALP>LNP>GRN>ON>OTH
VIC,328,Corangamite,2,41380,James Jackson,OTH,OTH_CYA,RIGHT,2622,True,False,40877,Libby Coker,ALP,ALP,,228,0.08695652173913043,False,ALP>LNP>GRN>ON>OTH
VIC,328,Corangamite,2,41380,James Jackson,OTH,OTH_CYA,RIGHT,2622,True,False,41088,Mitch Pope,GRN,GRN,,130,0.04958047292143402,False,ALP>LNP>GRN>ON>OTH
VIC,328,Corangamite,2,41380,James Jackson,OTH,OTH_CYA,RIGHT,2622,True,False,41191,Kate Lockhart,OTH,IND_MINOR,LEFT,448,0.17086193745232647,True,ALP>LNP>GRN>ON>OTH
VIC,328,Corangamite,2,41380,James Jackson,OTH,OTH_CYA,RIGHT,2622,True,False,41224,Harley Mackenzie,OTH,OTH_HMP,CENTRE_LEFT,285,0.10869565217391304,True,ALP>LNP>GRN>ON>OTH
VIC,328,Corangamite,2,41380,James Jackson,OTH,OTH_CYA,RIGHT,2622,True,False,41510,Colin Seabrook,ON,ON,,1045,0.39855072463768115,False,ALP>LNP>GRN>ON>OTH
VIC,328,Corangamite,3,41224,Harley Mackenzie,OTH,OTH_HMP,CENTRE_LEFT,3507,True,False,40773,Darcy Dunstan,LNP,LIB,,567,0.16167664670658682,False,ALP>LNP>GRN>ON>OTH
VIC,328,Corangamite,3,41224,Harley Mackenzie,OTH,OTH_HMP,CENTRE_LEFT,3507,True,False,40877,Libby Coker,ALP,ALP,,915,0.2609067579127459,False,ALP>LNP>GRN>ON>OTH
VIC,328,Corangamite,3,41224,Harley Mackenzie,OTH,OTH_HMP,CENTRE_LEFT,3507,True,False,41088,Mitch Pope,GRN,GRN,,923,0.2631879098944967,False,ALP>LNP>GRN>ON>OTH
VIC,328,Corangamite,3,41224,Harley Mackenzie,OTH,OTH_HMP,CENTRE_LEFT,3507,True,False,41191,Kate Lockhart,OTH,IND_MINOR,LEFT,676,0.19275734245794127,True,ALP>LNP>GRN>ON>OTH
VIC,328,Corangamite,3,41224,Harley Mackenzie,OTH,OTH_HMP,CENTRE_LEFT,3507,True,False,41510,Colin Seabrook,ON,ON,,426,0.12147134302822926,False,ALP>LNP>GRN>ON>OTH
VIC,328,Corangamite,4,41510,Colin Seabrook,ON,ON,,5460,False,True,40773,Darcy Dunstan,LNP,LIB,,2721,0.49835164835164836,False,ALP>LNP>GRN>OTH
VIC,328,Corangamite,4,41510,Colin Seabrook,ON,ON,,5460,False,True,40877,Libby Coker,ALP,ALP,,606,0.11098901098901098,False,ALP>LNP>GRN>OTH
VIC,328,Corangamite,4,41510,Colin Seabrook,ON,ON,,5460,False,True,41088,Mitch Pope,GRN,GRN,,350,0.0641025641025641,False,ALP>LNP>GRN>OTH
VIC,328,Corangamite,4,41510,Colin Seabrook,ON,ON,,5460,False,True,41191,Kate Lockhart,OTH,IND_MINOR,LEFT,1783,0.32655677655677656,False,ALP>LNP>GRN>OTH
VIC,328,Corangamite,5,41191,Kate Lockhart,OTH,IND_MINOR,LEFT,7584,False,True,40773,Darcy Dunstan,LNP,LIB,,1793,0.236418776371308,False,ALP>LNP>GRN
VIC,328,Corangamite,5,41191,Kate Lockhart,OTH,IND_MINOR,LEFT,7584,False,True,40877,Libby Coker,ALP,ALP,,1935,0.25514240506329117,False,ALP>LNP>GRN
VIC,328,Corangamite,5,41191,Kate Lockhart,OTH,IND_MINOR,LEFT,7584,False,True,41088,Mitch Pope,GRN,GRN,,3856,0.5084388185654009,False,ALP>LNP>GRN
VIC,328,Corangamite,6,41088,Mitch Pope,GRN,GRN,,20236,False,True,40773,Darcy Dunstan,LNP,LIB,,2405,0.11884759833959281,False,ALP>LNP
VIC,328,Corangamite,6,41088,Mitch Pope,GRN,GRN,,20236,False,True,40877,Libby Coker,ALP,ALP,,17831,0.8811524016604072,False,ALP>LNP
VIC,208,Corio,1,41251,Sarah Hathway,OTH,OTH_SAL,LEFT,3209,True,False,40759,Darren Buller,LNP,LIB,,117,0.036459956372701774,False,ALP>LNP>GRN>ON>OTH
VIC,208,Corio,1,41251,Sarah Hathway,OTH,OTH_SAL,LEFT,3209,True,False,40854,Richard Marles,ALP,ALP,,450,0.14023060143346838,False,ALP>LNP>GRN>ON>OTH
VIC,208,Corio,1,41251,Sarah Hathway,OTH,OTH_SAL,LEFT,3209,True,False,41142,Emilie Flynn,GRN,GRN,,1740,0.542224992209411,False,ALP>LNP>GRN>ON>OTH
VIC,208,Corio,1,41251,Sarah Hathway,OTH,OTH_SAL,LEFT,3209,True,False,41515,Adam Helman,ON,ON,,372,0.11592396385166719,False,ALP>LNP>GRN>ON>OTH
VIC,208,Corio,1,41251,Sarah Hathway,OTH,OTH_SAL,LEFT,3209,True,False,41567,John De Lorenzo,OTH,IND_MINOR,CENTRE,530,0.16516048613275164,True,ALP>LNP>GRN>ON>OTH
VIC,208,Corio,2,41567,John De Lorenzo,OTH,IND_MINOR,CENTRE,4460,False,True,40759,Darren Buller,LNP,LIB,,715,0.16031390134529147,False,ALP>LNP>GRN>ON
VIC,208,Corio,2,41567,John De Lorenzo,OTH,IND_MINOR,CENTRE,4460,False,True,40854,Richard Marles,ALP,ALP,,919,0.20605381165919281,False,ALP>LNP>GRN>ON
VIC,208,Corio,2,41567,John De Lorenzo,OTH,IND_MINOR,CENTRE,4460,False,True,41142,Emilie Flynn,GRN,GRN,,1271,0.28497757847533634,False,ALP>LNP>GRN>ON
VIC,208,Corio,2,41567,John De Lorenzo,OTH,IND_MINOR,CENTRE,4460,False,True,41515,Adam Helman,ON,ON,,1555,0.3486547085201794,False,ALP>LNP>GRN>ON
VIC,208,Corio,3,41515,Adam Helman,ON,ON,,12880,False,True,40759,Darren Buller,LNP,LIB,,6766,0.5253105590062112,False,ALP>LNP>GRN
VIC,208,Corio,3,41515,Adam Helman,ON,ON,,12880,False,True,40854,Richard Marles,ALP,ALP,,2470,0.19177018633540371,False,ALP>LNP>GRN
VIC,208,Corio,3,41515,Adam Helman,ON,ON,,12880,False,True,41142,Emilie Flynn,GRN,GRN,,3644,0.2829192546583851,False,ALP>LNP>GRN
VIC,208,Corio,4,41142,Emilie Flynn,GRN,GRN,,24146,False,True,40759,Darren Buller,LNP,LIB,,5508,0.22811231673983268,False,ALP>LNP
VIC,208,Corio,4,41142,Emilie Flynn,GRN,GRN,,24146,False,True,40854,Richard Marles,ALP,ALP,,18638,0.7718876832601673,False,ALP>LNP
VIC,209,Deakin,1,41746,Will Vandermeer,OTH,OTH_LTP,RIGHT,1585,True,False,40795,Michael Sukkar,LNP,LIB,,204,0.12870662460567822,False,ALP>LNP>GRN>ON>IND>OTH
VIC,209,Deakin,1,41746,Will Vandermeer,OTH,OTH_LTP,RIGHT,1585,True,False,40861,Matt Gregg,ALP,ALP,,78,0.04921135646687697,False,ALP>LNP>GRN>ON>IND>OTH
VIC,209,Deakin,1,41746,Will Vandermeer,OTH,OTH_LTP,RIGHT,1585,True,False,40868,Jess Ness,IND,IND_PROMINENT,LEFT,132,0.0832807570977918,False,ALP>LNP>GRN>ON>IND>OTH
VIC,209,Deakin,1,41746,Will Vandermeer,OTH,OTH_LTP,RIGHT,1585,True,False,41128,Amy Mills,GRN,GRN,,62,0.039116719242902206,False,ALP>LNP>GRN>ON>IND>OTH
VIC,209,Deakin,1,41746,Will Vandermeer,OTH,OTH_LTP,RIGHT,1585,True,False,41387,Milton Wilde,OTH,OTH_CYA,RIGHT,197,0.12429022082018927,True,ALP>LNP>GRN>ON>IND>OTH
VIC,209,Deakin,1,41746,Will Vandermeer,OTH,OTH_LTP,RIGHT,1585,True,False,41512,Anne Cooke,ON,ON,,439,0.2769716088328076,False,ALP>LNP>GRN>ON>IND>OTH
VIC,209,Deakin,1,41746,Will Vandermeer,OTH,OTH_LTP,RIGHT,1585,True,False,41547,Richard Griffith-Jones,OTH,OTH_FFPA,RIGHT,473,0.29842271293375394,True,ALP>LNP>GRN>ON>IND>OTH
VIC,209,Deakin,2,41387,Milton Wilde,OTH,OTH_CYA,RIGHT,2050,True,False,40795,Michael Sukkar,LNP,LIB,,403,0.19658536585365854,False,ALP>LNP>GRN>ON>IND>OTH
VIC,209,Deakin,2,41387,Milton Wilde,OTH,OTH_CYA,RIGHT,2050,True,False,40861,Matt Gregg,ALP,ALP,,145,0.07073170731707316,False,ALP>LNP>GRN>ON>IND>OTH
VIC,209,Deakin,2,41387,Milton Wilde,OTH,OTH_CYA,RIGHT,2050,True,False,40868,Jess Ness,IND,IND_PROMINENT,LEFT,247,0.12048780487804878,False,ALP>LNP>GRN>ON>IND>OTH
VIC,209,Deakin,2,41387,Milton Wilde,OTH,OTH_CYA,RIGHT,2050,True,False,41128,Amy Mills,GRN,GRN,,148,0.0721951219512195,False,ALP>LNP>GRN>ON>IND>OTH
VIC,209,Deakin,2,41387,Milton Wilde,OTH,OTH_CYA,RIGHT,2050,True,False,41512,Anne Cooke,ON,ON,,738,0.36,False,ALP>LNP>GRN>ON>IND>OTH
VIC,209,Deakin,2,41387,Milton Wilde,OTH,OTH_CYA,RIGHT,2050,True,False,41547,Richard Griffith-Jones,OTH,OTH_FFPA,RIGHT,369,0.18,True,ALP>LNP>GRN>ON>IND>OTH
VIC,209,Deakin,3,41547,Richard Griffith-Jones,OTH,OTH_FFPA,RIGHT,2948,False,True,40795,Michael Sukkar,LNP,LIB,,927,0.3144504748982361,False,ALP>LNP>GRN>ON>IND
VIC,209,Deakin,3,41547,Richard Griffith-Jones,OTH,OTH_FFPA,RIGHT,2948,False,True,40861,Matt Gregg,ALP,ALP,,206,0.06987788331071913,False,ALP>LNP>GRN>ON>IND
VIC,209,Deakin,3,41547,Richard Griffith-Jones,OTH,OTH_FFPA,RIGHT,2948,False,True,40868,Jess Ness,IND,IND_PROMINENT,LEFT,378,0.1282225237449118,False,ALP>LNP>GRN>ON>IND
VIC,209,Deakin,3,41547,Richard Griffith-Jones,OTH,OTH_FFPA,RIGHT,2948,False,True,41128,Amy Mills,GRN,GRN,,240,0.0814111261872456,False,ALP>LNP>GRN>ON>IND
VIC,209,Deakin,3,41547,Richard Griffith-Jones,OTH,OTH_FFPA,RIGHT,2948,False,True,41512,Anne Cooke,ON,ON,,1197,0.4060379918588874,False,ALP>LNP>GRN>ON>IND
VIC,209,Deakin,4,41512,Anne Cooke,ON,ON,,5417,False,True,40795,Michael Sukkar,LNP,LIB,,3058,0.564519106516522,False,ALP>LNP>GRN>IND
VIC,209,Deakin,4,41512,Anne Cooke,ON,ON,,5417,False,True,40861,Matt Gregg,ALP,ALP,,340,0.06276536828502861,False,ALP>LNP>GRN>IND
VIC,209,Deakin,4,41512,Anne Cooke,ON,ON,,5417,False,True,40868,Jess Ness,IND,IND_PROMINENT,LEFT,1724,0.31825733800996864,False,ALP>LNP>GRN>IND
VIC,209,Deakin,4,41512,Anne Cooke,ON,ON,,5417,False,True,41128,Amy Mills,GRN,GRN,,295,0.05445818718848071,False,ALP>LNP>GRN>IND
VIC,209,Deakin,5,40868,Jess Ness,IND,IND_PROMINENT,LEFT,10734,False,True,40795,Michael Sukkar,LNP,LIB,,2411,0.22461337805105272,False,ALP>LNP>GRN
VIC,209,Deakin,5,40868,Jess Ness,IND,IND_PROMINENT,LEFT,10734,False,True,40861,Matt Gregg,ALP,ALP,,3504,0.32643935159306875,False,ALP>LNP>GRN
VIC,209,Deakin,5,40868,Jess Ness,IND,IND_PROMINENT,LEFT,10734,False,True,41128,Amy Mills,GRN,GRN,,4819,0.4489472703558785,False,ALP>LNP>GRN
VIC,209,Deakin,6,41128,Amy Mills,GRN,GRN,,19322,False,True,40795,Michael Sukkar,LNP,LIB,,2758,0.14273884691025773,False,ALP>LNP
VIC,209,Deakin,6,41128,Amy Mills,GRN,GRN,,19322,False,True,40861,Matt Gregg,ALP,ALP,,16564,0.8572611530897423,False,ALP>LNP
VIC,210,Dunkley,1,41361,Andrew Gatley,OTH,OTH_SOPA,LEFT,981,True,False,40803,Nathan Conroy,LNP,LIB,,51,0.05198776758409786,False,ALP>LNP>GRN>ON>OTH
VIC,210,Dunkley,1,41361,Andrew Gatley,OTH,OTH_SOPA,LEFT,981,True,False,40864,Jodie Belyea,ALP,ALP,,125,0.127420998980632,False,ALP>LNP>GRN>ON>OTH
VIC,210,Dunkley,1,41361,Andrew Gatley,OTH,OTH_SOPA,LEFT,981,True,False,41129,Matt Maber,GRN,GRN,,247,0.25178389398572887,False,ALP>LNP>GRN>ON>OTH
VIC,210,Dunkley,1,41361,Andrew Gatley,OTH,OTH_SOPA,LEFT,981,True,False,41227,Lisa Abbott,OTH,OTH_HMP,CENTRE_LEFT,263,0.26809378185524974,True,ALP>LNP>GRN>ON>OTH
VIC,210,Dunkley,1,41361,Andrew Gatley,OTH,OTH_SOPA,LEFT,981,True,False,41555,Jessica Davis,ON,ON,,62,0.06320081549439348,False,ALP>LNP>GRN>ON>OTH
VIC,210,Dunkley,1,41361,Andrew Gatley,OTH,OTH_SOPA,LEFT,981,True,False,41560,Peter Nicholes,OTH,OTH_FFPA,RIGHT,81,0.08256880733944955,True,ALP>LNP>GRN>ON>OTH
VIC,210,Dunkley,1,41361,Andrew Gatley,OTH,OTH_SOPA,LEFT,981,True,False,41683,Robert Thurley,OTH,IND_MINOR,CENTRE,152,0.15494393476044852,True,ALP>LNP>GRN>ON>OTH
VIC,210,Dunkley,2,41560,Peter Nicholes,OTH,OTH_FFPA,RIGHT,2578,True,False,40803,Nathan Conroy,LNP,LIB,,624,0.24204809930178434,False,ALP>LNP>GRN>ON>OTH
VIC,210,Dunkley,2,41560,Peter Nicholes,OTH,OTH_FFPA,RIGHT,2578,True,False,40864,Jodie Belyea,ALP,ALP,,248,0.09619860356865788,False,ALP>LNP>GRN>ON>OTH
VIC,210,Dunkley,2,41560,Peter Nicholes,OTH,OTH_FFPA,RIGHT,2578,True,False,41129,Matt Maber,GRN,GRN,,282,0.10938712179984485,False,ALP>LNP>GRN>ON>OTH
VIC,210,Dunkley,2,41560,Peter Nicholes,OTH,OTH_FFPA,RIGHT,2578,True,False,41227,Lisa Abbott,OTH,OTH_HMP,CENTRE_LEFT,232,0.0899922420480993,True,ALP>LNP>GRN>ON>OTH
VIC,210,Dunkley,2,41560,Peter Nicholes,OTH,OTH_FFPA,RIGHT,2578,True,False,41555,Jessica Davis,ON,ON,,802,0.3110938712179985,False,ALP>LNP>GRN>ON>OTH
VIC,210,Dunkley,2,41560,Peter Nicholes,OTH,OTH_FFPA,RIGHT,2578,True,False,41683,Robert Thurley,OTH,IND_MINOR,CENTRE,390,0.15128006206361522,True,ALP>LNP>GRN>ON>OTH
VIC,210,Dunkley,3,41683,Robert Thurley,OTH,IND_MINOR,CENTRE,3772,True,False,40803,Nathan Conroy,LNP,LIB,,661,0.1752386002120891,False,ALP>LNP>GRN>ON>OTH
VIC,210,Dunkley,3,41683,Robert Thurley,OTH,IND_MINOR,CENTRE,3772,True,False,40864,Jodie Belyea,ALP,ALP,,748,0.19830328738069988,False,ALP>LNP>GRN>ON>OTH
VIC,210,Dunkley,3,41683,Robert Thurley,OTH,IND_MINOR,CENTRE,3772,True,False,41129,Matt Maber,GRN,GRN,,687,0.18213149522799577,False,ALP>LNP>GRN>ON>OTH
VIC,210,Dunkley,3,41683,Robert Thurley,OTH,IND_MINOR,CENTRE,3772,True,False,41227,Lisa Abbott,OTH,OTH_HMP,CENTRE_LEFT,718,0.19034994697773064,True,ALP>LNP>GRN>ON>OTH
VIC,210,Dunkley,3,41683,Robert Thurley,OTH,IND_MINOR,CENTRE,3772,True,False,41555,Jessica Davis,ON,ON,,958,0.2539766702014846,False,ALP>LNP>GRN>ON>OTH
VIC,210,Dunkley,4,41227,Lisa Abbott,OTH,OTH_HMP,CENTRE_LEFT,6456,False,True,40803,Nathan Conroy,LNP,LIB,,801,0.12407063197026022,False,ALP>LNP>GRN>ON
VIC,210,Dunkley,4,41227,Lisa Abbott,OTH,OTH_HMP,CENTRE_LEFT,6456,False,True,40864,Jodie Belyea,ALP,ALP,,1912,0.29615861214374223,False,ALP>LNP>GRN>ON
VIC,210,Dunkley,4,41227,Lisa Abbott,OTH,OTH_HMP,CENTRE_LEFT,6456,False,True,41129,Matt Maber,GRN,GRN,,2283,0.35362453531598514,False,ALP>LNP>GRN>ON
VIC,210,Dunkley,4,41227,Lisa Abbott,OTH,OTH_HMP,CENTRE_LEFT,6456,False,True,41555,Jessica Davis,ON,ON,,1460,0.22614622057001238,False,ALP>LNP>GRN>ON
VIC,210,Dunkley,5,41555,Jessica Davis,ON,ON,,10776,False,True,40803,Nathan Conroy,LNP,LIB,,6472,0.6005939123979213,False,ALP>LNP>GRN
VIC,210,Dunkley,5,41555,Jessica Davis,ON,ON,,10776,False,True,40864,Jodie Belyea,ALP,ALP,,1834,0.17019302152932442,False,ALP>LNP>GRN
VIC,210,Dunkley,5,41555,Jessica Davis,ON,ON,,10776,False,True,41129,Matt Maber,GRN,GRN,,2470,0.22921306607275427,False,ALP>LNP>GRN
VIC,210,Dunkley,6,41129,Matt Maber,GRN,GRN,,18618,False,True,40803,Nathan Conroy,LNP,LIB,,2963,0.15914706198302717,False,ALP>LNP
VIC,210,Dunkley,6,41129,Matt Maber,GRN,GRN,,18618,False,True,40864,Jodie Belyea,ALP,ALP,,15655,0.8408529380169728,False,ALP>LNP
VIC,211,Flinders,1,40892,Joseph Toscano,OTH,IND_MINOR,CENTRE,980,True,False,40748,Zoe Mckenzie,LNP,LIB,,118,0.12040816326530612,False,ALP>LNP>GRN>ON>IND>OTH
VIC,211,Flinders,1,40892,Joseph Toscano,OTH,IND_MINOR,CENTRE,980,True,False,40838,Ben Smith,IND,IND_PROMINENT,CENTRE_LEFT,315,0.32142857142857145,False,ALP>LNP>GRN>ON>IND>OTH
VIC,211,Flinders,1,40892,Joseph Toscano,OTH,IND_MINOR,CENTRE,980,True,False,40853,Sarah Race,ALP,ALP,,149,0.1520408163265306,False,ALP>LNP>GRN>ON>IND>OTH
VIC,211,Flinders,1,40892,Joseph Toscano,OTH,IND_MINOR,CENTRE,980,True,False,41131,Adam Frogley,GRN,GRN,,156,0.15918367346938775,False,ALP>LNP>GRN>ON>IND>OTH
VIC,211,Flinders,1,40892,Joseph Toscano,OTH,IND_MINOR,CENTRE,980,True,False,41371,Jason Smart,OTH,OTH_CYA,RIGHT,108,0.11020408163265306,True,ALP>LNP>GRN>ON>IND>OTH
VIC,211,Flinders,1,40892,Joseph Toscano,OTH,IND_MINOR,CENTRE,980,True,False,41509,Mike Brown,ON,ON,,134,0.13673469387755102,False,ALP>LNP>GRN>ON>IND>OTH
VIC,211,Flinders,2,41371,Jason Smart,OTH,OTH_CYA,RIGHT,3252,False,True,40748,Zoe Mckenzie,LNP,LIB,,723,0.22232472324723246,False,ALP>LNP>GRN>ON>IND
VIC,211,Flinders,2,41371,Jason Smart,OTH,OTH_CYA,RIGHT,3252,False,True,40838,Ben Smith,IND,IND_PROMINENT,CENTRE_LEFT,963,0.29612546125461253,False,ALP>LNP>GRN>ON>IND
VIC,211,Flinders,2,41371,Jason Smart,OTH,OTH_CYA,RIGHT,3252,False,True,40853,Sarah Race,ALP,ALP,,202,0.06211562115621156,False,ALP>LNP>GRN>ON>IND
VIC,211,Flinders,2,41371,Jason Smart,OTH,OTH_CYA,RIGHT,3252,False,True,41131,Adam Frogley,GRN,GRN,,150,0.046125461254612546,False,ALP>LNP>GRN>ON>IND
VIC,211,Flinders,2,41371,Jason Smart,OTH,OTH_CYA,RIGHT,3252,False,True,41509,Mike Brown,ON,ON,,1214,0.37330873308733087,False,ALP>LNP>GRN>ON>IND
VIC,211,Flinders,3,41509,Mike Brown,ON,ON,,7439,False,True,40748,Zoe Mckenzie,LNP,LIB,,4656,0.6258905766904154,False,ALP>LNP>GRN>IND
VIC,211,Flinders,3,41509,Mike Brown,ON,ON,,7439,False,True,40838,Ben Smith,IND,IND_PROMINENT,CENTRE_LEFT,1727,0.2321548595241296,False,ALP>LNP>GRN>IND
VIC,211,Flinders,3,41509,Mike Brown,ON,ON,,7439,False,True,40853,Sarah Race,ALP,ALP,,696,0.093560962494959,False,ALP>LNP>GRN>IND
VIC,211,Flinders,3,41509,Mike Brown,ON,ON,,7439,False,True,41131,Adam Frogley,GRN,GRN,,360,0.04839360129049603,False,ALP>LNP>GRN>IND
VIC,211,Flinders,4,41131,Adam Frogley,GRN,GRN,,7971,False,True,40748,Zoe Mckenzie,LNP,LIB,,572,0.07176013047296449,False,ALP>LNP>IND
VIC,211,Flinders,4,41131,Adam Frogley,GRN,GRN,,7971,False,True,40838,Ben Smith,IND,IND_PROMINENT,CENTRE_LEFT,3874,0.4860117927487141,False,ALP>LNP>IND
VIC,211,Flinders,4,41131,Adam Frogley,GRN,GRN,,7971,False,True,40853,Sarah Race,ALP,ALP,,3525,0.44222807677832143,False,ALP>LNP>IND
VIC,211,Flinders,5,40853,Sarah Race,ALP,ALP,,30194,False,True,40748,Zoe Mckenzie,LNP,LIB,,6646,0.22010995562032193,False,LNP>IND
VIC,211,Flinders,5,40853,Sarah Race,ALP,ALP,,30194,False,True,40838,Ben Smith,IND,IND_PROMINENT,CENTRE_LEFT,23548,0.7798900443796781,False,LNP>IND
VIC,321,Fraser,1,41562,Rob Rancie,OTH,OTH_FFPA,RIGHT,4545,True,False,40783,Satish Patel,LNP,LIB,,631,0.13883388338833882,False,ALP>LNP>GRN>ON>OTH
VIC,321,Fraser,1,41562,Rob Rancie,OTH,OTH_FFPA,RIGHT,4545,True,False,40859,Daniel Mulino,ALP,ALP,,584,0.1284928492849285,False,ALP>LNP>GRN>ON>OTH
VIC,321,Fraser,1,41562,Rob Rancie,OTH,OTH_FFPA,RIGHT,4545,True,False,41004,Jasmine Duff,OTH,OTH_VNS,LEFT,403,0.08866886688668867,True,ALP>LNP>GRN>ON>OTH
VIC,321,Fraser,1,41562,Rob Rancie,OTH,OTH_FFPA,RIGHT,4545,True,False,41133,Huong Truong,GRN,GRN,,1537,0.3381738173817382,False,ALP>LNP>GRN>ON>OTH
VIC,321,Fraser,1,41562,Rob Rancie,OTH,OTH_FFPA,RIGHT,4545,True,False,41517,George Rozario,ON,ON,,1390,0.30583058305830585,False,ALP>LNP>GRN>ON>OTH
VIC,321,Fraser,2,41517,George Rozario,ON,ON,,6525,False,True,40783,Satish Patel,LNP,LIB,,3436,0.5265900383141763,False,ALP>LNP>GRN>OTH
VIC,321,Fraser,2,41517,George Rozario,ON,ON,,6525,False,True,40859,Daniel Mulino,ALP,ALP,,899,0.13777777777777778,False,ALP>LNP>GRN>OTH
VIC,321,Fraser,2,41517,George Rozario,ON,ON,,6525,False,True,41004,Jasmine Duff,OTH,OTH_VNS,LEFT,1247,0.19111111111111112,False,ALP>LNP>GRN>OTH
VIC,321,Fraser,2,41517,George Rozario,ON,ON,,6525,False,True,41133,Huong Truong,GRN,GRN,,943,0.14452107279693488,False,ALP>LNP>GRN>OTH
VIC,321,Fraser,3,41004,Jasmine Duff,OTH,OTH_VNS,LEFT,8355,False,True,40783,Satish Patel,LNP,LIB,,895,0.10712148414123279,False,ALP>LNP>GRN
VIC,321,Fraser,3,41004,Jasmine Duff,OTH,OTH_VNS,LEFT,8355,False,True,40859,Daniel Mulino,ALP,ALP,,1515,0.1813285457809695,False,ALP>LNP>GRN
VIC,321,Fraser,3,41004,Jasmine Duff,OTH,OTH_VNS,LEFT,8355,False,True,41133,Huong Truong,GRN,GRN,,5945,0.7115499700777977,False,ALP>LNP>GRN
VIC,321,Fraser,4,40783,Satish Patel,LNP,LIB,,23087,False,True,40859,Daniel Mulino,ALP,ALP,,14865,0.643868843938147,False,ALP>GRN
VIC,321,Fraser,4,40783,Satish Patel,LNP,LIB,,23087,False,True,41133,Huong Truong,GRN,GRN,,8222,0.35613115606185297,False,ALP>GRN
VIC,212,Gellibrand,1,41577,Jo Garcia,OTH,OTH_FFPA,RIGHT,4396,False,True,40755,Ben Reeson,LNP,LIB,,945,0.21496815286624205,False,ALP>LNP>GRN>ON
VIC,212,Gellibrand,1,41577,Jo Garcia,OTH,OTH_FFPA,RIGHT,4396,False,True,40836,Tim Watts,ALP,ALP,,840,0.1910828025477707,False,ALP>LNP>GRN>ON
VIC,212,Gellibrand,1,41577,Jo Garcia,OTH,OTH_FFPA,RIGHT,4396,False,True,41121,Ponraj Krishna Pandi,GRN,GRN,,1045,0.23771610555050046,False,ALP>LNP>GRN>ON
VIC,212,Gellibrand,1,41577,Jo Garcia,OTH,OTH_FFPA,RIGHT,4396,False,True,41537,Stephen Bennett,ON,ON,,1566,0.3562329390354868,False,ALP>LNP>GRN>ON
VIC,212,Gellibrand,2,41537,Stephen Bennett,ON,ON,,7856,False,True,40755,Ben Reeson,LNP,LIB,,4756,0.6053971486761711,False,ALP>LNP>GRN
VIC,212,Gellibrand,2,41537,Stephen Bennett,ON,ON,,7856,False,True,40836,Tim Watts,ALP,ALP,,1727,0.21983197556008147,False,ALP>LNP>GRN
VIC,212,Gellibrand,2,41537,Stephen Bennett,ON,ON,,7856,False,True,41121,Ponraj Krishna Pandi,GRN,GRN,,1373,0.17477087576374745,False,ALP>LNP>GRN
VIC,212,Gellibrand,3,41121,Ponraj Krishna Pandi,GRN,GRN,,20351,False,True,40755,Ben Reeson,LNP,LIB,,3473,0.1706550046680753,False,ALP>LNP
VIC,212,Gellibrand,3,41121,Ponraj Krishna Pandi,GRN,GRN,,20351,False,True,40836,Tim Watts,ALP,ALP,,16878,0.8293449953319247,False,ALP>LNP
VIC,213,Gippsland,1,41317,Simon Wilson,OTH,OTH_LTP,RIGHT,3416,False,True,40832,Sonny Stephens,ALP,ALP,,341,0.09982435597189696,False,ALP>LNP>GRN>ON
VIC,213,Gippsland,1,41317,Simon Wilson,OTH,OTH_LTP,RIGHT,3416,False,True,41118,Rochelle Hine,GRN,GRN,,315,0.09221311475409837,False,ALP>LNP>GRN>ON
VIC,213,Gippsland,1,41317,Simon Wilson,OTH,OTH_LTP,RIGHT,3416,False,True,41138,Darren Chester,LNP,NAT,,1339,0.39197892271662765,False,ALP>LNP>GRN>ON
VIC,213,Gippsland,1,41317,Simon Wilson,OTH,OTH_LTP,RIGHT,3416,False,True,41523,Gregory Hansford,ON,ON,,1421,0.41598360655737704,False,ALP>LNP>GRN>ON
VIC,213,Gippsland,2,41118,Rochelle Hine,GRN,GRN,,9212,False,True,40832,Sonny Stephens,ALP,ALP,,6844,0.7429439861050803,False,ALP>LNP>ON
VIC,213,Gippsland,2,41118,Rochelle Hine,GRN,GRN,,9212,False,True,41138,Darren Chester,LNP,NAT,,1710,0.18562744246634824,False,ALP>LNP>ON
VIC,213,Gippsland,2,41118,Rochelle Hine,GRN,GRN,,9212,False,True,41523,Gregory Hansford,ON,ON,,658,0.07142857142857142,False,ALP>LNP>ON
VIC,213,Gippsland,3,41523,Gregory Hansford,ON,ON,,17197,False,True,40832,Sonny Stephens,ALP,ALP,,2626,0.15270105250915858,False,ALP>LNP
VIC,213,Gippsland,3,41523,Gregory Hansford,ON,ON,,17197,False,True,41138,Darren Chester,LNP,NAT,,14571,0.8472989474908414,False,ALP>LNP
VIC,214,Goldstein,1,41309,David Segal,OTH,OTH_LTP,RIGHT,1677,True,False,36074,Zoe Daniel,IND,IND_PROMINENT,CENTRE_LEFT,123,0.07334525939177101,False,ALP>LNP>GRN>ON>IND>OTH
VIC,214,Goldstein,1,41309,David Segal,OTH,OTH_LTP,RIGHT,1677,True,False,40747,Tim Wilson,LNP,LIB,,343,0.2045319022063208,False,ALP>LNP>GRN>ON>IND>OTH
VIC,214,Goldstein,1,41309,David Segal,OTH,OTH_LTP,RIGHT,1677,True,False,40813,Nildhara Gadani,ALP,ALP,,99,0.059033989266547404,False,ALP>LNP>GRN>ON>IND>OTH
VIC,214,Goldstein,1,41309,David Segal,OTH,OTH_LTP,RIGHT,1677,True,False,41112,Alana Galli-Mcrostie,GRN,GRN,,89,0.05307096004770424,False,ALP>LNP>GRN>ON>IND>OTH
VIC,214,Goldstein,1,41309,David Segal,OTH,OTH_LTP,RIGHT,1677,True,False,41372,Vicki Jane Williams,OTH,OTH_CYA,RIGHT,254,0.15146094215861658,True,ALP>LNP>GRN>ON>IND>OTH
VIC,214,Goldstein,1,41309,David Segal,OTH,OTH_LTP,RIGHT,1677,True,False,41925,Leon Gardiner,ON,ON,,769,0.45855694692904,False,ALP>LNP>GRN>ON>IND>OTH
VIC,214,Goldstein,2,41372,Vicki Jane Williams,OTH,OTH_CYA,RIGHT,2320,False,True,36074,Zoe Daniel,IND,IND_PROMINENT,CENTRE_LEFT,224,0.09655172413793103,False,ALP>LNP>GRN>ON>IND
VIC,214,Goldstein,2,41372,Vicki Jane Williams,OTH,OTH_CYA,RIGHT,2320,False,True,40747,Tim Wilson,LNP,LIB,,527,0.2271551724137931,False,ALP>LNP>GRN>ON>IND
VIC,214,Goldstein,2,41372,Vicki Jane Williams,OTH,OTH_CYA,RIGHT,2320,False,True,40813,Nildhara Gadani,ALP,ALP,,408,0.17586206896551723,False,ALP>LNP>GRN>ON>IND
VIC,214,Goldstein,2,41372,Vicki Jane Williams,OTH,OTH_CYA,RIGHT,2320,False,True,41112,Alana Galli-Mcrostie,GRN,GRN,,121,0.052155172413793104,False,ALP>LNP>GRN>ON>IND
VIC,214,Goldstein,2,41372,Vicki Jane Williams,OTH,OTH_CYA,RIGHT,2320,False,True,41925,Leon Gardiner,ON,ON,,1040,0.4482758620689655,False,ALP>LNP>GRN>ON>IND
VIC,214,Goldstein,3,41925,Leon Gardiner,ON,ON,,3846,False,True,36074,Zoe Daniel,IND,IND_PROMINENT,CENTRE_LEFT,712,0.18512740509620385,False,ALP>LNP>GRN>IND
VIC,214,Goldstein,3,41925,Leon Gardiner,ON,ON,,3846,False,True,40747,Tim Wilson,LNP,LIB,,2667,0.6934477379095164,False,ALP>LNP>GRN>IND
VIC,214,Goldstein,3,41925,Leon Gardiner,ON,ON,,3846,False,True,40813,Nildhara Gadani,ALP,ALP,,269,0.06994279771190848,False,ALP>LNP>GRN>IND
VIC,214,Goldstein,3,41925,Leon Gardiner,ON,ON,,3846,False,True,41112,Alana Galli-Mcrostie,GRN,GRN,,198,0.0514820592823713,False,ALP>LNP>GRN>IND
VIC,214,Goldstein,4,41112,Alana Galli-Mcrostie,GRN,GRN,,8728,False,True,36074,Zoe Daniel,IND,IND_PROMINENT,CENTRE_LEFT,5640,0.6461961503208066,False,ALP>LNP>IND
VIC,214,Goldstein,4,41112,Alana Galli-Mcrostie,GRN,GRN,,8728,False,True,40747,Tim Wilson,LNP,LIB,,441,0.05052703941338222,False,ALP>LNP>IND
VIC,214,Goldstein,4,41112,Alana Galli-Mcrostie,GRN,GRN,,8728,False,True,40813,Nildhara Gadani,ALP,ALP,,2647,0.30327681026581116,False,ALP>LNP>IND
VIC,214,Goldstein,5,40813,Nildhara Gadani,ALP,ALP,,19235,False,True,36074,Zoe Daniel,IND,IND_PROMINENT,CENTRE_LEFT,15517,0.8067065245645958,False,LNP>IND
VIC,214,Goldstein,5,40813,Nildhara Gadani,ALP,ALP,,19235,False,True,40747,Tim Wilson,LNP,LIB,,3718,0.1932934754354042,False,LNP>IND
VIC,309,Gorton,1,41313,Rob Mccathie,OTH,OTH_LTP,RIGHT,1377,True,False,40743,John Fletcher,LNP,LIB,,178,0.12926652142338416,False,ALP>LNP>GRN>ON>OTH
VIC,309,Gorton,1,41313,Rob Mccathie,OTH,OTH_LTP,RIGHT,1377,True,False,40823,Alice Jordan-Baird,ALP,ALP,,183,0.1328976034858388,False,ALP>LNP>GRN>ON>OTH
VIC,309,Gorton,1,41313,Rob Mccathie,OTH,OTH_LTP,RIGHT,1377,True,False,41107,Thuc Bao Huynh,GRN,GRN,,61,0.04429920116194626,False,ALP>LNP>GRN>ON>OTH
VIC,309,Gorton,1,41313,Rob Mccathie,OTH,OTH_LTP,RIGHT,1377,True,False,41218,Xavier Menta,OTH,OTH_HMP,CENTRE_LEFT,297,0.21568627450980393,True,ALP>LNP>GRN>ON>OTH
VIC,309,Gorton,1,41313,Rob Mccathie,OTH,OTH_LTP,RIGHT,1377,True,False,41553,Alan Reid,ON,ON,,322,0.23384168482207698,False,ALP>LNP>GRN>ON>OTH
VIC,309,Gorton,1,41313,Rob Mccathie,OTH,OTH_LTP,RIGHT,1377,True,False,41586,Kathrine Ashton,OTH,OTH_FFPA,RIGHT,336,0.2440087145969499,True,ALP>LNP>GRN>ON>OTH
VIC,309,Gorton,2,41586,Kathrine Ashton,OTH,OTH_FFPA,RIGHT,4552,True,False,40743,John Fletcher,LNP,LIB,,1077,0.23659929701230228,False,ALP>LNP>GRN>ON>OTH
VIC,309,Gorton,2,41586,Kathrine Ashton,OTH,OTH_FFPA,RIGHT,4552,True,False,40823,Alice Jordan-Baird,ALP,ALP,,918,0.2016695957820738,False,ALP>LNP>GRN>ON>OTH
VIC,309,Gorton,2,41586,Kathrine Ashton,OTH,OTH_FFPA,RIGHT,4552,True,False,41107,Thuc Bao Huynh,GRN,GRN,,615,0.1351054481546573,False,ALP>LNP>GRN>ON>OTH
VIC,309,Gorton,2,41586,Kathrine Ashton,OTH,OTH_FFPA,RIGHT,4552,True,False,41218,Xavier Menta,OTH,OTH_HMP,CENTRE_LEFT,671,0.14740773286467487,True,ALP>LNP>GRN>ON>OTH
VIC,309,Gorton,2,41586,Kathrine Ashton,OTH,OTH_FFPA,RIGHT,4552,True,False,41553,Alan Reid,ON,ON,,1271,0.27921792618629176,False,ALP>LNP>GRN>ON>OTH
VIC,309,Gorton,3,41218,Xavier Menta,OTH,OTH_HMP,CENTRE_LEFT,7503,False,True,40743,John Fletcher,LNP,LIB,,984,0.13114754098360656,False,ALP>LNP>GRN>ON
VIC,309,Gorton,3,41218,Xavier Menta,OTH,OTH_HMP,CENTRE_LEFT,7503,False,True,40823,Alice Jordan-Baird,ALP,ALP,,3066,0.40863654538184724,False,ALP>LNP>GRN>ON
VIC,309,Gorton,3,41218,Xavier Menta,OTH,OTH_HMP,CENTRE_LEFT,7503,False,True,41107,Thuc Bao Huynh,GRN,GRN,,2081,0.2773557243769159,False,ALP>LNP>GRN>ON
VIC,309,Gorton,3,41218,Xavier Menta,OTH,OTH_HMP,CENTRE_LEFT,7503,False,True,41553,Alan Reid,ON,ON,,1372,0.18286018925763028,False,ALP>LNP>GRN>ON
VIC,309,Gorton,4,41553,Alan Reid,ON,ON,,10102,False,True,40743,John Fletcher,LNP,LIB,,5623,0.556622450999802,False,ALP>LNP>GRN
VIC,309,Gorton,4,41553,Alan Reid,ON,ON,,10102,False,True,40823,Alice Jordan-Baird,ALP,ALP,,2298,0.2274797069887151,False,ALP>LNP>GRN
VIC,309,Gorton,4,41553,Alan Reid,ON,ON,,10102,False,True,41107,Thuc Bao Huynh,GRN,GRN,,2181,0.21589784201148288,False,ALP>LNP>GRN
VIC,309,Gorton,5,41107,Thuc Bao Huynh,GRN,GRN,,17182,False,True,40743,John Fletcher,LNP,LIB,,4101,0.23868001396810615,False,ALP>LNP
VIC,309,Gorton,5,41107,Thuc Bao Huynh,GRN,GRN,,17182,False,True,40823,Alice Jordan-Baird,ALP,ALP,,13081,0.7613199860318939,False,ALP>LNP
VIC,326,Hawke,1,41320,Fiona Adin-James,OTH,OTH_AJP,CENTRE_LEFT,2069,True,False,40829,Sam Rae,ALP,ALP,,314,0.15176413726437893,False,ALP>LNP>GRN>ON>OTH
VIC,326,Hawke,1,41320,Fiona Adin-James,OTH,OTH_AJP,CENTRE_LEFT,2069,True,False,40843,Simmone Cottom,LNP,LIB,,152,0.07346544224262928,False,ALP>LNP>GRN>ON>OTH
VIC,326,Hawke,1,41320,Fiona Adin-James,OTH,OTH_AJP,CENTRE_LEFT,2069,True,False,41101,Sarah Newman,GRN,GRN,,485,0.2344127597873369,False,ALP>LNP>GRN>ON>OTH
VIC,326,Hawke,1,41320,Fiona Adin-James,OTH,OTH_AJP,CENTRE_LEFT,2069,True,False,41240,Devon Starbuck,OTH,OTH_HMP,CENTRE_LEFT,592,0.2861285645239246,True,ALP>LNP>GRN>ON>OTH
VIC,326,Hawke,1,41320,Fiona Adin-James,OTH,OTH_AJP,CENTRE_LEFT,2069,True,False,41600,Melanie Milutinovic,OTH,OTH_FFPA,RIGHT,338,0.16336394393426776,True,ALP>LNP>GRN>ON>OTH
VIC,326,Hawke,1,41320,Fiona Adin-James,OTH,OTH_AJP,CENTRE_LEFT,2069,True,False,41630,Matthew Katselis,ON,ON,,188,0.09086515224746254,False,ALP>LNP>GRN>ON>OTH
VIC,326,Hawke,2,41600,Melanie Milutinovic,OTH,OTH_FFPA,RIGHT,4694,True,False,40829,Sam Rae,ALP,ALP,,617,0.13144439710268427,False,ALP>LNP>GRN>ON>OTH
VIC,326,Hawke,2,41600,Melanie Milutinovic,OTH,OTH_FFPA,RIGHT,4694,True,False,40843,Simmone Cottom,LNP,LIB,,842,0.1793779292714103,False,ALP>LNP>GRN>ON>OTH
VIC,326,Hawke,2,41600,Melanie Milutinovic,OTH,OTH_FFPA,RIGHT,4694,True,False,41101,Sarah Newman,GRN,GRN,,684,0.14571793779292713,False,ALP>LNP>GRN>ON>OTH
VIC,326,Hawke,2,41600,Melanie Milutinovic,OTH,OTH_FFPA,RIGHT,4694,True,False,41240,Devon Starbuck,OTH,OTH_HMP,CENTRE_LEFT,1295,0.2758841073711121,True,ALP>LNP>GRN>ON>OTH
VIC,326,Hawke,2,41600,Melanie Milutinovic,OTH,OTH_FFPA,RIGHT,4694,True,False,41630,Matthew Katselis,ON,ON,,1256,0.2675756284618662,False,ALP>LNP>GRN>ON>OTH
VIC,326,Hawke,3,41240,Devon Starbuck,OTH,OTH_HMP,CENTRE_LEFT,7064,False,True,40829,Sam Rae,ALP,ALP,,1565,0.22154586636466592,False,ALP>LNP>GRN>ON
VIC,326,Hawke,3,41240,Devon Starbuck,OTH,OTH_HMP,CENTRE_LEFT,7064,False,True,40843,Simmone Cottom,LNP,LIB,,840,0.11891279728199321,False,ALP>LNP>GRN>ON
VIC,326,Hawke,3,41240,Devon Starbuck,OTH,OTH_HMP,CENTRE_LEFT,7064,False,True,41101,Sarah Newman,GRN,GRN,,3083,0.4364382785956965,False,ALP>LNP>GRN>ON
VIC,326,Hawke,3,41240,Devon Starbuck,OTH,OTH_HMP,CENTRE_LEFT,7064,False,True,41630,Matthew Katselis,ON,ON,,1576,0.22310305775764439,False,ALP>LNP>GRN>ON
VIC,326,Hawke,4,41630,Matthew Katselis,ON,ON,,13055,False,True,40829,Sam Rae,ALP,ALP,,2589,0.1983148219073152,False,ALP>LNP>GRN
VIC,326,Hawke,4,41630,Matthew Katselis,ON,ON,,13055,False,True,40843,Simmone Cottom,LNP,LIB,,7621,0.5837610111068556,False,ALP>LNP>GRN
VIC,326,Hawke,4,41630,Matthew Katselis,ON,ON,,13055,False,True,41101,Sarah Newman,GRN,GRN,,2845,0.21792416698582917,False,ALP>LNP>GRN
VIC,326,Hawke,5,41101,Sarah Newman,GRN,GRN,,17275,False,True,40829,Sam Rae,ALP,ALP,,14126,0.8177134587554269,False,ALP>LNP
VIC,326,Hawke,5,41101,Sarah Newman,GRN,GRN,,17275,False,True,40843,Simmone Cottom,LNP,LIB,,3149,0.18228654124457308,False,ALP>LNP
VIC,216,Holt,1,41221,Riley Aickin,OTH,OTH_HMP,CENTRE_LEFT,4745,True,False,40850,Cassandra Fernando,ALP,ALP,,1197,0.2522655426765016,False,ALP>LNP>GRN>ON>OTH
VIC,216,Holt,1,41221,Riley Aickin,OTH,OTH_HMP,CENTRE_LEFT,4745,True,False,40855,Annette Samuel,LNP,LIB,,453,0.09546891464699683,False,ALP>LNP>GRN>ON>OTH
VIC,216,Holt,1,41221,Riley Aickin,OTH,OTH_HMP,CENTRE_LEFT,4745,True,False,41111,Payal Tiwari,GRN,GRN,,1217,0.2564805057955743,False,ALP>LNP>GRN>ON>OTH
VIC,216,Holt,1,41221,Riley Aickin,OTH,OTH_HMP,CENTRE_LEFT,4745,True,False,41574,Shane Foreman,OTH,OTH_FFPA,RIGHT,1006,0.21201264488935723,True,ALP>LNP>GRN>ON>OTH
VIC,216,Holt,1,41221,Riley Aickin,OTH,OTH_HMP,CENTRE_LEFT,4745,True,False,41624,Trevor Hammond,ON,ON,,872,0.18377239199157008,False,ALP>LNP>GRN>ON>OTH
VIC,216,Holt,2,41574,Shane Foreman,OTH,OTH_FFPA,RIGHT,6191,False,True,40850,Cassandra Fernando,ALP,ALP,,1039,0.1678242610240672,False,ALP>LNP>GRN>ON
VIC,216,Holt,2,41574,Shane Foreman,OTH,OTH_FFPA,RIGHT,6191,False,True,40855,Annette Samuel,LNP,LIB,,1080,0.1744467775803586,False,ALP>LNP>GRN>ON
VIC,216,Holt,2,41574,Shane Foreman,OTH,OTH_FFPA,RIGHT,6191,False,True,41111,Payal Tiwari,GRN,GRN,,1972,0.3185268938782103,False,ALP>LNP>GRN>ON
VIC,216,Holt,2,41574,Shane Foreman,OTH,OTH_FFPA,RIGHT,6191,False,True,41624,Trevor Hammond,ON,ON,,2100,0.3392020675173639,False,ALP>LNP>GRN>ON
VIC,216,Holt,3,41624,Trevor Hammond,ON,ON,,11627,False,True,40850,Cassandra Fernando,ALP,ALP,,2314,0.19901952352283478,False,ALP>LNP>GRN
VIC,216,Holt,3,41624,Trevor Hammond,ON,ON,,11627,False,True,40855,Annette Samuel,LNP,LIB,,6315,0.5431323643244172,False,ALP>LNP>GRN
VIC,216,Holt,3,41624,Trevor Hammond,ON,ON,,11627,False,True,41111,Payal Tiwari,GRN,GRN,,2998,0.2578481121527479,False,ALP>LNP>GRN
VIC,216,Holt,4,41111,Payal Tiwari,GRN,GRN,,17309,False,True,40850,Cassandra Fernando,ALP,ALP,,14302,0.8262753480848114,False,ALP>LNP
VIC,216,Holt,4,41111,Payal Tiwari,GRN,GRN,,17309,False,True,40855,Annette Samuel,LNP,LIB,,3007,0.17372465191518863,False,ALP>LNP
VIC,217,Hotham,1,40701,Tony Vainoras,OTH,OTH_CEC,CENTRE,2654,True,False,40744,Harmick Singh Matharu,LNP,LIB,,195,0.073474001507159,False,ALP>LNP>GRN>ON>OTH
VIC,217,Hotham,1,40701,Tony Vainoras,OTH,OTH_CEC,CENTRE,2654,True,False,40848,Clare O'Neil,ALP,ALP,,320,0.12057272042200452,False,ALP>LNP>GRN>ON>OTH
VIC,217,Hotham,1,40701,Tony Vainoras,OTH,OTH_CEC,CENTRE,2654,True,False,41115,Martin Barry,GRN,GRN,,1046,0.39412207987942727,False,ALP>LNP>GRN>ON>OTH
VIC,217,Hotham,1,40701,Tony Vainoras,OTH,OTH_CEC,CENTRE,2654,True,False,41595,Mark Brown,OTH,OTH_FFPA,RIGHT,594,0.22381311228334588,True,ALP>LNP>GRN>ON>OTH
VIC,217,Hotham,1,40701,Tony Vainoras,OTH,OTH_CEC,CENTRE,2654,True,False,41627,Stuart Fogarty,ON,ON,,499,0.1880180859080633,False,ALP>LNP>GRN>ON>OTH
VIC,217,Hotham,2,41595,Mark Brown,OTH,OTH_FFPA,RIGHT,4186,False,True,40744,Harmick Singh Matharu,LNP,LIB,,994,0.23745819397993312,False,ALP>LNP>GRN>ON
VIC,217,Hotham,2,41595,Mark Brown,OTH,OTH_FFPA,RIGHT,4186,False,True,40848,Clare O'Neil,ALP,ALP,,748,0.17869087434304826,False,ALP>LNP>GRN>ON
VIC,217,Hotham,2,41595,Mark Brown,OTH,OTH_FFPA,RIGHT,4186,False,True,41115,Martin Barry,GRN,GRN,,687,0.16411849020544672,False,ALP>LNP>GRN>ON
VIC,217,Hotham,2,41595,Mark Brown,OTH,OTH_FFPA,RIGHT,4186,False,True,41627,Stuart Fogarty,ON,ON,,1757,0.4197324414715719,False,ALP>LNP>GRN>ON
VIC,217,Hotham,3,41627,Stuart Fogarty,ON,ON,,7215,False,True,40744,Harmick Singh Matharu,LNP,LIB,,4285,0.5939015939015939,False,ALP>LNP>GRN
VIC,217,Hotham,3,41627,Stuart Fogarty,ON,ON,,7215,False,True,40848,Clare O'Neil,ALP,ALP,,1165,0.16146916146916146,False,ALP>LNP>GRN
VIC,217,Hotham,3,41627,Stuart Fogarty,ON,ON,,7215,False,True,41115,Martin Barry,GRN,GRN,,1765,0.24462924462924462,False,ALP>LNP>GRN
VIC,217,Hotham,4,41115,Martin Barry,GRN,GRN,,19278,False,True,40744,Harmick Singh Matharu,LNP,LIB,,2379,0.12340491752256458,False,ALP>LNP
VIC,217,Hotham,4,41115,Martin Barry,GRN,GRN,,19278,False,True,40848,Clare O'Neil,ALP,ALP,,16899,0.8765950824774354,False,ALP>LNP
VIC,218,Indi,1,40628,Mark Mcfarlane,OTH,IND_MINOR,CENTRE_RIGHT,1520,True,False,32086,Helen Haines,IND,IND_PROMINENT,CENTRE_LEFT,356,0.23421052631578948,False,ALP>LNP>GRN>ON>IND>OTH
VIC,218,Indi,1,40628,Mark Mcfarlane,OTH,IND_MINOR,CENTRE_RIGHT,1520,True,False,40750,James Trenery,LNP,LIB,,126,0.08289473684210526,False,ALP>LNP>GRN>ON>IND>OTH
VIC,218,Indi,1,40628,Mark Mcfarlane,OTH,IND_MINOR,CENTRE_RIGHT,1520,True,False,40842,Mitch Bridges,ALP,ALP,,57,0.0375,False,ALP>LNP>GRN>ON>IND>OTH
VIC,218,Indi,1,40628,Mark Mcfarlane,OTH,IND_MINOR,CENTRE_RIGHT,1520,True,False,41125,Alysia Regan,GRN,GRN,,55,0.03618421052631579,False,ALP>LNP>GRN>ON>IND>OTH
VIC,218,Indi,1,40628,Mark Mcfarlane,OTH,IND_MINOR,CENTRE_RIGHT,1520,True,False,41314,Tim Quilty,OTH,OTH_LTP,RIGHT,119,0.07828947368421052,True,ALP>LNP>GRN>ON>IND>OTH
VIC,218,Indi,1,40628,Mark Mcfarlane,OTH,IND_MINOR,CENTRE_RIGHT,1520,True,False,41573,Michael White,OTH,OTH_FFPA,RIGHT,177,0.11644736842105263,True,ALP>LNP>GRN>ON>IND>OTH
VIC,218,Indi,1,40628,Mark Mcfarlane,OTH,IND_MINOR,CENTRE_RIGHT,1520,True,False,41626,Athol Thomas,ON,ON,,372,0.24473684210526317,False,ALP>LNP>GRN>ON>IND>OTH
VIC,218,Indi,1,40628,Mark Mcfarlane,OTH,IND_MINOR,CENTRE_RIGHT,1520,True,False,41929,Ben Howman,OTH,OTH_HMP,CENTRE_LEFT,258,0.16973684210526316,True,ALP>LNP>GRN>ON>IND>OTH
VIC,218,Indi,2,41314,Tim Quilty,OTH,OTH_LTP,RIGHT,1824,True,False,32086,Helen Haines,IND,IND_PROMINENT,CENTRE_LEFT,174,0.09539473684210527,False,ALP>LNP>GRN>ON>IND>OTH
VIC,218,Indi,2,41314,Tim Quilty,OTH,OTH_LTP,RIGHT,1824,True,False,40750,James Trenery,LNP,LIB,,220,0.1206140350877193,False,ALP>LNP>GRN>ON>IND>OTH
VIC,218,Indi,2,41314,Tim Quilty,OTH,OTH_LTP,RIGHT,1824,True,False,40842,Mitch Bridges,ALP,ALP,,37,0.020285087719298246,False,ALP>LNP>GRN>ON>IND>OTH
VIC,218,Indi,2,41314,Tim Quilty,OTH,OTH_LTP,RIGHT,1824,True,False,41125,Alysia Regan,GRN,GRN,,50,0.027412280701754384,False,ALP>LNP>GRN>ON>IND>OTH
VIC,218,Indi,2,41314,Tim Quilty,OTH,OTH_LTP,RIGHT,1824,True,False,41573,Michael White,OTH,OTH_FFPA,RIGHT,303,0.16611842105263158,True,ALP>LNP>GRN>ON>IND>OTH
VIC,218,Indi,2,41314,Tim Quilty,OTH,OTH_LTP,RIGHT,1824,True,False,41626,Athol Thomas,ON,ON,,934,0.5120614035087719,False,ALP>LNP>GRN>ON>IND>OTH
VIC,218,Indi,2,41314,Tim Quilty,OTH,OTH_LTP,RIGHT,1824,True,False,41929,Ben Howman,OTH,OTH_HMP,CENTRE_LEFT,106,0.0581140350877193,True,ALP>LNP>GRN>ON>IND>OTH
VIC,218,Indi,3,41573,Michael White,OTH,OTH_FFPA,RIGHT,2381,True,False,32086,Helen Haines,IND,IND_PROMINENT,CENTRE_LEFT,354,0.1486770264594708,False,ALP>LNP>GRN>ON>IND>OTH
VIC,218,Indi,3,41573,Michael White,OTH,OTH_FFPA,RIGHT,2381,True,False,40750,James Trenery,LNP,LIB,,655,0.2750944981100378,False,ALP>LNP>GRN>ON>IND>OTH
VIC,218,Indi,3,41573,Michael White,OTH,OTH_FFPA,RIGHT,2381,True,False,40842,Mitch Bridges,ALP,ALP,,99,0.041579168416631666,False,ALP>LNP>GRN>ON>IND>OTH
VIC,218,Indi,3,41573,Michael White,OTH,OTH_FFPA,RIGHT,2381,True,False,41125,Alysia Regan,GRN,GRN,,106,0.044519109617807646,False,ALP>LNP>GRN>ON>IND>OTH
VIC,218,Indi,3,41573,Michael White,OTH,OTH_FFPA,RIGHT,2381,True,False,41626,Athol Thomas,ON,ON,,810,0.3401931961360773,False,ALP>LNP>GRN>ON>IND>OTH
VIC,218,Indi,3,41573,Michael White,OTH,OTH_FFPA,RIGHT,2381,True,False,41929,Ben Howman,OTH,OTH_HMP,CENTRE_LEFT,357,0.1499370012599748,True,ALP>LNP>GRN>ON>IND>OTH
VIC,218,Indi,4,41929,Ben Howman,OTH,OTH_HMP,CENTRE_LEFT,3884,False,True,32086,Helen Haines,IND,IND_PROMINENT,CENTRE_LEFT,1144,0.2945417095777549,False,ALP>LNP>GRN>ON>IND
VIC,218,Indi,4,41929,Ben Howman,OTH,OTH_HMP,CENTRE_LEFT,3884,False,True,40750,James Trenery,LNP,LIB,,425,0.10942327497425335,False,ALP>LNP>GRN>ON>IND
VIC,218,Indi,4,41929,Ben Howman,OTH,OTH_HMP,CENTRE_LEFT,3884,False,True,40842,Mitch Bridges,ALP,ALP,,452,0.11637487126673532,False,ALP>LNP>GRN>ON>IND
VIC,218,Indi,4,41929,Ben Howman,OTH,OTH_HMP,CENTRE_LEFT,3884,False,True,41125,Alysia Regan,GRN,GRN,,960,0.24716786817713698,False,ALP>LNP>GRN>ON>IND
VIC,218,Indi,4,41929,Ben Howman,OTH,OTH_HMP,CENTRE_LEFT,3884,False,True,41626,Athol Thomas,ON,ON,,903,0.23249227600411945,False,ALP>LNP>GRN>ON>IND
VIC,218,Indi,5,41125,Alysia Regan,GRN,GRN,,5010,False,True,32086,Helen Haines,IND,IND_PROMINENT,CENTRE_LEFT,2805,0.5598802395209581,False,ALP>LNP>ON>IND
VIC,218,Indi,5,41125,Alysia Regan,GRN,GRN,,5010,False,True,40750,James Trenery,LNP,LIB,,300,0.059880239520958084,False,ALP>LNP>ON>IND
VIC,218,Indi,5,41125,Alysia Regan,GRN,GRN,,5010,False,True,40842,Mitch Bridges,ALP,ALP,,1237,0.2469061876247505,False,ALP>LNP>ON>IND
VIC,218,Indi,5,41125,Alysia Regan,GRN,GRN,,5010,False,True,41626,Athol Thomas,ON,ON,,668,0.13333333333333333,False,ALP>LNP>ON>IND
VIC,218,Indi,6,40842,Mitch Bridges,ALP,ALP,,10706,False,True,32086,Helen Haines,IND,IND_PROMINENT,CENTRE_LEFT,7819,0.7303381281524379,False,LNP>ON>IND
VIC,218,Indi,6,40842,Mitch Bridges,ALP,ALP,,10706,False,True,40750,James Trenery,LNP,LIB,,1528,0.14272370633289744,False,LNP>ON>IND
VIC,218,Indi,6,40842,Mitch Bridges,ALP,ALP,,10706,False,True,41626,Athol Thomas,ON,ON,,1359,0.12693816551466466,False,LNP>ON>IND
VIC,218,Indi,7,41626,Athol Thomas,ON,ON,,12657,False,True,32086,Helen Haines,IND,IND_PROMINENT,CENTRE_LEFT,4639,0.3665165521055542,False,LNP>IND
VIC,218,Indi,7,41626,Athol Thomas,ON,ON,,12657,False,True,40750,James Trenery,LNP,LIB,,8018,0.6334834478944458,False,LNP>IND
VIC,219,Isaacs,1,41543,Audrey Harmse,OTH,OTH_FFPA,RIGHT,3878,False,True,40753,Fiona Ottey,LNP,LIB,,892,0.23001547189272822,False,ALP>LNP>GRN>ON
VIC,219,Isaacs,1,41543,Audrey Harmse,OTH,OTH_FFPA,RIGHT,3878,False,True,40811,Mark Dreyfus,ALP,ALP,,672,0.17328519855595667,False,ALP>LNP>GRN>ON
VIC,219,Isaacs,1,41543,Audrey Harmse,OTH,OTH_FFPA,RIGHT,3878,False,True,41127,Matthew Kirwan,GRN,GRN,,869,0.22408457968024756,False,ALP>LNP>GRN>ON
VIC,219,Isaacs,1,41543,Audrey Harmse,OTH,OTH_FFPA,RIGHT,3878,False,True,41619,Geoff Mcmahon,ON,ON,,1445,0.3726147498710676,False,ALP>LNP>GRN>ON
VIC,219,Isaacs,2,41619,Geoff Mcmahon,ON,ON,,6434,False,True,40753,Fiona Ottey,LNP,LIB,,4411,0.6855766241840224,False,ALP>LNP>GRN
VIC,219,Isaacs,2,41619,Geoff Mcmahon,ON,ON,,6434,False,True,40811,Mark Dreyfus,ALP,ALP,,974,0.15138327634442028,False,ALP>LNP>GRN
VIC,219,Isaacs,2,41619,Geoff Mcmahon,ON,ON,,6434,False,True,41127,Matthew Kirwan,GRN,GRN,,1049,0.16304009947155734,False,ALP>LNP>GRN
VIC,219,Isaacs,3,41127,Matthew Kirwan,GRN,GRN,,17118,False,True,40753,Fiona Ottey,LNP,LIB,,2614,0.15270475522841453,False,ALP>LNP
VIC,219,Isaacs,3,41127,Matthew Kirwan,GRN,GRN,,17118,False,True,40811,Mark Dreyfus,ALP,ALP,,14504,0.8472952447715855,False,ALP>LNP
VIC,220,Jagajaga,1,42080,Abdi Mohamed,OTH,IND_MINOR,CENTRE,1518,True,False,40764,Chris Parr,LNP,LIB,,224,0.14756258234519104,False,ALP>LNP>GRN>ON>OTH
VIC,220,Jagajaga,1,42080,Abdi Mohamed,OTH,IND_MINOR,CENTRE,1518,True,False,40833,Kate Thwaites,ALP,ALP,,244,0.16073781291172595,False,ALP>LNP>GRN>ON>OTH
VIC,220,Jagajaga,1,42080,Abdi Mohamed,OTH,IND_MINOR,CENTRE,1518,True,False,41095,Jy Sandford,GRN,GRN,,203,0.13372859025032938,False,ALP>LNP>GRN>ON>OTH
VIC,220,Jagajaga,1,42080,Abdi Mohamed,OTH,IND_MINOR,CENTRE,1518,True,False,41536,Rae Rancie,OTH,OTH_FFPA,RIGHT,438,0.2885375494071146,True,ALP>LNP>GRN>ON>OTH
VIC,220,Jagajaga,1,42080,Abdi Mohamed,OTH,IND_MINOR,CENTRE,1518,True,False,41542,Chris Kearney,OTH,IND_MINOR,LEFT,358,0.23583662714097497,True,ALP>LNP>GRN>ON>OTH
VIC,220,Jagajaga,1,42080,Abdi Mohamed,OTH,IND_MINOR,CENTRE,1518,True,False,41617,Leslie Ralph,ON,ON,,51,0.03359683794466403,False,ALP>LNP>GRN>ON>OTH
VIC,220,Jagajaga,2,41536,Rae Rancie,OTH,OTH_FFPA,RIGHT,3213,True,False,40764,Chris Parr,LNP,LIB,,1177,0.3663243075007781,False,ALP>LNP>GRN>ON>OTH
VIC,220,Jagajaga,2,41536,Rae Rancie,OTH,OTH_FFPA,RIGHT,3213,True,False,40833,Kate Thwaites,ALP,ALP,,281,0.08745720510426393,False,ALP>LNP>GRN>ON>OTH
VIC,220,Jagajaga,2,41536,Rae Rancie,OTH,OTH_FFPA,RIGHT,3213,True,False,41095,Jy Sandford,GRN,GRN,,282,0.08776844070961717,False,ALP>LNP>GRN>ON>OTH
VIC,220,Jagajaga,2,41536,Rae Rancie,OTH,OTH_FFPA,RIGHT,3213,True,False,41542,Chris Kearney,OTH,IND_MINOR,LEFT,442,0.13756613756613756,True,ALP>LNP>GRN>ON>OTH
VIC,220,Jagajaga,2,41536,Rae Rancie,OTH,OTH_FFPA,RIGHT,3213,True,False,41617,Leslie Ralph,ON,ON,,1031,0.3208839091192032,False,ALP>LNP>GRN>ON>OTH
VIC,220,Jagajaga,3,41617,Leslie Ralph,ON,ON,,5379,False,True,40764,Chris Parr,LNP,LIB,,3003,0.558282208588957,False,ALP>LNP>GRN>OTH
VIC,220,Jagajaga,3,41617,Leslie Ralph,ON,ON,,5379,False,True,40833,Kate Thwaites,ALP,ALP,,643,0.11953894775980665,False,ALP>LNP>GRN>OTH
VIC,220,Jagajaga,3,41617,Leslie Ralph,ON,ON,,5379,False,True,41095,Jy Sandford,GRN,GRN,,269,0.050009295408068415,False,ALP>LNP>GRN>OTH
VIC,220,Jagajaga,3,41617,Leslie Ralph,ON,ON,,5379,False,True,41542,Chris Kearney,OTH,IND_MINOR,LEFT,1464,0.27216954824316786,False,ALP>LNP>GRN>OTH
VIC,220,Jagajaga,4,41542,Chris Kearney,OTH,IND_MINOR,LEFT,7431,False,True,40764,Chris Parr,LNP,LIB,,2054,0.2764096353115328,False,ALP>LNP>GRN
VIC,220,Jagajaga,4,41542,Chris Kearney,OTH,IND_MINOR,LEFT,7431,False,True,40833,Kate Thwaites,ALP,ALP,,2382,0.32054905127169964,False,ALP>LNP>GRN
VIC,220,Jagajaga,4,41542,Chris Kearney,OTH,IND_MINOR,LEFT,7431,False,True,41095,Jy Sandford,GRN,GRN,,2995,0.4030413134167676,False,ALP>LNP>GRN
VIC,220,Jagajaga,5,41095,Jy Sandford,GRN,GRN,,21083,False,True,40764,Chris Parr,LNP,LIB,,2059,0.09766162310866575,False,ALP>LNP
VIC,220,Jagajaga,5,41095,Jy Sandford,GRN,GRN,,21083,False,True,40833,Kate Thwaites,ALP,ALP,,19024,0.9023383768913342,False,ALP>LNP
VIC,221,Kooyong,1,41384,David Vader,OTH,OTH_CYA,RIGHT,1124,True,False,36081,Monique Ryan,IND,IND_PROMINENT,CENTRE_LEFT,130,0.11565836298932385,False,ALP>LNP>GRN>ON>IND>OTH
VIC,221,Kooyong,1,41384,David Vader,OTH,OTH_CYA,RIGHT,1124,True,False,40763,Amelia Hamer,LNP,LIB,,275,0.24466192170818504,False,ALP>LNP>GRN>ON>IND>OTH
VIC,221,Kooyong,1,41384,David Vader,OTH,OTH_CYA,RIGHT,1124,True,False,40827,Clive Crosby,ALP,ALP,,73,0.06494661921708185,False,ALP>LNP>GRN>ON>IND>OTH
VIC,221,Kooyong,1,41384,David Vader,OTH,OTH_CYA,RIGHT,1124,True,False,41098,Jackie Carter,GRN,GRN,,70,0.06227758007117438,False,ALP>LNP>GRN>ON>IND>OTH
VIC,221,Kooyong,1,41384,David Vader,OTH,OTH_CYA,RIGHT,1124,True,False,41311,Richard Peppard,OTH,OTH_LTP,RIGHT,139,0.12366548042704627,True,ALP>LNP>GRN>ON>IND>OTH
VIC,221,Kooyong,1,41384,David Vader,OTH,OTH_CYA,RIGHT,1124,True,False,41611,Camille Brache,ON,ON,,437,0.3887900355871886,False,ALP>LNP>GRN>ON>IND>OTH
VIC,221,Kooyong,2,41311,Richard Peppard,OTH,OTH_LTP,RIGHT,1614,False,True,36081,Monique Ryan,IND,IND_PROMINENT,CENTRE_LEFT,147,0.09107806691449814,False,ALP>LNP>GRN>ON>IND
VIC,221,Kooyong,2,41311,Richard Peppard,OTH,OTH_LTP,RIGHT,1614,False,True,40763,Amelia Hamer,LNP,LIB,,641,0.39714993804213133,False,ALP>LNP>GRN>ON>IND
VIC,221,Kooyong,2,41311,Richard Peppard,OTH,OTH_LTP,RIGHT,1614,False,True,40827,Clive Crosby,ALP,ALP,,91,0.0563816604708798,False,ALP>LNP>GRN>ON>IND
VIC,221,Kooyong,2,41311,Richard Peppard,OTH,OTH_LTP,RIGHT,1614,False,True,41098,Jackie Carter,GRN,GRN,,98,0.06071871127633209,False,ALP>LNP>GRN>ON>IND
VIC,221,Kooyong,2,41311,Richard Peppard,OTH,OTH_LTP,RIGHT,1614,False,True,41611,Camille Brache,ON,ON,,637,0.3946716232961586,False,ALP>LNP>GRN>ON>IND
VIC,221,Kooyong,3,41611,Camille Brache,ON,ON,,2275,False,True,36081,Monique Ryan,IND,IND_PROMINENT,CENTRE_LEFT,318,0.1397802197802198,False,ALP>LNP>GRN>IND
VIC,221,Kooyong,3,41611,Camille Brache,ON,ON,,2275,False,True,40763,Amelia Hamer,LNP,LIB,,1650,0.7252747252747253,False,ALP>LNP>GRN>IND
VIC,221,Kooyong,3,41611,Camille Brache,ON,ON,,2275,False,True,40827,Clive Crosby,ALP,ALP,,156,0.06857142857142857,False,ALP>LNP>GRN>IND
VIC,221,Kooyong,3,41611,Camille Brache,ON,ON,,2275,False,True,41098,Jackie Carter,GRN,GRN,,151,0.06637362637362637,False,ALP>LNP>GRN>IND
VIC,221,Kooyong,4,41098,Jackie Carter,GRN,GRN,,9219,False,True,36081,Monique Ryan,IND,IND_PROMINENT,CENTRE_LEFT,6334,0.6870593339841632,False,ALP>LNP>IND
VIC,221,Kooyong,4,41098,Jackie Carter,GRN,GRN,,9219,False,True,40763,Amelia Hamer,LNP,LIB,,696,0.07549625772860397,False,ALP>LNP>IND
VIC,221,Kooyong,4,41098,Jackie Carter,GRN,GRN,,9219,False,True,40827,Clive Crosby,ALP,ALP,,2189,0.2374444082872329,False,ALP>LNP>IND
VIC,221,Kooyong,5,40827,Clive Crosby,ALP,ALP,,16180,False,True,36081,Monique Ryan,IND,IND_PROMINENT,CENTRE_LEFT,12316,0.7611866501854141,False,LNP>IND
VIC,221,Kooyong,5,40827,Clive Crosby,ALP,ALP,,16180,False,True,40763,Amelia Hamer,LNP,LIB,,3864,0.2388133498145859,False,LNP>IND
VIC,223,La Trobe,1,41735,Ron Malhotra,OTH,OTH_FFPA,RIGHT,3713,True,False,40772,Jason Wood,LNP,LIB,,1120,0.3016428763802855,False,ALP>LNP>GRN>ON>OTH
VIC,223,La Trobe,1,41735,Ron Malhotra,OTH,OTH_FFPA,RIGHT,3713,True,False,40828,Jeff Springfield,ALP,ALP,,593,0.15970913008349044,False,ALP>LNP>GRN>ON>OTH
VIC,223,La Trobe,1,41735,Ron Malhotra,OTH,OTH_FFPA,RIGHT,3713,True,False,41104,Jamie Longmuir,GRN,GRN,,531,0.1430110422838675,False,ALP>LNP>GRN>ON>OTH
VIC,223,La Trobe,1,41735,Ron Malhotra,OTH,OTH_FFPA,RIGHT,3713,True,False,41404,Gregory Thomas Hardiman,OTH,OTH_CYA,RIGHT,569,0.15324535416105575,True,ALP>LNP>GRN>ON>OTH
VIC,223,La Trobe,1,41735,Ron Malhotra,OTH,OTH_FFPA,RIGHT,3713,True,False,41612,Leo Panetta,ON,ON,,900,0.24239159709130084,False,ALP>LNP>GRN>ON>OTH
VIC,223,La Trobe,2,41404,Gregory Thomas Hardiman,OTH,OTH_CYA,RIGHT,5296,False,True,40772,Jason Wood,LNP,LIB,,1029,0.194297583081571,False,ALP>LNP>GRN>ON
VIC,223,La Trobe,2,41404,Gregory Thomas Hardiman,OTH,OTH_CYA,RIGHT,5296,False,True,40828,Jeff Springfield,ALP,ALP,,1048,0.19788519637462235,False,ALP>LNP>GRN>ON
VIC,223,La Trobe,2,41404,Gregory Thomas Hardiman,OTH,OTH_CYA,RIGHT,5296,False,True,41104,Jamie Longmuir,GRN,GRN,,421,0.07949395770392749,False,ALP>LNP>GRN>ON
VIC,223,La Trobe,2,41404,Gregory Thomas Hardiman,OTH,OTH_CYA,RIGHT,5296,False,True,41612,Leo Panetta,ON,ON,,2798,0.5283232628398792,False,ALP>LNP>GRN>ON
VIC,223,La Trobe,3,41612,Leo Panetta,ON,ON,,11654,False,True,40772,Jason Wood,LNP,LIB,,7398,0.6348035009438819,False,ALP>LNP>GRN
VIC,223,La Trobe,3,41612,Leo Panetta,ON,ON,,11654,False,True,40828,Jeff Springfield,ALP,ALP,,1908,0.16372061094903037,False,ALP>LNP>GRN
VIC,223,La Trobe,3,41612,Leo Panetta,ON,ON,,11654,False,True,41104,Jamie Longmuir,GRN,GRN,,2348,0.2014758881070877,False,ALP>LNP>GRN
VIC,223,La Trobe,4,41104,Jamie Longmuir,GRN,GRN,,16686,False,True,40772,Jason Wood,LNP,LIB,,3850,0.2307323504734508,False,ALP>LNP
VIC,223,La Trobe,4,41104,Jamie Longmuir,GRN,GRN,,16686,False,True,40828,Jeff Springfield,ALP,ALP,,12836,0.7692676495265492,False,ALP>LNP
VIC,222,Lalor,1,42079,Patrizia Barcatta,OTH,OTH_LTP,RIGHT,1285,True,False,32267,Aijaz Moinuddin,OTH,IND_MINOR,CENTRE_LEFT,269,0.20933852140077822,True,ALP>LNP>GRN>ON>OTH
VIC,222,Lalor,1,42079,Patrizia Barcatta,OTH,OTH_LTP,RIGHT,1285,True,False,40779,Mira D'Silva,LNP,LIB,,219,0.17042801556420234,False,ALP>LNP>GRN>ON>OTH
VIC,222,Lalor,1,42079,Patrizia Barcatta,OTH,OTH_LTP,RIGHT,1285,True,False,40835,Joanne Ryan,ALP,ALP,,100,0.07782101167315175,False,ALP>LNP>GRN>ON>OTH
VIC,222,Lalor,1,42079,Patrizia Barcatta,OTH,OTH_LTP,RIGHT,1285,True,False,41103,Owen Parris,GRN,GRN,,94,0.07315175097276265,False,ALP>LNP>GRN>ON>OTH
VIC,222,Lalor,1,42079,Patrizia Barcatta,OTH,OTH_LTP,RIGHT,1285,True,False,41566,Matthew Emerson,OTH,OTH_FFPA,RIGHT,226,0.17587548638132297,True,ALP>LNP>GRN>ON>OTH
VIC,222,Lalor,1,42079,Patrizia Barcatta,OTH,OTH_LTP,RIGHT,1285,True,False,41615,Jason Oosthuizen,ON,ON,,377,0.2933852140077821,False,ALP>LNP>GRN>ON>OTH
VIC,222,Lalor,2,32267,Aijaz Moinuddin,OTH,IND_MINOR,CENTRE_LEFT,2370,True,False,40779,Mira D'Silva,LNP,LIB,,432,0.18227848101265823,False,ALP>LNP>GRN>ON>OTH
VIC,222,Lalor,2,32267,Aijaz Moinuddin,OTH,IND_MINOR,CENTRE_LEFT,2370,True,False,40835,Joanne Ryan,ALP,ALP,,431,0.18185654008438817,False,ALP>LNP>GRN>ON>OTH
VIC,222,Lalor,2,32267,Aijaz Moinuddin,OTH,IND_MINOR,CENTRE_LEFT,2370,True,False,41103,Owen Parris,GRN,GRN,,752,0.3172995780590717,False,ALP>LNP>GRN>ON>OTH
VIC,222,Lalor,2,32267,Aijaz Moinuddin,OTH,IND_MINOR,CENTRE_LEFT,2370,True,False,41566,Matthew Emerson,OTH,OTH_FFPA,RIGHT,471,0.19873417721518988,True,ALP>LNP>GRN>ON>OTH
VIC,222,Lalor,2,32267,Aijaz Moinuddin,OTH,IND_MINOR,CENTRE_LEFT,2370,True,False,41615,Jason Oosthuizen,ON,ON,,284,0.11983122362869199,False,ALP>LNP>GRN>ON>OTH
VIC,222,Lalor,3,41566,Matthew Emerson,OTH,OTH_FFPA,RIGHT,5275,False,True,40779,Mira D'Silva,LNP,LIB,,1285,0.24360189573459715,False,ALP>LNP>GRN>ON
VIC,222,Lalor,3,41566,Matthew Emerson,OTH,OTH_FFPA,RIGHT,5275,False,True,40835,Joanne Ryan,ALP,ALP,,1140,0.2161137440758294,False,ALP>LNP>GRN>ON
VIC,222,Lalor,3,41566,Matthew Emerson,OTH,OTH_FFPA,RIGHT,5275,False,True,41103,Owen Parris,GRN,GRN,,1147,0.21744075829383885,False,ALP>LNP>GRN>ON
VIC,222,Lalor,3,41566,Matthew Emerson,OTH,OTH_FFPA,RIGHT,5275,False,True,41615,Jason Oosthuizen,ON,ON,,1703,0.3228436018957346,False,ALP>LNP>GRN>ON
VIC,222,Lalor,4,41615,Jason Oosthuizen,ON,ON,,9350,False,True,40779,Mira D'Silva,LNP,LIB,,5367,0.5740106951871657,False,ALP>LNP>GRN
VIC,222,Lalor,4,41615,Jason Oosthuizen,ON,ON,,9350,False,True,40835,Joanne Ryan,ALP,ALP,,2021,0.21614973262032086,False,ALP>LNP>GRN
VIC,222,Lalor,4,41615,Jason Oosthuizen,ON,ON,,9350,False,True,41103,Owen Parris,GRN,GRN,,1962,0.20983957219251337,False,ALP>LNP>GRN
VIC,222,Lalor,5,41103,Owen Parris,GRN,GRN,,19136,False,True,40779,Mira D'Silva,LNP,LIB,,3351,0.17511496655518394,False,ALP>LNP
VIC,222,Lalor,5,41103,Owen Parris,GRN,GRN,,19136,False,True,40835,Joanne Ryan,ALP,ALP,,15785,0.824885033444816,False,ALP>LNP
VIC,322,Macnamara,1,42010,Michael Abelman,OTH,OTH_LTP,RIGHT,1299,True,False,37774,JB Myers,OTH,IND_MINOR,CENTRE,287,0.22093918398768284,True,ALP>LNP>GRN>ON>OTH
VIC,322,Macnamara,1,42010,Michael Abelman,OTH,OTH_LTP,RIGHT,1299,True,False,40768,Benson Saulo,LNP,LIB,,307,0.2363356428021555,False,ALP>LNP>GRN>ON>OTH
VIC,322,Macnamara,1,42010,Michael Abelman,OTH,OTH_LTP,RIGHT,1299,True,False,40825,Josh Burns,ALP,ALP,,100,0.07698229407236336,False,ALP>LNP>GRN>ON>OTH
VIC,322,Macnamara,1,42010,Michael Abelman,OTH,OTH_LTP,RIGHT,1299,True,False,41110,Sonya Semmens,GRN,GRN,,87,0.06697459584295612,False,ALP>LNP>GRN>ON>OTH
VIC,322,Macnamara,1,42010,Michael Abelman,OTH,OTH_LTP,RIGHT,1299,True,False,41628,Sean Rubin,ON,ON,,518,0.3987682832948422,False,ALP>LNP>GRN>ON>OTH
VIC,322,Macnamara,2,37774,JB Myers,OTH,IND_MINOR,CENTRE,2128,False,True,40768,Benson Saulo,LNP,LIB,,511,0.24013157894736842,False,ALP>LNP>GRN>ON
VIC,322,Macnamara,2,37774,JB Myers,OTH,IND_MINOR,CENTRE,2128,False,True,40825,Josh Burns,ALP,ALP,,503,0.23637218045112782,False,ALP>LNP>GRN>ON
VIC,322,Macnamara,2,37774,JB Myers,OTH,IND_MINOR,CENTRE,2128,False,True,41110,Sonya Semmens,GRN,GRN,,582,0.27349624060150374,False,ALP>LNP>GRN>ON
VIC,322,Macnamara,2,37774,JB Myers,OTH,IND_MINOR,CENTRE,2128,False,True,41628,Sean Rubin,ON,ON,,532,0.25,False,ALP>LNP>GRN>ON
VIC,322,Macnamara,3,41628,Sean Rubin,ON,ON,,3853,False,True,40768,Benson Saulo,LNP,LIB,,2739,0.7108746431352193,False,ALP>LNP>GRN
VIC,322,Macnamara,3,41628,Sean Rubin,ON,ON,,3853,False,True,40825,Josh Burns,ALP,ALP,,594,0.15416558525824034,False,ALP>LNP>GRN
VIC,322,Macnamara,3,41628,Sean Rubin,ON,ON,,3853,False,True,41110,Sonya Semmens,GRN,GRN,,520,0.13495977160654035,False,ALP>LNP>GRN
VIC,322,Macnamara,4,41110,Sonya Semmens,GRN,GRN,,26750,False,True,40768,Benson Saulo,LNP,LIB,,2171,0.08115887850467289,False,ALP>LNP
VIC,322,Macnamara,4,41110,Sonya Semmens,GRN,GRN,,26750,False,True,40825,Josh Burns,ALP,ALP,,24579,0.9188411214953272,False,ALP>LNP
VIC,224,Mallee,1,40699,Chris Lahy,OTH,OTH_CEC,CENTRE,983,True,False,40824,Greg Olsen,ALP,ALP,,136,0.13835198372329605,False,ALP>LNP>GRN>ON>OTH
VIC,224,Mallee,1,40699,Chris Lahy,OTH,OTH_CEC,CENTRE,983,True,False,41116,Nicole Rowan,GRN,GRN,,125,0.1271617497456765,False,ALP>LNP>GRN>ON>OTH
VIC,224,Mallee,1,40699,Chris Lahy,OTH,OTH_CEC,CENTRE,983,True,False,41140,Anne Webster,LNP,NAT,,214,0.21770091556459817,False,ALP>LNP>GRN>ON>OTH
VIC,224,Mallee,1,40699,Chris Lahy,OTH,OTH_CEC,CENTRE,983,True,False,41308,Jeff Barry,OTH,OTH_LTP,RIGHT,101,0.10274669379450661,True,ALP>LNP>GRN>ON>OTH
VIC,224,Mallee,1,40699,Chris Lahy,OTH,OTH_CEC,CENTRE,983,True,False,41418,Adam Troy Veitch,OTH,OTH_CYA,RIGHT,134,0.1363173957273652,True,ALP>LNP>GRN>ON>OTH
VIC,224,Mallee,1,40699,Chris Lahy,OTH,OTH_CEC,CENTRE,983,True,False,41583,Ashleigh Gray,OTH,OTH_FFPA,RIGHT,156,0.15869786368260427,True,ALP>LNP>GRN>ON>OTH
VIC,224,Mallee,1,40699,Chris Lahy,OTH,OTH_CEC,CENTRE,983,True,False,41613,Vaughan Williams,ON,ON,,117,0.1190233977619532,False,ALP>LNP>GRN>ON>OTH
VIC,224,Mallee,2,41308,Jeff Barry,OTH,OTH_LTP,RIGHT,2772,True,False,40824,Greg Olsen,ALP,ALP,,277,0.09992784992784992,False,ALP>LNP>GRN>ON>OTH
VIC,224,Mallee,2,41308,Jeff Barry,OTH,OTH_LTP,RIGHT,2772,True,False,41116,Nicole Rowan,GRN,GRN,,203,0.07323232323232323,False,ALP>LNP>GRN>ON>OTH
VIC,224,Mallee,2,41308,Jeff Barry,OTH,OTH_LTP,RIGHT,2772,True,False,41140,Anne Webster,LNP,NAT,,658,0.23737373737373738,False,ALP>LNP>GRN>ON>OTH
VIC,224,Mallee,2,41308,Jeff Barry,OTH,OTH_LTP,RIGHT,2772,True,False,41418,Adam Troy Veitch,OTH,OTH_CYA,RIGHT,217,0.07828282828282829,True,ALP>LNP>GRN>ON>OTH
VIC,224,Mallee,2,41308,Jeff Barry,OTH,OTH_LTP,RIGHT,2772,True,False,41583,Ashleigh Gray,OTH,OTH_FFPA,RIGHT,682,0.24603174603174602,True,ALP>LNP>GRN>ON>OTH
VIC,224,Mallee,2,41308,Jeff Barry,OTH,OTH_LTP,RIGHT,2772,True,False,41613,Vaughan Williams,ON,ON,,735,0.26515151515151514,False,ALP>LNP>GRN>ON>OTH
VIC,224,Mallee,3,41418,Adam Troy Veitch,OTH,OTH_CYA,RIGHT,4161,True,False,40824,Greg Olsen,ALP,ALP,,393,0.09444844989185291,False,ALP>LNP>GRN>ON>OTH
VIC,224,Mallee,3,41418,Adam Troy Veitch,OTH,OTH_CYA,RIGHT,4161,True,False,41116,Nicole Rowan,GRN,GRN,,271,0.06512857486181206,False,ALP>LNP>GRN>ON>OTH
VIC,224,Mallee,3,41418,Adam Troy Veitch,OTH,OTH_CYA,RIGHT,4161,True,False,41140,Anne Webster,LNP,NAT,,937,0.2251862533044941,False,ALP>LNP>GRN>ON>OTH
VIC,224,Mallee,3,41418,Adam Troy Veitch,OTH,OTH_CYA,RIGHT,4161,True,False,41583,Ashleigh Gray,OTH,OTH_FFPA,RIGHT,711,0.17087238644556596,True,ALP>LNP>GRN>ON>OTH
VIC,224,Mallee,3,41418,Adam Troy Veitch,OTH,OTH_CYA,RIGHT,4161,True,False,41613,Vaughan Williams,ON,ON,,1849,0.4443643354962749,False,ALP>LNP>GRN>ON>OTH
VIC,224,Mallee,4,41583,Ashleigh Gray,OTH,OTH_FFPA,RIGHT,5509,False,True,40824,Greg Olsen,ALP,ALP,,792,0.14376474859321112,False,ALP>LNP>GRN>ON
VIC,224,Mallee,4,41583,Ashleigh Gray,OTH,OTH_FFPA,RIGHT,5509,False,True,41116,Nicole Rowan,GRN,GRN,,842,0.15284080595389363,False,ALP>LNP>GRN>ON
VIC,224,Mallee,4,41583,Ashleigh Gray,OTH,OTH_FFPA,RIGHT,5509,False,True,41140,Anne Webster,LNP,NAT,,1428,0.25921219822109276,False,ALP>LNP>GRN>ON
VIC,224,Mallee,4,41583,Ashleigh Gray,OTH,OTH_FFPA,RIGHT,5509,False,True,41613,Vaughan Williams,ON,ON,,2447,0.4441822472318025,False,ALP>LNP>GRN>ON
VIC,224,Mallee,5,41116,Nicole Rowan,GRN,GRN,,10918,False,True,40824,Greg Olsen,ALP,ALP,,6473,0.5928741527752336,False,ALP>LNP>ON
VIC,224,Mallee,5,41116,Nicole Rowan,GRN,GRN,,10918,False,True,41140,Anne Webster,LNP,NAT,,3498,0.32038834951456313,False,ALP>LNP>ON
VIC,224,Mallee,5,41116,Nicole Rowan,GRN,GRN,,10918,False,True,41613,Vaughan Williams,ON,ON,,947,0.08673749771020334,False,ALP>LNP>ON
VIC,224,Mallee,6,41613,Vaughan Williams,ON,ON,,17509,False,True,40824,Greg Olsen,ALP,ALP,,4200,0.23987663487349364,False,ALP>LNP
VIC,224,Mallee,6,41613,Vaughan Williams,ON,ON,,17509,False,True,41140,Anne Webster,LNP,NAT,,13309,0.7601233651265064,False,ALP>LNP
VIC,225,Maribyrnong,1,41606,Alannah Casey,ON,ON,,7665,False,True,40781,Tim Beddoe,LNP,LIB,,5178,0.6755381604696673,False,ALP>LNP>GRN
VIC,225,Maribyrnong,1,41606,Alannah Casey,ON,ON,,7665,False,True,40821,Jo Briskey,ALP,ALP,,1349,0.17599478147423353,False,ALP>LNP>GRN
VIC,225,Maribyrnong,1,41606,Alannah Casey,ON,ON,,7665,False,True,41117,James Williams,GRN,GRN,,1138,0.14846705805609914,False,ALP>LNP>GRN
VIC,225,Maribyrnong,2,41117,James Williams,GRN,GRN,,24732,False,True,40781,Tim Beddoe,LNP,LIB,,2485,0.10047711466925441,False,ALP>LNP
VIC,225,Maribyrnong,2,41117,James Williams,GRN,GRN,,24732,False,True,40821,Jo Briskey,ALP,ALP,,22247,0.8995228853307456,False,ALP>LNP
VIC,226,McEwen,1,41767,Erin Mcgrath,OTH,OTH_SOPA,LEFT,840,True,False,40804,Jason Mcclintock,LNP,LIB,,50,0.05952380952380952,False,ALP>LNP>GRN>ON>OTH
VIC,226,McEwen,1,41767,Erin Mcgrath,OTH,OTH_SOPA,LEFT,840,True,False,40812,Rob Mitchell,ALP,ALP,,144,0.17142857142857143,False,ALP>LNP>GRN>ON>OTH
VIC,226,McEwen,1,41767,Erin Mcgrath,OTH,OTH_SOPA,LEFT,840,True,False,40985,Ali Antoniou,OTH,OTH_GRPF,RIGHT,53,0.0630952380952381,True,ALP>LNP>GRN>ON>OTH
VIC,226,McEwen,1,41767,Erin Mcgrath,OTH,OTH_SOPA,LEFT,840,True,False,41120,Marley Mcrae Mcleod,GRN,GRN,,210,0.25,False,ALP>LNP>GRN>ON>OTH
VIC,226,McEwen,1,41767,Erin Mcgrath,OTH,OTH_SOPA,LEFT,840,True,False,41237,Tom Forrest,OTH,OTH_HMP,CENTRE_LEFT,118,0.14047619047619048,True,ALP>LNP>GRN>ON>OTH
VIC,226,McEwen,1,41767,Erin Mcgrath,OTH,OTH_SOPA,LEFT,840,True,False,41318,Chloe Nicolosi,OTH,OTH_AJP,CENTRE_LEFT,177,0.21071428571428572,True,ALP>LNP>GRN>ON>OTH
VIC,226,McEwen,1,41767,Erin Mcgrath,OTH,OTH_SOPA,LEFT,840,True,False,41591,Julio G Valencia,OTH,OTH_FFPA,RIGHT,48,0.05714285714285714,True,ALP>LNP>GRN>ON>OTH
VIC,226,McEwen,1,41767,Erin Mcgrath,OTH,OTH_SOPA,LEFT,840,True,False,41614,Jeremy Johnson,ON,ON,,40,0.047619047619047616,False,ALP>LNP>GRN>ON>OTH
VIC,226,McEwen,2,41318,Chloe Nicolosi,OTH,OTH_AJP,CENTRE_LEFT,2277,True,False,40804,Jason Mcclintock,LNP,LIB,,138,0.06060606060606061,False,ALP>LNP>GRN>ON>OTH
VIC,226,McEwen,2,41318,Chloe Nicolosi,OTH,OTH_AJP,CENTRE_LEFT,2277,True,False,40812,Rob Mitchell,ALP,ALP,,320,0.14053579270970576,False,ALP>LNP>GRN>ON>OTH
VIC,226,McEwen,2,41318,Chloe Nicolosi,OTH,OTH_AJP,CENTRE_LEFT,2277,True,False,40985,Ali Antoniou,OTH,OTH_GRPF,RIGHT,121,0.05314009661835749,True,ALP>LNP>GRN>ON>OTH
VIC,226,McEwen,2,41318,Chloe Nicolosi,OTH,OTH_AJP,CENTRE_LEFT,2277,True,False,41120,Marley Mcrae Mcleod,GRN,GRN,,634,0.2784365393061045,False,ALP>LNP>GRN>ON>OTH
VIC,226,McEwen,2,41318,Chloe Nicolosi,OTH,OTH_AJP,CENTRE_LEFT,2277,True,False,41237,Tom Forrest,OTH,OTH_HMP,CENTRE_LEFT,586,0.25735617039964864,True,ALP>LNP>GRN>ON>OTH
VIC,226,McEwen,2,41318,Chloe Nicolosi,OTH,OTH_AJP,CENTRE_LEFT,2277,True,False,41591,Julio G Valencia,OTH,OTH_FFPA,RIGHT,278,0.12209046991655688,True,ALP>LNP>GRN>ON>OTH
VIC,226,McEwen,2,41318,Chloe Nicolosi,OTH,OTH_AJP,CENTRE_LEFT,2277,True,False,41614,Jeremy Johnson,ON,ON,,200,0.0878348704435661,False,ALP>LNP>GRN>ON>OTH
VIC,226,McEwen,3,41591,Julio G Valencia,OTH,OTH_FFPA,RIGHT,2825,True,False,40804,Jason Mcclintock,LNP,LIB,,646,0.22867256637168143,False,ALP>LNP>GRN>ON>OTH
VIC,226,McEwen,3,41591,Julio G Valencia,OTH,OTH_FFPA,RIGHT,2825,True,False,40812,Rob Mitchell,ALP,ALP,,303,0.1072566371681416,False,ALP>LNP>GRN>ON>OTH
VIC,226,McEwen,3,41591,Julio G Valencia,OTH,OTH_FFPA,RIGHT,2825,True,False,40985,Ali Antoniou,OTH,OTH_GRPF,RIGHT,609,0.21557522123893805,True,ALP>LNP>GRN>ON>OTH
VIC,226,McEwen,3,41591,Julio G Valencia,OTH,OTH_FFPA,RIGHT,2825,True,False,41120,Marley Mcrae Mcleod,GRN,GRN,,327,0.11575221238938053,False,ALP>LNP>GRN>ON>OTH
VIC,226,McEwen,3,41591,Julio G Valencia,OTH,OTH_FFPA,RIGHT,2825,True,False,41237,Tom Forrest,OTH,OTH_HMP,CENTRE_LEFT,381,0.13486725663716814,True,ALP>LNP>GRN>ON>OTH
VIC,226,McEwen,3,41591,Julio G Valencia,OTH,OTH_FFPA,RIGHT,2825,True,False,41614,Jeremy Johnson,ON,ON,,559,0.19787610619469026,False,ALP>LNP>GRN>ON>OTH
VIC,226,McEwen,4,40985,Ali Antoniou,OTH,OTH_GRPF,RIGHT,4321,True,False,40804,Jason Mcclintock,LNP,LIB,,362,0.08377690349456145,False,ALP>LNP>GRN>ON>OTH
VIC,226,McEwen,4,40985,Ali Antoniou,OTH,OTH_GRPF,RIGHT,4321,True,False,40812,Rob Mitchell,ALP,ALP,,340,0.07868548947003008,False,ALP>LNP>GRN>ON>OTH
VIC,226,McEwen,4,40985,Ali Antoniou,OTH,OTH_GRPF,RIGHT,4321,True,False,41120,Marley Mcrae Mcleod,GRN,GRN,,371,0.08585975468641519,False,ALP>LNP>GRN>ON>OTH
VIC,226,McEwen,4,40985,Ali Antoniou,OTH,OTH_GRPF,RIGHT,4321,True,False,41237,Tom Forrest,OTH,OTH_HMP,CENTRE_LEFT,1036,0.2397593149733858,True,ALP>LNP>GRN>ON>OTH
VIC,226,McEwen,4,40985,Ali Antoniou,OTH,OTH_GRPF,RIGHT,4321,True,False,41614,Jeremy Johnson,ON,ON,,2212,0.5119185373756076,False,ALP>LNP>GRN>ON>OTH
VIC,226,McEwen,5,41237,Tom Forrest,OTH,OTH_HMP,CENTRE_LEFT,6178,False,True,40804,Jason Mcclintock,LNP,LIB,,692,0.1120103593395921,False,ALP>LNP>GRN>ON
VIC,226,McEwen,5,41237,Tom Forrest,OTH,OTH_HMP,CENTRE_LEFT,6178,False,True,40812,Rob Mitchell,ALP,ALP,,1250,0.20233085140822274,False,ALP>LNP>GRN>ON
VIC,226,McEwen,5,41237,Tom Forrest,OTH,OTH_HMP,CENTRE_LEFT,6178,False,True,41120,Marley Mcrae Mcleod,GRN,GRN,,2767,0.4478795726772418,False,ALP>LNP>GRN>ON
VIC,226,McEwen,5,41237,Tom Forrest,OTH,OTH_HMP,CENTRE_LEFT,6178,False,True,41614,Jeremy Johnson,ON,ON,,1469,0.23777921657494336,False,ALP>LNP>GRN>ON
VIC,226,McEwen,6,41614,Jeremy Johnson,ON,ON,,11349,False,True,40804,Jason Mcclintock,LNP,LIB,,6963,0.6135342320909332,False,ALP>LNP>GRN
VIC,226,McEwen,6,41614,Jeremy Johnson,ON,ON,,11349,False,True,40812,Rob Mitchell,ALP,ALP,,2064,0.18186624372191382,False,ALP>LNP>GRN
VIC,226,McEwen,6,41614,Jeremy Johnson,ON,ON,,11349,False,True,41120,Marley Mcrae Mcleod,GRN,GRN,,2322,0.20459952418715305,False,ALP>LNP>GRN
VIC,226,McEwen,7,41120,Marley Mcrae Mcleod,GRN,GRN,,18242,False,True,40804,Jason Mcclintock,LNP,LIB,,4454,0.24416182436136388,False,ALP>LNP
VIC,226,McEwen,7,41120,Marley Mcrae Mcleod,GRN,GRN,,18242,False,True,40812,Rob Mitchell,ALP,ALP,,13788,0.7558381756386361,False,ALP>LNP
VIC,228,Melbourne,1,42101,Tim Smith,OTH,IND_MINOR,CENTRE,1615,True,False,40765,Steph Hunt,LNP,LIB,,148,0.09164086687306501,False,ALP>LNP>GRN>ON>OTH
VIC,228,Melbourne,1,42101,Tim Smith,OTH,IND_MINOR,CENTRE,1615,True,False,40817,Sarah Witty,ALP,ALP,,272,0.16842105263157894,False,ALP>LNP>GRN>ON>OTH
VIC,228,Melbourne,1,42101,Tim Smith,OTH,IND_MINOR,CENTRE,1615,True,False,41119,Adam Bandt,GRN,GRN,,208,0.12879256965944272,False,ALP>LNP>GRN>ON>OTH
VIC,228,Melbourne,1,42101,Tim Smith,OTH,IND_MINOR,CENTRE,1615,True,False,41381,Helen Huang,OTH,OTH_SOPA,LEFT,116,0.0718266253869969,True,ALP>LNP>GRN>ON>OTH
VIC,228,Melbourne,1,42101,Tim Smith,OTH,IND_MINOR,CENTRE,1615,True,False,41607,Melanie Casey,ON,ON,,99,0.06130030959752322,False,ALP>LNP>GRN>ON>OTH
VIC,228,Melbourne,1,42101,Tim Smith,OTH,IND_MINOR,CENTRE,1615,True,False,42099,Anthony Koutoufides,OTH,IND_MINOR,CENTRE,772,0.4780185758513932,True,ALP>LNP>GRN>ON>OTH
VIC,228,Melbourne,2,41381,Helen Huang,OTH,OTH_SOPA,LEFT,2042,True,False,40765,Steph Hunt,LNP,LIB,,217,0.10626836434867777,False,ALP>LNP>GRN>ON>OTH
VIC,228,Melbourne,2,41381,Helen Huang,OTH,OTH_SOPA,LEFT,2042,True,False,40817,Sarah Witty,ALP,ALP,,430,0.21057786483839372,False,ALP>LNP>GRN>ON>OTH
VIC,228,Melbourne,2,41381,Helen Huang,OTH,OTH_SOPA,LEFT,2042,True,False,41119,Adam Bandt,GRN,GRN,,960,0.4701273261508325,False,ALP>LNP>GRN>ON>OTH
VIC,228,Melbourne,2,41381,Helen Huang,OTH,OTH_SOPA,LEFT,2042,True,False,41607,Melanie Casey,ON,ON,,87,0.042605288932419196,False,ALP>LNP>GRN>ON>OTH
VIC,228,Melbourne,2,41381,Helen Huang,OTH,OTH_SOPA,LEFT,2042,True,False,42099,Anthony Koutoufides,OTH,IND_MINOR,CENTRE,348,0.17042115572967678,True,ALP>LNP>GRN>ON>OTH
VIC,228,Melbourne,3,41607,Melanie Casey,ON,ON,,2624,False,True,40765,Steph Hunt,LNP,LIB,,1024,0.3902439024390244,False,ALP>LNP>GRN>OTH
VIC,228,Melbourne,3,41607,Melanie Casey,ON,ON,,2624,False,True,40817,Sarah Witty,ALP,ALP,,545,0.20769817073170732,False,ALP>LNP>GRN>OTH
VIC,228,Melbourne,3,41607,Melanie Casey,ON,ON,,2624,False,True,41119,Adam Bandt,GRN,GRN,,135,0.051448170731707314,False,ALP>LNP>GRN>OTH
VIC,228,Melbourne,3,41607,Melanie Casey,ON,ON,,2624,False,True,42099,Anthony Koutoufides,OTH,IND_MINOR,CENTRE,920,0.35060975609756095,False,ALP>LNP>GRN>OTH
VIC,228,Melbourne,4,42099,Anthony Koutoufides,OTH,IND_MINOR,CENTRE,5244,False,True,40765,Steph Hunt,LNP,LIB,,2367,0.4513729977116705,False,ALP>LNP>GRN
VIC,228,Melbourne,4,42099,Anthony Koutoufides,OTH,IND_MINOR,CENTRE,5244,False,True,40817,Sarah Witty,ALP,ALP,,1622,0.3093058733790999,False,ALP>LNP>GRN
VIC,228,Melbourne,4,42099,Anthony Koutoufides,OTH,IND_MINOR,CENTRE,5244,False,True,41119,Adam Bandt,GRN,GRN,,1255,0.2393211289092296,False,ALP>LNP>GRN
VIC,228,Melbourne,5,40765,Steph Hunt,LNP,LIB,,23023,False,True,40817,Sarah Witty,ALP,ALP,,18253,0.7928158797724015,False,ALP>GRN
VIC,228,Melbourne,5,40765,Steph Hunt,LNP,LIB,,23023,False,True,41119,Adam Bandt,GRN,GRN,,4770,0.2071841202275985,False,ALP>GRN
VIC,229,Menzies,1,41310,Joshua Utoyo,OTH,OTH_LTP,RIGHT,1362,True,False,40638,Stella Yee,IND,IND_PROMINENT,LEFT,158,0.11600587371512482,False,ALP>LNP>GRN>ON>IND>OTH
VIC,229,Menzies,1,41310,Joshua Utoyo,OTH,OTH_LTP,RIGHT,1362,True,False,40778,Keith Wolahan,LNP,LIB,,157,0.11527165932452275,False,ALP>LNP>GRN>ON>IND>OTH
VIC,229,Menzies,1,41310,Joshua Utoyo,OTH,OTH_LTP,RIGHT,1362,True,False,40820,Gabriel Ng,ALP,ALP,,80,0.05873715124816446,False,ALP>LNP>GRN>ON>IND>OTH
VIC,229,Menzies,1,41310,Joshua Utoyo,OTH,OTH_LTP,RIGHT,1362,True,False,41123,Bill Pheasant,GRN,GRN,,61,0.044787077826725405,False,ALP>LNP>GRN>ON>IND>OTH
VIC,229,Menzies,1,41310,Joshua Utoyo,OTH,OTH_LTP,RIGHT,1362,True,False,41438,Amanda Paliouras,OTH,OTH_CYA,RIGHT,134,0.09838472834067548,True,ALP>LNP>GRN>ON>IND>OTH
VIC,229,Menzies,1,41310,Joshua Utoyo,OTH,OTH_LTP,RIGHT,1362,True,False,41580,Ann Seeley,OTH,OTH_FFPA,RIGHT,436,0.3201174743024963,True,ALP>LNP>GRN>ON>IND>OTH
VIC,229,Menzies,1,41310,Joshua Utoyo,OTH,OTH_LTP,RIGHT,1362,True,False,41603,Jhett Edwards-Scott,ON,ON,,336,0.24669603524229075,False,ALP>LNP>GRN>ON>IND>OTH
VIC,229,Menzies,2,41580,Ann Seeley,OTH,OTH_FFPA,RIGHT,2195,True,False,40638,Stella Yee,IND,IND_PROMINENT,LEFT,324,0.14760820045558087,False,ALP>LNP>GRN>ON>IND>OTH
VIC,229,Menzies,2,41580,Ann Seeley,OTH,OTH_FFPA,RIGHT,2195,True,False,40778,Keith Wolahan,LNP,LIB,,619,0.282004555808656,False,ALP>LNP>GRN>ON>IND>OTH
VIC,229,Menzies,2,41580,Ann Seeley,OTH,OTH_FFPA,RIGHT,2195,True,False,40820,Gabriel Ng,ALP,ALP,,236,0.10751708428246014,False,ALP>LNP>GRN>ON>IND>OTH
VIC,229,Menzies,2,41580,Ann Seeley,OTH,OTH_FFPA,RIGHT,2195,True,False,41123,Bill Pheasant,GRN,GRN,,140,0.06378132118451026,False,ALP>LNP>GRN>ON>IND>OTH
VIC,229,Menzies,2,41580,Ann Seeley,OTH,OTH_FFPA,RIGHT,2195,True,False,41438,Amanda Paliouras,OTH,OTH_CYA,RIGHT,257,0.11708428246013668,True,ALP>LNP>GRN>ON>IND>OTH
VIC,229,Menzies,2,41580,Ann Seeley,OTH,OTH_FFPA,RIGHT,2195,True,False,41603,Jhett Edwards-Scott,ON,ON,,619,0.282004555808656,False,ALP>LNP>GRN>ON>IND>OTH
VIC,229,Menzies,3,41438,Amanda Paliouras,OTH,OTH_CYA,RIGHT,3099,False,True,40638,Stella Yee,IND,IND_PROMINENT,LEFT,435,0.1403678606001936,False,ALP>LNP>GRN>ON>IND
VIC,229,Menzies,3,41438,Amanda Paliouras,OTH,OTH_CYA,RIGHT,3099,False,True,40778,Keith Wolahan,LNP,LIB,,810,0.26137463697967084,False,ALP>LNP>GRN>ON>IND
VIC,229,Menzies,3,41438,Amanda Paliouras,OTH,OTH_CYA,RIGHT,3099,False,True,40820,Gabriel Ng,ALP,ALP,,226,0.07292675056469829,False,ALP>LNP>GRN>ON>IND
VIC,229,Menzies,3,41438,Amanda Paliouras,OTH,OTH_CYA,RIGHT,3099,False,True,41123,Bill Pheasant,GRN,GRN,,537,0.1732817037754114,False,ALP>LNP>GRN>ON>IND
VIC,229,Menzies,3,41438,Amanda Paliouras,OTH,OTH_CYA,RIGHT,3099,False,True,41603,Jhett Edwards-Scott,ON,ON,,1091,0.3520490480800258,False,ALP>LNP>GRN>ON>IND
VIC,229,Menzies,4,41603,Jhett Edwards-Scott,ON,ON,,4198,False,True,40638,Stella Yee,IND,IND_PROMINENT,LEFT,1113,0.2651262505955217,False,ALP>LNP>GRN>IND
VIC,229,Menzies,4,41603,Jhett Edwards-Scott,ON,ON,,4198,False,True,40778,Keith Wolahan,LNP,LIB,,2463,0.5867079561696046,False,ALP>LNP>GRN>IND
VIC,229,Menzies,4,41603,Jhett Edwards-Scott,ON,ON,,4198,False,True,40820,Gabriel Ng,ALP,ALP,,389,0.092663172939495,False,ALP>LNP>GRN>IND
VIC,229,Menzies,4,41603,Jhett Edwards-Scott,ON,ON,,4198,False,True,41123,Bill Pheasant,GRN,GRN,,233,0.05550262029537875,False,ALP>LNP>GRN>IND
VIC,229,Menzies,5,40638,Stella Yee,IND,IND_PROMINENT,LEFT,8996,False,True,40778,Keith Wolahan,LNP,LIB,,2173,0.2415518008003557,False,ALP>LNP>GRN
VIC,229,Menzies,5,40638,Stella Yee,IND,IND_PROMINENT,LEFT,8996,False,True,40820,Gabriel Ng,ALP,ALP,,2907,0.32314361938639397,False,ALP>LNP>GRN
VIC,229,Menzies,5,40638,Stella Yee,IND,IND_PROMINENT,LEFT,8996,False,True,41123,Bill Pheasant,GRN,GRN,,3916,0.4353045798132503,False,ALP>LNP>GRN
VIC,229,Menzies,6,41123,Bill Pheasant,GRN,GRN,,16885,False,True,40778,Keith Wolahan,LNP,LIB,,2841,0.16825584838614155,False,ALP>LNP
VIC,229,Menzies,6,41123,Bill Pheasant,GRN,GRN,,16885,False,True,40820,Gabriel Ng,ALP,ALP,,14044,0.8317441516138585,False,ALP>LNP
VIC,323,Monash,1,41534,Geoff Dethlefs,OTH,OTH_FFPA,RIGHT,1801,True,False,36065,Deb Leonard,IND,IND_PROMINENT,CENTRE_LEFT,134,0.07440310938367574,False,ALP>LNP>GRN>ON>IND>OTH
VIC,323,Monash,1,41534,Geoff Dethlefs,OTH,OTH_FFPA,RIGHT,1801,True,False,36737,Russell Broadbent,IND,IND_PROMINENT,RIGHT,355,0.1971127151582454,False,ALP>LNP>GRN>ON>IND>OTH
VIC,323,Monash,1,41534,Geoff Dethlefs,OTH,OTH_FFPA,RIGHT,1801,True,False,40769,Mary Aldred,LNP,LIB,,407,0.22598556357579122,False,ALP>LNP>GRN>ON>IND>OTH
VIC,323,Monash,1,41534,Geoff Dethlefs,OTH,OTH_FFPA,RIGHT,1801,True,False,40818,Tully Fletcher,ALP,ALP,,111,0.061632426429761245,False,ALP>LNP>GRN>ON>IND>OTH
VIC,323,Monash,1,41534,Geoff Dethlefs,OTH,OTH_FFPA,RIGHT,1801,True,False,41100,Terence Steele,GRN,GRN,,83,0.04608550805108273,False,ALP>LNP>GRN>ON>IND>OTH
VIC,323,Monash,1,41534,Geoff Dethlefs,OTH,OTH_FFPA,RIGHT,1801,True,False,41233,David O'Reilly,OTH,OTH_HMP,CENTRE_LEFT,203,0.11271515824541921,True,ALP>LNP>GRN>ON>IND>OTH
VIC,323,Monash,1,41534,Geoff Dethlefs,OTH,OTH_FFPA,RIGHT,1801,True,False,41366,Alex Wehbe,OTH,OTH_CYA,RIGHT,152,0.0843975569128262,True,ALP>LNP>GRN>ON>IND>OTH
VIC,323,Monash,1,41534,Geoff Dethlefs,OTH,OTH_FFPA,RIGHT,1801,True,False,41598,Kuljeet Kaur Robinson,ON,ON,,356,0.19766796224319821,False,ALP>LNP>GRN>ON>IND>OTH
VIC,323,Monash,2,41366,Alex Wehbe,OTH,OTH_CYA,RIGHT,2760,True,False,36065,Deb Leonard,IND,IND_PROMINENT,CENTRE_LEFT,230,0.08333333333333333,False,ALP>LNP>GRN>ON>IND>OTH
VIC,323,Monash,2,41366,Alex Wehbe,OTH,OTH_CYA,RIGHT,2760,True,False,36737,Russell Broadbent,IND,IND_PROMINENT,RIGHT,516,0.18695652173913044,False,ALP>LNP>GRN>ON>IND>OTH
VIC,323,Monash,2,41366,Alex Wehbe,OTH,OTH_CYA,RIGHT,2760,True,False,40769,Mary Aldred,LNP,LIB,,324,0.11739130434782609,False,ALP>LNP>GRN>ON>IND>OTH
VIC,323,Monash,2,41366,Alex Wehbe,OTH,OTH_CYA,RIGHT,2760,True,False,40818,Tully Fletcher,ALP,ALP,,142,0.05144927536231884,False,ALP>LNP>GRN>ON>IND>OTH
VIC,323,Monash,2,41366,Alex Wehbe,OTH,OTH_CYA,RIGHT,2760,True,False,41100,Terence Steele,GRN,GRN,,141,0.051086956521739134,False,ALP>LNP>GRN>ON>IND>OTH
VIC,323,Monash,2,41366,Alex Wehbe,OTH,OTH_CYA,RIGHT,2760,True,False,41233,David O'Reilly,OTH,OTH_HMP,CENTRE_LEFT,342,0.12391304347826088,True,ALP>LNP>GRN>ON>IND>OTH
VIC,323,Monash,2,41366,Alex Wehbe,OTH,OTH_CYA,RIGHT,2760,True,False,41598,Kuljeet Kaur Robinson,ON,ON,,1065,0.3858695652173913,False,ALP>LNP>GRN>ON>IND>OTH
VIC,323,Monash,3,41233,David O'Reilly,OTH,OTH_HMP,CENTRE_LEFT,4066,False,True,36065,Deb Leonard,IND,IND_PROMINENT,CENTRE_LEFT,823,0.20241023118544024,False,ALP>LNP>GRN>ON>IND
VIC,323,Monash,3,41233,David O'Reilly,OTH,OTH_HMP,CENTRE_LEFT,4066,False,True,36737,Russell Broadbent,IND,IND_PROMINENT,RIGHT,524,0.12887358583374323,False,ALP>LNP>GRN>ON>IND
VIC,323,Monash,3,41233,David O'Reilly,OTH,OTH_HMP,CENTRE_LEFT,4066,False,True,40769,Mary Aldred,LNP,LIB,,419,0.103049680275455,False,ALP>LNP>GRN>ON>IND
VIC,323,Monash,3,41233,David O'Reilly,OTH,OTH_HMP,CENTRE_LEFT,4066,False,True,40818,Tully Fletcher,ALP,ALP,,609,0.14977865223807182,False,ALP>LNP>GRN>ON>IND
VIC,323,Monash,3,41233,David O'Reilly,OTH,OTH_HMP,CENTRE_LEFT,4066,False,True,41100,Terence Steele,GRN,GRN,,911,0.22405312346286277,False,ALP>LNP>GRN>ON>IND
VIC,323,Monash,3,41233,David O'Reilly,OTH,OTH_HMP,CENTRE_LEFT,4066,False,True,41598,Kuljeet Kaur Robinson,ON,ON,,780,0.19183472700442694,False,ALP>LNP>GRN>ON>IND
VIC,323,Monash,4,41100,Terence Steele,GRN,GRN,,6197,False,True,36065,Deb Leonard,IND,IND_PROMINENT,CENTRE_LEFT,2968,0.4789414232693239,False,ALP>LNP>ON>IND
VIC,323,Monash,4,41100,Terence Steele,GRN,GRN,,6197,False,True,36737,Russell Broadbent,IND,IND_PROMINENT,RIGHT,389,0.06277230918186219,False,ALP>LNP>ON>IND
VIC,323,Monash,4,41100,Terence Steele,GRN,GRN,,6197,False,True,40769,Mary Aldred,LNP,LIB,,307,0.04954010004841052,False,ALP>LNP>ON>IND
VIC,323,Monash,4,41100,Terence Steele,GRN,GRN,,6197,False,True,40818,Tully Fletcher,ALP,ALP,,2238,0.3611424883007907,False,ALP>LNP>ON>IND
VIC,323,Monash,4,41100,Terence Steele,GRN,GRN,,6197,False,True,41598,Kuljeet Kaur Robinson,ON,ON,,295,0.04760367919961272,False,ALP>LNP>ON>IND
VIC,323,Monash,5,41598,Kuljeet Kaur Robinson,ON,ON,,10662,False,True,36065,Deb Leonard,IND,IND_PROMINENT,CENTRE_LEFT,1390,0.13036953667229412,False,ALP>LNP>IND
VIC,323,Monash,5,41598,Kuljeet Kaur Robinson,ON,ON,,10662,False,True,36737,Russell Broadbent,IND,IND_PROMINENT,RIGHT,4440,0.41643218908272367,False,ALP>LNP>IND
VIC,323,Monash,5,41598,Kuljeet Kaur Robinson,ON,ON,,10662,False,True,40769,Mary Aldred,LNP,LIB,,3191,0.29928718814481337,False,ALP>LNP>IND
VIC,323,Monash,5,41598,Kuljeet Kaur Robinson,ON,ON,,10662,False,True,40818,Tully Fletcher,ALP,ALP,,1641,0.15391108610016882,False,ALP>LNP>IND
VIC,323,Monash,6,36737,Russell Broadbent,IND,IND_PROMINENT,RIGHT,16674,True,False,36065,Deb Leonard,IND,IND_PROMINENT,CENTRE_LEFT,3963,0.23767542281396187,True,ALP>LNP>IND
VIC,323,Monash,6,36737,Russell Broadbent,IND,IND_PROMINENT,RIGHT,16674,True,False,40769,Mary Aldred,LNP,LIB,,9797,0.5875614729519012,False,ALP>LNP>IND
VIC,323,Monash,6,36737,Russell Broadbent,IND,IND_PROMINENT,RIGHT,16674,True,False,40818,Tully Fletcher,ALP,ALP,,2914,0.174763104234137,False,ALP>LNP>IND
VIC,323,Monash,7,36065,Deb Leonard,IND,IND_PROMINENT,CENTRE_LEFT,27037,False,True,40769,Mary Aldred,LNP,LIB,,8427,0.31168398860820357,False,ALP>LNP
VIC,323,Monash,7,36065,Deb Leonard,IND,IND_PROMINENT,CENTRE_LEFT,27037,False,True,40818,Tully Fletcher,ALP,ALP,,18610,0.6883160113917964,False,ALP>LNP
VIC,324,Nicholls,1,40702,Jeff Davy,OTH,OTH_CEC,CENTRE,1082,True,False,40815,Kim Travers,ALP,ALP,,107,0.0988909426987061,False,ALP>LNP>GRN>ON>OTH
VIC,324,Nicholls,1,40702,Jeff Davy,OTH,OTH_CEC,CENTRE,1082,True,False,41106,Shelby Eade,GRN,GRN,,184,0.17005545286506468,False,ALP>LNP>GRN>ON>OTH
VIC,324,Nicholls,1,40702,Jeff Davy,OTH,OTH_CEC,CENTRE,1082,True,False,41134,Sam Birrell,LNP,NAT,,204,0.18853974121996303,False,ALP>LNP>GRN>ON>OTH
VIC,324,Nicholls,1,40702,Jeff Davy,OTH,OTH_CEC,CENTRE,1082,True,False,41394,Glenn Francis Floyd,OTH,OTH_CYA,RIGHT,116,0.10720887245841035,True,ALP>LNP>GRN>ON>OTH
VIC,324,Nicholls,1,40702,Jeff Davy,OTH,OTH_CEC,CENTRE,1082,True,False,41549,Paul Edward Bachelor,OTH,OTH_FFPA,RIGHT,266,0.24584103512014788,True,ALP>LNP>GRN>ON>OTH
VIC,324,Nicholls,1,40702,Jeff Davy,OTH,OTH_CEC,CENTRE,1082,True,False,41597,Aaron Tyrrell,ON,ON,,205,0.18946395563770796,False,ALP>LNP>GRN>ON>OTH
VIC,324,Nicholls,2,41549,Paul Edward Bachelor,OTH,OTH_FFPA,RIGHT,4983,True,False,40815,Kim Travers,ALP,ALP,,898,0.1802127232590809,False,ALP>LNP>GRN>ON>OTH
VIC,324,Nicholls,2,41549,Paul Edward Bachelor,OTH,OTH_FFPA,RIGHT,4983,True,False,41106,Shelby Eade,GRN,GRN,,480,0.09632751354605659,False,ALP>LNP>GRN>ON>OTH
VIC,324,Nicholls,2,41549,Paul Edward Bachelor,OTH,OTH_FFPA,RIGHT,4983,True,False,41134,Sam Birrell,LNP,NAT,,1310,0.26289383905277947,False,ALP>LNP>GRN>ON>OTH
VIC,324,Nicholls,2,41549,Paul Edward Bachelor,OTH,OTH_FFPA,RIGHT,4983,True,False,41394,Glenn Francis Floyd,OTH,OTH_CYA,RIGHT,762,0.15291992775436483,True,ALP>LNP>GRN>ON>OTH
VIC,324,Nicholls,2,41549,Paul Edward Bachelor,OTH,OTH_FFPA,RIGHT,4983,True,False,41597,Aaron Tyrrell,ON,ON,,1533,0.3076459963877182,False,ALP>LNP>GRN>ON>OTH
VIC,324,Nicholls,3,41394,Glenn Francis Floyd,OTH,OTH_CYA,RIGHT,5877,False,True,40815,Kim Travers,ALP,ALP,,810,0.13782542113323124,False,ALP>LNP>GRN>ON
VIC,324,Nicholls,3,41394,Glenn Francis Floyd,OTH,OTH_CYA,RIGHT,5877,False,True,41106,Shelby Eade,GRN,GRN,,330,0.05615109749872384,False,ALP>LNP>GRN>ON
VIC,324,Nicholls,3,41394,Glenn Francis Floyd,OTH,OTH_CYA,RIGHT,5877,False,True,41134,Sam Birrell,LNP,NAT,,1309,0.2227326867449379,False,ALP>LNP>GRN>ON
VIC,324,Nicholls,3,41394,Glenn Francis Floyd,OTH,OTH_CYA,RIGHT,5877,False,True,41597,Aaron Tyrrell,ON,ON,,3428,0.5832907946231071,False,ALP>LNP>GRN>ON
VIC,324,Nicholls,4,41106,Shelby Eade,GRN,GRN,,9229,False,True,40815,Kim Travers,ALP,ALP,,6303,0.6829558998808105,False,ALP>LNP>ON
VIC,324,Nicholls,4,41106,Shelby Eade,GRN,GRN,,9229,False,True,41134,Sam Birrell,LNP,NAT,,2053,0.22245096976920575,False,ALP>LNP>ON
VIC,324,Nicholls,4,41106,Shelby Eade,GRN,GRN,,9229,False,True,41597,Aaron Tyrrell,ON,ON,,873,0.09459313034998375,False,ALP>LNP>ON
VIC,324,Nicholls,5,41597,Aaron Tyrrell,ON,ON,,18134,False,True,40815,Kim Travers,ALP,ALP,,3885,0.21423844711591486,False,ALP>LNP
VIC,324,Nicholls,5,41597,Aaron Tyrrell,ON,ON,,18134,False,True,41134,Sam Birrell,LNP,NAT,,14249,0.7857615528840851,False,ALP>LNP
VIC,232,Scullin,1,40987,Ursula Van Bree,OTH,OTH_GRPF,RIGHT,2441,True,False,40782,Rohit Taggar,LNP,LIB,,169,0.06923392052437526,False,ALP>LNP>GRN>ON>OTH
VIC,232,Scullin,1,40987,Ursula Van Bree,OTH,OTH_GRPF,RIGHT,2441,True,False,40819,Andrew Giles,ALP,ALP,,300,0.12290045063498566,False,ALP>LNP>GRN>ON>OTH
VIC,232,Scullin,1,40987,Ursula Van Bree,OTH,OTH_GRPF,RIGHT,2441,True,False,41001,Omar Hassan,OTH,OTH_VNS,LEFT,113,0.04629250307251127,True,ALP>LNP>GRN>ON>OTH
VIC,232,Scullin,1,40987,Ursula Van Bree,OTH,OTH_GRPF,RIGHT,2441,True,False,41113,Loki Sangarya,GRN,GRN,,118,0.04834084391642769,False,ALP>LNP>GRN>ON>OTH
VIC,232,Scullin,1,40987,Ursula Van Bree,OTH,OTH_GRPF,RIGHT,2441,True,False,41392,Adriana Buccianti,OTH,OTH_CYA,RIGHT,387,0.1585415813191315,True,ALP>LNP>GRN>ON>OTH
VIC,232,Scullin,1,40987,Ursula Van Bree,OTH,OTH_GRPF,RIGHT,2441,True,False,41540,Cassandra Bell,OTH,OTH_FFPA,RIGHT,844,0.345759934453093,True,ALP>LNP>GRN>ON>OTH
VIC,232,Scullin,1,40987,Ursula Van Bree,OTH,OTH_GRPF,RIGHT,2441,True,False,41605,Arthur Tsoutsoulis,ON,ON,,510,0.20893076607947564,False,ALP>LNP>GRN>ON>OTH
VIC,232,Scullin,2,41540,Cassandra Bell,OTH,OTH_FFPA,RIGHT,4596,True,False,40782,Rohit Taggar,LNP,LIB,,782,0.170147954743255,False,ALP>LNP>GRN>ON>OTH
VIC,232,Scullin,2,41540,Cassandra Bell,OTH,OTH_FFPA,RIGHT,4596,True,False,40819,Andrew Giles,ALP,ALP,,660,0.14360313315926893,False,ALP>LNP>GRN>ON>OTH
VIC,232,Scullin,2,41540,Cassandra Bell,OTH,OTH_FFPA,RIGHT,4596,True,False,41001,Omar Hassan,OTH,OTH_VNS,LEFT,576,0.12532637075718014,True,ALP>LNP>GRN>ON>OTH
VIC,232,Scullin,2,41540,Cassandra Bell,OTH,OTH_FFPA,RIGHT,4596,True,False,41113,Loki Sangarya,GRN,GRN,,513,0.11161879895561358,False,ALP>LNP>GRN>ON>OTH
VIC,232,Scullin,2,41540,Cassandra Bell,OTH,OTH_FFPA,RIGHT,4596,True,False,41392,Adriana Buccianti,OTH,OTH_CYA,RIGHT,1255,0.27306353350739776,True,ALP>LNP>GRN>ON>OTH
VIC,232,Scullin,2,41540,Cassandra Bell,OTH,OTH_FFPA,RIGHT,4596,True,False,41605,Arthur Tsoutsoulis,ON,ON,,810,0.1762402088772846,False,ALP>LNP>GRN>ON>OTH
VIC,232,Scullin,3,41001,Omar Hassan,OTH,OTH_VNS,LEFT,6916,True,False,40782,Rohit Taggar,LNP,LIB,,365,0.05277617119722383,False,ALP>LNP>GRN>ON>OTH
VIC,232,Scullin,3,41001,Omar Hassan,OTH,OTH_VNS,LEFT,6916,True,False,40819,Andrew Giles,ALP,ALP,,1143,0.16526894158473107,False,ALP>LNP>GRN>ON>OTH
VIC,232,Scullin,3,41001,Omar Hassan,OTH,OTH_VNS,LEFT,6916,True,False,41113,Loki Sangarya,GRN,GRN,,4145,0.5993348756506651,False,ALP>LNP>GRN>ON>OTH
VIC,232,Scullin,3,41001,Omar Hassan,OTH,OTH_VNS,LEFT,6916,True,False,41392,Adriana Buccianti,OTH,OTH_CYA,RIGHT,670,0.0968768074031232,True,ALP>LNP>GRN>ON>OTH
VIC,232,Scullin,3,41001,Omar Hassan,OTH,OTH_VNS,LEFT,6916,True,False,41605,Arthur Tsoutsoulis,ON,ON,,593,0.08574320416425679,False,ALP>LNP>GRN>ON>OTH
VIC,232,Scullin,4,41392,Adriana Buccianti,OTH,OTH_CYA,RIGHT,7791,False,True,40782,Rohit Taggar,LNP,LIB,,1008,0.1293800539083558,False,ALP>LNP>GRN>ON
VIC,232,Scullin,4,41392,Adriana Buccianti,OTH,OTH_CYA,RIGHT,7791,False,True,40819,Andrew Giles,ALP,ALP,,1004,0.12886664099602105,False,ALP>LNP>GRN>ON
VIC,232,Scullin,4,41392,Adriana Buccianti,OTH,OTH_CYA,RIGHT,7791,False,True,41113,Loki Sangarya,GRN,GRN,,808,0.10370940829161854,False,ALP>LNP>GRN>ON
VIC,232,Scullin,4,41392,Adriana Buccianti,OTH,OTH_CYA,RIGHT,7791,False,True,41605,Arthur Tsoutsoulis,ON,ON,,4971,0.6380438968040046,False,ALP>LNP>GRN>ON
VIC,232,Scullin,5,41605,Arthur Tsoutsoulis,ON,ON,,13285,False,True,40782,Rohit Taggar,LNP,LIB,,6476,0.487467068121942,False,ALP>LNP>GRN
VIC,232,Scullin,5,41605,Arthur Tsoutsoulis,ON,ON,,13285,False,True,40819,Andrew Giles,ALP,ALP,,2322,0.17478359051561912,False,ALP>LNP>GRN
VIC,232,Scullin,5,41605,Arthur Tsoutsoulis,ON,ON,,13285,False,True,41113,Loki Sangarya,GRN,GRN,,4487,0.33774934136243884,False,ALP>LNP>GRN
VIC,232,Scullin,6,41113,Loki Sangarya,GRN,GRN,,19161,False,True,40782,Rohit Taggar,LNP,LIB,,5866,0.3061426856635875,False,ALP>LNP
VIC,232,Scullin,6,41113,Loki Sangarya,GRN,GRN,,19161,False,True,40819,Andrew Giles,ALP,ALP,,13295,0.6938573143364125,False,ALP>LNP
VIC,233,Wannon,1,41466,Bernadine Atkinson,OTH,IND_MINOR,CENTRE,794,True,False,33601,Alex Dyson,IND,IND_PROMINENT,CENTRE_LEFT,185,0.23299748110831234,False,ALP>LNP>GRN>ON>IND>OTH
VIC,233,Wannon,1,41466,Bernadine Atkinson,OTH,IND_MINOR,CENTRE,794,True,False,40770,Dan Tehan,LNP,LIB,,98,0.12342569269521411,False,ALP>LNP>GRN>ON>IND>OTH
VIC,233,Wannon,1,41466,Bernadine Atkinson,OTH,IND_MINOR,CENTRE,794,True,False,40808,Fiona Mackenzie,ALP,ALP,,184,0.23173803526448364,False,ALP>LNP>GRN>ON>IND>OTH
VIC,233,Wannon,1,41466,Bernadine Atkinson,OTH,IND_MINOR,CENTRE,794,True,False,41231,Robbie Swan,OTH,OTH_HMP,CENTRE_LEFT,62,0.07808564231738035,True,ALP>LNP>GRN>ON>IND>OTH
VIC,233,Wannon,1,41466,Bernadine Atkinson,OTH,IND_MINOR,CENTRE,794,True,False,41280,Kate Gazzard,GRN,GRN,,42,0.05289672544080604,False,ALP>LNP>GRN>ON>IND>OTH
VIC,233,Wannon,1,41466,Bernadine Atkinson,OTH,IND_MINOR,CENTRE,794,True,False,41388,Julie Ann Mccamish,OTH,OTH_CYA,RIGHT,49,0.061712846347607056,True,ALP>LNP>GRN>ON>IND>OTH
VIC,233,Wannon,1,41466,Bernadine Atkinson,OTH,IND_MINOR,CENTRE,794,True,False,41544,Lee-Ann Elmes,OTH,OTH_FFPA,RIGHT,92,0.11586901763224182,True,ALP>LNP>GRN>ON>IND>OTH
VIC,233,Wannon,1,41466,Bernadine Atkinson,OTH,IND_MINOR,CENTRE,794,True,False,41588,Leo Curtain,ON,ON,,82,0.10327455919395466,False,ALP>LNP>GRN>ON>IND>OTH
VIC,233,Wannon,2,41388,Julie Ann Mccamish,OTH,OTH_CYA,RIGHT,1838,True,False,33601,Alex Dyson,IND,IND_PROMINENT,CENTRE_LEFT,296,0.16104461371055495,False,ALP>LNP>GRN>ON>IND>OTH
VIC,233,Wannon,2,41388,Julie Ann Mccamish,OTH,OTH_CYA,RIGHT,1838,True,False,40770,Dan Tehan,LNP,LIB,,274,0.14907508161044614,False,ALP>LNP>GRN>ON>IND>OTH
VIC,233,Wannon,2,41388,Julie Ann Mccamish,OTH,OTH_CYA,RIGHT,1838,True,False,40808,Fiona Mackenzie,ALP,ALP,,84,0.04570184983677911,False,ALP>LNP>GRN>ON>IND>OTH
VIC,233,Wannon,2,41388,Julie Ann Mccamish,OTH,OTH_CYA,RIGHT,1838,True,False,41231,Robbie Swan,OTH,OTH_HMP,CENTRE_LEFT,228,0.12404787812840043,True,ALP>LNP>GRN>ON>IND>OTH
VIC,233,Wannon,2,41388,Julie Ann Mccamish,OTH,OTH_CYA,RIGHT,1838,True,False,41280,Kate Gazzard,GRN,GRN,,69,0.03754080522306855,False,ALP>LNP>GRN>ON>IND>OTH
VIC,233,Wannon,2,41388,Julie Ann Mccamish,OTH,OTH_CYA,RIGHT,1838,True,False,41544,Lee-Ann Elmes,OTH,OTH_FFPA,RIGHT,238,0.1294885745375408,True,ALP>LNP>GRN>ON>IND>OTH
VIC,233,Wannon,2,41388,Julie Ann Mccamish,OTH,OTH_CYA,RIGHT,1838,True,False,41588,Leo Curtain,ON,ON,,649,0.35310119695321,False,ALP>LNP>GRN>ON>IND>OTH
VIC,233,Wannon,3,41544,Lee-Ann Elmes,OTH,OTH_FFPA,RIGHT,2395,True,False,33601,Alex Dyson,IND,IND_PROMINENT,CENTRE_LEFT,350,0.14613778705636743,False,ALP>LNP>GRN>ON>IND>OTH
VIC,233,Wannon,3,41544,Lee-Ann Elmes,OTH,OTH_FFPA,RIGHT,2395,True,False,40770,Dan Tehan,LNP,LIB,,530,0.22129436325678498,False,ALP>LNP>GRN>ON>IND>OTH
VIC,233,Wannon,3,41544,Lee-Ann Elmes,OTH,OTH_FFPA,RIGHT,2395,True,False,40808,Fiona Mackenzie,ALP,ALP,,134,0.055949895615866385,False,ALP>LNP>GRN>ON>IND>OTH
VIC,233,Wannon,3,41544,Lee-Ann Elmes,OTH,OTH_FFPA,RIGHT,2395,True,False,41231,Robbie Swan,OTH,OTH_HMP,CENTRE_LEFT,265,0.11064718162839249,True,ALP>LNP>GRN>ON>IND>OTH
VIC,233,Wannon,3,41544,Lee-Ann Elmes,OTH,OTH_FFPA,RIGHT,2395,True,False,41280,Kate Gazzard,GRN,GRN,,164,0.0684759916492693,False,ALP>LNP>GRN>ON>IND>OTH
VIC,233,Wannon,3,41544,Lee-Ann Elmes,OTH,OTH_FFPA,RIGHT,2395,True,False,41588,Leo Curtain,ON,ON,,952,0.3974947807933194,False,ALP>LNP>GRN>ON>IND>OTH
VIC,233,Wannon,4,41231,Robbie Swan,OTH,OTH_HMP,CENTRE_LEFT,3592,False,True,33601,Alex Dyson,IND,IND_PROMINENT,CENTRE_LEFT,1041,0.2898106904231626,False,ALP>LNP>GRN>ON>IND
VIC,233,Wannon,4,41231,Robbie Swan,OTH,OTH_HMP,CENTRE_LEFT,3592,False,True,40770,Dan Tehan,LNP,LIB,,545,0.1517260579064588,False,ALP>LNP>GRN>ON>IND
VIC,233,Wannon,4,41231,Robbie Swan,OTH,OTH_HMP,CENTRE_LEFT,3592,False,True,40808,Fiona Mackenzie,ALP,ALP,,530,0.1475501113585746,False,ALP>LNP>GRN>ON>IND
VIC,233,Wannon,4,41231,Robbie Swan,OTH,OTH_HMP,CENTRE_LEFT,3592,False,True,41280,Kate Gazzard,GRN,GRN,,630,0.17538975501113585,False,ALP>LNP>GRN>ON>IND
VIC,233,Wannon,4,41231,Robbie Swan,OTH,OTH_HMP,CENTRE_LEFT,3592,False,True,41588,Leo Curtain,ON,ON,,846,0.23552338530066816,False,ALP>LNP>GRN>ON>IND
VIC,233,Wannon,5,41280,Kate Gazzard,GRN,GRN,,4332,False,True,33601,Alex Dyson,IND,IND_PROMINENT,CENTRE_LEFT,2382,0.5498614958448753,False,ALP>LNP>ON>IND
VIC,233,Wannon,5,41280,Kate Gazzard,GRN,GRN,,4332,False,True,40770,Dan Tehan,LNP,LIB,,347,0.08010156971375808,False,ALP>LNP>ON>IND
VIC,233,Wannon,5,41280,Kate Gazzard,GRN,GRN,,4332,False,True,40808,Fiona Mackenzie,ALP,ALP,,1262,0.291320406278855,False,ALP>LNP>ON>IND
VIC,233,Wannon,5,41280,Kate Gazzard,GRN,GRN,,4332,False,True,41588,Leo Curtain,ON,ON,,341,0.07871652816251154,False,ALP>LNP>ON>IND
VIC,233,Wannon,6,41588,Leo Curtain,ON,ON,,7399,False,True,33601,Alex Dyson,IND,IND_PROMINENT,CENTRE_LEFT,2101,0.2839572915258819,False,ALP>LNP>IND
VIC,233,Wannon,6,41588,Leo Curtain,ON,ON,,7399,False,True,40770,Dan Tehan,LNP,LIB,,4302,0.5814299229625625,False,ALP>LNP>IND
VIC,233,Wannon,6,41588,Leo Curtain,ON,ON,,7399,False,True,40808,Fiona Mackenzie,ALP,ALP,,996,0.13461278551155562,False,ALP>LNP>IND
VIC,233,Wannon,7,40808,Fiona Mackenzie,ALP,ALP,,14628,False,True,33601,Alex Dyson,IND,IND_PROMINENT,CENTRE_LEFT,10287,0.7032403609515997,False,LNP>IND
VIC,233,Wannon,7,40808,Fiona Mackenzie,ALP,ALP,,14628,False,True,40770,Dan Tehan,LNP,LIB,,4341,0.2967596390484003,False,LNP>IND
VIC,234,Wills,1,41315,Rachel Versteegen,OTH,OTH_LTP,RIGHT,918,True,False,40775,Jeff Kidney,LNP,LIB,,131,0.14270152505446623,False,ALP>LNP>GRN>ON>OTH
VIC,234,Wills,1,41315,Rachel Versteegen,OTH,OTH_LTP,RIGHT,918,True,False,40810,Peter Khalil,ALP,ALP,,67,0.07298474945533769,False,ALP>LNP>GRN>ON>OTH
VIC,234,Wills,1,41315,Rachel Versteegen,OTH,OTH_LTP,RIGHT,918,True,False,41108,Samantha Ratnam,GRN,GRN,,62,0.06753812636165578,False,ALP>LNP>GRN>ON>OTH
VIC,234,Wills,1,41315,Rachel Versteegen,OTH,OTH_LTP,RIGHT,918,True,False,41220,Margee Glover,OTH,OTH_HMP,CENTRE_LEFT,72,0.0784313725490196,True,ALP>LNP>GRN>ON>OTH
VIC,234,Wills,1,41315,Rachel Versteegen,OTH,OTH_LTP,RIGHT,918,True,False,41378,Owen Miller,OTH,OTH_SOPA,LEFT,75,0.08169934640522876,True,ALP>LNP>GRN>ON>OTH
VIC,234,Wills,1,41315,Rachel Versteegen,OTH,OTH_LTP,RIGHT,918,True,False,41589,Sue Bolton,OTH,OTH_SAL,LEFT,45,0.049019607843137254,True,ALP>LNP>GRN>ON>OTH
VIC,234,Wills,1,41315,Rachel Versteegen,OTH,OTH_LTP,RIGHT,918,True,False,41593,Bruce Stevens,ON,ON,,466,0.5076252723311547,False,ALP>LNP>GRN>ON>OTH
VIC,234,Wills,2,41378,Owen Miller,OTH,OTH_SOPA,LEFT,1197,True,False,40775,Jeff Kidney,LNP,LIB,,70,0.05847953216374269,False,ALP>LNP>GRN>ON>OTH
VIC,234,Wills,2,41378,Owen Miller,OTH,OTH_SOPA,LEFT,1197,True,False,40810,Peter Khalil,ALP,ALP,,172,0.14369256474519632,False,ALP>LNP>GRN>ON>OTH
VIC,234,Wills,2,41378,Owen Miller,OTH,OTH_SOPA,LEFT,1197,True,False,41108,Samantha Ratnam,GRN,GRN,,326,0.2723475355054302,False,ALP>LNP>GRN>ON>OTH
VIC,234,Wills,2,41378,Owen Miller,OTH,OTH_SOPA,LEFT,1197,True,False,41220,Margee Glover,OTH,OTH_HMP,CENTRE_LEFT,317,0.264828738512949,True,ALP>LNP>GRN>ON>OTH
VIC,234,Wills,2,41378,Owen Miller,OTH,OTH_SOPA,LEFT,1197,True,False,41589,Sue Bolton,OTH,OTH_SAL,LEFT,243,0.20300751879699247,True,ALP>LNP>GRN>ON>OTH
VIC,234,Wills,2,41378,Owen Miller,OTH,OTH_SOPA,LEFT,1197,True,False,41593,Bruce Stevens,ON,ON,,69,0.05764411027568922,False,ALP>LNP>GRN>ON>OTH
VIC,234,Wills,3,41220,Margee Glover,OTH,OTH_HMP,CENTRE_LEFT,3456,True,False,40775,Jeff Kidney,LNP,LIB,,333,0.09635416666666667,False,ALP>LNP>GRN>ON>OTH
VIC,234,Wills,3,41220,Margee Glover,OTH,OTH_HMP,CENTRE_LEFT,3456,True,False,40810,Peter Khalil,ALP,ALP,,866,0.2505787037037037,False,ALP>LNP>GRN>ON>OTH
VIC,234,Wills,3,41220,Margee Glover,OTH,OTH_HMP,CENTRE_LEFT,3456,True,False,41108,Samantha Ratnam,GRN,GRN,,1193,0.34519675925925924,False,ALP>LNP>GRN>ON>OTH
VIC,234,Wills,3,41220,Margee Glover,OTH,OTH_HMP,CENTRE_LEFT,3456,True,False,41589,Sue Bolton,OTH,OTH_SAL,LEFT,701,0.20283564814814814,True,ALP>LNP>GRN>ON>OTH
VIC,234,Wills,3,41220,Margee Glover,OTH,OTH_HMP,CENTRE_LEFT,3456,True,False,41593,Bruce Stevens,ON,ON,,363,0.10503472222222222,False,ALP>LNP>GRN>ON>OTH
VIC,234,Wills,4,41593,Bruce Stevens,ON,ON,,4740,False,True,40775,Jeff Kidney,LNP,LIB,,2812,0.5932489451476793,False,ALP>LNP>GRN>OTH
VIC,234,Wills,4,41593,Bruce Stevens,ON,ON,,4740,False,True,40810,Peter Khalil,ALP,ALP,,718,0.15147679324894514,False,ALP>LNP>GRN>OTH
VIC,234,Wills,4,41593,Bruce Stevens,ON,ON,,4740,False,True,41108,Samantha Ratnam,GRN,GRN,,474,0.1,False,ALP>LNP>GRN>OTH
VIC,234,Wills,4,41593,Bruce Stevens,ON,ON,,4740,False,True,41589,Sue Bolton,OTH,OTH_SAL,LEFT,736,0.15527426160337554,False,ALP>LNP>GRN>OTH
VIC,234,Wills,5,41589,Sue Bolton,OTH,OTH_SAL,LEFT,10533,False,True,40775,Jeff Kidney,LNP,LIB,,702,0.06664767872401026,False,ALP>LNP>GRN
VIC,234,Wills,5,41589,Sue Bolton,OTH,OTH_SAL,LEFT,10533,False,True,40810,Peter Khalil,ALP,ALP,,1772,0.16823317193582074,False,ALP>LNP>GRN
VIC,234,Wills,5,41589,Sue Bolton,OTH,OTH_SAL,LEFT,10533,False,True,41108,Samantha Ratnam,GRN,GRN,,8059,0.765119149340169,False,ALP>LNP>GRN
VIC,234,Wills,6,40775,Jeff Kidney,LNP,LIB,,18169,False,True,40810,Peter Khalil,ALP,ALP,,13795,0.7592602784963399,False,ALP>GRN
VIC,234,Wills,6,40775,Jeff Kidney,LNP,LIB,,18169,False,True,41108,Samantha Ratnam,GRN,GRN,,4374,0.24073972150366008,False,ALP>GRN
WA,235,Brand,1,41662,Jim Matters,OTH,OTH_HMP,CENTRE_LEFT,7935,False,True,41216,Claire Moody,LNP,LIB,,1005,0.1266540642722117,False,ALP>LNP>GRN>ON
WA,235,Brand,1,41662,Jim Matters,OTH,OTH_HMP,CENTRE_LEFT,7935,False,True,41243,Madeleine King,ALP,ALP,,2128,0.26817895400126024,False,ALP>LNP>GRN>ON
WA,235,Brand,1,41662,Jim Matters,OTH,OTH_HMP,CENTRE_LEFT,7935,False,True,41610,Stephen Box,ON,ON,,2203,0.27763074984247005,False,ALP>LNP>GRN>ON
WA,235,Brand,1,41662,Jim Matters,OTH,OTH_HMP,CENTRE_LEFT,7935,False,True,41660,Jody Freeman,GRN,GRN,,2599,0.32753623188405795,False,ALP>LNP>GRN>ON
WA,235,Brand,2,41610,Stephen Box,ON,ON,,14163,False,True,41216,Claire Moody,LNP,LIB,,7404,0.5227705994492692,False,ALP>LNP>GRN
WA,235,Brand,2,41610,Stephen Box,ON,ON,,14163,False,True,41243,Madeleine King,ALP,ALP,,2828,0.199675210054367,False,ALP>LNP>GRN
WA,235,Brand,2,41610,Stephen Box,ON,ON,,14163,False,True,41660,Jody Freeman,GRN,GRN,,3931,0.27755419049636376,False,ALP>LNP>GRN
WA,235,Brand,3,41660,Jody Freeman,GRN,GRN,,18942,False,True,41216,Claire Moody,LNP,LIB,,4146,0.21887868229331645,False,ALP>LNP
WA,235,Brand,3,41660,Jody Freeman,GRN,GRN,,18942,False,True,41243,Madeleine King,ALP,ALP,,14796,0.7811213177066836,False,ALP>LNP
WA,329,Bullwinkel,1,41078,Les Holten,OTH,OTH_AUC,RIGHT,3287,True,False,41223,Matt Moran,LNP,LIB,,583,0.17736537876483116,False,ALP>LNP>GRN>ON>OTH
WA,329,Bullwinkel,1,41078,Les Holten,OTH,OTH_AUC,RIGHT,3287,True,False,41248,Trish Cook,ALP,ALP,,225,0.0684514755095832,False,ALP>LNP>GRN>ON>OTH
WA,329,Bullwinkel,1,41078,Les Holten,OTH,OTH_AUC,RIGHT,3287,True,False,41647,Trevor Mayes,ON,ON,,1744,0.5305749923942805,False,ALP>LNP>GRN>ON>OTH
WA,329,Bullwinkel,1,41078,Les Holten,OTH,OTH_AUC,RIGHT,3287,True,False,41719,Abbey Bishop,GRN,GRN,,135,0.04107088530574993,False,ALP>LNP>GRN>ON>OTH
WA,329,Bullwinkel,1,41078,Les Holten,OTH,OTH_AUC,RIGHT,3287,True,False,41720,Penelope Rose Young,OTH,OTH_HMP,CENTRE_LEFT,211,0.06419227258898692,True,ALP>LNP>GRN>ON>OTH
WA,329,Bullwinkel,1,41078,Les Holten,OTH,OTH_AUC,RIGHT,3287,True,False,41756,Mia Davies,LNP,NAT,,389,0.1183449954365683,False,ALP>LNP>GRN>ON>OTH
WA,329,Bullwinkel,2,41720,Penelope Rose Young,OTH,OTH_HMP,CENTRE_LEFT,5473,False,True,41223,Matt Moran,LNP,LIB,,678,0.12388086972410013,False,ALP>LNP>GRN>ON
WA,329,Bullwinkel,2,41720,Penelope Rose Young,OTH,OTH_HMP,CENTRE_LEFT,5473,False,True,41248,Trish Cook,ALP,ALP,,1120,0.20464096473597662,False,ALP>LNP>GRN>ON
WA,329,Bullwinkel,2,41720,Penelope Rose Young,OTH,OTH_HMP,CENTRE_LEFT,5473,False,True,41647,Trevor Mayes,ON,ON,,1347,0.246117303124429,False,ALP>LNP>GRN>ON
WA,329,Bullwinkel,2,41720,Penelope Rose Young,OTH,OTH_HMP,CENTRE_LEFT,5473,False,True,41719,Abbey Bishop,GRN,GRN,,1648,0.30111456239722273,False,ALP>LNP>GRN>ON
WA,329,Bullwinkel,2,41720,Penelope Rose Young,OTH,OTH_HMP,CENTRE_LEFT,5473,False,True,41756,Mia Davies,LNP,NAT,,680,0.12424630001827151,False,ALP>LNP>GRN>ON
WA,329,Bullwinkel,3,41647,Trevor Mayes,ON,ON,,12102,False,True,41223,Matt Moran,LNP,LIB,,4215,0.3482895389191869,False,ALP>LNP>GRN
WA,329,Bullwinkel,3,41647,Trevor Mayes,ON,ON,,12102,False,True,41248,Trish Cook,ALP,ALP,,1150,0.09502561560072716,False,ALP>LNP>GRN
WA,329,Bullwinkel,3,41647,Trevor Mayes,ON,ON,,12102,False,True,41719,Abbey Bishop,GRN,GRN,,1425,0.11774913237481408,False,ALP>LNP>GRN
WA,329,Bullwinkel,3,41647,Trevor Mayes,ON,ON,,12102,False,True,41756,Mia Davies,LNP,NAT,,5312,0.43893571310527185,False,ALP>LNP>GRN
WA,329,Bullwinkel,4,41719,Abbey Bishop,GRN,GRN,,14936,False,True,41223,Matt Moran,LNP,LIB,,1041,0.0696973754686663,False,ALP>LNP
WA,329,Bullwinkel,4,41719,Abbey Bishop,GRN,GRN,,14936,False,True,41248,Trish Cook,ALP,ALP,,10275,0.687935190144617,False,ALP>LNP
WA,329,Bullwinkel,4,41719,Abbey Bishop,GRN,GRN,,14936,False,True,41756,Mia Davies,LNP,NAT,,3620,0.24236743438671665,False,ALP>LNP
WA,329,Bullwinkel,5,41756,Mia Davies,LNP,NAT,,26508,True,False,41223,Matt Moran,LNP,LIB,,19849,0.7487928172627132,True,ALP>LNP
WA,329,Bullwinkel,5,41756,Mia Davies,LNP,NAT,,26508,True,False,41248,Trish Cook,ALP,ALP,,6659,0.25120718273728687,False,ALP>LNP
WA,317,Burt,1,40669,Ashok Kumar Tewatia,OTH,IND_MINOR,CENTRE_LEFT,2150,True,False,41082,Alvin Mathew Vadakkedathu,OTH,OTH_AUC,RIGHT,343,0.15953488372093022,True,ALP>LNP>GRN>ON>OTH
WA,317,Burt,1,40669,Ashok Kumar Tewatia,OTH,IND_MINOR,CENTRE_LEFT,2150,True,False,41229,Sean Ayres,LNP,LIB,,227,0.1055813953488372,False,ALP>LNP>GRN>ON>OTH
WA,317,Burt,1,40669,Ashok Kumar Tewatia,OTH,IND_MINOR,CENTRE_LEFT,2150,True,False,41253,Matt Keogh,ALP,ALP,,521,0.24232558139534885,False,ALP>LNP>GRN>ON>OTH
WA,317,Burt,1,40669,Ashok Kumar Tewatia,OTH,IND_MINOR,CENTRE_LEFT,2150,True,False,41652,Liz Ierardi,ON,ON,,279,0.12976744186046513,False,ALP>LNP>GRN>ON>OTH
WA,317,Burt,1,40669,Ashok Kumar Tewatia,OTH,IND_MINOR,CENTRE_LEFT,2150,True,False,41726,Adam Abdul Razak,GRN,GRN,,340,0.15813953488372093,False,ALP>LNP>GRN>ON>OTH
WA,317,Burt,1,40669,Ashok Kumar Tewatia,OTH,IND_MINOR,CENTRE_LEFT,2150,True,False,41727,Fiona Caruso,OTH,OTH_HMP,CENTRE_LEFT,440,0.20465116279069767,True,ALP>LNP>GRN>ON>OTH
WA,317,Burt,2,41082,Alvin Mathew Vadakkedathu,OTH,OTH_AUC,RIGHT,4973,True,False,41229,Sean Ayres,LNP,LIB,,1226,0.2465312688517997,False,ALP>LNP>GRN>ON>OTH
WA,317,Burt,2,41082,Alvin Mathew Vadakkedathu,OTH,OTH_AUC,RIGHT,4973,True,False,41253,Matt Keogh,ALP,ALP,,808,0.16247737784033783,False,ALP>LNP>GRN>ON>OTH
WA,317,Burt,2,41082,Alvin Mathew Vadakkedathu,OTH,OTH_AUC,RIGHT,4973,True,False,41652,Liz Ierardi,ON,ON,,2208,0.44399758696963604,False,ALP>LNP>GRN>ON>OTH
WA,317,Burt,2,41082,Alvin Mathew Vadakkedathu,OTH,OTH_AUC,RIGHT,4973,True,False,41726,Adam Abdul Razak,GRN,GRN,,310,0.062336617735773175,False,ALP>LNP>GRN>ON>OTH
WA,317,Burt,2,41082,Alvin Mathew Vadakkedathu,OTH,OTH_AUC,RIGHT,4973,True,False,41727,Fiona Caruso,OTH,OTH_HMP,CENTRE_LEFT,421,0.08465714860245324,True,ALP>LNP>GRN>ON>OTH
WA,317,Burt,3,41727,Fiona Caruso,OTH,OTH_HMP,CENTRE_LEFT,6645,False,True,41229,Sean Ayres,LNP,LIB,,767,0.11542513167795335,False,ALP>LNP>GRN>ON
WA,317,Burt,3,41727,Fiona Caruso,OTH,OTH_HMP,CENTRE_LEFT,6645,False,True,41253,Matt Keogh,ALP,ALP,,2044,0.30759969902182094,False,ALP>LNP>GRN>ON
WA,317,Burt,3,41727,Fiona Caruso,OTH,OTH_HMP,CENTRE_LEFT,6645,False,True,41652,Liz Ierardi,ON,ON,,1816,0.27328818660647103,False,ALP>LNP>GRN>ON
WA,317,Burt,3,41727,Fiona Caruso,OTH,OTH_HMP,CENTRE_LEFT,6645,False,True,41726,Adam Abdul Razak,GRN,GRN,,2018,0.3036869826937547,False,ALP>LNP>GRN>ON
WA,317,Burt,4,41726,Adam Abdul Razak,GRN,GRN,,14004,False,True,41229,Sean Ayres,LNP,LIB,,1535,0.10961153956012568,False,ALP>LNP>ON
WA,317,Burt,4,41726,Adam Abdul Razak,GRN,GRN,,14004,False,True,41253,Matt Keogh,ALP,ALP,,10696,0.763781776635247,False,ALP>LNP>ON
WA,317,Burt,4,41726,Adam Abdul Razak,GRN,GRN,,14004,False,True,41652,Liz Ierardi,ON,ON,,1773,0.12660668380462725,False,ALP>LNP>ON
WA,317,Burt,5,41652,Liz Ierardi,ON,ON,,15865,False,True,41229,Sean Ayres,LNP,LIB,,11212,0.7067128900094548,False,ALP>LNP
WA,317,Burt,5,41652,Liz Ierardi,ON,ON,,15865,False,True,41253,Matt Keogh,ALP,ALP,,4653,0.29328710999054525,False,ALP>LNP
WA,236,Canning,1,41828,John Raymond Carey,OTH,OTH_CEC,CENTRE,1084,True,False,41236,Andrew Hastie,LNP,LIB,,87,0.08025830258302583,False,ALP>LNP>GRN>ON>OTH
WA,236,Canning,1,41828,John Raymond Carey,OTH,OTH_CEC,CENTRE,1084,True,False,41262,Jarrad Goold,ALP,ALP,,96,0.08856088560885608,False,ALP>LNP>GRN>ON>OTH
WA,236,Canning,1,41828,John Raymond Carey,OTH,OTH_CEC,CENTRE,1084,True,False,41654,Fernando Bove,ON,ON,,384,0.35424354243542433,False,ALP>LNP>GRN>ON>OTH
WA,236,Canning,1,41828,John Raymond Carey,OTH,OTH_CEC,CENTRE,1084,True,False,41732,Paul Gullan,OTH,OTH_HMP,CENTRE_LEFT,366,0.3376383763837638,True,ALP>LNP>GRN>ON>OTH
WA,236,Canning,1,41828,John Raymond Carey,OTH,OTH_CEC,CENTRE,1084,True,False,41741,Jordan Cahill,GRN,GRN,,151,0.1392988929889299,False,ALP>LNP>GRN>ON>OTH
WA,236,Canning,2,41732,Paul Gullan,OTH,OTH_HMP,CENTRE_LEFT,6582,False,True,41236,Andrew Hastie,LNP,LIB,,1120,0.1701610452749924,False,ALP>LNP>GRN>ON
WA,236,Canning,2,41732,Paul Gullan,OTH,OTH_HMP,CENTRE_LEFT,6582,False,True,41262,Jarrad Goold,ALP,ALP,,1498,0.22759039805530235,False,ALP>LNP>GRN>ON
WA,236,Canning,2,41732,Paul Gullan,OTH,OTH_HMP,CENTRE_LEFT,6582,False,True,41654,Fernando Bove,ON,ON,,1874,0.28471589182619267,False,ALP>LNP>GRN>ON
WA,236,Canning,2,41732,Paul Gullan,OTH,OTH_HMP,CENTRE_LEFT,6582,False,True,41741,Jordan Cahill,GRN,GRN,,2090,0.3175326648435126,False,ALP>LNP>GRN>ON
WA,236,Canning,3,41741,Jordan Cahill,GRN,GRN,,11208,False,True,41236,Andrew Hastie,LNP,LIB,,1427,0.1273197715917202,False,ALP>LNP>ON
WA,236,Canning,3,41741,Jordan Cahill,GRN,GRN,,11208,False,True,41262,Jarrad Goold,ALP,ALP,,7708,0.6877230549607424,False,ALP>LNP>ON
WA,236,Canning,3,41741,Jordan Cahill,GRN,GRN,,11208,False,True,41654,Fernando Bove,ON,ON,,2073,0.18495717344753748,False,ALP>LNP>ON
WA,236,Canning,4,41654,Fernando Bove,ON,ON,,15819,False,True,41236,Andrew Hastie,LNP,LIB,,11489,0.7262785258233769,False,ALP>LNP
WA,236,Canning,4,41654,Fernando Bove,ON,ON,,15819,False,True,41262,Jarrad Goold,ALP,ALP,,4330,0.27372147417662307,False,ALP>LNP
WA,237,Cowan,1,41636,Charles Smith,OTH,OTH_CYA,RIGHT,2311,True,False,40667,Wade Mcdonald,OTH,IND_MINOR,CENTRE,196,0.08481176979662484,True,ALP>LNP>GRN>ON>OTH
WA,237,Cowan,1,41636,Charles Smith,OTH,OTH_CYA,RIGHT,2311,True,False,41087,Wesley D'Costa,OTH,OTH_AUC,RIGHT,209,0.09043704024231934,True,ALP>LNP>GRN>ON>OTH
WA,237,Cowan,1,41636,Charles Smith,OTH,OTH_CYA,RIGHT,2311,True,False,41241,Felicia Adeniyi,LNP,LIB,,463,0.2003461704889658,False,ALP>LNP>GRN>ON>OTH
WA,237,Cowan,1,41636,Charles Smith,OTH,OTH_CYA,RIGHT,2311,True,False,41353,Anne Aly,ALP,ALP,,184,0.0796192124621376,False,ALP>LNP>GRN>ON>OTH
WA,237,Cowan,1,41636,Charles Smith,OTH,OTH_CYA,RIGHT,2311,True,False,41655,Bradley Yates,ON,ON,,722,0.3124188662916486,False,ALP>LNP>GRN>ON>OTH
WA,237,Cowan,1,41636,Charles Smith,OTH,OTH_CYA,RIGHT,2311,True,False,41740,John Bell,OTH,OTH_HMP,CENTRE_LEFT,360,0.15577672003461704,True,ALP>LNP>GRN>ON>OTH
WA,237,Cowan,1,41636,Charles Smith,OTH,OTH_CYA,RIGHT,2311,True,False,41898,Matthew Count,GRN,GRN,,177,0.07659022068368672,False,ALP>LNP>GRN>ON>OTH
WA,237,Cowan,2,41087,Wesley D'Costa,OTH,OTH_AUC,RIGHT,3224,True,False,40667,Wade Mcdonald,OTH,IND_MINOR,CENTRE,328,0.10173697270471464,True,ALP>LNP>GRN>ON>OTH
WA,237,Cowan,2,41087,Wesley D'Costa,OTH,OTH_AUC,RIGHT,3224,True,False,41241,Felicia Adeniyi,LNP,LIB,,1221,0.37872208436724564,False,ALP>LNP>GRN>ON>OTH
WA,237,Cowan,2,41087,Wesley D'Costa,OTH,OTH_AUC,RIGHT,3224,True,False,41353,Anne Aly,ALP,ALP,,493,0.15291563275434245,False,ALP>LNP>GRN>ON>OTH
WA,237,Cowan,2,41087,Wesley D'Costa,OTH,OTH_AUC,RIGHT,3224,True,False,41655,Bradley Yates,ON,ON,,920,0.2853598014888337,False,ALP>LNP>GRN>ON>OTH
WA,237,Cowan,2,41087,Wesley D'Costa,OTH,OTH_AUC,RIGHT,3224,True,False,41740,John Bell,OTH,OTH_HMP,CENTRE_LEFT,130,0.04032258064516129,True,ALP>LNP>GRN>ON>OTH
WA,237,Cowan,2,41087,Wesley D'Costa,OTH,OTH_AUC,RIGHT,3224,True,False,41898,Matthew Count,GRN,GRN,,132,0.04094292803970223,False,ALP>LNP>GRN>ON>OTH
WA,237,Cowan,3,40667,Wade Mcdonald,OTH,IND_MINOR,CENTRE,3941,True,False,41241,Felicia Adeniyi,LNP,LIB,,398,0.10098959654909921,False,ALP>LNP>GRN>ON>OTH
WA,237,Cowan,3,40667,Wade Mcdonald,OTH,IND_MINOR,CENTRE,3941,True,False,41353,Anne Aly,ALP,ALP,,690,0.1750824663790916,False,ALP>LNP>GRN>ON>OTH
WA,237,Cowan,3,40667,Wade Mcdonald,OTH,IND_MINOR,CENTRE,3941,True,False,41655,Bradley Yates,ON,ON,,621,0.15757421974118244,False,ALP>LNP>GRN>ON>OTH
WA,237,Cowan,3,40667,Wade Mcdonald,OTH,IND_MINOR,CENTRE,3941,True,False,41740,John Bell,OTH,OTH_HMP,CENTRE_LEFT,597,0.1514843948236488,True,ALP>LNP>GRN>ON>OTH
WA,237,Cowan,3,40667,Wade Mcdonald,OTH,IND_MINOR,CENTRE,3941,True,False,41898,Matthew Count,GRN,GRN,,1635,0.41486932250697794,False,ALP>LNP>GRN>ON>OTH
WA,237,Cowan,4,41740,John Bell,OTH,OTH_HMP,CENTRE_LEFT,5190,False,True,41241,Felicia Adeniyi,LNP,LIB,,835,0.1608863198458574,False,ALP>LNP>GRN>ON
WA,237,Cowan,4,41740,John Bell,OTH,OTH_HMP,CENTRE_LEFT,5190,False,True,41353,Anne Aly,ALP,ALP,,1178,0.22697495183044317,False,ALP>LNP>GRN>ON
WA,237,Cowan,4,41740,John Bell,OTH,OTH_HMP,CENTRE_LEFT,5190,False,True,41655,Bradley Yates,ON,ON,,1217,0.2344894026974952,False,ALP>LNP>GRN>ON
WA,237,Cowan,4,41740,John Bell,OTH,OTH_HMP,CENTRE_LEFT,5190,False,True,41898,Matthew Count,GRN,GRN,,1960,0.37764932562620424,False,ALP>LNP>GRN>ON
WA,237,Cowan,5,41655,Bradley Yates,ON,ON,,8349,False,True,41241,Felicia Adeniyi,LNP,LIB,,4772,0.5715654569409511,False,ALP>LNP>GRN
WA,237,Cowan,5,41655,Bradley Yates,ON,ON,,8349,False,True,41353,Anne Aly,ALP,ALP,,1516,0.18157863217151754,False,ALP>LNP>GRN
WA,237,Cowan,5,41655,Bradley Yates,ON,ON,,8349,False,True,41898,Matthew Count,GRN,GRN,,2061,0.24685591088753145,False,ALP>LNP>GRN
WA,237,Cowan,6,41898,Matthew Count,GRN,GRN,,16332,False,True,41241,Felicia Adeniyi,LNP,LIB,,4040,0.2473671320107764,False,ALP>LNP
WA,237,Cowan,6,41898,Matthew Count,GRN,GRN,,16332,False,True,41353,Anne Aly,ALP,ALP,,12292,0.7526328679892236,False,ALP>LNP
WA,238,Curtin,1,42076,Fred Mulholland,OTH,OTH_HMP,CENTRE_LEFT,2368,False,True,36589,Kate Chaney,IND,IND_PROMINENT,CENTRE_LEFT,584,0.24662162162162163,False,ALP>LNP>GRN>ON>IND
WA,238,Curtin,1,42076,Fred Mulholland,OTH,OTH_HMP,CENTRE_LEFT,2368,False,True,41244,Tom White,LNP,LIB,,364,0.15371621621621623,False,ALP>LNP>GRN>ON>IND
WA,238,Curtin,1,42076,Fred Mulholland,OTH,OTH_HMP,CENTRE_LEFT,2368,False,True,41359,Viktor Andrew Ko,ALP,ALP,,483,0.2039695945945946,False,ALP>LNP>GRN>ON>IND
WA,238,Curtin,1,42076,Fred Mulholland,OTH,OTH_HMP,CENTRE_LEFT,2368,False,True,41657,Alexander Ironside,ON,ON,,348,0.14695945945945946,False,ALP>LNP>GRN>ON>IND
WA,238,Curtin,1,42076,Fred Mulholland,OTH,OTH_HMP,CENTRE_LEFT,2368,False,True,41755,Kitty Hemsley,GRN,GRN,,589,0.24873310810810811,False,ALP>LNP>GRN>ON>IND
WA,238,Curtin,2,41657,Alexander Ironside,ON,ON,,3079,False,True,36589,Kate Chaney,IND,IND_PROMINENT,CENTRE_LEFT,829,0.2692432607989607,False,ALP>LNP>GRN>IND
WA,238,Curtin,2,41657,Alexander Ironside,ON,ON,,3079,False,True,41244,Tom White,LNP,LIB,,1818,0.5904514452744397,False,ALP>LNP>GRN>IND
WA,238,Curtin,2,41657,Alexander Ironside,ON,ON,,3079,False,True,41359,Viktor Andrew Ko,ALP,ALP,,235,0.07632348164988632,False,ALP>LNP>GRN>IND
WA,238,Curtin,2,41657,Alexander Ironside,ON,ON,,3079,False,True,41755,Kitty Hemsley,GRN,GRN,,197,0.06398181227671322,False,ALP>LNP>GRN>IND
WA,238,Curtin,3,41755,Kitty Hemsley,GRN,GRN,,9021,False,True,36589,Kate Chaney,IND,IND_PROMINENT,CENTRE_LEFT,4884,0.5414033920851347,False,ALP>LNP>IND
WA,238,Curtin,3,41755,Kitty Hemsley,GRN,GRN,,9021,False,True,41244,Tom White,LNP,LIB,,562,0.06229907992462033,False,ALP>LNP>IND
WA,238,Curtin,3,41755,Kitty Hemsley,GRN,GRN,,9021,False,True,41359,Viktor Andrew Ko,ALP,ALP,,3575,0.396297527990245,False,ALP>LNP>IND
WA,238,Curtin,4,41359,Viktor Andrew Ko,ALP,ALP,,19919,False,True,36589,Kate Chaney,IND,IND_PROMINENT,CENTRE_LEFT,15869,0.7966765399869471,False,LNP>IND
WA,238,Curtin,4,41359,Viktor Andrew Ko,ALP,ALP,,19919,False,True,41244,Tom White,LNP,LIB,,4050,0.20332346001305288,False,LNP>IND
WA,312,Durack,1,41651,Maarten Kornaat,OTH,OTH_CYA,RIGHT,1432,True,False,41200,Eugenie Margaret Harris,OTH,OTH_AUC,RIGHT,136,0.09497206703910614,True,ALP>LNP>GRN>ON>OTH
WA,312,Durack,1,41651,Maarten Kornaat,OTH,OTH_CYA,RIGHT,1432,True,False,41247,Melissa Price,LNP,LIB,,169,0.1180167597765363,False,ALP>LNP>GRN>ON>OTH
WA,312,Durack,1,41651,Maarten Kornaat,OTH,OTH_CYA,RIGHT,1432,True,False,41363,Karen Wheatland,ALP,ALP,,82,0.05726256983240224,False,ALP>LNP>GRN>ON>OTH
WA,312,Durack,1,41651,Maarten Kornaat,OTH,OTH_CYA,RIGHT,1432,True,False,41659,Mark Berry,ON,ON,,598,0.4175977653631285,False,ALP>LNP>GRN>ON>OTH
WA,312,Durack,1,41651,Maarten Kornaat,OTH,OTH_CYA,RIGHT,1432,True,False,41743,Kat Wright,OTH,OTH_HMP,CENTRE_LEFT,210,0.14664804469273743,True,ALP>LNP>GRN>ON>OTH
WA,312,Durack,1,41651,Maarten Kornaat,OTH,OTH_CYA,RIGHT,1432,True,False,41758,Brendan Sturcke,GRN,GRN,,60,0.04189944134078212,False,ALP>LNP>GRN>ON>OTH
WA,312,Durack,1,41651,Maarten Kornaat,OTH,OTH_CYA,RIGHT,1432,True,False,41848,Bailey Kempton,LNP,NAT,,131,0.0914804469273743,False,ALP>LNP>GRN>ON>OTH
WA,312,Durack,1,41651,Maarten Kornaat,OTH,OTH_CYA,RIGHT,1432,True,False,42081,Jason Hunter,OTH,OTH_IAP,LEFT,46,0.03212290502793296,True,ALP>LNP>GRN>ON>OTH
WA,312,Durack,2,42081,Jason Hunter,OTH,OTH_IAP,LEFT,1918,True,False,41200,Eugenie Margaret Harris,OTH,OTH_AUC,RIGHT,115,0.05995828988529719,True,ALP>LNP>GRN>ON>OTH
WA,312,Durack,2,42081,Jason Hunter,OTH,OTH_IAP,LEFT,1918,True,False,41247,Melissa Price,LNP,LIB,,203,0.10583941605839416,False,ALP>LNP>GRN>ON>OTH
WA,312,Durack,2,42081,Jason Hunter,OTH,OTH_IAP,LEFT,1918,True,False,41363,Karen Wheatland,ALP,ALP,,504,0.26277372262773724,False,ALP>LNP>GRN>ON>OTH
WA,312,Durack,2,42081,Jason Hunter,OTH,OTH_IAP,LEFT,1918,True,False,41659,Mark Berry,ON,ON,,136,0.07090719499478623,False,ALP>LNP>GRN>ON>OTH
WA,312,Durack,2,42081,Jason Hunter,OTH,OTH_IAP,LEFT,1918,True,False,41743,Kat Wright,OTH,OTH_HMP,CENTRE_LEFT,382,0.1991657977059437,True,ALP>LNP>GRN>ON>OTH
WA,312,Durack,2,42081,Jason Hunter,OTH,OTH_IAP,LEFT,1918,True,False,41758,Brendan Sturcke,GRN,GRN,,415,0.21637122002085507,False,ALP>LNP>GRN>ON>OTH
WA,312,Durack,2,42081,Jason Hunter,OTH,OTH_IAP,LEFT,1918,True,False,41848,Bailey Kempton,LNP,NAT,,163,0.08498435870698644,False,ALP>LNP>GRN>ON>OTH
WA,312,Durack,3,41200,Eugenie Margaret Harris,OTH,OTH_AUC,RIGHT,2131,True,False,41247,Melissa Price,LNP,LIB,,422,0.1980290943219146,False,ALP>LNP>GRN>ON>OTH
WA,312,Durack,3,41200,Eugenie Margaret Harris,OTH,OTH_AUC,RIGHT,2131,True,False,41363,Karen Wheatland,ALP,ALP,,206,0.09666823087752228,False,ALP>LNP>GRN>ON>OTH
WA,312,Durack,3,41200,Eugenie Margaret Harris,OTH,OTH_AUC,RIGHT,2131,True,False,41659,Mark Berry,ON,ON,,847,0.3974659784138902,False,ALP>LNP>GRN>ON>OTH
WA,312,Durack,3,41200,Eugenie Margaret Harris,OTH,OTH_AUC,RIGHT,2131,True,False,41743,Kat Wright,OTH,OTH_HMP,CENTRE_LEFT,160,0.07508212106992022,True,ALP>LNP>GRN>ON>OTH
WA,312,Durack,3,41200,Eugenie Margaret Harris,OTH,OTH_AUC,RIGHT,2131,True,False,41758,Brendan Sturcke,GRN,GRN,,225,0.10558423275457532,False,ALP>LNP>GRN>ON>OTH
WA,312,Durack,3,41200,Eugenie Margaret Harris,OTH,OTH_AUC,RIGHT,2131,True,False,41848,Bailey Kempton,LNP,NAT,,271,0.12717034256217738,False,ALP>LNP>GRN>ON>OTH
WA,312,Durack,4,41743,Kat Wright,OTH,OTH_HMP,CENTRE_LEFT,5991,False,True,41247,Melissa Price,LNP,LIB,,1021,0.17042230011684192,False,ALP>LNP>GRN>ON
WA,312,Durack,4,41743,Kat Wright,OTH,OTH_HMP,CENTRE_LEFT,5991,False,True,41363,Karen Wheatland,ALP,ALP,,1073,0.17910198631280252,False,ALP>LNP>GRN>ON
WA,312,Durack,4,41743,Kat Wright,OTH,OTH_HMP,CENTRE_LEFT,5991,False,True,41659,Mark Berry,ON,ON,,1452,0.24236354531797696,False,ALP>LNP>GRN>ON
WA,312,Durack,4,41743,Kat Wright,OTH,OTH_HMP,CENTRE_LEFT,5991,False,True,41758,Brendan Sturcke,GRN,GRN,,1466,0.24470038390919713,False,ALP>LNP>GRN>ON
WA,312,Durack,4,41743,Kat Wright,OTH,OTH_HMP,CENTRE_LEFT,5991,False,True,41848,Bailey Kempton,LNP,NAT,,979,0.16341178434318143,False,ALP>LNP>GRN>ON
WA,312,Durack,5,41758,Brendan Sturcke,GRN,GRN,,9362,False,True,41247,Melissa Price,LNP,LIB,,907,0.09688100833155308,False,ALP>LNP>ON
WA,312,Durack,5,41758,Brendan Sturcke,GRN,GRN,,9362,False,True,41363,Karen Wheatland,ALP,ALP,,6100,0.6515701773125401,False,ALP>LNP>ON
WA,312,Durack,5,41758,Brendan Sturcke,GRN,GRN,,9362,False,True,41659,Mark Berry,ON,ON,,838,0.08951078829309976,False,ALP>LNP>ON
WA,312,Durack,5,41758,Brendan Sturcke,GRN,GRN,,9362,False,True,41848,Bailey Kempton,LNP,NAT,,1517,0.1620380260628071,False,ALP>LNP>ON
WA,312,Durack,6,41659,Mark Berry,ON,ON,,12739,False,True,41247,Melissa Price,LNP,LIB,,3950,0.31007143417850697,False,ALP>LNP
WA,312,Durack,6,41659,Mark Berry,ON,ON,,12739,False,True,41363,Karen Wheatland,ALP,ALP,,1590,0.1248135646440066,False,ALP>LNP
WA,312,Durack,6,41659,Mark Berry,ON,ON,,12739,False,True,41848,Bailey Kempton,LNP,NAT,,7199,0.5651150011774865,False,ALP>LNP
WA,312,Durack,7,41848,Bailey Kempton,LNP,NAT,,22232,True,False,41247,Melissa Price,LNP,LIB,,17320,0.7790572148254767,True,ALP>LNP
WA,312,Durack,7,41848,Bailey Kempton,LNP,NAT,,22232,True,False,41363,Karen Wheatland,ALP,ALP,,4912,0.2209427851745232,False,ALP>LNP
WA,239,Forrest,1,41653,Peter Greenland,OTH,OTH_CYA,RIGHT,1405,True,False,41252,Ben Small,LNP,LIB,,101,0.07188612099644127,False,ALP>LNP>GRN>ON>IND>OTH
WA,239,Forrest,1,41653,Peter Greenland,OTH,OTH_CYA,RIGHT,1405,True,False,41369,Tabitha Dowding,ALP,ALP,,72,0.05124555160142349,False,ALP>LNP>GRN>ON>IND>OTH
WA,239,Forrest,1,41653,Peter Greenland,OTH,OTH_CYA,RIGHT,1405,True,False,41661,Paul Van Der Mey,ON,ON,,696,0.49537366548042705,False,ALP>LNP>GRN>ON>IND>OTH
WA,239,Forrest,1,41653,Peter Greenland,OTH,OTH_CYA,RIGHT,1405,True,False,41745,Aaron Peet,OTH,OTH_HMP,CENTRE_LEFT,199,0.14163701067615658,True,ALP>LNP>GRN>ON>IND>OTH
WA,239,Forrest,1,41653,Peter Greenland,OTH,OTH_CYA,RIGHT,1405,True,False,41777,Georgia Beardman,GRN,GRN,,70,0.0498220640569395,False,ALP>LNP>GRN>ON>IND>OTH
WA,239,Forrest,1,41653,Peter Greenland,OTH,OTH_CYA,RIGHT,1405,True,False,41922,Cam Parsons,LNP,NAT,,121,0.08612099644128114,False,ALP>LNP>GRN>ON>IND>OTH
WA,239,Forrest,1,41653,Peter Greenland,OTH,OTH_CYA,RIGHT,1405,True,False,42105,Sue Chapman,IND,IND_PROMINENT,CENTRE_LEFT,146,0.10391459074733096,False,ALP>LNP>GRN>ON>IND>OTH
WA,239,Forrest,2,41922,Cam Parsons,LNP,NAT,,4892,True,False,41252,Ben Small,LNP,LIB,,2774,0.5670482420278005,True,ALP>LNP>GRN>ON>IND>OTH
WA,239,Forrest,2,41922,Cam Parsons,LNP,NAT,,4892,True,False,41369,Tabitha Dowding,ALP,ALP,,237,0.048446443172526575,False,ALP>LNP>GRN>ON>IND>OTH
WA,239,Forrest,2,41922,Cam Parsons,LNP,NAT,,4892,True,False,41661,Paul Van Der Mey,ON,ON,,851,0.1739574816026165,False,ALP>LNP>GRN>ON>IND>OTH
WA,239,Forrest,2,41922,Cam Parsons,LNP,NAT,,4892,True,False,41745,Aaron Peet,OTH,OTH_HMP,CENTRE_LEFT,403,0.08237939493049877,False,ALP>LNP>GRN>ON>IND>OTH
WA,239,Forrest,2,41922,Cam Parsons,LNP,NAT,,4892,True,False,41777,Georgia Beardman,GRN,GRN,,168,0.03434178250204415,False,ALP>LNP>GRN>ON>IND>OTH
WA,239,Forrest,2,41922,Cam Parsons,LNP,NAT,,4892,True,False,42105,Sue Chapman,IND,IND_PROMINENT,CENTRE_LEFT,459,0.09382665576451349,False,ALP>LNP>GRN>ON>IND>OTH
WA,239,Forrest,3,41745,Aaron Peet,OTH,OTH_HMP,CENTRE_LEFT,5733,False,True,41252,Ben Small,LNP,LIB,,1039,0.18123146694575265,False,ALP>LNP>GRN>ON>IND
WA,239,Forrest,3,41745,Aaron Peet,OTH,OTH_HMP,CENTRE_LEFT,5733,False,True,41369,Tabitha Dowding,ALP,ALP,,862,0.1503575789290075,False,ALP>LNP>GRN>ON>IND
WA,239,Forrest,3,41745,Aaron Peet,OTH,OTH_HMP,CENTRE_LEFT,5733,False,True,41661,Paul Van Der Mey,ON,ON,,1420,0.24768881911739055,False,ALP>LNP>GRN>ON>IND
WA,239,Forrest,3,41745,Aaron Peet,OTH,OTH_HMP,CENTRE_LEFT,5733,False,True,41777,Georgia Beardman,GRN,GRN,,1209,0.2108843537414966,False,ALP>LNP>GRN>ON>IND
WA,239,Forrest,3,41745,Aaron Peet,OTH,OTH_HMP,CENTRE_LEFT,5733,False,True,42105,Sue Chapman,IND,IND_PROMINENT,CENTRE_LEFT,1203,0.2098377812663527,False,ALP>LNP>GRN>ON>IND
WA,239,Forrest,4,41777,Georgia Beardman,GRN,GRN,,9287,False,True,41252,Ben Small,LNP,LIB,,684,0.0736513405836115,False,ALP>LNP>ON>IND
WA,239,Forrest,4,41777,Georgia Beardman,GRN,GRN,,9287,False,True,41369,Tabitha Dowding,ALP,ALP,,4222,0.4546139765263271,False,ALP>LNP>ON>IND
WA,239,Forrest,4,41777,Georgia Beardman,GRN,GRN,,9287,False,True,41661,Paul Van Der Mey,ON,ON,,553,0.0595456013782707,False,ALP>LNP>ON>IND
WA,239,Forrest,4,41777,Georgia Beardman,GRN,GRN,,9287,False,True,42105,Sue Chapman,IND,IND_PROMINENT,CENTRE_LEFT,3828,0.4121890815117907,False,ALP>LNP>ON>IND
WA,239,Forrest,5,41661,Paul Van Der Mey,ON,ON,,12190,False,True,41252,Ben Small,LNP,LIB,,6624,0.5433962264150943,False,ALP>LNP>IND
WA,239,Forrest,5,41661,Paul Van Der Mey,ON,ON,,12190,False,True,41369,Tabitha Dowding,ALP,ALP,,1175,0.09639048400328137,False,ALP>LNP>IND
WA,239,Forrest,5,41661,Paul Van Der Mey,ON,ON,,12190,False,True,42105,Sue Chapman,IND,IND_PROMINENT,CENTRE_LEFT,4391,0.3602132895816243,False,ALP>LNP>IND
WA,239,Forrest,6,42105,Sue Chapman,IND,IND_PROMINENT,CENTRE_LEFT,28233,False,True,41252,Ben Small,LNP,LIB,,9719,0.3442425530407679,False,ALP>LNP
WA,239,Forrest,6,42105,Sue Chapman,IND,IND_PROMINENT,CENTRE_LEFT,28233,False,True,41369,Tabitha Dowding,ALP,ALP,,18514,0.6557574469592321,False,ALP>LNP
WA,240,Fremantle,1,41841,John Alexander Bird,OTH,OTH_CEC,CENTRE,932,True,False,40671,Joshua Last,OTH,OTH_SAL,LEFT,106,0.11373390557939914,True,ALP>LNP>GRN>ON>IND>OTH
WA,240,Fremantle,1,41841,John Alexander Bird,OTH,OTH_CEC,CENTRE,932,True,False,41256,Tait Marston,LNP,LIB,,81,0.08690987124463519,False,ALP>LNP>GRN>ON>IND>OTH
WA,240,Fremantle,1,41841,John Alexander Bird,OTH,OTH_CEC,CENTRE,932,True,False,41377,Josh Wilson,ALP,ALP,,139,0.14914163090128754,False,ALP>LNP>GRN>ON>IND>OTH
WA,240,Fremantle,1,41841,John Alexander Bird,OTH,OTH_CEC,CENTRE,932,True,False,41708,Hannah Marriner,ON,ON,,204,0.21888412017167383,False,ALP>LNP>GRN>ON>IND>OTH
WA,240,Fremantle,1,41841,John Alexander Bird,OTH,OTH_CEC,CENTRE,932,True,False,41789,Amy Warne,GRN,GRN,,85,0.09120171673819742,False,ALP>LNP>GRN>ON>IND>OTH
WA,240,Fremantle,1,41841,John Alexander Bird,OTH,OTH_CEC,CENTRE,932,True,False,42074,Kate Hulett,IND,IND_PROMINENT,LEFT,317,0.34012875536480686,False,ALP>LNP>GRN>ON>IND>OTH
WA,240,Fremantle,2,40671,Joshua Last,OTH,OTH_SAL,LEFT,1076,False,True,41256,Tait Marston,LNP,LIB,,34,0.031598513011152414,False,ALP>LNP>GRN>ON>IND
WA,240,Fremantle,2,40671,Joshua Last,OTH,OTH_SAL,LEFT,1076,False,True,41377,Josh Wilson,ALP,ALP,,145,0.13475836431226765,False,ALP>LNP>GRN>ON>IND
WA,240,Fremantle,2,40671,Joshua Last,OTH,OTH_SAL,LEFT,1076,False,True,41708,Hannah Marriner,ON,ON,,155,0.14405204460966542,False,ALP>LNP>GRN>ON>IND
WA,240,Fremantle,2,40671,Joshua Last,OTH,OTH_SAL,LEFT,1076,False,True,41789,Amy Warne,GRN,GRN,,443,0.4117100371747212,False,ALP>LNP>GRN>ON>IND
WA,240,Fremantle,2,40671,Joshua Last,OTH,OTH_SAL,LEFT,1076,False,True,42074,Kate Hulett,IND,IND_PROMINENT,LEFT,299,0.2778810408921933,False,ALP>LNP>GRN>ON>IND
WA,240,Fremantle,3,41708,Hannah Marriner,ON,ON,,6604,False,True,41256,Tait Marston,LNP,LIB,,3145,0.4762265293761357,False,ALP>LNP>GRN>IND
WA,240,Fremantle,3,41708,Hannah Marriner,ON,ON,,6604,False,True,41377,Josh Wilson,ALP,ALP,,558,0.08449424591156875,False,ALP>LNP>GRN>IND
WA,240,Fremantle,3,41708,Hannah Marriner,ON,ON,,6604,False,True,41789,Amy Warne,GRN,GRN,,458,0.0693519079345851,False,ALP>LNP>GRN>IND
WA,240,Fremantle,3,41708,Hannah Marriner,ON,ON,,6604,False,True,42074,Kate Hulett,IND,IND_PROMINENT,LEFT,2443,0.36992731677771046,False,ALP>LNP>GRN>IND
WA,240,Fremantle,4,41789,Amy Warne,GRN,GRN,,12788,False,True,41256,Tait Marston,LNP,LIB,,660,0.051610885204879574,False,ALP>LNP>IND
WA,240,Fremantle,4,41789,Amy Warne,GRN,GRN,,12788,False,True,41377,Josh Wilson,ALP,ALP,,5563,0.4350172036284016,False,ALP>LNP>IND
WA,240,Fremantle,4,41789,Amy Warne,GRN,GRN,,12788,False,True,42074,Kate Hulett,IND,IND_PROMINENT,LEFT,6565,0.5133719111667188,False,ALP>LNP>IND
WA,240,Fremantle,5,41256,Tait Marston,LNP,LIB,,23174,False,True,41377,Josh Wilson,ALP,ALP,,5933,0.2560196772244757,False,ALP>IND
WA,240,Fremantle,5,41256,Tait Marston,LNP,LIB,,23174,False,True,42074,Kate Hulett,IND,IND_PROMINENT,LEFT,17241,0.7439803227755243,False,ALP>IND
WA,305,Hasluck,1,42078,Dawn Michelle Kelly,OTH,OTH_GAP,RIGHT,1509,True,False,41092,David Kingston,OTH,OTH_AUC,RIGHT,267,0.17693836978131214,True,ALP>LNP>GRN>ON>OTH
WA,305,Hasluck,1,42078,Dawn Michelle Kelly,OTH,OTH_GAP,RIGHT,1509,True,False,41260,David Goode,LNP,LIB,,106,0.07024519549370443,False,ALP>LNP>GRN>ON>OTH
WA,305,Hasluck,1,42078,Dawn Michelle Kelly,OTH,OTH_GAP,RIGHT,1509,True,False,41406,Tania Lawrence,ALP,ALP,,170,0.1126573889993373,False,ALP>LNP>GRN>ON>OTH
WA,305,Hasluck,1,42078,Dawn Michelle Kelly,OTH,OTH_GAP,RIGHT,1509,True,False,41712,Adrian Deeth,ON,ON,,608,0.40291583830351224,False,ALP>LNP>GRN>ON>OTH
WA,305,Hasluck,1,42078,Dawn Michelle Kelly,OTH,OTH_GAP,RIGHT,1509,True,False,41749,Leo Treasure,OTH,OTH_HMP,CENTRE_LEFT,221,0.1464546056991385,True,ALP>LNP>GRN>ON>OTH
WA,305,Hasluck,1,42078,Dawn Michelle Kelly,OTH,OTH_GAP,RIGHT,1509,True,False,41794,Tamica Matson,GRN,GRN,,137,0.09078860172299535,False,ALP>LNP>GRN>ON>OTH
WA,305,Hasluck,2,41092,David Kingston,OTH,OTH_AUC,RIGHT,3129,True,False,41260,David Goode,LNP,LIB,,903,0.28859060402684567,False,ALP>LNP>GRN>ON>OTH
WA,305,Hasluck,2,41092,David Kingston,OTH,OTH_AUC,RIGHT,3129,True,False,41406,Tania Lawrence,ALP,ALP,,521,0.16650687120485777,False,ALP>LNP>GRN>ON>OTH
WA,305,Hasluck,2,41092,David Kingston,OTH,OTH_AUC,RIGHT,3129,True,False,41712,Adrian Deeth,ON,ON,,1197,0.3825503355704698,False,ALP>LNP>GRN>ON>OTH
WA,305,Hasluck,2,41092,David Kingston,OTH,OTH_AUC,RIGHT,3129,True,False,41749,Leo Treasure,OTH,OTH_HMP,CENTRE_LEFT,215,0.06871204857782039,True,ALP>LNP>GRN>ON>OTH
WA,305,Hasluck,2,41092,David Kingston,OTH,OTH_AUC,RIGHT,3129,True,False,41794,Tamica Matson,GRN,GRN,,293,0.09364014062000639,False,ALP>LNP>GRN>ON>OTH
WA,305,Hasluck,3,41749,Leo Treasure,OTH,OTH_HMP,CENTRE_LEFT,5278,False,True,41260,David Goode,LNP,LIB,,835,0.1582038651004168,False,ALP>LNP>GRN>ON
WA,305,Hasluck,3,41749,Leo Treasure,OTH,OTH_HMP,CENTRE_LEFT,5278,False,True,41406,Tania Lawrence,ALP,ALP,,1371,0.2597574838954149,False,ALP>LNP>GRN>ON
WA,305,Hasluck,3,41749,Leo Treasure,OTH,OTH_HMP,CENTRE_LEFT,5278,False,True,41712,Adrian Deeth,ON,ON,,1224,0.2319060250094733,False,ALP>LNP>GRN>ON
WA,305,Hasluck,3,41749,Leo Treasure,OTH,OTH_HMP,CENTRE_LEFT,5278,False,True,41794,Tamica Matson,GRN,GRN,,1848,0.35013262599469497,False,ALP>LNP>GRN>ON
WA,305,Hasluck,4,41712,Adrian Deeth,ON,ON,,10079,False,True,41260,David Goode,LNP,LIB,,5633,0.5588848100009922,False,ALP>LNP>GRN
WA,305,Hasluck,4,41712,Adrian Deeth,ON,ON,,10079,False,True,41406,Tania Lawrence,ALP,ALP,,1840,0.18255779343188808,False,ALP>LNP>GRN
WA,305,Hasluck,4,41712,Adrian Deeth,ON,ON,,10079,False,True,41794,Tamica Matson,GRN,GRN,,2606,0.25855739656711973,False,ALP>LNP>GRN
WA,305,Hasluck,5,41794,Tamica Matson,GRN,GRN,,16796,False,True,41260,David Goode,LNP,LIB,,3862,0.22993569897594665,False,ALP>LNP
WA,305,Hasluck,5,41794,Tamica Matson,GRN,GRN,,16796,False,True,41406,Tania Lawrence,ALP,ALP,,12934,0.7700643010240533,False,ALP>LNP
WA,242,Moore,1,41901,Christopher Rennick,OTH,OTH_CYA,RIGHT,2059,True,False,36592,Ian Goodenough,OTH,OTH_UNAFFILIATED,UNKNOWN,184,0.08936376881981545,True,ALP>LNP>GRN>ON>IND>OTH
WA,242,Moore,1,41901,Christopher Rennick,OTH,OTH_CYA,RIGHT,2059,True,False,40666,Nathan Barton,IND,IND_PROMINENT,CENTRE_LEFT,254,0.12336085478387566,False,ALP>LNP>GRN>ON>IND>OTH
WA,242,Moore,1,41901,Christopher Rennick,OTH,OTH_CYA,RIGHT,2059,True,False,41097,Trevor Alan Bartley,OTH,OTH_AUC,RIGHT,253,0.12287518212724624,True,ALP>LNP>GRN>ON>IND>OTH
WA,242,Moore,1,41901,Christopher Rennick,OTH,OTH_CYA,RIGHT,2059,True,False,41264,Vince Connelly,LNP,LIB,,354,0.17192812044681885,False,ALP>LNP>GRN>ON>IND>OTH
WA,242,Moore,1,41901,Christopher Rennick,OTH,OTH_CYA,RIGHT,2059,True,False,41414,Tom French,ALP,ALP,,113,0.054881010199125786,False,ALP>LNP>GRN>ON>IND>OTH
WA,242,Moore,1,41901,Christopher Rennick,OTH,OTH_CYA,RIGHT,2059,True,False,41715,Paul Fimognari,ON,ON,,779,0.37833899951432737,False,ALP>LNP>GRN>ON>IND>OTH
WA,242,Moore,1,41901,Christopher Rennick,OTH,OTH_CYA,RIGHT,2059,True,False,41803,Scott Mccarthy,GRN,GRN,,122,0.05925206410879068,False,ALP>LNP>GRN>ON>IND>OTH
WA,242,Moore,2,41097,Trevor Alan Bartley,OTH,OTH_AUC,RIGHT,2600,True,False,36592,Ian Goodenough,OTH,OTH_UNAFFILIATED,UNKNOWN,350,0.1346153846153846,True,ALP>LNP>GRN>ON>IND>OTH
WA,242,Moore,2,41097,Trevor Alan Bartley,OTH,OTH_AUC,RIGHT,2600,True,False,40666,Nathan Barton,IND,IND_PROMINENT,CENTRE_LEFT,285,0.10961538461538461,False,ALP>LNP>GRN>ON>IND>OTH
WA,242,Moore,2,41097,Trevor Alan Bartley,OTH,OTH_AUC,RIGHT,2600,True,False,41264,Vince Connelly,LNP,LIB,,510,0.19615384615384615,False,ALP>LNP>GRN>ON>IND>OTH
WA,242,Moore,2,41097,Trevor Alan Bartley,OTH,OTH_AUC,RIGHT,2600,True,False,41414,Tom French,ALP,ALP,,118,0.045384615384615384,False,ALP>LNP>GRN>ON>IND>OTH
WA,242,Moore,2,41097,Trevor Alan Bartley,OTH,OTH_AUC,RIGHT,2600,True,False,41715,Paul Fimognari,ON,ON,,1238,0.47615384615384615,False,ALP>LNP>GRN>ON>IND>OTH
WA,242,Moore,2,41097,Trevor Alan Bartley,OTH,OTH_AUC,RIGHT,2600,True,False,41803,Scott Mccarthy,GRN,GRN,,99,0.03807692307692308,False,ALP>LNP>GRN>ON>IND>OTH
WA,242,Moore,3,41715,Paul Fimognari,ON,ON,,6857,False,True,36592,Ian Goodenough,OTH,OTH_UNAFFILIATED,UNKNOWN,1257,0.18331631908998103,False,ALP>LNP>GRN>IND>OTH
WA,242,Moore,3,41715,Paul Fimognari,ON,ON,,6857,False,True,40666,Nathan Barton,IND,IND_PROMINENT,CENTRE_LEFT,1814,0.2645471780662097,False,ALP>LNP>GRN>IND>OTH
WA,242,Moore,3,41715,Paul Fimognari,ON,ON,,6857,False,True,41264,Vince Connelly,LNP,LIB,,2923,0.4262797141607117,False,ALP>LNP>GRN>IND>OTH
WA,242,Moore,3,41715,Paul Fimognari,ON,ON,,6857,False,True,41414,Tom French,ALP,ALP,,374,0.054542802975061984,False,ALP>LNP>GRN>IND>OTH
WA,242,Moore,3,41715,Paul Fimognari,ON,ON,,6857,False,True,41803,Scott Mccarthy,GRN,GRN,,489,0.07131398570803558,False,ALP>LNP>GRN>IND>OTH
WA,242,Moore,4,40666,Nathan Barton,IND,IND_PROMINENT,CENTRE_LEFT,9115,False,True,36592,Ian Goodenough,OTH,OTH_UNAFFILIATED,UNKNOWN,2802,0.30740537575425125,False,ALP>LNP>GRN>OTH
WA,242,Moore,4,40666,Nathan Barton,IND,IND_PROMINENT,CENTRE_LEFT,9115,False,True,41264,Vince Connelly,LNP,LIB,,1732,0.190016456390565,False,ALP>LNP>GRN>OTH
WA,242,Moore,4,40666,Nathan Barton,IND,IND_PROMINENT,CENTRE_LEFT,9115,False,True,41414,Tom French,ALP,ALP,,2311,0.25353812397147557,False,ALP>LNP>GRN>OTH
WA,242,Moore,4,40666,Nathan Barton,IND,IND_PROMINENT,CENTRE_LEFT,9115,False,True,41803,Scott Mccarthy,GRN,GRN,,2270,0.24904004388370818,False,ALP>LNP>GRN>OTH
WA,242,Moore,5,41803,Scott Mccarthy,GRN,GRN,,14857,False,True,36592,Ian Goodenough,OTH,OTH_UNAFFILIATED,UNKNOWN,2344,0.1577707477956519,False,ALP>LNP>OTH
WA,242,Moore,5,41803,Scott Mccarthy,GRN,GRN,,14857,False,True,41264,Vince Connelly,LNP,LIB,,1649,0.11099145184088309,False,ALP>LNP>OTH
WA,242,Moore,5,41803,Scott Mccarthy,GRN,GRN,,14857,False,True,41414,Tom French,ALP,ALP,,10864,0.7312378003634651,False,ALP>LNP>OTH
WA,242,Moore,6,36592,Ian Goodenough,OTH,OTH_UNAFFILIATED,UNKNOWN,17560,False,True,41264,Vince Connelly,LNP,LIB,,9572,0.5451025056947608,False,ALP>LNP
WA,242,Moore,6,36592,Ian Goodenough,OTH,OTH_UNAFFILIATED,UNKNOWN,17560,False,True,41414,Tom French,ALP,ALP,,7988,0.4548974943052392,False,ALP>LNP
WA,243,O'Connor,1,41658,Lindsay Cameron,OTH,OTH_CYA,RIGHT,2197,True,False,41105,Deonne Kingsford,OTH,OTH_AUC,RIGHT,261,0.1187983614019117,True,ALP>LNP>GRN>ON>OTH
WA,243,O'Connor,1,41658,Lindsay Cameron,OTH,OTH_CYA,RIGHT,2197,True,False,41267,Rick Wilson,LNP,LIB,,201,0.09148839326354119,False,ALP>LNP>GRN>ON>OTH
WA,243,O'Connor,1,41658,Lindsay Cameron,OTH,OTH_CYA,RIGHT,2197,True,False,41421,Darren Moir,ALP,ALP,,57,0.02594446973145198,False,ALP>LNP>GRN>ON>OTH
WA,243,O'Connor,1,41658,Lindsay Cameron,OTH,OTH_CYA,RIGHT,2197,True,False,41717,Gemma Johnston,ON,ON,,651,0.29631315430132,False,ALP>LNP>GRN>ON>OTH
WA,243,O'Connor,1,41658,Lindsay Cameron,OTH,OTH_CYA,RIGHT,2197,True,False,41759,Philip Arnatt,OTH,OTH_HMP,CENTRE_LEFT,312,0.14201183431952663,True,ALP>LNP>GRN>ON>OTH
WA,243,O'Connor,1,41658,Lindsay Cameron,OTH,OTH_CYA,RIGHT,2197,True,False,41810,Giz Watson,GRN,GRN,,424,0.19299044151115158,False,ALP>LNP>GRN>ON>OTH
WA,243,O'Connor,1,41658,Lindsay Cameron,OTH,OTH_CYA,RIGHT,2197,True,False,41930,Heidi Tempra,LNP,NAT,,291,0.13245334547109694,False,ALP>LNP>GRN>ON>OTH
WA,243,O'Connor,2,41105,Deonne Kingsford,OTH,OTH_AUC,RIGHT,3338,True,False,41267,Rick Wilson,LNP,LIB,,639,0.19143199520671061,False,ALP>LNP>GRN>ON>OTH
WA,243,O'Connor,2,41105,Deonne Kingsford,OTH,OTH_AUC,RIGHT,3338,True,False,41421,Darren Moir,ALP,ALP,,191,0.05721989215098862,False,ALP>LNP>GRN>ON>OTH
WA,243,O'Connor,2,41105,Deonne Kingsford,OTH,OTH_AUC,RIGHT,3338,True,False,41717,Gemma Johnston,ON,ON,,1880,0.5632115038945477,False,ALP>LNP>GRN>ON>OTH
WA,243,O'Connor,2,41105,Deonne Kingsford,OTH,OTH_AUC,RIGHT,3338,True,False,41759,Philip Arnatt,OTH,OTH_HMP,CENTRE_LEFT,170,0.050928699820251645,True,ALP>LNP>GRN>ON>OTH
WA,243,O'Connor,2,41105,Deonne Kingsford,OTH,OTH_AUC,RIGHT,3338,True,False,41810,Giz Watson,GRN,GRN,,116,0.0347513481126423,False,ALP>LNP>GRN>ON>OTH
WA,243,O'Connor,2,41105,Deonne Kingsford,OTH,OTH_AUC,RIGHT,3338,True,False,41930,Heidi Tempra,LNP,NAT,,342,0.1024565608148592,False,ALP>LNP>GRN>ON>OTH
WA,243,O'Connor,3,41759,Philip Arnatt,OTH,OTH_HMP,CENTRE_LEFT,5876,False,True,41267,Rick Wilson,LNP,LIB,,795,0.13529611980939416,False,ALP>LNP>GRN>ON
WA,243,O'Connor,3,41759,Philip Arnatt,OTH,OTH_HMP,CENTRE_LEFT,5876,False,True,41421,Darren Moir,ALP,ALP,,947,0.1611640571817563,False,ALP>LNP>GRN>ON
WA,243,O'Connor,3,41759,Philip Arnatt,OTH,OTH_HMP,CENTRE_LEFT,5876,False,True,41717,Gemma Johnston,ON,ON,,1512,0.25731790333560245,False,ALP>LNP>GRN>ON
WA,243,O'Connor,3,41759,Philip Arnatt,OTH,OTH_HMP,CENTRE_LEFT,5876,False,True,41810,Giz Watson,GRN,GRN,,1729,0.2942477876106195,False,ALP>LNP>GRN>ON
WA,243,O'Connor,3,41759,Philip Arnatt,OTH,OTH_HMP,CENTRE_LEFT,5876,False,True,41930,Heidi Tempra,LNP,NAT,,893,0.15197413206262764,False,ALP>LNP>GRN>ON
WA,243,O'Connor,4,41810,Giz Watson,GRN,GRN,,12283,False,True,41267,Rick Wilson,LNP,LIB,,994,0.08092485549132948,False,ALP>LNP>ON
WA,243,O'Connor,4,41810,Giz Watson,GRN,GRN,,12283,False,True,41421,Darren Moir,ALP,ALP,,7690,0.6260685500284947,False,ALP>LNP>ON
WA,243,O'Connor,4,41810,Giz Watson,GRN,GRN,,12283,False,True,41717,Gemma Johnston,ON,ON,,840,0.06838720182365872,False,ALP>LNP>ON
WA,243,O'Connor,4,41810,Giz Watson,GRN,GRN,,12283,False,True,41930,Heidi Tempra,LNP,NAT,,2759,0.22461939265651715,False,ALP>LNP>ON
WA,243,O'Connor,5,41717,Gemma Johnston,ON,ON,,15936,False,True,41267,Rick Wilson,LNP,LIB,,5501,0.34519327309236947,False,ALP>LNP
WA,243,O'Connor,5,41717,Gemma Johnston,ON,ON,,15936,False,True,41421,Darren Moir,ALP,ALP,,1725,0.10824548192771084,False,ALP>LNP
WA,243,O'Connor,5,41717,Gemma Johnston,ON,ON,,15936,False,True,41930,Heidi Tempra,LNP,NAT,,8710,0.5465612449799196,False,ALP>LNP
WA,243,O'Connor,6,41930,Heidi Tempra,LNP,NAT,,25807,True,False,41267,Rick Wilson,LNP,LIB,,20738,0.8035804239159918,True,ALP>LNP
WA,243,O'Connor,6,41930,Heidi Tempra,LNP,NAT,,25807,True,False,41421,Darren Moir,ALP,ALP,,5069,0.1964195760840082,False,ALP>LNP
WA,244,Pearce,1,41130,Vanessa Montgomery,OTH,OTH_AUC,RIGHT,3305,True,False,41439,Tracey Roberts,ALP,ALP,,345,0.1043872919818457,False,ALP>LNP>GRN>ON>OTH
WA,244,Pearce,1,41130,Vanessa Montgomery,OTH,OTH_AUC,RIGHT,3305,True,False,41531,Jan Norberger,LNP,LIB,,1336,0.4042360060514372,False,ALP>LNP>GRN>ON>OTH
WA,244,Pearce,1,41130,Vanessa Montgomery,OTH,OTH_AUC,RIGHT,3305,True,False,41723,John Burton,ON,ON,,1093,0.33071104387291983,False,ALP>LNP>GRN>ON>OTH
WA,244,Pearce,1,41130,Vanessa Montgomery,OTH,OTH_AUC,RIGHT,3305,True,False,41764,Ramon Granados Rangel,OTH,OTH_HMP,CENTRE_LEFT,316,0.09561270801815432,True,ALP>LNP>GRN>ON>OTH
WA,244,Pearce,1,41130,Vanessa Montgomery,OTH,OTH_AUC,RIGHT,3305,True,False,41819,Nicholas D'Alonzo,GRN,GRN,,215,0.06505295007564296,False,ALP>LNP>GRN>ON>OTH
WA,244,Pearce,2,41764,Ramon Granados Rangel,OTH,OTH_HMP,CENTRE_LEFT,7093,False,True,41439,Tracey Roberts,ALP,ALP,,1474,0.2078105174115325,False,ALP>LNP>GRN>ON
WA,244,Pearce,2,41764,Ramon Granados Rangel,OTH,OTH_HMP,CENTRE_LEFT,7093,False,True,41531,Jan Norberger,LNP,LIB,,1108,0.15621034823064994,False,ALP>LNP>GRN>ON
WA,244,Pearce,2,41764,Ramon Granados Rangel,OTH,OTH_HMP,CENTRE_LEFT,7093,False,True,41723,John Burton,ON,ON,,1696,0.23910898068518258,False,ALP>LNP>GRN>ON
WA,244,Pearce,2,41764,Ramon Granados Rangel,OTH,OTH_HMP,CENTRE_LEFT,7093,False,True,41819,Nicholas D'Alonzo,GRN,GRN,,2815,0.396870153672635,False,ALP>LNP>GRN>ON
WA,244,Pearce,3,41723,John Burton,ON,ON,,11878,False,True,41439,Tracey Roberts,ALP,ALP,,1967,0.16560026940562383,False,ALP>LNP>GRN
WA,244,Pearce,3,41723,John Burton,ON,ON,,11878,False,True,41531,Jan Norberger,LNP,LIB,,6717,0.5654992422966829,False,ALP>LNP>GRN
WA,244,Pearce,3,41723,John Burton,ON,ON,,11878,False,True,41819,Nicholas D'Alonzo,GRN,GRN,,3194,0.2689004882976932,False,ALP>LNP>GRN
WA,244,Pearce,4,41819,Nicholas D'Alonzo,GRN,GRN,,17864,False,True,41439,Tracey Roberts,ALP,ALP,,12271,0.6869122257053292,False,ALP>LNP
WA,244,Pearce,4,41819,Nicholas D'Alonzo,GRN,GRN,,17864,False,True,41531,Jan Norberger,LNP,LIB,,5593,0.31308777429467083,False,ALP>LNP
WA,245,Perth,1,41725,Peter Hallifax,ON,ON,,6316,False,True,41446,Patrick Gorman,ALP,ALP,,854,0.13521215959468016,False,ALP>LNP>GRN
WA,245,Perth,1,41725,Peter Hallifax,ON,ON,,6316,False,True,41541,Susanna Panaia,LNP,LIB,,4275,0.6768524382520583,False,ALP>LNP>GRN
WA,245,Perth,1,41725,Peter Hallifax,ON,ON,,6316,False,True,41823,Sophie Greer,GRN,GRN,,1187,0.18793540215326157,False,ALP>LNP>GRN
WA,245,Perth,2,41823,Sophie Greer,GRN,GRN,,25654,False,True,41446,Patrick Gorman,ALP,ALP,,22549,0.878966243081001,False,ALP>LNP
WA,245,Perth,2,41823,Sophie Greer,GRN,GRN,,25654,False,True,41541,Susanna Panaia,LNP,LIB,,3105,0.12103375691899898,False,ALP>LNP
WA,247,Swan,1,41160,Mark Staer,OTH,OTH_AUC,RIGHT,3503,True,False,41456,Zaneta Mascarenhas,ALP,ALP,,884,0.2523551241792749,False,ALP>LNP>GRN>ON>OTH
WA,247,Swan,1,41160,Mark Staer,OTH,OTH_AUC,RIGHT,3503,True,False,41581,Mic Fels,LNP,LIB,,970,0.2769055095632315,False,ALP>LNP>GRN>ON>OTH
WA,247,Swan,1,41160,Mark Staer,OTH,OTH_AUC,RIGHT,3503,True,False,41731,Michael Halley,ON,ON,,1043,0.29774479017984584,False,ALP>LNP>GRN>ON>OTH
WA,247,Swan,1,41160,Mark Staer,OTH,OTH_AUC,RIGHT,3503,True,False,41776,Shelley Leech,OTH,OTH_HMP,CENTRE_LEFT,231,0.0659434770196974,True,ALP>LNP>GRN>ON>OTH
WA,247,Swan,1,41160,Mark Staer,OTH,OTH_AUC,RIGHT,3503,True,False,41829,Clint Uink,GRN,GRN,,375,0.10705109905795032,False,ALP>LNP>GRN>ON>OTH
WA,247,Swan,2,41776,Shelley Leech,OTH,OTH_HMP,CENTRE_LEFT,4327,False,True,41456,Zaneta Mascarenhas,ALP,ALP,,1098,0.2537554887913104,False,ALP>LNP>GRN>ON
WA,247,Swan,2,41776,Shelley Leech,OTH,OTH_HMP,CENTRE_LEFT,4327,False,True,41581,Mic Fels,LNP,LIB,,534,0.12341113935752253,False,ALP>LNP>GRN>ON
WA,247,Swan,2,41776,Shelley Leech,OTH,OTH_HMP,CENTRE_LEFT,4327,False,True,41731,Michael Halley,ON,ON,,977,0.22579154148370695,False,ALP>LNP>GRN>ON
WA,247,Swan,2,41776,Shelley Leech,OTH,OTH_HMP,CENTRE_LEFT,4327,False,True,41829,Clint Uink,GRN,GRN,,1718,0.39704183036746016,False,ALP>LNP>GRN>ON
WA,247,Swan,3,41731,Michael Halley,ON,ON,,7151,False,True,41456,Zaneta Mascarenhas,ALP,ALP,,1035,0.14473500209760873,False,ALP>LNP>GRN
WA,247,Swan,3,41731,Michael Halley,ON,ON,,7151,False,True,41581,Mic Fels,LNP,LIB,,4486,0.6273248496713746,False,ALP>LNP>GRN
WA,247,Swan,3,41731,Michael Halley,ON,ON,,7151,False,True,41829,Clint Uink,GRN,GRN,,1630,0.22794014823101663,False,ALP>LNP>GRN
WA,247,Swan,4,41829,Clint Uink,GRN,GRN,,20909,False,True,41456,Zaneta Mascarenhas,ALP,ALP,,17974,0.8596298244774977,False,ALP>LNP
WA,247,Swan,4,41829,Clint Uink,GRN,GRN,,20909,False,True,41581,Mic Fels,LNP,LIB,,2935,0.14037017552250228,False,ALP>LNP
WA,248,Tangney,1,41780,Phillip Raymond Leslie,OTH,OTH_HMP,CENTRE_LEFT,3400,True,False,41193,James Rai,OTH,OTH_AUC,RIGHT,232,0.06823529411764706,True,ALP>LNP>GRN>ON>OTH
WA,248,Tangney,1,41780,Phillip Raymond Leslie,OTH,OTH_HMP,CENTRE_LEFT,3400,True,False,41470,Sam Lim,ALP,ALP,,823,0.24205882352941177,False,ALP>LNP>GRN>ON>OTH
WA,248,Tangney,1,41780,Phillip Raymond Leslie,OTH,OTH_HMP,CENTRE_LEFT,3400,True,False,41590,Howard Ong,LNP,LIB,,539,0.1585294117647059,False,ALP>LNP>GRN>ON>OTH
WA,248,Tangney,1,41780,Phillip Raymond Leslie,OTH,OTH_HMP,CENTRE_LEFT,3400,True,False,41736,Steve Kefalinos,ON,ON,,628,0.18470588235294116,False,ALP>LNP>GRN>ON>OTH
WA,248,Tangney,1,41780,Phillip Raymond Leslie,OTH,OTH_HMP,CENTRE_LEFT,3400,True,False,41834,Eric Hayward,GRN,GRN,,1178,0.34647058823529414,False,ALP>LNP>GRN>ON>OTH
WA,248,Tangney,2,41193,James Rai,OTH,OTH_AUC,RIGHT,3691,False,True,41470,Sam Lim,ALP,ALP,,664,0.17989704687076674,False,ALP>LNP>GRN>ON
WA,248,Tangney,2,41193,James Rai,OTH,OTH_AUC,RIGHT,3691,False,True,41590,Howard Ong,LNP,LIB,,1635,0.44296938499051747,False,ALP>LNP>GRN>ON
WA,248,Tangney,2,41193,James Rai,OTH,OTH_AUC,RIGHT,3691,False,True,41736,Steve Kefalinos,ON,ON,,1027,0.2782443782172853,False,ALP>LNP>GRN>ON
WA,248,Tangney,2,41193,James Rai,OTH,OTH_AUC,RIGHT,3691,False,True,41834,Eric Hayward,GRN,GRN,,365,0.0988891899214305,False,ALP>LNP>GRN>ON
WA,248,Tangney,3,41736,Steve Kefalinos,ON,ON,,6175,False,True,41470,Sam Lim,ALP,ALP,,895,0.14493927125506073,False,ALP>LNP>GRN
WA,248,Tangney,3,41736,Steve Kefalinos,ON,ON,,6175,False,True,41590,Howard Ong,LNP,LIB,,3943,0.6385425101214575,False,ALP>LNP>GRN
WA,248,Tangney,3,41736,Steve Kefalinos,ON,ON,,6175,False,True,41834,Eric Hayward,GRN,GRN,,1337,0.21651821862348178,False,ALP>LNP>GRN
WA,248,Tangney,4,41834,Eric Hayward,GRN,GRN,,17290,False,True,41470,Sam Lim,ALP,ALP,,13696,0.7921341816078659,False,ALP>LNP
WA,248,Tangney,4,41834,Eric Hayward,GRN,GRN,,17290,False,True,41590,Howard Ong,LNP,LIB,,3594,0.2078658183921342,False,ALP>LNP
