State,DivisionID,Electorate,EliminatedModelCategory,FinishPosition,CategoryExitCount,AliveModelCategoriesAfter,CandidateCount,InternalCandidateExclusions,CategoryPrimaryVotes,LastSurvivorCandidateID,LastSurvivorCandidate,LastSurvivorSubtype,LastSurvivorIdeologyFamily,LastSurvivorPrimaryVotes,LastSurvivorPrimaryCoverage,DefaultEvidenceMultiplier,CategorySubtypeMix,CategoryIdeologyMix,Method,VoteBasis,EvidenceVotes,RecipientModelCategory,AllocatedVotes,Share,IsApproximation
ACT,318,Bean,LNP,3,2,ALP>IND,1,0,23665,41076,David Lamerton,LIB,,23665,1.0,1.0,LIB:23665,UNSPECIFIED:23665,OBSERVED_LAST_SURVIVOR_EXIT,LAST_SURVIVOR_TALLY_AT_CATEGORY_EXIT,23959,ALP,4841.0,0.20205350807629702,False
ACT,318,Bean,LNP,3,2,ALP>IND,1,0,23665,41076,David Lamerton,LIB,,23665,1.0,1.0,LIB:23665,UNSPECIFIED:23665,OBSERVED_LAST_SURVIVOR_EXIT,LAST_SURVIVOR_TALLY_AT_CATEGORY_EXIT,23959,IND,19118.0,0.797946491923703,False
ACT,318,Bean,LNP,3,2,ALP>IND,1,0,23665,41076,David Lamerton,LIB,,23665,1.0,1.0,LIB:23665,UNSPECIFIED:23665,PROPORTIONAL_PRIMARY_ORIGIN_PASS_THROUGH,ALL_CATEGORY_PRIMARY_VOTES_TRACED_PROPORTIONALLY,23665,ALP,4781.596268625569,0.20205350807629702,True
ACT,318,Bean,LNP,3,2,ALP>IND,1,0,23665,41076,David Lamerton,LIB,,23665,1.0,1.0,LIB:23665,UNSPECIFIED:23665,PROPORTIONAL_PRIMARY_ORIGIN_PASS_THROUGH,ALL_CATEGORY_PRIMARY_VOTES_TRACED_PROPORTIONALLY,23665,IND,18883.403731374434,0.7979464919237031,True
ACT,318,Bean,GRN,4,1,ALP>LNP>IND,1,0,9757,41436,Sam Carter,GRN,,9757,1.0,1.0,GRN:9757,UNSPECIFIED:9757,OBSERVED_LAST_SURVIVOR_EXIT,LAST_SURVIVOR_TALLY_AT_CATEGORY_EXIT,9757,ALP,4701.0,0.48180793276621914,False
ACT,318,Bean,GRN,4,1,ALP>LNP>IND,1,0,9757,41436,Sam Carter,GRN,,9757,1.0,1.0,GRN:9757,UNSPECIFIED:9757,OBSERVED_LAST_SURVIVOR_EXIT,LAST_SURVIVOR_TALLY_AT_CATEGORY_EXIT,9757,IND,4762.0,0.4880598544634621,False
ACT,318,Bean,GRN,4,1,ALP>LNP>IND,1,0,9757,41436,Sam Carter,GRN,,9757,1.0,1.0,GRN:9757,UNSPECIFIED:9757,OBSERVED_LAST_SURVIVOR_EXIT,LAST_SURVIVOR_TALLY_AT_CATEGORY_EXIT,9757,LNP,294.0,0.030132212770318745,False
ACT,318,Bean,GRN,4,1,ALP>LNP>IND,1,0,9757,41436,Sam Carter,GRN,,9757,1.0,1.0,GRN:9757,UNSPECIFIED:9757,PROPORTIONAL_PRIMARY_ORIGIN_PASS_THROUGH,ALL_CATEGORY_PRIMARY_VOTES_TRACED_PROPORTIONALLY,9757,ALP,4701.0,0.48180793276621914,True
ACT,318,Bean,GRN,4,1,ALP>LNP>IND,1,0,9757,41436,Sam Carter,GRN,,9757,1.0,1.0,GRN:9757,UNSPECIFIED:9757,PROPORTIONAL_PRIMARY_ORIGIN_PASS_THROUGH,ALL_CATEGORY_PRIMARY_VOTES_TRACED_PROPORTIONALLY,9757,IND,4762.0,0.4880598544634621,True
ACT,318,Bean,GRN,4,1,ALP>LNP>IND,1,0,9757,41436,Sam Carter,GRN,,9757,1.0,1.0,GRN:9757,UNSPECIFIED:9757,PROPORTIONAL_PRIMARY_ORIGIN_PASS_THROUGH,ALL_CATEGORY_PRIMARY_VOTES_TRACED_PROPORTIONALLY,9757,LNP,294.0,0.030132212770318745,True
ACT,101,Canberra,LNP,3,4,ALP>GRN,1,0,17101,41077,Will Roche,LIB,,17101,1.0,1.0,LIB:17101,UNSPECIFIED:17101,OBSERVED_LAST_SURVIVOR_EXIT,LAST_SURVIVOR_TALLY_AT_CATEGORY_EXIT,20325,ALP,14900.0,0.7330873308733087,False
ACT,101,Canberra,LNP,3,4,ALP>GRN,1,0,17101,41077,Will Roche,LIB,,17101,1.0,1.0,LIB:17101,UNSPECIFIED:17101,OBSERVED_LAST_SURVIVOR_EXIT,LAST_SURVIVOR_TALLY_AT_CATEGORY_EXIT,20325,GRN,5425.0,0.26691266912669126,False
ACT,101,Canberra,LNP,3,4,ALP>GRN,1,0,17101,41077,Will Roche,LIB,,17101,1.0,1.0,LIB:17101,UNSPECIFIED:17101,PROPORTIONAL_PRIMARY_ORIGIN_PASS_THROUGH,ALL_CATEGORY_PRIMARY_VOTES_TRACED_PROPORTIONALLY,17101,ALP,12536.526445264451,0.7330873308733087,True
ACT,101,Canberra,LNP,3,4,ALP>GRN,1,0,17101,41077,Will Roche,LIB,,17101,1.0,1.0,LIB:17101,UNSPECIFIED:17101,PROPORTIONAL_PRIMARY_ORIGIN_PASS_THROUGH,ALL_CATEGORY_PRIMARY_VOTES_TRACED_PROPORTIONALLY,17101,GRN,4564.473554735548,0.26691266912669126,True
ACT,101,Canberra,IND,4,3,ALP>LNP>GRN,1,0,10187,41696,Claire Miles,IND_PROMINENT,LEFT,10187,1.0,1.0,IND_PROMINENT:10187,LEFT:10187,OBSERVED_LAST_SURVIVOR_EXIT,LAST_SURVIVOR_TALLY_AT_CATEGORY_EXIT,11136,ALP,4488.0,0.40301724137931033,False
ACT,101,Canberra,IND,4,3,ALP>LNP>GRN,1,0,10187,41696,Claire Miles,IND_PROMINENT,LEFT,10187,1.0,1.0,IND_PROMINENT:10187,LEFT:10187,OBSERVED_LAST_SURVIVOR_EXIT,LAST_SURVIVOR_TALLY_AT_CATEGORY_EXIT,11136,GRN,3933.0,0.3531788793103448,False
ACT,101,Canberra,IND,4,3,ALP>LNP>GRN,1,0,10187,41696,Claire Miles,IND_PROMINENT,LEFT,10187,1.0,1.0,IND_PROMINENT:10187,LEFT:10187,OBSERVED_LAST_SURVIVOR_EXIT,LAST_SURVIVOR_TALLY_AT_CATEGORY_EXIT,11136,LNP,2715.0,0.24380387931034483,False
ACT,101,Canberra,IND,4,3,ALP>LNP>GRN,1,0,10187,41696,Claire Miles,IND_PROMINENT,LEFT,10187,1.0,1.0,IND_PROMINENT:10187,LEFT:10187,PROPORTIONAL_PRIMARY_ORIGIN_PASS_THROUGH,ALL_CATEGORY_PRIMARY_VOTES_TRACED_PROPORTIONALLY,10187,ALP,4105.536637931034,0.40301724137931033,True
ACT,101,Canberra,IND,4,3,ALP>LNP>GRN,1,0,10187,41696,Claire Miles,IND_PROMINENT,LEFT,10187,1.0,1.0,IND_PROMINENT:10187,LEFT:10187,PROPORTIONAL_PRIMARY_ORIGIN_PASS_THROUGH,ALL_CATEGORY_PRIMARY_VOTES_TRACED_PROPORTIONALLY,10187,GRN,3597.8332435344823,0.3531788793103448,True
ACT,101,Canberra,IND,4,3,ALP>LNP>GRN,1,0,10187,41696,Claire Miles,IND_PROMINENT,LEFT,10187,1.0,1.0,IND_PROMINENT:10187,LEFT:10187,PROPORTIONAL_PRIMARY_ORIGIN_PASS_THROUGH,ALL_CATEGORY_PRIMARY_VOTES_TRACED_PROPORTIONALLY,10187,LNP,2483.630118534483,0.24380387931034483,True
ACT,101,Canberra,OTH,5,2,ALP>LNP>GRN>IND,2,1,2480,41706,Teresa Mctaggart,OTH_AJP,CENTRE_LEFT,1258,0.507258064516129,0.507258064516129,OTH_AJP:1258|OTH_IMO:1222,CENTRE_LEFT:1258|CENTRE_RIGHT:1222,OBSERVED_LAST_SURVIVOR_EXIT,LAST_SURVIVOR_TALLY_AT_CATEGORY_EXIT,1356,ALP,324.0,0.23893805309734514,False
ACT,101,Canberra,OTH,5,2,ALP>LNP>GRN>IND,2,1,2480,41706,Teresa Mctaggart,OTH_AJP,CENTRE_LEFT,1258,0.507258064516129,0.507258064516129,OTH_AJP:1258|OTH_IMO:1222,CENTRE_LEFT:1258|CENTRE_RIGHT:1222,OBSERVED_LAST_SURVIVOR_EXIT,LAST_SURVIVOR_TALLY_AT_CATEGORY_EXIT,1356,GRN,477.0,0.35176991150442477,False
ACT,101,Canberra,OTH,5,2,ALP>LNP>GRN>IND,2,1,2480,41706,Teresa Mctaggart,OTH_AJP,CENTRE_LEFT,1258,0.507258064516129,0.507258064516129,OTH_AJP:1258|OTH_IMO:1222,CENTRE_LEFT:1258|CENTRE_RIGHT:1222,OBSERVED_LAST_SURVIVOR_EXIT,LAST_SURVIVOR_TALLY_AT_CATEGORY_EXIT,1356,IND,421.0,0.31047197640117996,False
ACT,101,Canberra,OTH,5,2,ALP>LNP>GRN>IND,2,1,2480,41706,Teresa Mctaggart,OTH_AJP,CENTRE_LEFT,1258,0.507258064516129,0.507258064516129,OTH_AJP:1258|OTH_IMO:1222,CENTRE_LEFT:1258|CENTRE_RIGHT:1222,OBSERVED_LAST_SURVIVOR_EXIT,LAST_SURVIVOR_TALLY_AT_CATEGORY_EXIT,1356,LNP,134.0,0.09882005899705015,False
ACT,101,Canberra,OTH,5,2,ALP>LNP>GRN>IND,2,1,2480,41706,Teresa Mctaggart,OTH_AJP,CENTRE_LEFT,1258,0.507258064516129,0.507258064516129,OTH_AJP:1258|OTH_IMO:1222,CENTRE_LEFT:1258|CENTRE_RIGHT:1222,PROPORTIONAL_PRIMARY_ORIGIN_PASS_THROUGH,ALL_CATEGORY_PRIMARY_VOTES_TRACED_PROPORTIONALLY,2480,ALP,415.0,0.16733870967741934,True
ACT,101,Canberra,OTH,5,2,ALP>LNP>GRN>IND,2,1,2480,41706,Teresa Mctaggart,OTH_AJP,CENTRE_LEFT,1258,0.507258064516129,0.507258064516129,OTH_AJP:1258|OTH_IMO:1222,CENTRE_LEFT:1258|CENTRE_RIGHT:1222,PROPORTIONAL_PRIMARY_ORIGIN_PASS_THROUGH,ALL_CATEGORY_PRIMARY_VOTES_TRACED_PROPORTIONALLY,2480,GRN,607.0,0.24475806451612903,True
ACT,101,Canberra,OTH,5,2,ALP>LNP>GRN>IND,2,1,2480,41706,Teresa Mctaggart,OTH_AJP,CENTRE_LEFT,1258,0.507258064516129,0.507258064516129,OTH_AJP:1258|OTH_IMO:1222,CENTRE_LEFT:1258|CENTRE_RIGHT:1222,PROPORTIONAL_PRIMARY_ORIGIN_PASS_THROUGH,ALL_CATEGORY_PRIMARY_VOTES_TRACED_PROPORTIONALLY,2480,IND,949.0,0.38266129032258067,True
ACT,101,Canberra,OTH,5,2,ALP>LNP>GRN>IND,2,1,2480,41706,Teresa Mctaggart,OTH_AJP,CENTRE_LEFT,1258,0.507258064516129,0.507258064516129,OTH_AJP:1258|OTH_IMO:1222,CENTRE_LEFT:1258|CENTRE_RIGHT:1222,PROPORTIONAL_PRIMARY_ORIGIN_PASS_THROUGH,ALL_CATEGORY_PRIMARY_VOTES_TRACED_PROPORTIONALLY,2480,LNP,509.0,0.20524193548387096,True
ACT,102,Fenner,GRN,3,2,ALP>LNP,1,0,15492,41398,Dani Hunterford,GRN,,15492,1.0,1.0,GRN:15492,UNSPECIFIED:15492,OBSERVED_LAST_SURVIVOR_EXIT,LAST_SURVIVOR_TALLY_AT_CATEGORY_EXIT,16875,ALP,15063.0,0.8926222222222222,False
ACT,102,Fenner,GRN,3,2,ALP>LNP,1,0,15492,41398,Dani Hunterford,GRN,,15492,1.0,1.0,GRN:15492,UNSPECIFIED:15492,OBSERVED_LAST_SURVIVOR_EXIT,LAST_SURVIVOR_TALLY_AT_CATEGORY_EXIT,16875,LNP,1812.0,0.10737777777777778,False
ACT,102,Fenner,GRN,3,2,ALP>LNP,1,0,15492,41398,Dani Hunterford,GRN,,15492,1.0,1.0,GRN:15492,UNSPECIFIED:15492,PROPORTIONAL_PRIMARY_ORIGIN_PASS_THROUGH,ALL_CATEGORY_PRIMARY_VOTES_TRACED_PROPORTIONALLY,15492,ALP,13828.503466666667,0.8926222222222222,True
ACT,102,Fenner,GRN,3,2,ALP>LNP,1,0,15492,41398,Dani Hunterford,GRN,,15492,1.0,1.0,GRN:15492,UNSPECIFIED:15492,PROPORTIONAL_PRIMARY_ORIGIN_PASS_THROUGH,ALL_CATEGORY_PRIMARY_VOTES_TRACED_PROPORTIONALLY,15492,LNP,1663.4965333333334,0.10737777777777778,True
ACT,102,Fenner,OTH,4,1,ALP>LNP>GRN,1,0,7426,41713,Elizabeth Kikkert,OTH_FFPA,RIGHT,7426,1.0,1.0,OTH_FFPA:7426,RIGHT:7426,OBSERVED_LAST_SURVIVOR_EXIT,LAST_SURVIVOR_TALLY_AT_CATEGORY_EXIT,7426,ALP,2206.0,0.2970643684352276,False
ACT,102,Fenner,OTH,4,1,ALP>LNP>GRN,1,0,7426,41713,Elizabeth Kikkert,OTH_FFPA,RIGHT,7426,1.0,1.0,OTH_FFPA:7426,RIGHT:7426,OBSERVED_LAST_SURVIVOR_EXIT,LAST_SURVIVOR_TALLY_AT_CATEGORY_EXIT,7426,GRN,1383.0,0.18623754376514948,False
ACT,102,Fenner,OTH,4,1,ALP>LNP>GRN,1,0,7426,41713,Elizabeth Kikkert,OTH_FFPA,RIGHT,7426,1.0,1.0,OTH_FFPA:7426,RIGHT:7426,OBSERVED_LAST_SURVIVOR_EXIT,LAST_SURVIVOR_TALLY_AT_CATEGORY_EXIT,7426,LNP,3837.0,0.5166980877996229,False
ACT,102,Fenner,OTH,4,1,ALP>LNP>GRN,1,0,7426,41713,Elizabeth Kikkert,OTH_FFPA,RIGHT,7426,1.0,1.0,OTH_FFPA:7426,RIGHT:7426,PROPORTIONAL_PRIMARY_ORIGIN_PASS_THROUGH,ALL_CATEGORY_PRIMARY_VOTES_TRACED_PROPORTIONALLY,7426,ALP,2206.0,0.2970643684352276,True
ACT,102,Fenner,OTH,4,1,ALP>LNP>GRN,1,0,7426,41713,Elizabeth Kikkert,OTH_FFPA,RIGHT,7426,1.0,1.0,OTH_FFPA:7426,RIGHT:7426,PROPORTIONAL_PRIMARY_ORIGIN_PASS_THROUGH,ALL_CATEGORY_PRIMARY_VOTES_TRACED_PROPORTIONALLY,7426,GRN,1383.0,0.18623754376514948,True
ACT,102,Fenner,OTH,4,1,ALP>LNP>GRN,1,0,7426,41713,Elizabeth Kikkert,OTH_FFPA,RIGHT,7426,1.0,1.0,OTH_FFPA:7426,RIGHT:7426,PROPORTIONAL_PRIMARY_ORIGIN_PASS_THROUGH,ALL_CATEGORY_PRIMARY_VOTES_TRACED_PROPORTIONALLY,7426,LNP,3836.9999999999995,0.5166980877996229,True
NSW,103,Banks,GRN,3,6,ALP>LNP,1,0,11756,41486,Natalie Hanna,GRN,,11756,1.0,1.0,GRN:11756,UNSPECIFIED:11756,OBSERVED_LAST_SURVIVOR_EXIT,LAST_SURVIVOR_TALLY_AT_CATEGORY_EXIT,15625,ALP,13380.0,0.85632,False
NSW,103,Banks,GRN,3,6,ALP>LNP,1,0,11756,41486,Natalie Hanna,GRN,,11756,1.0,1.0,GRN:11756,UNSPECIFIED:11756,OBSERVED_LAST_SURVIVOR_EXIT,LAST_SURVIVOR_TALLY_AT_CATEGORY_EXIT,15625,LNP,2245.0,0.14368,False
NSW,103,Banks,GRN,3,6,ALP>LNP,1,0,11756,41486,Natalie Hanna,GRN,,11756,1.0,1.0,GRN:11756,UNSPECIFIED:11756,PROPORTIONAL_PRIMARY_ORIGIN_PASS_THROUGH,ALL_CATEGORY_PRIMARY_VOTES_TRACED_PROPORTIONALLY,11756,ALP,10066.89792,0.85632,True
NSW,103,Banks,GRN,3,6,ALP>LNP,1,0,11756,41486,Natalie Hanna,GRN,,11756,1.0,1.0,GRN:11756,UNSPECIFIED:11756,PROPORTIONAL_PRIMARY_ORIGIN_PASS_THROUGH,ALL_CATEGORY_PRIMARY_VOTES_TRACED_PROPORTIONALLY,11756,LNP,1689.1020800000001,0.14368,True
NSW,103,Banks,ON,4,5,ALP>LNP>GRN,1,0,3666,41858,Todd Nicol,ON,,3666,1.0,1.0,ON:3666,UNSPECIFIED:3666,OBSERVED_LAST_SURVIVOR_EXIT,LAST_SURVIVOR_TALLY_AT_CATEGORY_EXIT,7989,ALP,1122.0,0.14044310927525347,False
NSW,103,Banks,ON,4,5,ALP>LNP>GRN,1,0,3666,41858,Todd Nicol,ON,,3666,1.0,1.0,ON:3666,UNSPECIFIED:3666,OBSERVED_LAST_SURVIVOR_EXIT,LAST_SURVIVOR_TALLY_AT_CATEGORY_EXIT,7989,GRN,2313.0,0.2895230942546001,False
NSW,103,Banks,ON,4,5,ALP>LNP>GRN,1,0,3666,41858,Todd Nicol,ON,,3666,1.0,1.0,ON:3666,UNSPECIFIED:3666,OBSERVED_LAST_SURVIVOR_EXIT,LAST_SURVIVOR_TALLY_AT_CATEGORY_EXIT,7989,LNP,4554.0,0.5700337964701464,False
NSW,103,Banks,ON,4,5,ALP>LNP>GRN,1,0,3666,41858,Todd Nicol,ON,,3666,1.0,1.0,ON:3666,UNSPECIFIED:3666,PROPORTIONAL_PRIMARY_ORIGIN_PASS_THROUGH,ALL_CATEGORY_PRIMARY_VOTES_TRACED_PROPORTIONALLY,3666,ALP,514.8644386030792,0.14044310927525347,True
NSW,103,Banks,ON,4,5,ALP>LNP>GRN,1,0,3666,41858,Todd Nicol,ON,,3666,1.0,1.0,ON:3666,UNSPECIFIED:3666,PROPORTIONAL_PRIMARY_ORIGIN_PASS_THROUGH,ALL_CATEGORY_PRIMARY_VOTES_TRACED_PROPORTIONALLY,3666,GRN,1061.391663537364,0.2895230942546001,True
NSW,103,Banks,ON,4,5,ALP>LNP>GRN,1,0,3666,41858,Todd Nicol,ON,,3666,1.0,1.0,ON:3666,UNSPECIFIED:3666,PROPORTIONAL_PRIMARY_ORIGIN_PASS_THROUGH,ALL_CATEGORY_PRIMARY_VOTES_TRACED_PROPORTIONALLY,3666,LNP,2089.743897859557,0.5700337964701464,True
NSW,103,Banks,OTH,5,4,ALP>LNP>GRN>ON,4,3,8791,41763,Allan Taruste,OTH_CYA,RIGHT,3430,0.39017176657945624,0.39017176657945624,OTH_CYA:3430|OTH_LTP:2678|IND_MINOR:1995|OTH_AUD:688,RIGHT:6108|CENTRE_LEFT:2683,OBSERVED_LAST_SURVIVOR_EXIT,LAST_SURVIVOR_TALLY_AT_CATEGORY_EXIT,4093,ALP,368.0,0.0899096017591009,False
NSW,103,Banks,OTH,5,4,ALP>LNP>GRN>ON,4,3,8791,41763,Allan Taruste,OTH_CYA,RIGHT,3430,0.39017176657945624,0.39017176657945624,OTH_CYA:3430|OTH_LTP:2678|IND_MINOR:1995|OTH_AUD:688,RIGHT:6108|CENTRE_LEFT:2683,OBSERVED_LAST_SURVIVOR_EXIT,LAST_SURVIVOR_TALLY_AT_CATEGORY_EXIT,4093,GRN,351.0,0.08575616906914243,False
NSW,103,Banks,OTH,5,4,ALP>LNP>GRN>ON,4,3,8791,41763,Allan Taruste,OTH_CYA,RIGHT,3430,0.39017176657945624,0.39017176657945624,OTH_CYA:3430|OTH_LTP:2678|IND_MINOR:1995|OTH_AUD:688,RIGHT:6108|CENTRE_LEFT:2683,OBSERVED_LAST_SURVIVOR_EXIT,LAST_SURVIVOR_TALLY_AT_CATEGORY_EXIT,4093,LNP,684.0,0.16711458587832886,False
NSW,103,Banks,OTH,5,4,ALP>LNP>GRN>ON,4,3,8791,41763,Allan Taruste,OTH_CYA,RIGHT,3430,0.39017176657945624,0.39017176657945624,OTH_CYA:3430|OTH_LTP:2678|IND_MINOR:1995|OTH_AUD:688,RIGHT:6108|CENTRE_LEFT:2683,OBSERVED_LAST_SURVIVOR_EXIT,LAST_SURVIVOR_TALLY_AT_CATEGORY_EXIT,4093,ON,2690.0,0.6572196432934279,False
NSW,103,Banks,OTH,5,4,ALP>LNP>GRN>ON,4,3,8791,41763,Allan Taruste,OTH_CYA,RIGHT,3430,0.39017176657945624,0.39017176657945624,OTH_CYA:3430|OTH_LTP:2678|IND_MINOR:1995|OTH_AUD:688,RIGHT:6108|CENTRE_LEFT:2683,PROPORTIONAL_PRIMARY_ORIGIN_PASS_THROUGH,ALL_CATEGORY_PRIMARY_VOTES_TRACED_PROPORTIONALLY,8791,ALP,1289.0,0.14662723239676942,True
NSW,103,Banks,OTH,5,4,ALP>LNP>GRN>ON,4,3,8791,41763,Allan Taruste,OTH_CYA,RIGHT,3430,0.39017176657945624,0.39017176657945624,OTH_CYA:3430|OTH_LTP:2678|IND_MINOR:1995|OTH_AUD:688,RIGHT:6108|CENTRE_LEFT:2683,PROPORTIONAL_PRIMARY_ORIGIN_PASS_THROUGH,ALL_CATEGORY_PRIMARY_VOTES_TRACED_PROPORTIONALLY,8791,GRN,1555.9999999999998,0.1769992037310886,True
NSW,103,Banks,OTH,5,4,ALP>LNP>GRN>ON,4,3,8791,41763,Allan Taruste,OTH_CYA,RIGHT,3430,0.39017176657945624,0.39017176657945624,OTH_CYA:3430|OTH_LTP:2678|IND_MINOR:1995|OTH_AUD:688,RIGHT:6108|CENTRE_LEFT:2683,PROPORTIONAL_PRIMARY_ORIGIN_PASS_THROUGH,ALL_CATEGORY_PRIMARY_VOTES_TRACED_PROPORTIONALLY,8791,LNP,1623.0,0.1846206347400751,True
NSW,103,Banks,OTH,5,4,ALP>LNP>GRN>ON,4,3,8791,41763,Allan Taruste,OTH_CYA,RIGHT,3430,0.39017176657945624,0.39017176657945624,OTH_CYA:3430|OTH_LTP:2678|IND_MINOR:1995|OTH_AUD:688,RIGHT:6108|CENTRE_LEFT:2683,PROPORTIONAL_PRIMARY_ORIGIN_PASS_THROUGH,ALL_CATEGORY_PRIMARY_VOTES_TRACED_PROPORTIONALLY,8791,ON,4323.0,0.49175292913206686,True
NSW,104,Barton,GRN,3,4,ALP>LNP,1,0,15885,41494,Manal Bahsa,GRN,,15885,1.0,1.0,GRN:15885,UNSPECIFIED:15885,OBSERVED_LAST_SURVIVOR_EXIT,LAST_SURVIVOR_TALLY_AT_CATEGORY_EXIT,18170,ALP,15134.0,0.8329113924050633,False
NSW,104,Barton,GRN,3,4,ALP>LNP,1,0,15885,41494,Manal Bahsa,GRN,,15885,1.0,1.0,GRN:15885,UNSPECIFIED:15885,OBSERVED_LAST_SURVIVOR_EXIT,LAST_SURVIVOR_TALLY_AT_CATEGORY_EXIT,18170,LNP,3036.0,0.1670886075949367,False
NSW,104,Barton,GRN,3,4,ALP>LNP,1,0,15885,41494,Manal Bahsa,GRN,,15885,1.0,1.0,GRN:15885,UNSPECIFIED:15885,PROPORTIONAL_PRIMARY_ORIGIN_PASS_THROUGH,ALL_CATEGORY_PRIMARY_VOTES_TRACED_PROPORTIONALLY,15885,ALP,13230.79746835443,0.8329113924050633,True
NSW,104,Barton,GRN,3,4,ALP>LNP,1,0,15885,41494,Manal Bahsa,GRN,,15885,1.0,1.0,GRN:15885,UNSPECIFIED:15885,PROPORTIONAL_PRIMARY_ORIGIN_PASS_THROUGH,ALL_CATEGORY_PRIMARY_VOTES_TRACED_PROPORTIONALLY,15885,LNP,2654.2025316455697,0.1670886075949367,True
NSW,104,Barton,ON,4,3,ALP>LNP>GRN,1,0,5573,41862,Christos Nicolis,ON,,5573,1.0,1.0,ON:5573,UNSPECIFIED:5573,OBSERVED_LAST_SURVIVOR_EXIT,LAST_SURVIVOR_TALLY_AT_CATEGORY_EXIT,9524,ALP,2752.0,0.2889542209155817,False
NSW,104,Barton,ON,4,3,ALP>LNP>GRN,1,0,5573,41862,Christos Nicolis,ON,,5573,1.0,1.0,ON:5573,UNSPECIFIED:5573,OBSERVED_LAST_SURVIVOR_EXIT,LAST_SURVIVOR_TALLY_AT_CATEGORY_EXIT,9524,GRN,1336.0,0.14027719445611087,False
NSW,104,Barton,ON,4,3,ALP>LNP>GRN,1,0,5573,41862,Christos Nicolis,ON,,5573,1.0,1.0,ON:5573,UNSPECIFIED:5573,OBSERVED_LAST_SURVIVOR_EXIT,LAST_SURVIVOR_TALLY_AT_CATEGORY_EXIT,9524,LNP,5436.0,0.5707685846283075,False
NSW,104,Barton,ON,4,3,ALP>LNP>GRN,1,0,5573,41862,Christos Nicolis,ON,,5573,1.0,1.0,ON:5573,UNSPECIFIED:5573,PROPORTIONAL_PRIMARY_ORIGIN_PASS_THROUGH,ALL_CATEGORY_PRIMARY_VOTES_TRACED_PROPORTIONALLY,5573,ALP,1610.3418731625368,0.2889542209155817,True
NSW,104,Barton,ON,4,3,ALP>LNP>GRN,1,0,5573,41862,Christos Nicolis,ON,,5573,1.0,1.0,ON:5573,UNSPECIFIED:5573,PROPORTIONAL_PRIMARY_ORIGIN_PASS_THROUGH,ALL_CATEGORY_PRIMARY_VOTES_TRACED_PROPORTIONALLY,5573,GRN,781.7648047039058,0.14027719445611087,True
NSW,104,Barton,ON,4,3,ALP>LNP>GRN,1,0,5573,41862,Christos Nicolis,ON,,5573,1.0,1.0,ON:5573,UNSPECIFIED:5573,PROPORTIONAL_PRIMARY_ORIGIN_PASS_THROUGH,ALL_CATEGORY_PRIMARY_VOTES_TRACED_PROPORTIONALLY,5573,LNP,3180.893322133558,0.5707685846283075,True
NSW,104,Barton,OTH,5,2,ALP>LNP>GRN>ON,2,1,7233,41768,Thomas Pambris,OTH_CYA,RIGHT,3814,0.5273054057790681,0.5273054057790681,OTH_CYA:3814|OTH_LTP:3419,RIGHT:7233,OBSERVED_LAST_SURVIVOR_EXIT,LAST_SURVIVOR_TALLY_AT_CATEGORY_EXIT,4197,ALP,549.0,0.13080771979985703,False
NSW,104,Barton,OTH,5,2,ALP>LNP>GRN>ON,2,1,7233,41768,Thomas Pambris,OTH_CYA,RIGHT,3814,0.5273054057790681,0.5273054057790681,OTH_CYA:3814|OTH_LTP:3419,RIGHT:7233,OBSERVED_LAST_SURVIVOR_EXIT,LAST_SURVIVOR_TALLY_AT_CATEGORY_EXIT,4197,GRN,713.0,0.16988324994043363,False
NSW,104,Barton,OTH,5,2,ALP>LNP>GRN>ON,2,1,7233,41768,Thomas Pambris,OTH_CYA,RIGHT,3814,0.5273054057790681,0.5273054057790681,OTH_CYA:3814|OTH_LTP:3419,RIGHT:7233,OBSERVED_LAST_SURVIVOR_EXIT,LAST_SURVIVOR_TALLY_AT_CATEGORY_EXIT,4197,LNP,921.0,0.2194424588992137,False
NSW,104,Barton,OTH,5,2,ALP>LNP>GRN>ON,2,1,7233,41768,Thomas Pambris,OTH_CYA,RIGHT,3814,0.5273054057790681,0.5273054057790681,OTH_CYA:3814|OTH_LTP:3419,RIGHT:7233,OBSERVED_LAST_SURVIVOR_EXIT,LAST_SURVIVOR_TALLY_AT_CATEGORY_EXIT,4197,ON,2014.0,0.4798665713604956,False
NSW,104,Barton,OTH,5,2,ALP>LNP>GRN>ON,2,1,7233,41768,Thomas Pambris,OTH_CYA,RIGHT,3814,0.5273054057790681,0.5273054057790681,OTH_CYA:3814|OTH_LTP:3419,RIGHT:7233,PROPORTIONAL_PRIMARY_ORIGIN_PASS_THROUGH,ALL_CATEGORY_PRIMARY_VOTES_TRACED_PROPORTIONALLY,7233,ALP,987.0,0.13645790128577354,True
NSW,104,Barton,OTH,5,2,ALP>LNP>GRN>ON,2,1,7233,41768,Thomas Pambris,OTH_CYA,RIGHT,3814,0.5273054057790681,0.5273054057790681,OTH_CYA:3814|OTH_LTP:3419,RIGHT:7233,PROPORTIONAL_PRIMARY_ORIGIN_PASS_THROUGH,ALL_CATEGORY_PRIMARY_VOTES_TRACED_PROPORTIONALLY,7233,GRN,948.9999999999999,0.13120420295866167,True
NSW,104,Barton,OTH,5,2,ALP>LNP>GRN>ON,2,1,7233,41768,Thomas Pambris,OTH_CYA,RIGHT,3814,0.5273054057790681,0.5273054057790681,OTH_CYA:3814|OTH_LTP:3419,RIGHT:7233,PROPORTIONAL_PRIMARY_ORIGIN_PASS_THROUGH,ALL_CATEGORY_PRIMARY_VOTES_TRACED_PROPORTIONALLY,7233,LNP,1346.0,0.18609152495506706,True
NSW,104,Barton,OTH,5,2,ALP>LNP>GRN>ON,2,1,7233,41768,Thomas Pambris,OTH_CYA,RIGHT,3814,0.5273054057790681,0.5273054057790681,OTH_CYA:3814|OTH_LTP:3419,RIGHT:7233,PROPORTIONAL_PRIMARY_ORIGIN_PASS_THROUGH,ALL_CATEGORY_PRIMARY_VOTES_TRACED_PROPORTIONALLY,7233,ON,3951.0,0.5462463708004978,True
NSW,105,Bennelong,GRN,3,6,ALP>LNP,1,0,12931,41504,Adam Hart,GRN,,12931,1.0,1.0,GRN:12931,UNSPECIFIED:12931,OBSERVED_LAST_SURVIVOR_EXIT,LAST_SURVIVOR_TALLY_AT_CATEGORY_EXIT,15314,ALP,13434.0,0.8772365156066344,False
NSW,105,Bennelong,GRN,3,6,ALP>LNP,1,0,12931,41504,Adam Hart,GRN,,12931,1.0,1.0,GRN:12931,UNSPECIFIED:12931,OBSERVED_LAST_SURVIVOR_EXIT,LAST_SURVIVOR_TALLY_AT_CATEGORY_EXIT,15314,LNP,1880.0,0.12276348439336555,False
NSW,105,Bennelong,GRN,3,6,ALP>LNP,1,0,12931,41504,Adam Hart,GRN,,12931,1.0,1.0,GRN:12931,UNSPECIFIED:12931,PROPORTIONAL_PRIMARY_ORIGIN_PASS_THROUGH,ALL_CATEGORY_PRIMARY_VOTES_TRACED_PROPORTIONALLY,12931,ALP,11343.545383309389,0.8772365156066344,True
NSW,105,Bennelong,GRN,3,6,ALP>LNP,1,0,12931,41504,Adam Hart,GRN,,12931,1.0,1.0,GRN:12931,UNSPECIFIED:12931,PROPORTIONAL_PRIMARY_ORIGIN_PASS_THROUGH,ALL_CATEGORY_PRIMARY_VOTES_TRACED_PROPORTIONALLY,12931,LNP,1587.45461669061,0.12276348439336555,True
NSW,105,Bennelong,ON,4,5,ALP>LNP>GRN,1,0,2534,41869,Craig Bennett,ON,,2534,1.0,1.0,ON:2534,UNSPECIFIED:2534,OBSERVED_LAST_SURVIVOR_EXIT,LAST_SURVIVOR_TALLY_AT_CATEGORY_EXIT,4709,ALP,636.0,0.13506052240390742,False
NSW,105,Bennelong,ON,4,5,ALP>LNP>GRN,1,0,2534,41869,Craig Bennett,ON,,2534,1.0,1.0,ON:2534,UNSPECIFIED:2534,OBSERVED_LAST_SURVIVOR_EXIT,LAST_SURVIVOR_TALLY_AT_CATEGORY_EXIT,4709,GRN,993.0,0.21087279677213847,False
NSW,105,Bennelong,ON,4,5,ALP>LNP>GRN,1,0,2534,41869,Craig Bennett,ON,,2534,1.0,1.0,ON:2534,UNSPECIFIED:2534,OBSERVED_LAST_SURVIVOR_EXIT,LAST_SURVIVOR_TALLY_AT_CATEGORY_EXIT,4709,LNP,3080.0,0.6540666808239541,False
NSW,105,Bennelong,ON,4,5,ALP>LNP>GRN,1,0,2534,41869,Craig Bennett,ON,,2534,1.0,1.0,ON:2534,UNSPECIFIED:2534,PROPORTIONAL_PRIMARY_ORIGIN_PASS_THROUGH,ALL_CATEGORY_PRIMARY_VOTES_TRACED_PROPORTIONALLY,2534,ALP,342.24336377150144,0.13506052240390742,True
NSW,105,Bennelong,ON,4,5,ALP>LNP>GRN,1,0,2534,41869,Craig Bennett,ON,,2534,1.0,1.0,ON:2534,UNSPECIFIED:2534,PROPORTIONAL_PRIMARY_ORIGIN_PASS_THROUGH,ALL_CATEGORY_PRIMARY_VOTES_TRACED_PROPORTIONALLY,2534,GRN,534.3516670205988,0.21087279677213844,True
NSW,105,Bennelong,ON,4,5,ALP>LNP>GRN,1,0,2534,41869,Craig Bennett,ON,,2534,1.0,1.0,ON:2534,UNSPECIFIED:2534,PROPORTIONAL_PRIMARY_ORIGIN_PASS_THROUGH,ALL_CATEGORY_PRIMARY_VOTES_TRACED_PROPORTIONALLY,2534,LNP,1657.4049692078997,0.6540666808239541,True
NSW,105,Bennelong,OTH,5,4,ALP>LNP>GRN>ON,4,3,6036,41881,Eric Chan,OTH_FFPA,RIGHT,1934,0.3204108681245858,0.3204108681245858,OTH_FFPA:1934|OTH_SOPA:1675|OTH_CYA:1621|OTH_IMO:806,RIGHT:3555|LEFT:1675|CENTRE_RIGHT:806,OBSERVED_LAST_SURVIVOR_EXIT,LAST_SURVIVOR_TALLY_AT_CATEGORY_EXIT,2660,ALP,441.0,0.16578947368421051,False
NSW,105,Bennelong,OTH,5,4,ALP>LNP>GRN>ON,4,3,6036,41881,Eric Chan,OTH_FFPA,RIGHT,1934,0.3204108681245858,0.3204108681245858,OTH_FFPA:1934|OTH_SOPA:1675|OTH_CYA:1621|OTH_IMO:806,RIGHT:3555|LEFT:1675|CENTRE_RIGHT:806,OBSERVED_LAST_SURVIVOR_EXIT,LAST_SURVIVOR_TALLY_AT_CATEGORY_EXIT,2660,GRN,436.0,0.16390977443609023,False
NSW,105,Bennelong,OTH,5,4,ALP>LNP>GRN>ON,4,3,6036,41881,Eric Chan,OTH_FFPA,RIGHT,1934,0.3204108681245858,0.3204108681245858,OTH_FFPA:1934|OTH_SOPA:1675|OTH_CYA:1621|OTH_IMO:806,RIGHT:3555|LEFT:1675|CENTRE_RIGHT:806,OBSERVED_LAST_SURVIVOR_EXIT,LAST_SURVIVOR_TALLY_AT_CATEGORY_EXIT,2660,LNP,581.0,0.21842105263157896,False
NSW,105,Bennelong,OTH,5,4,ALP>LNP>GRN>ON,4,3,6036,41881,Eric Chan,OTH_FFPA,RIGHT,1934,0.3204108681245858,0.3204108681245858,OTH_FFPA:1934|OTH_SOPA:1675|OTH_CYA:1621|OTH_IMO:806,RIGHT:3555|LEFT:1675|CENTRE_RIGHT:806,OBSERVED_LAST_SURVIVOR_EXIT,LAST_SURVIVOR_TALLY_AT_CATEGORY_EXIT,2660,ON,1202.0,0.4518796992481203,False
NSW,105,Bennelong,OTH,5,4,ALP>LNP>GRN>ON,4,3,6036,41881,Eric Chan,OTH_FFPA,RIGHT,1934,0.3204108681245858,0.3204108681245858,OTH_FFPA:1934|OTH_SOPA:1675|OTH_CYA:1621|OTH_IMO:806,RIGHT:3555|LEFT:1675|CENTRE_RIGHT:806,PROPORTIONAL_PRIMARY_ORIGIN_PASS_THROUGH,ALL_CATEGORY_PRIMARY_VOTES_TRACED_PROPORTIONALLY,6036,ALP,1205.0,0.19963552021206096,True
NSW,105,Bennelong,OTH,5,4,ALP>LNP>GRN>ON,4,3,6036,41881,Eric Chan,OTH_FFPA,RIGHT,1934,0.3204108681245858,0.3204108681245858,OTH_FFPA:1934|OTH_SOPA:1675|OTH_CYA:1621|OTH_IMO:806,RIGHT:3555|LEFT:1675|CENTRE_RIGHT:806,PROPORTIONAL_PRIMARY_ORIGIN_PASS_THROUGH,ALL_CATEGORY_PRIMARY_VOTES_TRACED_PROPORTIONALLY,6036,GRN,1390.0,0.23028495692511597,True
NSW,105,Bennelong,OTH,5,4,ALP>LNP>GRN>ON,4,3,6036,41881,Eric Chan,OTH_FFPA,RIGHT,1934,0.3204108681245858,0.3204108681245858,OTH_FFPA:1934|OTH_SOPA:1675|OTH_CYA:1621|OTH_IMO:806,RIGHT:3555|LEFT:1675|CENTRE_RIGHT:806,PROPORTIONAL_PRIMARY_ORIGIN_PASS_THROUGH,ALL_CATEGORY_PRIMARY_VOTES_TRACED_PROPORTIONALLY,6036,LNP,1266.0,0.20974155069582506,True
NSW,105,Bennelong,OTH,5,4,ALP>LNP>GRN>ON,4,3,6036,41881,Eric Chan,OTH_FFPA,RIGHT,1934,0.3204108681245858,0.3204108681245858,OTH_FFPA:1934|OTH_SOPA:1675|OTH_CYA:1621|OTH_IMO:806,RIGHT:3555|LEFT:1675|CENTRE_RIGHT:806,PROPORTIONAL_PRIMARY_ORIGIN_PASS_THROUGH,ALL_CATEGORY_PRIMARY_VOTES_TRACED_PROPORTIONALLY,6036,ON,2175.0,0.36033797216699803,True
NSW,106,Berowra,IND,3,6,ALP>LNP,1,0,13135,41991,Tina Brown,IND_PROMINENT,LEFT,13135,1.0,1.0,IND_PROMINENT:13135,LEFT:13135,OBSERVED_LAST_SURVIVOR_EXIT,LAST_SURVIVOR_TALLY_AT_CATEGORY_EXIT,22150,ALP,16309.0,0.7362979683972912,False
NSW,106,Berowra,IND,3,6,ALP>LNP,1,0,13135,41991,Tina Brown,IND_PROMINENT,LEFT,13135,1.0,1.0,IND_PROMINENT:13135,LEFT:13135,OBSERVED_LAST_SURVIVOR_EXIT,LAST_SURVIVOR_TALLY_AT_CATEGORY_EXIT,22150,LNP,5841.0,0.26370203160270883,False
NSW,106,Berowra,IND,3,6,ALP>LNP,1,0,13135,41991,Tina Brown,IND_PROMINENT,LEFT,13135,1.0,1.0,IND_PROMINENT:13135,LEFT:13135,PROPORTIONAL_PRIMARY_ORIGIN_PASS_THROUGH,ALL_CATEGORY_PRIMARY_VOTES_TRACED_PROPORTIONALLY,13135,ALP,9671.27381489842,0.7362979683972912,True
NSW,106,Berowra,IND,3,6,ALP>LNP,1,0,13135,41991,Tina Brown,IND_PROMINENT,LEFT,13135,1.0,1.0,IND_PROMINENT:13135,LEFT:13135,PROPORTIONAL_PRIMARY_ORIGIN_PASS_THROUGH,ALL_CATEGORY_PRIMARY_VOTES_TRACED_PROPORTIONALLY,13135,LNP,3463.7261851015805,0.26370203160270883,True
NSW,106,Berowra,GRN,4,5,ALP>LNP>IND,1,0,13781,41506,Martin Cousins,GRN,,13781,1.0,1.0,GRN:13781,UNSPECIFIED:13781,OBSERVED_LAST_SURVIVOR_EXIT,LAST_SURVIVOR_TALLY_AT_CATEGORY_EXIT,14626,ALP,7318.0,0.500341856967045,False
NSW,106,Berowra,GRN,4,5,ALP>LNP>IND,1,0,13781,41506,Martin Cousins,GRN,,13781,1.0,1.0,GRN:13781,UNSPECIFIED:13781,OBSERVED_LAST_SURVIVOR_EXIT,LAST_SURVIVOR_TALLY_AT_CATEGORY_EXIT,14626,IND,6303.0,0.4309448926569123,False
NSW,106,Berowra,GRN,4,5,ALP>LNP>IND,1,0,13781,41506,Martin Cousins,GRN,,13781,1.0,1.0,GRN:13781,UNSPECIFIED:13781,OBSERVED_LAST_SURVIVOR_EXIT,LAST_SURVIVOR_TALLY_AT_CATEGORY_EXIT,14626,LNP,1005.0,0.06871325037604266,False
NSW,106,Berowra,GRN,4,5,ALP>LNP>IND,1,0,13781,41506,Martin Cousins,GRN,,13781,1.0,1.0,GRN:13781,UNSPECIFIED:13781,PROPORTIONAL_PRIMARY_ORIGIN_PASS_THROUGH,ALL_CATEGORY_PRIMARY_VOTES_TRACED_PROPORTIONALLY,13781,ALP,6895.211130862847,0.500341856967045,True
NSW,106,Berowra,GRN,4,5,ALP>LNP>IND,1,0,13781,41506,Martin Cousins,GRN,,13781,1.0,1.0,GRN:13781,UNSPECIFIED:13781,PROPORTIONAL_PRIMARY_ORIGIN_PASS_THROUGH,ALL_CATEGORY_PRIMARY_VOTES_TRACED_PROPORTIONALLY,13781,IND,5938.851565704908,0.43094489265691227,True
NSW,106,Berowra,GRN,4,5,ALP>LNP>IND,1,0,13781,41506,Martin Cousins,GRN,,13781,1.0,1.0,GRN:13781,UNSPECIFIED:13781,PROPORTIONAL_PRIMARY_ORIGIN_PASS_THROUGH,ALL_CATEGORY_PRIMARY_VOTES_TRACED_PROPORTIONALLY,13781,LNP,946.9373034322439,0.06871325037604266,True
NSW,106,Berowra,ON,5,4,ALP>LNP>GRN>IND,1,0,4705,41879,Gerald Mattinson,ON,,4705,1.0,1.0,ON:4705,UNSPECIFIED:4705,OBSERVED_LAST_SURVIVOR_EXIT,LAST_SURVIVOR_TALLY_AT_CATEGORY_EXIT,5954,ALP,524.0,0.08800806180718844,False
NSW,106,Berowra,ON,5,4,ALP>LNP>GRN>IND,1,0,4705,41879,Gerald Mattinson,ON,,4705,1.0,1.0,ON:4705,UNSPECIFIED:4705,OBSERVED_LAST_SURVIVOR_EXIT,LAST_SURVIVOR_TALLY_AT_CATEGORY_EXIT,5954,GRN,336.0,0.0564326503191132,False
NSW,106,Berowra,ON,5,4,ALP>LNP>GRN>IND,1,0,4705,41879,Gerald Mattinson,ON,,4705,1.0,1.0,ON:4705,UNSPECIFIED:4705,OBSERVED_LAST_SURVIVOR_EXIT,LAST_SURVIVOR_TALLY_AT_CATEGORY_EXIT,5954,IND,1368.0,0.22976150487067518,False
NSW,106,Berowra,ON,5,4,ALP>LNP>GRN>IND,1,0,4705,41879,Gerald Mattinson,ON,,4705,1.0,1.0,ON:4705,UNSPECIFIED:4705,OBSERVED_LAST_SURVIVOR_EXIT,LAST_SURVIVOR_TALLY_AT_CATEGORY_EXIT,5954,LNP,3726.0,0.6257977830030231,False
NSW,106,Berowra,ON,5,4,ALP>LNP>GRN>IND,1,0,4705,41879,Gerald Mattinson,ON,,4705,1.0,1.0,ON:4705,UNSPECIFIED:4705,PROPORTIONAL_PRIMARY_ORIGIN_PASS_THROUGH,ALL_CATEGORY_PRIMARY_VOTES_TRACED_PROPORTIONALLY,4705,ALP,414.0779308028216,0.08800806180718844,True
NSW,106,Berowra,ON,5,4,ALP>LNP>GRN>IND,1,0,4705,41879,Gerald Mattinson,ON,,4705,1.0,1.0,ON:4705,UNSPECIFIED:4705,PROPORTIONAL_PRIMARY_ORIGIN_PASS_THROUGH,ALL_CATEGORY_PRIMARY_VOTES_TRACED_PROPORTIONALLY,4705,GRN,265.5156197514276,0.0564326503191132,True
NSW,106,Berowra,ON,5,4,ALP>LNP>GRN>IND,1,0,4705,41879,Gerald Mattinson,ON,,4705,1.0,1.0,ON:4705,UNSPECIFIED:4705,PROPORTIONAL_PRIMARY_ORIGIN_PASS_THROUGH,ALL_CATEGORY_PRIMARY_VOTES_TRACED_PROPORTIONALLY,4705,IND,1081.0278804165266,0.22976150487067515,True
NSW,106,Berowra,ON,5,4,ALP>LNP>GRN>IND,1,0,4705,41879,Gerald Mattinson,ON,,4705,1.0,1.0,ON:4705,UNSPECIFIED:4705,PROPORTIONAL_PRIMARY_ORIGIN_PASS_THROUGH,ALL_CATEGORY_PRIMARY_VOTES_TRACED_PROPORTIONALLY,4705,LNP,2944.378569029224,0.6257977830030231,True
NSW,106,Berowra,OTH,6,3,ALP>LNP>GRN>ON>IND,3,2,4517,41697,Stephen Bastian,OTH_CYA,RIGHT,2199,0.4868275404029223,0.4868275404029223,OTH_CYA:2199|IND_MINOR:1236|OTH_SOPA:1082,RIGHT:2199|CENTRE:1236|LEFT:1082,OBSERVED_LAST_SURVIVOR_EXIT,LAST_SURVIVOR_TALLY_AT_CATEGORY_EXIT,2303,ALP,121.0,0.05254016500217108,False
NSW,106,Berowra,OTH,6,3,ALP>LNP>GRN>ON>IND,3,2,4517,41697,Stephen Bastian,OTH_CYA,RIGHT,2199,0.4868275404029223,0.4868275404029223,OTH_CYA:2199|IND_MINOR:1236|OTH_SOPA:1082,RIGHT:2199|CENTRE:1236|LEFT:1082,OBSERVED_LAST_SURVIVOR_EXIT,LAST_SURVIVOR_TALLY_AT_CATEGORY_EXIT,2303,GRN,120.0,0.052105948762483714,False
NSW,106,Berowra,OTH,6,3,ALP>LNP>GRN>ON>IND,3,2,4517,41697,Stephen Bastian,OTH_CYA,RIGHT,2199,0.4868275404029223,0.4868275404029223,OTH_CYA:2199|IND_MINOR:1236|OTH_SOPA:1082,RIGHT:2199|CENTRE:1236|LEFT:1082,OBSERVED_LAST_SURVIVOR_EXIT,LAST_SURVIVOR_TALLY_AT_CATEGORY_EXIT,2303,IND,346.0,0.15023881893182806,False
NSW,106,Berowra,OTH,6,3,ALP>LNP>GRN>ON>IND,3,2,4517,41697,Stephen Bastian,OTH_CYA,RIGHT,2199,0.4868275404029223,0.4868275404029223,OTH_CYA:2199|IND_MINOR:1236|OTH_SOPA:1082,RIGHT:2199|CENTRE:1236|LEFT:1082,OBSERVED_LAST_SURVIVOR_EXIT,LAST_SURVIVOR_TALLY_AT_CATEGORY_EXIT,2303,LNP,626.0,0.2718193660442901,False
NSW,106,Berowra,OTH,6,3,ALP>LNP>GRN>ON>IND,3,2,4517,41697,Stephen Bastian,OTH_CYA,RIGHT,2199,0.4868275404029223,0.4868275404029223,OTH_CYA:2199|IND_MINOR:1236|OTH_SOPA:1082,RIGHT:2199|CENTRE:1236|LEFT:1082,OBSERVED_LAST_SURVIVOR_EXIT,LAST_SURVIVOR_TALLY_AT_CATEGORY_EXIT,2303,ON,1090.0,0.4732957012592271,False
NSW,106,Berowra,OTH,6,3,ALP>LNP>GRN>ON>IND,3,2,4517,41697,Stephen Bastian,OTH_CYA,RIGHT,2199,0.4868275404029223,0.4868275404029223,OTH_CYA:2199|IND_MINOR:1236|OTH_SOPA:1082,RIGHT:2199|CENTRE:1236|LEFT:1082,PROPORTIONAL_PRIMARY_ORIGIN_PASS_THROUGH,ALL_CATEGORY_PRIMARY_VOTES_TRACED_PROPORTIONALLY,4517,ALP,524.0,0.11600619880451628,True
NSW,106,Berowra,OTH,6,3,ALP>LNP>GRN>ON>IND,3,2,4517,41697,Stephen Bastian,OTH_CYA,RIGHT,2199,0.4868275404029223,0.4868275404029223,OTH_CYA:2199|IND_MINOR:1236|OTH_SOPA:1082,RIGHT:2199|CENTRE:1236|LEFT:1082,PROPORTIONAL_PRIMARY_ORIGIN_PASS_THROUGH,ALL_CATEGORY_PRIMARY_VOTES_TRACED_PROPORTIONALLY,4517,GRN,509.0,0.11268541067079921,True
NSW,106,Berowra,OTH,6,3,ALP>LNP>GRN>ON>IND,3,2,4517,41697,Stephen Bastian,OTH_CYA,RIGHT,2199,0.4868275404029223,0.4868275404029223,OTH_CYA:2199|IND_MINOR:1236|OTH_SOPA:1082,RIGHT:2199|CENTRE:1236|LEFT:1082,PROPORTIONAL_PRIMARY_ORIGIN_PASS_THROUGH,ALL_CATEGORY_PRIMARY_VOTES_TRACED_PROPORTIONALLY,4517,IND,1344.0,0.2975426167810494,True
NSW,106,Berowra,OTH,6,3,ALP>LNP>GRN>ON>IND,3,2,4517,41697,Stephen Bastian,OTH_CYA,RIGHT,2199,0.4868275404029223,0.4868275404029223,OTH_CYA:2199|IND_MINOR:1236|OTH_SOPA:1082,RIGHT:2199|CENTRE:1236|LEFT:1082,PROPORTIONAL_PRIMARY_ORIGIN_PASS_THROUGH,ALL_CATEGORY_PRIMARY_VOTES_TRACED_PROPORTIONALLY,4517,LNP,891.0,0.1972548151427939,True
NSW,106,Berowra,OTH,6,3,ALP>LNP>GRN>ON>IND,3,2,4517,41697,Stephen Bastian,OTH_CYA,RIGHT,2199,0.4868275404029223,0.4868275404029223,OTH_CYA:2199|IND_MINOR:1236|OTH_SOPA:1082,RIGHT:2199|CENTRE:1236|LEFT:1082,PROPORTIONAL_PRIMARY_ORIGIN_PASS_THROUGH,ALL_CATEGORY_PRIMARY_VOTES_TRACED_PROPORTIONALLY,4517,ON,1249.0,0.27651095860084124,True
NSW,107,Blaxland,IND,3,5,ALP>LNP,1,0,16302,41982,Ahmed Ouf,IND_PROMINENT,LEFT,16302,1.0,1.0,IND_PROMINENT:16302,LEFT:16302,OBSERVED_LAST_SURVIVOR_EXIT,LAST_SURVIVOR_TALLY_AT_CATEGORY_EXIT,21041,ALP,17692.0,0.840834561095005,False
NSW,107,Blaxland,IND,3,5,ALP>LNP,1,0,16302,41982,Ahmed Ouf,IND_PROMINENT,LEFT,16302,1.0,1.0,IND_PROMINENT:16302,LEFT:16302,OBSERVED_LAST_SURVIVOR_EXIT,LAST_SURVIVOR_TALLY_AT_CATEGORY_EXIT,21041,LNP,3349.0,0.15916543890499502,False
NSW,107,Blaxland,IND,3,5,ALP>LNP,1,0,16302,41982,Ahmed Ouf,IND_PROMINENT,LEFT,16302,1.0,1.0,IND_PROMINENT:16302,LEFT:16302,PROPORTIONAL_PRIMARY_ORIGIN_PASS_THROUGH,ALL_CATEGORY_PRIMARY_VOTES_TRACED_PROPORTIONALLY,16302,ALP,13707.285014970772,0.840834561095005,True
NSW,107,Blaxland,IND,3,5,ALP>LNP,1,0,16302,41982,Ahmed Ouf,IND_PROMINENT,LEFT,16302,1.0,1.0,IND_PROMINENT:16302,LEFT:16302,PROPORTIONAL_PRIMARY_ORIGIN_PASS_THROUGH,ALL_CATEGORY_PRIMARY_VOTES_TRACED_PROPORTIONALLY,16302,LNP,2594.714985029229,0.15916543890499502,True
NSW,107,Blaxland,GRN,4,4,ALP>LNP>IND,1,0,6854,41578,Omar Sakr,GRN,,6854,1.0,1.0,GRN:6854,UNSPECIFIED:6854,OBSERVED_LAST_SURVIVOR_EXIT,LAST_SURVIVOR_TALLY_AT_CATEGORY_EXIT,7547,ALP,3638.0,0.4820458460315357,False
NSW,107,Blaxland,GRN,4,4,ALP>LNP>IND,1,0,6854,41578,Omar Sakr,GRN,,6854,1.0,1.0,GRN:6854,UNSPECIFIED:6854,OBSERVED_LAST_SURVIVOR_EXIT,LAST_SURVIVOR_TALLY_AT_CATEGORY_EXIT,7547,IND,3321.0,0.4400424009540215,False
NSW,107,Blaxland,GRN,4,4,ALP>LNP>IND,1,0,6854,41578,Omar Sakr,GRN,,6854,1.0,1.0,GRN:6854,UNSPECIFIED:6854,OBSERVED_LAST_SURVIVOR_EXIT,LAST_SURVIVOR_TALLY_AT_CATEGORY_EXIT,7547,LNP,588.0,0.07791175301444282,False
NSW,107,Blaxland,GRN,4,4,ALP>LNP>IND,1,0,6854,41578,Omar Sakr,GRN,,6854,1.0,1.0,GRN:6854,UNSPECIFIED:6854,PROPORTIONAL_PRIMARY_ORIGIN_PASS_THROUGH,ALL_CATEGORY_PRIMARY_VOTES_TRACED_PROPORTIONALLY,6854,ALP,3303.9422287001457,0.4820458460315357,True
NSW,107,Blaxland,GRN,4,4,ALP>LNP>IND,1,0,6854,41578,Omar Sakr,GRN,,6854,1.0,1.0,GRN:6854,UNSPECIFIED:6854,PROPORTIONAL_PRIMARY_ORIGIN_PASS_THROUGH,ALL_CATEGORY_PRIMARY_VOTES_TRACED_PROPORTIONALLY,6854,IND,3016.050616138863,0.4400424009540215,True
NSW,107,Blaxland,GRN,4,4,ALP>LNP>IND,1,0,6854,41578,Omar Sakr,GRN,,6854,1.0,1.0,GRN:6854,UNSPECIFIED:6854,PROPORTIONAL_PRIMARY_ORIGIN_PASS_THROUGH,ALL_CATEGORY_PRIMARY_VOTES_TRACED_PROPORTIONALLY,6854,LNP,534.0071551609911,0.07791175301444282,True
NSW,107,Blaxland,ON,5,3,ALP>LNP>GRN>IND,1,0,3086,41888,Mitchell Klievens,ON,,3086,1.0,1.0,ON:3086,UNSPECIFIED:3086,OBSERVED_LAST_SURVIVOR_EXIT,LAST_SURVIVOR_TALLY_AT_CATEGORY_EXIT,4690,ALP,686.0,0.14626865671641792,False
NSW,107,Blaxland,ON,5,3,ALP>LNP>GRN>IND,1,0,3086,41888,Mitchell Klievens,ON,,3086,1.0,1.0,ON:3086,UNSPECIFIED:3086,OBSERVED_LAST_SURVIVOR_EXIT,LAST_SURVIVOR_TALLY_AT_CATEGORY_EXIT,4690,GRN,389.0,0.08294243070362474,False
NSW,107,Blaxland,ON,5,3,ALP>LNP>GRN>IND,1,0,3086,41888,Mitchell Klievens,ON,,3086,1.0,1.0,ON:3086,UNSPECIFIED:3086,OBSERVED_LAST_SURVIVOR_EXIT,LAST_SURVIVOR_TALLY_AT_CATEGORY_EXIT,4690,IND,888.0,0.18933901918976545,False
NSW,107,Blaxland,ON,5,3,ALP>LNP>GRN>IND,1,0,3086,41888,Mitchell Klievens,ON,,3086,1.0,1.0,ON:3086,UNSPECIFIED:3086,OBSERVED_LAST_SURVIVOR_EXIT,LAST_SURVIVOR_TALLY_AT_CATEGORY_EXIT,4690,LNP,2727.0,0.5814498933901919,False
NSW,107,Blaxland,ON,5,3,ALP>LNP>GRN>IND,1,0,3086,41888,Mitchell Klievens,ON,,3086,1.0,1.0,ON:3086,UNSPECIFIED:3086,PROPORTIONAL_PRIMARY_ORIGIN_PASS_THROUGH,ALL_CATEGORY_PRIMARY_VOTES_TRACED_PROPORTIONALLY,3086,ALP,451.38507462686573,0.14626865671641792,True
NSW,107,Blaxland,ON,5,3,ALP>LNP>GRN>IND,1,0,3086,41888,Mitchell Klievens,ON,,3086,1.0,1.0,ON:3086,UNSPECIFIED:3086,PROPORTIONAL_PRIMARY_ORIGIN_PASS_THROUGH,ALL_CATEGORY_PRIMARY_VOTES_TRACED_PROPORTIONALLY,3086,GRN,255.96034115138593,0.08294243070362474,True
NSW,107,Blaxland,ON,5,3,ALP>LNP>GRN>IND,1,0,3086,41888,Mitchell Klievens,ON,,3086,1.0,1.0,ON:3086,UNSPECIFIED:3086,PROPORTIONAL_PRIMARY_ORIGIN_PASS_THROUGH,ALL_CATEGORY_PRIMARY_VOTES_TRACED_PROPORTIONALLY,3086,IND,584.3002132196161,0.18933901918976542,True
NSW,107,Blaxland,ON,5,3,ALP>LNP>GRN>IND,1,0,3086,41888,Mitchell Klievens,ON,,3086,1.0,1.0,ON:3086,UNSPECIFIED:3086,PROPORTIONAL_PRIMARY_ORIGIN_PASS_THROUGH,ALL_CATEGORY_PRIMARY_VOTES_TRACED_PROPORTIONALLY,3086,LNP,1794.3543710021322,0.5814498933901919,True
NSW,107,Blaxland,OTH,6,2,ALP>LNP>GRN>ON>IND,2,1,3620,41850,Mike Luo,OTH_LTP,RIGHT,1894,0.5232044198895027,0.5232044198895027,OTH_LTP:1894|OTH_FFPA:1726,RIGHT:3620,OBSERVED_LAST_SURVIVOR_EXIT,LAST_SURVIVOR_TALLY_AT_CATEGORY_EXIT,2202,ALP,241.0,0.10944595821980019,False
NSW,107,Blaxland,OTH,6,2,ALP>LNP>GRN>ON>IND,2,1,3620,41850,Mike Luo,OTH_LTP,RIGHT,1894,0.5232044198895027,0.5232044198895027,OTH_LTP:1894|OTH_FFPA:1726,RIGHT:3620,OBSERVED_LAST_SURVIVOR_EXIT,LAST_SURVIVOR_TALLY_AT_CATEGORY_EXIT,2202,GRN,137.0,0.062216167120799276,False
NSW,107,Blaxland,OTH,6,2,ALP>LNP>GRN>ON>IND,2,1,3620,41850,Mike Luo,OTH_LTP,RIGHT,1894,0.5232044198895027,0.5232044198895027,OTH_LTP:1894|OTH_FFPA:1726,RIGHT:3620,OBSERVED_LAST_SURVIVOR_EXIT,LAST_SURVIVOR_TALLY_AT_CATEGORY_EXIT,2202,IND,243.0,0.11035422343324251,False
NSW,107,Blaxland,OTH,6,2,ALP>LNP>GRN>ON>IND,2,1,3620,41850,Mike Luo,OTH_LTP,RIGHT,1894,0.5232044198895027,0.5232044198895027,OTH_LTP:1894|OTH_FFPA:1726,RIGHT:3620,OBSERVED_LAST_SURVIVOR_EXIT,LAST_SURVIVOR_TALLY_AT_CATEGORY_EXIT,2202,LNP,393.0,0.1784741144414169,False
NSW,107,Blaxland,OTH,6,2,ALP>LNP>GRN>ON>IND,2,1,3620,41850,Mike Luo,OTH_LTP,RIGHT,1894,0.5232044198895027,0.5232044198895027,OTH_LTP:1894|OTH_FFPA:1726,RIGHT:3620,OBSERVED_LAST_SURVIVOR_EXIT,LAST_SURVIVOR_TALLY_AT_CATEGORY_EXIT,2202,ON,1188.0,0.5395095367847411,False
NSW,107,Blaxland,OTH,6,2,ALP>LNP>GRN>ON>IND,2,1,3620,41850,Mike Luo,OTH_LTP,RIGHT,1894,0.5232044198895027,0.5232044198895027,OTH_LTP:1894|OTH_FFPA:1726,RIGHT:3620,PROPORTIONAL_PRIMARY_ORIGIN_PASS_THROUGH,ALL_CATEGORY_PRIMARY_VOTES_TRACED_PROPORTIONALLY,3620,ALP,457.0,0.12624309392265193,True
NSW,107,Blaxland,OTH,6,2,ALP>LNP>GRN>ON>IND,2,1,3620,41850,Mike Luo,OTH_LTP,RIGHT,1894,0.5232044198895027,0.5232044198895027,OTH_LTP:1894|OTH_FFPA:1726,RIGHT:3620,PROPORTIONAL_PRIMARY_ORIGIN_PASS_THROUGH,ALL_CATEGORY_PRIMARY_VOTES_TRACED_PROPORTIONALLY,3620,GRN,304.0,0.08397790055248619,True
NSW,107,Blaxland,OTH,6,2,ALP>LNP>GRN>ON>IND,2,1,3620,41850,Mike Luo,OTH_LTP,RIGHT,1894,0.5232044198895027,0.5232044198895027,OTH_LTP:1894|OTH_FFPA:1726,RIGHT:3620,PROPORTIONAL_PRIMARY_ORIGIN_PASS_THROUGH,ALL_CATEGORY_PRIMARY_VOTES_TRACED_PROPORTIONALLY,3620,IND,530.0,0.1464088397790055,True
NSW,107,Blaxland,OTH,6,2,ALP>LNP>GRN>ON>IND,2,1,3620,41850,Mike Luo,OTH_LTP,RIGHT,1894,0.5232044198895027,0.5232044198895027,OTH_LTP:1894|OTH_FFPA:1726,RIGHT:3620,PROPORTIONAL_PRIMARY_ORIGIN_PASS_THROUGH,ALL_CATEGORY_PRIMARY_VOTES_TRACED_PROPORTIONALLY,3620,LNP,725.0,0.20027624309392264,True
NSW,107,Blaxland,OTH,6,2,ALP>LNP>GRN>ON>IND,2,1,3620,41850,Mike Luo,OTH_LTP,RIGHT,1894,0.5232044198895027,0.5232044198895027,OTH_LTP:1894|OTH_FFPA:1726,RIGHT:3620,PROPORTIONAL_PRIMARY_ORIGIN_PASS_THROUGH,ALL_CATEGORY_PRIMARY_VOTES_TRACED_PROPORTIONALLY,3620,ON,1604.0,0.4430939226519337,True
NSW,108,Bradfield,ALP,3,6,LNP>IND,1,0,22768,41324,Louise Mccallum,ALP,,22768,1.0,1.0,ALP:22768,UNSPECIFIED:22768,OBSERVED_LAST_SURVIVOR_EXIT,LAST_SURVIVOR_TALLY_AT_CATEGORY_EXIT,28904,IND,19574.0,0.6772073069471354,False
NSW,108,Bradfield,ALP,3,6,LNP>IND,1,0,22768,41324,Louise Mccallum,ALP,,22768,1.0,1.0,ALP:22768,UNSPECIFIED:22768,OBSERVED_LAST_SURVIVOR_EXIT,LAST_SURVIVOR_TALLY_AT_CATEGORY_EXIT,28904,LNP,9330.0,0.3227926930528647,False
NSW,108,Bradfield,ALP,3,6,LNP>IND,1,0,22768,41324,Louise Mccallum,ALP,,22768,1.0,1.0,ALP:22768,UNSPECIFIED:22768,PROPORTIONAL_PRIMARY_ORIGIN_PASS_THROUGH,ALL_CATEGORY_PRIMARY_VOTES_TRACED_PROPORTIONALLY,22768,IND,15418.65596457238,0.6772073069471354,True
NSW,108,Bradfield,ALP,3,6,LNP>IND,1,0,22768,41324,Louise Mccallum,ALP,,22768,1.0,1.0,ALP:22768,UNSPECIFIED:22768,PROPORTIONAL_PRIMARY_ORIGIN_PASS_THROUGH,ALL_CATEGORY_PRIMARY_VOTES_TRACED_PROPORTIONALLY,22768,LNP,7349.344035427623,0.3227926930528647,True
NSW,108,Bradfield,GRN,4,5,ALP>LNP>IND,1,0,7551,41511,Harjit Singh,GRN,,7551,1.0,1.0,GRN:7551,UNSPECIFIED:7551,OBSERVED_LAST_SURVIVOR_EXIT,LAST_SURVIVOR_TALLY_AT_CATEGORY_EXIT,8597,ALP,3980.0,0.46295219262533444,False
NSW,108,Bradfield,GRN,4,5,ALP>LNP>IND,1,0,7551,41511,Harjit Singh,GRN,,7551,1.0,1.0,GRN:7551,UNSPECIFIED:7551,OBSERVED_LAST_SURVIVOR_EXIT,LAST_SURVIVOR_TALLY_AT_CATEGORY_EXIT,8597,IND,4028.0,0.4685355356519716,False
NSW,108,Bradfield,GRN,4,5,ALP>LNP>IND,1,0,7551,41511,Harjit Singh,GRN,,7551,1.0,1.0,GRN:7551,UNSPECIFIED:7551,OBSERVED_LAST_SURVIVOR_EXIT,LAST_SURVIVOR_TALLY_AT_CATEGORY_EXIT,8597,LNP,589.0,0.06851227172269396,False
NSW,108,Bradfield,GRN,4,5,ALP>LNP>IND,1,0,7551,41511,Harjit Singh,GRN,,7551,1.0,1.0,GRN:7551,UNSPECIFIED:7551,PROPORTIONAL_PRIMARY_ORIGIN_PASS_THROUGH,ALL_CATEGORY_PRIMARY_VOTES_TRACED_PROPORTIONALLY,7551,ALP,3495.7520065139,0.46295219262533444,True
NSW,108,Bradfield,GRN,4,5,ALP>LNP>IND,1,0,7551,41511,Harjit Singh,GRN,,7551,1.0,1.0,GRN:7551,UNSPECIFIED:7551,PROPORTIONAL_PRIMARY_ORIGIN_PASS_THROUGH,ALL_CATEGORY_PRIMARY_VOTES_TRACED_PROPORTIONALLY,7551,IND,3537.9118297080377,0.4685355356519716,True
NSW,108,Bradfield,GRN,4,5,ALP>LNP>IND,1,0,7551,41511,Harjit Singh,GRN,,7551,1.0,1.0,GRN:7551,UNSPECIFIED:7551,PROPORTIONAL_PRIMARY_ORIGIN_PASS_THROUGH,ALL_CATEGORY_PRIMARY_VOTES_TRACED_PROPORTIONALLY,7551,LNP,517.3361637780621,0.06851227172269396,True
NSW,108,Bradfield,OTH,5,4,ALP>LNP>GRN>IND,3,2,7173,41989,Andy Yin,IND_MINOR,CENTRE,4635,0.6461731493099122,0.6461731493099122,IND_MINOR:4635|OTH_LTP:1376|OTH_CYA:1162,CENTRE:4635|RIGHT:2538,OBSERVED_LAST_SURVIVOR_EXIT,LAST_SURVIVOR_TALLY_AT_CATEGORY_EXIT,5400,ALP,1828.0,0.3385185185185185,False
NSW,108,Bradfield,OTH,5,4,ALP>LNP>GRN>IND,3,2,7173,41989,Andy Yin,IND_MINOR,CENTRE,4635,0.6461731493099122,0.6461731493099122,IND_MINOR:4635|OTH_LTP:1376|OTH_CYA:1162,CENTRE:4635|RIGHT:2538,OBSERVED_LAST_SURVIVOR_EXIT,LAST_SURVIVOR_TALLY_AT_CATEGORY_EXIT,5400,GRN,611.0,0.11314814814814815,False
NSW,108,Bradfield,OTH,5,4,ALP>LNP>GRN>IND,3,2,7173,41989,Andy Yin,IND_MINOR,CENTRE,4635,0.6461731493099122,0.6461731493099122,IND_MINOR:4635|OTH_LTP:1376|OTH_CYA:1162,CENTRE:4635|RIGHT:2538,OBSERVED_LAST_SURVIVOR_EXIT,LAST_SURVIVOR_TALLY_AT_CATEGORY_EXIT,5400,IND,1578.0,0.2922222222222222,False
NSW,108,Bradfield,OTH,5,4,ALP>LNP>GRN>IND,3,2,7173,41989,Andy Yin,IND_MINOR,CENTRE,4635,0.6461731493099122,0.6461731493099122,IND_MINOR:4635|OTH_LTP:1376|OTH_CYA:1162,CENTRE:4635|RIGHT:2538,OBSERVED_LAST_SURVIVOR_EXIT,LAST_SURVIVOR_TALLY_AT_CATEGORY_EXIT,5400,LNP,1383.0,0.2561111111111111,False
NSW,108,Bradfield,OTH,5,4,ALP>LNP>GRN>IND,3,2,7173,41989,Andy Yin,IND_MINOR,CENTRE,4635,0.6461731493099122,0.6461731493099122,IND_MINOR:4635|OTH_LTP:1376|OTH_CYA:1162,CENTRE:4635|RIGHT:2538,PROPORTIONAL_PRIMARY_ORIGIN_PASS_THROUGH,ALL_CATEGORY_PRIMARY_VOTES_TRACED_PROPORTIONALLY,7173,ALP,1945.7938030006524,0.27126638826162724,True
NSW,108,Bradfield,OTH,5,4,ALP>LNP>GRN>IND,3,2,7173,41989,Andy Yin,IND_MINOR,CENTRE,4635,0.6461731493099122,0.6461731493099122,IND_MINOR:4635|OTH_LTP:1376|OTH_CYA:1162,CENTRE:4635|RIGHT:2538,PROPORTIONAL_PRIMARY_ORIGIN_PASS_THROUGH,ALL_CATEGORY_PRIMARY_VOTES_TRACED_PROPORTIONALLY,7173,GRN,937.8036040443576,0.13074077848102017,True
NSW,108,Bradfield,OTH,5,4,ALP>LNP>GRN>IND,3,2,7173,41989,Andy Yin,IND_MINOR,CENTRE,4635,0.6461731493099122,0.6461731493099122,IND_MINOR:4635|OTH_LTP:1376|OTH_CYA:1162,CENTRE:4635|RIGHT:2538,PROPORTIONAL_PRIMARY_ORIGIN_PASS_THROUGH,ALL_CATEGORY_PRIMARY_VOTES_TRACED_PROPORTIONALLY,7173,IND,1909.0568493150686,0.26614482773108444,True
NSW,108,Bradfield,OTH,5,4,ALP>LNP>GRN>IND,3,2,7173,41989,Andy Yin,IND_MINOR,CENTRE,4635,0.6461731493099122,0.6461731493099122,IND_MINOR:4635|OTH_LTP:1376|OTH_CYA:1162,CENTRE:4635|RIGHT:2538,PROPORTIONAL_PRIMARY_ORIGIN_PASS_THROUGH,ALL_CATEGORY_PRIMARY_VOTES_TRACED_PROPORTIONALLY,7173,LNP,2380.3457436399217,0.3318480055262682,True
NSW,108,Bradfield,ON,6,3,ALP>LNP>GRN>IND>OTH,1,0,1725,41891,John Manton,ON,,1725,1.0,1.0,ON:1725,UNSPECIFIED:1725,OBSERVED_LAST_SURVIVOR_EXIT,LAST_SURVIVOR_TALLY_AT_CATEGORY_EXIT,2555,ALP,158.0,0.06183953033268102,False
NSW,108,Bradfield,ON,6,3,ALP>LNP>GRN>IND>OTH,1,0,1725,41891,John Manton,ON,,1725,1.0,1.0,ON:1725,UNSPECIFIED:1725,OBSERVED_LAST_SURVIVOR_EXIT,LAST_SURVIVOR_TALLY_AT_CATEGORY_EXIT,2555,GRN,109.0,0.0426614481409002,False
NSW,108,Bradfield,ON,6,3,ALP>LNP>GRN>IND>OTH,1,0,1725,41891,John Manton,ON,,1725,1.0,1.0,ON:1725,UNSPECIFIED:1725,OBSERVED_LAST_SURVIVOR_EXIT,LAST_SURVIVOR_TALLY_AT_CATEGORY_EXIT,2555,IND,303.0,0.11859099804305284,False
NSW,108,Bradfield,ON,6,3,ALP>LNP>GRN>IND>OTH,1,0,1725,41891,John Manton,ON,,1725,1.0,1.0,ON:1725,UNSPECIFIED:1725,OBSERVED_LAST_SURVIVOR_EXIT,LAST_SURVIVOR_TALLY_AT_CATEGORY_EXIT,2555,LNP,1532.0,0.5996086105675147,False
NSW,108,Bradfield,ON,6,3,ALP>LNP>GRN>IND>OTH,1,0,1725,41891,John Manton,ON,,1725,1.0,1.0,ON:1725,UNSPECIFIED:1725,OBSERVED_LAST_SURVIVOR_EXIT,LAST_SURVIVOR_TALLY_AT_CATEGORY_EXIT,2555,OTH,453.0,0.17729941291585127,False
NSW,108,Bradfield,ON,6,3,ALP>LNP>GRN>IND>OTH,1,0,1725,41891,John Manton,ON,,1725,1.0,1.0,ON:1725,UNSPECIFIED:1725,PROPORTIONAL_PRIMARY_ORIGIN_PASS_THROUGH,ALL_CATEGORY_PRIMARY_VOTES_TRACED_PROPORTIONALLY,1725,ALP,106.67318982387475,0.06183953033268101,True
NSW,108,Bradfield,ON,6,3,ALP>LNP>GRN>IND>OTH,1,0,1725,41891,John Manton,ON,,1725,1.0,1.0,ON:1725,UNSPECIFIED:1725,PROPORTIONAL_PRIMARY_ORIGIN_PASS_THROUGH,ALL_CATEGORY_PRIMARY_VOTES_TRACED_PROPORTIONALLY,1725,GRN,73.59099804305285,0.042661448140900206,True
NSW,108,Bradfield,ON,6,3,ALP>LNP>GRN>IND>OTH,1,0,1725,41891,John Manton,ON,,1725,1.0,1.0,ON:1725,UNSPECIFIED:1725,PROPORTIONAL_PRIMARY_ORIGIN_PASS_THROUGH,ALL_CATEGORY_PRIMARY_VOTES_TRACED_PROPORTIONALLY,1725,IND,204.56947162426616,0.11859099804305284,True
NSW,108,Bradfield,ON,6,3,ALP>LNP>GRN>IND>OTH,1,0,1725,41891,John Manton,ON,,1725,1.0,1.0,ON:1725,UNSPECIFIED:1725,PROPORTIONAL_PRIMARY_ORIGIN_PASS_THROUGH,ALL_CATEGORY_PRIMARY_VOTES_TRACED_PROPORTIONALLY,1725,LNP,1034.3248532289629,0.5996086105675147,True
NSW,108,Bradfield,ON,6,3,ALP>LNP>GRN>IND>OTH,1,0,1725,41891,John Manton,ON,,1725,1.0,1.0,ON:1725,UNSPECIFIED:1725,PROPORTIONAL_PRIMARY_ORIGIN_PASS_THROUGH,ALL_CATEGORY_PRIMARY_VOTES_TRACED_PROPORTIONALLY,1725,OTH,305.8414872798434,0.17729941291585125,True
NSW,109,Calare,ALP,3,7,LNP>IND,1,0,11086,41345,Julie Cunningham,ALP,,11086,1.0,1.0,ALP:11086,UNSPECIFIED:11086,OBSERVED_LAST_SURVIVOR_EXIT,LAST_SURVIVOR_TALLY_AT_CATEGORY_EXIT,14114,IND,12038.0,0.8529120022672524,False
NSW,109,Calare,ALP,3,7,LNP>IND,1,0,11086,41345,Julie Cunningham,ALP,,11086,1.0,1.0,ALP:11086,UNSPECIFIED:11086,OBSERVED_LAST_SURVIVOR_EXIT,LAST_SURVIVOR_TALLY_AT_CATEGORY_EXIT,14114,LNP,2076.0,0.14708799773274764,False
NSW,109,Calare,ALP,3,7,LNP>IND,1,0,11086,41345,Julie Cunningham,ALP,,11086,1.0,1.0,ALP:11086,UNSPECIFIED:11086,PROPORTIONAL_PRIMARY_ORIGIN_PASS_THROUGH,ALL_CATEGORY_PRIMARY_VOTES_TRACED_PROPORTIONALLY,11086,IND,9455.38245713476,0.8529120022672524,True
NSW,109,Calare,ALP,3,7,LNP>IND,1,0,11086,41345,Julie Cunningham,ALP,,11086,1.0,1.0,ALP:11086,UNSPECIFIED:11086,PROPORTIONAL_PRIMARY_ORIGIN_PASS_THROUGH,ALL_CATEGORY_PRIMARY_VOTES_TRACED_PROPORTIONALLY,11086,LNP,1630.6175428652402,0.14708799773274764,True
NSW,109,Calare,ON,4,6,ALP>LNP>IND,1,0,8200,41902,Jennifer Hughes,ON,,8200,1.0,1.0,ON:8200,UNSPECIFIED:8200,OBSERVED_LAST_SURVIVOR_EXIT,LAST_SURVIVOR_TALLY_AT_CATEGORY_EXIT,11797,ALP,711.0,0.06026956005764177,False
NSW,109,Calare,ON,4,6,ALP>LNP>IND,1,0,8200,41902,Jennifer Hughes,ON,,8200,1.0,1.0,ON:8200,UNSPECIFIED:8200,OBSERVED_LAST_SURVIVOR_EXIT,LAST_SURVIVOR_TALLY_AT_CATEGORY_EXIT,11797,IND,6063.0,0.5139442231075697,False
NSW,109,Calare,ON,4,6,ALP>LNP>IND,1,0,8200,41902,Jennifer Hughes,ON,,8200,1.0,1.0,ON:8200,UNSPECIFIED:8200,OBSERVED_LAST_SURVIVOR_EXIT,LAST_SURVIVOR_TALLY_AT_CATEGORY_EXIT,11797,LNP,5023.0,0.4257862168347885,False
NSW,109,Calare,ON,4,6,ALP>LNP>IND,1,0,8200,41902,Jennifer Hughes,ON,,8200,1.0,1.0,ON:8200,UNSPECIFIED:8200,PROPORTIONAL_PRIMARY_ORIGIN_PASS_THROUGH,ALL_CATEGORY_PRIMARY_VOTES_TRACED_PROPORTIONALLY,8200,ALP,494.21039247266253,0.06026956005764177,True
NSW,109,Calare,ON,4,6,ALP>LNP>IND,1,0,8200,41902,Jennifer Hughes,ON,,8200,1.0,1.0,ON:8200,UNSPECIFIED:8200,PROPORTIONAL_PRIMARY_ORIGIN_PASS_THROUGH,ALL_CATEGORY_PRIMARY_VOTES_TRACED_PROPORTIONALLY,8200,IND,4214.342629482072,0.5139442231075697,True
NSW,109,Calare,ON,4,6,ALP>LNP>IND,1,0,8200,41902,Jennifer Hughes,ON,,8200,1.0,1.0,ON:8200,UNSPECIFIED:8200,PROPORTIONAL_PRIMARY_ORIGIN_PASS_THROUGH,ALL_CATEGORY_PRIMARY_VOTES_TRACED_PROPORTIONALLY,8200,LNP,3491.446978045266,0.4257862168347885,True
NSW,109,Calare,OTH,5,5,ALP>LNP>ON>IND,4,3,9723,41931,Sue Raye,OTH_HMP,CENTRE_LEFT,4162,0.42805718399670883,0.42805718399670883,OTH_HMP:4162|OTH_ASP:2245|OTH_FFPA:1733|OTH_CYA:1583,CENTRE_LEFT:4162|RIGHT:3316|CENTRE_RIGHT:2245,OBSERVED_LAST_SURVIVOR_EXIT,LAST_SURVIVOR_TALLY_AT_CATEGORY_EXIT,5739,ALP,929.0,0.16187489109600975,False
NSW,109,Calare,OTH,5,5,ALP>LNP>ON>IND,4,3,9723,41931,Sue Raye,OTH_HMP,CENTRE_LEFT,4162,0.42805718399670883,0.42805718399670883,OTH_HMP:4162|OTH_ASP:2245|OTH_FFPA:1733|OTH_CYA:1583,CENTRE_LEFT:4162|RIGHT:3316|CENTRE_RIGHT:2245,OBSERVED_LAST_SURVIVOR_EXIT,LAST_SURVIVOR_TALLY_AT_CATEGORY_EXIT,5739,IND,2666.0,0.46454086077713885,False
NSW,109,Calare,OTH,5,5,ALP>LNP>ON>IND,4,3,9723,41931,Sue Raye,OTH_HMP,CENTRE_LEFT,4162,0.42805718399670883,0.42805718399670883,OTH_HMP:4162|OTH_ASP:2245|OTH_FFPA:1733|OTH_CYA:1583,CENTRE_LEFT:4162|RIGHT:3316|CENTRE_RIGHT:2245,OBSERVED_LAST_SURVIVOR_EXIT,LAST_SURVIVOR_TALLY_AT_CATEGORY_EXIT,5739,LNP,651.0,0.1134343962362781,False
NSW,109,Calare,OTH,5,5,ALP>LNP>ON>IND,4,3,9723,41931,Sue Raye,OTH_HMP,CENTRE_LEFT,4162,0.42805718399670883,0.42805718399670883,OTH_HMP:4162|OTH_ASP:2245|OTH_FFPA:1733|OTH_CYA:1583,CENTRE_LEFT:4162|RIGHT:3316|CENTRE_RIGHT:2245,OBSERVED_LAST_SURVIVOR_EXIT,LAST_SURVIVOR_TALLY_AT_CATEGORY_EXIT,5739,ON,1493.0,0.26014985189057327,False
NSW,109,Calare,OTH,5,5,ALP>LNP>ON>IND,4,3,9723,41931,Sue Raye,OTH_HMP,CENTRE_LEFT,4162,0.42805718399670883,0.42805718399670883,OTH_HMP:4162|OTH_ASP:2245|OTH_FFPA:1733|OTH_CYA:1583,CENTRE_LEFT:4162|RIGHT:3316|CENTRE_RIGHT:2245,PROPORTIONAL_PRIMARY_ORIGIN_PASS_THROUGH,ALL_CATEGORY_PRIMARY_VOTES_TRACED_PROPORTIONALLY,9723,ALP,1147.2143145313228,0.11798974745771086,True
NSW,109,Calare,OTH,5,5,ALP>LNP>ON>IND,4,3,9723,41931,Sue Raye,OTH_HMP,CENTRE_LEFT,4162,0.42805718399670883,0.42805718399670883,OTH_HMP:4162|OTH_ASP:2245|OTH_FFPA:1733|OTH_CYA:1583,CENTRE_LEFT:4162|RIGHT:3316|CENTRE_RIGHT:2245,PROPORTIONAL_PRIMARY_ORIGIN_PASS_THROUGH,ALL_CATEGORY_PRIMARY_VOTES_TRACED_PROPORTIONALLY,9723,IND,3759.871001398321,0.38669865282303,True
NSW,109,Calare,OTH,5,5,ALP>LNP>ON>IND,4,3,9723,41931,Sue Raye,OTH_HMP,CENTRE_LEFT,4162,0.42805718399670883,0.42805718399670883,OTH_HMP:4162|OTH_ASP:2245|OTH_FFPA:1733|OTH_CYA:1583,CENTRE_LEFT:4162|RIGHT:3316|CENTRE_RIGHT:2245,PROPORTIONAL_PRIMARY_ORIGIN_PASS_THROUGH,ALL_CATEGORY_PRIMARY_VOTES_TRACED_PROPORTIONALLY,9723,LNP,1540.9536085645072,0.15848540661981972,True
NSW,109,Calare,OTH,5,5,ALP>LNP>ON>IND,4,3,9723,41931,Sue Raye,OTH_HMP,CENTRE_LEFT,4162,0.42805718399670883,0.42805718399670883,OTH_HMP:4162|OTH_ASP:2245|OTH_FFPA:1733|OTH_CYA:1583,CENTRE_LEFT:4162|RIGHT:3316|CENTRE_RIGHT:2245,PROPORTIONAL_PRIMARY_ORIGIN_PASS_THROUGH,ALL_CATEGORY_PRIMARY_VOTES_TRACED_PROPORTIONALLY,9723,ON,3274.961075505849,0.33682619309943934,True
NSW,109,Calare,GRN,6,4,ALP>LNP>ON>IND>OTH,1,0,3753,41518,Ben Parker,GRN,,3753,1.0,1.0,GRN:3753,UNSPECIFIED:3753,OBSERVED_LAST_SURVIVOR_EXIT,LAST_SURVIVOR_TALLY_AT_CATEGORY_EXIT,3926,ALP,1090.0,0.27763627101375443,False
NSW,109,Calare,GRN,6,4,ALP>LNP>ON>IND>OTH,1,0,3753,41518,Ben Parker,GRN,,3753,1.0,1.0,GRN:3753,UNSPECIFIED:3753,OBSERVED_LAST_SURVIVOR_EXIT,LAST_SURVIVOR_TALLY_AT_CATEGORY_EXIT,3926,IND,1740.0,0.4431991849210392,False
NSW,109,Calare,GRN,6,4,ALP>LNP>ON>IND>OTH,1,0,3753,41518,Ben Parker,GRN,,3753,1.0,1.0,GRN:3753,UNSPECIFIED:3753,OBSERVED_LAST_SURVIVOR_EXIT,LAST_SURVIVOR_TALLY_AT_CATEGORY_EXIT,3926,LNP,148.0,0.03769740193581253,False
NSW,109,Calare,GRN,6,4,ALP>LNP>ON>IND>OTH,1,0,3753,41518,Ben Parker,GRN,,3753,1.0,1.0,GRN:3753,UNSPECIFIED:3753,OBSERVED_LAST_SURVIVOR_EXIT,LAST_SURVIVOR_TALLY_AT_CATEGORY_EXIT,3926,ON,122.0,0.03107488537952114,False
NSW,109,Calare,GRN,6,4,ALP>LNP>ON>IND>OTH,1,0,3753,41518,Ben Parker,GRN,,3753,1.0,1.0,GRN:3753,UNSPECIFIED:3753,OBSERVED_LAST_SURVIVOR_EXIT,LAST_SURVIVOR_TALLY_AT_CATEGORY_EXIT,3926,OTH,826.0,0.21039225674987264,False
NSW,109,Calare,GRN,6,4,ALP>LNP>ON>IND>OTH,1,0,3753,41518,Ben Parker,GRN,,3753,1.0,1.0,GRN:3753,UNSPECIFIED:3753,PROPORTIONAL_PRIMARY_ORIGIN_PASS_THROUGH,ALL_CATEGORY_PRIMARY_VOTES_TRACED_PROPORTIONALLY,3753,ALP,1041.9689251146203,0.27763627101375443,True
NSW,109,Calare,GRN,6,4,ALP>LNP>ON>IND>OTH,1,0,3753,41518,Ben Parker,GRN,,3753,1.0,1.0,GRN:3753,UNSPECIFIED:3753,PROPORTIONAL_PRIMARY_ORIGIN_PASS_THROUGH,ALL_CATEGORY_PRIMARY_VOTES_TRACED_PROPORTIONALLY,3753,IND,1663.3265410086601,0.4431991849210392,True
NSW,109,Calare,GRN,6,4,ALP>LNP>ON>IND>OTH,1,0,3753,41518,Ben Parker,GRN,,3753,1.0,1.0,GRN:3753,UNSPECIFIED:3753,PROPORTIONAL_PRIMARY_ORIGIN_PASS_THROUGH,ALL_CATEGORY_PRIMARY_VOTES_TRACED_PROPORTIONALLY,3753,LNP,141.47834946510443,0.03769740193581253,True
NSW,109,Calare,GRN,6,4,ALP>LNP>ON>IND>OTH,1,0,3753,41518,Ben Parker,GRN,,3753,1.0,1.0,GRN:3753,UNSPECIFIED:3753,PROPORTIONAL_PRIMARY_ORIGIN_PASS_THROUGH,ALL_CATEGORY_PRIMARY_VOTES_TRACED_PROPORTIONALLY,3753,ON,116.62404482934284,0.03107488537952114,True
NSW,109,Calare,GRN,6,4,ALP>LNP>ON>IND>OTH,1,0,3753,41518,Ben Parker,GRN,,3753,1.0,1.0,GRN:3753,UNSPECIFIED:3753,PROPORTIONAL_PRIMARY_ORIGIN_PASS_THROUGH,ALL_CATEGORY_PRIMARY_VOTES_TRACED_PROPORTIONALLY,3753,OTH,789.602139582272,0.21039225674987264,True
NSW,111,Chifley,GRN,3,6,ALP>LNP,1,0,8724,41527,Sukhjinder Pal Singh,GRN,,8724,1.0,1.0,GRN:8724,UNSPECIFIED:8724,OBSERVED_LAST_SURVIVOR_EXIT,LAST_SURVIVOR_TALLY_AT_CATEGORY_EXIT,13891,ALP,10990.0,0.7911597437189547,False
NSW,111,Chifley,GRN,3,6,ALP>LNP,1,0,8724,41527,Sukhjinder Pal Singh,GRN,,8724,1.0,1.0,GRN:8724,UNSPECIFIED:8724,OBSERVED_LAST_SURVIVOR_EXIT,LAST_SURVIVOR_TALLY_AT_CATEGORY_EXIT,13891,LNP,2901.0,0.20884025628104527,False
NSW,111,Chifley,GRN,3,6,ALP>LNP,1,0,8724,41527,Sukhjinder Pal Singh,GRN,,8724,1.0,1.0,GRN:8724,UNSPECIFIED:8724,PROPORTIONAL_PRIMARY_ORIGIN_PASS_THROUGH,ALL_CATEGORY_PRIMARY_VOTES_TRACED_PROPORTIONALLY,8724,ALP,6902.077604204161,0.7911597437189547,True
NSW,111,Chifley,GRN,3,6,ALP>LNP,1,0,8724,41527,Sukhjinder Pal Singh,GRN,,8724,1.0,1.0,GRN:8724,UNSPECIFIED:8724,PROPORTIONAL_PRIMARY_ORIGIN_PASS_THROUGH,ALL_CATEGORY_PRIMARY_VOTES_TRACED_PROPORTIONALLY,8724,LNP,1821.922395795839,0.20884025628104527,True
NSW,111,Chifley,ON,4,5,ALP>LNP>GRN,1,0,5338,41906,Tony Nikolic,ON,,5338,1.0,1.0,ON:5338,UNSPECIFIED:5338,OBSERVED_LAST_SURVIVOR_EXIT,LAST_SURVIVOR_TALLY_AT_CATEGORY_EXIT,8183,ALP,1825.0,0.22302334107295613,False
NSW,111,Chifley,ON,4,5,ALP>LNP>GRN,1,0,5338,41906,Tony Nikolic,ON,,5338,1.0,1.0,ON:5338,UNSPECIFIED:5338,OBSERVED_LAST_SURVIVOR_EXIT,LAST_SURVIVOR_TALLY_AT_CATEGORY_EXIT,8183,GRN,1729.0,0.21129170230966637,False
NSW,111,Chifley,ON,4,5,ALP>LNP>GRN,1,0,5338,41906,Tony Nikolic,ON,,5338,1.0,1.0,ON:5338,UNSPECIFIED:5338,OBSERVED_LAST_SURVIVOR_EXIT,LAST_SURVIVOR_TALLY_AT_CATEGORY_EXIT,8183,LNP,4629.0,0.5656849566173775,False
NSW,111,Chifley,ON,4,5,ALP>LNP>GRN,1,0,5338,41906,Tony Nikolic,ON,,5338,1.0,1.0,ON:5338,UNSPECIFIED:5338,PROPORTIONAL_PRIMARY_ORIGIN_PASS_THROUGH,ALL_CATEGORY_PRIMARY_VOTES_TRACED_PROPORTIONALLY,5338,ALP,1190.4985946474399,0.22302334107295613,True
NSW,111,Chifley,ON,4,5,ALP>LNP>GRN,1,0,5338,41906,Tony Nikolic,ON,,5338,1.0,1.0,ON:5338,UNSPECIFIED:5338,PROPORTIONAL_PRIMARY_ORIGIN_PASS_THROUGH,ALL_CATEGORY_PRIMARY_VOTES_TRACED_PROPORTIONALLY,5338,GRN,1127.875106928999,0.21129170230966635,True
NSW,111,Chifley,ON,4,5,ALP>LNP>GRN,1,0,5338,41906,Tony Nikolic,ON,,5338,1.0,1.0,ON:5338,UNSPECIFIED:5338,PROPORTIONAL_PRIMARY_ORIGIN_PASS_THROUGH,ALL_CATEGORY_PRIMARY_VOTES_TRACED_PROPORTIONALLY,5338,LNP,3019.626298423561,0.5656849566173775,True
NSW,111,Chifley,OTH,5,4,ALP>LNP>GRN>ON,4,3,10661,41791,Jamie Green,OTH_FFPA,RIGHT,5336,0.5005158990713817,0.5005158990713817,OTH_FFPA:5336|OTH_CYA:2237|OTH_AJP:1569|IND_MINOR:1519,RIGHT:7573|CENTRE_LEFT:3088,OBSERVED_LAST_SURVIVOR_EXIT,LAST_SURVIVOR_TALLY_AT_CATEGORY_EXIT,6713,ALP,1559.0,0.23223596007746164,False
NSW,111,Chifley,OTH,5,4,ALP>LNP>GRN>ON,4,3,10661,41791,Jamie Green,OTH_FFPA,RIGHT,5336,0.5005158990713817,0.5005158990713817,OTH_FFPA:5336|OTH_CYA:2237|OTH_AJP:1569|IND_MINOR:1519,RIGHT:7573|CENTRE_LEFT:3088,OBSERVED_LAST_SURVIVOR_EXIT,LAST_SURVIVOR_TALLY_AT_CATEGORY_EXIT,6713,GRN,2676.0,0.39862952480262176,False
NSW,111,Chifley,OTH,5,4,ALP>LNP>GRN>ON,4,3,10661,41791,Jamie Green,OTH_FFPA,RIGHT,5336,0.5005158990713817,0.5005158990713817,OTH_FFPA:5336|OTH_CYA:2237|OTH_AJP:1569|IND_MINOR:1519,RIGHT:7573|CENTRE_LEFT:3088,OBSERVED_LAST_SURVIVOR_EXIT,LAST_SURVIVOR_TALLY_AT_CATEGORY_EXIT,6713,LNP,1152.0,0.17160732906301207,False
NSW,111,Chifley,OTH,5,4,ALP>LNP>GRN>ON,4,3,10661,41791,Jamie Green,OTH_FFPA,RIGHT,5336,0.5005158990713817,0.5005158990713817,OTH_FFPA:5336|OTH_CYA:2237|OTH_AJP:1569|IND_MINOR:1519,RIGHT:7573|CENTRE_LEFT:3088,OBSERVED_LAST_SURVIVOR_EXIT,LAST_SURVIVOR_TALLY_AT_CATEGORY_EXIT,6713,ON,1326.0,0.1975271860569045,False
NSW,111,Chifley,OTH,5,4,ALP>LNP>GRN>ON,4,3,10661,41791,Jamie Green,OTH_FFPA,RIGHT,5336,0.5005158990713817,0.5005158990713817,OTH_FFPA:5336|OTH_CYA:2237|OTH_AJP:1569|IND_MINOR:1519,RIGHT:7573|CENTRE_LEFT:3088,PROPORTIONAL_PRIMARY_ORIGIN_PASS_THROUGH,ALL_CATEGORY_PRIMARY_VOTES_TRACED_PROPORTIONALLY,10661,ALP,2547.0,0.23890816996529407,True
NSW,111,Chifley,OTH,5,4,ALP>LNP>GRN>ON,4,3,10661,41791,Jamie Green,OTH_FFPA,RIGHT,5336,0.5005158990713817,0.5005158990713817,OTH_FFPA:5336|OTH_CYA:2237|OTH_AJP:1569|IND_MINOR:1519,RIGHT:7573|CENTRE_LEFT:3088,PROPORTIONAL_PRIMARY_ORIGIN_PASS_THROUGH,ALL_CATEGORY_PRIMARY_VOTES_TRACED_PROPORTIONALLY,10661,GRN,3437.9999999999995,0.3224838195291248,True
NSW,111,Chifley,OTH,5,4,ALP>LNP>GRN>ON,4,3,10661,41791,Jamie Green,OTH_FFPA,RIGHT,5336,0.5005158990713817,0.5005158990713817,OTH_FFPA:5336|OTH_CYA:2237|OTH_AJP:1569|IND_MINOR:1519,RIGHT:7573|CENTRE_LEFT:3088,PROPORTIONAL_PRIMARY_ORIGIN_PASS_THROUGH,ALL_CATEGORY_PRIMARY_VOTES_TRACED_PROPORTIONALLY,10661,LNP,1831.0,0.17174749085451646,True
NSW,111,Chifley,OTH,5,4,ALP>LNP>GRN>ON,4,3,10661,41791,Jamie Green,OTH_FFPA,RIGHT,5336,0.5005158990713817,0.5005158990713817,OTH_FFPA:5336|OTH_CYA:2237|OTH_AJP:1569|IND_MINOR:1519,RIGHT:7573|CENTRE_LEFT:3088,PROPORTIONAL_PRIMARY_ORIGIN_PASS_THROUGH,ALL_CATEGORY_PRIMARY_VOTES_TRACED_PROPORTIONALLY,10661,ON,2845.0,0.2668605196510646,True
NSW,112,Cook,GRN,3,4,ALP>LNP,1,0,10575,41548,Martin Moore,GRN,,10575,1.0,1.0,GRN:10575,UNSPECIFIED:10575,OBSERVED_LAST_SURVIVOR_EXIT,LAST_SURVIVOR_TALLY_AT_CATEGORY_EXIT,12561,ALP,10259.0,0.8167343364381817,False
NSW,112,Cook,GRN,3,4,ALP>LNP,1,0,10575,41548,Martin Moore,GRN,,10575,1.0,1.0,GRN:10575,UNSPECIFIED:10575,OBSERVED_LAST_SURVIVOR_EXIT,LAST_SURVIVOR_TALLY_AT_CATEGORY_EXIT,12561,LNP,2302.0,0.18326566356181834,False
NSW,112,Cook,GRN,3,4,ALP>LNP,1,0,10575,41548,Martin Moore,GRN,,10575,1.0,1.0,GRN:10575,UNSPECIFIED:10575,PROPORTIONAL_PRIMARY_ORIGIN_PASS_THROUGH,ALL_CATEGORY_PRIMARY_VOTES_TRACED_PROPORTIONALLY,10575,ALP,8636.965607833772,0.8167343364381817,True
NSW,112,Cook,GRN,3,4,ALP>LNP,1,0,10575,41548,Martin Moore,GRN,,10575,1.0,1.0,GRN:10575,UNSPECIFIED:10575,PROPORTIONAL_PRIMARY_ORIGIN_PASS_THROUGH,ALL_CATEGORY_PRIMARY_VOTES_TRACED_PROPORTIONALLY,10575,LNP,1938.0343921662288,0.18326566356181834,True
NSW,112,Cook,ON,4,3,ALP>LNP>GRN,1,0,4638,41913,Mark Preston,ON,,4638,1.0,1.0,ON:4638,UNSPECIFIED:4638,OBSERVED_LAST_SURVIVOR_EXIT,LAST_SURVIVOR_TALLY_AT_CATEGORY_EXIT,7484,ALP,946.0,0.12640299305184394,False
NSW,112,Cook,ON,4,3,ALP>LNP>GRN,1,0,4638,41913,Mark Preston,ON,,4638,1.0,1.0,ON:4638,UNSPECIFIED:4638,OBSERVED_LAST_SURVIVOR_EXIT,LAST_SURVIVOR_TALLY_AT_CATEGORY_EXIT,7484,GRN,1282.0,0.1712987707108498,False
NSW,112,Cook,ON,4,3,ALP>LNP>GRN,1,0,4638,41913,Mark Preston,ON,,4638,1.0,1.0,ON:4638,UNSPECIFIED:4638,OBSERVED_LAST_SURVIVOR_EXIT,LAST_SURVIVOR_TALLY_AT_CATEGORY_EXIT,7484,LNP,5256.0,0.7022982362373063,False
NSW,112,Cook,ON,4,3,ALP>LNP>GRN,1,0,4638,41913,Mark Preston,ON,,4638,1.0,1.0,ON:4638,UNSPECIFIED:4638,PROPORTIONAL_PRIMARY_ORIGIN_PASS_THROUGH,ALL_CATEGORY_PRIMARY_VOTES_TRACED_PROPORTIONALLY,4638,ALP,586.2570817744522,0.12640299305184394,True
NSW,112,Cook,ON,4,3,ALP>LNP>GRN,1,0,4638,41913,Mark Preston,ON,,4638,1.0,1.0,ON:4638,UNSPECIFIED:4638,PROPORTIONAL_PRIMARY_ORIGIN_PASS_THROUGH,ALL_CATEGORY_PRIMARY_VOTES_TRACED_PROPORTIONALLY,4638,GRN,794.4836985569215,0.1712987707108498,True
NSW,112,Cook,ON,4,3,ALP>LNP>GRN,1,0,4638,41913,Mark Preston,ON,,4638,1.0,1.0,ON:4638,UNSPECIFIED:4638,PROPORTIONAL_PRIMARY_ORIGIN_PASS_THROUGH,ALL_CATEGORY_PRIMARY_VOTES_TRACED_PROPORTIONALLY,4638,LNP,3257.2592196686264,0.7022982362373063,True
NSW,112,Cook,OTH,5,2,ALP>LNP>GRN>ON,2,1,6556,41788,Natalie Fuller,OTH_FFPA,RIGHT,3310,0.5048810250152532,0.5048810250152532,OTH_FFPA:3310|OTH_CYA:3246,RIGHT:6556,OBSERVED_LAST_SURVIVOR_EXIT,LAST_SURVIVOR_TALLY_AT_CATEGORY_EXIT,3848,ALP,523.0,0.1359147609147609,False
NSW,112,Cook,OTH,5,2,ALP>LNP>GRN>ON,2,1,6556,41788,Natalie Fuller,OTH_FFPA,RIGHT,3310,0.5048810250152532,0.5048810250152532,OTH_FFPA:3310|OTH_CYA:3246,RIGHT:6556,OBSERVED_LAST_SURVIVOR_EXIT,LAST_SURVIVOR_TALLY_AT_CATEGORY_EXIT,3848,GRN,476.0,0.12370062370062371,False
NSW,112,Cook,OTH,5,2,ALP>LNP>GRN>ON,2,1,6556,41788,Natalie Fuller,OTH_FFPA,RIGHT,3310,0.5048810250152532,0.5048810250152532,OTH_FFPA:3310|OTH_CYA:3246,RIGHT:6556,OBSERVED_LAST_SURVIVOR_EXIT,LAST_SURVIVOR_TALLY_AT_CATEGORY_EXIT,3848,LNP,1289.0,0.33497920997921,False
NSW,112,Cook,OTH,5,2,ALP>LNP>GRN>ON,2,1,6556,41788,Natalie Fuller,OTH_FFPA,RIGHT,3310,0.5048810250152532,0.5048810250152532,OTH_FFPA:3310|OTH_CYA:3246,RIGHT:6556,OBSERVED_LAST_SURVIVOR_EXIT,LAST_SURVIVOR_TALLY_AT_CATEGORY_EXIT,3848,ON,1560.0,0.40540540540540543,False
NSW,112,Cook,OTH,5,2,ALP>LNP>GRN>ON,2,1,6556,41788,Natalie Fuller,OTH_FFPA,RIGHT,3310,0.5048810250152532,0.5048810250152532,OTH_FFPA:3310|OTH_CYA:3246,RIGHT:6556,PROPORTIONAL_PRIMARY_ORIGIN_PASS_THROUGH,ALL_CATEGORY_PRIMARY_VOTES_TRACED_PROPORTIONALLY,6556,ALP,851.0,0.12980475899938987,True
NSW,112,Cook,OTH,5,2,ALP>LNP>GRN>ON,2,1,6556,41788,Natalie Fuller,OTH_FFPA,RIGHT,3310,0.5048810250152532,0.5048810250152532,OTH_FFPA:3310|OTH_CYA:3246,RIGHT:6556,PROPORTIONAL_PRIMARY_ORIGIN_PASS_THROUGH,ALL_CATEGORY_PRIMARY_VOTES_TRACED_PROPORTIONALLY,6556,GRN,704.0,0.10738255033557047,True
NSW,112,Cook,OTH,5,2,ALP>LNP>GRN>ON,2,1,6556,41788,Natalie Fuller,OTH_FFPA,RIGHT,3310,0.5048810250152532,0.5048810250152532,OTH_FFPA:3310|OTH_CYA:3246,RIGHT:6556,PROPORTIONAL_PRIMARY_ORIGIN_PASS_THROUGH,ALL_CATEGORY_PRIMARY_VOTES_TRACED_PROPORTIONALLY,6556,LNP,2155.0,0.32870652837095793,True
NSW,112,Cook,OTH,5,2,ALP>LNP>GRN>ON,2,1,6556,41788,Natalie Fuller,OTH_FFPA,RIGHT,3310,0.5048810250152532,0.5048810250152532,OTH_FFPA:3310|OTH_CYA:3246,RIGHT:6556,PROPORTIONAL_PRIMARY_ORIGIN_PASS_THROUGH,ALL_CATEGORY_PRIMARY_VOTES_TRACED_PROPORTIONALLY,6556,ON,2846.0,0.4341061622940818,True
NSW,113,Cowper,ALP,3,9,LNP>IND,1,0,12713,41332,Greg Vigors,ALP,,12713,1.0,1.0,ALP:12713,UNSPECIFIED:12713,OBSERVED_LAST_SURVIVOR_EXIT,LAST_SURVIVOR_TALLY_AT_CATEGORY_EXIT,17206,IND,11109.0,0.6456468673718471,False
NSW,113,Cowper,ALP,3,9,LNP>IND,1,0,12713,41332,Greg Vigors,ALP,,12713,1.0,1.0,ALP:12713,UNSPECIFIED:12713,OBSERVED_LAST_SURVIVOR_EXIT,LAST_SURVIVOR_TALLY_AT_CATEGORY_EXIT,17206,LNP,6097.0,0.354353132628153,False
NSW,113,Cowper,ALP,3,9,LNP>IND,1,0,12713,41332,Greg Vigors,ALP,,12713,1.0,1.0,ALP:12713,UNSPECIFIED:12713,PROPORTIONAL_PRIMARY_ORIGIN_PASS_THROUGH,ALL_CATEGORY_PRIMARY_VOTES_TRACED_PROPORTIONALLY,12713,IND,8208.108624898292,0.6456468673718471,True
NSW,113,Cowper,ALP,3,9,LNP>IND,1,0,12713,41332,Greg Vigors,ALP,,12713,1.0,1.0,ALP:12713,UNSPECIFIED:12713,PROPORTIONAL_PRIMARY_ORIGIN_PASS_THROUGH,ALL_CATEGORY_PRIMARY_VOTES_TRACED_PROPORTIONALLY,12713,LNP,4504.891375101709,0.354353132628153,True
NSW,113,Cowper,ON,4,8,ALP>LNP>IND,1,0,6856,41876,Chris Walsh,ON,,6856,1.0,1.0,ON:6856,UNSPECIFIED:6856,OBSERVED_LAST_SURVIVOR_EXIT,LAST_SURVIVOR_TALLY_AT_CATEGORY_EXIT,10646,ALP,1094.0,0.10276160060116475,False
NSW,113,Cowper,ON,4,8,ALP>LNP>IND,1,0,6856,41876,Chris Walsh,ON,,6856,1.0,1.0,ON:6856,UNSPECIFIED:6856,OBSERVED_LAST_SURVIVOR_EXIT,LAST_SURVIVOR_TALLY_AT_CATEGORY_EXIT,10646,IND,2838.0,0.26657899680631225,False
NSW,113,Cowper,ON,4,8,ALP>LNP>IND,1,0,6856,41876,Chris Walsh,ON,,6856,1.0,1.0,ON:6856,UNSPECIFIED:6856,OBSERVED_LAST_SURVIVOR_EXIT,LAST_SURVIVOR_TALLY_AT_CATEGORY_EXIT,10646,LNP,6714.0,0.6306594025925231,False
NSW,113,Cowper,ON,4,8,ALP>LNP>IND,1,0,6856,41876,Chris Walsh,ON,,6856,1.0,1.0,ON:6856,UNSPECIFIED:6856,PROPORTIONAL_PRIMARY_ORIGIN_PASS_THROUGH,ALL_CATEGORY_PRIMARY_VOTES_TRACED_PROPORTIONALLY,6856,ALP,704.5335337215855,0.10276160060116475,True
NSW,113,Cowper,ON,4,8,ALP>LNP>IND,1,0,6856,41876,Chris Walsh,ON,,6856,1.0,1.0,ON:6856,UNSPECIFIED:6856,PROPORTIONAL_PRIMARY_ORIGIN_PASS_THROUGH,ALL_CATEGORY_PRIMARY_VOTES_TRACED_PROPORTIONALLY,6856,IND,1827.6656021040767,0.26657899680631225,True
NSW,113,Cowper,ON,4,8,ALP>LNP>IND,1,0,6856,41876,Chris Walsh,ON,,6856,1.0,1.0,ON:6856,UNSPECIFIED:6856,PROPORTIONAL_PRIMARY_ORIGIN_PASS_THROUGH,ALL_CATEGORY_PRIMARY_VOTES_TRACED_PROPORTIONALLY,6856,LNP,4323.800864174338,0.6306594025925231,True
NSW,113,Cowper,OTH,5,7,ALP>LNP>ON>IND,6,5,11162,41443,Megan Mathew,OTH_HMP,CENTRE_LEFT,5210,0.4667622289912202,0.4667622289912202,OTH_HMP:5210|OTH_FFPA:1851|OTH_CYA:1551|OTH_LTP:1403|IND_MINOR:892|OTH_SOPA:255,CENTRE_LEFT:5210|RIGHT:4805|CENTRE:892|LEFT:255,OBSERVED_LAST_SURVIVOR_EXIT,LAST_SURVIVOR_TALLY_AT_CATEGORY_EXIT,6717,ALP,1814.0,0.2700610391543844,False
NSW,113,Cowper,OTH,5,7,ALP>LNP>ON>IND,6,5,11162,41443,Megan Mathew,OTH_HMP,CENTRE_LEFT,5210,0.4667622289912202,0.4667622289912202,OTH_HMP:5210|OTH_FFPA:1851|OTH_CYA:1551|OTH_LTP:1403|IND_MINOR:892|OTH_SOPA:255,CENTRE_LEFT:5210|RIGHT:4805|CENTRE:892|LEFT:255,OBSERVED_LAST_SURVIVOR_EXIT,LAST_SURVIVOR_TALLY_AT_CATEGORY_EXIT,6717,IND,2156.0,0.32097662647015035,False
NSW,113,Cowper,OTH,5,7,ALP>LNP>ON>IND,6,5,11162,41443,Megan Mathew,OTH_HMP,CENTRE_LEFT,5210,0.4667622289912202,0.4667622289912202,OTH_HMP:5210|OTH_FFPA:1851|OTH_CYA:1551|OTH_LTP:1403|IND_MINOR:892|OTH_SOPA:255,CENTRE_LEFT:5210|RIGHT:4805|CENTRE:892|LEFT:255,OBSERVED_LAST_SURVIVOR_EXIT,LAST_SURVIVOR_TALLY_AT_CATEGORY_EXIT,6717,LNP,1473.0,0.21929432782492184,False
NSW,113,Cowper,OTH,5,7,ALP>LNP>ON>IND,6,5,11162,41443,Megan Mathew,OTH_HMP,CENTRE_LEFT,5210,0.4667622289912202,0.4667622289912202,OTH_HMP:5210|OTH_FFPA:1851|OTH_CYA:1551|OTH_LTP:1403|IND_MINOR:892|OTH_SOPA:255,CENTRE_LEFT:5210|RIGHT:4805|CENTRE:892|LEFT:255,OBSERVED_LAST_SURVIVOR_EXIT,LAST_SURVIVOR_TALLY_AT_CATEGORY_EXIT,6717,ON,1274.0,0.1896680065505434,False
NSW,113,Cowper,OTH,5,7,ALP>LNP>ON>IND,6,5,11162,41443,Megan Mathew,OTH_HMP,CENTRE_LEFT,5210,0.4667622289912202,0.4667622289912202,OTH_HMP:5210|OTH_FFPA:1851|OTH_CYA:1551|OTH_LTP:1403|IND_MINOR:892|OTH_SOPA:255,CENTRE_LEFT:5210|RIGHT:4805|CENTRE:892|LEFT:255,PROPORTIONAL_PRIMARY_ORIGIN_PASS_THROUGH,ALL_CATEGORY_PRIMARY_VOTES_TRACED_PROPORTIONALLY,11162,ALP,2156.8842885773724,0.19323457163388036,True
NSW,113,Cowper,OTH,5,7,ALP>LNP>ON>IND,6,5,11162,41443,Megan Mathew,OTH_HMP,CENTRE_LEFT,5210,0.4667622289912202,0.4667622289912202,OTH_HMP:5210|OTH_FFPA:1851|OTH_CYA:1551|OTH_LTP:1403|IND_MINOR:892|OTH_SOPA:255,CENTRE_LEFT:5210|RIGHT:4805|CENTRE:892|LEFT:255,PROPORTIONAL_PRIMARY_ORIGIN_PASS_THROUGH,ALL_CATEGORY_PRIMARY_VOTES_TRACED_PROPORTIONALLY,11162,IND,2933.993342804167,0.26285552255905453,True
NSW,113,Cowper,OTH,5,7,ALP>LNP>ON>IND,6,5,11162,41443,Megan Mathew,OTH_HMP,CENTRE_LEFT,5210,0.4667622289912202,0.4667622289912202,OTH_HMP:5210|OTH_FFPA:1851|OTH_CYA:1551|OTH_LTP:1403|IND_MINOR:892|OTH_SOPA:255,CENTRE_LEFT:5210|RIGHT:4805|CENTRE:892|LEFT:255,PROPORTIONAL_PRIMARY_ORIGIN_PASS_THROUGH,ALL_CATEGORY_PRIMARY_VOTES_TRACED_PROPORTIONALLY,11162,LNP,2561.4662423169466,0.22948093910741324,True
NSW,113,Cowper,OTH,5,7,ALP>LNP>ON>IND,6,5,11162,41443,Megan Mathew,OTH_HMP,CENTRE_LEFT,5210,0.4667622289912202,0.4667622289912202,OTH_HMP:5210|OTH_FFPA:1851|OTH_CYA:1551|OTH_LTP:1403|IND_MINOR:892|OTH_SOPA:255,CENTRE_LEFT:5210|RIGHT:4805|CENTRE:892|LEFT:255,PROPORTIONAL_PRIMARY_ORIGIN_PASS_THROUGH,ALL_CATEGORY_PRIMARY_VOTES_TRACED_PROPORTIONALLY,11162,ON,3509.656126301514,0.31442896669965187,True
NSW,113,Cowper,GRN,6,6,ALP>LNP>ON>IND>OTH,1,0,4552,41528,Wendy Firefly,GRN,,4552,1.0,1.0,GRN:4552,UNSPECIFIED:4552,OBSERVED_LAST_SURVIVOR_EXIT,LAST_SURVIVOR_TALLY_AT_CATEGORY_EXIT,4901,ALP,1124.0,0.22934095082636197,False
NSW,113,Cowper,GRN,6,6,ALP>LNP>ON>IND>OTH,1,0,4552,41528,Wendy Firefly,GRN,,4552,1.0,1.0,GRN:4552,UNSPECIFIED:4552,OBSERVED_LAST_SURVIVOR_EXIT,LAST_SURVIVOR_TALLY_AT_CATEGORY_EXIT,4901,IND,2577.0,0.5258110589675576,False
NSW,113,Cowper,GRN,6,6,ALP>LNP>ON>IND>OTH,1,0,4552,41528,Wendy Firefly,GRN,,4552,1.0,1.0,GRN:4552,UNSPECIFIED:4552,OBSERVED_LAST_SURVIVOR_EXIT,LAST_SURVIVOR_TALLY_AT_CATEGORY_EXIT,4901,LNP,258.0,0.05264231789430728,False
NSW,113,Cowper,GRN,6,6,ALP>LNP>ON>IND>OTH,1,0,4552,41528,Wendy Firefly,GRN,,4552,1.0,1.0,GRN:4552,UNSPECIFIED:4552,OBSERVED_LAST_SURVIVOR_EXIT,LAST_SURVIVOR_TALLY_AT_CATEGORY_EXIT,4901,ON,152.0,0.03101407875943685,False
NSW,113,Cowper,GRN,6,6,ALP>LNP>ON>IND>OTH,1,0,4552,41528,Wendy Firefly,GRN,,4552,1.0,1.0,GRN:4552,UNSPECIFIED:4552,OBSERVED_LAST_SURVIVOR_EXIT,LAST_SURVIVOR_TALLY_AT_CATEGORY_EXIT,4901,OTH,790.0,0.16119159355233625,False
NSW,113,Cowper,GRN,6,6,ALP>LNP>ON>IND>OTH,1,0,4552,41528,Wendy Firefly,GRN,,4552,1.0,1.0,GRN:4552,UNSPECIFIED:4552,PROPORTIONAL_PRIMARY_ORIGIN_PASS_THROUGH,ALL_CATEGORY_PRIMARY_VOTES_TRACED_PROPORTIONALLY,4552,ALP,1043.9600081615997,0.22934095082636197,True
NSW,113,Cowper,GRN,6,6,ALP>LNP>ON>IND>OTH,1,0,4552,41528,Wendy Firefly,GRN,,4552,1.0,1.0,GRN:4552,UNSPECIFIED:4552,PROPORTIONAL_PRIMARY_ORIGIN_PASS_THROUGH,ALL_CATEGORY_PRIMARY_VOTES_TRACED_PROPORTIONALLY,4552,IND,2393.4919404203224,0.5258110589675576,True
NSW,113,Cowper,GRN,6,6,ALP>LNP>ON>IND>OTH,1,0,4552,41528,Wendy Firefly,GRN,,4552,1.0,1.0,GRN:4552,UNSPECIFIED:4552,PROPORTIONAL_PRIMARY_ORIGIN_PASS_THROUGH,ALL_CATEGORY_PRIMARY_VOTES_TRACED_PROPORTIONALLY,4552,LNP,239.62783105488674,0.05264231789430728,True
NSW,113,Cowper,GRN,6,6,ALP>LNP>ON>IND>OTH,1,0,4552,41528,Wendy Firefly,GRN,,4552,1.0,1.0,GRN:4552,UNSPECIFIED:4552,PROPORTIONAL_PRIMARY_ORIGIN_PASS_THROUGH,ALL_CATEGORY_PRIMARY_VOTES_TRACED_PROPORTIONALLY,4552,ON,141.17608651295654,0.03101407875943685,True
NSW,113,Cowper,GRN,6,6,ALP>LNP>ON>IND>OTH,1,0,4552,41528,Wendy Firefly,GRN,,4552,1.0,1.0,GRN:4552,UNSPECIFIED:4552,PROPORTIONAL_PRIMARY_ORIGIN_PASS_THROUGH,ALL_CATEGORY_PRIMARY_VOTES_TRACED_PROPORTIONALLY,4552,OTH,733.7441338502347,0.16119159355233625,True
NSW,114,Cunningham,GRN,3,4,ALP>LNP,1,0,23584,41568,Jess Whittaker,GRN,,23584,1.0,1.0,GRN:23584,UNSPECIFIED:23584,OBSERVED_LAST_SURVIVOR_EXIT,LAST_SURVIVOR_TALLY_AT_CATEGORY_EXIT,27464,ALP,23402.0,0.8520972909991261,False
NSW,114,Cunningham,GRN,3,4,ALP>LNP,1,0,23584,41568,Jess Whittaker,GRN,,23584,1.0,1.0,GRN:23584,UNSPECIFIED:23584,OBSERVED_LAST_SURVIVOR_EXIT,LAST_SURVIVOR_TALLY_AT_CATEGORY_EXIT,27464,LNP,4062.0,0.14790270900087388,False
NSW,114,Cunningham,GRN,3,4,ALP>LNP,1,0,23584,41568,Jess Whittaker,GRN,,23584,1.0,1.0,GRN:23584,UNSPECIFIED:23584,PROPORTIONAL_PRIMARY_ORIGIN_PASS_THROUGH,ALL_CATEGORY_PRIMARY_VOTES_TRACED_PROPORTIONALLY,23584,ALP,20095.86251092339,0.8520972909991261,True
NSW,114,Cunningham,GRN,3,4,ALP>LNP,1,0,23584,41568,Jess Whittaker,GRN,,23584,1.0,1.0,GRN:23584,UNSPECIFIED:23584,PROPORTIONAL_PRIMARY_ORIGIN_PASS_THROUGH,ALL_CATEGORY_PRIMARY_VOTES_TRACED_PROPORTIONALLY,23584,LNP,3488.1374890766097,0.14790270900087388,True
NSW,114,Cunningham,ON,4,3,ALP>LNP>GRN,1,0,8765,41924,John Fuller,ON,,8765,1.0,1.0,ON:8765,UNSPECIFIED:8765,OBSERVED_LAST_SURVIVOR_EXIT,LAST_SURVIVOR_TALLY_AT_CATEGORY_EXIT,10090,ALP,2017.0,0.19990089197224975,False
NSW,114,Cunningham,ON,4,3,ALP>LNP>GRN,1,0,8765,41924,John Fuller,ON,,8765,1.0,1.0,ON:8765,UNSPECIFIED:8765,OBSERVED_LAST_SURVIVOR_EXIT,LAST_SURVIVOR_TALLY_AT_CATEGORY_EXIT,10090,GRN,2027.0,0.20089197224975222,False
NSW,114,Cunningham,ON,4,3,ALP>LNP>GRN,1,0,8765,41924,John Fuller,ON,,8765,1.0,1.0,ON:8765,UNSPECIFIED:8765,OBSERVED_LAST_SURVIVOR_EXIT,LAST_SURVIVOR_TALLY_AT_CATEGORY_EXIT,10090,LNP,6046.0,0.599207135777998,False
NSW,114,Cunningham,ON,4,3,ALP>LNP>GRN,1,0,8765,41924,John Fuller,ON,,8765,1.0,1.0,ON:8765,UNSPECIFIED:8765,PROPORTIONAL_PRIMARY_ORIGIN_PASS_THROUGH,ALL_CATEGORY_PRIMARY_VOTES_TRACED_PROPORTIONALLY,8765,ALP,1752.131318136769,0.19990089197224975,True
NSW,114,Cunningham,ON,4,3,ALP>LNP>GRN,1,0,8765,41924,John Fuller,ON,,8765,1.0,1.0,ON:8765,UNSPECIFIED:8765,PROPORTIONAL_PRIMARY_ORIGIN_PASS_THROUGH,ALL_CATEGORY_PRIMARY_VOTES_TRACED_PROPORTIONALLY,8765,GRN,1760.8181367690781,0.20089197224975222,True
NSW,114,Cunningham,ON,4,3,ALP>LNP>GRN,1,0,8765,41924,John Fuller,ON,,8765,1.0,1.0,ON:8765,UNSPECIFIED:8765,PROPORTIONAL_PRIMARY_ORIGIN_PASS_THROUGH,ALL_CATEGORY_PRIMARY_VOTES_TRACED_PROPORTIONALLY,8765,LNP,5252.050545094153,0.599207135777998,True
NSW,114,Cunningham,OTH,5,2,ALP>LNP>GRN>ON,2,1,4705,40878,Tim Lavers,OTH_AJP,CENTRE_LEFT,3048,0.6478214665249734,0.6478214665249734,OTH_AJP:3048|OTH_CEC:1657,CENTRE_LEFT:3048|CENTRE:1657,OBSERVED_LAST_SURVIVOR_EXIT,LAST_SURVIVOR_TALLY_AT_CATEGORY_EXIT,3409,ALP,628.0,0.18421824581988852,False
NSW,114,Cunningham,OTH,5,2,ALP>LNP>GRN>ON,2,1,4705,40878,Tim Lavers,OTH_AJP,CENTRE_LEFT,3048,0.6478214665249734,0.6478214665249734,OTH_AJP:3048|OTH_CEC:1657,CENTRE_LEFT:3048|CENTRE:1657,OBSERVED_LAST_SURVIVOR_EXIT,LAST_SURVIVOR_TALLY_AT_CATEGORY_EXIT,3409,GRN,1663.0,0.4878263420357876,False
NSW,114,Cunningham,OTH,5,2,ALP>LNP>GRN>ON,2,1,4705,40878,Tim Lavers,OTH_AJP,CENTRE_LEFT,3048,0.6478214665249734,0.6478214665249734,OTH_AJP:3048|OTH_CEC:1657,CENTRE_LEFT:3048|CENTRE:1657,OBSERVED_LAST_SURVIVOR_EXIT,LAST_SURVIVOR_TALLY_AT_CATEGORY_EXIT,3409,LNP,348.0,0.10208272220592549,False
NSW,114,Cunningham,OTH,5,2,ALP>LNP>GRN>ON,2,1,4705,40878,Tim Lavers,OTH_AJP,CENTRE_LEFT,3048,0.6478214665249734,0.6478214665249734,OTH_AJP:3048|OTH_CEC:1657,CENTRE_LEFT:3048|CENTRE:1657,OBSERVED_LAST_SURVIVOR_EXIT,LAST_SURVIVOR_TALLY_AT_CATEGORY_EXIT,3409,ON,770.0,0.22587268993839835,False
NSW,114,Cunningham,OTH,5,2,ALP>LNP>GRN>ON,2,1,4705,40878,Tim Lavers,OTH_AJP,CENTRE_LEFT,3048,0.6478214665249734,0.6478214665249734,OTH_AJP:3048|OTH_CEC:1657,CENTRE_LEFT:3048|CENTRE:1657,PROPORTIONAL_PRIMARY_ORIGIN_PASS_THROUGH,ALL_CATEGORY_PRIMARY_VOTES_TRACED_PROPORTIONALLY,4705,ALP,944.0,0.20063761955366632,True
NSW,114,Cunningham,OTH,5,2,ALP>LNP>GRN>ON,2,1,4705,40878,Tim Lavers,OTH_AJP,CENTRE_LEFT,3048,0.6478214665249734,0.6478214665249734,OTH_AJP:3048|OTH_CEC:1657,CENTRE_LEFT:3048|CENTRE:1657,PROPORTIONAL_PRIMARY_ORIGIN_PASS_THROUGH,ALL_CATEGORY_PRIMARY_VOTES_TRACED_PROPORTIONALLY,4705,GRN,1853.0,0.393836344314559,True
NSW,114,Cunningham,OTH,5,2,ALP>LNP>GRN>ON,2,1,4705,40878,Tim Lavers,OTH_AJP,CENTRE_LEFT,3048,0.6478214665249734,0.6478214665249734,OTH_AJP:3048|OTH_CEC:1657,CENTRE_LEFT:3048|CENTRE:1657,PROPORTIONAL_PRIMARY_ORIGIN_PASS_THROUGH,ALL_CATEGORY_PRIMARY_VOTES_TRACED_PROPORTIONALLY,4705,LNP,583.0,0.12391073326248672,True
NSW,114,Cunningham,OTH,5,2,ALP>LNP>GRN>ON,2,1,4705,40878,Tim Lavers,OTH_AJP,CENTRE_LEFT,3048,0.6478214665249734,0.6478214665249734,OTH_AJP:3048|OTH_CEC:1657,CENTRE_LEFT:3048|CENTRE:1657,PROPORTIONAL_PRIMARY_ORIGIN_PASS_THROUGH,ALL_CATEGORY_PRIMARY_VOTES_TRACED_PROPORTIONALLY,4705,ON,1325.0,0.281615302869288,True
NSW,115,Dobell,GRN,3,6,ALP>LNP,1,0,10647,41558,Simon George Cooper,GRN,,10647,1.0,1.0,GRN:10647,UNSPECIFIED:10647,OBSERVED_LAST_SURVIVOR_EXIT,LAST_SURVIVOR_TALLY_AT_CATEGORY_EXIT,15959,ALP,11856.0,0.7429036907074378,False
NSW,115,Dobell,GRN,3,6,ALP>LNP,1,0,10647,41558,Simon George Cooper,GRN,,10647,1.0,1.0,GRN:10647,UNSPECIFIED:10647,OBSERVED_LAST_SURVIVOR_EXIT,LAST_SURVIVOR_TALLY_AT_CATEGORY_EXIT,15959,LNP,4103.0,0.25709630929256216,False
NSW,115,Dobell,GRN,3,6,ALP>LNP,1,0,10647,41558,Simon George Cooper,GRN,,10647,1.0,1.0,GRN:10647,UNSPECIFIED:10647,PROPORTIONAL_PRIMARY_ORIGIN_PASS_THROUGH,ALL_CATEGORY_PRIMARY_VOTES_TRACED_PROPORTIONALLY,10647,ALP,7909.69559496209,0.7429036907074378,True
NSW,115,Dobell,GRN,3,6,ALP>LNP,1,0,10647,41558,Simon George Cooper,GRN,,10647,1.0,1.0,GRN:10647,UNSPECIFIED:10647,PROPORTIONAL_PRIMARY_ORIGIN_PASS_THROUGH,ALL_CATEGORY_PRIMARY_VOTES_TRACED_PROPORTIONALLY,10647,LNP,2737.3044050379094,0.25709630929256216,True
NSW,115,Dobell,ON,4,5,ALP>LNP>GRN,1,0,9040,41919,Martin Stevenson,ON,,9040,1.0,1.0,ON:9040,UNSPECIFIED:9040,OBSERVED_LAST_SURVIVOR_EXIT,LAST_SURVIVOR_TALLY_AT_CATEGORY_EXIT,12936,ALP,2603.0,0.20122139764996907,False
NSW,115,Dobell,ON,4,5,ALP>LNP>GRN,1,0,9040,41919,Martin Stevenson,ON,,9040,1.0,1.0,ON:9040,UNSPECIFIED:9040,OBSERVED_LAST_SURVIVOR_EXIT,LAST_SURVIVOR_TALLY_AT_CATEGORY_EXIT,12936,GRN,2572.0,0.19882498453927025,False
NSW,115,Dobell,ON,4,5,ALP>LNP>GRN,1,0,9040,41919,Martin Stevenson,ON,,9040,1.0,1.0,ON:9040,UNSPECIFIED:9040,OBSERVED_LAST_SURVIVOR_EXIT,LAST_SURVIVOR_TALLY_AT_CATEGORY_EXIT,12936,LNP,7761.0,0.5999536178107606,False
NSW,115,Dobell,ON,4,5,ALP>LNP>GRN,1,0,9040,41919,Martin Stevenson,ON,,9040,1.0,1.0,ON:9040,UNSPECIFIED:9040,PROPORTIONAL_PRIMARY_ORIGIN_PASS_THROUGH,ALL_CATEGORY_PRIMARY_VOTES_TRACED_PROPORTIONALLY,9040,ALP,1819.0414347557205,0.20122139764996907,True
NSW,115,Dobell,ON,4,5,ALP>LNP>GRN,1,0,9040,41919,Martin Stevenson,ON,,9040,1.0,1.0,ON:9040,UNSPECIFIED:9040,PROPORTIONAL_PRIMARY_ORIGIN_PASS_THROUGH,ALL_CATEGORY_PRIMARY_VOTES_TRACED_PROPORTIONALLY,9040,GRN,1797.377860235003,0.19882498453927025,True
NSW,115,Dobell,ON,4,5,ALP>LNP>GRN,1,0,9040,41919,Martin Stevenson,ON,,9040,1.0,1.0,ON:9040,UNSPECIFIED:9040,PROPORTIONAL_PRIMARY_ORIGIN_PASS_THROUGH,ALL_CATEGORY_PRIMARY_VOTES_TRACED_PROPORTIONALLY,9040,LNP,5423.580705009276,0.5999536178107606,True
NSW,115,Dobell,OTH,5,4,ALP>LNP>GRN>ON,4,3,10715,41933,Tim Claydon,OTH_HMP,CENTRE_LEFT,4895,0.45683621091927207,0.45683621091927207,OTH_HMP:4895|OTH_CYA:2855|OTH_AJP:1906|OTH_LTP:1059,CENTRE_LEFT:6801|RIGHT:3914,OBSERVED_LAST_SURVIVOR_EXIT,LAST_SURVIVOR_TALLY_AT_CATEGORY_EXIT,6244,ALP,1889.0,0.30253042921204354,False
NSW,115,Dobell,OTH,5,4,ALP>LNP>GRN>ON,4,3,10715,41933,Tim Claydon,OTH_HMP,CENTRE_LEFT,4895,0.45683621091927207,0.45683621091927207,OTH_HMP:4895|OTH_CYA:2855|OTH_AJP:1906|OTH_LTP:1059,CENTRE_LEFT:6801|RIGHT:3914,OBSERVED_LAST_SURVIVOR_EXIT,LAST_SURVIVOR_TALLY_AT_CATEGORY_EXIT,6244,GRN,1872.0,0.29980781550288277,False
NSW,115,Dobell,OTH,5,4,ALP>LNP>GRN>ON,4,3,10715,41933,Tim Claydon,OTH_HMP,CENTRE_LEFT,4895,0.45683621091927207,0.45683621091927207,OTH_HMP:4895|OTH_CYA:2855|OTH_AJP:1906|OTH_LTP:1059,CENTRE_LEFT:6801|RIGHT:3914,OBSERVED_LAST_SURVIVOR_EXIT,LAST_SURVIVOR_TALLY_AT_CATEGORY_EXIT,6244,LNP,667.0,0.10682254964766176,False
NSW,115,Dobell,OTH,5,4,ALP>LNP>GRN>ON,4,3,10715,41933,Tim Claydon,OTH_HMP,CENTRE_LEFT,4895,0.45683621091927207,0.45683621091927207,OTH_HMP:4895|OTH_CYA:2855|OTH_AJP:1906|OTH_LTP:1059,CENTRE_LEFT:6801|RIGHT:3914,OBSERVED_LAST_SURVIVOR_EXIT,LAST_SURVIVOR_TALLY_AT_CATEGORY_EXIT,6244,ON,1816.0,0.2908392056374119,False
NSW,115,Dobell,OTH,5,4,ALP>LNP>GRN>ON,4,3,10715,41933,Tim Claydon,OTH_HMP,CENTRE_LEFT,4895,0.45683621091927207,0.45683621091927207,OTH_HMP:4895|OTH_CYA:2855|OTH_AJP:1906|OTH_LTP:1059,CENTRE_LEFT:6801|RIGHT:3914,PROPORTIONAL_PRIMARY_ORIGIN_PASS_THROUGH,ALL_CATEGORY_PRIMARY_VOTES_TRACED_PROPORTIONALLY,10715,ALP,2738.0,0.25552963135790946,True
NSW,115,Dobell,OTH,5,4,ALP>LNP>GRN>ON,4,3,10715,41933,Tim Claydon,OTH_HMP,CENTRE_LEFT,4895,0.45683621091927207,0.45683621091927207,OTH_HMP:4895|OTH_CYA:2855|OTH_AJP:1906|OTH_LTP:1059,CENTRE_LEFT:6801|RIGHT:3914,PROPORTIONAL_PRIMARY_ORIGIN_PASS_THROUGH,ALL_CATEGORY_PRIMARY_VOTES_TRACED_PROPORTIONALLY,10715,GRN,2740.0,0.25571628558096127,True
NSW,115,Dobell,OTH,5,4,ALP>LNP>GRN>ON,4,3,10715,41933,Tim Claydon,OTH_HMP,CENTRE_LEFT,4895,0.45683621091927207,0.45683621091927207,OTH_HMP:4895|OTH_CYA:2855|OTH_AJP:1906|OTH_LTP:1059,CENTRE_LEFT:6801|RIGHT:3914,PROPORTIONAL_PRIMARY_ORIGIN_PASS_THROUGH,ALL_CATEGORY_PRIMARY_VOTES_TRACED_PROPORTIONALLY,10715,LNP,1341.0,0.1251516565562296,True
NSW,115,Dobell,OTH,5,4,ALP>LNP>GRN>ON,4,3,10715,41933,Tim Claydon,OTH_HMP,CENTRE_LEFT,4895,0.45683621091927207,0.45683621091927207,OTH_HMP:4895|OTH_CYA:2855|OTH_AJP:1906|OTH_LTP:1059,CENTRE_LEFT:6801|RIGHT:3914,PROPORTIONAL_PRIMARY_ORIGIN_PASS_THROUGH,ALL_CATEGORY_PRIMARY_VOTES_TRACED_PROPORTIONALLY,10715,ON,3895.9999999999995,0.36360242650489966,True
NSW,117,Eden-Monaro,GRN,3,6,ALP>LNP,1,0,10739,41557,Emma Goward,GRN,,10739,1.0,1.0,GRN:10739,UNSPECIFIED:10739,OBSERVED_LAST_SURVIVOR_EXIT,LAST_SURVIVOR_TALLY_AT_CATEGORY_EXIT,13808,ALP,11788.0,0.8537079953650057,False
NSW,117,Eden-Monaro,GRN,3,6,ALP>LNP,1,0,10739,41557,Emma Goward,GRN,,10739,1.0,1.0,GRN:10739,UNSPECIFIED:10739,OBSERVED_LAST_SURVIVOR_EXIT,LAST_SURVIVOR_TALLY_AT_CATEGORY_EXIT,13808,LNP,2020.0,0.1462920046349942,False
NSW,117,Eden-Monaro,GRN,3,6,ALP>LNP,1,0,10739,41557,Emma Goward,GRN,,10739,1.0,1.0,GRN:10739,UNSPECIFIED:10739,PROPORTIONAL_PRIMARY_ORIGIN_PASS_THROUGH,ALL_CATEGORY_PRIMARY_VOTES_TRACED_PROPORTIONALLY,10739,ALP,9167.970162224798,0.8537079953650059,True
NSW,117,Eden-Monaro,GRN,3,6,ALP>LNP,1,0,10739,41557,Emma Goward,GRN,,10739,1.0,1.0,GRN:10739,UNSPECIFIED:10739,PROPORTIONAL_PRIMARY_ORIGIN_PASS_THROUGH,ALL_CATEGORY_PRIMARY_VOTES_TRACED_PROPORTIONALLY,10739,LNP,1571.0298377752026,0.1462920046349942,True
NSW,117,Eden-Monaro,ON,4,5,ALP>LNP>GRN,1,0,7451,41921,Richard Graham,ON,,7451,1.0,1.0,ON:7451,UNSPECIFIED:7451,OBSERVED_LAST_SURVIVOR_EXIT,LAST_SURVIVOR_TALLY_AT_CATEGORY_EXIT,11157,ALP,1860.0,0.1667114815810702,False
NSW,117,Eden-Monaro,ON,4,5,ALP>LNP>GRN,1,0,7451,41921,Richard Graham,ON,,7451,1.0,1.0,ON:7451,UNSPECIFIED:7451,OBSERVED_LAST_SURVIVOR_EXIT,LAST_SURVIVOR_TALLY_AT_CATEGORY_EXIT,11157,GRN,1777.0,0.15927220579008694,False
NSW,117,Eden-Monaro,ON,4,5,ALP>LNP>GRN,1,0,7451,41921,Richard Graham,ON,,7451,1.0,1.0,ON:7451,UNSPECIFIED:7451,OBSERVED_LAST_SURVIVOR_EXIT,LAST_SURVIVOR_TALLY_AT_CATEGORY_EXIT,11157,LNP,7520.0,0.6740163126288429,False
NSW,117,Eden-Monaro,ON,4,5,ALP>LNP>GRN,1,0,7451,41921,Richard Graham,ON,,7451,1.0,1.0,ON:7451,UNSPECIFIED:7451,PROPORTIONAL_PRIMARY_ORIGIN_PASS_THROUGH,ALL_CATEGORY_PRIMARY_VOTES_TRACED_PROPORTIONALLY,7451,ALP,1242.167249260554,0.1667114815810702,True
NSW,117,Eden-Monaro,ON,4,5,ALP>LNP>GRN,1,0,7451,41921,Richard Graham,ON,,7451,1.0,1.0,ON:7451,UNSPECIFIED:7451,PROPORTIONAL_PRIMARY_ORIGIN_PASS_THROUGH,ALL_CATEGORY_PRIMARY_VOTES_TRACED_PROPORTIONALLY,7451,GRN,1186.7372053419379,0.15927220579008694,True
NSW,117,Eden-Monaro,ON,4,5,ALP>LNP>GRN,1,0,7451,41921,Richard Graham,ON,,7451,1.0,1.0,ON:7451,UNSPECIFIED:7451,PROPORTIONAL_PRIMARY_ORIGIN_PASS_THROUGH,ALL_CATEGORY_PRIMARY_VOTES_TRACED_PROPORTIONALLY,7451,LNP,5022.095545397508,0.6740163126288429,True
NSW,117,Eden-Monaro,OTH,5,4,ALP>LNP>GRN>ON,4,3,8668,37724,Andrew Evan Thaler,IND_MINOR,CENTRE,2499,0.28830179972311953,0.28830179972311953,IND_MINOR:4200|OTH_CYA:2587|OTH_IMO:1881,RIGHT:2587|CENTRE:2499|CENTRE_RIGHT:1881|CENTRE_LEFT:1701,OBSERVED_LAST_SURVIVOR_EXIT,LAST_SURVIVOR_TALLY_AT_CATEGORY_EXIT,4857,ALP,837.0,0.17232859789993824,False
NSW,117,Eden-Monaro,OTH,5,4,ALP>LNP>GRN>ON,4,3,8668,37724,Andrew Evan Thaler,IND_MINOR,CENTRE,2499,0.28830179972311953,0.28830179972311953,IND_MINOR:4200|OTH_CYA:2587|OTH_IMO:1881,RIGHT:2587|CENTRE:2499|CENTRE_RIGHT:1881|CENTRE_LEFT:1701,OBSERVED_LAST_SURVIVOR_EXIT,LAST_SURVIVOR_TALLY_AT_CATEGORY_EXIT,4857,GRN,764.0,0.15729874408070826,False
NSW,117,Eden-Monaro,OTH,5,4,ALP>LNP>GRN>ON,4,3,8668,37724,Andrew Evan Thaler,IND_MINOR,CENTRE,2499,0.28830179972311953,0.28830179972311953,IND_MINOR:4200|OTH_CYA:2587|OTH_IMO:1881,RIGHT:2587|CENTRE:2499|CENTRE_RIGHT:1881|CENTRE_LEFT:1701,OBSERVED_LAST_SURVIVOR_EXIT,LAST_SURVIVOR_TALLY_AT_CATEGORY_EXIT,4857,LNP,1279.0,0.26333127444924853,False
NSW,117,Eden-Monaro,OTH,5,4,ALP>LNP>GRN>ON,4,3,8668,37724,Andrew Evan Thaler,IND_MINOR,CENTRE,2499,0.28830179972311953,0.28830179972311953,IND_MINOR:4200|OTH_CYA:2587|OTH_IMO:1881,RIGHT:2587|CENTRE:2499|CENTRE_RIGHT:1881|CENTRE_LEFT:1701,OBSERVED_LAST_SURVIVOR_EXIT,LAST_SURVIVOR_TALLY_AT_CATEGORY_EXIT,4857,ON,1977.0,0.407041383570105,False
NSW,117,Eden-Monaro,OTH,5,4,ALP>LNP>GRN>ON,4,3,8668,37724,Andrew Evan Thaler,IND_MINOR,CENTRE,2499,0.28830179972311953,0.28830179972311953,IND_MINOR:4200|OTH_CYA:2587|OTH_IMO:1881,RIGHT:2587|CENTRE:2499|CENTRE_RIGHT:1881|CENTRE_LEFT:1701,PROPORTIONAL_PRIMARY_ORIGIN_PASS_THROUGH,ALL_CATEGORY_PRIMARY_VOTES_TRACED_PROPORTIONALLY,8668,ALP,1534.0,0.17697277341947393,True
NSW,117,Eden-Monaro,OTH,5,4,ALP>LNP>GRN>ON,4,3,8668,37724,Andrew Evan Thaler,IND_MINOR,CENTRE,2499,0.28830179972311953,0.28830179972311953,IND_MINOR:4200|OTH_CYA:2587|OTH_IMO:1881,RIGHT:2587|CENTRE:2499|CENTRE_RIGHT:1881|CENTRE_LEFT:1701,PROPORTIONAL_PRIMARY_ORIGIN_PASS_THROUGH,ALL_CATEGORY_PRIMARY_VOTES_TRACED_PROPORTIONALLY,8668,GRN,1292.0,0.1490539916935856,True
NSW,117,Eden-Monaro,OTH,5,4,ALP>LNP>GRN>ON,4,3,8668,37724,Andrew Evan Thaler,IND_MINOR,CENTRE,2499,0.28830179972311953,0.28830179972311953,IND_MINOR:4200|OTH_CYA:2587|OTH_IMO:1881,RIGHT:2587|CENTRE:2499|CENTRE_RIGHT:1881|CENTRE_LEFT:1701,PROPORTIONAL_PRIMARY_ORIGIN_PASS_THROUGH,ALL_CATEGORY_PRIMARY_VOTES_TRACED_PROPORTIONALLY,8668,LNP,2136.0,0.24642362713428703,True
NSW,117,Eden-Monaro,OTH,5,4,ALP>LNP>GRN>ON,4,3,8668,37724,Andrew Evan Thaler,IND_MINOR,CENTRE,2499,0.28830179972311953,0.28830179972311953,IND_MINOR:4200|OTH_CYA:2587|OTH_IMO:1881,RIGHT:2587|CENTRE:2499|CENTRE_RIGHT:1881|CENTRE_LEFT:1701,PROPORTIONAL_PRIMARY_ORIGIN_PASS_THROUGH,ALL_CATEGORY_PRIMARY_VOTES_TRACED_PROPORTIONALLY,8668,ON,3705.9999999999995,0.4275496077526534,True
NSW,118,Farrer,ALP,3,7,LNP>IND,1,0,15551,41352,Glen Hyde,ALP,,15551,1.0,1.0,ALP:15551,UNSPECIFIED:15551,OBSERVED_LAST_SURVIVOR_EXIT,LAST_SURVIVOR_TALLY_AT_CATEGORY_EXIT,19650,IND,14513.0,0.7385750636132316,False
NSW,118,Farrer,ALP,3,7,LNP>IND,1,0,15551,41352,Glen Hyde,ALP,,15551,1.0,1.0,ALP:15551,UNSPECIFIED:15551,OBSERVED_LAST_SURVIVOR_EXIT,LAST_SURVIVOR_TALLY_AT_CATEGORY_EXIT,19650,LNP,5137.0,0.26142493638676845,False
NSW,118,Farrer,ALP,3,7,LNP>IND,1,0,15551,41352,Glen Hyde,ALP,,15551,1.0,1.0,ALP:15551,UNSPECIFIED:15551,PROPORTIONAL_PRIMARY_ORIGIN_PASS_THROUGH,ALL_CATEGORY_PRIMARY_VOTES_TRACED_PROPORTIONALLY,15551,IND,11485.580814249364,0.7385750636132316,True
NSW,118,Farrer,ALP,3,7,LNP>IND,1,0,15551,41352,Glen Hyde,ALP,,15551,1.0,1.0,ALP:15551,UNSPECIFIED:15551,PROPORTIONAL_PRIMARY_ORIGIN_PASS_THROUGH,ALL_CATEGORY_PRIMARY_VOTES_TRACED_PROPORTIONALLY,15551,LNP,4065.419185750636,0.26142493638676845,True
NSW,118,Farrer,ON,4,6,ALP>LNP>IND,1,0,6803,41959,Emma Hicks,ON,,6803,1.0,1.0,ON:6803,UNSPECIFIED:6803,OBSERVED_LAST_SURVIVOR_EXIT,LAST_SURVIVOR_TALLY_AT_CATEGORY_EXIT,12494,ALP,1006.0,0.08051864895149671,False
NSW,118,Farrer,ON,4,6,ALP>LNP>IND,1,0,6803,41959,Emma Hicks,ON,,6803,1.0,1.0,ON:6803,UNSPECIFIED:6803,OBSERVED_LAST_SURVIVOR_EXIT,LAST_SURVIVOR_TALLY_AT_CATEGORY_EXIT,12494,IND,5852.0,0.4683848247158636,False
NSW,118,Farrer,ON,4,6,ALP>LNP>IND,1,0,6803,41959,Emma Hicks,ON,,6803,1.0,1.0,ON:6803,UNSPECIFIED:6803,OBSERVED_LAST_SURVIVOR_EXIT,LAST_SURVIVOR_TALLY_AT_CATEGORY_EXIT,12494,LNP,5636.0,0.4510965263326397,False
NSW,118,Farrer,ON,4,6,ALP>LNP>IND,1,0,6803,41959,Emma Hicks,ON,,6803,1.0,1.0,ON:6803,UNSPECIFIED:6803,PROPORTIONAL_PRIMARY_ORIGIN_PASS_THROUGH,ALL_CATEGORY_PRIMARY_VOTES_TRACED_PROPORTIONALLY,6803,ALP,547.7683688170322,0.08051864895149671,True
NSW,118,Farrer,ON,4,6,ALP>LNP>IND,1,0,6803,41959,Emma Hicks,ON,,6803,1.0,1.0,ON:6803,UNSPECIFIED:6803,PROPORTIONAL_PRIMARY_ORIGIN_PASS_THROUGH,ALL_CATEGORY_PRIMARY_VOTES_TRACED_PROPORTIONALLY,6803,IND,3186.42196254202,0.4683848247158636,True
NSW,118,Farrer,ON,4,6,ALP>LNP>IND,1,0,6803,41959,Emma Hicks,ON,,6803,1.0,1.0,ON:6803,UNSPECIFIED:6803,PROPORTIONAL_PRIMARY_ORIGIN_PASS_THROUGH,ALL_CATEGORY_PRIMARY_VOTES_TRACED_PROPORTIONALLY,6803,LNP,3068.8096686409476,0.45109652633263964,True
NSW,118,Farrer,GRN,5,5,ALP>LNP>ON>IND,1,0,5085,41559,Richard August Hendrie,GRN,,5085,1.0,1.0,GRN:5085,UNSPECIFIED:5085,OBSERVED_LAST_SURVIVOR_EXIT,LAST_SURVIVOR_TALLY_AT_CATEGORY_EXIT,5748,ALP,2301.0,0.4003131524008351,False
NSW,118,Farrer,GRN,5,5,ALP>LNP>ON>IND,1,0,5085,41559,Richard August Hendrie,GRN,,5085,1.0,1.0,GRN:5085,UNSPECIFIED:5085,OBSERVED_LAST_SURVIVOR_EXIT,LAST_SURVIVOR_TALLY_AT_CATEGORY_EXIT,5748,IND,2441.0,0.42466945024356295,False
NSW,118,Farrer,GRN,5,5,ALP>LNP>ON>IND,1,0,5085,41559,Richard August Hendrie,GRN,,5085,1.0,1.0,GRN:5085,UNSPECIFIED:5085,OBSERVED_LAST_SURVIVOR_EXIT,LAST_SURVIVOR_TALLY_AT_CATEGORY_EXIT,5748,LNP,524.0,0.09116214335421016,False
NSW,118,Farrer,GRN,5,5,ALP>LNP>ON>IND,1,0,5085,41559,Richard August Hendrie,GRN,,5085,1.0,1.0,GRN:5085,UNSPECIFIED:5085,OBSERVED_LAST_SURVIVOR_EXIT,LAST_SURVIVOR_TALLY_AT_CATEGORY_EXIT,5748,ON,482.0,0.0838552540013918,False
NSW,118,Farrer,GRN,5,5,ALP>LNP>ON>IND,1,0,5085,41559,Richard August Hendrie,GRN,,5085,1.0,1.0,GRN:5085,UNSPECIFIED:5085,PROPORTIONAL_PRIMARY_ORIGIN_PASS_THROUGH,ALL_CATEGORY_PRIMARY_VOTES_TRACED_PROPORTIONALLY,5085,ALP,2035.5923799582465,0.4003131524008351,True
NSW,118,Farrer,GRN,5,5,ALP>LNP>ON>IND,1,0,5085,41559,Richard August Hendrie,GRN,,5085,1.0,1.0,GRN:5085,UNSPECIFIED:5085,PROPORTIONAL_PRIMARY_ORIGIN_PASS_THROUGH,ALL_CATEGORY_PRIMARY_VOTES_TRACED_PROPORTIONALLY,5085,IND,2159.4441544885176,0.42466945024356295,True
NSW,118,Farrer,GRN,5,5,ALP>LNP>ON>IND,1,0,5085,41559,Richard August Hendrie,GRN,,5085,1.0,1.0,GRN:5085,UNSPECIFIED:5085,PROPORTIONAL_PRIMARY_ORIGIN_PASS_THROUGH,ALL_CATEGORY_PRIMARY_VOTES_TRACED_PROPORTIONALLY,5085,LNP,463.5594989561587,0.09116214335421016,True
NSW,118,Farrer,GRN,5,5,ALP>LNP>ON>IND,1,0,5085,41559,Richard August Hendrie,GRN,,5085,1.0,1.0,GRN:5085,UNSPECIFIED:5085,PROPORTIONAL_PRIMARY_ORIGIN_PASS_THROUGH,ALL_CATEGORY_PRIMARY_VOTES_TRACED_PROPORTIONALLY,5085,ON,426.4039665970773,0.0838552540013918,True
NSW,118,Farrer,OTH,6,4,ALP>LNP>GRN>ON>IND,4,3,10314,41644,Peter Sinclair,OTH_ASP,CENTRE_RIGHT,3577,0.3468101609462866,0.3468101609462866,OTH_ASP:3577|OTH_CYA:2441|OTH_FFPA:2218|OTH_GRPF:2078,RIGHT:6737|CENTRE_RIGHT:3577,OBSERVED_LAST_SURVIVOR_EXIT,LAST_SURVIVOR_TALLY_AT_CATEGORY_EXIT,4977,ALP,434.0,0.08720112517580872,False
NSW,118,Farrer,OTH,6,4,ALP>LNP>GRN>ON>IND,4,3,10314,41644,Peter Sinclair,OTH_ASP,CENTRE_RIGHT,3577,0.3468101609462866,0.3468101609462866,OTH_ASP:3577|OTH_CYA:2441|OTH_FFPA:2218|OTH_GRPF:2078,RIGHT:6737|CENTRE_RIGHT:3577,OBSERVED_LAST_SURVIVOR_EXIT,LAST_SURVIVOR_TALLY_AT_CATEGORY_EXIT,4977,GRN,376.0,0.07554751858549327,False
NSW,118,Farrer,OTH,6,4,ALP>LNP>GRN>ON>IND,4,3,10314,41644,Peter Sinclair,OTH_ASP,CENTRE_RIGHT,3577,0.3468101609462866,0.3468101609462866,OTH_ASP:3577|OTH_CYA:2441|OTH_FFPA:2218|OTH_GRPF:2078,RIGHT:6737|CENTRE_RIGHT:3577,OBSERVED_LAST_SURVIVOR_EXIT,LAST_SURVIVOR_TALLY_AT_CATEGORY_EXIT,4977,IND,1029.0,0.20675105485232068,False
NSW,118,Farrer,OTH,6,4,ALP>LNP>GRN>ON>IND,4,3,10314,41644,Peter Sinclair,OTH_ASP,CENTRE_RIGHT,3577,0.3468101609462866,0.3468101609462866,OTH_ASP:3577|OTH_CYA:2441|OTH_FFPA:2218|OTH_GRPF:2078,RIGHT:6737|CENTRE_RIGHT:3577,OBSERVED_LAST_SURVIVOR_EXIT,LAST_SURVIVOR_TALLY_AT_CATEGORY_EXIT,4977,LNP,950.0,0.1908780389793048,False
NSW,118,Farrer,OTH,6,4,ALP>LNP>GRN>ON>IND,4,3,10314,41644,Peter Sinclair,OTH_ASP,CENTRE_RIGHT,3577,0.3468101609462866,0.3468101609462866,OTH_ASP:3577|OTH_CYA:2441|OTH_FFPA:2218|OTH_GRPF:2078,RIGHT:6737|CENTRE_RIGHT:3577,OBSERVED_LAST_SURVIVOR_EXIT,LAST_SURVIVOR_TALLY_AT_CATEGORY_EXIT,4977,ON,2188.0,0.43962226240707253,False
NSW,118,Farrer,OTH,6,4,ALP>LNP>GRN>ON>IND,4,3,10314,41644,Peter Sinclair,OTH_ASP,CENTRE_RIGHT,3577,0.3468101609462866,0.3468101609462866,OTH_ASP:3577|OTH_CYA:2441|OTH_FFPA:2218|OTH_GRPF:2078,RIGHT:6737|CENTRE_RIGHT:3577,PROPORTIONAL_PRIMARY_ORIGIN_PASS_THROUGH,ALL_CATEGORY_PRIMARY_VOTES_TRACED_PROPORTIONALLY,10314,ALP,792.0,0.07678883071553229,True
NSW,118,Farrer,OTH,6,4,ALP>LNP>GRN>ON>IND,4,3,10314,41644,Peter Sinclair,OTH_ASP,CENTRE_RIGHT,3577,0.3468101609462866,0.3468101609462866,OTH_ASP:3577|OTH_CYA:2441|OTH_FFPA:2218|OTH_GRPF:2078,RIGHT:6737|CENTRE_RIGHT:3577,PROPORTIONAL_PRIMARY_ORIGIN_PASS_THROUGH,ALL_CATEGORY_PRIMARY_VOTES_TRACED_PROPORTIONALLY,10314,GRN,663.0,0.06428155904595695,True
NSW,118,Farrer,OTH,6,4,ALP>LNP>GRN>ON>IND,4,3,10314,41644,Peter Sinclair,OTH_ASP,CENTRE_RIGHT,3577,0.3468101609462866,0.3468101609462866,OTH_ASP:3577|OTH_CYA:2441|OTH_FFPA:2218|OTH_GRPF:2078,RIGHT:6737|CENTRE_RIGHT:3577,PROPORTIONAL_PRIMARY_ORIGIN_PASS_THROUGH,ALL_CATEGORY_PRIMARY_VOTES_TRACED_PROPORTIONALLY,10314,IND,1774.0,0.1719992243552453,True
NSW,118,Farrer,OTH,6,4,ALP>LNP>GRN>ON>IND,4,3,10314,41644,Peter Sinclair,OTH_ASP,CENTRE_RIGHT,3577,0.3468101609462866,0.3468101609462866,OTH_ASP:3577|OTH_CYA:2441|OTH_FFPA:2218|OTH_GRPF:2078,RIGHT:6737|CENTRE_RIGHT:3577,PROPORTIONAL_PRIMARY_ORIGIN_PASS_THROUGH,ALL_CATEGORY_PRIMARY_VOTES_TRACED_PROPORTIONALLY,10314,LNP,1876.0,0.18188869497770022,True
NSW,118,Farrer,OTH,6,4,ALP>LNP>GRN>ON>IND,4,3,10314,41644,Peter Sinclair,OTH_ASP,CENTRE_RIGHT,3577,0.3468101609462866,0.3468101609462866,OTH_ASP:3577|OTH_CYA:2441|OTH_FFPA:2218|OTH_GRPF:2078,RIGHT:6737|CENTRE_RIGHT:3577,PROPORTIONAL_PRIMARY_ORIGIN_PASS_THROUGH,ALL_CATEGORY_PRIMARY_VOTES_TRACED_PROPORTIONALLY,10314,ON,5209.0,0.5050416909055653,True
NSW,119,Fowler,LNP,3,5,ALP>IND,1,0,11404,41460,Vivek Singha,LIB,,11404,1.0,1.0,LIB:11404,UNSPECIFIED:11404,OBSERVED_LAST_SURVIVOR_EXIT,LAST_SURVIVOR_TALLY_AT_CATEGORY_EXIT,13728,ALP,4183.0,0.304705710955711,False
NSW,119,Fowler,LNP,3,5,ALP>IND,1,0,11404,41460,Vivek Singha,LIB,,11404,1.0,1.0,LIB:11404,UNSPECIFIED:11404,OBSERVED_LAST_SURVIVOR_EXIT,LAST_SURVIVOR_TALLY_AT_CATEGORY_EXIT,13728,IND,9545.0,0.695294289044289,False
NSW,119,Fowler,LNP,3,5,ALP>IND,1,0,11404,41460,Vivek Singha,LIB,,11404,1.0,1.0,LIB:11404,UNSPECIFIED:11404,PROPORTIONAL_PRIMARY_ORIGIN_PASS_THROUGH,ALL_CATEGORY_PRIMARY_VOTES_TRACED_PROPORTIONALLY,11404,ALP,3474.863927738928,0.304705710955711,True
NSW,119,Fowler,LNP,3,5,ALP>IND,1,0,11404,41460,Vivek Singha,LIB,,11404,1.0,1.0,LIB:11404,UNSPECIFIED:11404,PROPORTIONAL_PRIMARY_ORIGIN_PASS_THROUGH,ALL_CATEGORY_PRIMARY_VOTES_TRACED_PROPORTIONALLY,11404,IND,7929.1360722610725,0.695294289044289,True
NSW,119,Fowler,GRN,4,4,ALP>LNP>IND,1,0,6288,41556,Avery Jacob Howard,GRN,,6288,1.0,1.0,GRN:6288,UNSPECIFIED:6288,OBSERVED_LAST_SURVIVOR_EXIT,LAST_SURVIVOR_TALLY_AT_CATEGORY_EXIT,7497,ALP,3760.0,0.5015339469120982,False
NSW,119,Fowler,GRN,4,4,ALP>LNP>IND,1,0,6288,41556,Avery Jacob Howard,GRN,,6288,1.0,1.0,GRN:6288,UNSPECIFIED:6288,OBSERVED_LAST_SURVIVOR_EXIT,LAST_SURVIVOR_TALLY_AT_CATEGORY_EXIT,7497,IND,3095.0,0.4128317993864212,False
NSW,119,Fowler,GRN,4,4,ALP>LNP>IND,1,0,6288,41556,Avery Jacob Howard,GRN,,6288,1.0,1.0,GRN:6288,UNSPECIFIED:6288,OBSERVED_LAST_SURVIVOR_EXIT,LAST_SURVIVOR_TALLY_AT_CATEGORY_EXIT,7497,LNP,642.0,0.08563425370148059,False
NSW,119,Fowler,GRN,4,4,ALP>LNP>IND,1,0,6288,41556,Avery Jacob Howard,GRN,,6288,1.0,1.0,GRN:6288,UNSPECIFIED:6288,PROPORTIONAL_PRIMARY_ORIGIN_PASS_THROUGH,ALL_CATEGORY_PRIMARY_VOTES_TRACED_PROPORTIONALLY,6288,ALP,3153.645458183273,0.5015339469120982,True
NSW,119,Fowler,GRN,4,4,ALP>LNP>IND,1,0,6288,41556,Avery Jacob Howard,GRN,,6288,1.0,1.0,GRN:6288,UNSPECIFIED:6288,PROPORTIONAL_PRIMARY_ORIGIN_PASS_THROUGH,ALL_CATEGORY_PRIMARY_VOTES_TRACED_PROPORTIONALLY,6288,IND,2595.8863545418167,0.4128317993864212,True
NSW,119,Fowler,GRN,4,4,ALP>LNP>IND,1,0,6288,41556,Avery Jacob Howard,GRN,,6288,1.0,1.0,GRN:6288,UNSPECIFIED:6288,PROPORTIONAL_PRIMARY_ORIGIN_PASS_THROUGH,ALL_CATEGORY_PRIMARY_VOTES_TRACED_PROPORTIONALLY,6288,LNP,538.46818727491,0.08563425370148059,True
NSW,119,Fowler,OTH,5,3,ALP>LNP>GRN>IND,2,1,5394,41806,Jared Athavle,OTH_FFPA,RIGHT,3598,0.6670374490174268,0.6670374490174268,OTH_FFPA:3598|OTH_LTP:1796,RIGHT:5394,OBSERVED_LAST_SURVIVOR_EXIT,LAST_SURVIVOR_TALLY_AT_CATEGORY_EXIT,5334,ALP,524.0,0.09823772028496439,False
NSW,119,Fowler,OTH,5,3,ALP>LNP>GRN>IND,2,1,5394,41806,Jared Athavle,OTH_FFPA,RIGHT,3598,0.6670374490174268,0.6670374490174268,OTH_FFPA:3598|OTH_LTP:1796,RIGHT:5394,OBSERVED_LAST_SURVIVOR_EXIT,LAST_SURVIVOR_TALLY_AT_CATEGORY_EXIT,5334,GRN,674.0,0.12635920509936258,False
NSW,119,Fowler,OTH,5,3,ALP>LNP>GRN>IND,2,1,5394,41806,Jared Athavle,OTH_FFPA,RIGHT,3598,0.6670374490174268,0.6670374490174268,OTH_FFPA:3598|OTH_LTP:1796,RIGHT:5394,OBSERVED_LAST_SURVIVOR_EXIT,LAST_SURVIVOR_TALLY_AT_CATEGORY_EXIT,5334,IND,3532.0,0.6621672290963629,False
NSW,119,Fowler,OTH,5,3,ALP>LNP>GRN>IND,2,1,5394,41806,Jared Athavle,OTH_FFPA,RIGHT,3598,0.6670374490174268,0.6670374490174268,OTH_FFPA:3598|OTH_LTP:1796,RIGHT:5394,OBSERVED_LAST_SURVIVOR_EXIT,LAST_SURVIVOR_TALLY_AT_CATEGORY_EXIT,5334,LNP,604.0,0.11323584551931008,False
NSW,119,Fowler,OTH,5,3,ALP>LNP>GRN>IND,2,1,5394,41806,Jared Athavle,OTH_FFPA,RIGHT,3598,0.6670374490174268,0.6670374490174268,OTH_FFPA:3598|OTH_LTP:1796,RIGHT:5394,PROPORTIONAL_PRIMARY_ORIGIN_PASS_THROUGH,ALL_CATEGORY_PRIMARY_VOTES_TRACED_PROPORTIONALLY,5394,ALP,563.790115978296,0.10452171226887207,True
NSW,119,Fowler,OTH,5,3,ALP>LNP>GRN>IND,2,1,5394,41806,Jared Athavle,OTH_FFPA,RIGHT,3598,0.6670374490174268,0.6670374490174268,OTH_FFPA:3598|OTH_LTP:1796,RIGHT:5394,PROPORTIONAL_PRIMARY_ORIGIN_PASS_THROUGH,ALL_CATEGORY_PRIMARY_VOTES_TRACED_PROPORTIONALLY,5394,GRN,694.1680715295777,0.12869263469217235,True
NSW,119,Fowler,OTH,5,3,ALP>LNP>GRN>IND,2,1,5394,41806,Jared Athavle,OTH_FFPA,RIGHT,3598,0.6670374490174268,0.6670374490174268,OTH_FFPA:3598|OTH_LTP:1796,RIGHT:5394,PROPORTIONAL_PRIMARY_ORIGIN_PASS_THROUGH,ALL_CATEGORY_PRIMARY_VOTES_TRACED_PROPORTIONALLY,5394,IND,3422.4768597824377,0.6344970077460952,True
NSW,119,Fowler,OTH,5,3,ALP>LNP>GRN>IND,2,1,5394,41806,Jared Athavle,OTH_FFPA,RIGHT,3598,0.6670374490174268,0.6670374490174268,OTH_FFPA:3598|OTH_LTP:1796,RIGHT:5394,PROPORTIONAL_PRIMARY_ORIGIN_PASS_THROUGH,ALL_CATEGORY_PRIMARY_VOTES_TRACED_PROPORTIONALLY,5394,LNP,713.5649527096887,0.13228864529286033,True
NSW,119,Fowler,ON,6,2,ALP>LNP>GRN>IND>OTH,1,0,3835,41956,Tony Margos,ON,,3835,1.0,1.0,ON:3835,UNSPECIFIED:3835,OBSERVED_LAST_SURVIVOR_EXIT,LAST_SURVIVOR_TALLY_AT_CATEGORY_EXIT,4024,ALP,489.0,0.12152087475149105,False
NSW,119,Fowler,ON,6,2,ALP>LNP>GRN>IND>OTH,1,0,3835,41956,Tony Margos,ON,,3835,1.0,1.0,ON:3835,UNSPECIFIED:3835,OBSERVED_LAST_SURVIVOR_EXIT,LAST_SURVIVOR_TALLY_AT_CATEGORY_EXIT,4024,GRN,405.0,0.10064612326043737,False
NSW,119,Fowler,ON,6,2,ALP>LNP>GRN>IND>OTH,1,0,3835,41956,Tony Margos,ON,,3835,1.0,1.0,ON:3835,UNSPECIFIED:3835,OBSERVED_LAST_SURVIVOR_EXIT,LAST_SURVIVOR_TALLY_AT_CATEGORY_EXIT,4024,IND,1165.0,0.28951292246520877,False
NSW,119,Fowler,ON,6,2,ALP>LNP>GRN>IND>OTH,1,0,3835,41956,Tony Margos,ON,,3835,1.0,1.0,ON:3835,UNSPECIFIED:3835,OBSERVED_LAST_SURVIVOR_EXIT,LAST_SURVIVOR_TALLY_AT_CATEGORY_EXIT,4024,LNP,895.0,0.2224155069582505,False
NSW,119,Fowler,ON,6,2,ALP>LNP>GRN>IND>OTH,1,0,3835,41956,Tony Margos,ON,,3835,1.0,1.0,ON:3835,UNSPECIFIED:3835,OBSERVED_LAST_SURVIVOR_EXIT,LAST_SURVIVOR_TALLY_AT_CATEGORY_EXIT,4024,OTH,1070.0,0.2659045725646123,False
NSW,119,Fowler,ON,6,2,ALP>LNP>GRN>IND>OTH,1,0,3835,41956,Tony Margos,ON,,3835,1.0,1.0,ON:3835,UNSPECIFIED:3835,PROPORTIONAL_PRIMARY_ORIGIN_PASS_THROUGH,ALL_CATEGORY_PRIMARY_VOTES_TRACED_PROPORTIONALLY,3835,ALP,466.03255467196817,0.12152087475149105,True
NSW,119,Fowler,ON,6,2,ALP>LNP>GRN>IND>OTH,1,0,3835,41956,Tony Margos,ON,,3835,1.0,1.0,ON:3835,UNSPECIFIED:3835,PROPORTIONAL_PRIMARY_ORIGIN_PASS_THROUGH,ALL_CATEGORY_PRIMARY_VOTES_TRACED_PROPORTIONALLY,3835,GRN,385.9778827037773,0.10064612326043737,True
NSW,119,Fowler,ON,6,2,ALP>LNP>GRN>IND>OTH,1,0,3835,41956,Tony Margos,ON,,3835,1.0,1.0,ON:3835,UNSPECIFIED:3835,PROPORTIONAL_PRIMARY_ORIGIN_PASS_THROUGH,ALL_CATEGORY_PRIMARY_VOTES_TRACED_PROPORTIONALLY,3835,IND,1110.2820576540755,0.28951292246520877,True
NSW,119,Fowler,ON,6,2,ALP>LNP>GRN>IND>OTH,1,0,3835,41956,Tony Margos,ON,,3835,1.0,1.0,ON:3835,UNSPECIFIED:3835,PROPORTIONAL_PRIMARY_ORIGIN_PASS_THROUGH,ALL_CATEGORY_PRIMARY_VOTES_TRACED_PROPORTIONALLY,3835,LNP,852.9634691848906,0.2224155069582505,True
NSW,119,Fowler,ON,6,2,ALP>LNP>GRN>IND>OTH,1,0,3835,41956,Tony Margos,ON,,3835,1.0,1.0,ON:3835,UNSPECIFIED:3835,PROPORTIONAL_PRIMARY_ORIGIN_PASS_THROUGH,ALL_CATEGORY_PRIMARY_VOTES_TRACED_PROPORTIONALLY,3835,OTH,1019.7440357852882,0.2659045725646123,True
NSW,120,Gilmore,IND,3,6,ALP>LNP,1,0,8371,42070,Kate Dezarnaulds,IND_PROMINENT,LEFT,8371,1.0,1.0,IND_PROMINENT:8371,LEFT:8371,OBSERVED_LAST_SURVIVOR_EXIT,LAST_SURVIVOR_TALLY_AT_CATEGORY_EXIT,16968,ALP,11862.0,0.6990806223479491,False
NSW,120,Gilmore,IND,3,6,ALP>LNP,1,0,8371,42070,Kate Dezarnaulds,IND_PROMINENT,LEFT,8371,1.0,1.0,IND_PROMINENT:8371,LEFT:8371,OBSERVED_LAST_SURVIVOR_EXIT,LAST_SURVIVOR_TALLY_AT_CATEGORY_EXIT,16968,LNP,5106.0,0.3009193776520509,False
NSW,120,Gilmore,IND,3,6,ALP>LNP,1,0,8371,42070,Kate Dezarnaulds,IND_PROMINENT,LEFT,8371,1.0,1.0,IND_PROMINENT:8371,LEFT:8371,PROPORTIONAL_PRIMARY_ORIGIN_PASS_THROUGH,ALL_CATEGORY_PRIMARY_VOTES_TRACED_PROPORTIONALLY,8371,ALP,5852.003889674682,0.6990806223479491,True
NSW,120,Gilmore,IND,3,6,ALP>LNP,1,0,8371,42070,Kate Dezarnaulds,IND_PROMINENT,LEFT,8371,1.0,1.0,IND_PROMINENT:8371,LEFT:8371,PROPORTIONAL_PRIMARY_ORIGIN_PASS_THROUGH,ALL_CATEGORY_PRIMARY_VOTES_TRACED_PROPORTIONALLY,8371,LNP,2518.996110325318,0.3009193776520509,True
NSW,120,Gilmore,GRN,4,5,ALP>LNP>IND,1,0,7932,41616,Debbie Killian,GRN,,7932,1.0,1.0,GRN:7932,UNSPECIFIED:7932,OBSERVED_LAST_SURVIVOR_EXIT,LAST_SURVIVOR_TALLY_AT_CATEGORY_EXIT,9689,ALP,4688.0,0.48384766229745074,False
NSW,120,Gilmore,GRN,4,5,ALP>LNP>IND,1,0,7932,41616,Debbie Killian,GRN,,7932,1.0,1.0,GRN:7932,UNSPECIFIED:7932,OBSERVED_LAST_SURVIVOR_EXIT,LAST_SURVIVOR_TALLY_AT_CATEGORY_EXIT,9689,IND,4352.0,0.44916916090411807,False
NSW,120,Gilmore,GRN,4,5,ALP>LNP>IND,1,0,7932,41616,Debbie Killian,GRN,,7932,1.0,1.0,GRN:7932,UNSPECIFIED:7932,OBSERVED_LAST_SURVIVOR_EXIT,LAST_SURVIVOR_TALLY_AT_CATEGORY_EXIT,9689,LNP,649.0,0.06698317679843122,False
NSW,120,Gilmore,GRN,4,5,ALP>LNP>IND,1,0,7932,41616,Debbie Killian,GRN,,7932,1.0,1.0,GRN:7932,UNSPECIFIED:7932,PROPORTIONAL_PRIMARY_ORIGIN_PASS_THROUGH,ALL_CATEGORY_PRIMARY_VOTES_TRACED_PROPORTIONALLY,7932,ALP,3837.879657343379,0.48384766229745074,True
NSW,120,Gilmore,GRN,4,5,ALP>LNP>IND,1,0,7932,41616,Debbie Killian,GRN,,7932,1.0,1.0,GRN:7932,UNSPECIFIED:7932,PROPORTIONAL_PRIMARY_ORIGIN_PASS_THROUGH,ALL_CATEGORY_PRIMARY_VOTES_TRACED_PROPORTIONALLY,7932,IND,3562.8097842914644,0.44916916090411807,True
NSW,120,Gilmore,GRN,4,5,ALP>LNP>IND,1,0,7932,41616,Debbie Killian,GRN,,7932,1.0,1.0,GRN:7932,UNSPECIFIED:7932,PROPORTIONAL_PRIMARY_ORIGIN_PASS_THROUGH,ALL_CATEGORY_PRIMARY_VOTES_TRACED_PROPORTIONALLY,7932,LNP,531.3105583651565,0.06698317679843122,True
NSW,120,Gilmore,ON,5,4,ALP>LNP>GRN>IND,1,0,5557,41969,John Hawke,ON,,5557,1.0,1.0,ON:5557,UNSPECIFIED:5557,OBSERVED_LAST_SURVIVOR_EXIT,LAST_SURVIVOR_TALLY_AT_CATEGORY_EXIT,8919,ALP,947.0,0.10617782262585491,False
NSW,120,Gilmore,ON,5,4,ALP>LNP>GRN>IND,1,0,5557,41969,John Hawke,ON,,5557,1.0,1.0,ON:5557,UNSPECIFIED:5557,OBSERVED_LAST_SURVIVOR_EXIT,LAST_SURVIVOR_TALLY_AT_CATEGORY_EXIT,8919,GRN,592.0,0.06637515416526517,False
NSW,120,Gilmore,ON,5,4,ALP>LNP>GRN>IND,1,0,5557,41969,John Hawke,ON,,5557,1.0,1.0,ON:5557,UNSPECIFIED:5557,OBSERVED_LAST_SURVIVOR_EXIT,LAST_SURVIVOR_TALLY_AT_CATEGORY_EXIT,8919,IND,2854.0,0.3199910303845723,False
NSW,120,Gilmore,ON,5,4,ALP>LNP>GRN>IND,1,0,5557,41969,John Hawke,ON,,5557,1.0,1.0,ON:5557,UNSPECIFIED:5557,OBSERVED_LAST_SURVIVOR_EXIT,LAST_SURVIVOR_TALLY_AT_CATEGORY_EXIT,8919,LNP,4526.0,0.5074559928243076,False
NSW,120,Gilmore,ON,5,4,ALP>LNP>GRN>IND,1,0,5557,41969,John Hawke,ON,,5557,1.0,1.0,ON:5557,UNSPECIFIED:5557,PROPORTIONAL_PRIMARY_ORIGIN_PASS_THROUGH,ALL_CATEGORY_PRIMARY_VOTES_TRACED_PROPORTIONALLY,5557,ALP,590.0301603318758,0.10617782262585491,True
NSW,120,Gilmore,ON,5,4,ALP>LNP>GRN>IND,1,0,5557,41969,John Hawke,ON,,5557,1.0,1.0,ON:5557,UNSPECIFIED:5557,PROPORTIONAL_PRIMARY_ORIGIN_PASS_THROUGH,ALL_CATEGORY_PRIMARY_VOTES_TRACED_PROPORTIONALLY,5557,GRN,368.8467316963785,0.06637515416526517,True
NSW,120,Gilmore,ON,5,4,ALP>LNP>GRN>IND,1,0,5557,41969,John Hawke,ON,,5557,1.0,1.0,ON:5557,UNSPECIFIED:5557,PROPORTIONAL_PRIMARY_ORIGIN_PASS_THROUGH,ALL_CATEGORY_PRIMARY_VOTES_TRACED_PROPORTIONALLY,5557,IND,1778.1901558470681,0.3199910303845723,True
NSW,120,Gilmore,ON,5,4,ALP>LNP>GRN>IND,1,0,5557,41969,John Hawke,ON,,5557,1.0,1.0,ON:5557,UNSPECIFIED:5557,PROPORTIONAL_PRIMARY_ORIGIN_PASS_THROUGH,ALL_CATEGORY_PRIMARY_VOTES_TRACED_PROPORTIONALLY,5557,LNP,2819.9329521246777,0.5074559928243076,True
NSW,120,Gilmore,OTH,6,3,ALP>LNP>GRN>ON>IND,3,2,8604,41939,Adrian Richard Carle,OTH_HMP,CENTRE_LEFT,4124,0.4793119479311948,0.4793119479311948,OTH_HMP:4124|OTH_CYA:2476|OTH_FFPA:2004,RIGHT:4480|CENTRE_LEFT:4124,OBSERVED_LAST_SURVIVOR_EXIT,LAST_SURVIVOR_TALLY_AT_CATEGORY_EXIT,4527,ALP,992.0,0.21912966644576984,False
NSW,120,Gilmore,OTH,6,3,ALP>LNP>GRN>ON>IND,3,2,8604,41939,Adrian Richard Carle,OTH_HMP,CENTRE_LEFT,4124,0.4793119479311948,0.4793119479311948,OTH_HMP:4124|OTH_CYA:2476|OTH_FFPA:2004,RIGHT:4480|CENTRE_LEFT:4124,OBSERVED_LAST_SURVIVOR_EXIT,LAST_SURVIVOR_TALLY_AT_CATEGORY_EXIT,4527,GRN,941.0,0.2078639275458361,False
NSW,120,Gilmore,OTH,6,3,ALP>LNP>GRN>ON>IND,3,2,8604,41939,Adrian Richard Carle,OTH_HMP,CENTRE_LEFT,4124,0.4793119479311948,0.4793119479311948,OTH_HMP:4124|OTH_CYA:2476|OTH_FFPA:2004,RIGHT:4480|CENTRE_LEFT:4124,OBSERVED_LAST_SURVIVOR_EXIT,LAST_SURVIVOR_TALLY_AT_CATEGORY_EXIT,4527,IND,780.0,0.17229953611663354,False
NSW,120,Gilmore,OTH,6,3,ALP>LNP>GRN>ON>IND,3,2,8604,41939,Adrian Richard Carle,OTH_HMP,CENTRE_LEFT,4124,0.4793119479311948,0.4793119479311948,OTH_HMP:4124|OTH_CYA:2476|OTH_FFPA:2004,RIGHT:4480|CENTRE_LEFT:4124,OBSERVED_LAST_SURVIVOR_EXIT,LAST_SURVIVOR_TALLY_AT_CATEGORY_EXIT,4527,LNP,573.0,0.1265738899933731,False
NSW,120,Gilmore,OTH,6,3,ALP>LNP>GRN>ON>IND,3,2,8604,41939,Adrian Richard Carle,OTH_HMP,CENTRE_LEFT,4124,0.4793119479311948,0.4793119479311948,OTH_HMP:4124|OTH_CYA:2476|OTH_FFPA:2004,RIGHT:4480|CENTRE_LEFT:4124,OBSERVED_LAST_SURVIVOR_EXIT,LAST_SURVIVOR_TALLY_AT_CATEGORY_EXIT,4527,ON,1241.0,0.2741329798983875,False
NSW,120,Gilmore,OTH,6,3,ALP>LNP>GRN>ON>IND,3,2,8604,41939,Adrian Richard Carle,OTH_HMP,CENTRE_LEFT,4124,0.4793119479311948,0.4793119479311948,OTH_HMP:4124|OTH_CYA:2476|OTH_FFPA:2004,RIGHT:4480|CENTRE_LEFT:4124,PROPORTIONAL_PRIMARY_ORIGIN_PASS_THROUGH,ALL_CATEGORY_PRIMARY_VOTES_TRACED_PROPORTIONALLY,8604,ALP,1384.0,0.1608554160855416,True
NSW,120,Gilmore,OTH,6,3,ALP>LNP>GRN>ON>IND,3,2,8604,41939,Adrian Richard Carle,OTH_HMP,CENTRE_LEFT,4124,0.4793119479311948,0.4793119479311948,OTH_HMP:4124|OTH_CYA:2476|OTH_FFPA:2004,RIGHT:4480|CENTRE_LEFT:4124,PROPORTIONAL_PRIMARY_ORIGIN_PASS_THROUGH,ALL_CATEGORY_PRIMARY_VOTES_TRACED_PROPORTIONALLY,8604,GRN,1165.0,0.13540213854021385,True
NSW,120,Gilmore,OTH,6,3,ALP>LNP>GRN>ON>IND,3,2,8604,41939,Adrian Richard Carle,OTH_HMP,CENTRE_LEFT,4124,0.4793119479311948,0.4793119479311948,OTH_HMP:4124|OTH_CYA:2476|OTH_FFPA:2004,RIGHT:4480|CENTRE_LEFT:4124,PROPORTIONAL_PRIMARY_ORIGIN_PASS_THROUGH,ALL_CATEGORY_PRIMARY_VOTES_TRACED_PROPORTIONALLY,8604,IND,1391.0,0.16166899116689912,True
NSW,120,Gilmore,OTH,6,3,ALP>LNP>GRN>ON>IND,3,2,8604,41939,Adrian Richard Carle,OTH_HMP,CENTRE_LEFT,4124,0.4793119479311948,0.4793119479311948,OTH_HMP:4124|OTH_CYA:2476|OTH_FFPA:2004,RIGHT:4480|CENTRE_LEFT:4124,PROPORTIONAL_PRIMARY_ORIGIN_PASS_THROUGH,ALL_CATEGORY_PRIMARY_VOTES_TRACED_PROPORTIONALLY,8604,LNP,1302.0,0.15132496513249652,True
NSW,120,Gilmore,OTH,6,3,ALP>LNP>GRN>ON>IND,3,2,8604,41939,Adrian Richard Carle,OTH_HMP,CENTRE_LEFT,4124,0.4793119479311948,0.4793119479311948,OTH_HMP:4124|OTH_CYA:2476|OTH_FFPA:2004,RIGHT:4480|CENTRE_LEFT:4124,PROPORTIONAL_PRIMARY_ORIGIN_PASS_THROUGH,ALL_CATEGORY_PRIMARY_VOTES_TRACED_PROPORTIONALLY,8604,ON,3362.0,0.3907484890748489,True
NSW,121,Grayndler,LNP,3,4,ALP>GRN,1,0,15867,41472,David Smallbone,LIB,,15867,1.0,1.0,LIB:15867,UNSPECIFIED:15867,OBSERVED_LAST_SURVIVOR_EXIT,LAST_SURVIVOR_TALLY_AT_CATEGORY_EXIT,20213,ALP,13176.0,0.6518577153317172,False
NSW,121,Grayndler,LNP,3,4,ALP>GRN,1,0,15867,41472,David Smallbone,LIB,,15867,1.0,1.0,LIB:15867,UNSPECIFIED:15867,OBSERVED_LAST_SURVIVOR_EXIT,LAST_SURVIVOR_TALLY_AT_CATEGORY_EXIT,20213,GRN,7037.0,0.3481422846682828,False
NSW,121,Grayndler,LNP,3,4,ALP>GRN,1,0,15867,41472,David Smallbone,LIB,,15867,1.0,1.0,LIB:15867,UNSPECIFIED:15867,PROPORTIONAL_PRIMARY_ORIGIN_PASS_THROUGH,ALL_CATEGORY_PRIMARY_VOTES_TRACED_PROPORTIONALLY,15867,ALP,10343.026369168358,0.6518577153317172,True
NSW,121,Grayndler,LNP,3,4,ALP>GRN,1,0,15867,41472,David Smallbone,LIB,,15867,1.0,1.0,LIB:15867,UNSPECIFIED:15867,PROPORTIONAL_PRIMARY_ORIGIN_PASS_THROUGH,ALL_CATEGORY_PRIMARY_VOTES_TRACED_PROPORTIONALLY,15867,GRN,5523.973630831643,0.3481422846682828,True
NSW,121,Grayndler,ON,4,3,ALP>LNP>GRN,1,0,3505,41960,Rodney Smith,ON,,3505,1.0,1.0,ON:3505,UNSPECIFIED:3505,OBSERVED_LAST_SURVIVOR_EXIT,LAST_SURVIVOR_TALLY_AT_CATEGORY_EXIT,4788,ALP,603.0,0.12593984962406016,False
NSW,121,Grayndler,ON,4,3,ALP>LNP>GRN,1,0,3505,41960,Rodney Smith,ON,,3505,1.0,1.0,ON:3505,UNSPECIFIED:3505,OBSERVED_LAST_SURVIVOR_EXIT,LAST_SURVIVOR_TALLY_AT_CATEGORY_EXIT,4788,GRN,654.0,0.13659147869674185,False
NSW,121,Grayndler,ON,4,3,ALP>LNP>GRN,1,0,3505,41960,Rodney Smith,ON,,3505,1.0,1.0,ON:3505,UNSPECIFIED:3505,OBSERVED_LAST_SURVIVOR_EXIT,LAST_SURVIVOR_TALLY_AT_CATEGORY_EXIT,4788,LNP,3531.0,0.7374686716791979,False
NSW,121,Grayndler,ON,4,3,ALP>LNP>GRN,1,0,3505,41960,Rodney Smith,ON,,3505,1.0,1.0,ON:3505,UNSPECIFIED:3505,PROPORTIONAL_PRIMARY_ORIGIN_PASS_THROUGH,ALL_CATEGORY_PRIMARY_VOTES_TRACED_PROPORTIONALLY,3505,ALP,441.41917293233087,0.12593984962406016,True
NSW,121,Grayndler,ON,4,3,ALP>LNP>GRN,1,0,3505,41960,Rodney Smith,ON,,3505,1.0,1.0,ON:3505,UNSPECIFIED:3505,PROPORTIONAL_PRIMARY_ORIGIN_PASS_THROUGH,ALL_CATEGORY_PRIMARY_VOTES_TRACED_PROPORTIONALLY,3505,GRN,478.75313283208015,0.13659147869674185,True
NSW,121,Grayndler,ON,4,3,ALP>LNP>GRN,1,0,3505,41960,Rodney Smith,ON,,3505,1.0,1.0,ON:3505,UNSPECIFIED:3505,PROPORTIONAL_PRIMARY_ORIGIN_PASS_THROUGH,ALL_CATEGORY_PRIMARY_VOTES_TRACED_PROPORTIONALLY,3505,LNP,2584.8276942355888,0.7374686716791979,True
NSW,121,Grayndler,OTH,5,2,ALP>LNP>GRN>ON,2,1,4295,40978,David Bradbury,IND_MINOR,CENTRE_LEFT,2566,0.5974388824214203,0.5974388824214203,IND_MINOR:2566|OTH_CYA:1729,CENTRE_LEFT:2566|RIGHT:1729,OBSERVED_LAST_SURVIVOR_EXIT,LAST_SURVIVOR_TALLY_AT_CATEGORY_EXIT,2806,ALP,829.0,0.2954383464005702,False
NSW,121,Grayndler,OTH,5,2,ALP>LNP>GRN>ON,2,1,4295,40978,David Bradbury,IND_MINOR,CENTRE_LEFT,2566,0.5974388824214203,0.5974388824214203,IND_MINOR:2566|OTH_CYA:1729,CENTRE_LEFT:2566|RIGHT:1729,OBSERVED_LAST_SURVIVOR_EXIT,LAST_SURVIVOR_TALLY_AT_CATEGORY_EXIT,2806,GRN,1061.0,0.3781183178902352,False
NSW,121,Grayndler,OTH,5,2,ALP>LNP>GRN>ON,2,1,4295,40978,David Bradbury,IND_MINOR,CENTRE_LEFT,2566,0.5974388824214203,0.5974388824214203,IND_MINOR:2566|OTH_CYA:1729,CENTRE_LEFT:2566|RIGHT:1729,OBSERVED_LAST_SURVIVOR_EXIT,LAST_SURVIVOR_TALLY_AT_CATEGORY_EXIT,2806,LNP,430.0,0.15324305060584462,False
NSW,121,Grayndler,OTH,5,2,ALP>LNP>GRN>ON,2,1,4295,40978,David Bradbury,IND_MINOR,CENTRE_LEFT,2566,0.5974388824214203,0.5974388824214203,IND_MINOR:2566|OTH_CYA:1729,CENTRE_LEFT:2566|RIGHT:1729,OBSERVED_LAST_SURVIVOR_EXIT,LAST_SURVIVOR_TALLY_AT_CATEGORY_EXIT,2806,ON,486.0,0.17320028510334998,False
NSW,121,Grayndler,OTH,5,2,ALP>LNP>GRN>ON,2,1,4295,40978,David Bradbury,IND_MINOR,CENTRE_LEFT,2566,0.5974388824214203,0.5974388824214203,IND_MINOR:2566|OTH_CYA:1729,CENTRE_LEFT:2566|RIGHT:1729,PROPORTIONAL_PRIMARY_ORIGIN_PASS_THROUGH,ALL_CATEGORY_PRIMARY_VOTES_TRACED_PROPORTIONALLY,4295,ALP,995.0,0.23166472642607683,True
NSW,121,Grayndler,OTH,5,2,ALP>LNP>GRN>ON,2,1,4295,40978,David Bradbury,IND_MINOR,CENTRE_LEFT,2566,0.5974388824214203,0.5974388824214203,IND_MINOR:2566|OTH_CYA:1729,CENTRE_LEFT:2566|RIGHT:1729,PROPORTIONAL_PRIMARY_ORIGIN_PASS_THROUGH,ALL_CATEGORY_PRIMARY_VOTES_TRACED_PROPORTIONALLY,4295,GRN,1202.0,0.27986030267753204,True
NSW,121,Grayndler,OTH,5,2,ALP>LNP>GRN>ON,2,1,4295,40978,David Bradbury,IND_MINOR,CENTRE_LEFT,2566,0.5974388824214203,0.5974388824214203,IND_MINOR:2566|OTH_CYA:1729,CENTRE_LEFT:2566|RIGHT:1729,PROPORTIONAL_PRIMARY_ORIGIN_PASS_THROUGH,ALL_CATEGORY_PRIMARY_VOTES_TRACED_PROPORTIONALLY,4295,LNP,815.0,0.18975552968568102,True
NSW,121,Grayndler,OTH,5,2,ALP>LNP>GRN>ON,2,1,4295,40978,David Bradbury,IND_MINOR,CENTRE_LEFT,2566,0.5974388824214203,0.5974388824214203,IND_MINOR:2566|OTH_CYA:1729,CENTRE_LEFT:2566|RIGHT:1729,PROPORTIONAL_PRIMARY_ORIGIN_PASS_THROUGH,ALL_CATEGORY_PRIMARY_VOTES_TRACED_PROPORTIONALLY,4295,ON,1283.0,0.29871944121071015,True
NSW,122,Greenway,GRN,3,5,ALP>LNP,1,0,11018,41572,Palaniappan Subramanian,GRN,,11018,1.0,1.0,GRN:11018,UNSPECIFIED:11018,OBSERVED_LAST_SURVIVOR_EXIT,LAST_SURVIVOR_TALLY_AT_CATEGORY_EXIT,14001,ALP,10609.0,0.7577315906006714,False
NSW,122,Greenway,GRN,3,5,ALP>LNP,1,0,11018,41572,Palaniappan Subramanian,GRN,,11018,1.0,1.0,GRN:11018,UNSPECIFIED:11018,OBSERVED_LAST_SURVIVOR_EXIT,LAST_SURVIVOR_TALLY_AT_CATEGORY_EXIT,14001,LNP,3392.0,0.24226840939932862,False
NSW,122,Greenway,GRN,3,5,ALP>LNP,1,0,11018,41572,Palaniappan Subramanian,GRN,,11018,1.0,1.0,GRN:11018,UNSPECIFIED:11018,PROPORTIONAL_PRIMARY_ORIGIN_PASS_THROUGH,ALL_CATEGORY_PRIMARY_VOTES_TRACED_PROPORTIONALLY,11018,ALP,8348.686665238198,0.7577315906006714,True
NSW,122,Greenway,GRN,3,5,ALP>LNP,1,0,11018,41572,Palaniappan Subramanian,GRN,,11018,1.0,1.0,GRN:11018,UNSPECIFIED:11018,PROPORTIONAL_PRIMARY_ORIGIN_PASS_THROUGH,ALL_CATEGORY_PRIMARY_VOTES_TRACED_PROPORTIONALLY,11018,LNP,2669.3133347618027,0.24226840939932862,True
NSW,122,Greenway,ON,4,4,ALP>LNP>GRN,1,0,4700,41934,Edwin Swann,ON,,4700,1.0,1.0,ON:4700,UNSPECIFIED:4700,OBSERVED_LAST_SURVIVOR_EXIT,LAST_SURVIVOR_TALLY_AT_CATEGORY_EXIT,7605,ALP,1884.0,0.24773175542406312,False
NSW,122,Greenway,ON,4,4,ALP>LNP>GRN,1,0,4700,41934,Edwin Swann,ON,,4700,1.0,1.0,ON:4700,UNSPECIFIED:4700,OBSERVED_LAST_SURVIVOR_EXIT,LAST_SURVIVOR_TALLY_AT_CATEGORY_EXIT,7605,GRN,1427.0,0.1876397107166338,False
NSW,122,Greenway,ON,4,4,ALP>LNP>GRN,1,0,4700,41934,Edwin Swann,ON,,4700,1.0,1.0,ON:4700,UNSPECIFIED:4700,OBSERVED_LAST_SURVIVOR_EXIT,LAST_SURVIVOR_TALLY_AT_CATEGORY_EXIT,7605,LNP,4294.0,0.5646285338593031,False
NSW,122,Greenway,ON,4,4,ALP>LNP>GRN,1,0,4700,41934,Edwin Swann,ON,,4700,1.0,1.0,ON:4700,UNSPECIFIED:4700,PROPORTIONAL_PRIMARY_ORIGIN_PASS_THROUGH,ALL_CATEGORY_PRIMARY_VOTES_TRACED_PROPORTIONALLY,4700,ALP,1164.3392504930966,0.24773175542406312,True
NSW,122,Greenway,ON,4,4,ALP>LNP>GRN,1,0,4700,41934,Edwin Swann,ON,,4700,1.0,1.0,ON:4700,UNSPECIFIED:4700,PROPORTIONAL_PRIMARY_ORIGIN_PASS_THROUGH,ALL_CATEGORY_PRIMARY_VOTES_TRACED_PROPORTIONALLY,4700,GRN,881.9066403681788,0.1876397107166338,True
NSW,122,Greenway,ON,4,4,ALP>LNP>GRN,1,0,4700,41934,Edwin Swann,ON,,4700,1.0,1.0,ON:4700,UNSPECIFIED:4700,PROPORTIONAL_PRIMARY_ORIGIN_PASS_THROUGH,ALL_CATEGORY_PRIMARY_VOTES_TRACED_PROPORTIONALLY,4700,LNP,2653.7541091387247,0.5646285338593031,True
NSW,122,Greenway,OTH,5,3,ALP>LNP>GRN>ON,3,2,7005,41729,Robert Stuckey,IND_MINOR,CENTRE,2711,0.3870092790863669,0.3870092790863669,IND_MINOR:2711|OTH_CYA:2663|OTH_LTP:1631,RIGHT:4294|CENTRE:2711,OBSERVED_LAST_SURVIVOR_EXIT,LAST_SURVIVOR_TALLY_AT_CATEGORY_EXIT,3471,ALP,696.0,0.20051858254105445,False
NSW,122,Greenway,OTH,5,3,ALP>LNP>GRN>ON,3,2,7005,41729,Robert Stuckey,IND_MINOR,CENTRE,2711,0.3870092790863669,0.3870092790863669,IND_MINOR:2711|OTH_CYA:2663|OTH_LTP:1631,RIGHT:4294|CENTRE:2711,OBSERVED_LAST_SURVIVOR_EXIT,LAST_SURVIVOR_TALLY_AT_CATEGORY_EXIT,3471,GRN,1280.0,0.36876980697205414,False
NSW,122,Greenway,OTH,5,3,ALP>LNP>GRN>ON,3,2,7005,41729,Robert Stuckey,IND_MINOR,CENTRE,2711,0.3870092790863669,0.3870092790863669,IND_MINOR:2711|OTH_CYA:2663|OTH_LTP:1631,RIGHT:4294|CENTRE:2711,OBSERVED_LAST_SURVIVOR_EXIT,LAST_SURVIVOR_TALLY_AT_CATEGORY_EXIT,3471,LNP,586.0,0.16882742725439354,False
NSW,122,Greenway,OTH,5,3,ALP>LNP>GRN>ON,3,2,7005,41729,Robert Stuckey,IND_MINOR,CENTRE,2711,0.3870092790863669,0.3870092790863669,IND_MINOR:2711|OTH_CYA:2663|OTH_LTP:1631,RIGHT:4294|CENTRE:2711,OBSERVED_LAST_SURVIVOR_EXIT,LAST_SURVIVOR_TALLY_AT_CATEGORY_EXIT,3471,ON,909.0,0.26188418323249785,False
NSW,122,Greenway,OTH,5,3,ALP>LNP>GRN>ON,3,2,7005,41729,Robert Stuckey,IND_MINOR,CENTRE,2711,0.3870092790863669,0.3870092790863669,IND_MINOR:2711|OTH_CYA:2663|OTH_LTP:1631,RIGHT:4294|CENTRE:2711,PROPORTIONAL_PRIMARY_ORIGIN_PASS_THROUGH,ALL_CATEGORY_PRIMARY_VOTES_TRACED_PROPORTIONALLY,7005,ALP,1223.0,0.1745895788722341,True
NSW,122,Greenway,OTH,5,3,ALP>LNP>GRN>ON,3,2,7005,41729,Robert Stuckey,IND_MINOR,CENTRE,2711,0.3870092790863669,0.3870092790863669,IND_MINOR:2711|OTH_CYA:2663|OTH_LTP:1631,RIGHT:4294|CENTRE:2711,PROPORTIONAL_PRIMARY_ORIGIN_PASS_THROUGH,ALL_CATEGORY_PRIMARY_VOTES_TRACED_PROPORTIONALLY,7005,GRN,1556.0,0.22212705210563882,True
NSW,122,Greenway,OTH,5,3,ALP>LNP>GRN>ON,3,2,7005,41729,Robert Stuckey,IND_MINOR,CENTRE,2711,0.3870092790863669,0.3870092790863669,IND_MINOR:2711|OTH_CYA:2663|OTH_LTP:1631,RIGHT:4294|CENTRE:2711,PROPORTIONAL_PRIMARY_ORIGIN_PASS_THROUGH,ALL_CATEGORY_PRIMARY_VOTES_TRACED_PROPORTIONALLY,7005,LNP,1321.0,0.18857958600999286,True
NSW,122,Greenway,OTH,5,3,ALP>LNP>GRN>ON,3,2,7005,41729,Robert Stuckey,IND_MINOR,CENTRE,2711,0.3870092790863669,0.3870092790863669,IND_MINOR:2711|OTH_CYA:2663|OTH_LTP:1631,RIGHT:4294|CENTRE:2711,PROPORTIONAL_PRIMARY_ORIGIN_PASS_THROUGH,ALL_CATEGORY_PRIMARY_VOTES_TRACED_PROPORTIONALLY,7005,ON,2905.0,0.4147037830121342,True
NSW,124,Hughes,GRN,3,6,ALP>LNP,1,0,11221,41579,Catherine Elizabeth Dyson,GRN,,11221,1.0,1.0,GRN:11221,UNSPECIFIED:11221,OBSERVED_LAST_SURVIVOR_EXIT,LAST_SURVIVOR_TALLY_AT_CATEGORY_EXIT,13768,ALP,11361.0,0.8251743172574085,False
NSW,124,Hughes,GRN,3,6,ALP>LNP,1,0,11221,41579,Catherine Elizabeth Dyson,GRN,,11221,1.0,1.0,GRN:11221,UNSPECIFIED:11221,OBSERVED_LAST_SURVIVOR_EXIT,LAST_SURVIVOR_TALLY_AT_CATEGORY_EXIT,13768,LNP,2407.0,0.17482568274259153,False
NSW,124,Hughes,GRN,3,6,ALP>LNP,1,0,11221,41579,Catherine Elizabeth Dyson,GRN,,11221,1.0,1.0,GRN:11221,UNSPECIFIED:11221,PROPORTIONAL_PRIMARY_ORIGIN_PASS_THROUGH,ALL_CATEGORY_PRIMARY_VOTES_TRACED_PROPORTIONALLY,11221,ALP,9259.281013945381,0.8251743172574085,True
NSW,124,Hughes,GRN,3,6,ALP>LNP,1,0,11221,41579,Catherine Elizabeth Dyson,GRN,,11221,1.0,1.0,GRN:11221,UNSPECIFIED:11221,PROPORTIONAL_PRIMARY_ORIGIN_PASS_THROUGH,ALL_CATEGORY_PRIMARY_VOTES_TRACED_PROPORTIONALLY,11221,LNP,1961.7189860546196,0.17482568274259153,True
NSW,124,Hughes,ON,4,5,ALP>LNP>GRN,1,0,5253,41962,Deborah Swinbourn,ON,,5253,1.0,1.0,ON:5253,UNSPECIFIED:5253,OBSERVED_LAST_SURVIVOR_EXIT,LAST_SURVIVOR_TALLY_AT_CATEGORY_EXIT,8852,ALP,1325.0,0.14968368730230455,False
NSW,124,Hughes,ON,4,5,ALP>LNP>GRN,1,0,5253,41962,Deborah Swinbourn,ON,,5253,1.0,1.0,ON:5253,UNSPECIFIED:5253,OBSERVED_LAST_SURVIVOR_EXIT,LAST_SURVIVOR_TALLY_AT_CATEGORY_EXIT,8852,GRN,1480.0,0.16719385449615906,False
NSW,124,Hughes,ON,4,5,ALP>LNP>GRN,1,0,5253,41962,Deborah Swinbourn,ON,,5253,1.0,1.0,ON:5253,UNSPECIFIED:5253,OBSERVED_LAST_SURVIVOR_EXIT,LAST_SURVIVOR_TALLY_AT_CATEGORY_EXIT,8852,LNP,6047.0,0.6831224582015364,False
NSW,124,Hughes,ON,4,5,ALP>LNP>GRN,1,0,5253,41962,Deborah Swinbourn,ON,,5253,1.0,1.0,ON:5253,UNSPECIFIED:5253,PROPORTIONAL_PRIMARY_ORIGIN_PASS_THROUGH,ALL_CATEGORY_PRIMARY_VOTES_TRACED_PROPORTIONALLY,5253,ALP,786.2884093990058,0.14968368730230455,True
NSW,124,Hughes,ON,4,5,ALP>LNP>GRN,1,0,5253,41962,Deborah Swinbourn,ON,,5253,1.0,1.0,ON:5253,UNSPECIFIED:5253,PROPORTIONAL_PRIMARY_ORIGIN_PASS_THROUGH,ALL_CATEGORY_PRIMARY_VOTES_TRACED_PROPORTIONALLY,5253,GRN,878.2693176683235,0.16719385449615906,True
NSW,124,Hughes,ON,4,5,ALP>LNP>GRN,1,0,5253,41962,Deborah Swinbourn,ON,,5253,1.0,1.0,ON:5253,UNSPECIFIED:5253,PROPORTIONAL_PRIMARY_ORIGIN_PASS_THROUGH,ALL_CATEGORY_PRIMARY_VOTES_TRACED_PROPORTIONALLY,5253,LNP,3588.4422729326707,0.6831224582015364,True
NSW,124,Hughes,OTH,5,4,ALP>LNP>GRN>ON,4,3,7659,41826,Nathaniel David Marsh,OTH_FFPA,RIGHT,2379,0.31061496278887585,0.31061496278887585,OTH_CYA:2777|OTH_FFPA:2379|OTH_LTP:1917|OTH_CEC:586,RIGHT:7073|CENTRE:586,OBSERVED_LAST_SURVIVOR_EXIT,LAST_SURVIVOR_TALLY_AT_CATEGORY_EXIT,3976,ALP,487.0,0.12248490945674044,False
NSW,124,Hughes,OTH,5,4,ALP>LNP>GRN>ON,4,3,7659,41826,Nathaniel David Marsh,OTH_FFPA,RIGHT,2379,0.31061496278887585,0.31061496278887585,OTH_CYA:2777|OTH_FFPA:2379|OTH_LTP:1917|OTH_CEC:586,RIGHT:7073|CENTRE:586,OBSERVED_LAST_SURVIVOR_EXIT,LAST_SURVIVOR_TALLY_AT_CATEGORY_EXIT,3976,GRN,581.0,0.14612676056338028,False
NSW,124,Hughes,OTH,5,4,ALP>LNP>GRN>ON,4,3,7659,41826,Nathaniel David Marsh,OTH_FFPA,RIGHT,2379,0.31061496278887585,0.31061496278887585,OTH_CYA:2777|OTH_FFPA:2379|OTH_LTP:1917|OTH_CEC:586,RIGHT:7073|CENTRE:586,OBSERVED_LAST_SURVIVOR_EXIT,LAST_SURVIVOR_TALLY_AT_CATEGORY_EXIT,3976,LNP,927.0,0.23314889336016095,False
NSW,124,Hughes,OTH,5,4,ALP>LNP>GRN>ON,4,3,7659,41826,Nathaniel David Marsh,OTH_FFPA,RIGHT,2379,0.31061496278887585,0.31061496278887585,OTH_CYA:2777|OTH_FFPA:2379|OTH_LTP:1917|OTH_CEC:586,RIGHT:7073|CENTRE:586,OBSERVED_LAST_SURVIVOR_EXIT,LAST_SURVIVOR_TALLY_AT_CATEGORY_EXIT,3976,ON,1981.0,0.4982394366197183,False
NSW,124,Hughes,OTH,5,4,ALP>LNP>GRN>ON,4,3,7659,41826,Nathaniel David Marsh,OTH_FFPA,RIGHT,2379,0.31061496278887585,0.31061496278887585,OTH_CYA:2777|OTH_FFPA:2379|OTH_LTP:1917|OTH_CEC:586,RIGHT:7073|CENTRE:586,PROPORTIONAL_PRIMARY_ORIGIN_PASS_THROUGH,ALL_CATEGORY_PRIMARY_VOTES_TRACED_PROPORTIONALLY,7659,ALP,1135.0,0.14819166993080038,True
NSW,124,Hughes,OTH,5,4,ALP>LNP>GRN>ON,4,3,7659,41826,Nathaniel David Marsh,OTH_FFPA,RIGHT,2379,0.31061496278887585,0.31061496278887585,OTH_CYA:2777|OTH_FFPA:2379|OTH_LTP:1917|OTH_CEC:586,RIGHT:7073|CENTRE:586,PROPORTIONAL_PRIMARY_ORIGIN_PASS_THROUGH,ALL_CATEGORY_PRIMARY_VOTES_TRACED_PROPORTIONALLY,7659,GRN,1067.0,0.13931322626974801,True
NSW,124,Hughes,OTH,5,4,ALP>LNP>GRN>ON,4,3,7659,41826,Nathaniel David Marsh,OTH_FFPA,RIGHT,2379,0.31061496278887585,0.31061496278887585,OTH_CYA:2777|OTH_FFPA:2379|OTH_LTP:1917|OTH_CEC:586,RIGHT:7073|CENTRE:586,PROPORTIONAL_PRIMARY_ORIGIN_PASS_THROUGH,ALL_CATEGORY_PRIMARY_VOTES_TRACED_PROPORTIONALLY,7659,LNP,1858.0,0.24259041650345997,True
NSW,124,Hughes,OTH,5,4,ALP>LNP>GRN>ON,4,3,7659,41826,Nathaniel David Marsh,OTH_FFPA,RIGHT,2379,0.31061496278887585,0.31061496278887585,OTH_CYA:2777|OTH_FFPA:2379|OTH_LTP:1917|OTH_CEC:586,RIGHT:7073|CENTRE:586,PROPORTIONAL_PRIMARY_ORIGIN_PASS_THROUGH,ALL_CATEGORY_PRIMARY_VOTES_TRACED_PROPORTIONALLY,7659,ON,3599.0,0.46990468729599166,True
NSW,125,Hume,ON,3,6,ALP>LNP,1,0,7967,41966,Helen Ducker,ON,,7967,1.0,1.0,ON:7967,UNSPECIFIED:7967,OBSERVED_LAST_SURVIVOR_EXIT,LAST_SURVIVOR_TALLY_AT_CATEGORY_EXIT,14508,ALP,4652.0,0.32065067548938514,False
NSW,125,Hume,ON,3,6,ALP>LNP,1,0,7967,41966,Helen Ducker,ON,,7967,1.0,1.0,ON:7967,UNSPECIFIED:7967,OBSERVED_LAST_SURVIVOR_EXIT,LAST_SURVIVOR_TALLY_AT_CATEGORY_EXIT,14508,LNP,9856.0,0.6793493245106148,False
NSW,125,Hume,ON,3,6,ALP>LNP,1,0,7967,41966,Helen Ducker,ON,,7967,1.0,1.0,ON:7967,UNSPECIFIED:7967,PROPORTIONAL_PRIMARY_ORIGIN_PASS_THROUGH,ALL_CATEGORY_PRIMARY_VOTES_TRACED_PROPORTIONALLY,7967,ALP,2554.623931623931,0.3206506754893851,True
NSW,125,Hume,ON,3,6,ALP>LNP,1,0,7967,41966,Helen Ducker,ON,,7967,1.0,1.0,ON:7967,UNSPECIFIED:7967,PROPORTIONAL_PRIMARY_ORIGIN_PASS_THROUGH,ALL_CATEGORY_PRIMARY_VOTES_TRACED_PROPORTIONALLY,7967,LNP,5412.376068376068,0.6793493245106148,True
NSW,125,Hume,GRN,4,5,ALP>LNP>ON,1,0,8455,41584,Steve Bruce,GRN,,8455,1.0,1.0,GRN:8455,UNSPECIFIED:8455,OBSERVED_LAST_SURVIVOR_EXIT,LAST_SURVIVOR_TALLY_AT_CATEGORY_EXIT,10419,ALP,7358.0,0.7062098090027834,False
NSW,125,Hume,GRN,4,5,ALP>LNP>ON,1,0,8455,41584,Steve Bruce,GRN,,8455,1.0,1.0,GRN:8455,UNSPECIFIED:8455,OBSERVED_LAST_SURVIVOR_EXIT,LAST_SURVIVOR_TALLY_AT_CATEGORY_EXIT,10419,LNP,1491.0,0.14310394471638352,False
NSW,125,Hume,GRN,4,5,ALP>LNP>ON,1,0,8455,41584,Steve Bruce,GRN,,8455,1.0,1.0,GRN:8455,UNSPECIFIED:8455,OBSERVED_LAST_SURVIVOR_EXIT,LAST_SURVIVOR_TALLY_AT_CATEGORY_EXIT,10419,ON,1570.0,0.1506862462808331,False
NSW,125,Hume,GRN,4,5,ALP>LNP>ON,1,0,8455,41584,Steve Bruce,GRN,,8455,1.0,1.0,GRN:8455,UNSPECIFIED:8455,PROPORTIONAL_PRIMARY_ORIGIN_PASS_THROUGH,ALL_CATEGORY_PRIMARY_VOTES_TRACED_PROPORTIONALLY,8455,ALP,5971.003935118533,0.7062098090027834,True
NSW,125,Hume,GRN,4,5,ALP>LNP>ON,1,0,8455,41584,Steve Bruce,GRN,,8455,1.0,1.0,GRN:8455,UNSPECIFIED:8455,PROPORTIONAL_PRIMARY_ORIGIN_PASS_THROUGH,ALL_CATEGORY_PRIMARY_VOTES_TRACED_PROPORTIONALLY,8455,LNP,1209.9438525770227,0.14310394471638352,True
NSW,125,Hume,GRN,4,5,ALP>LNP>ON,1,0,8455,41584,Steve Bruce,GRN,,8455,1.0,1.0,GRN:8455,UNSPECIFIED:8455,PROPORTIONAL_PRIMARY_ORIGIN_PASS_THROUGH,ALL_CATEGORY_PRIMARY_VOTES_TRACED_PROPORTIONALLY,8455,ON,1274.0522123044439,0.1506862462808331,True
NSW,125,Hume,OTH,5,4,ALP>LNP>GRN>ON,4,3,12357,41183,Peter Mclean,IND_MINOR,CENTRE_LEFT,4435,0.35890588330500933,0.35890588330500933,IND_MINOR:4435|OTH_CYA:3472|OTH_FFPA:2721|OTH_LTP:1729,RIGHT:7922|CENTRE_LEFT:4435,OBSERVED_LAST_SURVIVOR_EXIT,LAST_SURVIVOR_TALLY_AT_CATEGORY_EXIT,5615,ALP,1885.0,0.3357079252003562,False
NSW,125,Hume,OTH,5,4,ALP>LNP>GRN>ON,4,3,12357,41183,Peter Mclean,IND_MINOR,CENTRE_LEFT,4435,0.35890588330500933,0.35890588330500933,IND_MINOR:4435|OTH_CYA:3472|OTH_FFPA:2721|OTH_LTP:1729,RIGHT:7922|CENTRE_LEFT:4435,OBSERVED_LAST_SURVIVOR_EXIT,LAST_SURVIVOR_TALLY_AT_CATEGORY_EXIT,5615,GRN,1222.0,0.2176313446126447,False
NSW,125,Hume,OTH,5,4,ALP>LNP>GRN>ON,4,3,12357,41183,Peter Mclean,IND_MINOR,CENTRE_LEFT,4435,0.35890588330500933,0.35890588330500933,IND_MINOR:4435|OTH_CYA:3472|OTH_FFPA:2721|OTH_LTP:1729,RIGHT:7922|CENTRE_LEFT:4435,OBSERVED_LAST_SURVIVOR_EXIT,LAST_SURVIVOR_TALLY_AT_CATEGORY_EXIT,5615,LNP,1065.0,0.18967052537845058,False
NSW,125,Hume,OTH,5,4,ALP>LNP>GRN>ON,4,3,12357,41183,Peter Mclean,IND_MINOR,CENTRE_LEFT,4435,0.35890588330500933,0.35890588330500933,IND_MINOR:4435|OTH_CYA:3472|OTH_FFPA:2721|OTH_LTP:1729,RIGHT:7922|CENTRE_LEFT:4435,OBSERVED_LAST_SURVIVOR_EXIT,LAST_SURVIVOR_TALLY_AT_CATEGORY_EXIT,5615,ON,1443.0,0.2569902048085485,False
NSW,125,Hume,OTH,5,4,ALP>LNP>GRN>ON,4,3,12357,41183,Peter Mclean,IND_MINOR,CENTRE_LEFT,4435,0.35890588330500933,0.35890588330500933,IND_MINOR:4435|OTH_CYA:3472|OTH_FFPA:2721|OTH_LTP:1729,RIGHT:7922|CENTRE_LEFT:4435,PROPORTIONAL_PRIMARY_ORIGIN_PASS_THROUGH,ALL_CATEGORY_PRIMARY_VOTES_TRACED_PROPORTIONALLY,12357,ALP,2637.0,0.213401310997815,True
NSW,125,Hume,OTH,5,4,ALP>LNP>GRN>ON,4,3,12357,41183,Peter Mclean,IND_MINOR,CENTRE_LEFT,4435,0.35890588330500933,0.35890588330500933,IND_MINOR:4435|OTH_CYA:3472|OTH_FFPA:2721|OTH_LTP:1729,RIGHT:7922|CENTRE_LEFT:4435,PROPORTIONAL_PRIMARY_ORIGIN_PASS_THROUGH,ALL_CATEGORY_PRIMARY_VOTES_TRACED_PROPORTIONALLY,12357,GRN,1964.0,0.15893825362142916,True
NSW,125,Hume,OTH,5,4,ALP>LNP>GRN>ON,4,3,12357,41183,Peter Mclean,IND_MINOR,CENTRE_LEFT,4435,0.35890588330500933,0.35890588330500933,IND_MINOR:4435|OTH_CYA:3472|OTH_FFPA:2721|OTH_LTP:1729,RIGHT:7922|CENTRE_LEFT:4435,PROPORTIONAL_PRIMARY_ORIGIN_PASS_THROUGH,ALL_CATEGORY_PRIMARY_VOTES_TRACED_PROPORTIONALLY,12357,LNP,2785.0,0.2253783280731569,True
NSW,125,Hume,OTH,5,4,ALP>LNP>GRN>ON,4,3,12357,41183,Peter Mclean,IND_MINOR,CENTRE_LEFT,4435,0.35890588330500933,0.35890588330500933,IND_MINOR:4435|OTH_CYA:3472|OTH_FFPA:2721|OTH_LTP:1729,RIGHT:7922|CENTRE_LEFT:4435,PROPORTIONAL_PRIMARY_ORIGIN_PASS_THROUGH,ALL_CATEGORY_PRIMARY_VOTES_TRACED_PROPORTIONALLY,12357,ON,4971.0,0.40228210730759895,True
NSW,126,Hunter,LNP,3,7,ALP>ON,1,0,20290,41944,Sue Gilroy,NAT,,20290,1.0,1.0,NAT:20290,UNSPECIFIED:20290,OBSERVED_LAST_SURVIVOR_EXIT,LAST_SURVIVOR_TALLY_AT_CATEGORY_EXIT,24870,ALP,4954.0,0.1991958182549256,False
NSW,126,Hunter,LNP,3,7,ALP>ON,1,0,20290,41944,Sue Gilroy,NAT,,20290,1.0,1.0,NAT:20290,UNSPECIFIED:20290,OBSERVED_LAST_SURVIVOR_EXIT,LAST_SURVIVOR_TALLY_AT_CATEGORY_EXIT,24870,ON,19916.0,0.8008041817450744,False
NSW,126,Hunter,LNP,3,7,ALP>ON,1,0,20290,41944,Sue Gilroy,NAT,,20290,1.0,1.0,NAT:20290,UNSPECIFIED:20290,PROPORTIONAL_PRIMARY_ORIGIN_PASS_THROUGH,ALL_CATEGORY_PRIMARY_VOTES_TRACED_PROPORTIONALLY,20290,ALP,4041.6831523924407,0.1991958182549256,True
NSW,126,Hunter,LNP,3,7,ALP>ON,1,0,20290,41944,Sue Gilroy,NAT,,20290,1.0,1.0,NAT:20290,UNSPECIFIED:20290,PROPORTIONAL_PRIMARY_ORIGIN_PASS_THROUGH,ALL_CATEGORY_PRIMARY_VOTES_TRACED_PROPORTIONALLY,20290,ON,16248.316847607559,0.8008041817450744,True
NSW,126,Hunter,GRN,4,6,ALP>LNP>ON,1,0,8286,41634,Louise Stokes,GRN,,8286,1.0,1.0,GRN:8286,UNSPECIFIED:8286,OBSERVED_LAST_SURVIVOR_EXIT,LAST_SURVIVOR_TALLY_AT_CATEGORY_EXIT,11015,ALP,8228.0,0.7469813890149796,False
NSW,126,Hunter,GRN,4,6,ALP>LNP>ON,1,0,8286,41634,Louise Stokes,GRN,,8286,1.0,1.0,GRN:8286,UNSPECIFIED:8286,OBSERVED_LAST_SURVIVOR_EXIT,LAST_SURVIVOR_TALLY_AT_CATEGORY_EXIT,11015,LNP,1568.0,0.14235133908306855,False
NSW,126,Hunter,GRN,4,6,ALP>LNP>ON,1,0,8286,41634,Louise Stokes,GRN,,8286,1.0,1.0,GRN:8286,UNSPECIFIED:8286,OBSERVED_LAST_SURVIVOR_EXIT,LAST_SURVIVOR_TALLY_AT_CATEGORY_EXIT,11015,ON,1219.0,0.11066727190195189,False
NSW,126,Hunter,GRN,4,6,ALP>LNP>ON,1,0,8286,41634,Louise Stokes,GRN,,8286,1.0,1.0,GRN:8286,UNSPECIFIED:8286,PROPORTIONAL_PRIMARY_ORIGIN_PASS_THROUGH,ALL_CATEGORY_PRIMARY_VOTES_TRACED_PROPORTIONALLY,8286,ALP,6189.48778937812,0.7469813890149796,True
NSW,126,Hunter,GRN,4,6,ALP>LNP>ON,1,0,8286,41634,Louise Stokes,GRN,,8286,1.0,1.0,GRN:8286,UNSPECIFIED:8286,PROPORTIONAL_PRIMARY_ORIGIN_PASS_THROUGH,ALL_CATEGORY_PRIMARY_VOTES_TRACED_PROPORTIONALLY,8286,LNP,1179.523195642306,0.14235133908306855,True
NSW,126,Hunter,GRN,4,6,ALP>LNP>ON,1,0,8286,41634,Louise Stokes,GRN,,8286,1.0,1.0,GRN:8286,UNSPECIFIED:8286,PROPORTIONAL_PRIMARY_ORIGIN_PASS_THROUGH,ALL_CATEGORY_PRIMARY_VOTES_TRACED_PROPORTIONALLY,8286,ON,916.9890149795733,0.11066727190195189,True
NSW,126,Hunter,OTH,5,5,ALP>LNP>GRN>ON,5,4,16503,41948,Andrew David Fenwick,OTH_HMP,CENTRE_LEFT,5655,0.34266497000545354,0.34266497000545354,OTH_HMP:5655|OTH_CYA:4068|OTH_FFPA:2644|OTH_ASP:2507|OTH_AJP:1629,CENTRE_LEFT:7284|RIGHT:6712|CENTRE_RIGHT:2507,OBSERVED_LAST_SURVIVOR_EXIT,LAST_SURVIVOR_TALLY_AT_CATEGORY_EXIT,8123,ALP,2213.0,0.27243629201034103,False
NSW,126,Hunter,OTH,5,5,ALP>LNP>GRN>ON,5,4,16503,41948,Andrew David Fenwick,OTH_HMP,CENTRE_LEFT,5655,0.34266497000545354,0.34266497000545354,OTH_HMP:5655|OTH_CYA:4068|OTH_FFPA:2644|OTH_ASP:2507|OTH_AJP:1629,CENTRE_LEFT:7284|RIGHT:6712|CENTRE_RIGHT:2507,OBSERVED_LAST_SURVIVOR_EXIT,LAST_SURVIVOR_TALLY_AT_CATEGORY_EXIT,8123,GRN,1775.0,0.21851532684968608,False
NSW,126,Hunter,OTH,5,5,ALP>LNP>GRN>ON,5,4,16503,41948,Andrew David Fenwick,OTH_HMP,CENTRE_LEFT,5655,0.34266497000545354,0.34266497000545354,OTH_HMP:5655|OTH_CYA:4068|OTH_FFPA:2644|OTH_ASP:2507|OTH_AJP:1629,CENTRE_LEFT:7284|RIGHT:6712|CENTRE_RIGHT:2507,OBSERVED_LAST_SURVIVOR_EXIT,LAST_SURVIVOR_TALLY_AT_CATEGORY_EXIT,8123,LNP,1528.0,0.18810784193032132,False
NSW,126,Hunter,OTH,5,5,ALP>LNP>GRN>ON,5,4,16503,41948,Andrew David Fenwick,OTH_HMP,CENTRE_LEFT,5655,0.34266497000545354,0.34266497000545354,OTH_HMP:5655|OTH_CYA:4068|OTH_FFPA:2644|OTH_ASP:2507|OTH_AJP:1629,CENTRE_LEFT:7284|RIGHT:6712|CENTRE_RIGHT:2507,OBSERVED_LAST_SURVIVOR_EXIT,LAST_SURVIVOR_TALLY_AT_CATEGORY_EXIT,8123,ON,2607.0,0.3209405392096516,False
NSW,126,Hunter,OTH,5,5,ALP>LNP>GRN>ON,5,4,16503,41948,Andrew David Fenwick,OTH_HMP,CENTRE_LEFT,5655,0.34266497000545354,0.34266497000545354,OTH_HMP:5655|OTH_CYA:4068|OTH_FFPA:2644|OTH_ASP:2507|OTH_AJP:1629,CENTRE_LEFT:7284|RIGHT:6712|CENTRE_RIGHT:2507,PROPORTIONAL_PRIMARY_ORIGIN_PASS_THROUGH,ALL_CATEGORY_PRIMARY_VOTES_TRACED_PROPORTIONALLY,16503,ALP,4162.0,0.25219657032054776,True
NSW,126,Hunter,OTH,5,5,ALP>LNP>GRN>ON,5,4,16503,41948,Andrew David Fenwick,OTH_HMP,CENTRE_LEFT,5655,0.34266497000545354,0.34266497000545354,OTH_HMP:5655|OTH_CYA:4068|OTH_FFPA:2644|OTH_ASP:2507|OTH_AJP:1629,CENTRE_LEFT:7284|RIGHT:6712|CENTRE_RIGHT:2507,PROPORTIONAL_PRIMARY_ORIGIN_PASS_THROUGH,ALL_CATEGORY_PRIMARY_VOTES_TRACED_PROPORTIONALLY,16503,GRN,2729.0,0.16536387323516935,True
NSW,126,Hunter,OTH,5,5,ALP>LNP>GRN>ON,5,4,16503,41948,Andrew David Fenwick,OTH_HMP,CENTRE_LEFT,5655,0.34266497000545354,0.34266497000545354,OTH_HMP:5655|OTH_CYA:4068|OTH_FFPA:2644|OTH_ASP:2507|OTH_AJP:1629,CENTRE_LEFT:7284|RIGHT:6712|CENTRE_RIGHT:2507,PROPORTIONAL_PRIMARY_ORIGIN_PASS_THROUGH,ALL_CATEGORY_PRIMARY_VOTES_TRACED_PROPORTIONALLY,16503,LNP,3012.0,0.18251227049627342,True
NSW,126,Hunter,OTH,5,5,ALP>LNP>GRN>ON,5,4,16503,41948,Andrew David Fenwick,OTH_HMP,CENTRE_LEFT,5655,0.34266497000545354,0.34266497000545354,OTH_HMP:5655|OTH_CYA:4068|OTH_FFPA:2644|OTH_ASP:2507|OTH_AJP:1629,CENTRE_LEFT:7284|RIGHT:6712|CENTRE_RIGHT:2507,PROPORTIONAL_PRIMARY_ORIGIN_PASS_THROUGH,ALL_CATEGORY_PRIMARY_VOTES_TRACED_PROPORTIONALLY,16503,ON,6600.0,0.39992728594800947,True
NSW,127,Kingsford Smith,GRN,3,3,ALP>LNP,1,0,13440,41587,Keiron Brown,GRN,,13440,1.0,1.0,GRN:13440,UNSPECIFIED:13440,OBSERVED_LAST_SURVIVOR_EXIT,LAST_SURVIVOR_TALLY_AT_CATEGORY_EXIT,15610,ALP,13595.0,0.8709160794362588,False
NSW,127,Kingsford Smith,GRN,3,3,ALP>LNP,1,0,13440,41587,Keiron Brown,GRN,,13440,1.0,1.0,GRN:13440,UNSPECIFIED:13440,OBSERVED_LAST_SURVIVOR_EXIT,LAST_SURVIVOR_TALLY_AT_CATEGORY_EXIT,15610,LNP,2015.0,0.12908392056374118,False
NSW,127,Kingsford Smith,GRN,3,3,ALP>LNP,1,0,13440,41587,Keiron Brown,GRN,,13440,1.0,1.0,GRN:13440,UNSPECIFIED:13440,PROPORTIONAL_PRIMARY_ORIGIN_PASS_THROUGH,ALL_CATEGORY_PRIMARY_VOTES_TRACED_PROPORTIONALLY,13440,ALP,11705.11210762332,0.8709160794362589,True
NSW,127,Kingsford Smith,GRN,3,3,ALP>LNP,1,0,13440,41587,Keiron Brown,GRN,,13440,1.0,1.0,GRN:13440,UNSPECIFIED:13440,PROPORTIONAL_PRIMARY_ORIGIN_PASS_THROUGH,ALL_CATEGORY_PRIMARY_VOTES_TRACED_PROPORTIONALLY,13440,LNP,1734.8878923766815,0.12908392056374118,True
NSW,127,Kingsford Smith,ON,4,2,ALP>LNP>GRN,1,0,5865,42027,Mark Jelic,ON,,5865,1.0,1.0,ON:5865,UNSPECIFIED:5865,OBSERVED_LAST_SURVIVOR_EXIT,LAST_SURVIVOR_TALLY_AT_CATEGORY_EXIT,6440,ALP,1654.0,0.256832298136646,False
NSW,127,Kingsford Smith,ON,4,2,ALP>LNP>GRN,1,0,5865,42027,Mark Jelic,ON,,5865,1.0,1.0,ON:5865,UNSPECIFIED:5865,OBSERVED_LAST_SURVIVOR_EXIT,LAST_SURVIVOR_TALLY_AT_CATEGORY_EXIT,6440,GRN,822.0,0.12763975155279503,False
NSW,127,Kingsford Smith,ON,4,2,ALP>LNP>GRN,1,0,5865,42027,Mark Jelic,ON,,5865,1.0,1.0,ON:5865,UNSPECIFIED:5865,OBSERVED_LAST_SURVIVOR_EXIT,LAST_SURVIVOR_TALLY_AT_CATEGORY_EXIT,6440,LNP,3964.0,0.615527950310559,False
NSW,127,Kingsford Smith,ON,4,2,ALP>LNP>GRN,1,0,5865,42027,Mark Jelic,ON,,5865,1.0,1.0,ON:5865,UNSPECIFIED:5865,PROPORTIONAL_PRIMARY_ORIGIN_PASS_THROUGH,ALL_CATEGORY_PRIMARY_VOTES_TRACED_PROPORTIONALLY,5865,ALP,1506.3214285714287,0.256832298136646,True
NSW,127,Kingsford Smith,ON,4,2,ALP>LNP>GRN,1,0,5865,42027,Mark Jelic,ON,,5865,1.0,1.0,ON:5865,UNSPECIFIED:5865,PROPORTIONAL_PRIMARY_ORIGIN_PASS_THROUGH,ALL_CATEGORY_PRIMARY_VOTES_TRACED_PROPORTIONALLY,5865,GRN,748.6071428571429,0.12763975155279503,True
NSW,127,Kingsford Smith,ON,4,2,ALP>LNP>GRN,1,0,5865,42027,Mark Jelic,ON,,5865,1.0,1.0,ON:5865,UNSPECIFIED:5865,PROPORTIONAL_PRIMARY_ORIGIN_PASS_THROUGH,ALL_CATEGORY_PRIMARY_VOTES_TRACED_PROPORTIONALLY,5865,LNP,3610.0714285714284,0.615527950310559,True
NSW,127,Kingsford Smith,OTH,5,1,ALP>LNP>GRN>ON,1,0,3557,41978,Elsa Parker,IND_MINOR,CENTRE_LEFT,3557,1.0,1.0,IND_MINOR:3557,CENTRE_LEFT:3557,OBSERVED_LAST_SURVIVOR_EXIT,LAST_SURVIVOR_TALLY_AT_CATEGORY_EXIT,3557,ALP,1009.0,0.28366601068315994,False
NSW,127,Kingsford Smith,OTH,5,1,ALP>LNP>GRN>ON,1,0,3557,41978,Elsa Parker,IND_MINOR,CENTRE_LEFT,3557,1.0,1.0,IND_MINOR:3557,CENTRE_LEFT:3557,OBSERVED_LAST_SURVIVOR_EXIT,LAST_SURVIVOR_TALLY_AT_CATEGORY_EXIT,3557,GRN,1348.0,0.37897104301377565,False
NSW,127,Kingsford Smith,OTH,5,1,ALP>LNP>GRN>ON,1,0,3557,41978,Elsa Parker,IND_MINOR,CENTRE_LEFT,3557,1.0,1.0,IND_MINOR:3557,CENTRE_LEFT:3557,OBSERVED_LAST_SURVIVOR_EXIT,LAST_SURVIVOR_TALLY_AT_CATEGORY_EXIT,3557,LNP,625.0,0.17570986786617937,False
NSW,127,Kingsford Smith,OTH,5,1,ALP>LNP>GRN>ON,1,0,3557,41978,Elsa Parker,IND_MINOR,CENTRE_LEFT,3557,1.0,1.0,IND_MINOR:3557,CENTRE_LEFT:3557,OBSERVED_LAST_SURVIVOR_EXIT,LAST_SURVIVOR_TALLY_AT_CATEGORY_EXIT,3557,ON,575.0,0.161653078436885,False
NSW,127,Kingsford Smith,OTH,5,1,ALP>LNP>GRN>ON,1,0,3557,41978,Elsa Parker,IND_MINOR,CENTRE_LEFT,3557,1.0,1.0,IND_MINOR:3557,CENTRE_LEFT:3557,PROPORTIONAL_PRIMARY_ORIGIN_PASS_THROUGH,ALL_CATEGORY_PRIMARY_VOTES_TRACED_PROPORTIONALLY,3557,ALP,1008.9999999999999,0.28366601068315994,True
NSW,127,Kingsford Smith,OTH,5,1,ALP>LNP>GRN>ON,1,0,3557,41978,Elsa Parker,IND_MINOR,CENTRE_LEFT,3557,1.0,1.0,IND_MINOR:3557,CENTRE_LEFT:3557,PROPORTIONAL_PRIMARY_ORIGIN_PASS_THROUGH,ALL_CATEGORY_PRIMARY_VOTES_TRACED_PROPORTIONALLY,3557,GRN,1348.0,0.37897104301377565,True
NSW,127,Kingsford Smith,OTH,5,1,ALP>LNP>GRN>ON,1,0,3557,41978,Elsa Parker,IND_MINOR,CENTRE_LEFT,3557,1.0,1.0,IND_MINOR:3557,CENTRE_LEFT:3557,PROPORTIONAL_PRIMARY_ORIGIN_PASS_THROUGH,ALL_CATEGORY_PRIMARY_VOTES_TRACED_PROPORTIONALLY,3557,LNP,625.0,0.17570986786617937,True
NSW,127,Kingsford Smith,OTH,5,1,ALP>LNP>GRN>ON,1,0,3557,41978,Elsa Parker,IND_MINOR,CENTRE_LEFT,3557,1.0,1.0,IND_MINOR:3557,CENTRE_LEFT:3557,PROPORTIONAL_PRIMARY_ORIGIN_PASS_THROUGH,ALL_CATEGORY_PRIMARY_VOTES_TRACED_PROPORTIONALLY,3557,ON,575.0,0.161653078436885,True
NSW,128,Lindsay,ON,3,8,ALP>LNP,1,0,6736,41961,Christopher Buckley,ON,,6736,1.0,1.0,ON:6736,UNSPECIFIED:6736,OBSERVED_LAST_SURVIVOR_EXIT,LAST_SURVIVOR_TALLY_AT_CATEGORY_EXIT,12992,ALP,4323.0,0.3327432266009852,False
NSW,128,Lindsay,ON,3,8,ALP>LNP,1,0,6736,41961,Christopher Buckley,ON,,6736,1.0,1.0,ON:6736,UNSPECIFIED:6736,OBSERVED_LAST_SURVIVOR_EXIT,LAST_SURVIVOR_TALLY_AT_CATEGORY_EXIT,12992,LNP,8669.0,0.6672567733990148,False
NSW,128,Lindsay,ON,3,8,ALP>LNP,1,0,6736,41961,Christopher Buckley,ON,,6736,1.0,1.0,ON:6736,UNSPECIFIED:6736,PROPORTIONAL_PRIMARY_ORIGIN_PASS_THROUGH,ALL_CATEGORY_PRIMARY_VOTES_TRACED_PROPORTIONALLY,6736,ALP,2241.3583743842364,0.3327432266009852,True
NSW,128,Lindsay,ON,3,8,ALP>LNP,1,0,6736,41961,Christopher Buckley,ON,,6736,1.0,1.0,ON:6736,UNSPECIFIED:6736,PROPORTIONAL_PRIMARY_ORIGIN_PASS_THROUGH,ALL_CATEGORY_PRIMARY_VOTES_TRACED_PROPORTIONALLY,6736,LNP,4494.641625615764,0.6672567733990148,True
NSW,128,Lindsay,GRN,4,7,ALP>LNP>ON,1,0,9416,41594,Aaron David Mcallister,GRN,,9416,1.0,1.0,GRN:9416,UNSPECIFIED:9416,OBSERVED_LAST_SURVIVOR_EXIT,LAST_SURVIVOR_TALLY_AT_CATEGORY_EXIT,11453,ALP,8585.0,0.7495852615035362,False
NSW,128,Lindsay,GRN,4,7,ALP>LNP>ON,1,0,9416,41594,Aaron David Mcallister,GRN,,9416,1.0,1.0,GRN:9416,UNSPECIFIED:9416,OBSERVED_LAST_SURVIVOR_EXIT,LAST_SURVIVOR_TALLY_AT_CATEGORY_EXIT,11453,LNP,1401.0,0.1223260281149044,False
NSW,128,Lindsay,GRN,4,7,ALP>LNP>ON,1,0,9416,41594,Aaron David Mcallister,GRN,,9416,1.0,1.0,GRN:9416,UNSPECIFIED:9416,OBSERVED_LAST_SURVIVOR_EXIT,LAST_SURVIVOR_TALLY_AT_CATEGORY_EXIT,11453,ON,1467.0,0.12808871038155942,False
NSW,128,Lindsay,GRN,4,7,ALP>LNP>ON,1,0,9416,41594,Aaron David Mcallister,GRN,,9416,1.0,1.0,GRN:9416,UNSPECIFIED:9416,PROPORTIONAL_PRIMARY_ORIGIN_PASS_THROUGH,ALL_CATEGORY_PRIMARY_VOTES_TRACED_PROPORTIONALLY,9416,ALP,7058.094822317297,0.7495852615035362,True
NSW,128,Lindsay,GRN,4,7,ALP>LNP>ON,1,0,9416,41594,Aaron David Mcallister,GRN,,9416,1.0,1.0,GRN:9416,UNSPECIFIED:9416,PROPORTIONAL_PRIMARY_ORIGIN_PASS_THROUGH,ALL_CATEGORY_PRIMARY_VOTES_TRACED_PROPORTIONALLY,9416,LNP,1151.8218807299397,0.1223260281149044,True
NSW,128,Lindsay,GRN,4,7,ALP>LNP>ON,1,0,9416,41594,Aaron David Mcallister,GRN,,9416,1.0,1.0,GRN:9416,UNSPECIFIED:9416,PROPORTIONAL_PRIMARY_ORIGIN_PASS_THROUGH,ALL_CATEGORY_PRIMARY_VOTES_TRACED_PROPORTIONALLY,9416,ON,1206.0832969527635,0.12808871038155942,True
NSW,128,Lindsay,OTH,5,6,ALP>LNP>GRN>ON,6,5,11489,41952,Antony Victor Emmanuel,OTH_FFPA,RIGHT,2413,0.21002698233092523,0.21002698233092523,OTH_CYA:2994|OTH_FFPA:2413|OTH_AJP:1910|OTH_ASP:1844|OTH_IMO:1229|IND_MINOR:1099,RIGHT:5407|CENTRE_RIGHT:3073|CENTRE_LEFT:1910|CENTRE:1099,OBSERVED_LAST_SURVIVOR_EXIT,LAST_SURVIVOR_TALLY_AT_CATEGORY_EXIT,4244,ALP,490.0,0.11545711592836946,False
NSW,128,Lindsay,OTH,5,6,ALP>LNP>GRN>ON,6,5,11489,41952,Antony Victor Emmanuel,OTH_FFPA,RIGHT,2413,0.21002698233092523,0.21002698233092523,OTH_CYA:2994|OTH_FFPA:2413|OTH_AJP:1910|OTH_ASP:1844|OTH_IMO:1229|IND_MINOR:1099,RIGHT:5407|CENTRE_RIGHT:3073|CENTRE_LEFT:1910|CENTRE:1099,OBSERVED_LAST_SURVIVOR_EXIT,LAST_SURVIVOR_TALLY_AT_CATEGORY_EXIT,4244,GRN,722.0,0.1701225259189444,False
NSW,128,Lindsay,OTH,5,6,ALP>LNP>GRN>ON,6,5,11489,41952,Antony Victor Emmanuel,OTH_FFPA,RIGHT,2413,0.21002698233092523,0.21002698233092523,OTH_CYA:2994|OTH_FFPA:2413|OTH_AJP:1910|OTH_ASP:1844|OTH_IMO:1229|IND_MINOR:1099,RIGHT:5407|CENTRE_RIGHT:3073|CENTRE_LEFT:1910|CENTRE:1099,OBSERVED_LAST_SURVIVOR_EXIT,LAST_SURVIVOR_TALLY_AT_CATEGORY_EXIT,4244,LNP,1260.0,0.29688972667295005,False
NSW,128,Lindsay,OTH,5,6,ALP>LNP>GRN>ON,6,5,11489,41952,Antony Victor Emmanuel,OTH_FFPA,RIGHT,2413,0.21002698233092523,0.21002698233092523,OTH_CYA:2994|OTH_FFPA:2413|OTH_AJP:1910|OTH_ASP:1844|OTH_IMO:1229|IND_MINOR:1099,RIGHT:5407|CENTRE_RIGHT:3073|CENTRE_LEFT:1910|CENTRE:1099,OBSERVED_LAST_SURVIVOR_EXIT,LAST_SURVIVOR_TALLY_AT_CATEGORY_EXIT,4244,ON,1772.0,0.4175306314797361,False
NSW,128,Lindsay,OTH,5,6,ALP>LNP>GRN>ON,6,5,11489,41952,Antony Victor Emmanuel,OTH_FFPA,RIGHT,2413,0.21002698233092523,0.21002698233092523,OTH_CYA:2994|OTH_FFPA:2413|OTH_AJP:1910|OTH_ASP:1844|OTH_IMO:1229|IND_MINOR:1099,RIGHT:5407|CENTRE_RIGHT:3073|CENTRE_LEFT:1910|CENTRE:1099,PROPORTIONAL_PRIMARY_ORIGIN_PASS_THROUGH,ALL_CATEGORY_PRIMARY_VOTES_TRACED_PROPORTIONALLY,11489,ALP,1931.9999999999995,0.1681608495082252,True
NSW,128,Lindsay,OTH,5,6,ALP>LNP>GRN>ON,6,5,11489,41952,Antony Victor Emmanuel,OTH_FFPA,RIGHT,2413,0.21002698233092523,0.21002698233092523,OTH_CYA:2994|OTH_FFPA:2413|OTH_AJP:1910|OTH_ASP:1844|OTH_IMO:1229|IND_MINOR:1099,RIGHT:5407|CENTRE_RIGHT:3073|CENTRE_LEFT:1910|CENTRE:1099,PROPORTIONAL_PRIMARY_ORIGIN_PASS_THROUGH,ALL_CATEGORY_PRIMARY_VOTES_TRACED_PROPORTIONALLY,11489,GRN,2037.0,0.17730002611193316,True
NSW,128,Lindsay,OTH,5,6,ALP>LNP>GRN>ON,6,5,11489,41952,Antony Victor Emmanuel,OTH_FFPA,RIGHT,2413,0.21002698233092523,0.21002698233092523,OTH_CYA:2994|OTH_FFPA:2413|OTH_AJP:1910|OTH_ASP:1844|OTH_IMO:1229|IND_MINOR:1099,RIGHT:5407|CENTRE_RIGHT:3073|CENTRE_LEFT:1910|CENTRE:1099,PROPORTIONAL_PRIMARY_ORIGIN_PASS_THROUGH,ALL_CATEGORY_PRIMARY_VOTES_TRACED_PROPORTIONALLY,11489,LNP,2731.0,0.23770563147358342,True
NSW,128,Lindsay,OTH,5,6,ALP>LNP>GRN>ON,6,5,11489,41952,Antony Victor Emmanuel,OTH_FFPA,RIGHT,2413,0.21002698233092523,0.21002698233092523,OTH_CYA:2994|OTH_FFPA:2413|OTH_AJP:1910|OTH_ASP:1844|OTH_IMO:1229|IND_MINOR:1099,RIGHT:5407|CENTRE_RIGHT:3073|CENTRE_LEFT:1910|CENTRE:1099,PROPORTIONAL_PRIMARY_ORIGIN_PASS_THROUGH,ALL_CATEGORY_PRIMARY_VOTES_TRACED_PROPORTIONALLY,11489,ON,4789.0,0.41683349290625815,True
NSW,130,Lyne,IND,3,8,ALP>LNP,1,0,16943,41973,Jeremy Miller,IND_PROMINENT,CENTRE_LEFT,16943,1.0,1.0,IND_PROMINENT:16943,CENTRE_LEFT:16943,OBSERVED_LAST_SURVIVOR_EXIT,LAST_SURVIVOR_TALLY_AT_CATEGORY_EXIT,28390,ALP,14310.0,0.5040507220852413,False
NSW,130,Lyne,IND,3,8,ALP>LNP,1,0,16943,41973,Jeremy Miller,IND_PROMINENT,CENTRE_LEFT,16943,1.0,1.0,IND_PROMINENT:16943,CENTRE_LEFT:16943,OBSERVED_LAST_SURVIVOR_EXIT,LAST_SURVIVOR_TALLY_AT_CATEGORY_EXIT,28390,LNP,14080.0,0.49594927791475873,False
NSW,130,Lyne,IND,3,8,ALP>LNP,1,0,16943,41973,Jeremy Miller,IND_PROMINENT,CENTRE_LEFT,16943,1.0,1.0,IND_PROMINENT:16943,CENTRE_LEFT:16943,PROPORTIONAL_PRIMARY_ORIGIN_PASS_THROUGH,ALL_CATEGORY_PRIMARY_VOTES_TRACED_PROPORTIONALLY,16943,ALP,8540.131384290244,0.5040507220852413,True
NSW,130,Lyne,IND,3,8,ALP>LNP,1,0,16943,41973,Jeremy Miller,IND_PROMINENT,CENTRE_LEFT,16943,1.0,1.0,IND_PROMINENT:16943,CENTRE_LEFT:16943,PROPORTIONAL_PRIMARY_ORIGIN_PASS_THROUGH,ALL_CATEGORY_PRIMARY_VOTES_TRACED_PROPORTIONALLY,16943,LNP,8402.868615709756,0.4959492779147587,True
NSW,130,Lyne,ON,4,7,ALP>LNP>IND,1,0,9174,41878,Colin Hughes,ON,,9174,1.0,1.0,ON:9174,UNSPECIFIED:9174,OBSERVED_LAST_SURVIVOR_EXIT,LAST_SURVIVOR_TALLY_AT_CATEGORY_EXIT,15078,ALP,1725.0,0.11440509351372861,False
NSW,130,Lyne,ON,4,7,ALP>LNP>IND,1,0,9174,41878,Colin Hughes,ON,,9174,1.0,1.0,ON:9174,UNSPECIFIED:9174,OBSERVED_LAST_SURVIVOR_EXIT,LAST_SURVIVOR_TALLY_AT_CATEGORY_EXIT,15078,IND,5352.0,0.3549542379625945,False
NSW,130,Lyne,ON,4,7,ALP>LNP>IND,1,0,9174,41878,Colin Hughes,ON,,9174,1.0,1.0,ON:9174,UNSPECIFIED:9174,OBSERVED_LAST_SURVIVOR_EXIT,LAST_SURVIVOR_TALLY_AT_CATEGORY_EXIT,15078,LNP,8001.0,0.5306406685236769,False
NSW,130,Lyne,ON,4,7,ALP>LNP>IND,1,0,9174,41878,Colin Hughes,ON,,9174,1.0,1.0,ON:9174,UNSPECIFIED:9174,PROPORTIONAL_PRIMARY_ORIGIN_PASS_THROUGH,ALL_CATEGORY_PRIMARY_VOTES_TRACED_PROPORTIONALLY,9174,ALP,1049.5523278949463,0.11440509351372861,True
NSW,130,Lyne,ON,4,7,ALP>LNP>IND,1,0,9174,41878,Colin Hughes,ON,,9174,1.0,1.0,ON:9174,UNSPECIFIED:9174,PROPORTIONAL_PRIMARY_ORIGIN_PASS_THROUGH,ALL_CATEGORY_PRIMARY_VOTES_TRACED_PROPORTIONALLY,9174,IND,3256.350179068842,0.3549542379625945,True
NSW,130,Lyne,ON,4,7,ALP>LNP>IND,1,0,9174,41878,Colin Hughes,ON,,9174,1.0,1.0,ON:9174,UNSPECIFIED:9174,PROPORTIONAL_PRIMARY_ORIGIN_PASS_THROUGH,ALL_CATEGORY_PRIMARY_VOTES_TRACED_PROPORTIONALLY,9174,LNP,4868.097493036212,0.5306406685236769,True
NSW,130,Lyne,GRN,5,6,ALP>LNP>ON>IND,1,0,6977,41601,Tom Ferrier,GRN,,6977,1.0,1.0,GRN:6977,UNSPECIFIED:6977,OBSERVED_LAST_SURVIVOR_EXIT,LAST_SURVIVOR_TALLY_AT_CATEGORY_EXIT,8965,ALP,4712.0,0.5255995538204127,False
NSW,130,Lyne,GRN,5,6,ALP>LNP>ON>IND,1,0,6977,41601,Tom Ferrier,GRN,,6977,1.0,1.0,GRN:6977,UNSPECIFIED:6977,OBSERVED_LAST_SURVIVOR_EXIT,LAST_SURVIVOR_TALLY_AT_CATEGORY_EXIT,8965,IND,2883.0,0.32158393753485776,False
NSW,130,Lyne,GRN,5,6,ALP>LNP>ON>IND,1,0,6977,41601,Tom Ferrier,GRN,,6977,1.0,1.0,GRN:6977,UNSPECIFIED:6977,OBSERVED_LAST_SURVIVOR_EXIT,LAST_SURVIVOR_TALLY_AT_CATEGORY_EXIT,8965,LNP,704.0,0.0785276073619632,False
NSW,130,Lyne,GRN,5,6,ALP>LNP>ON>IND,1,0,6977,41601,Tom Ferrier,GRN,,6977,1.0,1.0,GRN:6977,UNSPECIFIED:6977,OBSERVED_LAST_SURVIVOR_EXIT,LAST_SURVIVOR_TALLY_AT_CATEGORY_EXIT,8965,ON,666.0,0.07428890128276631,False
NSW,130,Lyne,GRN,5,6,ALP>LNP>ON>IND,1,0,6977,41601,Tom Ferrier,GRN,,6977,1.0,1.0,GRN:6977,UNSPECIFIED:6977,PROPORTIONAL_PRIMARY_ORIGIN_PASS_THROUGH,ALL_CATEGORY_PRIMARY_VOTES_TRACED_PROPORTIONALLY,6977,ALP,3667.108087005019,0.5255995538204127,True
NSW,130,Lyne,GRN,5,6,ALP>LNP>ON>IND,1,0,6977,41601,Tom Ferrier,GRN,,6977,1.0,1.0,GRN:6977,UNSPECIFIED:6977,PROPORTIONAL_PRIMARY_ORIGIN_PASS_THROUGH,ALL_CATEGORY_PRIMARY_VOTES_TRACED_PROPORTIONALLY,6977,IND,2243.6911321807024,0.32158393753485776,True
NSW,130,Lyne,GRN,5,6,ALP>LNP>ON>IND,1,0,6977,41601,Tom Ferrier,GRN,,6977,1.0,1.0,GRN:6977,UNSPECIFIED:6977,PROPORTIONAL_PRIMARY_ORIGIN_PASS_THROUGH,ALL_CATEGORY_PRIMARY_VOTES_TRACED_PROPORTIONALLY,6977,LNP,547.8871165644172,0.0785276073619632,True
NSW,130,Lyne,GRN,5,6,ALP>LNP>ON>IND,1,0,6977,41601,Tom Ferrier,GRN,,6977,1.0,1.0,GRN:6977,UNSPECIFIED:6977,PROPORTIONAL_PRIMARY_ORIGIN_PASS_THROUGH,ALL_CATEGORY_PRIMARY_VOTES_TRACED_PROPORTIONALLY,6977,ON,518.3136642498606,0.07428890128276631,True
NSW,130,Lyne,OTH,6,5,ALP>LNP>GRN>ON>IND,5,4,14960,41928,Keys Manley,OTH_HMP,CENTRE_LEFT,5995,0.4007352941176471,0.4007352941176471,OTH_HMP:5995|OTH_LTP:4165|OTH_CYA:2690|OTH_FFPA:1662|OTH_CEC:448,RIGHT:8517|CENTRE_LEFT:5995|CENTRE:448,OBSERVED_LAST_SURVIVOR_EXIT,LAST_SURVIVOR_TALLY_AT_CATEGORY_EXIT,7245,ALP,1069.0,0.14755003450655624,False
NSW,130,Lyne,OTH,6,5,ALP>LNP>GRN>ON>IND,5,4,14960,41928,Keys Manley,OTH_HMP,CENTRE_LEFT,5995,0.4007352941176471,0.4007352941176471,OTH_HMP:5995|OTH_LTP:4165|OTH_CYA:2690|OTH_FFPA:1662|OTH_CEC:448,RIGHT:8517|CENTRE_LEFT:5995|CENTRE:448,OBSERVED_LAST_SURVIVOR_EXIT,LAST_SURVIVOR_TALLY_AT_CATEGORY_EXIT,7245,GRN,1595.0,0.22015182884748102,False
NSW,130,Lyne,OTH,6,5,ALP>LNP>GRN>ON>IND,5,4,14960,41928,Keys Manley,OTH_HMP,CENTRE_LEFT,5995,0.4007352941176471,0.4007352941176471,OTH_HMP:5995|OTH_LTP:4165|OTH_CYA:2690|OTH_FFPA:1662|OTH_CEC:448,RIGHT:8517|CENTRE_LEFT:5995|CENTRE:448,OBSERVED_LAST_SURVIVOR_EXIT,LAST_SURVIVOR_TALLY_AT_CATEGORY_EXIT,7245,IND,2062.0,0.2846100759144237,False
NSW,130,Lyne,OTH,6,5,ALP>LNP>GRN>ON>IND,5,4,14960,41928,Keys Manley,OTH_HMP,CENTRE_LEFT,5995,0.4007352941176471,0.4007352941176471,OTH_HMP:5995|OTH_LTP:4165|OTH_CYA:2690|OTH_FFPA:1662|OTH_CEC:448,RIGHT:8517|CENTRE_LEFT:5995|CENTRE:448,OBSERVED_LAST_SURVIVOR_EXIT,LAST_SURVIVOR_TALLY_AT_CATEGORY_EXIT,7245,LNP,962.0,0.13278122843340234,False
NSW,130,Lyne,OTH,6,5,ALP>LNP>GRN>ON>IND,5,4,14960,41928,Keys Manley,OTH_HMP,CENTRE_LEFT,5995,0.4007352941176471,0.4007352941176471,OTH_HMP:5995|OTH_LTP:4165|OTH_CYA:2690|OTH_FFPA:1662|OTH_CEC:448,RIGHT:8517|CENTRE_LEFT:5995|CENTRE:448,OBSERVED_LAST_SURVIVOR_EXIT,LAST_SURVIVOR_TALLY_AT_CATEGORY_EXIT,7245,ON,1557.0,0.21490683229813665,False
NSW,130,Lyne,OTH,6,5,ALP>LNP>GRN>ON>IND,5,4,14960,41928,Keys Manley,OTH_HMP,CENTRE_LEFT,5995,0.4007352941176471,0.4007352941176471,OTH_HMP:5995|OTH_LTP:4165|OTH_CYA:2690|OTH_FFPA:1662|OTH_CEC:448,RIGHT:8517|CENTRE_LEFT:5995|CENTRE:448,PROPORTIONAL_PRIMARY_ORIGIN_PASS_THROUGH,ALL_CATEGORY_PRIMARY_VOTES_TRACED_PROPORTIONALLY,14960,ALP,1567.0,0.10474598930481284,True
NSW,130,Lyne,OTH,6,5,ALP>LNP>GRN>ON>IND,5,4,14960,41928,Keys Manley,OTH_HMP,CENTRE_LEFT,5995,0.4007352941176471,0.4007352941176471,OTH_HMP:5995|OTH_LTP:4165|OTH_CYA:2690|OTH_FFPA:1662|OTH_CEC:448,RIGHT:8517|CENTRE_LEFT:5995|CENTRE:448,PROPORTIONAL_PRIMARY_ORIGIN_PASS_THROUGH,ALL_CATEGORY_PRIMARY_VOTES_TRACED_PROPORTIONALLY,14960,GRN,1987.9999999999998,0.13288770053475935,True
NSW,130,Lyne,OTH,6,5,ALP>LNP>GRN>ON>IND,5,4,14960,41928,Keys Manley,OTH_HMP,CENTRE_LEFT,5995,0.4007352941176471,0.4007352941176471,OTH_HMP:5995|OTH_LTP:4165|OTH_CYA:2690|OTH_FFPA:1662|OTH_CEC:448,RIGHT:8517|CENTRE_LEFT:5995|CENTRE:448,PROPORTIONAL_PRIMARY_ORIGIN_PASS_THROUGH,ALL_CATEGORY_PRIMARY_VOTES_TRACED_PROPORTIONALLY,14960,IND,3212.0,0.21470588235294116,True
NSW,130,Lyne,OTH,6,5,ALP>LNP>GRN>ON>IND,5,4,14960,41928,Keys Manley,OTH_HMP,CENTRE_LEFT,5995,0.4007352941176471,0.4007352941176471,OTH_HMP:5995|OTH_LTP:4165|OTH_CYA:2690|OTH_FFPA:1662|OTH_CEC:448,RIGHT:8517|CENTRE_LEFT:5995|CENTRE:448,PROPORTIONAL_PRIMARY_ORIGIN_PASS_THROUGH,ALL_CATEGORY_PRIMARY_VOTES_TRACED_PROPORTIONALLY,14960,LNP,2955.0,0.19752673796791445,True
NSW,130,Lyne,OTH,6,5,ALP>LNP>GRN>ON>IND,5,4,14960,41928,Keys Manley,OTH_HMP,CENTRE_LEFT,5995,0.4007352941176471,0.4007352941176471,OTH_HMP:5995|OTH_LTP:4165|OTH_CYA:2690|OTH_FFPA:1662|OTH_CEC:448,RIGHT:8517|CENTRE_LEFT:5995|CENTRE:448,PROPORTIONAL_PRIMARY_ORIGIN_PASS_THROUGH,ALL_CATEGORY_PRIMARY_VOTES_TRACED_PROPORTIONALLY,14960,ON,5238.0,0.3501336898395722,True
NSW,131,Macarthur,GRN,3,5,ALP>LNP,1,0,12012,41482,Frankie Scott,GRN,,12012,1.0,1.0,GRN:12012,UNSPECIFIED:12012,OBSERVED_LAST_SURVIVOR_EXIT,LAST_SURVIVOR_TALLY_AT_CATEGORY_EXIT,15522,ALP,12721.0,0.8195464501997165,False
NSW,131,Macarthur,GRN,3,5,ALP>LNP,1,0,12012,41482,Frankie Scott,GRN,,12012,1.0,1.0,GRN:12012,UNSPECIFIED:12012,OBSERVED_LAST_SURVIVOR_EXIT,LAST_SURVIVOR_TALLY_AT_CATEGORY_EXIT,15522,LNP,2801.0,0.18045354980028347,False
NSW,131,Macarthur,GRN,3,5,ALP>LNP,1,0,12012,41482,Frankie Scott,GRN,,12012,1.0,1.0,GRN:12012,UNSPECIFIED:12012,PROPORTIONAL_PRIMARY_ORIGIN_PASS_THROUGH,ALL_CATEGORY_PRIMARY_VOTES_TRACED_PROPORTIONALLY,12012,ALP,9844.391959798995,0.8195464501997165,True
NSW,131,Macarthur,GRN,3,5,ALP>LNP,1,0,12012,41482,Frankie Scott,GRN,,12012,1.0,1.0,GRN:12012,UNSPECIFIED:12012,PROPORTIONAL_PRIMARY_ORIGIN_PASS_THROUGH,ALL_CATEGORY_PRIMARY_VOTES_TRACED_PROPORTIONALLY,12012,LNP,2167.608040201005,0.1804535498002835,True
NSW,131,Macarthur,ON,4,4,ALP>LNP>GRN,1,0,7336,41875,Gregory Grogan,ON,,7336,1.0,1.0,ON:7336,UNSPECIFIED:7336,OBSERVED_LAST_SURVIVOR_EXIT,LAST_SURVIVOR_TALLY_AT_CATEGORY_EXIT,10399,ALP,2168.0,0.20848158476776613,False
NSW,131,Macarthur,ON,4,4,ALP>LNP>GRN,1,0,7336,41875,Gregory Grogan,ON,,7336,1.0,1.0,ON:7336,UNSPECIFIED:7336,OBSERVED_LAST_SURVIVOR_EXIT,LAST_SURVIVOR_TALLY_AT_CATEGORY_EXIT,10399,GRN,1917.0,0.18434464852389654,False
NSW,131,Macarthur,ON,4,4,ALP>LNP>GRN,1,0,7336,41875,Gregory Grogan,ON,,7336,1.0,1.0,ON:7336,UNSPECIFIED:7336,OBSERVED_LAST_SURVIVOR_EXIT,LAST_SURVIVOR_TALLY_AT_CATEGORY_EXIT,10399,LNP,6314.0,0.6071737667083373,False
NSW,131,Macarthur,ON,4,4,ALP>LNP>GRN,1,0,7336,41875,Gregory Grogan,ON,,7336,1.0,1.0,ON:7336,UNSPECIFIED:7336,PROPORTIONAL_PRIMARY_ORIGIN_PASS_THROUGH,ALL_CATEGORY_PRIMARY_VOTES_TRACED_PROPORTIONALLY,7336,ALP,1529.4209058563324,0.20848158476776615,True
NSW,131,Macarthur,ON,4,4,ALP>LNP>GRN,1,0,7336,41875,Gregory Grogan,ON,,7336,1.0,1.0,ON:7336,UNSPECIFIED:7336,PROPORTIONAL_PRIMARY_ORIGIN_PASS_THROUGH,ALL_CATEGORY_PRIMARY_VOTES_TRACED_PROPORTIONALLY,7336,GRN,1352.352341571305,0.18434464852389654,True
NSW,131,Macarthur,ON,4,4,ALP>LNP>GRN,1,0,7336,41875,Gregory Grogan,ON,,7336,1.0,1.0,ON:7336,UNSPECIFIED:7336,PROPORTIONAL_PRIMARY_ORIGIN_PASS_THROUGH,ALL_CATEGORY_PRIMARY_VOTES_TRACED_PROPORTIONALLY,7336,LNP,4454.226752572363,0.6071737667083373,True
NSW,131,Macarthur,OTH,5,3,ALP>LNP>GRN>ON,3,2,7515,41800,Graham Ernest Charlesworth,OTH_FFPA,RIGHT,3690,0.49101796407185627,0.49101796407185627,OTH_FFPA:3690|OTH_LTP:2443|OTH_SOPA:1382,RIGHT:6133|LEFT:1382,OBSERVED_LAST_SURVIVOR_EXIT,LAST_SURVIVOR_TALLY_AT_CATEGORY_EXIT,4653,ALP,677.0,0.14549752847625189,False
NSW,131,Macarthur,OTH,5,3,ALP>LNP>GRN>ON,3,2,7515,41800,Graham Ernest Charlesworth,OTH_FFPA,RIGHT,3690,0.49101796407185627,0.49101796407185627,OTH_FFPA:3690|OTH_LTP:2443|OTH_SOPA:1382,RIGHT:6133|LEFT:1382,OBSERVED_LAST_SURVIVOR_EXIT,LAST_SURVIVOR_TALLY_AT_CATEGORY_EXIT,4653,GRN,851.0,0.18289275736084246,False
NSW,131,Macarthur,OTH,5,3,ALP>LNP>GRN>ON,3,2,7515,41800,Graham Ernest Charlesworth,OTH_FFPA,RIGHT,3690,0.49101796407185627,0.49101796407185627,OTH_FFPA:3690|OTH_LTP:2443|OTH_SOPA:1382,RIGHT:6133|LEFT:1382,OBSERVED_LAST_SURVIVOR_EXIT,LAST_SURVIVOR_TALLY_AT_CATEGORY_EXIT,4653,LNP,954.0,0.20502901353965183,False
NSW,131,Macarthur,OTH,5,3,ALP>LNP>GRN>ON,3,2,7515,41800,Graham Ernest Charlesworth,OTH_FFPA,RIGHT,3690,0.49101796407185627,0.49101796407185627,OTH_FFPA:3690|OTH_LTP:2443|OTH_SOPA:1382,RIGHT:6133|LEFT:1382,OBSERVED_LAST_SURVIVOR_EXIT,LAST_SURVIVOR_TALLY_AT_CATEGORY_EXIT,4653,ON,2171.0,0.4665807006232538,False
NSW,131,Macarthur,OTH,5,3,ALP>LNP>GRN>ON,3,2,7515,41800,Graham Ernest Charlesworth,OTH_FFPA,RIGHT,3690,0.49101796407185627,0.49101796407185627,OTH_FFPA:3690|OTH_LTP:2443|OTH_SOPA:1382,RIGHT:6133|LEFT:1382,PROPORTIONAL_PRIMARY_ORIGIN_PASS_THROUGH,ALL_CATEGORY_PRIMARY_VOTES_TRACED_PROPORTIONALLY,7515,ALP,1396.0,0.18576180971390552,True
NSW,131,Macarthur,OTH,5,3,ALP>LNP>GRN>ON,3,2,7515,41800,Graham Ernest Charlesworth,OTH_FFPA,RIGHT,3690,0.49101796407185627,0.49101796407185627,OTH_FFPA:3690|OTH_LTP:2443|OTH_SOPA:1382,RIGHT:6133|LEFT:1382,PROPORTIONAL_PRIMARY_ORIGIN_PASS_THROUGH,ALL_CATEGORY_PRIMARY_VOTES_TRACED_PROPORTIONALLY,7515,GRN,1592.9999999999998,0.21197604790419158,True
NSW,131,Macarthur,OTH,5,3,ALP>LNP>GRN>ON,3,2,7515,41800,Graham Ernest Charlesworth,OTH_FFPA,RIGHT,3690,0.49101796407185627,0.49101796407185627,OTH_FFPA:3690|OTH_LTP:2443|OTH_SOPA:1382,RIGHT:6133|LEFT:1382,PROPORTIONAL_PRIMARY_ORIGIN_PASS_THROUGH,ALL_CATEGORY_PRIMARY_VOTES_TRACED_PROPORTIONALLY,7515,LNP,1463.0,0.1946773120425815,True
NSW,131,Macarthur,OTH,5,3,ALP>LNP>GRN>ON,3,2,7515,41800,Graham Ernest Charlesworth,OTH_FFPA,RIGHT,3690,0.49101796407185627,0.49101796407185627,OTH_FFPA:3690|OTH_LTP:2443|OTH_SOPA:1382,RIGHT:6133|LEFT:1382,PROPORTIONAL_PRIMARY_ORIGIN_PASS_THROUGH,ALL_CATEGORY_PRIMARY_VOTES_TRACED_PROPORTIONALLY,7515,ON,3063.0,0.40758483033932136,True
NSW,132,Mackellar,ALP,3,7,LNP>IND,1,0,13499,41402,Jeffrey Quinn,ALP,,13499,1.0,1.0,ALP:13499,UNSPECIFIED:13499,OBSERVED_LAST_SURVIVOR_EXIT,LAST_SURVIVOR_TALLY_AT_CATEGORY_EXIT,16409,IND,12735.0,0.7760984825400695,False
NSW,132,Mackellar,ALP,3,7,LNP>IND,1,0,13499,41402,Jeffrey Quinn,ALP,,13499,1.0,1.0,ALP:13499,UNSPECIFIED:13499,OBSERVED_LAST_SURVIVOR_EXIT,LAST_SURVIVOR_TALLY_AT_CATEGORY_EXIT,16409,LNP,3674.0,0.22390151745993053,False
NSW,132,Mackellar,ALP,3,7,LNP>IND,1,0,13499,41402,Jeffrey Quinn,ALP,,13499,1.0,1.0,ALP:13499,UNSPECIFIED:13499,PROPORTIONAL_PRIMARY_ORIGIN_PASS_THROUGH,ALL_CATEGORY_PRIMARY_VOTES_TRACED_PROPORTIONALLY,13499,IND,10476.5534158084,0.7760984825400695,True
NSW,132,Mackellar,ALP,3,7,LNP>IND,1,0,13499,41402,Jeffrey Quinn,ALP,,13499,1.0,1.0,ALP:13499,UNSPECIFIED:13499,PROPORTIONAL_PRIMARY_ORIGIN_PASS_THROUGH,ALL_CATEGORY_PRIMARY_VOTES_TRACED_PROPORTIONALLY,13499,LNP,3022.446584191602,0.22390151745993053,True
NSW,132,Mackellar,GRN,4,6,ALP>LNP>IND,1,0,6858,41629,Ethan Hrnjak,GRN,,6858,1.0,1.0,GRN:6858,UNSPECIFIED:6858,OBSERVED_LAST_SURVIVOR_EXIT,LAST_SURVIVOR_TALLY_AT_CATEGORY_EXIT,8252,ALP,2139.0,0.25920988851187593,False
NSW,132,Mackellar,GRN,4,6,ALP>LNP>IND,1,0,6858,41629,Ethan Hrnjak,GRN,,6858,1.0,1.0,GRN:6858,UNSPECIFIED:6858,OBSERVED_LAST_SURVIVOR_EXIT,LAST_SURVIVOR_TALLY_AT_CATEGORY_EXIT,8252,IND,4694.0,0.5688317983519147,False
NSW,132,Mackellar,GRN,4,6,ALP>LNP>IND,1,0,6858,41629,Ethan Hrnjak,GRN,,6858,1.0,1.0,GRN:6858,UNSPECIFIED:6858,OBSERVED_LAST_SURVIVOR_EXIT,LAST_SURVIVOR_TALLY_AT_CATEGORY_EXIT,8252,LNP,1419.0,0.1719583131362094,False
NSW,132,Mackellar,GRN,4,6,ALP>LNP>IND,1,0,6858,41629,Ethan Hrnjak,GRN,,6858,1.0,1.0,GRN:6858,UNSPECIFIED:6858,PROPORTIONAL_PRIMARY_ORIGIN_PASS_THROUGH,ALL_CATEGORY_PRIMARY_VOTES_TRACED_PROPORTIONALLY,6858,ALP,1777.6614154144452,0.25920988851187593,True
NSW,132,Mackellar,GRN,4,6,ALP>LNP>IND,1,0,6858,41629,Ethan Hrnjak,GRN,,6858,1.0,1.0,GRN:6858,UNSPECIFIED:6858,PROPORTIONAL_PRIMARY_ORIGIN_PASS_THROUGH,ALL_CATEGORY_PRIMARY_VOTES_TRACED_PROPORTIONALLY,6858,IND,3901.048473097431,0.5688317983519147,True
NSW,132,Mackellar,GRN,4,6,ALP>LNP>IND,1,0,6858,41629,Ethan Hrnjak,GRN,,6858,1.0,1.0,GRN:6858,UNSPECIFIED:6858,PROPORTIONAL_PRIMARY_ORIGIN_PASS_THROUGH,ALL_CATEGORY_PRIMARY_VOTES_TRACED_PROPORTIONALLY,6858,LNP,1179.290111488124,0.17195831313620938,True
NSW,132,Mackellar,ON,5,5,ALP>LNP>GRN>IND,1,0,2825,42046,Brad Hayman,ON,,2825,1.0,1.0,ON:2825,UNSPECIFIED:2825,OBSERVED_LAST_SURVIVOR_EXIT,LAST_SURVIVOR_TALLY_AT_CATEGORY_EXIT,5613,ALP,332.0,0.05914840548726171,False
NSW,132,Mackellar,ON,5,5,ALP>LNP>GRN>IND,1,0,2825,42046,Brad Hayman,ON,,2825,1.0,1.0,ON:2825,UNSPECIFIED:2825,OBSERVED_LAST_SURVIVOR_EXIT,LAST_SURVIVOR_TALLY_AT_CATEGORY_EXIT,5613,GRN,857.0,0.15268127561019063,False
NSW,132,Mackellar,ON,5,5,ALP>LNP>GRN>IND,1,0,2825,42046,Brad Hayman,ON,,2825,1.0,1.0,ON:2825,UNSPECIFIED:2825,OBSERVED_LAST_SURVIVOR_EXIT,LAST_SURVIVOR_TALLY_AT_CATEGORY_EXIT,5613,IND,957.0,0.17049706039551044,False
NSW,132,Mackellar,ON,5,5,ALP>LNP>GRN>IND,1,0,2825,42046,Brad Hayman,ON,,2825,1.0,1.0,ON:2825,UNSPECIFIED:2825,OBSERVED_LAST_SURVIVOR_EXIT,LAST_SURVIVOR_TALLY_AT_CATEGORY_EXIT,5613,LNP,3467.0,0.6176732585070372,False
NSW,132,Mackellar,ON,5,5,ALP>LNP>GRN>IND,1,0,2825,42046,Brad Hayman,ON,,2825,1.0,1.0,ON:2825,UNSPECIFIED:2825,PROPORTIONAL_PRIMARY_ORIGIN_PASS_THROUGH,ALL_CATEGORY_PRIMARY_VOTES_TRACED_PROPORTIONALLY,2825,ALP,167.09424550151434,0.05914840548726171,True
NSW,132,Mackellar,ON,5,5,ALP>LNP>GRN>IND,1,0,2825,42046,Brad Hayman,ON,,2825,1.0,1.0,ON:2825,UNSPECIFIED:2825,PROPORTIONAL_PRIMARY_ORIGIN_PASS_THROUGH,ALL_CATEGORY_PRIMARY_VOTES_TRACED_PROPORTIONALLY,2825,GRN,431.32460359878854,0.15268127561019063,True
NSW,132,Mackellar,ON,5,5,ALP>LNP>GRN>IND,1,0,2825,42046,Brad Hayman,ON,,2825,1.0,1.0,ON:2825,UNSPECIFIED:2825,PROPORTIONAL_PRIMARY_ORIGIN_PASS_THROUGH,ALL_CATEGORY_PRIMARY_VOTES_TRACED_PROPORTIONALLY,2825,IND,481.654195617317,0.17049706039551044,True
NSW,132,Mackellar,ON,5,5,ALP>LNP>GRN>IND,1,0,2825,42046,Brad Hayman,ON,,2825,1.0,1.0,ON:2825,UNSPECIFIED:2825,PROPORTIONAL_PRIMARY_ORIGIN_PASS_THROUGH,ALL_CATEGORY_PRIMARY_VOTES_TRACED_PROPORTIONALLY,2825,LNP,1744.9269552823803,0.6176732585070372,True
NSW,132,Mackellar,OTH,6,4,ALP>LNP>GRN>ON>IND,4,3,6536,41968,Lisa Cotton,IND_MINOR,CENTRE_RIGHT,2297,0.35143818849449204,0.35143818849449204,IND_MINOR:2999|OTH_LTP:1949|OTH_CYA:1588,RIGHT:3537|CENTRE_RIGHT:2297|CENTRE:702,OBSERVED_LAST_SURVIVOR_EXIT,LAST_SURVIVOR_TALLY_AT_CATEGORY_EXIT,2777,ALP,240.0,0.08642419877565719,False
NSW,132,Mackellar,OTH,6,4,ALP>LNP>GRN>ON>IND,4,3,6536,41968,Lisa Cotton,IND_MINOR,CENTRE_RIGHT,2297,0.35143818849449204,0.35143818849449204,IND_MINOR:2999|OTH_LTP:1949|OTH_CYA:1588,RIGHT:3537|CENTRE_RIGHT:2297|CENTRE:702,OBSERVED_LAST_SURVIVOR_EXIT,LAST_SURVIVOR_TALLY_AT_CATEGORY_EXIT,2777,GRN,333.0,0.11991357580122435,False
NSW,132,Mackellar,OTH,6,4,ALP>LNP>GRN>ON>IND,4,3,6536,41968,Lisa Cotton,IND_MINOR,CENTRE_RIGHT,2297,0.35143818849449204,0.35143818849449204,IND_MINOR:2999|OTH_LTP:1949|OTH_CYA:1588,RIGHT:3537|CENTRE_RIGHT:2297|CENTRE:702,OBSERVED_LAST_SURVIVOR_EXIT,LAST_SURVIVOR_TALLY_AT_CATEGORY_EXIT,2777,IND,832.0,0.2996038890889449,False
NSW,132,Mackellar,OTH,6,4,ALP>LNP>GRN>ON>IND,4,3,6536,41968,Lisa Cotton,IND_MINOR,CENTRE_RIGHT,2297,0.35143818849449204,0.35143818849449204,IND_MINOR:2999|OTH_LTP:1949|OTH_CYA:1588,RIGHT:3537|CENTRE_RIGHT:2297|CENTRE:702,OBSERVED_LAST_SURVIVOR_EXIT,LAST_SURVIVOR_TALLY_AT_CATEGORY_EXIT,2777,LNP,517.0,0.18617212819589485,False
NSW,132,Mackellar,OTH,6,4,ALP>LNP>GRN>ON>IND,4,3,6536,41968,Lisa Cotton,IND_MINOR,CENTRE_RIGHT,2297,0.35143818849449204,0.35143818849449204,IND_MINOR:2999|OTH_LTP:1949|OTH_CYA:1588,RIGHT:3537|CENTRE_RIGHT:2297|CENTRE:702,OBSERVED_LAST_SURVIVOR_EXIT,LAST_SURVIVOR_TALLY_AT_CATEGORY_EXIT,2777,ON,855.0,0.3078862081382787,False
NSW,132,Mackellar,OTH,6,4,ALP>LNP>GRN>ON>IND,4,3,6536,41968,Lisa Cotton,IND_MINOR,CENTRE_RIGHT,2297,0.35143818849449204,0.35143818849449204,IND_MINOR:2999|OTH_LTP:1949|OTH_CYA:1588,RIGHT:3537|CENTRE_RIGHT:2297|CENTRE:702,PROPORTIONAL_PRIMARY_ORIGIN_PASS_THROUGH,ALL_CATEGORY_PRIMARY_VOTES_TRACED_PROPORTIONALLY,6536,ALP,439.0,0.06716646266829865,True
NSW,132,Mackellar,OTH,6,4,ALP>LNP>GRN>ON>IND,4,3,6536,41968,Lisa Cotton,IND_MINOR,CENTRE_RIGHT,2297,0.35143818849449204,0.35143818849449204,IND_MINOR:2999|OTH_LTP:1949|OTH_CYA:1588,RIGHT:3537|CENTRE_RIGHT:2297|CENTRE:702,PROPORTIONAL_PRIMARY_ORIGIN_PASS_THROUGH,ALL_CATEGORY_PRIMARY_VOTES_TRACED_PROPORTIONALLY,6536,GRN,537.0,0.08216034271725826,True
NSW,132,Mackellar,OTH,6,4,ALP>LNP>GRN>ON>IND,4,3,6536,41968,Lisa Cotton,IND_MINOR,CENTRE_RIGHT,2297,0.35143818849449204,0.35143818849449204,IND_MINOR:2999|OTH_LTP:1949|OTH_CYA:1588,RIGHT:3537|CENTRE_RIGHT:2297|CENTRE:702,PROPORTIONAL_PRIMARY_ORIGIN_PASS_THROUGH,ALL_CATEGORY_PRIMARY_VOTES_TRACED_PROPORTIONALLY,6536,IND,1387.0000000000002,0.21220930232558144,True
NSW,132,Mackellar,OTH,6,4,ALP>LNP>GRN>ON>IND,4,3,6536,41968,Lisa Cotton,IND_MINOR,CENTRE_RIGHT,2297,0.35143818849449204,0.35143818849449204,IND_MINOR:2999|OTH_LTP:1949|OTH_CYA:1588,RIGHT:3537|CENTRE_RIGHT:2297|CENTRE:702,PROPORTIONAL_PRIMARY_ORIGIN_PASS_THROUGH,ALL_CATEGORY_PRIMARY_VOTES_TRACED_PROPORTIONALLY,6536,LNP,1385.0,0.2119033047735618,True
NSW,132,Mackellar,OTH,6,4,ALP>LNP>GRN>ON>IND,4,3,6536,41968,Lisa Cotton,IND_MINOR,CENTRE_RIGHT,2297,0.35143818849449204,0.35143818849449204,IND_MINOR:2999|OTH_LTP:1949|OTH_CYA:1588,RIGHT:3537|CENTRE_RIGHT:2297|CENTRE:702,PROPORTIONAL_PRIMARY_ORIGIN_PASS_THROUGH,ALL_CATEGORY_PRIMARY_VOTES_TRACED_PROPORTIONALLY,6536,ON,2788.0,0.4265605875152999,True
NSW,133,Macquarie,GRN,3,4,ALP>LNP,1,0,13666,41602,Terry Morgan,GRN,,13666,1.0,1.0,GRN:13666,UNSPECIFIED:13666,OBSERVED_LAST_SURVIVOR_EXIT,LAST_SURVIVOR_TALLY_AT_CATEGORY_EXIT,15864,ALP,13794.0,0.8695158850226928,False
NSW,133,Macquarie,GRN,3,4,ALP>LNP,1,0,13666,41602,Terry Morgan,GRN,,13666,1.0,1.0,GRN:13666,UNSPECIFIED:13666,OBSERVED_LAST_SURVIVOR_EXIT,LAST_SURVIVOR_TALLY_AT_CATEGORY_EXIT,15864,LNP,2070.0,0.1304841149773071,False
NSW,133,Macquarie,GRN,3,4,ALP>LNP,1,0,13666,41602,Terry Morgan,GRN,,13666,1.0,1.0,GRN:13666,UNSPECIFIED:13666,PROPORTIONAL_PRIMARY_ORIGIN_PASS_THROUGH,ALL_CATEGORY_PRIMARY_VOTES_TRACED_PROPORTIONALLY,13666,ALP,11882.804084720121,0.8695158850226928,True
NSW,133,Macquarie,GRN,3,4,ALP>LNP,1,0,13666,41602,Terry Morgan,GRN,,13666,1.0,1.0,GRN:13666,UNSPECIFIED:13666,PROPORTIONAL_PRIMARY_ORIGIN_PASS_THROUGH,ALL_CATEGORY_PRIMARY_VOTES_TRACED_PROPORTIONALLY,13666,LNP,1783.195915279879,0.1304841149773071,True
NSW,133,Macquarie,ON,4,3,ALP>LNP>GRN,1,0,9587,41882,Matthew Jacobson,ON,,9587,1.0,1.0,ON:9587,UNSPECIFIED:9587,OBSERVED_LAST_SURVIVOR_EXIT,LAST_SURVIVOR_TALLY_AT_CATEGORY_EXIT,12315,ALP,1997.0,0.16215996751928544,False
NSW,133,Macquarie,ON,4,3,ALP>LNP>GRN,1,0,9587,41882,Matthew Jacobson,ON,,9587,1.0,1.0,ON:9587,UNSPECIFIED:9587,OBSERVED_LAST_SURVIVOR_EXIT,LAST_SURVIVOR_TALLY_AT_CATEGORY_EXIT,12315,GRN,1613.0,0.13097848152659358,False
NSW,133,Macquarie,ON,4,3,ALP>LNP>GRN,1,0,9587,41882,Matthew Jacobson,ON,,9587,1.0,1.0,ON:9587,UNSPECIFIED:9587,OBSERVED_LAST_SURVIVOR_EXIT,LAST_SURVIVOR_TALLY_AT_CATEGORY_EXIT,12315,LNP,8705.0,0.706861550954121,False
NSW,133,Macquarie,ON,4,3,ALP>LNP>GRN,1,0,9587,41882,Matthew Jacobson,ON,,9587,1.0,1.0,ON:9587,UNSPECIFIED:9587,PROPORTIONAL_PRIMARY_ORIGIN_PASS_THROUGH,ALL_CATEGORY_PRIMARY_VOTES_TRACED_PROPORTIONALLY,9587,ALP,1554.6276086073894,0.16215996751928544,True
NSW,133,Macquarie,ON,4,3,ALP>LNP>GRN,1,0,9587,41882,Matthew Jacobson,ON,,9587,1.0,1.0,ON:9587,UNSPECIFIED:9587,PROPORTIONAL_PRIMARY_ORIGIN_PASS_THROUGH,ALL_CATEGORY_PRIMARY_VOTES_TRACED_PROPORTIONALLY,9587,GRN,1255.6907023954527,0.13097848152659358,True
NSW,133,Macquarie,ON,4,3,ALP>LNP>GRN,1,0,9587,41882,Matthew Jacobson,ON,,9587,1.0,1.0,ON:9587,UNSPECIFIED:9587,PROPORTIONAL_PRIMARY_ORIGIN_PASS_THROUGH,ALL_CATEGORY_PRIMARY_VOTES_TRACED_PROPORTIONALLY,9587,LNP,6776.681688997158,0.706861550954121,True
NSW,133,Macquarie,OTH,5,2,ALP>LNP>GRN>ON,2,1,5036,41801,Roger Gerard Bowen,OTH_FFPA,RIGHT,3226,0.6405877680698967,0.6405877680698967,OTH_FFPA:3226|OTH_LTP:1810,RIGHT:5036,OBSERVED_LAST_SURVIVOR_EXIT,LAST_SURVIVOR_TALLY_AT_CATEGORY_EXIT,3638,ALP,590.0,0.1621770203408466,False
NSW,133,Macquarie,OTH,5,2,ALP>LNP>GRN>ON,2,1,5036,41801,Roger Gerard Bowen,OTH_FFPA,RIGHT,3226,0.6405877680698967,0.6405877680698967,OTH_FFPA:3226|OTH_LTP:1810,RIGHT:5036,OBSERVED_LAST_SURVIVOR_EXIT,LAST_SURVIVOR_TALLY_AT_CATEGORY_EXIT,3638,GRN,431.0,0.11847168774051677,False
NSW,133,Macquarie,OTH,5,2,ALP>LNP>GRN>ON,2,1,5036,41801,Roger Gerard Bowen,OTH_FFPA,RIGHT,3226,0.6405877680698967,0.6405877680698967,OTH_FFPA:3226|OTH_LTP:1810,RIGHT:5036,OBSERVED_LAST_SURVIVOR_EXIT,LAST_SURVIVOR_TALLY_AT_CATEGORY_EXIT,3638,LNP,733.0,0.20148433205057725,False
NSW,133,Macquarie,OTH,5,2,ALP>LNP>GRN>ON,2,1,5036,41801,Roger Gerard Bowen,OTH_FFPA,RIGHT,3226,0.6405877680698967,0.6405877680698967,OTH_FFPA:3226|OTH_LTP:1810,RIGHT:5036,OBSERVED_LAST_SURVIVOR_EXIT,LAST_SURVIVOR_TALLY_AT_CATEGORY_EXIT,3638,ON,1884.0,0.5178669598680594,False
NSW,133,Macquarie,OTH,5,2,ALP>LNP>GRN>ON,2,1,5036,41801,Roger Gerard Bowen,OTH_FFPA,RIGHT,3226,0.6405877680698967,0.6405877680698967,OTH_FFPA:3226|OTH_LTP:1810,RIGHT:5036,PROPORTIONAL_PRIMARY_ORIGIN_PASS_THROUGH,ALL_CATEGORY_PRIMARY_VOTES_TRACED_PROPORTIONALLY,5036,ALP,742.0,0.14733915806195394,True
NSW,133,Macquarie,OTH,5,2,ALP>LNP>GRN>ON,2,1,5036,41801,Roger Gerard Bowen,OTH_FFPA,RIGHT,3226,0.6405877680698967,0.6405877680698967,OTH_FFPA:3226|OTH_LTP:1810,RIGHT:5036,PROPORTIONAL_PRIMARY_ORIGIN_PASS_THROUGH,ALL_CATEGORY_PRIMARY_VOTES_TRACED_PROPORTIONALLY,5036,GRN,585.0,0.11616362192216044,True
NSW,133,Macquarie,OTH,5,2,ALP>LNP>GRN>ON,2,1,5036,41801,Roger Gerard Bowen,OTH_FFPA,RIGHT,3226,0.6405877680698967,0.6405877680698967,OTH_FFPA:3226|OTH_LTP:1810,RIGHT:5036,PROPORTIONAL_PRIMARY_ORIGIN_PASS_THROUGH,ALL_CATEGORY_PRIMARY_VOTES_TRACED_PROPORTIONALLY,5036,LNP,981.0,0.19479745830023829,True
NSW,133,Macquarie,OTH,5,2,ALP>LNP>GRN>ON,2,1,5036,41801,Roger Gerard Bowen,OTH_FFPA,RIGHT,3226,0.6405877680698967,0.6405877680698967,OTH_FFPA:3226|OTH_LTP:1810,RIGHT:5036,PROPORTIONAL_PRIMARY_ORIGIN_PASS_THROUGH,ALL_CATEGORY_PRIMARY_VOTES_TRACED_PROPORTIONALLY,5036,ON,2728.0,0.5416997617156474,True
NSW,315,McMahon,IND,3,3,ALP>LNP,1,0,9613,42062,Matthew Camenzuli,IND_PROMINENT,CENTRE_RIGHT,9613,1.0,1.0,IND_PROMINENT:9613,CENTRE_RIGHT:9613,OBSERVED_LAST_SURVIVOR_EXIT,LAST_SURVIVOR_TALLY_AT_CATEGORY_EXIT,15509,ALP,6067.0,0.391192210974273,False
NSW,315,McMahon,IND,3,3,ALP>LNP,1,0,9613,42062,Matthew Camenzuli,IND_PROMINENT,CENTRE_RIGHT,9613,1.0,1.0,IND_PROMINENT:9613,CENTRE_RIGHT:9613,OBSERVED_LAST_SURVIVOR_EXIT,LAST_SURVIVOR_TALLY_AT_CATEGORY_EXIT,15509,LNP,9442.0,0.608807789025727,False
NSW,315,McMahon,IND,3,3,ALP>LNP,1,0,9613,42062,Matthew Camenzuli,IND_PROMINENT,CENTRE_RIGHT,9613,1.0,1.0,IND_PROMINENT:9613,CENTRE_RIGHT:9613,PROPORTIONAL_PRIMARY_ORIGIN_PASS_THROUGH,ALL_CATEGORY_PRIMARY_VOTES_TRACED_PROPORTIONALLY,9613,ALP,3760.5307240956863,0.391192210974273,True
NSW,315,McMahon,IND,3,3,ALP>LNP,1,0,9613,42062,Matthew Camenzuli,IND_PROMINENT,CENTRE_RIGHT,9613,1.0,1.0,IND_PROMINENT:9613,CENTRE_RIGHT:9613,PROPORTIONAL_PRIMARY_ORIGIN_PASS_THROUGH,ALL_CATEGORY_PRIMARY_VOTES_TRACED_PROPORTIONALLY,9613,LNP,5852.469275904314,0.608807789025727,True
NSW,315,McMahon,GRN,4,2,ALP>LNP>IND,1,0,8923,41608,Ben Hammond,GRN,,8923,1.0,1.0,GRN:8923,UNSPECIFIED:8923,OBSERVED_LAST_SURVIVOR_EXIT,LAST_SURVIVOR_TALLY_AT_CATEGORY_EXIT,9574,ALP,5867.0,0.6128055149362858,False
NSW,315,McMahon,GRN,4,2,ALP>LNP>IND,1,0,8923,41608,Ben Hammond,GRN,,8923,1.0,1.0,GRN:8923,UNSPECIFIED:8923,OBSERVED_LAST_SURVIVOR_EXIT,LAST_SURVIVOR_TALLY_AT_CATEGORY_EXIT,9574,IND,2920.0,0.3049926885314393,False
NSW,315,McMahon,GRN,4,2,ALP>LNP>IND,1,0,8923,41608,Ben Hammond,GRN,,8923,1.0,1.0,GRN:8923,UNSPECIFIED:8923,OBSERVED_LAST_SURVIVOR_EXIT,LAST_SURVIVOR_TALLY_AT_CATEGORY_EXIT,9574,LNP,787.0,0.08220179653227491,False
NSW,315,McMahon,GRN,4,2,ALP>LNP>IND,1,0,8923,41608,Ben Hammond,GRN,,8923,1.0,1.0,GRN:8923,UNSPECIFIED:8923,PROPORTIONAL_PRIMARY_ORIGIN_PASS_THROUGH,ALL_CATEGORY_PRIMARY_VOTES_TRACED_PROPORTIONALLY,8923,ALP,5468.063609776478,0.6128055149362858,True
NSW,315,McMahon,GRN,4,2,ALP>LNP>IND,1,0,8923,41608,Ben Hammond,GRN,,8923,1.0,1.0,GRN:8923,UNSPECIFIED:8923,PROPORTIONAL_PRIMARY_ORIGIN_PASS_THROUGH,ALL_CATEGORY_PRIMARY_VOTES_TRACED_PROPORTIONALLY,8923,IND,2721.449759766033,0.3049926885314393,True
NSW,315,McMahon,GRN,4,2,ALP>LNP>IND,1,0,8923,41608,Ben Hammond,GRN,,8923,1.0,1.0,GRN:8923,UNSPECIFIED:8923,PROPORTIONAL_PRIMARY_ORIGIN_PASS_THROUGH,ALL_CATEGORY_PRIMARY_VOTES_TRACED_PROPORTIONALLY,8923,LNP,733.486630457489,0.08220179653227491,True
NSW,315,McMahon,ON,5,1,ALP>LNP>GRN>IND,1,0,8544,41884,Melissa Janicska,ON,,8544,1.0,1.0,ON:8544,UNSPECIFIED:8544,OBSERVED_LAST_SURVIVOR_EXIT,LAST_SURVIVOR_TALLY_AT_CATEGORY_EXIT,8544,ALP,1271.0,0.14875936329588016,False
NSW,315,McMahon,ON,5,1,ALP>LNP>GRN>IND,1,0,8544,41884,Melissa Janicska,ON,,8544,1.0,1.0,ON:8544,UNSPECIFIED:8544,OBSERVED_LAST_SURVIVOR_EXIT,LAST_SURVIVOR_TALLY_AT_CATEGORY_EXIT,8544,GRN,651.0,0.0761938202247191,False
NSW,315,McMahon,ON,5,1,ALP>LNP>GRN>IND,1,0,8544,41884,Melissa Janicska,ON,,8544,1.0,1.0,ON:8544,UNSPECIFIED:8544,OBSERVED_LAST_SURVIVOR_EXIT,LAST_SURVIVOR_TALLY_AT_CATEGORY_EXIT,8544,IND,2976.0,0.34831460674157305,False
NSW,315,McMahon,ON,5,1,ALP>LNP>GRN>IND,1,0,8544,41884,Melissa Janicska,ON,,8544,1.0,1.0,ON:8544,UNSPECIFIED:8544,OBSERVED_LAST_SURVIVOR_EXIT,LAST_SURVIVOR_TALLY_AT_CATEGORY_EXIT,8544,LNP,3646.0,0.4267322097378277,False
NSW,315,McMahon,ON,5,1,ALP>LNP>GRN>IND,1,0,8544,41884,Melissa Janicska,ON,,8544,1.0,1.0,ON:8544,UNSPECIFIED:8544,PROPORTIONAL_PRIMARY_ORIGIN_PASS_THROUGH,ALL_CATEGORY_PRIMARY_VOTES_TRACED_PROPORTIONALLY,8544,ALP,1271.0,0.14875936329588016,True
NSW,315,McMahon,ON,5,1,ALP>LNP>GRN>IND,1,0,8544,41884,Melissa Janicska,ON,,8544,1.0,1.0,ON:8544,UNSPECIFIED:8544,PROPORTIONAL_PRIMARY_ORIGIN_PASS_THROUGH,ALL_CATEGORY_PRIMARY_VOTES_TRACED_PROPORTIONALLY,8544,GRN,651.0,0.0761938202247191,True
NSW,315,McMahon,ON,5,1,ALP>LNP>GRN>IND,1,0,8544,41884,Melissa Janicska,ON,,8544,1.0,1.0,ON:8544,UNSPECIFIED:8544,PROPORTIONAL_PRIMARY_ORIGIN_PASS_THROUGH,ALL_CATEGORY_PRIMARY_VOTES_TRACED_PROPORTIONALLY,8544,IND,2976.0,0.34831460674157305,True
NSW,315,McMahon,ON,5,1,ALP>LNP>GRN>IND,1,0,8544,41884,Melissa Janicska,ON,,8544,1.0,1.0,ON:8544,UNSPECIFIED:8544,PROPORTIONAL_PRIMARY_ORIGIN_PASS_THROUGH,ALL_CATEGORY_PRIMARY_VOTES_TRACED_PROPORTIONALLY,8544,LNP,3646.0,0.4267322097378277,True
NSW,134,Mitchell,GRN,3,3,ALP>LNP,1,0,15044,41609,Ben Speechly,GRN,,15044,1.0,1.0,GRN:15044,UNSPECIFIED:15044,OBSERVED_LAST_SURVIVOR_EXIT,LAST_SURVIVOR_TALLY_AT_CATEGORY_EXIT,16129,ALP,12795.0,0.7932915865831731,False
NSW,134,Mitchell,GRN,3,3,ALP>LNP,1,0,15044,41609,Ben Speechly,GRN,,15044,1.0,1.0,GRN:15044,UNSPECIFIED:15044,OBSERVED_LAST_SURVIVOR_EXIT,LAST_SURVIVOR_TALLY_AT_CATEGORY_EXIT,16129,LNP,3334.0,0.20670841341682683,False
NSW,134,Mitchell,GRN,3,3,ALP>LNP,1,0,15044,41609,Ben Speechly,GRN,,15044,1.0,1.0,GRN:15044,UNSPECIFIED:15044,PROPORTIONAL_PRIMARY_ORIGIN_PASS_THROUGH,ALL_CATEGORY_PRIMARY_VOTES_TRACED_PROPORTIONALLY,15044,ALP,11934.278628557257,0.7932915865831731,True
NSW,134,Mitchell,GRN,3,3,ALP>LNP,1,0,15044,41609,Ben Speechly,GRN,,15044,1.0,1.0,GRN:15044,UNSPECIFIED:15044,PROPORTIONAL_PRIMARY_ORIGIN_PASS_THROUGH,ALL_CATEGORY_PRIMARY_VOTES_TRACED_PROPORTIONALLY,15044,LNP,3109.721371442743,0.20670841341682683,True
NSW,134,Mitchell,ON,4,2,ALP>LNP>GRN,1,0,4680,41886,Brendan Mccreanor,ON,,4680,1.0,1.0,ON:4680,UNSPECIFIED:4680,OBSERVED_LAST_SURVIVOR_EXIT,LAST_SURVIVOR_TALLY_AT_CATEGORY_EXIT,6039,ALP,1051.0,0.1740354363305183,False
NSW,134,Mitchell,ON,4,2,ALP>LNP>GRN,1,0,4680,41886,Brendan Mccreanor,ON,,4680,1.0,1.0,ON:4680,UNSPECIFIED:4680,OBSERVED_LAST_SURVIVOR_EXIT,LAST_SURVIVOR_TALLY_AT_CATEGORY_EXIT,6039,GRN,814.0,0.13479052823315119,False
NSW,134,Mitchell,ON,4,2,ALP>LNP>GRN,1,0,4680,41886,Brendan Mccreanor,ON,,4680,1.0,1.0,ON:4680,UNSPECIFIED:4680,OBSERVED_LAST_SURVIVOR_EXIT,LAST_SURVIVOR_TALLY_AT_CATEGORY_EXIT,6039,LNP,4174.0,0.6911740354363305,False
NSW,134,Mitchell,ON,4,2,ALP>LNP>GRN,1,0,4680,41886,Brendan Mccreanor,ON,,4680,1.0,1.0,ON:4680,UNSPECIFIED:4680,PROPORTIONAL_PRIMARY_ORIGIN_PASS_THROUGH,ALL_CATEGORY_PRIMARY_VOTES_TRACED_PROPORTIONALLY,4680,ALP,814.4858420268256,0.1740354363305183,True
NSW,134,Mitchell,ON,4,2,ALP>LNP>GRN,1,0,4680,41886,Brendan Mccreanor,ON,,4680,1.0,1.0,ON:4680,UNSPECIFIED:4680,PROPORTIONAL_PRIMARY_ORIGIN_PASS_THROUGH,ALL_CATEGORY_PRIMARY_VOTES_TRACED_PROPORTIONALLY,4680,GRN,630.8196721311475,0.13479052823315119,True
NSW,134,Mitchell,ON,4,2,ALP>LNP>GRN,1,0,4680,41886,Brendan Mccreanor,ON,,4680,1.0,1.0,ON:4680,UNSPECIFIED:4680,PROPORTIONAL_PRIMARY_ORIGIN_PASS_THROUGH,ALL_CATEGORY_PRIMARY_VOTES_TRACED_PROPORTIONALLY,4680,LNP,3234.6944858420266,0.6911740354363305,True
NSW,134,Mitchell,OTH,5,1,ALP>LNP>GRN>ON,1,0,2675,41699,Mark Crocker,OTH_CYA,RIGHT,2675,1.0,1.0,OTH_CYA:2675,RIGHT:2675,OBSERVED_LAST_SURVIVOR_EXIT,LAST_SURVIVOR_TALLY_AT_CATEGORY_EXIT,2675,ALP,362.0,0.13532710280373833,False
NSW,134,Mitchell,OTH,5,1,ALP>LNP>GRN>ON,1,0,2675,41699,Mark Crocker,OTH_CYA,RIGHT,2675,1.0,1.0,OTH_CYA:2675,RIGHT:2675,OBSERVED_LAST_SURVIVOR_EXIT,LAST_SURVIVOR_TALLY_AT_CATEGORY_EXIT,2675,GRN,271.0,0.10130841121495326,False
NSW,134,Mitchell,OTH,5,1,ALP>LNP>GRN>ON,1,0,2675,41699,Mark Crocker,OTH_CYA,RIGHT,2675,1.0,1.0,OTH_CYA:2675,RIGHT:2675,OBSERVED_LAST_SURVIVOR_EXIT,LAST_SURVIVOR_TALLY_AT_CATEGORY_EXIT,2675,LNP,683.0,0.2553271028037383,False
NSW,134,Mitchell,OTH,5,1,ALP>LNP>GRN>ON,1,0,2675,41699,Mark Crocker,OTH_CYA,RIGHT,2675,1.0,1.0,OTH_CYA:2675,RIGHT:2675,OBSERVED_LAST_SURVIVOR_EXIT,LAST_SURVIVOR_TALLY_AT_CATEGORY_EXIT,2675,ON,1359.0,0.5080373831775701,False
NSW,134,Mitchell,OTH,5,1,ALP>LNP>GRN>ON,1,0,2675,41699,Mark Crocker,OTH_CYA,RIGHT,2675,1.0,1.0,OTH_CYA:2675,RIGHT:2675,PROPORTIONAL_PRIMARY_ORIGIN_PASS_THROUGH,ALL_CATEGORY_PRIMARY_VOTES_TRACED_PROPORTIONALLY,2675,ALP,362.00000000000006,0.13532710280373833,True
NSW,134,Mitchell,OTH,5,1,ALP>LNP>GRN>ON,1,0,2675,41699,Mark Crocker,OTH_CYA,RIGHT,2675,1.0,1.0,OTH_CYA:2675,RIGHT:2675,PROPORTIONAL_PRIMARY_ORIGIN_PASS_THROUGH,ALL_CATEGORY_PRIMARY_VOTES_TRACED_PROPORTIONALLY,2675,GRN,271.0,0.10130841121495326,True
NSW,134,Mitchell,OTH,5,1,ALP>LNP>GRN>ON,1,0,2675,41699,Mark Crocker,OTH_CYA,RIGHT,2675,1.0,1.0,OTH_CYA:2675,RIGHT:2675,PROPORTIONAL_PRIMARY_ORIGIN_PASS_THROUGH,ALL_CATEGORY_PRIMARY_VOTES_TRACED_PROPORTIONALLY,2675,LNP,683.0,0.2553271028037383,True
NSW,134,Mitchell,OTH,5,1,ALP>LNP>GRN>ON,1,0,2675,41699,Mark Crocker,OTH_CYA,RIGHT,2675,1.0,1.0,OTH_CYA:2675,RIGHT:2675,PROPORTIONAL_PRIMARY_ORIGIN_PASS_THROUGH,ALL_CATEGORY_PRIMARY_VOTES_TRACED_PROPORTIONALLY,2675,ON,1359.0,0.5080373831775701,True
NSW,135,New England,ON,3,5,ALP>LNP,1,0,11387,41894,Brent Larkham,ON,,11387,1.0,1.0,ON:11387,UNSPECIFIED:11387,OBSERVED_LAST_SURVIVOR_EXIT,LAST_SURVIVOR_TALLY_AT_CATEGORY_EXIT,16924,ALP,4509.0,0.2664263767430867,False
NSW,135,New England,ON,3,5,ALP>LNP,1,0,11387,41894,Brent Larkham,ON,,11387,1.0,1.0,ON:11387,UNSPECIFIED:11387,OBSERVED_LAST_SURVIVOR_EXIT,LAST_SURVIVOR_TALLY_AT_CATEGORY_EXIT,16924,LNP,12415.0,0.7335736232569132,False
NSW,135,New England,ON,3,5,ALP>LNP,1,0,11387,41894,Brent Larkham,ON,,11387,1.0,1.0,ON:11387,UNSPECIFIED:11387,PROPORTIONAL_PRIMARY_ORIGIN_PASS_THROUGH,ALL_CATEGORY_PRIMARY_VOTES_TRACED_PROPORTIONALLY,11387,ALP,3033.7971519735283,0.2664263767430867,True
NSW,135,New England,ON,3,5,ALP>LNP,1,0,11387,41894,Brent Larkham,ON,,11387,1.0,1.0,ON:11387,UNSPECIFIED:11387,PROPORTIONAL_PRIMARY_ORIGIN_PASS_THROUGH,ALL_CATEGORY_PRIMARY_VOTES_TRACED_PROPORTIONALLY,11387,LNP,8353.20284802647,0.7335736232569132,True
NSW,135,New England,GRN,4,4,ALP>LNP>ON,1,0,9023,41622,Wendy Wales,GRN,,9023,1.0,1.0,GRN:9023,UNSPECIFIED:9023,OBSERVED_LAST_SURVIVOR_EXIT,LAST_SURVIVOR_TALLY_AT_CATEGORY_EXIT,10821,ALP,7713.0,0.7127807041863045,False
NSW,135,New England,GRN,4,4,ALP>LNP>ON,1,0,9023,41622,Wendy Wales,GRN,,9023,1.0,1.0,GRN:9023,UNSPECIFIED:9023,OBSERVED_LAST_SURVIVOR_EXIT,LAST_SURVIVOR_TALLY_AT_CATEGORY_EXIT,10821,LNP,1956.0,0.18075963404491266,False
NSW,135,New England,GRN,4,4,ALP>LNP>ON,1,0,9023,41622,Wendy Wales,GRN,,9023,1.0,1.0,GRN:9023,UNSPECIFIED:9023,OBSERVED_LAST_SURVIVOR_EXIT,LAST_SURVIVOR_TALLY_AT_CATEGORY_EXIT,10821,ON,1152.0,0.10645966176878292,False
NSW,135,New England,GRN,4,4,ALP>LNP>ON,1,0,9023,41622,Wendy Wales,GRN,,9023,1.0,1.0,GRN:9023,UNSPECIFIED:9023,PROPORTIONAL_PRIMARY_ORIGIN_PASS_THROUGH,ALL_CATEGORY_PRIMARY_VOTES_TRACED_PROPORTIONALLY,9023,ALP,6431.420293873025,0.7127807041863045,True
NSW,135,New England,GRN,4,4,ALP>LNP>ON,1,0,9023,41622,Wendy Wales,GRN,,9023,1.0,1.0,GRN:9023,UNSPECIFIED:9023,PROPORTIONAL_PRIMARY_ORIGIN_PASS_THROUGH,ALL_CATEGORY_PRIMARY_VOTES_TRACED_PROPORTIONALLY,9023,LNP,1630.994177987247,0.18075963404491266,True
NSW,135,New England,GRN,4,4,ALP>LNP>ON,1,0,9023,41622,Wendy Wales,GRN,,9023,1.0,1.0,GRN:9023,UNSPECIFIED:9023,PROPORTIONAL_PRIMARY_ORIGIN_PASS_THROUGH,ALL_CATEGORY_PRIMARY_VOTES_TRACED_PROPORTIONALLY,9023,ON,960.5855281397284,0.10645966176878292,True
NSW,135,New England,OTH,5,3,ALP>LNP>GRN>ON,3,2,10992,33409,Natasha Ledger,IND_MINOR,CENTRE,4240,0.38573508005822416,0.38573508005822416,IND_MINOR:4240|OTH_FFPA:3646|OTH_CYA:3106,RIGHT:6752|CENTRE:4240,OBSERVED_LAST_SURVIVOR_EXIT,LAST_SURVIVOR_TALLY_AT_CATEGORY_EXIT,5315,ALP,1493.0,0.2809031044214487,False
NSW,135,New England,OTH,5,3,ALP>LNP>GRN>ON,3,2,10992,33409,Natasha Ledger,IND_MINOR,CENTRE,4240,0.38573508005822416,0.38573508005822416,IND_MINOR:4240|OTH_FFPA:3646|OTH_CYA:3106,RIGHT:6752|CENTRE:4240,OBSERVED_LAST_SURVIVOR_EXIT,LAST_SURVIVOR_TALLY_AT_CATEGORY_EXIT,5315,GRN,1339.0,0.251928504233302,False
NSW,135,New England,OTH,5,3,ALP>LNP>GRN>ON,3,2,10992,33409,Natasha Ledger,IND_MINOR,CENTRE,4240,0.38573508005822416,0.38573508005822416,IND_MINOR:4240|OTH_FFPA:3646|OTH_CYA:3106,RIGHT:6752|CENTRE:4240,OBSERVED_LAST_SURVIVOR_EXIT,LAST_SURVIVOR_TALLY_AT_CATEGORY_EXIT,5315,LNP,1190.0,0.22389463781749766,False
NSW,135,New England,OTH,5,3,ALP>LNP>GRN>ON,3,2,10992,33409,Natasha Ledger,IND_MINOR,CENTRE,4240,0.38573508005822416,0.38573508005822416,IND_MINOR:4240|OTH_FFPA:3646|OTH_CYA:3106,RIGHT:6752|CENTRE:4240,OBSERVED_LAST_SURVIVOR_EXIT,LAST_SURVIVOR_TALLY_AT_CATEGORY_EXIT,5315,ON,1293.0,0.24327375352775166,False
NSW,135,New England,OTH,5,3,ALP>LNP>GRN>ON,3,2,10992,33409,Natasha Ledger,IND_MINOR,CENTRE,4240,0.38573508005822416,0.38573508005822416,IND_MINOR:4240|OTH_FFPA:3646|OTH_CYA:3106,RIGHT:6752|CENTRE:4240,PROPORTIONAL_PRIMARY_ORIGIN_PASS_THROUGH,ALL_CATEGORY_PRIMARY_VOTES_TRACED_PROPORTIONALLY,10992,ALP,2211.0,0.20114628820960698,True
NSW,135,New England,OTH,5,3,ALP>LNP>GRN>ON,3,2,10992,33409,Natasha Ledger,IND_MINOR,CENTRE,4240,0.38573508005822416,0.38573508005822416,IND_MINOR:4240|OTH_FFPA:3646|OTH_CYA:3106,RIGHT:6752|CENTRE:4240,PROPORTIONAL_PRIMARY_ORIGIN_PASS_THROUGH,ALL_CATEGORY_PRIMARY_VOTES_TRACED_PROPORTIONALLY,10992,GRN,1798.0,0.1635735080058224,True
NSW,135,New England,OTH,5,3,ALP>LNP>GRN>ON,3,2,10992,33409,Natasha Ledger,IND_MINOR,CENTRE,4240,0.38573508005822416,0.38573508005822416,IND_MINOR:4240|OTH_FFPA:3646|OTH_CYA:3106,RIGHT:6752|CENTRE:4240,PROPORTIONAL_PRIMARY_ORIGIN_PASS_THROUGH,ALL_CATEGORY_PRIMARY_VOTES_TRACED_PROPORTIONALLY,10992,LNP,2598.0,0.23635371179039302,True
NSW,135,New England,OTH,5,3,ALP>LNP>GRN>ON,3,2,10992,33409,Natasha Ledger,IND_MINOR,CENTRE,4240,0.38573508005822416,0.38573508005822416,IND_MINOR:4240|OTH_FFPA:3646|OTH_CYA:3106,RIGHT:6752|CENTRE:4240,PROPORTIONAL_PRIMARY_ORIGIN_PASS_THROUGH,ALL_CATEGORY_PRIMARY_VOTES_TRACED_PROPORTIONALLY,10992,ON,4385.0,0.39892649199417757,True
NSW,136,Newcastle,LNP,3,6,ALP>GRN,1,0,20638,41488,Asarri Mcphee,LIB,,20638,1.0,1.0,LIB:20638,UNSPECIFIED:20638,OBSERVED_LAST_SURVIVOR_EXIT,LAST_SURVIVOR_TALLY_AT_CATEGORY_EXIT,27170,ALP,18788.0,0.691497975708502,False
NSW,136,Newcastle,LNP,3,6,ALP>GRN,1,0,20638,41488,Asarri Mcphee,LIB,,20638,1.0,1.0,LIB:20638,UNSPECIFIED:20638,OBSERVED_LAST_SURVIVOR_EXIT,LAST_SURVIVOR_TALLY_AT_CATEGORY_EXIT,27170,GRN,8382.0,0.308502024291498,False
NSW,136,Newcastle,LNP,3,6,ALP>GRN,1,0,20638,41488,Asarri Mcphee,LIB,,20638,1.0,1.0,LIB:20638,UNSPECIFIED:20638,PROPORTIONAL_PRIMARY_ORIGIN_PASS_THROUGH,ALL_CATEGORY_PRIMARY_VOTES_TRACED_PROPORTIONALLY,20638,ALP,14271.135222672065,0.691497975708502,True
NSW,136,Newcastle,LNP,3,6,ALP>GRN,1,0,20638,41488,Asarri Mcphee,LIB,,20638,1.0,1.0,LIB:20638,UNSPECIFIED:20638,PROPORTIONAL_PRIMARY_ORIGIN_PASS_THROUGH,ALL_CATEGORY_PRIMARY_VOTES_TRACED_PROPORTIONALLY,20638,GRN,6366.864777327935,0.308502024291498,True
NSW,136,Newcastle,ON,4,5,ALP>LNP>GRN,1,0,5789,41893,Phillip Heyne,ON,,5789,1.0,1.0,ON:5789,UNSPECIFIED:5789,OBSERVED_LAST_SURVIVOR_EXIT,LAST_SURVIVOR_TALLY_AT_CATEGORY_EXIT,8820,ALP,1892.0,0.2145124716553288,False
NSW,136,Newcastle,ON,4,5,ALP>LNP>GRN,1,0,5789,41893,Phillip Heyne,ON,,5789,1.0,1.0,ON:5789,UNSPECIFIED:5789,OBSERVED_LAST_SURVIVOR_EXIT,LAST_SURVIVOR_TALLY_AT_CATEGORY_EXIT,8820,GRN,1864.0,0.2113378684807256,False
NSW,136,Newcastle,ON,4,5,ALP>LNP>GRN,1,0,5789,41893,Phillip Heyne,ON,,5789,1.0,1.0,ON:5789,UNSPECIFIED:5789,OBSERVED_LAST_SURVIVOR_EXIT,LAST_SURVIVOR_TALLY_AT_CATEGORY_EXIT,8820,LNP,5064.0,0.5741496598639456,False
NSW,136,Newcastle,ON,4,5,ALP>LNP>GRN,1,0,5789,41893,Phillip Heyne,ON,,5789,1.0,1.0,ON:5789,UNSPECIFIED:5789,PROPORTIONAL_PRIMARY_ORIGIN_PASS_THROUGH,ALL_CATEGORY_PRIMARY_VOTES_TRACED_PROPORTIONALLY,5789,ALP,1241.8126984126984,0.2145124716553288,True
NSW,136,Newcastle,ON,4,5,ALP>LNP>GRN,1,0,5789,41893,Phillip Heyne,ON,,5789,1.0,1.0,ON:5789,UNSPECIFIED:5789,PROPORTIONAL_PRIMARY_ORIGIN_PASS_THROUGH,ALL_CATEGORY_PRIMARY_VOTES_TRACED_PROPORTIONALLY,5789,GRN,1223.4349206349204,0.21133786848072558,True
NSW,136,Newcastle,ON,4,5,ALP>LNP>GRN,1,0,5789,41893,Phillip Heyne,ON,,5789,1.0,1.0,ON:5789,UNSPECIFIED:5789,PROPORTIONAL_PRIMARY_ORIGIN_PASS_THROUGH,ALL_CATEGORY_PRIMARY_VOTES_TRACED_PROPORTIONALLY,5789,LNP,3323.7523809523814,0.5741496598639456,True
NSW,136,Newcastle,OTH,5,4,ALP>LNP>GRN>ON,4,3,8724,41695,Jennifer Stefanac,OTH_CYA,RIGHT,3861,0.4425722145804677,0.4425722145804677,OTH_CYA:3861|OTH_FFPA:2319|OTH_SAL:1656|OTH_UNAFFILIATED:888,RIGHT:6180|LEFT:1656|UNKNOWN:888,OBSERVED_LAST_SURVIVOR_EXIT,LAST_SURVIVOR_TALLY_AT_CATEGORY_EXIT,4440,ALP,623.0,0.14031531531531533,False
NSW,136,Newcastle,OTH,5,4,ALP>LNP>GRN>ON,4,3,8724,41695,Jennifer Stefanac,OTH_CYA,RIGHT,3861,0.4425722145804677,0.4425722145804677,OTH_CYA:3861|OTH_FFPA:2319|OTH_SAL:1656|OTH_UNAFFILIATED:888,RIGHT:6180|LEFT:1656|UNKNOWN:888,OBSERVED_LAST_SURVIVOR_EXIT,LAST_SURVIVOR_TALLY_AT_CATEGORY_EXIT,4440,GRN,1077.0,0.24256756756756756,False
NSW,136,Newcastle,OTH,5,4,ALP>LNP>GRN>ON,4,3,8724,41695,Jennifer Stefanac,OTH_CYA,RIGHT,3861,0.4425722145804677,0.4425722145804677,OTH_CYA:3861|OTH_FFPA:2319|OTH_SAL:1656|OTH_UNAFFILIATED:888,RIGHT:6180|LEFT:1656|UNKNOWN:888,OBSERVED_LAST_SURVIVOR_EXIT,LAST_SURVIVOR_TALLY_AT_CATEGORY_EXIT,4440,LNP,782.0,0.17612612612612613,False
NSW,136,Newcastle,OTH,5,4,ALP>LNP>GRN>ON,4,3,8724,41695,Jennifer Stefanac,OTH_CYA,RIGHT,3861,0.4425722145804677,0.4425722145804677,OTH_CYA:3861|OTH_FFPA:2319|OTH_SAL:1656|OTH_UNAFFILIATED:888,RIGHT:6180|LEFT:1656|UNKNOWN:888,OBSERVED_LAST_SURVIVOR_EXIT,LAST_SURVIVOR_TALLY_AT_CATEGORY_EXIT,4440,ON,1958.0,0.440990990990991,False
NSW,136,Newcastle,OTH,5,4,ALP>LNP>GRN>ON,4,3,8724,41695,Jennifer Stefanac,OTH_CYA,RIGHT,3861,0.4425722145804677,0.4425722145804677,OTH_CYA:3861|OTH_FFPA:2319|OTH_SAL:1656|OTH_UNAFFILIATED:888,RIGHT:6180|LEFT:1656|UNKNOWN:888,PROPORTIONAL_PRIMARY_ORIGIN_PASS_THROUGH,ALL_CATEGORY_PRIMARY_VOTES_TRACED_PROPORTIONALLY,8724,ALP,1510.0,0.17308574048601558,True
NSW,136,Newcastle,OTH,5,4,ALP>LNP>GRN>ON,4,3,8724,41695,Jennifer Stefanac,OTH_CYA,RIGHT,3861,0.4425722145804677,0.4425722145804677,OTH_CYA:3861|OTH_FFPA:2319|OTH_SAL:1656|OTH_UNAFFILIATED:888,RIGHT:6180|LEFT:1656|UNKNOWN:888,PROPORTIONAL_PRIMARY_ORIGIN_PASS_THROUGH,ALL_CATEGORY_PRIMARY_VOTES_TRACED_PROPORTIONALLY,8724,GRN,2715.0,0.31121045392022006,True
NSW,136,Newcastle,OTH,5,4,ALP>LNP>GRN>ON,4,3,8724,41695,Jennifer Stefanac,OTH_CYA,RIGHT,3861,0.4425722145804677,0.4425722145804677,OTH_CYA:3861|OTH_FFPA:2319|OTH_SAL:1656|OTH_UNAFFILIATED:888,RIGHT:6180|LEFT:1656|UNKNOWN:888,PROPORTIONAL_PRIMARY_ORIGIN_PASS_THROUGH,ALL_CATEGORY_PRIMARY_VOTES_TRACED_PROPORTIONALLY,8724,LNP,1468.0,0.1682714351215039,True
NSW,136,Newcastle,OTH,5,4,ALP>LNP>GRN>ON,4,3,8724,41695,Jennifer Stefanac,OTH_CYA,RIGHT,3861,0.4425722145804677,0.4425722145804677,OTH_CYA:3861|OTH_FFPA:2319|OTH_SAL:1656|OTH_UNAFFILIATED:888,RIGHT:6180|LEFT:1656|UNKNOWN:888,PROPORTIONAL_PRIMARY_ORIGIN_PASS_THROUGH,ALL_CATEGORY_PRIMARY_VOTES_TRACED_PROPORTIONALLY,8724,ON,3031.0,0.34743237047226044,True
NSW,138,Page,GRN,3,9,ALP>LNP,1,0,16265,41623,Luke Robinson,GRN,,16265,1.0,1.0,GRN:16265,UNSPECIFIED:16265,OBSERVED_LAST_SURVIVOR_EXIT,LAST_SURVIVOR_TALLY_AT_CATEGORY_EXIT,20702,ALP,16081.0,0.7767848517051492,False
NSW,138,Page,GRN,3,9,ALP>LNP,1,0,16265,41623,Luke Robinson,GRN,,16265,1.0,1.0,GRN:16265,UNSPECIFIED:16265,OBSERVED_LAST_SURVIVOR_EXIT,LAST_SURVIVOR_TALLY_AT_CATEGORY_EXIT,20702,LNP,4621.0,0.22321514829485073,False
NSW,138,Page,GRN,3,9,ALP>LNP,1,0,16265,41623,Luke Robinson,GRN,,16265,1.0,1.0,GRN:16265,UNSPECIFIED:16265,PROPORTIONAL_PRIMARY_ORIGIN_PASS_THROUGH,ALL_CATEGORY_PRIMARY_VOTES_TRACED_PROPORTIONALLY,16265,ALP,12634.405612984252,0.7767848517051492,True
NSW,138,Page,GRN,3,9,ALP>LNP,1,0,16265,41623,Luke Robinson,GRN,,16265,1.0,1.0,GRN:16265,UNSPECIFIED:16265,PROPORTIONAL_PRIMARY_ORIGIN_PASS_THROUGH,ALL_CATEGORY_PRIMARY_VOTES_TRACED_PROPORTIONALLY,16265,LNP,3630.594387015747,0.22321514829485073,True
NSW,138,Page,ON,4,8,ALP>LNP>GRN,1,0,6132,41896,Peter Nottle,ON,,6132,1.0,1.0,ON:6132,UNSPECIFIED:6132,OBSERVED_LAST_SURVIVOR_EXIT,LAST_SURVIVOR_TALLY_AT_CATEGORY_EXIT,12044,ALP,1453.0,0.12064098306210562,False
NSW,138,Page,ON,4,8,ALP>LNP>GRN,1,0,6132,41896,Peter Nottle,ON,,6132,1.0,1.0,ON:6132,UNSPECIFIED:6132,OBSERVED_LAST_SURVIVOR_EXIT,LAST_SURVIVOR_TALLY_AT_CATEGORY_EXIT,12044,GRN,2352.0,0.19528395881766855,False
NSW,138,Page,ON,4,8,ALP>LNP>GRN,1,0,6132,41896,Peter Nottle,ON,,6132,1.0,1.0,ON:6132,UNSPECIFIED:6132,OBSERVED_LAST_SURVIVOR_EXIT,LAST_SURVIVOR_TALLY_AT_CATEGORY_EXIT,12044,LNP,8239.0,0.6840750581202258,False
NSW,138,Page,ON,4,8,ALP>LNP>GRN,1,0,6132,41896,Peter Nottle,ON,,6132,1.0,1.0,ON:6132,UNSPECIFIED:6132,PROPORTIONAL_PRIMARY_ORIGIN_PASS_THROUGH,ALL_CATEGORY_PRIMARY_VOTES_TRACED_PROPORTIONALLY,6132,ALP,739.7705081368316,0.1206409830621056,True
NSW,138,Page,ON,4,8,ALP>LNP>GRN,1,0,6132,41896,Peter Nottle,ON,,6132,1.0,1.0,ON:6132,UNSPECIFIED:6132,PROPORTIONAL_PRIMARY_ORIGIN_PASS_THROUGH,ALL_CATEGORY_PRIMARY_VOTES_TRACED_PROPORTIONALLY,6132,GRN,1197.4812354699436,0.19528395881766855,True
NSW,138,Page,ON,4,8,ALP>LNP>GRN,1,0,6132,41896,Peter Nottle,ON,,6132,1.0,1.0,ON:6132,UNSPECIFIED:6132,PROPORTIONAL_PRIMARY_ORIGIN_PASS_THROUGH,ALL_CATEGORY_PRIMARY_VOTES_TRACED_PROPORTIONALLY,6132,LNP,4194.748256393224,0.6840750581202257,True
NSW,138,Page,OTH,5,7,ALP>LNP>GRN>ON,7,6,13437,41692,Donna Lee Pike,OTH_CYA,RIGHT,2932,0.21820346803601995,0.21820346803601995,IND_MINOR:3691|OTH_CYA:2932|OTH_ASP:2345|OTH_FFPA:2235|OTH_LTP:1495|OTH_CEC:739,RIGHT:6662|CENTRE_LEFT:3691|CENTRE_RIGHT:2345|CENTRE:739,OBSERVED_LAST_SURVIVOR_EXIT,LAST_SURVIVOR_TALLY_AT_CATEGORY_EXIT,4671,ALP,964.0,0.20637979019481908,False
NSW,138,Page,OTH,5,7,ALP>LNP>GRN>ON,7,6,13437,41692,Donna Lee Pike,OTH_CYA,RIGHT,2932,0.21820346803601995,0.21820346803601995,IND_MINOR:3691|OTH_CYA:2932|OTH_ASP:2345|OTH_FFPA:2235|OTH_LTP:1495|OTH_CEC:739,RIGHT:6662|CENTRE_LEFT:3691|CENTRE_RIGHT:2345|CENTRE:739,OBSERVED_LAST_SURVIVOR_EXIT,LAST_SURVIVOR_TALLY_AT_CATEGORY_EXIT,4671,GRN,344.0,0.07364590023549561,False
NSW,138,Page,OTH,5,7,ALP>LNP>GRN>ON,7,6,13437,41692,Donna Lee Pike,OTH_CYA,RIGHT,2932,0.21820346803601995,0.21820346803601995,IND_MINOR:3691|OTH_CYA:2932|OTH_ASP:2345|OTH_FFPA:2235|OTH_LTP:1495|OTH_CEC:739,RIGHT:6662|CENTRE_LEFT:3691|CENTRE_RIGHT:2345|CENTRE:739,OBSERVED_LAST_SURVIVOR_EXIT,LAST_SURVIVOR_TALLY_AT_CATEGORY_EXIT,4671,LNP,1023.0,0.21901091843288376,False
NSW,138,Page,OTH,5,7,ALP>LNP>GRN>ON,7,6,13437,41692,Donna Lee Pike,OTH_CYA,RIGHT,2932,0.21820346803601995,0.21820346803601995,IND_MINOR:3691|OTH_CYA:2932|OTH_ASP:2345|OTH_FFPA:2235|OTH_LTP:1495|OTH_CEC:739,RIGHT:6662|CENTRE_LEFT:3691|CENTRE_RIGHT:2345|CENTRE:739,OBSERVED_LAST_SURVIVOR_EXIT,LAST_SURVIVOR_TALLY_AT_CATEGORY_EXIT,4671,ON,2340.0,0.5009633911368016,False
NSW,138,Page,OTH,5,7,ALP>LNP>GRN>ON,7,6,13437,41692,Donna Lee Pike,OTH_CYA,RIGHT,2932,0.21820346803601995,0.21820346803601995,IND_MINOR:3691|OTH_CYA:2932|OTH_ASP:2345|OTH_FFPA:2235|OTH_LTP:1495|OTH_CEC:739,RIGHT:6662|CENTRE_LEFT:3691|CENTRE_RIGHT:2345|CENTRE:739,PROPORTIONAL_PRIMARY_ORIGIN_PASS_THROUGH,ALL_CATEGORY_PRIMARY_VOTES_TRACED_PROPORTIONALLY,13437,ALP,2561.0,0.19059313834933392,True
NSW,138,Page,OTH,5,7,ALP>LNP>GRN>ON,7,6,13437,41692,Donna Lee Pike,OTH_CYA,RIGHT,2932,0.21820346803601995,0.21820346803601995,IND_MINOR:3691|OTH_CYA:2932|OTH_ASP:2345|OTH_FFPA:2235|OTH_LTP:1495|OTH_CEC:739,RIGHT:6662|CENTRE_LEFT:3691|CENTRE_RIGHT:2345|CENTRE:739,PROPORTIONAL_PRIMARY_ORIGIN_PASS_THROUGH,ALL_CATEGORY_PRIMARY_VOTES_TRACED_PROPORTIONALLY,13437,GRN,2085.0,0.15516856441169904,True
NSW,138,Page,OTH,5,7,ALP>LNP>GRN>ON,7,6,13437,41692,Donna Lee Pike,OTH_CYA,RIGHT,2932,0.21820346803601995,0.21820346803601995,IND_MINOR:3691|OTH_CYA:2932|OTH_ASP:2345|OTH_FFPA:2235|OTH_LTP:1495|OTH_CEC:739,RIGHT:6662|CENTRE_LEFT:3691|CENTRE_RIGHT:2345|CENTRE:739,PROPORTIONAL_PRIMARY_ORIGIN_PASS_THROUGH,ALL_CATEGORY_PRIMARY_VOTES_TRACED_PROPORTIONALLY,13437,LNP,2879.0,0.21425913522363624,True
NSW,138,Page,OTH,5,7,ALP>LNP>GRN>ON,7,6,13437,41692,Donna Lee Pike,OTH_CYA,RIGHT,2932,0.21820346803601995,0.21820346803601995,IND_MINOR:3691|OTH_CYA:2932|OTH_ASP:2345|OTH_FFPA:2235|OTH_LTP:1495|OTH_CEC:739,RIGHT:6662|CENTRE_LEFT:3691|CENTRE_RIGHT:2345|CENTRE:739,PROPORTIONAL_PRIMARY_ORIGIN_PASS_THROUGH,ALL_CATEGORY_PRIMARY_VOTES_TRACED_PROPORTIONALLY,13437,ON,5912.0,0.4399791620153308,True
NSW,139,Parkes,ON,3,8,ALP>LNP,1,0,14320,41914,Mark Carter,ON,,14320,1.0,1.0,ON:14320,UNSPECIFIED:14320,OBSERVED_LAST_SURVIVOR_EXIT,LAST_SURVIVOR_TALLY_AT_CATEGORY_EXIT,25446,ALP,8503.0,0.33415861039063116,False
NSW,139,Parkes,ON,3,8,ALP>LNP,1,0,14320,41914,Mark Carter,ON,,14320,1.0,1.0,ON:14320,UNSPECIFIED:14320,OBSERVED_LAST_SURVIVOR_EXIT,LAST_SURVIVOR_TALLY_AT_CATEGORY_EXIT,25446,LNP,16943.0,0.6658413896093689,False
NSW,139,Parkes,ON,3,8,ALP>LNP,1,0,14320,41914,Mark Carter,ON,,14320,1.0,1.0,ON:14320,UNSPECIFIED:14320,PROPORTIONAL_PRIMARY_ORIGIN_PASS_THROUGH,ALL_CATEGORY_PRIMARY_VOTES_TRACED_PROPORTIONALLY,14320,ALP,4785.151300793838,0.33415861039063116,True
NSW,139,Parkes,ON,3,8,ALP>LNP,1,0,14320,41914,Mark Carter,ON,,14320,1.0,1.0,ON:14320,UNSPECIFIED:14320,PROPORTIONAL_PRIMARY_ORIGIN_PASS_THROUGH,ALL_CATEGORY_PRIMARY_VOTES_TRACED_PROPORTIONALLY,14320,LNP,9534.848699206163,0.6658413896093689,True
NSW,139,Parkes,OTH,4,7,ALP>LNP>ON,6,5,21621,41846,Stephen Pope,OTH_ASP,CENTRE_RIGHT,6776,0.31339901022154387,0.31339901022154387,OTH_ASP:6776|OTH_LTP:3885|OTH_IAP:3117|OTH_FFPA:2690|IND_MINOR:2597|OTH_CYA:2556,RIGHT:9131|CENTRE_RIGHT:6776|LEFT:3117|CENTRE:2597,OBSERVED_LAST_SURVIVOR_EXIT,LAST_SURVIVOR_TALLY_AT_CATEGORY_EXIT,11409,ALP,2610.0,0.22876676308177754,False
NSW,139,Parkes,OTH,4,7,ALP>LNP>ON,6,5,21621,41846,Stephen Pope,OTH_ASP,CENTRE_RIGHT,6776,0.31339901022154387,0.31339901022154387,OTH_ASP:6776|OTH_LTP:3885|OTH_IAP:3117|OTH_FFPA:2690|IND_MINOR:2597|OTH_CYA:2556,RIGHT:9131|CENTRE_RIGHT:6776|LEFT:3117|CENTRE:2597,OBSERVED_LAST_SURVIVOR_EXIT,LAST_SURVIVOR_TALLY_AT_CATEGORY_EXIT,11409,LNP,2856.0,0.25032868787799106,False
NSW,139,Parkes,OTH,4,7,ALP>LNP>ON,6,5,21621,41846,Stephen Pope,OTH_ASP,CENTRE_RIGHT,6776,0.31339901022154387,0.31339901022154387,OTH_ASP:6776|OTH_LTP:3885|OTH_IAP:3117|OTH_FFPA:2690|IND_MINOR:2597|OTH_CYA:2556,RIGHT:9131|CENTRE_RIGHT:6776|LEFT:3117|CENTRE:2597,OBSERVED_LAST_SURVIVOR_EXIT,LAST_SURVIVOR_TALLY_AT_CATEGORY_EXIT,11409,ON,5943.0,0.5209045490402314,False
NSW,139,Parkes,OTH,4,7,ALP>LNP>ON,6,5,21621,41846,Stephen Pope,OTH_ASP,CENTRE_RIGHT,6776,0.31339901022154387,0.31339901022154387,OTH_ASP:6776|OTH_LTP:3885|OTH_IAP:3117|OTH_FFPA:2690|IND_MINOR:2597|OTH_CYA:2556,RIGHT:9131|CENTRE_RIGHT:6776|LEFT:3117|CENTRE:2597,PROPORTIONAL_PRIMARY_ORIGIN_PASS_THROUGH,ALL_CATEGORY_PRIMARY_VOTES_TRACED_PROPORTIONALLY,21621,ALP,5813.986200028101,0.26890459275834144,True
NSW,139,Parkes,OTH,4,7,ALP>LNP>ON,6,5,21621,41846,Stephen Pope,OTH_ASP,CENTRE_RIGHT,6776,0.31339901022154387,0.31339901022154387,OTH_ASP:6776|OTH_LTP:3885|OTH_IAP:3117|OTH_FFPA:2690|IND_MINOR:2597|OTH_CYA:2556,RIGHT:9131|CENTRE_RIGHT:6776|LEFT:3117|CENTRE:2597,PROPORTIONAL_PRIMARY_ORIGIN_PASS_THROUGH,ALL_CATEGORY_PRIMARY_VOTES_TRACED_PROPORTIONALLY,21621,LNP,6038.746185461565,0.2793000409537748,True
NSW,139,Parkes,OTH,4,7,ALP>LNP>ON,6,5,21621,41846,Stephen Pope,OTH_ASP,CENTRE_RIGHT,6776,0.31339901022154387,0.31339901022154387,OTH_ASP:6776|OTH_LTP:3885|OTH_IAP:3117|OTH_FFPA:2690|IND_MINOR:2597|OTH_CYA:2556,RIGHT:9131|CENTRE_RIGHT:6776|LEFT:3117|CENTRE:2597,PROPORTIONAL_PRIMARY_ORIGIN_PASS_THROUGH,ALL_CATEGORY_PRIMARY_VOTES_TRACED_PROPORTIONALLY,21621,ON,9768.267614510336,0.4517953662878838,True
NSW,139,Parkes,GRN,5,6,ALP>LNP>ON>OTH,1,0,6404,41621,Trish Frail,GRN,,6404,1.0,1.0,GRN:6404,UNSPECIFIED:6404,OBSERVED_LAST_SURVIVOR_EXIT,LAST_SURVIVOR_TALLY_AT_CATEGORY_EXIT,8259,ALP,4632.0,0.5608427170359608,False
NSW,139,Parkes,GRN,5,6,ALP>LNP>ON>OTH,1,0,6404,41621,Trish Frail,GRN,,6404,1.0,1.0,GRN:6404,UNSPECIFIED:6404,OBSERVED_LAST_SURVIVOR_EXIT,LAST_SURVIVOR_TALLY_AT_CATEGORY_EXIT,8259,LNP,1062.0,0.12858699600435888,False
NSW,139,Parkes,GRN,5,6,ALP>LNP>ON>OTH,1,0,6404,41621,Trish Frail,GRN,,6404,1.0,1.0,GRN:6404,UNSPECIFIED:6404,OBSERVED_LAST_SURVIVOR_EXIT,LAST_SURVIVOR_TALLY_AT_CATEGORY_EXIT,8259,ON,866.0,0.10485530935948661,False
NSW,139,Parkes,GRN,5,6,ALP>LNP>ON>OTH,1,0,6404,41621,Trish Frail,GRN,,6404,1.0,1.0,GRN:6404,UNSPECIFIED:6404,OBSERVED_LAST_SURVIVOR_EXIT,LAST_SURVIVOR_TALLY_AT_CATEGORY_EXIT,8259,OTH,1699.0,0.20571497760019372,False
NSW,139,Parkes,GRN,5,6,ALP>LNP>ON>OTH,1,0,6404,41621,Trish Frail,GRN,,6404,1.0,1.0,GRN:6404,UNSPECIFIED:6404,PROPORTIONAL_PRIMARY_ORIGIN_PASS_THROUGH,ALL_CATEGORY_PRIMARY_VOTES_TRACED_PROPORTIONALLY,6404,ALP,3591.636759898293,0.5608427170359608,True
NSW,139,Parkes,GRN,5,6,ALP>LNP>ON>OTH,1,0,6404,41621,Trish Frail,GRN,,6404,1.0,1.0,GRN:6404,UNSPECIFIED:6404,PROPORTIONAL_PRIMARY_ORIGIN_PASS_THROUGH,ALL_CATEGORY_PRIMARY_VOTES_TRACED_PROPORTIONALLY,6404,LNP,823.4711224119143,0.12858699600435888,True
NSW,139,Parkes,GRN,5,6,ALP>LNP>ON>OTH,1,0,6404,41621,Trish Frail,GRN,,6404,1.0,1.0,GRN:6404,UNSPECIFIED:6404,PROPORTIONAL_PRIMARY_ORIGIN_PASS_THROUGH,ALL_CATEGORY_PRIMARY_VOTES_TRACED_PROPORTIONALLY,6404,ON,671.4934011381523,0.10485530935948661,True
NSW,139,Parkes,GRN,5,6,ALP>LNP>ON>OTH,1,0,6404,41621,Trish Frail,GRN,,6404,1.0,1.0,GRN:6404,UNSPECIFIED:6404,PROPORTIONAL_PRIMARY_ORIGIN_PASS_THROUGH,ALL_CATEGORY_PRIMARY_VOTES_TRACED_PROPORTIONALLY,6404,OTH,1317.3987165516405,0.20571497760019372,True
NSW,140,Parramatta,GRN,3,6,ALP>LNP,1,0,11766,41631,Liz Tilly,GRN,,11766,1.0,1.0,GRN:11766,UNSPECIFIED:11766,OBSERVED_LAST_SURVIVOR_EXIT,LAST_SURVIVOR_TALLY_AT_CATEGORY_EXIT,14588,ALP,12439.0,0.8526871401151631,False
NSW,140,Parramatta,GRN,3,6,ALP>LNP,1,0,11766,41631,Liz Tilly,GRN,,11766,1.0,1.0,GRN:11766,UNSPECIFIED:11766,OBSERVED_LAST_SURVIVOR_EXIT,LAST_SURVIVOR_TALLY_AT_CATEGORY_EXIT,14588,LNP,2149.0,0.14731285988483686,False
NSW,140,Parramatta,GRN,3,6,ALP>LNP,1,0,11766,41631,Liz Tilly,GRN,,11766,1.0,1.0,GRN:11766,UNSPECIFIED:11766,PROPORTIONAL_PRIMARY_ORIGIN_PASS_THROUGH,ALL_CATEGORY_PRIMARY_VOTES_TRACED_PROPORTIONALLY,11766,ALP,10032.71689059501,0.8526871401151631,True
NSW,140,Parramatta,GRN,3,6,ALP>LNP,1,0,11766,41631,Liz Tilly,GRN,,11766,1.0,1.0,GRN:11766,UNSPECIFIED:11766,PROPORTIONAL_PRIMARY_ORIGIN_PASS_THROUGH,ALL_CATEGORY_PRIMARY_VOTES_TRACED_PROPORTIONALLY,11766,LNP,1733.2831094049905,0.14731285988483686,True
NSW,140,Parramatta,ON,4,5,ALP>LNP>GRN,1,0,2653,41899,Nicholas Matzen,ON,,2653,1.0,1.0,ON:2653,UNSPECIFIED:2653,OBSERVED_LAST_SURVIVOR_EXIT,LAST_SURVIVOR_TALLY_AT_CATEGORY_EXIT,4782,ALP,665.0,0.13906315349226264,False
NSW,140,Parramatta,ON,4,5,ALP>LNP>GRN,1,0,2653,41899,Nicholas Matzen,ON,,2653,1.0,1.0,ON:2653,UNSPECIFIED:2653,OBSERVED_LAST_SURVIVOR_EXIT,LAST_SURVIVOR_TALLY_AT_CATEGORY_EXIT,4782,GRN,913.0,0.19092429945629444,False
NSW,140,Parramatta,ON,4,5,ALP>LNP>GRN,1,0,2653,41899,Nicholas Matzen,ON,,2653,1.0,1.0,ON:2653,UNSPECIFIED:2653,OBSERVED_LAST_SURVIVOR_EXIT,LAST_SURVIVOR_TALLY_AT_CATEGORY_EXIT,4782,LNP,3204.0,0.6700125470514429,False
NSW,140,Parramatta,ON,4,5,ALP>LNP>GRN,1,0,2653,41899,Nicholas Matzen,ON,,2653,1.0,1.0,ON:2653,UNSPECIFIED:2653,PROPORTIONAL_PRIMARY_ORIGIN_PASS_THROUGH,ALL_CATEGORY_PRIMARY_VOTES_TRACED_PROPORTIONALLY,2653,ALP,368.9345462149728,0.13906315349226264,True
NSW,140,Parramatta,ON,4,5,ALP>LNP>GRN,1,0,2653,41899,Nicholas Matzen,ON,,2653,1.0,1.0,ON:2653,UNSPECIFIED:2653,PROPORTIONAL_PRIMARY_ORIGIN_PASS_THROUGH,ALL_CATEGORY_PRIMARY_VOTES_TRACED_PROPORTIONALLY,2653,GRN,506.52216645754913,0.19092429945629444,True
NSW,140,Parramatta,ON,4,5,ALP>LNP>GRN,1,0,2653,41899,Nicholas Matzen,ON,,2653,1.0,1.0,ON:2653,UNSPECIFIED:2653,PROPORTIONAL_PRIMARY_ORIGIN_PASS_THROUGH,ALL_CATEGORY_PRIMARY_VOTES_TRACED_PROPORTIONALLY,2653,LNP,1777.5432873274779,0.6700125470514429,True
NSW,140,Parramatta,OTH,5,4,ALP>LNP>GRN>ON,4,3,6484,41691,Ganesh Loke,OTH_CYA,RIGHT,2445,0.3770820481184454,0.3770820481184454,IND_MINOR:2517|OTH_CYA:2445|OTH_LTP:1522,RIGHT:3967|CENTRE_LEFT:2517,OBSERVED_LAST_SURVIVOR_EXIT,LAST_SURVIVOR_TALLY_AT_CATEGORY_EXIT,3076,ALP,406.0,0.13198959687906373,False
NSW,140,Parramatta,OTH,5,4,ALP>LNP>GRN>ON,4,3,6484,41691,Ganesh Loke,OTH_CYA,RIGHT,2445,0.3770820481184454,0.3770820481184454,IND_MINOR:2517|OTH_CYA:2445|OTH_LTP:1522,RIGHT:3967|CENTRE_LEFT:2517,OBSERVED_LAST_SURVIVOR_EXIT,LAST_SURVIVOR_TALLY_AT_CATEGORY_EXIT,3076,GRN,1001.0,0.3254226267880364,False
NSW,140,Parramatta,OTH,5,4,ALP>LNP>GRN>ON,4,3,6484,41691,Ganesh Loke,OTH_CYA,RIGHT,2445,0.3770820481184454,0.3770820481184454,IND_MINOR:2517|OTH_CYA:2445|OTH_LTP:1522,RIGHT:3967|CENTRE_LEFT:2517,OBSERVED_LAST_SURVIVOR_EXIT,LAST_SURVIVOR_TALLY_AT_CATEGORY_EXIT,3076,LNP,540.0,0.1755526657997399,False
NSW,140,Parramatta,OTH,5,4,ALP>LNP>GRN>ON,4,3,6484,41691,Ganesh Loke,OTH_CYA,RIGHT,2445,0.3770820481184454,0.3770820481184454,IND_MINOR:2517|OTH_CYA:2445|OTH_LTP:1522,RIGHT:3967|CENTRE_LEFT:2517,OBSERVED_LAST_SURVIVOR_EXIT,LAST_SURVIVOR_TALLY_AT_CATEGORY_EXIT,3076,ON,1129.0,0.36703511053315996,False
NSW,140,Parramatta,OTH,5,4,ALP>LNP>GRN>ON,4,3,6484,41691,Ganesh Loke,OTH_CYA,RIGHT,2445,0.3770820481184454,0.3770820481184454,IND_MINOR:2517|OTH_CYA:2445|OTH_LTP:1522,RIGHT:3967|CENTRE_LEFT:2517,PROPORTIONAL_PRIMARY_ORIGIN_PASS_THROUGH,ALL_CATEGORY_PRIMARY_VOTES_TRACED_PROPORTIONALLY,6484,ALP,1259.0,0.19417026526835288,True
NSW,140,Parramatta,OTH,5,4,ALP>LNP>GRN>ON,4,3,6484,41691,Ganesh Loke,OTH_CYA,RIGHT,2445,0.3770820481184454,0.3770820481184454,IND_MINOR:2517|OTH_CYA:2445|OTH_LTP:1522,RIGHT:3967|CENTRE_LEFT:2517,PROPORTIONAL_PRIMARY_ORIGIN_PASS_THROUGH,ALL_CATEGORY_PRIMARY_VOTES_TRACED_PROPORTIONALLY,6484,GRN,1909.0,0.29441702652683527,True
NSW,140,Parramatta,OTH,5,4,ALP>LNP>GRN>ON,4,3,6484,41691,Ganesh Loke,OTH_CYA,RIGHT,2445,0.3770820481184454,0.3770820481184454,IND_MINOR:2517|OTH_CYA:2445|OTH_LTP:1522,RIGHT:3967|CENTRE_LEFT:2517,PROPORTIONAL_PRIMARY_ORIGIN_PASS_THROUGH,ALL_CATEGORY_PRIMARY_VOTES_TRACED_PROPORTIONALLY,6484,LNP,1187.0,0.18306600863664405,True
NSW,140,Parramatta,OTH,5,4,ALP>LNP>GRN>ON,4,3,6484,41691,Ganesh Loke,OTH_CYA,RIGHT,2445,0.3770820481184454,0.3770820481184454,IND_MINOR:2517|OTH_CYA:2445|OTH_LTP:1522,RIGHT:3967|CENTRE_LEFT:2517,PROPORTIONAL_PRIMARY_ORIGIN_PASS_THROUGH,ALL_CATEGORY_PRIMARY_VOTES_TRACED_PROPORTIONALLY,6484,ON,2129.0,0.3283466995681678,True
NSW,249,Paterson,IND,3,8,ALP>LNP,1,0,10565,41752,Philip Penfold,IND_PROMINENT,CENTRE_LEFT,10565,1.0,1.0,IND_PROMINENT:10565,CENTRE_LEFT:10565,OBSERVED_LAST_SURVIVOR_EXIT,LAST_SURVIVOR_TALLY_AT_CATEGORY_EXIT,20485,ALP,10212.0,0.4985111056870881,False
NSW,249,Paterson,IND,3,8,ALP>LNP,1,0,10565,41752,Philip Penfold,IND_PROMINENT,CENTRE_LEFT,10565,1.0,1.0,IND_PROMINENT:10565,CENTRE_LEFT:10565,OBSERVED_LAST_SURVIVOR_EXIT,LAST_SURVIVOR_TALLY_AT_CATEGORY_EXIT,20485,LNP,10273.0,0.5014888943129119,False
NSW,249,Paterson,IND,3,8,ALP>LNP,1,0,10565,41752,Philip Penfold,IND_PROMINENT,CENTRE_LEFT,10565,1.0,1.0,IND_PROMINENT:10565,CENTRE_LEFT:10565,PROPORTIONAL_PRIMARY_ORIGIN_PASS_THROUGH,ALL_CATEGORY_PRIMARY_VOTES_TRACED_PROPORTIONALLY,10565,ALP,5266.769831584086,0.4985111056870881,True
NSW,249,Paterson,IND,3,8,ALP>LNP,1,0,10565,41752,Philip Penfold,IND_PROMINENT,CENTRE_LEFT,10565,1.0,1.0,IND_PROMINENT:10565,CENTRE_LEFT:10565,PROPORTIONAL_PRIMARY_ORIGIN_PASS_THROUGH,ALL_CATEGORY_PRIMARY_VOTES_TRACED_PROPORTIONALLY,10565,LNP,5298.230168415914,0.5014888943129119,True
NSW,249,Paterson,ON,4,7,ALP>LNP>IND,1,0,8254,42050,Arnon Wither,ON,,8254,1.0,1.0,ON:8254,UNSPECIFIED:8254,OBSERVED_LAST_SURVIVOR_EXIT,LAST_SURVIVOR_TALLY_AT_CATEGORY_EXIT,12187,ALP,2040.0,0.16739148272749652,False
NSW,249,Paterson,ON,4,7,ALP>LNP>IND,1,0,8254,42050,Arnon Wither,ON,,8254,1.0,1.0,ON:8254,UNSPECIFIED:8254,OBSERVED_LAST_SURVIVOR_EXIT,LAST_SURVIVOR_TALLY_AT_CATEGORY_EXIT,12187,IND,5489.0,0.4503979650447198,False
NSW,249,Paterson,ON,4,7,ALP>LNP>IND,1,0,8254,42050,Arnon Wither,ON,,8254,1.0,1.0,ON:8254,UNSPECIFIED:8254,OBSERVED_LAST_SURVIVOR_EXIT,LAST_SURVIVOR_TALLY_AT_CATEGORY_EXIT,12187,LNP,4658.0,0.3822105522277837,False
NSW,249,Paterson,ON,4,7,ALP>LNP>IND,1,0,8254,42050,Arnon Wither,ON,,8254,1.0,1.0,ON:8254,UNSPECIFIED:8254,PROPORTIONAL_PRIMARY_ORIGIN_PASS_THROUGH,ALL_CATEGORY_PRIMARY_VOTES_TRACED_PROPORTIONALLY,8254,ALP,1381.6492984327563,0.16739148272749652,True
NSW,249,Paterson,ON,4,7,ALP>LNP>IND,1,0,8254,42050,Arnon Wither,ON,,8254,1.0,1.0,ON:8254,UNSPECIFIED:8254,PROPORTIONAL_PRIMARY_ORIGIN_PASS_THROUGH,ALL_CATEGORY_PRIMARY_VOTES_TRACED_PROPORTIONALLY,8254,IND,3717.584803479117,0.4503979650447198,True
NSW,249,Paterson,ON,4,7,ALP>LNP>IND,1,0,8254,42050,Arnon Wither,ON,,8254,1.0,1.0,ON:8254,UNSPECIFIED:8254,PROPORTIONAL_PRIMARY_ORIGIN_PASS_THROUGH,ALL_CATEGORY_PRIMARY_VOTES_TRACED_PROPORTIONALLY,8254,LNP,3154.765898088127,0.3822105522277837,True
NSW,249,Paterson,GRN,5,6,ALP>LNP>ON>IND,1,0,8219,41625,Paul Johns,GRN,,8219,1.0,1.0,GRN:8219,UNSPECIFIED:8219,OBSERVED_LAST_SURVIVOR_EXIT,LAST_SURVIVOR_TALLY_AT_CATEGORY_EXIT,10079,ALP,6916.0,0.686179184442901,False
NSW,249,Paterson,GRN,5,6,ALP>LNP>ON>IND,1,0,8219,41625,Paul Johns,GRN,,8219,1.0,1.0,GRN:8219,UNSPECIFIED:8219,OBSERVED_LAST_SURVIVOR_EXIT,LAST_SURVIVOR_TALLY_AT_CATEGORY_EXIT,10079,IND,1846.0,0.18315309058438337,False
NSW,249,Paterson,GRN,5,6,ALP>LNP>ON>IND,1,0,8219,41625,Paul Johns,GRN,,8219,1.0,1.0,GRN:8219,UNSPECIFIED:8219,OBSERVED_LAST_SURVIVOR_EXIT,LAST_SURVIVOR_TALLY_AT_CATEGORY_EXIT,10079,LNP,648.0,0.06429209246949102,False
NSW,249,Paterson,GRN,5,6,ALP>LNP>ON>IND,1,0,8219,41625,Paul Johns,GRN,,8219,1.0,1.0,GRN:8219,UNSPECIFIED:8219,OBSERVED_LAST_SURVIVOR_EXIT,LAST_SURVIVOR_TALLY_AT_CATEGORY_EXIT,10079,ON,669.0,0.06637563250322452,False
NSW,249,Paterson,GRN,5,6,ALP>LNP>ON>IND,1,0,8219,41625,Paul Johns,GRN,,8219,1.0,1.0,GRN:8219,UNSPECIFIED:8219,PROPORTIONAL_PRIMARY_ORIGIN_PASS_THROUGH,ALL_CATEGORY_PRIMARY_VOTES_TRACED_PROPORTIONALLY,8219,ALP,5639.7067169362035,0.686179184442901,True
NSW,249,Paterson,GRN,5,6,ALP>LNP>ON>IND,1,0,8219,41625,Paul Johns,GRN,,8219,1.0,1.0,GRN:8219,UNSPECIFIED:8219,PROPORTIONAL_PRIMARY_ORIGIN_PASS_THROUGH,ALL_CATEGORY_PRIMARY_VOTES_TRACED_PROPORTIONALLY,8219,IND,1505.3352515130468,0.18315309058438337,True
NSW,249,Paterson,GRN,5,6,ALP>LNP>ON>IND,1,0,8219,41625,Paul Johns,GRN,,8219,1.0,1.0,GRN:8219,UNSPECIFIED:8219,PROPORTIONAL_PRIMARY_ORIGIN_PASS_THROUGH,ALL_CATEGORY_PRIMARY_VOTES_TRACED_PROPORTIONALLY,8219,LNP,528.4167080067467,0.06429209246949102,True
NSW,249,Paterson,GRN,5,6,ALP>LNP>ON>IND,1,0,8219,41625,Paul Johns,GRN,,8219,1.0,1.0,GRN:8219,UNSPECIFIED:8219,PROPORTIONAL_PRIMARY_ORIGIN_PASS_THROUGH,ALL_CATEGORY_PRIMARY_VOTES_TRACED_PROPORTIONALLY,8219,ON,545.5413235440024,0.06637563250322452,True
NSW,249,Paterson,OTH,6,5,ALP>LNP>GRN>ON>IND,5,4,11774,41927,Daniel Dryden,OTH_HMP,CENTRE_LEFT,4223,0.3586716493969764,0.3586716493969764,OTH_HMP:4223|OTH_CYA:2766|IND_MINOR:2580|OTH_FFPA:2205,CENTRE_LEFT:6803|RIGHT:4971,OBSERVED_LAST_SURVIVOR_EXIT,LAST_SURVIVOR_TALLY_AT_CATEGORY_EXIT,5389,ALP,1208.0,0.2241603265912043,False
NSW,249,Paterson,OTH,6,5,ALP>LNP>GRN>ON>IND,5,4,11774,41927,Daniel Dryden,OTH_HMP,CENTRE_LEFT,4223,0.3586716493969764,0.3586716493969764,OTH_HMP:4223|OTH_CYA:2766|IND_MINOR:2580|OTH_FFPA:2205,CENTRE_LEFT:6803|RIGHT:4971,OBSERVED_LAST_SURVIVOR_EXIT,LAST_SURVIVOR_TALLY_AT_CATEGORY_EXIT,5389,GRN,1269.0,0.23547968083132306,False
NSW,249,Paterson,OTH,6,5,ALP>LNP>GRN>ON>IND,5,4,11774,41927,Daniel Dryden,OTH_HMP,CENTRE_LEFT,4223,0.3586716493969764,0.3586716493969764,OTH_HMP:4223|OTH_CYA:2766|IND_MINOR:2580|OTH_FFPA:2205,CENTRE_LEFT:6803|RIGHT:4971,OBSERVED_LAST_SURVIVOR_EXIT,LAST_SURVIVOR_TALLY_AT_CATEGORY_EXIT,5389,IND,1092.0,0.20263499721655223,False
NSW,249,Paterson,OTH,6,5,ALP>LNP>GRN>ON>IND,5,4,11774,41927,Daniel Dryden,OTH_HMP,CENTRE_LEFT,4223,0.3586716493969764,0.3586716493969764,OTH_HMP:4223|OTH_CYA:2766|IND_MINOR:2580|OTH_FFPA:2205,CENTRE_LEFT:6803|RIGHT:4971,OBSERVED_LAST_SURVIVOR_EXIT,LAST_SURVIVOR_TALLY_AT_CATEGORY_EXIT,5389,LNP,868.0,0.16106884394136203,False
NSW,249,Paterson,OTH,6,5,ALP>LNP>GRN>ON>IND,5,4,11774,41927,Daniel Dryden,OTH_HMP,CENTRE_LEFT,4223,0.3586716493969764,0.3586716493969764,OTH_HMP:4223|OTH_CYA:2766|IND_MINOR:2580|OTH_FFPA:2205,CENTRE_LEFT:6803|RIGHT:4971,OBSERVED_LAST_SURVIVOR_EXIT,LAST_SURVIVOR_TALLY_AT_CATEGORY_EXIT,5389,ON,952.0,0.17665615141955837,False
NSW,249,Paterson,OTH,6,5,ALP>LNP>GRN>ON>IND,5,4,11774,41927,Daniel Dryden,OTH_HMP,CENTRE_LEFT,4223,0.3586716493969764,0.3586716493969764,OTH_HMP:4223|OTH_CYA:2766|IND_MINOR:2580|OTH_FFPA:2205,CENTRE_LEFT:6803|RIGHT:4971,PROPORTIONAL_PRIMARY_ORIGIN_PASS_THROUGH,ALL_CATEGORY_PRIMARY_VOTES_TRACED_PROPORTIONALLY,11774,ALP,2383.0,0.20239510786478682,True
NSW,249,Paterson,OTH,6,5,ALP>LNP>GRN>ON>IND,5,4,11774,41927,Daniel Dryden,OTH_HMP,CENTRE_LEFT,4223,0.3586716493969764,0.3586716493969764,OTH_HMP:4223|OTH_CYA:2766|IND_MINOR:2580|OTH_FFPA:2205,CENTRE_LEFT:6803|RIGHT:4971,PROPORTIONAL_PRIMARY_ORIGIN_PASS_THROUGH,ALL_CATEGORY_PRIMARY_VOTES_TRACED_PROPORTIONALLY,11774,GRN,1860.0,0.15797519959232206,True
NSW,249,Paterson,OTH,6,5,ALP>LNP>GRN>ON>IND,5,4,11774,41927,Daniel Dryden,OTH_HMP,CENTRE_LEFT,4223,0.3586716493969764,0.3586716493969764,OTH_HMP:4223|OTH_CYA:2766|IND_MINOR:2580|OTH_FFPA:2205,CENTRE_LEFT:6803|RIGHT:4971,PROPORTIONAL_PRIMARY_ORIGIN_PASS_THROUGH,ALL_CATEGORY_PRIMARY_VOTES_TRACED_PROPORTIONALLY,11774,IND,2585.0,0.21955155427212503,True
NSW,249,Paterson,OTH,6,5,ALP>LNP>GRN>ON>IND,5,4,11774,41927,Daniel Dryden,OTH_HMP,CENTRE_LEFT,4223,0.3586716493969764,0.3586716493969764,OTH_HMP:4223|OTH_CYA:2766|IND_MINOR:2580|OTH_FFPA:2205,CENTRE_LEFT:6803|RIGHT:4971,PROPORTIONAL_PRIMARY_ORIGIN_PASS_THROUGH,ALL_CATEGORY_PRIMARY_VOTES_TRACED_PROPORTIONALLY,11774,LNP,1682.0,0.14285714285714285,True
NSW,249,Paterson,OTH,6,5,ALP>LNP>GRN>ON>IND,5,4,11774,41927,Daniel Dryden,OTH_HMP,CENTRE_LEFT,4223,0.3586716493969764,0.3586716493969764,OTH_HMP:4223|OTH_CYA:2766|IND_MINOR:2580|OTH_FFPA:2205,CENTRE_LEFT:6803|RIGHT:4971,PROPORTIONAL_PRIMARY_ORIGIN_PASS_THROUGH,ALL_CATEGORY_PRIMARY_VOTES_TRACED_PROPORTIONALLY,11774,ON,3264.0,0.2772209954136232,True
NSW,144,Reid,GRN,3,5,ALP>LNP,1,0,11680,41633,Joanna Somerville,GRN,,11680,1.0,1.0,GRN:11680,UNSPECIFIED:11680,OBSERVED_LAST_SURVIVOR_EXIT,LAST_SURVIVOR_TALLY_AT_CATEGORY_EXIT,13895,ALP,11562.0,0.8320978769341489,False
NSW,144,Reid,GRN,3,5,ALP>LNP,1,0,11680,41633,Joanna Somerville,GRN,,11680,1.0,1.0,GRN:11680,UNSPECIFIED:11680,OBSERVED_LAST_SURVIVOR_EXIT,LAST_SURVIVOR_TALLY_AT_CATEGORY_EXIT,13895,LNP,2333.0,0.16790212306585103,False
NSW,144,Reid,GRN,3,5,ALP>LNP,1,0,11680,41633,Joanna Somerville,GRN,,11680,1.0,1.0,GRN:11680,UNSPECIFIED:11680,PROPORTIONAL_PRIMARY_ORIGIN_PASS_THROUGH,ALL_CATEGORY_PRIMARY_VOTES_TRACED_PROPORTIONALLY,11680,ALP,9718.90320259086,0.8320978769341489,True
NSW,144,Reid,GRN,3,5,ALP>LNP,1,0,11680,41633,Joanna Somerville,GRN,,11680,1.0,1.0,GRN:11680,UNSPECIFIED:11680,PROPORTIONAL_PRIMARY_ORIGIN_PASS_THROUGH,ALL_CATEGORY_PRIMARY_VOTES_TRACED_PROPORTIONALLY,11680,LNP,1961.09679740914,0.16790212306585103,True
NSW,144,Reid,ON,4,4,ALP>LNP>GRN,1,0,2352,41892,Gina Ingrouille,ON,,2352,1.0,1.0,ON:2352,UNSPECIFIED:2352,OBSERVED_LAST_SURVIVOR_EXIT,LAST_SURVIVOR_TALLY_AT_CATEGORY_EXIT,4233,ALP,700.0,0.1653673517599811,False
NSW,144,Reid,ON,4,4,ALP>LNP>GRN,1,0,2352,41892,Gina Ingrouille,ON,,2352,1.0,1.0,ON:2352,UNSPECIFIED:2352,OBSERVED_LAST_SURVIVOR_EXIT,LAST_SURVIVOR_TALLY_AT_CATEGORY_EXIT,4233,GRN,678.0,0.16017009213323885,False
NSW,144,Reid,ON,4,4,ALP>LNP>GRN,1,0,2352,41892,Gina Ingrouille,ON,,2352,1.0,1.0,ON:2352,UNSPECIFIED:2352,OBSERVED_LAST_SURVIVOR_EXIT,LAST_SURVIVOR_TALLY_AT_CATEGORY_EXIT,4233,LNP,2855.0,0.6744625561067801,False
NSW,144,Reid,ON,4,4,ALP>LNP>GRN,1,0,2352,41892,Gina Ingrouille,ON,,2352,1.0,1.0,ON:2352,UNSPECIFIED:2352,PROPORTIONAL_PRIMARY_ORIGIN_PASS_THROUGH,ALL_CATEGORY_PRIMARY_VOTES_TRACED_PROPORTIONALLY,2352,ALP,388.94401133947554,0.1653673517599811,True
NSW,144,Reid,ON,4,4,ALP>LNP>GRN,1,0,2352,41892,Gina Ingrouille,ON,,2352,1.0,1.0,ON:2352,UNSPECIFIED:2352,PROPORTIONAL_PRIMARY_ORIGIN_PASS_THROUGH,ALL_CATEGORY_PRIMARY_VOTES_TRACED_PROPORTIONALLY,2352,GRN,376.7200566973778,0.16017009213323885,True
NSW,144,Reid,ON,4,4,ALP>LNP>GRN,1,0,2352,41892,Gina Ingrouille,ON,,2352,1.0,1.0,ON:2352,UNSPECIFIED:2352,PROPORTIONAL_PRIMARY_ORIGIN_PASS_THROUGH,ALL_CATEGORY_PRIMARY_VOTES_TRACED_PROPORTIONALLY,2352,LNP,1586.3359319631468,0.6744625561067801,True
NSW,144,Reid,OTH,5,3,ALP>LNP>GRN>ON,3,2,5912,40614,Steven Commerford,IND_MINOR,CENTRE_LEFT,3098,0.524018944519621,0.524018944519621,IND_MINOR:3098|OTH_CYA:1593|OTH_LTP:1221,CENTRE_LEFT:3098|RIGHT:2814,OBSERVED_LAST_SURVIVOR_EXIT,LAST_SURVIVOR_TALLY_AT_CATEGORY_EXIT,3566,ALP,1086.0,0.3045429052159282,False
NSW,144,Reid,OTH,5,3,ALP>LNP>GRN>ON,3,2,5912,40614,Steven Commerford,IND_MINOR,CENTRE_LEFT,3098,0.524018944519621,0.524018944519621,IND_MINOR:3098|OTH_CYA:1593|OTH_LTP:1221,CENTRE_LEFT:3098|RIGHT:2814,OBSERVED_LAST_SURVIVOR_EXIT,LAST_SURVIVOR_TALLY_AT_CATEGORY_EXIT,3566,GRN,1350.0,0.3785754346606842,False
NSW,144,Reid,OTH,5,3,ALP>LNP>GRN>ON,3,2,5912,40614,Steven Commerford,IND_MINOR,CENTRE_LEFT,3098,0.524018944519621,0.524018944519621,IND_MINOR:3098|OTH_CYA:1593|OTH_LTP:1221,CENTRE_LEFT:3098|RIGHT:2814,OBSERVED_LAST_SURVIVOR_EXIT,LAST_SURVIVOR_TALLY_AT_CATEGORY_EXIT,3566,LNP,569.0,0.159562535053281,False
NSW,144,Reid,OTH,5,3,ALP>LNP>GRN>ON,3,2,5912,40614,Steven Commerford,IND_MINOR,CENTRE_LEFT,3098,0.524018944519621,0.524018944519621,IND_MINOR:3098|OTH_CYA:1593|OTH_LTP:1221,CENTRE_LEFT:3098|RIGHT:2814,OBSERVED_LAST_SURVIVOR_EXIT,LAST_SURVIVOR_TALLY_AT_CATEGORY_EXIT,3566,ON,561.0,0.15731912507010656,False
NSW,144,Reid,OTH,5,3,ALP>LNP>GRN>ON,3,2,5912,40614,Steven Commerford,IND_MINOR,CENTRE_LEFT,3098,0.524018944519621,0.524018944519621,IND_MINOR:3098|OTH_CYA:1593|OTH_LTP:1221,CENTRE_LEFT:3098|RIGHT:2814,PROPORTIONAL_PRIMARY_ORIGIN_PASS_THROUGH,ALL_CATEGORY_PRIMARY_VOTES_TRACED_PROPORTIONALLY,5912,ALP,1334.0,0.2256427604871448,True
NSW,144,Reid,OTH,5,3,ALP>LNP>GRN>ON,3,2,5912,40614,Steven Commerford,IND_MINOR,CENTRE_LEFT,3098,0.524018944519621,0.524018944519621,IND_MINOR:3098|OTH_CYA:1593|OTH_LTP:1221,CENTRE_LEFT:3098|RIGHT:2814,PROPORTIONAL_PRIMARY_ORIGIN_PASS_THROUGH,ALL_CATEGORY_PRIMARY_VOTES_TRACED_PROPORTIONALLY,5912,GRN,1537.0,0.25997970230040596,True
NSW,144,Reid,OTH,5,3,ALP>LNP>GRN>ON,3,2,5912,40614,Steven Commerford,IND_MINOR,CENTRE_LEFT,3098,0.524018944519621,0.524018944519621,IND_MINOR:3098|OTH_CYA:1593|OTH_LTP:1221,CENTRE_LEFT:3098|RIGHT:2814,PROPORTIONAL_PRIMARY_ORIGIN_PASS_THROUGH,ALL_CATEGORY_PRIMARY_VOTES_TRACED_PROPORTIONALLY,5912,LNP,1160.0,0.19621109607577808,True
NSW,144,Reid,OTH,5,3,ALP>LNP>GRN>ON,3,2,5912,40614,Steven Commerford,IND_MINOR,CENTRE_LEFT,3098,0.524018944519621,0.524018944519621,IND_MINOR:3098|OTH_CYA:1593|OTH_LTP:1221,CENTRE_LEFT:3098|RIGHT:2814,PROPORTIONAL_PRIMARY_ORIGIN_PASS_THROUGH,ALL_CATEGORY_PRIMARY_VOTES_TRACED_PROPORTIONALLY,5912,ON,1881.0,0.3181664411366712,True
NSW,145,Richmond,GRN,3,8,ALP>LNP,1,0,27783,41348,Mandy Nolan,GRN,,27783,1.0,1.0,GRN:27783,UNSPECIFIED:27783,OBSERVED_LAST_SURVIVOR_EXIT,LAST_SURVIVOR_TALLY_AT_CATEGORY_EXIT,32027,ALP,27539.0,0.8598682361757267,False
NSW,145,Richmond,GRN,3,8,ALP>LNP,1,0,27783,41348,Mandy Nolan,GRN,,27783,1.0,1.0,GRN:27783,UNSPECIFIED:27783,OBSERVED_LAST_SURVIVOR_EXIT,LAST_SURVIVOR_TALLY_AT_CATEGORY_EXIT,32027,LNP,4488.0,0.14013176382427328,False
NSW,145,Richmond,GRN,3,8,ALP>LNP,1,0,27783,41348,Mandy Nolan,GRN,,27783,1.0,1.0,GRN:27783,UNSPECIFIED:27783,PROPORTIONAL_PRIMARY_ORIGIN_PASS_THROUGH,ALL_CATEGORY_PRIMARY_VOTES_TRACED_PROPORTIONALLY,27783,ALP,23889.719205670215,0.8598682361757267,True
NSW,145,Richmond,GRN,3,8,ALP>LNP,1,0,27783,41348,Mandy Nolan,GRN,,27783,1.0,1.0,GRN:27783,UNSPECIFIED:27783,PROPORTIONAL_PRIMARY_ORIGIN_PASS_THROUGH,ALL_CATEGORY_PRIMARY_VOTES_TRACED_PROPORTIONALLY,27783,LNP,3893.2807943297844,0.14013176382427328,True
NSW,145,Richmond,ON,4,7,ALP>LNP>GRN,1,0,5709,41907,Ian Mye,ON,,5709,1.0,1.0,ON:5709,UNSPECIFIED:5709,OBSERVED_LAST_SURVIVOR_EXIT,LAST_SURVIVOR_TALLY_AT_CATEGORY_EXIT,11529,ALP,1409.0,0.12221354844305664,False
NSW,145,Richmond,ON,4,7,ALP>LNP>GRN,1,0,5709,41907,Ian Mye,ON,,5709,1.0,1.0,ON:5709,UNSPECIFIED:5709,OBSERVED_LAST_SURVIVOR_EXIT,LAST_SURVIVOR_TALLY_AT_CATEGORY_EXIT,11529,GRN,1388.0,0.12039205481828433,False
NSW,145,Richmond,ON,4,7,ALP>LNP>GRN,1,0,5709,41907,Ian Mye,ON,,5709,1.0,1.0,ON:5709,UNSPECIFIED:5709,OBSERVED_LAST_SURVIVOR_EXIT,LAST_SURVIVOR_TALLY_AT_CATEGORY_EXIT,11529,LNP,8732.0,0.757394396738659,False
NSW,145,Richmond,ON,4,7,ALP>LNP>GRN,1,0,5709,41907,Ian Mye,ON,,5709,1.0,1.0,ON:5709,UNSPECIFIED:5709,PROPORTIONAL_PRIMARY_ORIGIN_PASS_THROUGH,ALL_CATEGORY_PRIMARY_VOTES_TRACED_PROPORTIONALLY,5709,ALP,697.7171480614104,0.12221354844305665,True
NSW,145,Richmond,ON,4,7,ALP>LNP>GRN,1,0,5709,41907,Ian Mye,ON,,5709,1.0,1.0,ON:5709,UNSPECIFIED:5709,PROPORTIONAL_PRIMARY_ORIGIN_PASS_THROUGH,ALL_CATEGORY_PRIMARY_VOTES_TRACED_PROPORTIONALLY,5709,GRN,687.3182409575852,0.12039205481828433,True
NSW,145,Richmond,ON,4,7,ALP>LNP>GRN,1,0,5709,41907,Ian Mye,ON,,5709,1.0,1.0,ON:5709,UNSPECIFIED:5709,PROPORTIONAL_PRIMARY_ORIGIN_PASS_THROUGH,ALL_CATEGORY_PRIMARY_VOTES_TRACED_PROPORTIONALLY,5709,LNP,4323.964610981005,0.757394396738659,True
NSW,145,Richmond,OTH,5,6,ALP>LNP>GRN>ON,6,5,13764,42068,Vivian Mac Mcmahon,OTH_HMP,CENTRE_LEFT,3998,0.2904678872420808,0.2904678872420808,OTH_HMP:3998|OTH_GRPF:3364|IND_MINOR:2731|OTH_CYA:2052|OTH_LTP:1619,RIGHT:8789|CENTRE_LEFT:3998|CENTRE:977,OBSERVED_LAST_SURVIVOR_EXIT,LAST_SURVIVOR_TALLY_AT_CATEGORY_EXIT,5573,ALP,1125.0,0.2018661403193971,False
NSW,145,Richmond,OTH,5,6,ALP>LNP>GRN>ON,6,5,13764,42068,Vivian Mac Mcmahon,OTH_HMP,CENTRE_LEFT,3998,0.2904678872420808,0.2904678872420808,OTH_HMP:3998|OTH_GRPF:3364|IND_MINOR:2731|OTH_CYA:2052|OTH_LTP:1619,RIGHT:8789|CENTRE_LEFT:3998|CENTRE:977,OBSERVED_LAST_SURVIVOR_EXIT,LAST_SURVIVOR_TALLY_AT_CATEGORY_EXIT,5573,GRN,1965.0,0.3525928584245469,False
NSW,145,Richmond,OTH,5,6,ALP>LNP>GRN>ON,6,5,13764,42068,Vivian Mac Mcmahon,OTH_HMP,CENTRE_LEFT,3998,0.2904678872420808,0.2904678872420808,OTH_HMP:3998|OTH_GRPF:3364|IND_MINOR:2731|OTH_CYA:2052|OTH_LTP:1619,RIGHT:8789|CENTRE_LEFT:3998|CENTRE:977,OBSERVED_LAST_SURVIVOR_EXIT,LAST_SURVIVOR_TALLY_AT_CATEGORY_EXIT,5573,LNP,974.0,0.17477121837430468,False
NSW,145,Richmond,OTH,5,6,ALP>LNP>GRN>ON,6,5,13764,42068,Vivian Mac Mcmahon,OTH_HMP,CENTRE_LEFT,3998,0.2904678872420808,0.2904678872420808,OTH_HMP:3998|OTH_GRPF:3364|IND_MINOR:2731|OTH_CYA:2052|OTH_LTP:1619,RIGHT:8789|CENTRE_LEFT:3998|CENTRE:977,OBSERVED_LAST_SURVIVOR_EXIT,LAST_SURVIVOR_TALLY_AT_CATEGORY_EXIT,5573,ON,1509.0,0.2707697828817513,False
NSW,145,Richmond,OTH,5,6,ALP>LNP>GRN>ON,6,5,13764,42068,Vivian Mac Mcmahon,OTH_HMP,CENTRE_LEFT,3998,0.2904678872420808,0.2904678872420808,OTH_HMP:3998|OTH_GRPF:3364|IND_MINOR:2731|OTH_CYA:2052|OTH_LTP:1619,RIGHT:8789|CENTRE_LEFT:3998|CENTRE:977,PROPORTIONAL_PRIMARY_ORIGIN_PASS_THROUGH,ALL_CATEGORY_PRIMARY_VOTES_TRACED_PROPORTIONALLY,13764,ALP,2126.0,0.15446091252542865,True
NSW,145,Richmond,OTH,5,6,ALP>LNP>GRN>ON,6,5,13764,42068,Vivian Mac Mcmahon,OTH_HMP,CENTRE_LEFT,3998,0.2904678872420808,0.2904678872420808,OTH_HMP:3998|OTH_GRPF:3364|IND_MINOR:2731|OTH_CYA:2052|OTH_LTP:1619,RIGHT:8789|CENTRE_LEFT:3998|CENTRE:977,PROPORTIONAL_PRIMARY_ORIGIN_PASS_THROUGH,ALL_CATEGORY_PRIMARY_VOTES_TRACED_PROPORTIONALLY,13764,GRN,2856.0,0.2074978204010462,True
NSW,145,Richmond,OTH,5,6,ALP>LNP>GRN>ON,6,5,13764,42068,Vivian Mac Mcmahon,OTH_HMP,CENTRE_LEFT,3998,0.2904678872420808,0.2904678872420808,OTH_HMP:3998|OTH_GRPF:3364|IND_MINOR:2731|OTH_CYA:2052|OTH_LTP:1619,RIGHT:8789|CENTRE_LEFT:3998|CENTRE:977,PROPORTIONAL_PRIMARY_ORIGIN_PASS_THROUGH,ALL_CATEGORY_PRIMARY_VOTES_TRACED_PROPORTIONALLY,13764,LNP,2962.0,0.21519907003777972,True
NSW,145,Richmond,OTH,5,6,ALP>LNP>GRN>ON,6,5,13764,42068,Vivian Mac Mcmahon,OTH_HMP,CENTRE_LEFT,3998,0.2904678872420808,0.2904678872420808,OTH_HMP:3998|OTH_GRPF:3364|IND_MINOR:2731|OTH_CYA:2052|OTH_LTP:1619,RIGHT:8789|CENTRE_LEFT:3998|CENTRE:977,PROPORTIONAL_PRIMARY_ORIGIN_PASS_THROUGH,ALL_CATEGORY_PRIMARY_VOTES_TRACED_PROPORTIONALLY,13764,ON,5820.0,0.42284219703574544,True
NSW,250,Riverina,ON,3,11,ALP>LNP,1,0,10427,41895,Mark Craig,ON,,10427,1.0,1.0,ON:10427,UNSPECIFIED:10427,OBSERVED_LAST_SURVIVOR_EXIT,LAST_SURVIVOR_TALLY_AT_CATEGORY_EXIT,21082,ALP,7648.0,0.36277393036713784,False
NSW,250,Riverina,ON,3,11,ALP>LNP,1,0,10427,41895,Mark Craig,ON,,10427,1.0,1.0,ON:10427,UNSPECIFIED:10427,OBSERVED_LAST_SURVIVOR_EXIT,LAST_SURVIVOR_TALLY_AT_CATEGORY_EXIT,21082,LNP,13434.0,0.6372260696328621,False
NSW,250,Riverina,ON,3,11,ALP>LNP,1,0,10427,41895,Mark Craig,ON,,10427,1.0,1.0,ON:10427,UNSPECIFIED:10427,PROPORTIONAL_PRIMARY_ORIGIN_PASS_THROUGH,ALL_CATEGORY_PRIMARY_VOTES_TRACED_PROPORTIONALLY,10427,ALP,3782.643771938146,0.36277393036713784,True
NSW,250,Riverina,ON,3,11,ALP>LNP,1,0,10427,41895,Mark Craig,ON,,10427,1.0,1.0,ON:10427,UNSPECIFIED:10427,PROPORTIONAL_PRIMARY_ORIGIN_PASS_THROUGH,ALL_CATEGORY_PRIMARY_VOTES_TRACED_PROPORTIONALLY,10427,LNP,6644.3562280618535,0.6372260696328621,True
NSW,250,Riverina,IND,4,10,ALP>LNP>ON,1,0,6909,42044,Jenny Rolfe,IND_PROMINENT,CENTRE_LEFT,6909,1.0,1.0,IND_PROMINENT:6909,CENTRE_LEFT:6909,OBSERVED_LAST_SURVIVOR_EXIT,LAST_SURVIVOR_TALLY_AT_CATEGORY_EXIT,13822,ALP,6367.0,0.46064245405874693,False
NSW,250,Riverina,IND,4,10,ALP>LNP>ON,1,0,6909,42044,Jenny Rolfe,IND_PROMINENT,CENTRE_LEFT,6909,1.0,1.0,IND_PROMINENT:6909,CENTRE_LEFT:6909,OBSERVED_LAST_SURVIVOR_EXIT,LAST_SURVIVOR_TALLY_AT_CATEGORY_EXIT,13822,LNP,4350.0,0.31471567066994643,False
NSW,250,Riverina,IND,4,10,ALP>LNP>ON,1,0,6909,42044,Jenny Rolfe,IND_PROMINENT,CENTRE_LEFT,6909,1.0,1.0,IND_PROMINENT:6909,CENTRE_LEFT:6909,OBSERVED_LAST_SURVIVOR_EXIT,LAST_SURVIVOR_TALLY_AT_CATEGORY_EXIT,13822,ON,3105.0,0.2246418752713066,False
NSW,250,Riverina,IND,4,10,ALP>LNP>ON,1,0,6909,42044,Jenny Rolfe,IND_PROMINENT,CENTRE_LEFT,6909,1.0,1.0,IND_PROMINENT:6909,CENTRE_LEFT:6909,PROPORTIONAL_PRIMARY_ORIGIN_PASS_THROUGH,ALL_CATEGORY_PRIMARY_VOTES_TRACED_PROPORTIONALLY,6909,ALP,3182.5787150918827,0.46064245405874693,True
NSW,250,Riverina,IND,4,10,ALP>LNP>ON,1,0,6909,42044,Jenny Rolfe,IND_PROMINENT,CENTRE_LEFT,6909,1.0,1.0,IND_PROMINENT:6909,CENTRE_LEFT:6909,PROPORTIONAL_PRIMARY_ORIGIN_PASS_THROUGH,ALL_CATEGORY_PRIMARY_VOTES_TRACED_PROPORTIONALLY,6909,LNP,2174.37056865866,0.31471567066994643,True
NSW,250,Riverina,IND,4,10,ALP>LNP>ON,1,0,6909,42044,Jenny Rolfe,IND_PROMINENT,CENTRE_LEFT,6909,1.0,1.0,IND_PROMINENT:6909,CENTRE_LEFT:6909,PROPORTIONAL_PRIMARY_ORIGIN_PASS_THROUGH,ALL_CATEGORY_PRIMARY_VOTES_TRACED_PROPORTIONALLY,6909,ON,1552.0507162494573,0.2246418752713066,True
NSW,250,Riverina,OTH,5,9,ALP>LNP>ON>IND,8,7,21550,40626,James Gooden,IND_MINOR,CENTRE_RIGHT,5080,0.2357308584686775,0.2357308584686775,IND_MINOR:10611|OTH_ASP:4217|OTH_LTP:2338|OTH_CEC:2233|OTH_FFPA:2151,CENTRE_RIGHT:11109|RIGHT:4489|CENTRE:4094|CENTRE_LEFT:1858,OBSERVED_LAST_SURVIVOR_EXIT,LAST_SURVIVOR_TALLY_AT_CATEGORY_EXIT,9349,ALP,985.0,0.10535886191036474,False
NSW,250,Riverina,OTH,5,9,ALP>LNP>ON>IND,8,7,21550,40626,James Gooden,IND_MINOR,CENTRE_RIGHT,5080,0.2357308584686775,0.2357308584686775,IND_MINOR:10611|OTH_ASP:4217|OTH_LTP:2338|OTH_CEC:2233|OTH_FFPA:2151,CENTRE_RIGHT:11109|RIGHT:4489|CENTRE:4094|CENTRE_LEFT:1858,OBSERVED_LAST_SURVIVOR_EXIT,LAST_SURVIVOR_TALLY_AT_CATEGORY_EXIT,9349,IND,3325.0,0.3556530110172211,False
NSW,250,Riverina,OTH,5,9,ALP>LNP>ON>IND,8,7,21550,40626,James Gooden,IND_MINOR,CENTRE_RIGHT,5080,0.2357308584686775,0.2357308584686775,IND_MINOR:10611|OTH_ASP:4217|OTH_LTP:2338|OTH_CEC:2233|OTH_FFPA:2151,CENTRE_RIGHT:11109|RIGHT:4489|CENTRE:4094|CENTRE_LEFT:1858,OBSERVED_LAST_SURVIVOR_EXIT,LAST_SURVIVOR_TALLY_AT_CATEGORY_EXIT,9349,LNP,2658.0,0.2843084821906086,False
NSW,250,Riverina,OTH,5,9,ALP>LNP>ON>IND,8,7,21550,40626,James Gooden,IND_MINOR,CENTRE_RIGHT,5080,0.2357308584686775,0.2357308584686775,IND_MINOR:10611|OTH_ASP:4217|OTH_LTP:2338|OTH_CEC:2233|OTH_FFPA:2151,CENTRE_RIGHT:11109|RIGHT:4489|CENTRE:4094|CENTRE_LEFT:1858,OBSERVED_LAST_SURVIVOR_EXIT,LAST_SURVIVOR_TALLY_AT_CATEGORY_EXIT,9349,ON,2381.0,0.25467964488180556,False
NSW,250,Riverina,OTH,5,9,ALP>LNP>ON>IND,8,7,21550,40626,James Gooden,IND_MINOR,CENTRE_RIGHT,5080,0.2357308584686775,0.2357308584686775,IND_MINOR:10611|OTH_ASP:4217|OTH_LTP:2338|OTH_CEC:2233|OTH_FFPA:2151,CENTRE_RIGHT:11109|RIGHT:4489|CENTRE:4094|CENTRE_LEFT:1858,PROPORTIONAL_PRIMARY_ORIGIN_PASS_THROUGH,ALL_CATEGORY_PRIMARY_VOTES_TRACED_PROPORTIONALLY,21550,ALP,3575.824023285304,0.1659315092011742,True
NSW,250,Riverina,OTH,5,9,ALP>LNP>ON>IND,8,7,21550,40626,James Gooden,IND_MINOR,CENTRE_RIGHT,5080,0.2357308584686775,0.2357308584686775,IND_MINOR:10611|OTH_ASP:4217|OTH_LTP:2338|OTH_CEC:2233|OTH_FFPA:2151,CENTRE_RIGHT:11109|RIGHT:4489|CENTRE:4094|CENTRE_LEFT:1858,PROPORTIONAL_PRIMARY_ORIGIN_PASS_THROUGH,ALL_CATEGORY_PRIMARY_VOTES_TRACED_PROPORTIONALLY,21550,IND,5732.053534276022,0.2659885630754535,True
NSW,250,Riverina,OTH,5,9,ALP>LNP>ON>IND,8,7,21550,40626,James Gooden,IND_MINOR,CENTRE_RIGHT,5080,0.2357308584686775,0.2357308584686775,IND_MINOR:10611|OTH_ASP:4217|OTH_LTP:2338|OTH_CEC:2233|OTH_FFPA:2151,CENTRE_RIGHT:11109|RIGHT:4489|CENTRE:4094|CENTRE_LEFT:1858,PROPORTIONAL_PRIMARY_ORIGIN_PASS_THROUGH,ALL_CATEGORY_PRIMARY_VOTES_TRACED_PROPORTIONALLY,21550,LNP,5229.45218923254,0.24266599485997867,True
NSW,250,Riverina,OTH,5,9,ALP>LNP>ON>IND,8,7,21550,40626,James Gooden,IND_MINOR,CENTRE_RIGHT,5080,0.2357308584686775,0.2357308584686775,IND_MINOR:10611|OTH_ASP:4217|OTH_LTP:2338|OTH_CEC:2233|OTH_FFPA:2151,CENTRE_RIGHT:11109|RIGHT:4489|CENTRE:4094|CENTRE_LEFT:1858,PROPORTIONAL_PRIMARY_ORIGIN_PASS_THROUGH,ALL_CATEGORY_PRIMARY_VOTES_TRACED_PROPORTIONALLY,21550,ON,7012.670253206134,0.32541393286339365,True
NSW,250,Riverina,GRN,6,8,ALP>LNP>ON>IND>OTH,1,0,4767,41639,Pheonix Valxori,GRN,,4767,1.0,1.0,GRN:4767,UNSPECIFIED:4767,OBSERVED_LAST_SURVIVOR_EXIT,LAST_SURVIVOR_TALLY_AT_CATEGORY_EXIT,5836,ALP,2925.0,0.5011994516792323,False
NSW,250,Riverina,GRN,6,8,ALP>LNP>ON>IND>OTH,1,0,4767,41639,Pheonix Valxori,GRN,,4767,1.0,1.0,GRN:4767,UNSPECIFIED:4767,OBSERVED_LAST_SURVIVOR_EXIT,LAST_SURVIVOR_TALLY_AT_CATEGORY_EXIT,5836,IND,1136.0,0.19465387251542152,False
NSW,250,Riverina,GRN,6,8,ALP>LNP>ON>IND>OTH,1,0,4767,41639,Pheonix Valxori,GRN,,4767,1.0,1.0,GRN:4767,UNSPECIFIED:4767,OBSERVED_LAST_SURVIVOR_EXIT,LAST_SURVIVOR_TALLY_AT_CATEGORY_EXIT,5836,LNP,468.0,0.08019191226867718,False
NSW,250,Riverina,GRN,6,8,ALP>LNP>ON>IND>OTH,1,0,4767,41639,Pheonix Valxori,GRN,,4767,1.0,1.0,GRN:4767,UNSPECIFIED:4767,OBSERVED_LAST_SURVIVOR_EXIT,LAST_SURVIVOR_TALLY_AT_CATEGORY_EXIT,5836,ON,436.0,0.07470870459218643,False
NSW,250,Riverina,GRN,6,8,ALP>LNP>ON>IND>OTH,1,0,4767,41639,Pheonix Valxori,GRN,,4767,1.0,1.0,GRN:4767,UNSPECIFIED:4767,OBSERVED_LAST_SURVIVOR_EXIT,LAST_SURVIVOR_TALLY_AT_CATEGORY_EXIT,5836,OTH,871.0,0.14924605894448253,False
NSW,250,Riverina,GRN,6,8,ALP>LNP>ON>IND>OTH,1,0,4767,41639,Pheonix Valxori,GRN,,4767,1.0,1.0,GRN:4767,UNSPECIFIED:4767,PROPORTIONAL_PRIMARY_ORIGIN_PASS_THROUGH,ALL_CATEGORY_PRIMARY_VOTES_TRACED_PROPORTIONALLY,4767,ALP,2389.2177861549003,0.5011994516792323,True
NSW,250,Riverina,GRN,6,8,ALP>LNP>ON>IND>OTH,1,0,4767,41639,Pheonix Valxori,GRN,,4767,1.0,1.0,GRN:4767,UNSPECIFIED:4767,PROPORTIONAL_PRIMARY_ORIGIN_PASS_THROUGH,ALL_CATEGORY_PRIMARY_VOTES_TRACED_PROPORTIONALLY,4767,IND,927.9150102810144,0.19465387251542152,True
NSW,250,Riverina,GRN,6,8,ALP>LNP>ON>IND>OTH,1,0,4767,41639,Pheonix Valxori,GRN,,4767,1.0,1.0,GRN:4767,UNSPECIFIED:4767,PROPORTIONAL_PRIMARY_ORIGIN_PASS_THROUGH,ALL_CATEGORY_PRIMARY_VOTES_TRACED_PROPORTIONALLY,4767,LNP,382.27484578478413,0.08019191226867718,True
NSW,250,Riverina,GRN,6,8,ALP>LNP>ON>IND>OTH,1,0,4767,41639,Pheonix Valxori,GRN,,4767,1.0,1.0,GRN:4767,UNSPECIFIED:4767,PROPORTIONAL_PRIMARY_ORIGIN_PASS_THROUGH,ALL_CATEGORY_PRIMARY_VOTES_TRACED_PROPORTIONALLY,4767,ON,356.1363947909527,0.07470870459218643,True
NSW,250,Riverina,GRN,6,8,ALP>LNP>ON>IND>OTH,1,0,4767,41639,Pheonix Valxori,GRN,,4767,1.0,1.0,GRN:4767,UNSPECIFIED:4767,PROPORTIONAL_PRIMARY_ORIGIN_PASS_THROUGH,ALL_CATEGORY_PRIMARY_VOTES_TRACED_PROPORTIONALLY,4767,OTH,711.4559629883482,0.14924605894448253,True
NSW,146,Robertson,GRN,3,5,ALP>LNP,1,0,9119,41635,Cheryl Wallace,GRN,,9119,1.0,1.0,GRN:9119,UNSPECIFIED:9119,OBSERVED_LAST_SURVIVOR_EXIT,LAST_SURVIVOR_TALLY_AT_CATEGORY_EXIT,13742,ALP,10804.0,0.7862028816766119,False
NSW,146,Robertson,GRN,3,5,ALP>LNP,1,0,9119,41635,Cheryl Wallace,GRN,,9119,1.0,1.0,GRN:9119,UNSPECIFIED:9119,OBSERVED_LAST_SURVIVOR_EXIT,LAST_SURVIVOR_TALLY_AT_CATEGORY_EXIT,13742,LNP,2938.0,0.21379711832338816,False
NSW,146,Robertson,GRN,3,5,ALP>LNP,1,0,9119,41635,Cheryl Wallace,GRN,,9119,1.0,1.0,GRN:9119,UNSPECIFIED:9119,PROPORTIONAL_PRIMARY_ORIGIN_PASS_THROUGH,ALL_CATEGORY_PRIMARY_VOTES_TRACED_PROPORTIONALLY,9119,ALP,7169.384078009024,0.7862028816766119,True
NSW,146,Robertson,GRN,3,5,ALP>LNP,1,0,9119,41635,Cheryl Wallace,GRN,,9119,1.0,1.0,GRN:9119,UNSPECIFIED:9119,PROPORTIONAL_PRIMARY_ORIGIN_PASS_THROUGH,ALL_CATEGORY_PRIMARY_VOTES_TRACED_PROPORTIONALLY,9119,LNP,1949.6159219909766,0.21379711832338816,True
NSW,146,Robertson,ON,4,4,ALP>LNP>GRN,1,0,7032,41903,Matt Lloyd,ON,,7032,1.0,1.0,ON:7032,UNSPECIFIED:7032,OBSERVED_LAST_SURVIVOR_EXIT,LAST_SURVIVOR_TALLY_AT_CATEGORY_EXIT,9658,ALP,1601.0,0.16576931041623524,False
NSW,146,Robertson,ON,4,4,ALP>LNP>GRN,1,0,7032,41903,Matt Lloyd,ON,,7032,1.0,1.0,ON:7032,UNSPECIFIED:7032,OBSERVED_LAST_SURVIVOR_EXIT,LAST_SURVIVOR_TALLY_AT_CATEGORY_EXIT,9658,GRN,2092.0,0.21660799337336922,False
NSW,146,Robertson,ON,4,4,ALP>LNP>GRN,1,0,7032,41903,Matt Lloyd,ON,,7032,1.0,1.0,ON:7032,UNSPECIFIED:7032,OBSERVED_LAST_SURVIVOR_EXIT,LAST_SURVIVOR_TALLY_AT_CATEGORY_EXIT,9658,LNP,5965.0,0.6176226962103956,False
NSW,146,Robertson,ON,4,4,ALP>LNP>GRN,1,0,7032,41903,Matt Lloyd,ON,,7032,1.0,1.0,ON:7032,UNSPECIFIED:7032,PROPORTIONAL_PRIMARY_ORIGIN_PASS_THROUGH,ALL_CATEGORY_PRIMARY_VOTES_TRACED_PROPORTIONALLY,7032,ALP,1165.6897908469662,0.16576931041623524,True
NSW,146,Robertson,ON,4,4,ALP>LNP>GRN,1,0,7032,41903,Matt Lloyd,ON,,7032,1.0,1.0,ON:7032,UNSPECIFIED:7032,PROPORTIONAL_PRIMARY_ORIGIN_PASS_THROUGH,ALL_CATEGORY_PRIMARY_VOTES_TRACED_PROPORTIONALLY,7032,GRN,1523.1874094015325,0.21660799337336925,True
NSW,146,Robertson,ON,4,4,ALP>LNP>GRN,1,0,7032,41903,Matt Lloyd,ON,,7032,1.0,1.0,ON:7032,UNSPECIFIED:7032,PROPORTIONAL_PRIMARY_ORIGIN_PASS_THROUGH,ALL_CATEGORY_PRIMARY_VOTES_TRACED_PROPORTIONALLY,7032,LNP,4343.122799751502,0.6176226962103956,True
NSW,146,Robertson,OTH,5,3,ALP>LNP>GRN>ON,3,2,9070,41926,Tom Lillicrap,OTH_HMP,CENTRE_LEFT,3497,0.38555678059536935,0.38555678059536935,OTH_HMP:3497|IND_MINOR:3376|OTH_CYA:2197,CENTRE_LEFT:6873|RIGHT:2197,OBSERVED_LAST_SURVIVOR_EXIT,LAST_SURVIVOR_TALLY_AT_CATEGORY_EXIT,4555,ALP,1243.0,0.2728869374313941,False
NSW,146,Robertson,OTH,5,3,ALP>LNP>GRN>ON,3,2,9070,41926,Tom Lillicrap,OTH_HMP,CENTRE_LEFT,3497,0.38555678059536935,0.38555678059536935,OTH_HMP:3497|IND_MINOR:3376|OTH_CYA:2197,CENTRE_LEFT:6873|RIGHT:2197,OBSERVED_LAST_SURVIVOR_EXIT,LAST_SURVIVOR_TALLY_AT_CATEGORY_EXIT,4555,GRN,1478.0,0.3244785949506037,False
NSW,146,Robertson,OTH,5,3,ALP>LNP>GRN>ON,3,2,9070,41926,Tom Lillicrap,OTH_HMP,CENTRE_LEFT,3497,0.38555678059536935,0.38555678059536935,OTH_HMP:3497|IND_MINOR:3376|OTH_CYA:2197,CENTRE_LEFT:6873|RIGHT:2197,OBSERVED_LAST_SURVIVOR_EXIT,LAST_SURVIVOR_TALLY_AT_CATEGORY_EXIT,4555,LNP,714.0,0.15675082327113063,False
NSW,146,Robertson,OTH,5,3,ALP>LNP>GRN>ON,3,2,9070,41926,Tom Lillicrap,OTH_HMP,CENTRE_LEFT,3497,0.38555678059536935,0.38555678059536935,OTH_HMP:3497|IND_MINOR:3376|OTH_CYA:2197,CENTRE_LEFT:6873|RIGHT:2197,OBSERVED_LAST_SURVIVOR_EXIT,LAST_SURVIVOR_TALLY_AT_CATEGORY_EXIT,4555,ON,1120.0,0.24588364434687157,False
NSW,146,Robertson,OTH,5,3,ALP>LNP>GRN>ON,3,2,9070,41926,Tom Lillicrap,OTH_HMP,CENTRE_LEFT,3497,0.38555678059536935,0.38555678059536935,OTH_HMP:3497|IND_MINOR:3376|OTH_CYA:2197,CENTRE_LEFT:6873|RIGHT:2197,PROPORTIONAL_PRIMARY_ORIGIN_PASS_THROUGH,ALL_CATEGORY_PRIMARY_VOTES_TRACED_PROPORTIONALLY,9070,ALP,2419.0,0.2667034178610805,True
NSW,146,Robertson,OTH,5,3,ALP>LNP>GRN>ON,3,2,9070,41926,Tom Lillicrap,OTH_HMP,CENTRE_LEFT,3497,0.38555678059536935,0.38555678059536935,OTH_HMP:3497|IND_MINOR:3376|OTH_CYA:2197,CENTRE_LEFT:6873|RIGHT:2197,PROPORTIONAL_PRIMARY_ORIGIN_PASS_THROUGH,ALL_CATEGORY_PRIMARY_VOTES_TRACED_PROPORTIONALLY,9070,GRN,2531.0,0.2790518191841235,True
NSW,146,Robertson,OTH,5,3,ALP>LNP>GRN>ON,3,2,9070,41926,Tom Lillicrap,OTH_HMP,CENTRE_LEFT,3497,0.38555678059536935,0.38555678059536935,OTH_HMP:3497|IND_MINOR:3376|OTH_CYA:2197,CENTRE_LEFT:6873|RIGHT:2197,PROPORTIONAL_PRIMARY_ORIGIN_PASS_THROUGH,ALL_CATEGORY_PRIMARY_VOTES_TRACED_PROPORTIONALLY,9070,LNP,1494.0,0.16471885336273429,True
NSW,146,Robertson,OTH,5,3,ALP>LNP>GRN>ON,3,2,9070,41926,Tom Lillicrap,OTH_HMP,CENTRE_LEFT,3497,0.38555678059536935,0.38555678059536935,OTH_HMP:3497|IND_MINOR:3376|OTH_CYA:2197,CENTRE_LEFT:6873|RIGHT:2197,PROPORTIONAL_PRIMARY_ORIGIN_PASS_THROUGH,ALL_CATEGORY_PRIMARY_VOTES_TRACED_PROPORTIONALLY,9070,ON,2626.0,0.28952590959206176,True
NSW,148,Shortland,GRN,3,5,ALP>LNP,1,0,12257,41632,Therese Doyle,GRN,,12257,1.0,1.0,GRN:12257,UNSPECIFIED:12257,OBSERVED_LAST_SURVIVOR_EXIT,LAST_SURVIVOR_TALLY_AT_CATEGORY_EXIT,16274,ALP,12694.0,0.7800172053582402,False
NSW,148,Shortland,GRN,3,5,ALP>LNP,1,0,12257,41632,Therese Doyle,GRN,,12257,1.0,1.0,GRN:12257,UNSPECIFIED:12257,OBSERVED_LAST_SURVIVOR_EXIT,LAST_SURVIVOR_TALLY_AT_CATEGORY_EXIT,16274,LNP,3580.0,0.21998279464175985,False
NSW,148,Shortland,GRN,3,5,ALP>LNP,1,0,12257,41632,Therese Doyle,GRN,,12257,1.0,1.0,GRN:12257,UNSPECIFIED:12257,PROPORTIONAL_PRIMARY_ORIGIN_PASS_THROUGH,ALL_CATEGORY_PRIMARY_VOTES_TRACED_PROPORTIONALLY,12257,ALP,9560.67088607595,0.7800172053582402,True
NSW,148,Shortland,GRN,3,5,ALP>LNP,1,0,12257,41632,Therese Doyle,GRN,,12257,1.0,1.0,GRN:12257,UNSPECIFIED:12257,PROPORTIONAL_PRIMARY_ORIGIN_PASS_THROUGH,ALL_CATEGORY_PRIMARY_VOTES_TRACED_PROPORTIONALLY,12257,LNP,2696.3291139240505,0.21998279464175985,True
NSW,148,Shortland,ON,4,4,ALP>LNP>GRN,1,0,9813,41908,Barry Reed,ON,,9813,1.0,1.0,ON:9813,UNSPECIFIED:9813,OBSERVED_LAST_SURVIVOR_EXIT,LAST_SURVIVOR_TALLY_AT_CATEGORY_EXIT,13192,ALP,2902.0,0.21998180715585203,False
NSW,148,Shortland,ON,4,4,ALP>LNP>GRN,1,0,9813,41908,Barry Reed,ON,,9813,1.0,1.0,ON:9813,UNSPECIFIED:9813,OBSERVED_LAST_SURVIVOR_EXIT,LAST_SURVIVOR_TALLY_AT_CATEGORY_EXIT,13192,GRN,2164.0,0.164038811400849,False
NSW,148,Shortland,ON,4,4,ALP>LNP>GRN,1,0,9813,41908,Barry Reed,ON,,9813,1.0,1.0,ON:9813,UNSPECIFIED:9813,OBSERVED_LAST_SURVIVOR_EXIT,LAST_SURVIVOR_TALLY_AT_CATEGORY_EXIT,13192,LNP,8126.0,0.615979381443299,False
NSW,148,Shortland,ON,4,4,ALP>LNP>GRN,1,0,9813,41908,Barry Reed,ON,,9813,1.0,1.0,ON:9813,UNSPECIFIED:9813,PROPORTIONAL_PRIMARY_ORIGIN_PASS_THROUGH,ALL_CATEGORY_PRIMARY_VOTES_TRACED_PROPORTIONALLY,9813,ALP,2158.681473620376,0.21998180715585203,True
NSW,148,Shortland,ON,4,4,ALP>LNP>GRN,1,0,9813,41908,Barry Reed,ON,,9813,1.0,1.0,ON:9813,UNSPECIFIED:9813,PROPORTIONAL_PRIMARY_ORIGIN_PASS_THROUGH,ALL_CATEGORY_PRIMARY_VOTES_TRACED_PROPORTIONALLY,9813,GRN,1609.7128562765313,0.164038811400849,True
NSW,148,Shortland,ON,4,4,ALP>LNP>GRN,1,0,9813,41908,Barry Reed,ON,,9813,1.0,1.0,ON:9813,UNSPECIFIED:9813,PROPORTIONAL_PRIMARY_ORIGIN_PASS_THROUGH,ALL_CATEGORY_PRIMARY_VOTES_TRACED_PROPORTIONALLY,9813,LNP,6044.605670103093,0.615979381443299,True
NSW,148,Shortland,OTH,5,3,ALP>LNP>GRN>ON,3,2,9485,40672,James Pheils,IND_MINOR,CENTRE_LEFT,4805,0.5065893516078018,0.5065893516078018,IND_MINOR:4805|OTH_FFPA:2958|OTH_LTP:1722,CENTRE_LEFT:4805|RIGHT:4680,OBSERVED_LAST_SURVIVOR_EXIT,LAST_SURVIVOR_TALLY_AT_CATEGORY_EXIT,6107,ALP,2200.0,0.3602423448501719,False
NSW,148,Shortland,OTH,5,3,ALP>LNP>GRN>ON,3,2,9485,40672,James Pheils,IND_MINOR,CENTRE_LEFT,4805,0.5065893516078018,0.5065893516078018,IND_MINOR:4805|OTH_FFPA:2958|OTH_LTP:1722,CENTRE_LEFT:4805|RIGHT:4680,OBSERVED_LAST_SURVIVOR_EXIT,LAST_SURVIVOR_TALLY_AT_CATEGORY_EXIT,6107,GRN,1501.0,0.24578352710004914,False
NSW,148,Shortland,OTH,5,3,ALP>LNP>GRN>ON,3,2,9485,40672,James Pheils,IND_MINOR,CENTRE_LEFT,4805,0.5065893516078018,0.5065893516078018,IND_MINOR:4805|OTH_FFPA:2958|OTH_LTP:1722,CENTRE_LEFT:4805|RIGHT:4680,OBSERVED_LAST_SURVIVOR_EXIT,LAST_SURVIVOR_TALLY_AT_CATEGORY_EXIT,6107,LNP,880.0,0.14409693794006878,False
NSW,148,Shortland,OTH,5,3,ALP>LNP>GRN>ON,3,2,9485,40672,James Pheils,IND_MINOR,CENTRE_LEFT,4805,0.5065893516078018,0.5065893516078018,IND_MINOR:4805|OTH_FFPA:2958|OTH_LTP:1722,CENTRE_LEFT:4805|RIGHT:4680,OBSERVED_LAST_SURVIVOR_EXIT,LAST_SURVIVOR_TALLY_AT_CATEGORY_EXIT,6107,ON,1526.0,0.24987719010971016,False
NSW,148,Shortland,OTH,5,3,ALP>LNP>GRN>ON,3,2,9485,40672,James Pheils,IND_MINOR,CENTRE_LEFT,4805,0.5065893516078018,0.5065893516078018,IND_MINOR:4805|OTH_FFPA:2958|OTH_LTP:1722,CENTRE_LEFT:4805|RIGHT:4680,PROPORTIONAL_PRIMARY_ORIGIN_PASS_THROUGH,ALL_CATEGORY_PRIMARY_VOTES_TRACED_PROPORTIONALLY,9485,ALP,2676.0,0.28212967843964154,True
NSW,148,Shortland,OTH,5,3,ALP>LNP>GRN>ON,3,2,9485,40672,James Pheils,IND_MINOR,CENTRE_LEFT,4805,0.5065893516078018,0.5065893516078018,IND_MINOR:4805|OTH_FFPA:2958|OTH_LTP:1722,CENTRE_LEFT:4805|RIGHT:4680,PROPORTIONAL_PRIMARY_ORIGIN_PASS_THROUGH,ALL_CATEGORY_PRIMARY_VOTES_TRACED_PROPORTIONALLY,9485,GRN,1853.0,0.19536109646810754,True
NSW,148,Shortland,OTH,5,3,ALP>LNP>GRN>ON,3,2,9485,40672,James Pheils,IND_MINOR,CENTRE_LEFT,4805,0.5065893516078018,0.5065893516078018,IND_MINOR:4805|OTH_FFPA:2958|OTH_LTP:1722,CENTRE_LEFT:4805|RIGHT:4680,PROPORTIONAL_PRIMARY_ORIGIN_PASS_THROUGH,ALL_CATEGORY_PRIMARY_VOTES_TRACED_PROPORTIONALLY,9485,LNP,1577.0,0.1662625197680548,True
NSW,148,Shortland,OTH,5,3,ALP>LNP>GRN>ON,3,2,9485,40672,James Pheils,IND_MINOR,CENTRE_LEFT,4805,0.5065893516078018,0.5065893516078018,IND_MINOR:4805|OTH_FFPA:2958|OTH_LTP:1722,CENTRE_LEFT:4805|RIGHT:4680,PROPORTIONAL_PRIMARY_ORIGIN_PASS_THROUGH,ALL_CATEGORY_PRIMARY_VOTES_TRACED_PROPORTIONALLY,9485,ON,3379.0,0.3562467053241961,True
NSW,149,Sydney,LNP,3,3,ALP>GRN,1,0,18860,41561,Alex Xu,LIB,,18860,1.0,1.0,LIB:18860,UNSPECIFIED:18860,OBSERVED_LAST_SURVIVOR_EXIT,LAST_SURVIVOR_TALLY_AT_CATEGORY_EXIT,21765,ALP,15853.0,0.7283712382265104,False
NSW,149,Sydney,LNP,3,3,ALP>GRN,1,0,18860,41561,Alex Xu,LIB,,18860,1.0,1.0,LIB:18860,UNSPECIFIED:18860,OBSERVED_LAST_SURVIVOR_EXIT,LAST_SURVIVOR_TALLY_AT_CATEGORY_EXIT,21765,GRN,5912.0,0.27162876177348955,False
NSW,149,Sydney,LNP,3,3,ALP>GRN,1,0,18860,41561,Alex Xu,LIB,,18860,1.0,1.0,LIB:18860,UNSPECIFIED:18860,PROPORTIONAL_PRIMARY_ORIGIN_PASS_THROUGH,ALL_CATEGORY_PRIMARY_VOTES_TRACED_PROPORTIONALLY,18860,ALP,13737.081552951986,0.7283712382265104,True
NSW,149,Sydney,LNP,3,3,ALP>GRN,1,0,18860,41561,Alex Xu,LIB,,18860,1.0,1.0,LIB:18860,UNSPECIFIED:18860,PROPORTIONAL_PRIMARY_ORIGIN_PASS_THROUGH,ALL_CATEGORY_PRIMARY_VOTES_TRACED_PROPORTIONALLY,18860,GRN,5122.918447048013,0.27162876177348955,True
NSW,149,Sydney,ON,4,2,ALP>LNP>GRN,1,0,3698,41910,Vedran Torbarac,ON,,3698,1.0,1.0,ON:3698,UNSPECIFIED:3698,OBSERVED_LAST_SURVIVOR_EXIT,LAST_SURVIVOR_TALLY_AT_CATEGORY_EXIT,3875,ALP,591.0,0.15251612903225806,False
NSW,149,Sydney,ON,4,2,ALP>LNP>GRN,1,0,3698,41910,Vedran Torbarac,ON,,3698,1.0,1.0,ON:3698,UNSPECIFIED:3698,OBSERVED_LAST_SURVIVOR_EXIT,LAST_SURVIVOR_TALLY_AT_CATEGORY_EXIT,3875,GRN,539.0,0.13909677419354838,False
NSW,149,Sydney,ON,4,2,ALP>LNP>GRN,1,0,3698,41910,Vedran Torbarac,ON,,3698,1.0,1.0,ON:3698,UNSPECIFIED:3698,OBSERVED_LAST_SURVIVOR_EXIT,LAST_SURVIVOR_TALLY_AT_CATEGORY_EXIT,3875,LNP,2745.0,0.7083870967741935,False
NSW,149,Sydney,ON,4,2,ALP>LNP>GRN,1,0,3698,41910,Vedran Torbarac,ON,,3698,1.0,1.0,ON:3698,UNSPECIFIED:3698,PROPORTIONAL_PRIMARY_ORIGIN_PASS_THROUGH,ALL_CATEGORY_PRIMARY_VOTES_TRACED_PROPORTIONALLY,3698,ALP,564.0046451612903,0.15251612903225806,True
NSW,149,Sydney,ON,4,2,ALP>LNP>GRN,1,0,3698,41910,Vedran Torbarac,ON,,3698,1.0,1.0,ON:3698,UNSPECIFIED:3698,PROPORTIONAL_PRIMARY_ORIGIN_PASS_THROUGH,ALL_CATEGORY_PRIMARY_VOTES_TRACED_PROPORTIONALLY,3698,GRN,514.3798709677419,0.13909677419354838,True
NSW,149,Sydney,ON,4,2,ALP>LNP>GRN,1,0,3698,41910,Vedran Torbarac,ON,,3698,1.0,1.0,ON:3698,UNSPECIFIED:3698,PROPORTIONAL_PRIMARY_ORIGIN_PASS_THROUGH,ALL_CATEGORY_PRIMARY_VOTES_TRACED_PROPORTIONALLY,3698,LNP,2619.6154838709676,0.7083870967741935,True
NSW,149,Sydney,OTH,5,1,ALP>LNP>GRN>ON,1,0,2376,41984,Rachel Evans,OTH_SAL,LEFT,2376,1.0,1.0,OTH_SAL:2376,LEFT:2376,OBSERVED_LAST_SURVIVOR_EXIT,LAST_SURVIVOR_TALLY_AT_CATEGORY_EXIT,2376,ALP,492.0,0.20707070707070707,False
NSW,149,Sydney,OTH,5,1,ALP>LNP>GRN>ON,1,0,2376,41984,Rachel Evans,OTH_SAL,LEFT,2376,1.0,1.0,OTH_SAL:2376,LEFT:2376,OBSERVED_LAST_SURVIVOR_EXIT,LAST_SURVIVOR_TALLY_AT_CATEGORY_EXIT,2376,GRN,1547.0,0.6510942760942761,False
NSW,149,Sydney,OTH,5,1,ALP>LNP>GRN>ON,1,0,2376,41984,Rachel Evans,OTH_SAL,LEFT,2376,1.0,1.0,OTH_SAL:2376,LEFT:2376,OBSERVED_LAST_SURVIVOR_EXIT,LAST_SURVIVOR_TALLY_AT_CATEGORY_EXIT,2376,LNP,160.0,0.06734006734006734,False
NSW,149,Sydney,OTH,5,1,ALP>LNP>GRN>ON,1,0,2376,41984,Rachel Evans,OTH_SAL,LEFT,2376,1.0,1.0,OTH_SAL:2376,LEFT:2376,OBSERVED_LAST_SURVIVOR_EXIT,LAST_SURVIVOR_TALLY_AT_CATEGORY_EXIT,2376,ON,177.0,0.07449494949494949,False
NSW,149,Sydney,OTH,5,1,ALP>LNP>GRN>ON,1,0,2376,41984,Rachel Evans,OTH_SAL,LEFT,2376,1.0,1.0,OTH_SAL:2376,LEFT:2376,PROPORTIONAL_PRIMARY_ORIGIN_PASS_THROUGH,ALL_CATEGORY_PRIMARY_VOTES_TRACED_PROPORTIONALLY,2376,ALP,492.0,0.20707070707070707,True
NSW,149,Sydney,OTH,5,1,ALP>LNP>GRN>ON,1,0,2376,41984,Rachel Evans,OTH_SAL,LEFT,2376,1.0,1.0,OTH_SAL:2376,LEFT:2376,PROPORTIONAL_PRIMARY_ORIGIN_PASS_THROUGH,ALL_CATEGORY_PRIMARY_VOTES_TRACED_PROPORTIONALLY,2376,GRN,1547.0,0.6510942760942761,True
NSW,149,Sydney,OTH,5,1,ALP>LNP>GRN>ON,1,0,2376,41984,Rachel Evans,OTH_SAL,LEFT,2376,1.0,1.0,OTH_SAL:2376,LEFT:2376,PROPORTIONAL_PRIMARY_ORIGIN_PASS_THROUGH,ALL_CATEGORY_PRIMARY_VOTES_TRACED_PROPORTIONALLY,2376,LNP,160.0,0.06734006734006734,True
NSW,149,Sydney,OTH,5,1,ALP>LNP>GRN>ON,1,0,2376,41984,Rachel Evans,OTH_SAL,LEFT,2376,1.0,1.0,OTH_SAL:2376,LEFT:2376,PROPORTIONAL_PRIMARY_ORIGIN_PASS_THROUGH,ALL_CATEGORY_PRIMARY_VOTES_TRACED_PROPORTIONALLY,2376,ON,176.99999999999997,0.07449494949494949,True
NSW,151,Warringah,ALP,3,6,LNP>IND,1,0,16738,41341,Celine Varghese-Fell,ALP,,16738,1.0,1.0,ALP:16738,UNSPECIFIED:16738,OBSERVED_LAST_SURVIVOR_EXIT,LAST_SURVIVOR_TALLY_AT_CATEGORY_EXIT,20540,IND,16741.0,0.8150438169425511,False
NSW,151,Warringah,ALP,3,6,LNP>IND,1,0,16738,41341,Celine Varghese-Fell,ALP,,16738,1.0,1.0,ALP:16738,UNSPECIFIED:16738,OBSERVED_LAST_SURVIVOR_EXIT,LAST_SURVIVOR_TALLY_AT_CATEGORY_EXIT,20540,LNP,3799.0,0.18495618305744888,False
NSW,151,Warringah,ALP,3,6,LNP>IND,1,0,16738,41341,Celine Varghese-Fell,ALP,,16738,1.0,1.0,ALP:16738,UNSPECIFIED:16738,PROPORTIONAL_PRIMARY_ORIGIN_PASS_THROUGH,ALL_CATEGORY_PRIMARY_VOTES_TRACED_PROPORTIONALLY,16738,IND,13642.203407984422,0.8150438169425511,True
NSW,151,Warringah,ALP,3,6,LNP>IND,1,0,16738,41341,Celine Varghese-Fell,ALP,,16738,1.0,1.0,ALP:16738,UNSPECIFIED:16738,PROPORTIONAL_PRIMARY_ORIGIN_PASS_THROUGH,ALL_CATEGORY_PRIMARY_VOTES_TRACED_PROPORTIONALLY,16738,LNP,3095.7965920155793,0.18495618305744888,True
NSW,151,Warringah,GRN,4,5,ALP>LNP>IND,1,0,10051,41637,Bonnie Harvey,GRN,,10051,1.0,1.0,GRN:10051,UNSPECIFIED:10051,OBSERVED_LAST_SURVIVOR_EXIT,LAST_SURVIVOR_TALLY_AT_CATEGORY_EXIT,10528,ALP,3163.0,0.3004369300911854,False
NSW,151,Warringah,GRN,4,5,ALP>LNP>IND,1,0,10051,41637,Bonnie Harvey,GRN,,10051,1.0,1.0,GRN:10051,UNSPECIFIED:10051,OBSERVED_LAST_SURVIVOR_EXIT,LAST_SURVIVOR_TALLY_AT_CATEGORY_EXIT,10528,IND,6578.0,0.6248100303951368,False
NSW,151,Warringah,GRN,4,5,ALP>LNP>IND,1,0,10051,41637,Bonnie Harvey,GRN,,10051,1.0,1.0,GRN:10051,UNSPECIFIED:10051,OBSERVED_LAST_SURVIVOR_EXIT,LAST_SURVIVOR_TALLY_AT_CATEGORY_EXIT,10528,LNP,787.0,0.07475303951367782,False
NSW,151,Warringah,GRN,4,5,ALP>LNP>IND,1,0,10051,41637,Bonnie Harvey,GRN,,10051,1.0,1.0,GRN:10051,UNSPECIFIED:10051,PROPORTIONAL_PRIMARY_ORIGIN_PASS_THROUGH,ALL_CATEGORY_PRIMARY_VOTES_TRACED_PROPORTIONALLY,10051,ALP,3019.6915843465044,0.3004369300911854,True
NSW,151,Warringah,GRN,4,5,ALP>LNP>IND,1,0,10051,41637,Bonnie Harvey,GRN,,10051,1.0,1.0,GRN:10051,UNSPECIFIED:10051,PROPORTIONAL_PRIMARY_ORIGIN_PASS_THROUGH,ALL_CATEGORY_PRIMARY_VOTES_TRACED_PROPORTIONALLY,10051,IND,6279.96561550152,0.6248100303951368,True
NSW,151,Warringah,GRN,4,5,ALP>LNP>IND,1,0,10051,41637,Bonnie Harvey,GRN,,10051,1.0,1.0,GRN:10051,UNSPECIFIED:10051,PROPORTIONAL_PRIMARY_ORIGIN_PASS_THROUGH,ALL_CATEGORY_PRIMARY_VOTES_TRACED_PROPORTIONALLY,10051,LNP,751.3428001519758,0.07475303951367782,True
NSW,151,Warringah,ON,5,4,ALP>LNP>GRN>IND,1,0,1978,41941,Gavin Wright,ON,,1978,1.0,1.0,ON:1978,UNSPECIFIED:1978,OBSERVED_LAST_SURVIVOR_EXIT,LAST_SURVIVOR_TALLY_AT_CATEGORY_EXIT,3641,ALP,250.0,0.068662455369404,False
NSW,151,Warringah,ON,5,4,ALP>LNP>GRN>IND,1,0,1978,41941,Gavin Wright,ON,,1978,1.0,1.0,ON:1978,UNSPECIFIED:1978,OBSERVED_LAST_SURVIVOR_EXIT,LAST_SURVIVOR_TALLY_AT_CATEGORY_EXIT,3641,GRN,241.0,0.06619060697610546,False
NSW,151,Warringah,ON,5,4,ALP>LNP>GRN>IND,1,0,1978,41941,Gavin Wright,ON,,1978,1.0,1.0,ON:1978,UNSPECIFIED:1978,OBSERVED_LAST_SURVIVOR_EXIT,LAST_SURVIVOR_TALLY_AT_CATEGORY_EXIT,3641,IND,636.0,0.1746772864597638,False
NSW,151,Warringah,ON,5,4,ALP>LNP>GRN>IND,1,0,1978,41941,Gavin Wright,ON,,1978,1.0,1.0,ON:1978,UNSPECIFIED:1978,OBSERVED_LAST_SURVIVOR_EXIT,LAST_SURVIVOR_TALLY_AT_CATEGORY_EXIT,3641,LNP,2514.0,0.6904696511947267,False
NSW,151,Warringah,ON,5,4,ALP>LNP>GRN>IND,1,0,1978,41941,Gavin Wright,ON,,1978,1.0,1.0,ON:1978,UNSPECIFIED:1978,PROPORTIONAL_PRIMARY_ORIGIN_PASS_THROUGH,ALL_CATEGORY_PRIMARY_VOTES_TRACED_PROPORTIONALLY,1978,ALP,135.81433672068113,0.068662455369404,True
NSW,151,Warringah,ON,5,4,ALP>LNP>GRN>IND,1,0,1978,41941,Gavin Wright,ON,,1978,1.0,1.0,ON:1978,UNSPECIFIED:1978,PROPORTIONAL_PRIMARY_ORIGIN_PASS_THROUGH,ALL_CATEGORY_PRIMARY_VOTES_TRACED_PROPORTIONALLY,1978,GRN,130.9250205987366,0.06619060697610546,True
NSW,151,Warringah,ON,5,4,ALP>LNP>GRN>IND,1,0,1978,41941,Gavin Wright,ON,,1978,1.0,1.0,ON:1978,UNSPECIFIED:1978,PROPORTIONAL_PRIMARY_ORIGIN_PASS_THROUGH,ALL_CATEGORY_PRIMARY_VOTES_TRACED_PROPORTIONALLY,1978,IND,345.5116726174128,0.1746772864597638,True
NSW,151,Warringah,ON,5,4,ALP>LNP>GRN>IND,1,0,1978,41941,Gavin Wright,ON,,1978,1.0,1.0,ON:1978,UNSPECIFIED:1978,PROPORTIONAL_PRIMARY_ORIGIN_PASS_THROUGH,ALL_CATEGORY_PRIMARY_VOTES_TRACED_PROPORTIONALLY,1978,LNP,1365.7489700631695,0.6904696511947267,True
NSW,151,Warringah,OTH,6,3,ALP>LNP>GRN>ON>IND,3,2,4092,41842,Sean Mcleod,OTH_LTP,RIGHT,1504,0.3675464320625611,0.3675464320625611,OTH_LTP:1504|OTH_CYA:1417|IND_MINOR:1171,RIGHT:2921|CENTRE:1171,OBSERVED_LAST_SURVIVOR_EXIT,LAST_SURVIVOR_TALLY_AT_CATEGORY_EXIT,1883,ALP,107.0,0.05682421667551779,False
NSW,151,Warringah,OTH,6,3,ALP>LNP>GRN>ON>IND,3,2,4092,41842,Sean Mcleod,OTH_LTP,RIGHT,1504,0.3675464320625611,0.3675464320625611,OTH_LTP:1504|OTH_CYA:1417|IND_MINOR:1171,RIGHT:2921|CENTRE:1171,OBSERVED_LAST_SURVIVOR_EXIT,LAST_SURVIVOR_TALLY_AT_CATEGORY_EXIT,1883,GRN,90.0,0.04779607010090282,False
NSW,151,Warringah,OTH,6,3,ALP>LNP>GRN>ON>IND,3,2,4092,41842,Sean Mcleod,OTH_LTP,RIGHT,1504,0.3675464320625611,0.3675464320625611,OTH_LTP:1504|OTH_CYA:1417|IND_MINOR:1171,RIGHT:2921|CENTRE:1171,OBSERVED_LAST_SURVIVOR_EXIT,LAST_SURVIVOR_TALLY_AT_CATEGORY_EXIT,1883,IND,193.0,0.10249601699415826,False
NSW,151,Warringah,OTH,6,3,ALP>LNP>GRN>ON>IND,3,2,4092,41842,Sean Mcleod,OTH_LTP,RIGHT,1504,0.3675464320625611,0.3675464320625611,OTH_LTP:1504|OTH_CYA:1417|IND_MINOR:1171,RIGHT:2921|CENTRE:1171,OBSERVED_LAST_SURVIVOR_EXIT,LAST_SURVIVOR_TALLY_AT_CATEGORY_EXIT,1883,LNP,444.0,0.23579394583112057,False
NSW,151,Warringah,OTH,6,3,ALP>LNP>GRN>ON>IND,3,2,4092,41842,Sean Mcleod,OTH_LTP,RIGHT,1504,0.3675464320625611,0.3675464320625611,OTH_LTP:1504|OTH_CYA:1417|IND_MINOR:1171,RIGHT:2921|CENTRE:1171,OBSERVED_LAST_SURVIVOR_EXIT,LAST_SURVIVOR_TALLY_AT_CATEGORY_EXIT,1883,ON,1049.0,0.5570897503983006,False
NSW,151,Warringah,OTH,6,3,ALP>LNP>GRN>ON>IND,3,2,4092,41842,Sean Mcleod,OTH_LTP,RIGHT,1504,0.3675464320625611,0.3675464320625611,OTH_LTP:1504|OTH_CYA:1417|IND_MINOR:1171,RIGHT:2921|CENTRE:1171,PROPORTIONAL_PRIMARY_ORIGIN_PASS_THROUGH,ALL_CATEGORY_PRIMARY_VOTES_TRACED_PROPORTIONALLY,4092,ALP,389.0,0.09506353861192571,True
NSW,151,Warringah,OTH,6,3,ALP>LNP>GRN>ON>IND,3,2,4092,41842,Sean Mcleod,OTH_LTP,RIGHT,1504,0.3675464320625611,0.3675464320625611,OTH_LTP:1504|OTH_CYA:1417|IND_MINOR:1171,RIGHT:2921|CENTRE:1171,PROPORTIONAL_PRIMARY_ORIGIN_PASS_THROUGH,ALL_CATEGORY_PRIMARY_VOTES_TRACED_PROPORTIONALLY,4092,GRN,236.0,0.05767350928641251,True
NSW,151,Warringah,OTH,6,3,ALP>LNP>GRN>ON>IND,3,2,4092,41842,Sean Mcleod,OTH_LTP,RIGHT,1504,0.3675464320625611,0.3675464320625611,OTH_LTP:1504|OTH_CYA:1417|IND_MINOR:1171,RIGHT:2921|CENTRE:1171,PROPORTIONAL_PRIMARY_ORIGIN_PASS_THROUGH,ALL_CATEGORY_PRIMARY_VOTES_TRACED_PROPORTIONALLY,4092,IND,773.0000000000001,0.18890518084066474,True
NSW,151,Warringah,OTH,6,3,ALP>LNP>GRN>ON>IND,3,2,4092,41842,Sean Mcleod,OTH_LTP,RIGHT,1504,0.3675464320625611,0.3675464320625611,OTH_LTP:1504|OTH_CYA:1417|IND_MINOR:1171,RIGHT:2921|CENTRE:1171,PROPORTIONAL_PRIMARY_ORIGIN_PASS_THROUGH,ALL_CATEGORY_PRIMARY_VOTES_TRACED_PROPORTIONALLY,4092,LNP,1031.0,0.2519550342130987,True
NSW,151,Warringah,OTH,6,3,ALP>LNP>GRN>ON>IND,3,2,4092,41842,Sean Mcleod,OTH_LTP,RIGHT,1504,0.3675464320625611,0.3675464320625611,OTH_LTP:1504|OTH_CYA:1417|IND_MINOR:1171,RIGHT:2921|CENTRE:1171,PROPORTIONAL_PRIMARY_ORIGIN_PASS_THROUGH,ALL_CATEGORY_PRIMARY_VOTES_TRACED_PROPORTIONALLY,4092,ON,1663.0,0.40640273704789837,True
NSW,251,Watson,LNP,3,7,ALP>IND,1,0,12585,41499,Zakir Alam,LIB,,12585,1.0,1.0,LIB:12585,UNSPECIFIED:12585,OBSERVED_LAST_SURVIVOR_EXIT,LAST_SURVIVOR_TALLY_AT_CATEGORY_EXIT,17512,ALP,8476.0,0.4840109639104614,False
NSW,251,Watson,LNP,3,7,ALP>IND,1,0,12585,41499,Zakir Alam,LIB,,12585,1.0,1.0,LIB:12585,UNSPECIFIED:12585,OBSERVED_LAST_SURVIVOR_EXIT,LAST_SURVIVOR_TALLY_AT_CATEGORY_EXIT,17512,IND,9036.0,0.5159890360895386,False
NSW,251,Watson,LNP,3,7,ALP>IND,1,0,12585,41499,Zakir Alam,LIB,,12585,1.0,1.0,LIB:12585,UNSPECIFIED:12585,PROPORTIONAL_PRIMARY_ORIGIN_PASS_THROUGH,ALL_CATEGORY_PRIMARY_VOTES_TRACED_PROPORTIONALLY,12585,ALP,6091.277980813156,0.4840109639104614,True
NSW,251,Watson,LNP,3,7,ALP>IND,1,0,12585,41499,Zakir Alam,LIB,,12585,1.0,1.0,LIB:12585,UNSPECIFIED:12585,PROPORTIONAL_PRIMARY_ORIGIN_PASS_THROUGH,ALL_CATEGORY_PRIMARY_VOTES_TRACED_PROPORTIONALLY,12585,IND,6493.722019186844,0.5159890360895386,True
NSW,251,Watson,GRN,4,6,ALP>LNP>IND,1,0,7399,41645,Jocelyn Brewer,GRN,,7399,1.0,1.0,GRN:7399,UNSPECIFIED:7399,OBSERVED_LAST_SURVIVOR_EXIT,LAST_SURVIVOR_TALLY_AT_CATEGORY_EXIT,8717,ALP,4433.0,0.5085465182975795,False
NSW,251,Watson,GRN,4,6,ALP>LNP>IND,1,0,7399,41645,Jocelyn Brewer,GRN,,7399,1.0,1.0,GRN:7399,UNSPECIFIED:7399,OBSERVED_LAST_SURVIVOR_EXIT,LAST_SURVIVOR_TALLY_AT_CATEGORY_EXIT,8717,IND,3242.0,0.37191694390271884,False
NSW,251,Watson,GRN,4,6,ALP>LNP>IND,1,0,7399,41645,Jocelyn Brewer,GRN,,7399,1.0,1.0,GRN:7399,UNSPECIFIED:7399,OBSERVED_LAST_SURVIVOR_EXIT,LAST_SURVIVOR_TALLY_AT_CATEGORY_EXIT,8717,LNP,1042.0,0.11953653779970173,False
NSW,251,Watson,GRN,4,6,ALP>LNP>IND,1,0,7399,41645,Jocelyn Brewer,GRN,,7399,1.0,1.0,GRN:7399,UNSPECIFIED:7399,PROPORTIONAL_PRIMARY_ORIGIN_PASS_THROUGH,ALL_CATEGORY_PRIMARY_VOTES_TRACED_PROPORTIONALLY,7399,ALP,3762.7356888837903,0.5085465182975795,True
NSW,251,Watson,GRN,4,6,ALP>LNP>IND,1,0,7399,41645,Jocelyn Brewer,GRN,,7399,1.0,1.0,GRN:7399,UNSPECIFIED:7399,PROPORTIONAL_PRIMARY_ORIGIN_PASS_THROUGH,ALL_CATEGORY_PRIMARY_VOTES_TRACED_PROPORTIONALLY,7399,IND,2751.8134679362165,0.3719169439027188,True
NSW,251,Watson,GRN,4,6,ALP>LNP>IND,1,0,7399,41645,Jocelyn Brewer,GRN,,7399,1.0,1.0,GRN:7399,UNSPECIFIED:7399,PROPORTIONAL_PRIMARY_ORIGIN_PASS_THROUGH,ALL_CATEGORY_PRIMARY_VOTES_TRACED_PROPORTIONALLY,7399,LNP,884.4508431799932,0.11953653779970173,True
NSW,251,Watson,OTH,5,5,ALP>LNP>GRN>IND,4,3,8204,41642,Vanessa Hadchiti,OTH_LTP,RIGHT,3559,0.43381277425646025,0.43381277425646025,OTH_LTP:3559|OTH_CYA:2162|OTH_FFPA:1428|IND_MINOR:1055,RIGHT:7149|CENTRE:1055,OBSERVED_LAST_SURVIVOR_EXIT,LAST_SURVIVOR_TALLY_AT_CATEGORY_EXIT,5072,ALP,1152.0,0.22712933753943218,False
NSW,251,Watson,OTH,5,5,ALP>LNP>GRN>IND,4,3,8204,41642,Vanessa Hadchiti,OTH_LTP,RIGHT,3559,0.43381277425646025,0.43381277425646025,OTH_LTP:3559|OTH_CYA:2162|OTH_FFPA:1428|IND_MINOR:1055,RIGHT:7149|CENTRE:1055,OBSERVED_LAST_SURVIVOR_EXIT,LAST_SURVIVOR_TALLY_AT_CATEGORY_EXIT,5072,GRN,289.0,0.0569794952681388,False
NSW,251,Watson,OTH,5,5,ALP>LNP>GRN>IND,4,3,8204,41642,Vanessa Hadchiti,OTH_LTP,RIGHT,3559,0.43381277425646025,0.43381277425646025,OTH_LTP:3559|OTH_CYA:2162|OTH_FFPA:1428|IND_MINOR:1055,RIGHT:7149|CENTRE:1055,OBSERVED_LAST_SURVIVOR_EXIT,LAST_SURVIVOR_TALLY_AT_CATEGORY_EXIT,5072,IND,1917.0,0.37795741324921134,False
NSW,251,Watson,OTH,5,5,ALP>LNP>GRN>IND,4,3,8204,41642,Vanessa Hadchiti,OTH_LTP,RIGHT,3559,0.43381277425646025,0.43381277425646025,OTH_LTP:3559|OTH_CYA:2162|OTH_FFPA:1428|IND_MINOR:1055,RIGHT:7149|CENTRE:1055,OBSERVED_LAST_SURVIVOR_EXIT,LAST_SURVIVOR_TALLY_AT_CATEGORY_EXIT,5072,LNP,1714.0,0.3379337539432177,False
NSW,251,Watson,OTH,5,5,ALP>LNP>GRN>IND,4,3,8204,41642,Vanessa Hadchiti,OTH_LTP,RIGHT,3559,0.43381277425646025,0.43381277425646025,OTH_LTP:3559|OTH_CYA:2162|OTH_FFPA:1428|IND_MINOR:1055,RIGHT:7149|CENTRE:1055,PROPORTIONAL_PRIMARY_ORIGIN_PASS_THROUGH,ALL_CATEGORY_PRIMARY_VOTES_TRACED_PROPORTIONALLY,8204,ALP,1894.9890096510385,0.23098354578876626,True
NSW,251,Watson,OTH,5,5,ALP>LNP>GRN>IND,4,3,8204,41642,Vanessa Hadchiti,OTH_LTP,RIGHT,3559,0.43381277425646025,0.43381277425646025,OTH_LTP:3559|OTH_CYA:2162|OTH_FFPA:1428|IND_MINOR:1055,RIGHT:7149|CENTRE:1055,PROPORTIONAL_PRIMARY_ORIGIN_PASS_THROUGH,ALL_CATEGORY_PRIMARY_VOTES_TRACED_PROPORTIONALLY,8204,GRN,1034.0201914030404,0.12603854112665047,True
NSW,251,Watson,OTH,5,5,ALP>LNP>GRN>IND,4,3,8204,41642,Vanessa Hadchiti,OTH_LTP,RIGHT,3559,0.43381277425646025,0.43381277425646025,OTH_LTP:3559|OTH_CYA:2162|OTH_FFPA:1428|IND_MINOR:1055,RIGHT:7149|CENTRE:1055,PROPORTIONAL_PRIMARY_ORIGIN_PASS_THROUGH,ALL_CATEGORY_PRIMARY_VOTES_TRACED_PROPORTIONALLY,8204,IND,2589.5484033427415,0.31564461279165545,True
NSW,251,Watson,OTH,5,5,ALP>LNP>GRN>IND,4,3,8204,41642,Vanessa Hadchiti,OTH_LTP,RIGHT,3559,0.43381277425646025,0.43381277425646025,OTH_LTP:3559|OTH_CYA:2162|OTH_FFPA:1428|IND_MINOR:1055,RIGHT:7149|CENTRE:1055,PROPORTIONAL_PRIMARY_ORIGIN_PASS_THROUGH,ALL_CATEGORY_PRIMARY_VOTES_TRACED_PROPORTIONALLY,8204,LNP,2685.442395603179,0.32733330029292773,True
NSW,251,Watson,ON,6,4,ALP>LNP>GRN>IND>OTH,1,0,2674,41920,Elisha Trevena,ON,,2674,1.0,1.0,ON:2674,UNSPECIFIED:2674,OBSERVED_LAST_SURVIVOR_EXIT,LAST_SURVIVOR_TALLY_AT_CATEGORY_EXIT,3705,ALP,520.0,0.14035087719298245,False
NSW,251,Watson,ON,6,4,ALP>LNP>GRN>IND>OTH,1,0,2674,41920,Elisha Trevena,ON,,2674,1.0,1.0,ON:2674,UNSPECIFIED:2674,OBSERVED_LAST_SURVIVOR_EXIT,LAST_SURVIVOR_TALLY_AT_CATEGORY_EXIT,3705,GRN,339.0,0.09149797570850203,False
NSW,251,Watson,ON,6,4,ALP>LNP>GRN>IND>OTH,1,0,2674,41920,Elisha Trevena,ON,,2674,1.0,1.0,ON:2674,UNSPECIFIED:2674,OBSERVED_LAST_SURVIVOR_EXIT,LAST_SURVIVOR_TALLY_AT_CATEGORY_EXIT,3705,IND,551.0,0.14871794871794872,False
NSW,251,Watson,ON,6,4,ALP>LNP>GRN>IND>OTH,1,0,2674,41920,Elisha Trevena,ON,,2674,1.0,1.0,ON:2674,UNSPECIFIED:2674,OBSERVED_LAST_SURVIVOR_EXIT,LAST_SURVIVOR_TALLY_AT_CATEGORY_EXIT,3705,LNP,1339.0,0.36140350877192984,False
NSW,251,Watson,ON,6,4,ALP>LNP>GRN>IND>OTH,1,0,2674,41920,Elisha Trevena,ON,,2674,1.0,1.0,ON:2674,UNSPECIFIED:2674,OBSERVED_LAST_SURVIVOR_EXIT,LAST_SURVIVOR_TALLY_AT_CATEGORY_EXIT,3705,OTH,956.0,0.258029689608637,False
NSW,251,Watson,ON,6,4,ALP>LNP>GRN>IND>OTH,1,0,2674,41920,Elisha Trevena,ON,,2674,1.0,1.0,ON:2674,UNSPECIFIED:2674,PROPORTIONAL_PRIMARY_ORIGIN_PASS_THROUGH,ALL_CATEGORY_PRIMARY_VOTES_TRACED_PROPORTIONALLY,2674,ALP,375.29824561403507,0.14035087719298245,True
NSW,251,Watson,ON,6,4,ALP>LNP>GRN>IND>OTH,1,0,2674,41920,Elisha Trevena,ON,,2674,1.0,1.0,ON:2674,UNSPECIFIED:2674,PROPORTIONAL_PRIMARY_ORIGIN_PASS_THROUGH,ALL_CATEGORY_PRIMARY_VOTES_TRACED_PROPORTIONALLY,2674,GRN,244.66558704453442,0.09149797570850203,True
NSW,251,Watson,ON,6,4,ALP>LNP>GRN>IND>OTH,1,0,2674,41920,Elisha Trevena,ON,,2674,1.0,1.0,ON:2674,UNSPECIFIED:2674,PROPORTIONAL_PRIMARY_ORIGIN_PASS_THROUGH,ALL_CATEGORY_PRIMARY_VOTES_TRACED_PROPORTIONALLY,2674,IND,397.6717948717949,0.14871794871794872,True
NSW,251,Watson,ON,6,4,ALP>LNP>GRN>IND>OTH,1,0,2674,41920,Elisha Trevena,ON,,2674,1.0,1.0,ON:2674,UNSPECIFIED:2674,PROPORTIONAL_PRIMARY_ORIGIN_PASS_THROUGH,ALL_CATEGORY_PRIMARY_VOTES_TRACED_PROPORTIONALLY,2674,LNP,966.3929824561404,0.36140350877192984,True
NSW,251,Watson,ON,6,4,ALP>LNP>GRN>IND>OTH,1,0,2674,41920,Elisha Trevena,ON,,2674,1.0,1.0,ON:2674,UNSPECIFIED:2674,PROPORTIONAL_PRIMARY_ORIGIN_PASS_THROUGH,ALL_CATEGORY_PRIMARY_VOTES_TRACED_PROPORTIONALLY,2674,OTH,689.9713900134952,0.258029689608637,True
NSW,152,Wentworth,ALP,3,4,LNP>IND,1,0,14779,41326,Savanna Peake,ALP,,14779,1.0,1.0,ALP:14779,UNSPECIFIED:14779,OBSERVED_LAST_SURVIVOR_EXIT,LAST_SURVIVOR_TALLY_AT_CATEGORY_EXIT,19302,IND,16340.0,0.8465443995440887,False
NSW,152,Wentworth,ALP,3,4,LNP>IND,1,0,14779,41326,Savanna Peake,ALP,,14779,1.0,1.0,ALP:14779,UNSPECIFIED:14779,OBSERVED_LAST_SURVIVOR_EXIT,LAST_SURVIVOR_TALLY_AT_CATEGORY_EXIT,19302,LNP,2962.0,0.1534556004559113,False
NSW,152,Wentworth,ALP,3,4,LNP>IND,1,0,14779,41326,Savanna Peake,ALP,,14779,1.0,1.0,ALP:14779,UNSPECIFIED:14779,PROPORTIONAL_PRIMARY_ORIGIN_PASS_THROUGH,ALL_CATEGORY_PRIMARY_VOTES_TRACED_PROPORTIONALLY,14779,IND,12511.079680862087,0.8465443995440887,True
NSW,152,Wentworth,ALP,3,4,LNP>IND,1,0,14779,41326,Savanna Peake,ALP,,14779,1.0,1.0,ALP:14779,UNSPECIFIED:14779,PROPORTIONAL_PRIMARY_ORIGIN_PASS_THROUGH,ALL_CATEGORY_PRIMARY_VOTES_TRACED_PROPORTIONALLY,14779,LNP,2267.9203191379133,0.1534556004559113,True
NSW,152,Wentworth,GRN,4,3,ALP>LNP>IND,1,0,11241,41532,Nick Ward,GRN,,11241,1.0,1.0,GRN:11241,UNSPECIFIED:11241,OBSERVED_LAST_SURVIVOR_EXIT,LAST_SURVIVOR_TALLY_AT_CATEGORY_EXIT,11844,ALP,4200.0,0.3546099290780142,False
NSW,152,Wentworth,GRN,4,3,ALP>LNP>IND,1,0,11241,41532,Nick Ward,GRN,,11241,1.0,1.0,GRN:11241,UNSPECIFIED:11241,OBSERVED_LAST_SURVIVOR_EXIT,LAST_SURVIVOR_TALLY_AT_CATEGORY_EXIT,11844,IND,6892.0,0.5818980074299224,False
NSW,152,Wentworth,GRN,4,3,ALP>LNP>IND,1,0,11241,41532,Nick Ward,GRN,,11241,1.0,1.0,GRN:11241,UNSPECIFIED:11241,OBSERVED_LAST_SURVIVOR_EXIT,LAST_SURVIVOR_TALLY_AT_CATEGORY_EXIT,11844,LNP,752.0,0.06349206349206349,False
NSW,152,Wentworth,GRN,4,3,ALP>LNP>IND,1,0,11241,41532,Nick Ward,GRN,,11241,1.0,1.0,GRN:11241,UNSPECIFIED:11241,PROPORTIONAL_PRIMARY_ORIGIN_PASS_THROUGH,ALL_CATEGORY_PRIMARY_VOTES_TRACED_PROPORTIONALLY,11241,ALP,3986.170212765958,0.3546099290780142,True
NSW,152,Wentworth,GRN,4,3,ALP>LNP>IND,1,0,11241,41532,Nick Ward,GRN,,11241,1.0,1.0,GRN:11241,UNSPECIFIED:11241,PROPORTIONAL_PRIMARY_ORIGIN_PASS_THROUGH,ALL_CATEGORY_PRIMARY_VOTES_TRACED_PROPORTIONALLY,11241,IND,6541.115501519757,0.5818980074299224,True
NSW,152,Wentworth,GRN,4,3,ALP>LNP>IND,1,0,11241,41532,Nick Ward,GRN,,11241,1.0,1.0,GRN:11241,UNSPECIFIED:11241,PROPORTIONAL_PRIMARY_ORIGIN_PASS_THROUGH,ALL_CATEGORY_PRIMARY_VOTES_TRACED_PROPORTIONALLY,11241,LNP,713.7142857142857,0.06349206349206349,True
NSW,152,Wentworth,ON,5,2,ALP>LNP>GRN>IND,1,0,2625,41912,James Sternhell,ON,,2625,1.0,1.0,ON:2625,UNSPECIFIED:2625,OBSERVED_LAST_SURVIVOR_EXIT,LAST_SURVIVOR_TALLY_AT_CATEGORY_EXIT,2817,ALP,198.0,0.07028753993610223,False
NSW,152,Wentworth,ON,5,2,ALP>LNP>GRN>IND,1,0,2625,41912,James Sternhell,ON,,2625,1.0,1.0,ON:2625,UNSPECIFIED:2625,OBSERVED_LAST_SURVIVOR_EXIT,LAST_SURVIVOR_TALLY_AT_CATEGORY_EXIT,2817,GRN,225.0,0.07987220447284345,False
NSW,152,Wentworth,ON,5,2,ALP>LNP>GRN>IND,1,0,2625,41912,James Sternhell,ON,,2625,1.0,1.0,ON:2625,UNSPECIFIED:2625,OBSERVED_LAST_SURVIVOR_EXIT,LAST_SURVIVOR_TALLY_AT_CATEGORY_EXIT,2817,IND,502.0,0.17820376286829961,False
NSW,152,Wentworth,ON,5,2,ALP>LNP>GRN>IND,1,0,2625,41912,James Sternhell,ON,,2625,1.0,1.0,ON:2625,UNSPECIFIED:2625,OBSERVED_LAST_SURVIVOR_EXIT,LAST_SURVIVOR_TALLY_AT_CATEGORY_EXIT,2817,LNP,1892.0,0.6716364927227547,False
NSW,152,Wentworth,ON,5,2,ALP>LNP>GRN>IND,1,0,2625,41912,James Sternhell,ON,,2625,1.0,1.0,ON:2625,UNSPECIFIED:2625,PROPORTIONAL_PRIMARY_ORIGIN_PASS_THROUGH,ALL_CATEGORY_PRIMARY_VOTES_TRACED_PROPORTIONALLY,2625,ALP,184.50479233226835,0.07028753993610223,True
NSW,152,Wentworth,ON,5,2,ALP>LNP>GRN>IND,1,0,2625,41912,James Sternhell,ON,,2625,1.0,1.0,ON:2625,UNSPECIFIED:2625,PROPORTIONAL_PRIMARY_ORIGIN_PASS_THROUGH,ALL_CATEGORY_PRIMARY_VOTES_TRACED_PROPORTIONALLY,2625,GRN,209.66453674121405,0.07987220447284345,True
NSW,152,Wentworth,ON,5,2,ALP>LNP>GRN>IND,1,0,2625,41912,James Sternhell,ON,,2625,1.0,1.0,ON:2625,UNSPECIFIED:2625,PROPORTIONAL_PRIMARY_ORIGIN_PASS_THROUGH,ALL_CATEGORY_PRIMARY_VOTES_TRACED_PROPORTIONALLY,2625,IND,467.78487752928646,0.17820376286829961,True
NSW,152,Wentworth,ON,5,2,ALP>LNP>GRN>IND,1,0,2625,41912,James Sternhell,ON,,2625,1.0,1.0,ON:2625,UNSPECIFIED:2625,PROPORTIONAL_PRIMARY_ORIGIN_PASS_THROUGH,ALL_CATEGORY_PRIMARY_VOTES_TRACED_PROPORTIONALLY,2625,LNP,1763.0457933972311,0.6716364927227547,True
NSW,152,Wentworth,OTH,6,1,ALP>LNP>GRN>ON>IND,1,0,1347,41967,Michael Richmond,IND_MINOR,CENTRE,1347,1.0,1.0,IND_MINOR:1347,CENTRE:1347,OBSERVED_LAST_SURVIVOR_EXIT,LAST_SURVIVOR_TALLY_AT_CATEGORY_EXIT,1347,ALP,125.0,0.09279881217520415,False
NSW,152,Wentworth,OTH,6,1,ALP>LNP>GRN>ON>IND,1,0,1347,41967,Michael Richmond,IND_MINOR,CENTRE,1347,1.0,1.0,IND_MINOR:1347,CENTRE:1347,OBSERVED_LAST_SURVIVOR_EXIT,LAST_SURVIVOR_TALLY_AT_CATEGORY_EXIT,1347,GRN,378.0,0.2806236080178174,False
NSW,152,Wentworth,OTH,6,1,ALP>LNP>GRN>ON>IND,1,0,1347,41967,Michael Richmond,IND_MINOR,CENTRE,1347,1.0,1.0,IND_MINOR:1347,CENTRE:1347,OBSERVED_LAST_SURVIVOR_EXIT,LAST_SURVIVOR_TALLY_AT_CATEGORY_EXIT,1347,IND,411.0,0.3051224944320713,False
NSW,152,Wentworth,OTH,6,1,ALP>LNP>GRN>ON>IND,1,0,1347,41967,Michael Richmond,IND_MINOR,CENTRE,1347,1.0,1.0,IND_MINOR:1347,CENTRE:1347,OBSERVED_LAST_SURVIVOR_EXIT,LAST_SURVIVOR_TALLY_AT_CATEGORY_EXIT,1347,LNP,241.0,0.1789161098737936,False
NSW,152,Wentworth,OTH,6,1,ALP>LNP>GRN>ON>IND,1,0,1347,41967,Michael Richmond,IND_MINOR,CENTRE,1347,1.0,1.0,IND_MINOR:1347,CENTRE:1347,OBSERVED_LAST_SURVIVOR_EXIT,LAST_SURVIVOR_TALLY_AT_CATEGORY_EXIT,1347,ON,192.0,0.14253897550111358,False
NSW,152,Wentworth,OTH,6,1,ALP>LNP>GRN>ON>IND,1,0,1347,41967,Michael Richmond,IND_MINOR,CENTRE,1347,1.0,1.0,IND_MINOR:1347,CENTRE:1347,PROPORTIONAL_PRIMARY_ORIGIN_PASS_THROUGH,ALL_CATEGORY_PRIMARY_VOTES_TRACED_PROPORTIONALLY,1347,ALP,124.99999999999999,0.09279881217520415,True
NSW,152,Wentworth,OTH,6,1,ALP>LNP>GRN>ON>IND,1,0,1347,41967,Michael Richmond,IND_MINOR,CENTRE,1347,1.0,1.0,IND_MINOR:1347,CENTRE:1347,PROPORTIONAL_PRIMARY_ORIGIN_PASS_THROUGH,ALL_CATEGORY_PRIMARY_VOTES_TRACED_PROPORTIONALLY,1347,GRN,378.0,0.2806236080178174,True
NSW,152,Wentworth,OTH,6,1,ALP>LNP>GRN>ON>IND,1,0,1347,41967,Michael Richmond,IND_MINOR,CENTRE,1347,1.0,1.0,IND_MINOR:1347,CENTRE:1347,PROPORTIONAL_PRIMARY_ORIGIN_PASS_THROUGH,ALL_CATEGORY_PRIMARY_VOTES_TRACED_PROPORTIONALLY,1347,IND,411.0,0.3051224944320713,True
NSW,152,Wentworth,OTH,6,1,ALP>LNP>GRN>ON>IND,1,0,1347,41967,Michael Richmond,IND_MINOR,CENTRE,1347,1.0,1.0,IND_MINOR:1347,CENTRE:1347,PROPORTIONAL_PRIMARY_ORIGIN_PASS_THROUGH,ALL_CATEGORY_PRIMARY_VOTES_TRACED_PROPORTIONALLY,1347,LNP,241.0,0.1789161098737936,True
NSW,152,Wentworth,OTH,6,1,ALP>LNP>GRN>ON>IND,1,0,1347,41967,Michael Richmond,IND_MINOR,CENTRE,1347,1.0,1.0,IND_MINOR:1347,CENTRE:1347,PROPORTIONAL_PRIMARY_ORIGIN_PASS_THROUGH,ALL_CATEGORY_PRIMARY_VOTES_TRACED_PROPORTIONALLY,1347,ON,192.0,0.14253897550111358,True
NSW,153,Werriwa,GRN,3,7,ALP>LNP,1,0,9747,41648,Janet Rebecca Castle,GRN,,9747,1.0,1.0,GRN:9747,UNSPECIFIED:9747,OBSERVED_LAST_SURVIVOR_EXIT,LAST_SURVIVOR_TALLY_AT_CATEGORY_EXIT,13775,ALP,10012.0,0.7268239564428313,False
NSW,153,Werriwa,GRN,3,7,ALP>LNP,1,0,9747,41648,Janet Rebecca Castle,GRN,,9747,1.0,1.0,GRN:9747,UNSPECIFIED:9747,OBSERVED_LAST_SURVIVOR_EXIT,LAST_SURVIVOR_TALLY_AT_CATEGORY_EXIT,13775,LNP,3763.0,0.2731760435571688,False
NSW,153,Werriwa,GRN,3,7,ALP>LNP,1,0,9747,41648,Janet Rebecca Castle,GRN,,9747,1.0,1.0,GRN:9747,UNSPECIFIED:9747,PROPORTIONAL_PRIMARY_ORIGIN_PASS_THROUGH,ALL_CATEGORY_PRIMARY_VOTES_TRACED_PROPORTIONALLY,9747,ALP,7084.353103448277,0.7268239564428313,True
NSW,153,Werriwa,GRN,3,7,ALP>LNP,1,0,9747,41648,Janet Rebecca Castle,GRN,,9747,1.0,1.0,GRN:9747,UNSPECIFIED:9747,PROPORTIONAL_PRIMARY_ORIGIN_PASS_THROUGH,ALL_CATEGORY_PRIMARY_VOTES_TRACED_PROPORTIONALLY,9747,LNP,2662.6468965517242,0.2731760435571688,True
NSW,153,Werriwa,ON,4,6,ALP>LNP>GRN,1,0,3499,41918,Ian Cimera,ON,,3499,1.0,1.0,ON:3499,UNSPECIFIED:3499,OBSERVED_LAST_SURVIVOR_EXIT,LAST_SURVIVOR_TALLY_AT_CATEGORY_EXIT,7026,ALP,1349.0,0.19200113862795332,False
NSW,153,Werriwa,ON,4,6,ALP>LNP>GRN,1,0,3499,41918,Ian Cimera,ON,,3499,1.0,1.0,ON:3499,UNSPECIFIED:3499,OBSERVED_LAST_SURVIVOR_EXIT,LAST_SURVIVOR_TALLY_AT_CATEGORY_EXIT,7026,GRN,1545.0,0.21989752348420152,False
NSW,153,Werriwa,ON,4,6,ALP>LNP>GRN,1,0,3499,41918,Ian Cimera,ON,,3499,1.0,1.0,ON:3499,UNSPECIFIED:3499,OBSERVED_LAST_SURVIVOR_EXIT,LAST_SURVIVOR_TALLY_AT_CATEGORY_EXIT,7026,LNP,4132.0,0.5881013378878451,False
NSW,153,Werriwa,ON,4,6,ALP>LNP>GRN,1,0,3499,41918,Ian Cimera,ON,,3499,1.0,1.0,ON:3499,UNSPECIFIED:3499,PROPORTIONAL_PRIMARY_ORIGIN_PASS_THROUGH,ALL_CATEGORY_PRIMARY_VOTES_TRACED_PROPORTIONALLY,3499,ALP,671.8119840592086,0.19200113862795332,True
NSW,153,Werriwa,ON,4,6,ALP>LNP>GRN,1,0,3499,41918,Ian Cimera,ON,,3499,1.0,1.0,ON:3499,UNSPECIFIED:3499,PROPORTIONAL_PRIMARY_ORIGIN_PASS_THROUGH,ALL_CATEGORY_PRIMARY_VOTES_TRACED_PROPORTIONALLY,3499,GRN,769.4214346712212,0.21989752348420152,True
NSW,153,Werriwa,ON,4,6,ALP>LNP>GRN,1,0,3499,41918,Ian Cimera,ON,,3499,1.0,1.0,ON:3499,UNSPECIFIED:3499,PROPORTIONAL_PRIMARY_ORIGIN_PASS_THROUGH,ALL_CATEGORY_PRIMARY_VOTES_TRACED_PROPORTIONALLY,3499,LNP,2057.76658126957,0.5881013378878451,True
NSW,153,Werriwa,OTH,5,5,ALP>LNP>GRN>ON,5,4,11580,41935,Andrew Charles Murphy,OTH_HMP,CENTRE_LEFT,3005,0.2594991364421416,0.2594991364421416,OTH_HMP:3005|OTH_LTP:2802|IND_MINOR:2232|OTH_CYA:1800|OTH_FFPA:1741,RIGHT:6343|CENTRE_LEFT:5237,OBSERVED_LAST_SURVIVOR_EXIT,LAST_SURVIVOR_TALLY_AT_CATEGORY_EXIT,3891,ALP,947.0,0.2433821639681316,False
NSW,153,Werriwa,OTH,5,5,ALP>LNP>GRN>ON,5,4,11580,41935,Andrew Charles Murphy,OTH_HMP,CENTRE_LEFT,3005,0.2594991364421416,0.2594991364421416,OTH_HMP:3005|OTH_LTP:2802|IND_MINOR:2232|OTH_CYA:1800|OTH_FFPA:1741,RIGHT:6343|CENTRE_LEFT:5237,OBSERVED_LAST_SURVIVOR_EXIT,LAST_SURVIVOR_TALLY_AT_CATEGORY_EXIT,3891,GRN,1179.0,0.30300693909020815,False
NSW,153,Werriwa,OTH,5,5,ALP>LNP>GRN>ON,5,4,11580,41935,Andrew Charles Murphy,OTH_HMP,CENTRE_LEFT,3005,0.2594991364421416,0.2594991364421416,OTH_HMP:3005|OTH_LTP:2802|IND_MINOR:2232|OTH_CYA:1800|OTH_FFPA:1741,RIGHT:6343|CENTRE_LEFT:5237,OBSERVED_LAST_SURVIVOR_EXIT,LAST_SURVIVOR_TALLY_AT_CATEGORY_EXIT,3891,LNP,787.0,0.20226162940118222,False
NSW,153,Werriwa,OTH,5,5,ALP>LNP>GRN>ON,5,4,11580,41935,Andrew Charles Murphy,OTH_HMP,CENTRE_LEFT,3005,0.2594991364421416,0.2594991364421416,OTH_HMP:3005|OTH_LTP:2802|IND_MINOR:2232|OTH_CYA:1800|OTH_FFPA:1741,RIGHT:6343|CENTRE_LEFT:5237,OBSERVED_LAST_SURVIVOR_EXIT,LAST_SURVIVOR_TALLY_AT_CATEGORY_EXIT,3891,ON,978.0,0.25134926754047804,False
NSW,153,Werriwa,OTH,5,5,ALP>LNP>GRN>ON,5,4,11580,41935,Andrew Charles Murphy,OTH_HMP,CENTRE_LEFT,3005,0.2594991364421416,0.2594991364421416,OTH_HMP:3005|OTH_LTP:2802|IND_MINOR:2232|OTH_CYA:1800|OTH_FFPA:1741,RIGHT:6343|CENTRE_LEFT:5237,PROPORTIONAL_PRIMARY_ORIGIN_PASS_THROUGH,ALL_CATEGORY_PRIMARY_VOTES_TRACED_PROPORTIONALLY,11580,ALP,2596.0,0.2241796200345423,True
NSW,153,Werriwa,OTH,5,5,ALP>LNP>GRN>ON,5,4,11580,41935,Andrew Charles Murphy,OTH_HMP,CENTRE_LEFT,3005,0.2594991364421416,0.2594991364421416,OTH_HMP:3005|OTH_LTP:2802|IND_MINOR:2232|OTH_CYA:1800|OTH_FFPA:1741,RIGHT:6343|CENTRE_LEFT:5237,PROPORTIONAL_PRIMARY_ORIGIN_PASS_THROUGH,ALL_CATEGORY_PRIMARY_VOTES_TRACED_PROPORTIONALLY,11580,GRN,2483.0,0.21442141623488772,True
NSW,153,Werriwa,OTH,5,5,ALP>LNP>GRN>ON,5,4,11580,41935,Andrew Charles Murphy,OTH_HMP,CENTRE_LEFT,3005,0.2594991364421416,0.2594991364421416,OTH_HMP:3005|OTH_LTP:2802|IND_MINOR:2232|OTH_CYA:1800|OTH_FFPA:1741,RIGHT:6343|CENTRE_LEFT:5237,PROPORTIONAL_PRIMARY_ORIGIN_PASS_THROUGH,ALL_CATEGORY_PRIMARY_VOTES_TRACED_PROPORTIONALLY,11580,LNP,2974.0,0.2568221070811744,True
NSW,153,Werriwa,OTH,5,5,ALP>LNP>GRN>ON,5,4,11580,41935,Andrew Charles Murphy,OTH_HMP,CENTRE_LEFT,3005,0.2594991364421416,0.2594991364421416,OTH_HMP:3005|OTH_LTP:2802|IND_MINOR:2232|OTH_CYA:1800|OTH_FFPA:1741,RIGHT:6343|CENTRE_LEFT:5237,PROPORTIONAL_PRIMARY_ORIGIN_PASS_THROUGH,ALL_CATEGORY_PRIMARY_VOTES_TRACED_PROPORTIONALLY,11580,ON,3527.0,0.3045768566493955,True
NSW,150,Whitlam,GRN,3,8,ALP>LNP,1,0,13558,41640,Jamie Dixon,GRN,,13558,1.0,1.0,GRN:13558,UNSPECIFIED:13558,OBSERVED_LAST_SURVIVOR_EXIT,LAST_SURVIVOR_TALLY_AT_CATEGORY_EXIT,18404,ALP,13092.0,0.7113670941099761,False
NSW,150,Whitlam,GRN,3,8,ALP>LNP,1,0,13558,41640,Jamie Dixon,GRN,,13558,1.0,1.0,GRN:13558,UNSPECIFIED:13558,OBSERVED_LAST_SURVIVOR_EXIT,LAST_SURVIVOR_TALLY_AT_CATEGORY_EXIT,18404,LNP,5312.0,0.2886329058900239,False
NSW,150,Whitlam,GRN,3,8,ALP>LNP,1,0,13558,41640,Jamie Dixon,GRN,,13558,1.0,1.0,GRN:13558,UNSPECIFIED:13558,PROPORTIONAL_PRIMARY_ORIGIN_PASS_THROUGH,ALL_CATEGORY_PRIMARY_VOTES_TRACED_PROPORTIONALLY,13558,ALP,9644.715061943056,0.7113670941099761,True
NSW,150,Whitlam,GRN,3,8,ALP>LNP,1,0,13558,41640,Jamie Dixon,GRN,,13558,1.0,1.0,GRN:13558,UNSPECIFIED:13558,PROPORTIONAL_PRIMARY_ORIGIN_PASS_THROUGH,ALL_CATEGORY_PRIMARY_VOTES_TRACED_PROPORTIONALLY,13558,LNP,3913.2849380569437,0.2886329058900239,True
NSW,150,Whitlam,ON,4,7,ALP>LNP>GRN,1,0,8379,41917,Sharon Cousins,ON,,8379,1.0,1.0,ON:8379,UNSPECIFIED:8379,OBSERVED_LAST_SURVIVOR_EXIT,LAST_SURVIVOR_TALLY_AT_CATEGORY_EXIT,14493,ALP,3306.0,0.22811012212792384,False
NSW,150,Whitlam,ON,4,7,ALP>LNP>GRN,1,0,8379,41917,Sharon Cousins,ON,,8379,1.0,1.0,ON:8379,UNSPECIFIED:8379,OBSERVED_LAST_SURVIVOR_EXIT,LAST_SURVIVOR_TALLY_AT_CATEGORY_EXIT,14493,GRN,2599.0,0.17932795142482577,False
NSW,150,Whitlam,ON,4,7,ALP>LNP>GRN,1,0,8379,41917,Sharon Cousins,ON,,8379,1.0,1.0,ON:8379,UNSPECIFIED:8379,OBSERVED_LAST_SURVIVOR_EXIT,LAST_SURVIVOR_TALLY_AT_CATEGORY_EXIT,14493,LNP,8588.0,0.5925619264472504,False
NSW,150,Whitlam,ON,4,7,ALP>LNP>GRN,1,0,8379,41917,Sharon Cousins,ON,,8379,1.0,1.0,ON:8379,UNSPECIFIED:8379,PROPORTIONAL_PRIMARY_ORIGIN_PASS_THROUGH,ALL_CATEGORY_PRIMARY_VOTES_TRACED_PROPORTIONALLY,8379,ALP,1911.334713309874,0.22811012212792384,True
NSW,150,Whitlam,ON,4,7,ALP>LNP>GRN,1,0,8379,41917,Sharon Cousins,ON,,8379,1.0,1.0,ON:8379,UNSPECIFIED:8379,PROPORTIONAL_PRIMARY_ORIGIN_PASS_THROUGH,ALL_CATEGORY_PRIMARY_VOTES_TRACED_PROPORTIONALLY,8379,GRN,1502.5889049886152,0.17932795142482577,True
NSW,150,Whitlam,ON,4,7,ALP>LNP>GRN,1,0,8379,41917,Sharon Cousins,ON,,8379,1.0,1.0,ON:8379,UNSPECIFIED:8379,PROPORTIONAL_PRIMARY_ORIGIN_PASS_THROUGH,ALL_CATEGORY_PRIMARY_VOTES_TRACED_PROPORTIONALLY,8379,LNP,4965.07638170151,0.5925619264472504,True
NSW,150,Whitlam,OTH,5,6,ALP>LNP>GRN>ON,6,5,14241,42083,Ben Britton,IND_MINOR,CENTRE_RIGHT,5246,0.3683730075135173,0.3683730075135173,IND_MINOR:9362|OTH_CYA:3101|OTH_LTP:1188|OTH_CEC:590,CENTRE_RIGHT:5246|RIGHT:4289|CENTRE_LEFT:4116|CENTRE:590,OBSERVED_LAST_SURVIVOR_EXIT,LAST_SURVIVOR_TALLY_AT_CATEGORY_EXIT,7953,ALP,1281.0,0.16107129385137683,False
NSW,150,Whitlam,OTH,5,6,ALP>LNP>GRN>ON,6,5,14241,42083,Ben Britton,IND_MINOR,CENTRE_RIGHT,5246,0.3683730075135173,0.3683730075135173,IND_MINOR:9362|OTH_CYA:3101|OTH_LTP:1188|OTH_CEC:590,CENTRE_RIGHT:5246|RIGHT:4289|CENTRE_LEFT:4116|CENTRE:590,OBSERVED_LAST_SURVIVOR_EXIT,LAST_SURVIVOR_TALLY_AT_CATEGORY_EXIT,7953,GRN,1309.0,0.16459197786998617,False
NSW,150,Whitlam,OTH,5,6,ALP>LNP>GRN>ON,6,5,14241,42083,Ben Britton,IND_MINOR,CENTRE_RIGHT,5246,0.3683730075135173,0.3683730075135173,IND_MINOR:9362|OTH_CYA:3101|OTH_LTP:1188|OTH_CEC:590,CENTRE_RIGHT:5246|RIGHT:4289|CENTRE_LEFT:4116|CENTRE:590,OBSERVED_LAST_SURVIVOR_EXIT,LAST_SURVIVOR_TALLY_AT_CATEGORY_EXIT,7953,LNP,1843.0,0.2317364516534641,False
NSW,150,Whitlam,OTH,5,6,ALP>LNP>GRN>ON,6,5,14241,42083,Ben Britton,IND_MINOR,CENTRE_RIGHT,5246,0.3683730075135173,0.3683730075135173,IND_MINOR:9362|OTH_CYA:3101|OTH_LTP:1188|OTH_CEC:590,CENTRE_RIGHT:5246|RIGHT:4289|CENTRE_LEFT:4116|CENTRE:590,OBSERVED_LAST_SURVIVOR_EXIT,LAST_SURVIVOR_TALLY_AT_CATEGORY_EXIT,7953,ON,3520.0,0.4426002766251729,False
NSW,150,Whitlam,OTH,5,6,ALP>LNP>GRN>ON,6,5,14241,42083,Ben Britton,IND_MINOR,CENTRE_RIGHT,5246,0.3683730075135173,0.3683730075135173,IND_MINOR:9362|OTH_CYA:3101|OTH_LTP:1188|OTH_CEC:590,CENTRE_RIGHT:5246|RIGHT:4289|CENTRE_LEFT:4116|CENTRE:590,PROPORTIONAL_PRIMARY_ORIGIN_PASS_THROUGH,ALL_CATEGORY_PRIMARY_VOTES_TRACED_PROPORTIONALLY,14241,ALP,2858.0,0.20068815392177516,True
NSW,150,Whitlam,OTH,5,6,ALP>LNP>GRN>ON,6,5,14241,42083,Ben Britton,IND_MINOR,CENTRE_RIGHT,5246,0.3683730075135173,0.3683730075135173,IND_MINOR:9362|OTH_CYA:3101|OTH_LTP:1188|OTH_CEC:590,CENTRE_RIGHT:5246|RIGHT:4289|CENTRE_LEFT:4116|CENTRE:590,PROPORTIONAL_PRIMARY_ORIGIN_PASS_THROUGH,ALL_CATEGORY_PRIMARY_VOTES_TRACED_PROPORTIONALLY,14241,GRN,2247.0,0.15778386349273224,True
NSW,150,Whitlam,OTH,5,6,ALP>LNP>GRN>ON,6,5,14241,42083,Ben Britton,IND_MINOR,CENTRE_RIGHT,5246,0.3683730075135173,0.3683730075135173,IND_MINOR:9362|OTH_CYA:3101|OTH_LTP:1188|OTH_CEC:590,CENTRE_RIGHT:5246|RIGHT:4289|CENTRE_LEFT:4116|CENTRE:590,PROPORTIONAL_PRIMARY_ORIGIN_PASS_THROUGH,ALL_CATEGORY_PRIMARY_VOTES_TRACED_PROPORTIONALLY,14241,LNP,3022.0,0.2122041991433186,True
NSW,150,Whitlam,OTH,5,6,ALP>LNP>GRN>ON,6,5,14241,42083,Ben Britton,IND_MINOR,CENTRE_RIGHT,5246,0.3683730075135173,0.3683730075135173,IND_MINOR:9362|OTH_CYA:3101|OTH_LTP:1188|OTH_CEC:590,CENTRE_RIGHT:5246|RIGHT:4289|CENTRE_LEFT:4116|CENTRE:590,PROPORTIONAL_PRIMARY_ORIGIN_PASS_THROUGH,ALL_CATEGORY_PRIMARY_VOTES_TRACED_PROPORTIONALLY,14241,ON,6113.999999999999,0.4293237834421739,True
NT,306,Lingiari,GRN,3,4,ALP>LNP,1,0,4646,41151,Blair Mcfarland,GRN,,4646,1.0,1.0,GRN:4646,UNSPECIFIED:4646,OBSERVED_LAST_SURVIVOR_EXIT,LAST_SURVIVOR_TALLY_AT_CATEGORY_EXIT,6164,ALP,4706.0,0.763465282284231,False
NT,306,Lingiari,GRN,3,4,ALP>LNP,1,0,4646,41151,Blair Mcfarland,GRN,,4646,1.0,1.0,GRN:4646,UNSPECIFIED:4646,OBSERVED_LAST_SURVIVOR_EXIT,LAST_SURVIVOR_TALLY_AT_CATEGORY_EXIT,6164,LNP,1458.0,0.23653471771576898,False
NT,306,Lingiari,GRN,3,4,ALP>LNP,1,0,4646,41151,Blair Mcfarland,GRN,,4646,1.0,1.0,GRN:4646,UNSPECIFIED:4646,PROPORTIONAL_PRIMARY_ORIGIN_PASS_THROUGH,ALL_CATEGORY_PRIMARY_VOTES_TRACED_PROPORTIONALLY,4646,ALP,3547.0597014925374,0.763465282284231,True
NT,306,Lingiari,GRN,3,4,ALP>LNP,1,0,4646,41151,Blair Mcfarland,GRN,,4646,1.0,1.0,GRN:4646,UNSPECIFIED:4646,PROPORTIONAL_PRIMARY_ORIGIN_PASS_THROUGH,ALL_CATEGORY_PRIMARY_VOTES_TRACED_PROPORTIONALLY,4646,LNP,1098.9402985074626,0.23653471771576895,True
NT,306,Lingiari,ON,4,3,ALP>LNP>GRN,1,0,4132,41020,Sakellarios Bairamis,ON,,4132,1.0,1.0,ON:4132,UNSPECIFIED:4132,OBSERVED_LAST_SURVIVOR_EXIT,LAST_SURVIVOR_TALLY_AT_CATEGORY_EXIT,4563,ALP,626.0,0.1371904448827526,False
NT,306,Lingiari,ON,4,3,ALP>LNP>GRN,1,0,4132,41020,Sakellarios Bairamis,ON,,4132,1.0,1.0,ON:4132,UNSPECIFIED:4132,OBSERVED_LAST_SURVIVOR_EXIT,LAST_SURVIVOR_TALLY_AT_CATEGORY_EXIT,4563,GRN,728.0,0.15954415954415954,False
NT,306,Lingiari,ON,4,3,ALP>LNP>GRN,1,0,4132,41020,Sakellarios Bairamis,ON,,4132,1.0,1.0,ON:4132,UNSPECIFIED:4132,OBSERVED_LAST_SURVIVOR_EXIT,LAST_SURVIVOR_TALLY_AT_CATEGORY_EXIT,4563,LNP,3209.0,0.7032653955730879,False
NT,306,Lingiari,ON,4,3,ALP>LNP>GRN,1,0,4132,41020,Sakellarios Bairamis,ON,,4132,1.0,1.0,ON:4132,UNSPECIFIED:4132,PROPORTIONAL_PRIMARY_ORIGIN_PASS_THROUGH,ALL_CATEGORY_PRIMARY_VOTES_TRACED_PROPORTIONALLY,4132,ALP,566.8709182555336,0.1371904448827526,True
NT,306,Lingiari,ON,4,3,ALP>LNP>GRN,1,0,4132,41020,Sakellarios Bairamis,ON,,4132,1.0,1.0,ON:4132,UNSPECIFIED:4132,PROPORTIONAL_PRIMARY_ORIGIN_PASS_THROUGH,ALL_CATEGORY_PRIMARY_VOTES_TRACED_PROPORTIONALLY,4132,GRN,659.2364672364672,0.15954415954415954,True
NT,306,Lingiari,ON,4,3,ALP>LNP>GRN,1,0,4132,41020,Sakellarios Bairamis,ON,,4132,1.0,1.0,ON:4132,UNSPECIFIED:4132,PROPORTIONAL_PRIMARY_ORIGIN_PASS_THROUGH,ALL_CATEGORY_PRIMARY_VOTES_TRACED_PROPORTIONALLY,4132,LNP,2905.892614507999,0.7032653955730879,True
NT,306,Lingiari,OTH,5,2,ALP>LNP>GRN>ON,2,1,2339,41843,Chris Tomlins,OTH_IAP,LEFT,1317,0.563061137238136,0.563061137238136,OTH_IAP:1317|OTH_CEC:1022,LEFT:1317|CENTRE:1022,OBSERVED_LAST_SURVIVOR_EXIT,LAST_SURVIVOR_TALLY_AT_CATEGORY_EXIT,1524,ALP,556.0,0.3648293963254593,False
NT,306,Lingiari,OTH,5,2,ALP>LNP>GRN>ON,2,1,2339,41843,Chris Tomlins,OTH_IAP,LEFT,1317,0.563061137238136,0.563061137238136,OTH_IAP:1317|OTH_CEC:1022,LEFT:1317|CENTRE:1022,OBSERVED_LAST_SURVIVOR_EXIT,LAST_SURVIVOR_TALLY_AT_CATEGORY_EXIT,1524,GRN,608.0,0.3989501312335958,False
NT,306,Lingiari,OTH,5,2,ALP>LNP>GRN>ON,2,1,2339,41843,Chris Tomlins,OTH_IAP,LEFT,1317,0.563061137238136,0.563061137238136,OTH_IAP:1317|OTH_CEC:1022,LEFT:1317|CENTRE:1022,OBSERVED_LAST_SURVIVOR_EXIT,LAST_SURVIVOR_TALLY_AT_CATEGORY_EXIT,1524,LNP,163.0,0.10695538057742782,False
NT,306,Lingiari,OTH,5,2,ALP>LNP>GRN>ON,2,1,2339,41843,Chris Tomlins,OTH_IAP,LEFT,1317,0.563061137238136,0.563061137238136,OTH_IAP:1317|OTH_CEC:1022,LEFT:1317|CENTRE:1022,OBSERVED_LAST_SURVIVOR_EXIT,LAST_SURVIVOR_TALLY_AT_CATEGORY_EXIT,1524,ON,197.0,0.12926509186351706,False
NT,306,Lingiari,OTH,5,2,ALP>LNP>GRN>ON,2,1,2339,41843,Chris Tomlins,OTH_IAP,LEFT,1317,0.563061137238136,0.563061137238136,OTH_IAP:1317|OTH_CEC:1022,LEFT:1317|CENTRE:1022,PROPORTIONAL_PRIMARY_ORIGIN_PASS_THROUGH,ALL_CATEGORY_PRIMARY_VOTES_TRACED_PROPORTIONALLY,2339,ALP,820.0,0.3505771697306541,True
NT,306,Lingiari,OTH,5,2,ALP>LNP>GRN>ON,2,1,2339,41843,Chris Tomlins,OTH_IAP,LEFT,1317,0.563061137238136,0.563061137238136,OTH_IAP:1317|OTH_CEC:1022,LEFT:1317|CENTRE:1022,PROPORTIONAL_PRIMARY_ORIGIN_PASS_THROUGH,ALL_CATEGORY_PRIMARY_VOTES_TRACED_PROPORTIONALLY,2339,GRN,790.0,0.337751175716118,True
NT,306,Lingiari,OTH,5,2,ALP>LNP>GRN>ON,2,1,2339,41843,Chris Tomlins,OTH_IAP,LEFT,1317,0.563061137238136,0.563061137238136,OTH_IAP:1317|OTH_CEC:1022,LEFT:1317|CENTRE:1022,PROPORTIONAL_PRIMARY_ORIGIN_PASS_THROUGH,ALL_CATEGORY_PRIMARY_VOTES_TRACED_PROPORTIONALLY,2339,LNP,298.0,0.12740487387772553,True
NT,306,Lingiari,OTH,5,2,ALP>LNP>GRN>ON,2,1,2339,41843,Chris Tomlins,OTH_IAP,LEFT,1317,0.563061137238136,0.563061137238136,OTH_IAP:1317|OTH_CEC:1022,LEFT:1317|CENTRE:1022,PROPORTIONAL_PRIMARY_ORIGIN_PASS_THROUGH,ALL_CATEGORY_PRIMARY_VOTES_TRACED_PROPORTIONALLY,2339,ON,431.0,0.18426678067550234,True
NT,307,Solomon,IND,3,5,ALP>LNP,1,0,7501,40620,Phil Scott,IND_PROMINENT,CENTRE_LEFT,7501,1.0,1.0,IND_PROMINENT:7501,CENTRE_LEFT:7501,OBSERVED_LAST_SURVIVOR_EXIT,LAST_SURVIVOR_TALLY_AT_CATEGORY_EXIT,12359,ALP,8076.0,0.6534509264503601,False
NT,307,Solomon,IND,3,5,ALP>LNP,1,0,7501,40620,Phil Scott,IND_PROMINENT,CENTRE_LEFT,7501,1.0,1.0,IND_PROMINENT:7501,CENTRE_LEFT:7501,OBSERVED_LAST_SURVIVOR_EXIT,LAST_SURVIVOR_TALLY_AT_CATEGORY_EXIT,12359,LNP,4283.0,0.34654907354963993,False
NT,307,Solomon,IND,3,5,ALP>LNP,1,0,7501,40620,Phil Scott,IND_PROMINENT,CENTRE_LEFT,7501,1.0,1.0,IND_PROMINENT:7501,CENTRE_LEFT:7501,PROPORTIONAL_PRIMARY_ORIGIN_PASS_THROUGH,ALL_CATEGORY_PRIMARY_VOTES_TRACED_PROPORTIONALLY,7501,ALP,4901.535399304151,0.6534509264503601,True
NT,307,Solomon,IND,3,5,ALP>LNP,1,0,7501,40620,Phil Scott,IND_PROMINENT,CENTRE_LEFT,7501,1.0,1.0,IND_PROMINENT:7501,CENTRE_LEFT:7501,PROPORTIONAL_PRIMARY_ORIGIN_PASS_THROUGH,ALL_CATEGORY_PRIMARY_VOTES_TRACED_PROPORTIONALLY,7501,LNP,2599.464600695849,0.34654907354963993,True
NT,307,Solomon,GRN,4,4,ALP>LNP>IND,1,0,6167,41153,Jonathan Parry,GRN,,6167,1.0,1.0,GRN:6167,UNSPECIFIED:6167,OBSERVED_LAST_SURVIVOR_EXIT,LAST_SURVIVOR_TALLY_AT_CATEGORY_EXIT,6528,ALP,2536.0,0.38848039215686275,False
NT,307,Solomon,GRN,4,4,ALP>LNP>IND,1,0,6167,41153,Jonathan Parry,GRN,,6167,1.0,1.0,GRN:6167,UNSPECIFIED:6167,OBSERVED_LAST_SURVIVOR_EXIT,LAST_SURVIVOR_TALLY_AT_CATEGORY_EXIT,6528,IND,3003.0,0.4600183823529412,False
NT,307,Solomon,GRN,4,4,ALP>LNP>IND,1,0,6167,41153,Jonathan Parry,GRN,,6167,1.0,1.0,GRN:6167,UNSPECIFIED:6167,OBSERVED_LAST_SURVIVOR_EXIT,LAST_SURVIVOR_TALLY_AT_CATEGORY_EXIT,6528,LNP,989.0,0.15150122549019607,False
NT,307,Solomon,GRN,4,4,ALP>LNP>IND,1,0,6167,41153,Jonathan Parry,GRN,,6167,1.0,1.0,GRN:6167,UNSPECIFIED:6167,PROPORTIONAL_PRIMARY_ORIGIN_PASS_THROUGH,ALL_CATEGORY_PRIMARY_VOTES_TRACED_PROPORTIONALLY,6167,ALP,2395.7585784313724,0.3884803921568627,True
NT,307,Solomon,GRN,4,4,ALP>LNP>IND,1,0,6167,41153,Jonathan Parry,GRN,,6167,1.0,1.0,GRN:6167,UNSPECIFIED:6167,PROPORTIONAL_PRIMARY_ORIGIN_PASS_THROUGH,ALL_CATEGORY_PRIMARY_VOTES_TRACED_PROPORTIONALLY,6167,IND,2836.9333639705883,0.4600183823529412,True
NT,307,Solomon,GRN,4,4,ALP>LNP>IND,1,0,6167,41153,Jonathan Parry,GRN,,6167,1.0,1.0,GRN:6167,UNSPECIFIED:6167,PROPORTIONAL_PRIMARY_ORIGIN_PASS_THROUGH,ALL_CATEGORY_PRIMARY_VOTES_TRACED_PROPORTIONALLY,6167,LNP,934.3080575980391,0.15150122549019607,True
NT,307,Solomon,ON,5,3,ALP>LNP>GRN>IND,1,0,4033,41023,Benjamin Craker,ON,,4033,1.0,1.0,ON:4033,UNSPECIFIED:4033,OBSERVED_LAST_SURVIVOR_EXIT,LAST_SURVIVOR_TALLY_AT_CATEGORY_EXIT,4227,ALP,322.0,0.07617695765318193,False
NT,307,Solomon,ON,5,3,ALP>LNP>GRN>IND,1,0,4033,41023,Benjamin Craker,ON,,4033,1.0,1.0,ON:4033,UNSPECIFIED:4033,OBSERVED_LAST_SURVIVOR_EXIT,LAST_SURVIVOR_TALLY_AT_CATEGORY_EXIT,4227,GRN,244.0,0.05772415424651053,False
NT,307,Solomon,ON,5,3,ALP>LNP>GRN>IND,1,0,4033,41023,Benjamin Craker,ON,,4033,1.0,1.0,ON:4033,UNSPECIFIED:4033,OBSERVED_LAST_SURVIVOR_EXIT,LAST_SURVIVOR_TALLY_AT_CATEGORY_EXIT,4227,IND,1396.0,0.3302578660988881,False
NT,307,Solomon,ON,5,3,ALP>LNP>GRN>IND,1,0,4033,41023,Benjamin Craker,ON,,4033,1.0,1.0,ON:4033,UNSPECIFIED:4033,OBSERVED_LAST_SURVIVOR_EXIT,LAST_SURVIVOR_TALLY_AT_CATEGORY_EXIT,4227,LNP,2265.0,0.5358410220014195,False
NT,307,Solomon,ON,5,3,ALP>LNP>GRN>IND,1,0,4033,41023,Benjamin Craker,ON,,4033,1.0,1.0,ON:4033,UNSPECIFIED:4033,PROPORTIONAL_PRIMARY_ORIGIN_PASS_THROUGH,ALL_CATEGORY_PRIMARY_VOTES_TRACED_PROPORTIONALLY,4033,ALP,307.2216702152827,0.07617695765318193,True
NT,307,Solomon,ON,5,3,ALP>LNP>GRN>IND,1,0,4033,41023,Benjamin Craker,ON,,4033,1.0,1.0,ON:4033,UNSPECIFIED:4033,PROPORTIONAL_PRIMARY_ORIGIN_PASS_THROUGH,ALL_CATEGORY_PRIMARY_VOTES_TRACED_PROPORTIONALLY,4033,GRN,232.80151407617694,0.05772415424651053,True
NT,307,Solomon,ON,5,3,ALP>LNP>GRN>IND,1,0,4033,41023,Benjamin Craker,ON,,4033,1.0,1.0,ON:4033,UNSPECIFIED:4033,PROPORTIONAL_PRIMARY_ORIGIN_PASS_THROUGH,ALL_CATEGORY_PRIMARY_VOTES_TRACED_PROPORTIONALLY,4033,IND,1331.9299739768155,0.3302578660988881,True
NT,307,Solomon,ON,5,3,ALP>LNP>GRN>IND,1,0,4033,41023,Benjamin Craker,ON,,4033,1.0,1.0,ON:4033,UNSPECIFIED:4033,PROPORTIONAL_PRIMARY_ORIGIN_PASS_THROUGH,ALL_CATEGORY_PRIMARY_VOTES_TRACED_PROPORTIONALLY,4033,LNP,2161.0468417317247,0.5358410220014195,True
NT,307,Solomon,OTH,6,2,ALP>LNP>GRN>ON>IND,2,1,1036,42082,Janey Davies,IND_MINOR,CENTRE,693,0.668918918918919,0.668918918918919,IND_MINOR:693|OTH_CEC:343,CENTRE:1036,OBSERVED_LAST_SURVIVOR_EXIT,LAST_SURVIVOR_TALLY_AT_CATEGORY_EXIT,754,ALP,122.0,0.16180371352785147,False
NT,307,Solomon,OTH,6,2,ALP>LNP>GRN>ON>IND,2,1,1036,42082,Janey Davies,IND_MINOR,CENTRE,693,0.668918918918919,0.668918918918919,IND_MINOR:693|OTH_CEC:343,CENTRE:1036,OBSERVED_LAST_SURVIVOR_EXIT,LAST_SURVIVOR_TALLY_AT_CATEGORY_EXIT,754,GRN,76.0,0.10079575596816977,False
NT,307,Solomon,OTH,6,2,ALP>LNP>GRN>ON>IND,2,1,1036,42082,Janey Davies,IND_MINOR,CENTRE,693,0.668918918918919,0.668918918918919,IND_MINOR:693|OTH_CEC:343,CENTRE:1036,OBSERVED_LAST_SURVIVOR_EXIT,LAST_SURVIVOR_TALLY_AT_CATEGORY_EXIT,754,IND,387.0,0.513262599469496,False
NT,307,Solomon,OTH,6,2,ALP>LNP>GRN>ON>IND,2,1,1036,42082,Janey Davies,IND_MINOR,CENTRE,693,0.668918918918919,0.668918918918919,IND_MINOR:693|OTH_CEC:343,CENTRE:1036,OBSERVED_LAST_SURVIVOR_EXIT,LAST_SURVIVOR_TALLY_AT_CATEGORY_EXIT,754,LNP,61.0,0.08090185676392574,False
NT,307,Solomon,OTH,6,2,ALP>LNP>GRN>ON>IND,2,1,1036,42082,Janey Davies,IND_MINOR,CENTRE,693,0.668918918918919,0.668918918918919,IND_MINOR:693|OTH_CEC:343,CENTRE:1036,OBSERVED_LAST_SURVIVOR_EXIT,LAST_SURVIVOR_TALLY_AT_CATEGORY_EXIT,754,ON,108.0,0.14323607427055704,False
NT,307,Solomon,OTH,6,2,ALP>LNP>GRN>ON>IND,2,1,1036,42082,Janey Davies,IND_MINOR,CENTRE,693,0.668918918918919,0.668918918918919,IND_MINOR:693|OTH_CEC:343,CENTRE:1036,PROPORTIONAL_PRIMARY_ORIGIN_PASS_THROUGH,ALL_CATEGORY_PRIMARY_VOTES_TRACED_PROPORTIONALLY,1036,ALP,168.0,0.16216216216216217,True
NT,307,Solomon,OTH,6,2,ALP>LNP>GRN>ON>IND,2,1,1036,42082,Janey Davies,IND_MINOR,CENTRE,693,0.668918918918919,0.668918918918919,IND_MINOR:693|OTH_CEC:343,CENTRE:1036,PROPORTIONAL_PRIMARY_ORIGIN_PASS_THROUGH,ALL_CATEGORY_PRIMARY_VOTES_TRACED_PROPORTIONALLY,1036,GRN,117.0,0.11293436293436293,True
NT,307,Solomon,OTH,6,2,ALP>LNP>GRN>ON>IND,2,1,1036,42082,Janey Davies,IND_MINOR,CENTRE,693,0.668918918918919,0.668918918918919,IND_MINOR:693|OTH_CEC:343,CENTRE:1036,PROPORTIONAL_PRIMARY_ORIGIN_PASS_THROUGH,ALL_CATEGORY_PRIMARY_VOTES_TRACED_PROPORTIONALLY,1036,IND,459.0,0.44305019305019305,True
NT,307,Solomon,OTH,6,2,ALP>LNP>GRN>ON>IND,2,1,1036,42082,Janey Davies,IND_MINOR,CENTRE,693,0.668918918918919,0.668918918918919,IND_MINOR:693|OTH_CEC:343,CENTRE:1036,PROPORTIONAL_PRIMARY_ORIGIN_PASS_THROUGH,ALL_CATEGORY_PRIMARY_VOTES_TRACED_PROPORTIONALLY,1036,LNP,98.0,0.0945945945945946,True
NT,307,Solomon,OTH,6,2,ALP>LNP>GRN>ON>IND,2,1,1036,42082,Janey Davies,IND_MINOR,CENTRE,693,0.668918918918919,0.668918918918919,IND_MINOR:693|OTH_CEC:343,CENTRE:1036,PROPORTIONAL_PRIMARY_ORIGIN_PASS_THROUGH,ALL_CATEGORY_PRIMARY_VOTES_TRACED_PROPORTIONALLY,1036,ON,194.0,0.18725868725868725,True
QLD,304,Blair,ON,3,8,ALP>LNP,1,0,11344,40920,Brendan Kross,ON,,11344,1.0,1.0,ON:11344,UNSPECIFIED:11344,OBSERVED_LAST_SURVIVOR_EXIT,LAST_SURVIVOR_TALLY_AT_CATEGORY_EXIT,22755,ALP,7593.0,0.33368490441661175,False
QLD,304,Blair,ON,3,8,ALP>LNP,1,0,11344,40920,Brendan Kross,ON,,11344,1.0,1.0,ON:11344,UNSPECIFIED:11344,OBSERVED_LAST_SURVIVOR_EXIT,LAST_SURVIVOR_TALLY_AT_CATEGORY_EXIT,22755,LNP,15162.0,0.6663150955833883,False
QLD,304,Blair,ON,3,8,ALP>LNP,1,0,11344,40920,Brendan Kross,ON,,11344,1.0,1.0,ON:11344,UNSPECIFIED:11344,PROPORTIONAL_PRIMARY_ORIGIN_PASS_THROUGH,ALL_CATEGORY_PRIMARY_VOTES_TRACED_PROPORTIONALLY,11344,ALP,3785.3215557020435,0.33368490441661175,True
QLD,304,Blair,ON,3,8,ALP>LNP,1,0,11344,40920,Brendan Kross,ON,,11344,1.0,1.0,ON:11344,UNSPECIFIED:11344,PROPORTIONAL_PRIMARY_ORIGIN_PASS_THROUGH,ALL_CATEGORY_PRIMARY_VOTES_TRACED_PROPORTIONALLY,11344,LNP,7558.678444297957,0.6663150955833883,True
QLD,304,Blair,GRN,4,7,ALP>LNP>ON,1,0,12104,41250,Paul Toner,GRN,,12104,1.0,1.0,GRN:12104,UNSPECIFIED:12104,OBSERVED_LAST_SURVIVOR_EXIT,LAST_SURVIVOR_TALLY_AT_CATEGORY_EXIT,16043,ALP,11592.0,0.7225581250389578,False
QLD,304,Blair,GRN,4,7,ALP>LNP>ON,1,0,12104,41250,Paul Toner,GRN,,12104,1.0,1.0,GRN:12104,UNSPECIFIED:12104,OBSERVED_LAST_SURVIVOR_EXIT,LAST_SURVIVOR_TALLY_AT_CATEGORY_EXIT,16043,LNP,1621.0,0.10104095244031665,False
QLD,304,Blair,GRN,4,7,ALP>LNP>ON,1,0,12104,41250,Paul Toner,GRN,,12104,1.0,1.0,GRN:12104,UNSPECIFIED:12104,OBSERVED_LAST_SURVIVOR_EXIT,LAST_SURVIVOR_TALLY_AT_CATEGORY_EXIT,16043,ON,2830.0,0.17640092252072556,False
QLD,304,Blair,GRN,4,7,ALP>LNP>ON,1,0,12104,41250,Paul Toner,GRN,,12104,1.0,1.0,GRN:12104,UNSPECIFIED:12104,PROPORTIONAL_PRIMARY_ORIGIN_PASS_THROUGH,ALL_CATEGORY_PRIMARY_VOTES_TRACED_PROPORTIONALLY,12104,ALP,8745.843545471545,0.7225581250389578,True
QLD,304,Blair,GRN,4,7,ALP>LNP>ON,1,0,12104,41250,Paul Toner,GRN,,12104,1.0,1.0,GRN:12104,UNSPECIFIED:12104,PROPORTIONAL_PRIMARY_ORIGIN_PASS_THROUGH,ALL_CATEGORY_PRIMARY_VOTES_TRACED_PROPORTIONALLY,12104,LNP,1222.9996883375927,0.10104095244031665,True
QLD,304,Blair,GRN,4,7,ALP>LNP>ON,1,0,12104,41250,Paul Toner,GRN,,12104,1.0,1.0,GRN:12104,UNSPECIFIED:12104,PROPORTIONAL_PRIMARY_ORIGIN_PASS_THROUGH,ALL_CATEGORY_PRIMARY_VOTES_TRACED_PROPORTIONALLY,12104,ON,2135.156766190862,0.17640092252072556,True
QLD,304,Blair,OTH,5,6,ALP>LNP>GRN>ON,6,5,18883,40927,Anthony Hopkins,OTH_HMP,CENTRE_LEFT,5353,0.2834824974845099,0.2834824974845099,OTH_HMP:5353|OTH_GRPF:4421|OTH_CYA:3769|OTH_FFPA:2334|OTH_AJP:1874|OTH_LTP:1132,RIGHT:11656|CENTRE_LEFT:7227,OBSERVED_LAST_SURVIVOR_EXIT,LAST_SURVIVOR_TALLY_AT_CATEGORY_EXIT,7556,ALP,1431.0,0.1893859184753838,False
QLD,304,Blair,OTH,5,6,ALP>LNP>GRN>ON,6,5,18883,40927,Anthony Hopkins,OTH_HMP,CENTRE_LEFT,5353,0.2834824974845099,0.2834824974845099,OTH_HMP:5353|OTH_GRPF:4421|OTH_CYA:3769|OTH_FFPA:2334|OTH_AJP:1874|OTH_LTP:1132,RIGHT:11656|CENTRE_LEFT:7227,OBSERVED_LAST_SURVIVOR_EXIT,LAST_SURVIVOR_TALLY_AT_CATEGORY_EXIT,7556,GRN,2455.0,0.3249073583906829,False
QLD,304,Blair,OTH,5,6,ALP>LNP>GRN>ON,6,5,18883,40927,Anthony Hopkins,OTH_HMP,CENTRE_LEFT,5353,0.2834824974845099,0.2834824974845099,OTH_HMP:5353|OTH_GRPF:4421|OTH_CYA:3769|OTH_FFPA:2334|OTH_AJP:1874|OTH_LTP:1132,RIGHT:11656|CENTRE_LEFT:7227,OBSERVED_LAST_SURVIVOR_EXIT,LAST_SURVIVOR_TALLY_AT_CATEGORY_EXIT,7556,LNP,896.0,0.11858125992588671,False
QLD,304,Blair,OTH,5,6,ALP>LNP>GRN>ON,6,5,18883,40927,Anthony Hopkins,OTH_HMP,CENTRE_LEFT,5353,0.2834824974845099,0.2834824974845099,OTH_HMP:5353|OTH_GRPF:4421|OTH_CYA:3769|OTH_FFPA:2334|OTH_AJP:1874|OTH_LTP:1132,RIGHT:11656|CENTRE_LEFT:7227,OBSERVED_LAST_SURVIVOR_EXIT,LAST_SURVIVOR_TALLY_AT_CATEGORY_EXIT,7556,ON,2774.0,0.36712546320804657,False
QLD,304,Blair,OTH,5,6,ALP>LNP>GRN>ON,6,5,18883,40927,Anthony Hopkins,OTH_HMP,CENTRE_LEFT,5353,0.2834824974845099,0.2834824974845099,OTH_HMP:5353|OTH_GRPF:4421|OTH_CYA:3769|OTH_FFPA:2334|OTH_AJP:1874|OTH_LTP:1132,RIGHT:11656|CENTRE_LEFT:7227,PROPORTIONAL_PRIMARY_ORIGIN_PASS_THROUGH,ALL_CATEGORY_PRIMARY_VOTES_TRACED_PROPORTIONALLY,18883,ALP,3146.0,0.16660488269872373,True
QLD,304,Blair,OTH,5,6,ALP>LNP>GRN>ON,6,5,18883,40927,Anthony Hopkins,OTH_HMP,CENTRE_LEFT,5353,0.2834824974845099,0.2834824974845099,OTH_HMP:5353|OTH_GRPF:4421|OTH_CYA:3769|OTH_FFPA:2334|OTH_AJP:1874|OTH_LTP:1132,RIGHT:11656|CENTRE_LEFT:7227,PROPORTIONAL_PRIMARY_ORIGIN_PASS_THROUGH,ALL_CATEGORY_PRIMARY_VOTES_TRACED_PROPORTIONALLY,18883,GRN,3938.9999999999995,0.20860032833765818,True
QLD,304,Blair,OTH,5,6,ALP>LNP>GRN>ON,6,5,18883,40927,Anthony Hopkins,OTH_HMP,CENTRE_LEFT,5353,0.2834824974845099,0.2834824974845099,OTH_HMP:5353|OTH_GRPF:4421|OTH_CYA:3769|OTH_FFPA:2334|OTH_AJP:1874|OTH_LTP:1132,RIGHT:11656|CENTRE_LEFT:7227,PROPORTIONAL_PRIMARY_ORIGIN_PASS_THROUGH,ALL_CATEGORY_PRIMARY_VOTES_TRACED_PROPORTIONALLY,18883,LNP,3216.9999999999995,0.17036487846210874,True
QLD,304,Blair,OTH,5,6,ALP>LNP>GRN>ON,6,5,18883,40927,Anthony Hopkins,OTH_HMP,CENTRE_LEFT,5353,0.2834824974845099,0.2834824974845099,OTH_HMP:5353|OTH_GRPF:4421|OTH_CYA:3769|OTH_FFPA:2334|OTH_AJP:1874|OTH_LTP:1132,RIGHT:11656|CENTRE_LEFT:7227,PROPORTIONAL_PRIMARY_ORIGIN_PASS_THROUGH,ALL_CATEGORY_PRIMARY_VOTES_TRACED_PROPORTIONALLY,18883,ON,8581.0,0.45442991050150927,True
QLD,310,Bonner,GRN,3,6,ALP>LNP,1,0,12314,41254,Wen Li,GRN,,12314,1.0,1.0,GRN:12314,UNSPECIFIED:12314,OBSERVED_LAST_SURVIVOR_EXIT,LAST_SURVIVOR_TALLY_AT_CATEGORY_EXIT,15165,ALP,12790.0,0.8433893834487306,False
QLD,310,Bonner,GRN,3,6,ALP>LNP,1,0,12314,41254,Wen Li,GRN,,12314,1.0,1.0,GRN:12314,UNSPECIFIED:12314,OBSERVED_LAST_SURVIVOR_EXIT,LAST_SURVIVOR_TALLY_AT_CATEGORY_EXIT,15165,LNP,2375.0,0.15661061655126937,False
QLD,310,Bonner,GRN,3,6,ALP>LNP,1,0,12314,41254,Wen Li,GRN,,12314,1.0,1.0,GRN:12314,UNSPECIFIED:12314,PROPORTIONAL_PRIMARY_ORIGIN_PASS_THROUGH,ALL_CATEGORY_PRIMARY_VOTES_TRACED_PROPORTIONALLY,12314,ALP,10385.496867787668,0.8433893834487305,True
QLD,310,Bonner,GRN,3,6,ALP>LNP,1,0,12314,41254,Wen Li,GRN,,12314,1.0,1.0,GRN:12314,UNSPECIFIED:12314,PROPORTIONAL_PRIMARY_ORIGIN_PASS_THROUGH,ALL_CATEGORY_PRIMARY_VOTES_TRACED_PROPORTIONALLY,12314,LNP,1928.5031322123311,0.15661061655126937,True
QLD,310,Bonner,ON,4,5,ALP>LNP>GRN,1,0,3784,40925,Christopher De Winter,ON,,3784,1.0,1.0,ON:3784,UNSPECIFIED:3784,OBSERVED_LAST_SURVIVOR_EXIT,LAST_SURVIVOR_TALLY_AT_CATEGORY_EXIT,7077,ALP,1150.0,0.16249823371485092,False
QLD,310,Bonner,ON,4,5,ALP>LNP>GRN,1,0,3784,40925,Christopher De Winter,ON,,3784,1.0,1.0,ON:3784,UNSPECIFIED:3784,OBSERVED_LAST_SURVIVOR_EXIT,LAST_SURVIVOR_TALLY_AT_CATEGORY_EXIT,7077,GRN,1167.0,0.1649003815175922,False
QLD,310,Bonner,ON,4,5,ALP>LNP>GRN,1,0,3784,40925,Christopher De Winter,ON,,3784,1.0,1.0,ON:3784,UNSPECIFIED:3784,OBSERVED_LAST_SURVIVOR_EXIT,LAST_SURVIVOR_TALLY_AT_CATEGORY_EXIT,7077,LNP,4760.0,0.6726013847675568,False
QLD,310,Bonner,ON,4,5,ALP>LNP>GRN,1,0,3784,40925,Christopher De Winter,ON,,3784,1.0,1.0,ON:3784,UNSPECIFIED:3784,PROPORTIONAL_PRIMARY_ORIGIN_PASS_THROUGH,ALL_CATEGORY_PRIMARY_VOTES_TRACED_PROPORTIONALLY,3784,ALP,614.8933163769959,0.16249823371485092,True
QLD,310,Bonner,ON,4,5,ALP>LNP>GRN,1,0,3784,40925,Christopher De Winter,ON,,3784,1.0,1.0,ON:3784,UNSPECIFIED:3784,PROPORTIONAL_PRIMARY_ORIGIN_PASS_THROUGH,ALL_CATEGORY_PRIMARY_VOTES_TRACED_PROPORTIONALLY,3784,GRN,623.9830436625689,0.1649003815175922,True
QLD,310,Bonner,ON,4,5,ALP>LNP>GRN,1,0,3784,40925,Christopher De Winter,ON,,3784,1.0,1.0,ON:3784,UNSPECIFIED:3784,PROPORTIONAL_PRIMARY_ORIGIN_PASS_THROUGH,ALL_CATEGORY_PRIMARY_VOTES_TRACED_PROPORTIONALLY,3784,LNP,2545.123639960435,0.6726013847675568,True
QLD,310,Bonner,OTH,5,4,ALP>LNP>GRN>ON,4,3,8698,40849,Ross Dovey,OTH_FFPA,RIGHT,2811,0.3231777420096574,0.3231777420096574,OTH_FFPA:2811|OTH_HMP:2497|OTH_CYA:2187|OTH_LTP:1203,RIGHT:6201|CENTRE_LEFT:2497,OBSERVED_LAST_SURVIVOR_EXIT,LAST_SURVIVOR_TALLY_AT_CATEGORY_EXIT,3935,ALP,416.0,0.10571791613722999,False
QLD,310,Bonner,OTH,5,4,ALP>LNP>GRN>ON,4,3,8698,40849,Ross Dovey,OTH_FFPA,RIGHT,2811,0.3231777420096574,0.3231777420096574,OTH_FFPA:2811|OTH_HMP:2497|OTH_CYA:2187|OTH_LTP:1203,RIGHT:6201|CENTRE_LEFT:2497,OBSERVED_LAST_SURVIVOR_EXIT,LAST_SURVIVOR_TALLY_AT_CATEGORY_EXIT,3935,GRN,466.0,0.11842439644218551,False
QLD,310,Bonner,OTH,5,4,ALP>LNP>GRN>ON,4,3,8698,40849,Ross Dovey,OTH_FFPA,RIGHT,2811,0.3231777420096574,0.3231777420096574,OTH_FFPA:2811|OTH_HMP:2497|OTH_CYA:2187|OTH_LTP:1203,RIGHT:6201|CENTRE_LEFT:2497,OBSERVED_LAST_SURVIVOR_EXIT,LAST_SURVIVOR_TALLY_AT_CATEGORY_EXIT,3935,LNP,1271.0,0.3229987293519695,False
QLD,310,Bonner,OTH,5,4,ALP>LNP>GRN>ON,4,3,8698,40849,Ross Dovey,OTH_FFPA,RIGHT,2811,0.3231777420096574,0.3231777420096574,OTH_FFPA:2811|OTH_HMP:2497|OTH_CYA:2187|OTH_LTP:1203,RIGHT:6201|CENTRE_LEFT:2497,OBSERVED_LAST_SURVIVOR_EXIT,LAST_SURVIVOR_TALLY_AT_CATEGORY_EXIT,3935,ON,1782.0,0.452858958068615,False
QLD,310,Bonner,OTH,5,4,ALP>LNP>GRN>ON,4,3,8698,40849,Ross Dovey,OTH_FFPA,RIGHT,2811,0.3231777420096574,0.3231777420096574,OTH_FFPA:2811|OTH_HMP:2497|OTH_CYA:2187|OTH_LTP:1203,RIGHT:6201|CENTRE_LEFT:2497,PROPORTIONAL_PRIMARY_ORIGIN_PASS_THROUGH,ALL_CATEGORY_PRIMARY_VOTES_TRACED_PROPORTIONALLY,8698,ALP,1412.0,0.16233616923430674,True
QLD,310,Bonner,OTH,5,4,ALP>LNP>GRN>ON,4,3,8698,40849,Ross Dovey,OTH_FFPA,RIGHT,2811,0.3231777420096574,0.3231777420096574,OTH_FFPA:2811|OTH_HMP:2497|OTH_CYA:2187|OTH_LTP:1203,RIGHT:6201|CENTRE_LEFT:2497,PROPORTIONAL_PRIMARY_ORIGIN_PASS_THROUGH,ALL_CATEGORY_PRIMARY_VOTES_TRACED_PROPORTIONALLY,8698,GRN,1683.9999999999998,0.1936077259140032,True
QLD,310,Bonner,OTH,5,4,ALP>LNP>GRN>ON,4,3,8698,40849,Ross Dovey,OTH_FFPA,RIGHT,2811,0.3231777420096574,0.3231777420096574,OTH_FFPA:2811|OTH_HMP:2497|OTH_CYA:2187|OTH_LTP:1203,RIGHT:6201|CENTRE_LEFT:2497,PROPORTIONAL_PRIMARY_ORIGIN_PASS_THROUGH,ALL_CATEGORY_PRIMARY_VOTES_TRACED_PROPORTIONALLY,8698,LNP,2309.0,0.26546332490227637,True
QLD,310,Bonner,OTH,5,4,ALP>LNP>GRN>ON,4,3,8698,40849,Ross Dovey,OTH_FFPA,RIGHT,2811,0.3231777420096574,0.3231777420096574,OTH_FFPA:2811|OTH_HMP:2497|OTH_CYA:2187|OTH_LTP:1203,RIGHT:6201|CENTRE_LEFT:2497,PROPORTIONAL_PRIMARY_ORIGIN_PASS_THROUGH,ALL_CATEGORY_PRIMARY_VOTES_TRACED_PROPORTIONALLY,8698,ON,3293.0000000000005,0.3785927799494137,True
QLD,155,Bowman,GRN,3,5,ALP>LNP,1,0,12689,41259,Kristie Lockhart,GRN,,12689,1.0,1.0,GRN:12689,UNSPECIFIED:12689,OBSERVED_LAST_SURVIVOR_EXIT,LAST_SURVIVOR_TALLY_AT_CATEGORY_EXIT,17004,ALP,13094.0,0.7700541049164903,False
QLD,155,Bowman,GRN,3,5,ALP>LNP,1,0,12689,41259,Kristie Lockhart,GRN,,12689,1.0,1.0,GRN:12689,UNSPECIFIED:12689,OBSERVED_LAST_SURVIVOR_EXIT,LAST_SURVIVOR_TALLY_AT_CATEGORY_EXIT,17004,LNP,3910.0,0.22994589508350977,False
QLD,155,Bowman,GRN,3,5,ALP>LNP,1,0,12689,41259,Kristie Lockhart,GRN,,12689,1.0,1.0,GRN:12689,UNSPECIFIED:12689,PROPORTIONAL_PRIMARY_ORIGIN_PASS_THROUGH,ALL_CATEGORY_PRIMARY_VOTES_TRACED_PROPORTIONALLY,12689,ALP,9771.216537285345,0.7700541049164903,True
QLD,155,Bowman,GRN,3,5,ALP>LNP,1,0,12689,41259,Kristie Lockhart,GRN,,12689,1.0,1.0,GRN:12689,UNSPECIFIED:12689,PROPORTIONAL_PRIMARY_ORIGIN_PASS_THROUGH,ALL_CATEGORY_PRIMARY_VOTES_TRACED_PROPORTIONALLY,12689,LNP,2917.7834627146553,0.22994589508350977,True
QLD,155,Bowman,ON,4,4,ALP>LNP>GRN,1,0,7650,40930,Matthew Knight,ON,,7650,1.0,1.0,ON:7650,UNSPECIFIED:7650,OBSERVED_LAST_SURVIVOR_EXIT,LAST_SURVIVOR_TALLY_AT_CATEGORY_EXIT,12418,ALP,2105.0,0.16951199871154776,False
QLD,155,Bowman,ON,4,4,ALP>LNP>GRN,1,0,7650,40930,Matthew Knight,ON,,7650,1.0,1.0,ON:7650,UNSPECIFIED:7650,OBSERVED_LAST_SURVIVOR_EXIT,LAST_SURVIVOR_TALLY_AT_CATEGORY_EXIT,12418,GRN,2481.0,0.19979062650990498,False
QLD,155,Bowman,ON,4,4,ALP>LNP>GRN,1,0,7650,40930,Matthew Knight,ON,,7650,1.0,1.0,ON:7650,UNSPECIFIED:7650,OBSERVED_LAST_SURVIVOR_EXIT,LAST_SURVIVOR_TALLY_AT_CATEGORY_EXIT,12418,LNP,7832.0,0.6306973747785473,False
QLD,155,Bowman,ON,4,4,ALP>LNP>GRN,1,0,7650,40930,Matthew Knight,ON,,7650,1.0,1.0,ON:7650,UNSPECIFIED:7650,PROPORTIONAL_PRIMARY_ORIGIN_PASS_THROUGH,ALL_CATEGORY_PRIMARY_VOTES_TRACED_PROPORTIONALLY,7650,ALP,1296.7667901433404,0.16951199871154776,True
QLD,155,Bowman,ON,4,4,ALP>LNP>GRN,1,0,7650,40930,Matthew Knight,ON,,7650,1.0,1.0,ON:7650,UNSPECIFIED:7650,PROPORTIONAL_PRIMARY_ORIGIN_PASS_THROUGH,ALL_CATEGORY_PRIMARY_VOTES_TRACED_PROPORTIONALLY,7650,GRN,1528.398292800773,0.19979062650990498,True
QLD,155,Bowman,ON,4,4,ALP>LNP>GRN,1,0,7650,40930,Matthew Knight,ON,,7650,1.0,1.0,ON:7650,UNSPECIFIED:7650,PROPORTIONAL_PRIMARY_ORIGIN_PASS_THROUGH,ALL_CATEGORY_PRIMARY_VOTES_TRACED_PROPORTIONALLY,7650,LNP,4824.834917055887,0.6306973747785473,True
QLD,155,Bowman,OTH,5,3,ALP>LNP>GRN>ON,3,2,10624,41334,Gary Williamson,OTH_CYA,RIGHT,3924,0.3693524096385542,0.3693524096385542,OTH_CYA:3924|IND_MINOR:3375|OTH_FFPA:3325,RIGHT:7249|CENTRE_LEFT:3375,OBSERVED_LAST_SURVIVOR_EXIT,LAST_SURVIVOR_TALLY_AT_CATEGORY_EXIT,4910,ALP,562.0,0.11446028513238289,False
QLD,155,Bowman,OTH,5,3,ALP>LNP>GRN>ON,3,2,10624,41334,Gary Williamson,OTH_CYA,RIGHT,3924,0.3693524096385542,0.3693524096385542,OTH_CYA:3924|IND_MINOR:3375|OTH_FFPA:3325,RIGHT:7249|CENTRE_LEFT:3375,OBSERVED_LAST_SURVIVOR_EXIT,LAST_SURVIVOR_TALLY_AT_CATEGORY_EXIT,4910,GRN,523.0,0.1065173116089613,False
QLD,155,Bowman,OTH,5,3,ALP>LNP>GRN>ON,3,2,10624,41334,Gary Williamson,OTH_CYA,RIGHT,3924,0.3693524096385542,0.3693524096385542,OTH_CYA:3924|IND_MINOR:3375|OTH_FFPA:3325,RIGHT:7249|CENTRE_LEFT:3375,OBSERVED_LAST_SURVIVOR_EXIT,LAST_SURVIVOR_TALLY_AT_CATEGORY_EXIT,4910,LNP,1056.0,0.21507128309572301,False
QLD,155,Bowman,OTH,5,3,ALP>LNP>GRN>ON,3,2,10624,41334,Gary Williamson,OTH_CYA,RIGHT,3924,0.3693524096385542,0.3693524096385542,OTH_CYA:3924|IND_MINOR:3375|OTH_FFPA:3325,RIGHT:7249|CENTRE_LEFT:3375,OBSERVED_LAST_SURVIVOR_EXIT,LAST_SURVIVOR_TALLY_AT_CATEGORY_EXIT,4910,ON,2769.0,0.5639511201629328,False
QLD,155,Bowman,OTH,5,3,ALP>LNP>GRN>ON,3,2,10624,41334,Gary Williamson,OTH_CYA,RIGHT,3924,0.3693524096385542,0.3693524096385542,OTH_CYA:3924|IND_MINOR:3375|OTH_FFPA:3325,RIGHT:7249|CENTRE_LEFT:3375,PROPORTIONAL_PRIMARY_ORIGIN_PASS_THROUGH,ALL_CATEGORY_PRIMARY_VOTES_TRACED_PROPORTIONALLY,10624,ALP,1926.0,0.18128765060240964,True
QLD,155,Bowman,OTH,5,3,ALP>LNP>GRN>ON,3,2,10624,41334,Gary Williamson,OTH_CYA,RIGHT,3924,0.3693524096385542,0.3693524096385542,OTH_CYA:3924|IND_MINOR:3375|OTH_FFPA:3325,RIGHT:7249|CENTRE_LEFT:3375,PROPORTIONAL_PRIMARY_ORIGIN_PASS_THROUGH,ALL_CATEGORY_PRIMARY_VOTES_TRACED_PROPORTIONALLY,10624,GRN,1834.0000000000002,0.17262801204819278,True
QLD,155,Bowman,OTH,5,3,ALP>LNP>GRN>ON,3,2,10624,41334,Gary Williamson,OTH_CYA,RIGHT,3924,0.3693524096385542,0.3693524096385542,OTH_CYA:3924|IND_MINOR:3375|OTH_FFPA:3325,RIGHT:7249|CENTRE_LEFT:3375,PROPORTIONAL_PRIMARY_ORIGIN_PASS_THROUGH,ALL_CATEGORY_PRIMARY_VOTES_TRACED_PROPORTIONALLY,10624,LNP,2096.0,0.19728915662650603,True
QLD,155,Bowman,OTH,5,3,ALP>LNP>GRN>ON,3,2,10624,41334,Gary Williamson,OTH_CYA,RIGHT,3924,0.3693524096385542,0.3693524096385542,OTH_CYA:3924|IND_MINOR:3375|OTH_FFPA:3325,RIGHT:7249|CENTRE_LEFT:3375,PROPORTIONAL_PRIMARY_ORIGIN_PASS_THROUGH,ALL_CATEGORY_PRIMARY_VOTES_TRACED_PROPORTIONALLY,10624,ON,4768.0,0.44879518072289154,True
QLD,156,Brisbane,GRN,3,6,ALP>LNP,1,0,28663,41268,Stephen Bates,GRN,,28663,1.0,1.0,GRN:28663,UNSPECIFIED:28663,OBSERVED_LAST_SURVIVOR_EXIT,LAST_SURVIVOR_TALLY_AT_CATEGORY_EXIT,30520,ALP,27897.0,0.9140563564875491,False
QLD,156,Brisbane,GRN,3,6,ALP>LNP,1,0,28663,41268,Stephen Bates,GRN,,28663,1.0,1.0,GRN:28663,UNSPECIFIED:28663,OBSERVED_LAST_SURVIVOR_EXIT,LAST_SURVIVOR_TALLY_AT_CATEGORY_EXIT,30520,LNP,2623.0,0.08594364351245085,False
QLD,156,Brisbane,GRN,3,6,ALP>LNP,1,0,28663,41268,Stephen Bates,GRN,,28663,1.0,1.0,GRN:28663,UNSPECIFIED:28663,PROPORTIONAL_PRIMARY_ORIGIN_PASS_THROUGH,ALL_CATEGORY_PRIMARY_VOTES_TRACED_PROPORTIONALLY,28663,ALP,26199.59734600262,0.9140563564875491,True
QLD,156,Brisbane,GRN,3,6,ALP>LNP,1,0,28663,41268,Stephen Bates,GRN,,28663,1.0,1.0,GRN:28663,UNSPECIFIED:28663,PROPORTIONAL_PRIMARY_ORIGIN_PASS_THROUGH,ALL_CATEGORY_PRIMARY_VOTES_TRACED_PROPORTIONALLY,28663,LNP,2463.4026539973784,0.08594364351245083,True
QLD,156,Brisbane,ON,4,5,ALP>LNP>GRN,1,0,2798,40933,Cheryl Wood,ON,,2798,1.0,1.0,ON:2798,UNSPECIFIED:2798,OBSERVED_LAST_SURVIVOR_EXIT,LAST_SURVIVOR_TALLY_AT_CATEGORY_EXIT,5359,ALP,966.0,0.18025751072961374,False
QLD,156,Brisbane,ON,4,5,ALP>LNP>GRN,1,0,2798,40933,Cheryl Wood,ON,,2798,1.0,1.0,ON:2798,UNSPECIFIED:2798,OBSERVED_LAST_SURVIVOR_EXIT,LAST_SURVIVOR_TALLY_AT_CATEGORY_EXIT,5359,GRN,744.0,0.13883187161783914,False
QLD,156,Brisbane,ON,4,5,ALP>LNP>GRN,1,0,2798,40933,Cheryl Wood,ON,,2798,1.0,1.0,ON:2798,UNSPECIFIED:2798,OBSERVED_LAST_SURVIVOR_EXIT,LAST_SURVIVOR_TALLY_AT_CATEGORY_EXIT,5359,LNP,3649.0,0.6809106176525471,False
QLD,156,Brisbane,ON,4,5,ALP>LNP>GRN,1,0,2798,40933,Cheryl Wood,ON,,2798,1.0,1.0,ON:2798,UNSPECIFIED:2798,PROPORTIONAL_PRIMARY_ORIGIN_PASS_THROUGH,ALL_CATEGORY_PRIMARY_VOTES_TRACED_PROPORTIONALLY,2798,ALP,504.36051502145926,0.18025751072961374,True
QLD,156,Brisbane,ON,4,5,ALP>LNP>GRN,1,0,2798,40933,Cheryl Wood,ON,,2798,1.0,1.0,ON:2798,UNSPECIFIED:2798,PROPORTIONAL_PRIMARY_ORIGIN_PASS_THROUGH,ALL_CATEGORY_PRIMARY_VOTES_TRACED_PROPORTIONALLY,2798,GRN,388.45157678671393,0.13883187161783914,True
QLD,156,Brisbane,ON,4,5,ALP>LNP>GRN,1,0,2798,40933,Cheryl Wood,ON,,2798,1.0,1.0,ON:2798,UNSPECIFIED:2798,PROPORTIONAL_PRIMARY_ORIGIN_PASS_THROUGH,ALL_CATEGORY_PRIMARY_VOTES_TRACED_PROPORTIONALLY,2798,LNP,1905.1879081918269,0.6809106176525471,True
QLD,156,Brisbane,OTH,5,4,ALP>LNP>GRN>ON,4,3,5726,40964,Joseph Wheeler,OTH_GRPF,RIGHT,2354,0.41110723017813483,0.41110723017813483,OTH_GRPF:2354|OTH_CYA:1398|OTH_SOPA:1095|OTH_FFPA:879,RIGHT:4631|LEFT:1095,OBSERVED_LAST_SURVIVOR_EXIT,LAST_SURVIVOR_TALLY_AT_CATEGORY_EXIT,3113,ALP,323.0,0.1037584323803405,False
QLD,156,Brisbane,OTH,5,4,ALP>LNP>GRN>ON,4,3,5726,40964,Joseph Wheeler,OTH_GRPF,RIGHT,2354,0.41110723017813483,0.41110723017813483,OTH_GRPF:2354|OTH_CYA:1398|OTH_SOPA:1095|OTH_FFPA:879,RIGHT:4631|LEFT:1095,OBSERVED_LAST_SURVIVOR_EXIT,LAST_SURVIVOR_TALLY_AT_CATEGORY_EXIT,3113,GRN,429.0,0.13780918727915195,False
QLD,156,Brisbane,OTH,5,4,ALP>LNP>GRN>ON,4,3,5726,40964,Joseph Wheeler,OTH_GRPF,RIGHT,2354,0.41110723017813483,0.41110723017813483,OTH_GRPF:2354|OTH_CYA:1398|OTH_SOPA:1095|OTH_FFPA:879,RIGHT:4631|LEFT:1095,OBSERVED_LAST_SURVIVOR_EXIT,LAST_SURVIVOR_TALLY_AT_CATEGORY_EXIT,3113,LNP,577.0,0.18535175072277546,False
QLD,156,Brisbane,OTH,5,4,ALP>LNP>GRN>ON,4,3,5726,40964,Joseph Wheeler,OTH_GRPF,RIGHT,2354,0.41110723017813483,0.41110723017813483,OTH_GRPF:2354|OTH_CYA:1398|OTH_SOPA:1095|OTH_FFPA:879,RIGHT:4631|LEFT:1095,OBSERVED_LAST_SURVIVOR_EXIT,LAST_SURVIVOR_TALLY_AT_CATEGORY_EXIT,3113,ON,1784.0,0.5730806296177321,False
QLD,156,Brisbane,OTH,5,4,ALP>LNP>GRN>ON,4,3,5726,40964,Joseph Wheeler,OTH_GRPF,RIGHT,2354,0.41110723017813483,0.41110723017813483,OTH_GRPF:2354|OTH_CYA:1398|OTH_SOPA:1095|OTH_FFPA:879,RIGHT:4631|LEFT:1095,PROPORTIONAL_PRIMARY_ORIGIN_PASS_THROUGH,ALL_CATEGORY_PRIMARY_VOTES_TRACED_PROPORTIONALLY,5726,ALP,825.0,0.14407963674467342,True
QLD,156,Brisbane,OTH,5,4,ALP>LNP>GRN>ON,4,3,5726,40964,Joseph Wheeler,OTH_GRPF,RIGHT,2354,0.41110723017813483,0.41110723017813483,OTH_GRPF:2354|OTH_CYA:1398|OTH_SOPA:1095|OTH_FFPA:879,RIGHT:4631|LEFT:1095,PROPORTIONAL_PRIMARY_ORIGIN_PASS_THROUGH,ALL_CATEGORY_PRIMARY_VOTES_TRACED_PROPORTIONALLY,5726,GRN,1113.0,0.19437652811735942,True
QLD,156,Brisbane,OTH,5,4,ALP>LNP>GRN>ON,4,3,5726,40964,Joseph Wheeler,OTH_GRPF,RIGHT,2354,0.41110723017813483,0.41110723017813483,OTH_GRPF:2354|OTH_CYA:1398|OTH_SOPA:1095|OTH_FFPA:879,RIGHT:4631|LEFT:1095,PROPORTIONAL_PRIMARY_ORIGIN_PASS_THROUGH,ALL_CATEGORY_PRIMARY_VOTES_TRACED_PROPORTIONALLY,5726,LNP,1227.0,0.21428571428571427,True
QLD,156,Brisbane,OTH,5,4,ALP>LNP>GRN>ON,4,3,5726,40964,Joseph Wheeler,OTH_GRPF,RIGHT,2354,0.41110723017813483,0.41110723017813483,OTH_GRPF:2354|OTH_CYA:1398|OTH_SOPA:1095|OTH_FFPA:879,RIGHT:4631|LEFT:1095,PROPORTIONAL_PRIMARY_ORIGIN_PASS_THROUGH,ALL_CATEGORY_PRIMARY_VOTES_TRACED_PROPORTIONALLY,5726,ON,2561.0,0.44725812085225286,True
QLD,157,Capricornia,ON,3,4,ALP>LNP,1,0,15355,40936,Cheryl Kempton,ON,,15355,1.0,1.0,ON:15355,UNSPECIFIED:15355,OBSERVED_LAST_SURVIVOR_EXIT,LAST_SURVIVOR_TALLY_AT_CATEGORY_EXIT,22302,ALP,6032.0,0.2704690162317281,False
QLD,157,Capricornia,ON,3,4,ALP>LNP,1,0,15355,40936,Cheryl Kempton,ON,,15355,1.0,1.0,ON:15355,UNSPECIFIED:15355,OBSERVED_LAST_SURVIVOR_EXIT,LAST_SURVIVOR_TALLY_AT_CATEGORY_EXIT,22302,LNP,16270.0,0.7295309837682719,False
QLD,157,Capricornia,ON,3,4,ALP>LNP,1,0,15355,40936,Cheryl Kempton,ON,,15355,1.0,1.0,ON:15355,UNSPECIFIED:15355,PROPORTIONAL_PRIMARY_ORIGIN_PASS_THROUGH,ALL_CATEGORY_PRIMARY_VOTES_TRACED_PROPORTIONALLY,15355,ALP,4153.051744238185,0.2704690162317281,True
QLD,157,Capricornia,ON,3,4,ALP>LNP,1,0,15355,40936,Cheryl Kempton,ON,,15355,1.0,1.0,ON:15355,UNSPECIFIED:15355,PROPORTIONAL_PRIMARY_ORIGIN_PASS_THROUGH,ALL_CATEGORY_PRIMARY_VOTES_TRACED_PROPORTIONALLY,15355,LNP,11201.948255761814,0.7295309837682719,True
QLD,157,Capricornia,OTH,4,3,ALP>LNP>ON,2,1,9645,41340,Stephen Andrew,OTH_CYA,RIGHT,5999,0.6219803006739243,0.6219803006739243,OTH_CYA:5999|OTH_FFPA:3646,RIGHT:9645,OBSERVED_LAST_SURVIVOR_EXIT,LAST_SURVIVOR_TALLY_AT_CATEGORY_EXIT,7145,ALP,1218.0,0.17046885934219735,False
QLD,157,Capricornia,OTH,4,3,ALP>LNP>ON,2,1,9645,41340,Stephen Andrew,OTH_CYA,RIGHT,5999,0.6219803006739243,0.6219803006739243,OTH_CYA:5999|OTH_FFPA:3646,RIGHT:9645,OBSERVED_LAST_SURVIVOR_EXIT,LAST_SURVIVOR_TALLY_AT_CATEGORY_EXIT,7145,LNP,1256.0,0.17578726382085375,False
QLD,157,Capricornia,OTH,4,3,ALP>LNP>ON,2,1,9645,41340,Stephen Andrew,OTH_CYA,RIGHT,5999,0.6219803006739243,0.6219803006739243,OTH_CYA:5999|OTH_FFPA:3646,RIGHT:9645,OBSERVED_LAST_SURVIVOR_EXIT,LAST_SURVIVOR_TALLY_AT_CATEGORY_EXIT,7145,ON,4671.0,0.6537438768369489,False
QLD,157,Capricornia,OTH,4,3,ALP>LNP>ON,2,1,9645,41340,Stephen Andrew,OTH_CYA,RIGHT,5999,0.6219803006739243,0.6219803006739243,OTH_CYA:5999|OTH_FFPA:3646,RIGHT:9645,PROPORTIONAL_PRIMARY_ORIGIN_PASS_THROUGH,ALL_CATEGORY_PRIMARY_VOTES_TRACED_PROPORTIONALLY,9645,ALP,1816.2670880879143,0.18831177688832704,True
QLD,157,Capricornia,OTH,4,3,ALP>LNP>ON,2,1,9645,41340,Stephen Andrew,OTH_CYA,RIGHT,5999,0.6219803006739243,0.6219803006739243,OTH_CYA:5999|OTH_FFPA:3646,RIGHT:9645,PROPORTIONAL_PRIMARY_ORIGIN_PASS_THROUGH,ALL_CATEGORY_PRIMARY_VOTES_TRACED_PROPORTIONALLY,9645,LNP,1859.9734622159028,0.19284328275955448,True
QLD,157,Capricornia,OTH,4,3,ALP>LNP>ON,2,1,9645,41340,Stephen Andrew,OTH_CYA,RIGHT,5999,0.6219803006739243,0.6219803006739243,OTH_CYA:5999|OTH_FFPA:3646,RIGHT:9645,PROPORTIONAL_PRIMARY_ORIGIN_PASS_THROUGH,ALL_CATEGORY_PRIMARY_VOTES_TRACED_PROPORTIONALLY,9645,ON,5968.759449696183,0.6188449403521185,True
QLD,157,Capricornia,GRN,5,2,ALP>LNP>ON>OTH,1,0,6101,41270,Mick Jones,GRN,,6101,1.0,1.0,GRN:6101,UNSPECIFIED:6101,OBSERVED_LAST_SURVIVOR_EXIT,LAST_SURVIVOR_TALLY_AT_CATEGORY_EXIT,6513,ALP,4453.0,0.6837095040687855,False
QLD,157,Capricornia,GRN,5,2,ALP>LNP>ON>OTH,1,0,6101,41270,Mick Jones,GRN,,6101,1.0,1.0,GRN:6101,UNSPECIFIED:6101,OBSERVED_LAST_SURVIVOR_EXIT,LAST_SURVIVOR_TALLY_AT_CATEGORY_EXIT,6513,LNP,863.0,0.13250422232458162,False
QLD,157,Capricornia,GRN,5,2,ALP>LNP>ON>OTH,1,0,6101,41270,Mick Jones,GRN,,6101,1.0,1.0,GRN:6101,UNSPECIFIED:6101,OBSERVED_LAST_SURVIVOR_EXIT,LAST_SURVIVOR_TALLY_AT_CATEGORY_EXIT,6513,ON,756.0,0.11607554122524183,False
QLD,157,Capricornia,GRN,5,2,ALP>LNP>ON>OTH,1,0,6101,41270,Mick Jones,GRN,,6101,1.0,1.0,GRN:6101,UNSPECIFIED:6101,OBSERVED_LAST_SURVIVOR_EXIT,LAST_SURVIVOR_TALLY_AT_CATEGORY_EXIT,6513,OTH,441.0,0.06771073238139107,False
QLD,157,Capricornia,GRN,5,2,ALP>LNP>ON>OTH,1,0,6101,41270,Mick Jones,GRN,,6101,1.0,1.0,GRN:6101,UNSPECIFIED:6101,PROPORTIONAL_PRIMARY_ORIGIN_PASS_THROUGH,ALL_CATEGORY_PRIMARY_VOTES_TRACED_PROPORTIONALLY,6101,ALP,4171.31168432366,0.6837095040687855,True
QLD,157,Capricornia,GRN,5,2,ALP>LNP>ON>OTH,1,0,6101,41270,Mick Jones,GRN,,6101,1.0,1.0,GRN:6101,UNSPECIFIED:6101,PROPORTIONAL_PRIMARY_ORIGIN_PASS_THROUGH,ALL_CATEGORY_PRIMARY_VOTES_TRACED_PROPORTIONALLY,6101,LNP,808.4082604022724,0.13250422232458162,True
QLD,157,Capricornia,GRN,5,2,ALP>LNP>ON>OTH,1,0,6101,41270,Mick Jones,GRN,,6101,1.0,1.0,GRN:6101,UNSPECIFIED:6101,PROPORTIONAL_PRIMARY_ORIGIN_PASS_THROUGH,ALL_CATEGORY_PRIMARY_VOTES_TRACED_PROPORTIONALLY,6101,ON,708.1768770152004,0.11607554122524183,True
QLD,157,Capricornia,GRN,5,2,ALP>LNP>ON>OTH,1,0,6101,41270,Mick Jones,GRN,,6101,1.0,1.0,GRN:6101,UNSPECIFIED:6101,PROPORTIONAL_PRIMARY_ORIGIN_PASS_THROUGH,ALL_CATEGORY_PRIMARY_VOTES_TRACED_PROPORTIONALLY,6101,OTH,413.1031782588669,0.06771073238139107,True
QLD,158,Dawson,ON,3,5,ALP>LNP,1,0,10258,40938,Darren Brown,ON,,10258,1.0,1.0,ON:10258,UNSPECIFIED:10258,OBSERVED_LAST_SURVIVOR_EXIT,LAST_SURVIVOR_TALLY_AT_CATEGORY_EXIT,19772,ALP,5031.0,0.2544507384179648,False
QLD,158,Dawson,ON,3,5,ALP>LNP,1,0,10258,40938,Darren Brown,ON,,10258,1.0,1.0,ON:10258,UNSPECIFIED:10258,OBSERVED_LAST_SURVIVOR_EXIT,LAST_SURVIVOR_TALLY_AT_CATEGORY_EXIT,19772,LNP,14741.0,0.7455492615820352,False
QLD,158,Dawson,ON,3,5,ALP>LNP,1,0,10258,40938,Darren Brown,ON,,10258,1.0,1.0,ON:10258,UNSPECIFIED:10258,PROPORTIONAL_PRIMARY_ORIGIN_PASS_THROUGH,ALL_CATEGORY_PRIMARY_VOTES_TRACED_PROPORTIONALLY,10258,ALP,2610.1556746914825,0.2544507384179648,True
QLD,158,Dawson,ON,3,5,ALP>LNP,1,0,10258,40938,Darren Brown,ON,,10258,1.0,1.0,ON:10258,UNSPECIFIED:10258,PROPORTIONAL_PRIMARY_ORIGIN_PASS_THROUGH,ALL_CATEGORY_PRIMARY_VOTES_TRACED_PROPORTIONALLY,10258,LNP,7647.844325308517,0.7455492615820352,True
QLD,158,Dawson,OTH,4,4,ALP>LNP>ON,3,2,14415,40965,Alexander John Beaumont,OTH_GRPF,RIGHT,5572,0.38654179673950745,0.38654179673950745,OTH_CYA:5673|OTH_GRPF:5572|OTH_FFPA:3170,RIGHT:14415,OBSERVED_LAST_SURVIVOR_EXIT,LAST_SURVIVOR_TALLY_AT_CATEGORY_EXIT,9833,ALP,1203.0,0.12234313027560256,False
QLD,158,Dawson,OTH,4,4,ALP>LNP>ON,3,2,14415,40965,Alexander John Beaumont,OTH_GRPF,RIGHT,5572,0.38654179673950745,0.38654179673950745,OTH_CYA:5673|OTH_GRPF:5572|OTH_FFPA:3170,RIGHT:14415,OBSERVED_LAST_SURVIVOR_EXIT,LAST_SURVIVOR_TALLY_AT_CATEGORY_EXIT,9833,LNP,2666.0,0.27112783484185904,False
QLD,158,Dawson,OTH,4,4,ALP>LNP>ON,3,2,14415,40965,Alexander John Beaumont,OTH_GRPF,RIGHT,5572,0.38654179673950745,0.38654179673950745,OTH_CYA:5673|OTH_GRPF:5572|OTH_FFPA:3170,RIGHT:14415,OBSERVED_LAST_SURVIVOR_EXIT,LAST_SURVIVOR_TALLY_AT_CATEGORY_EXIT,9833,ON,5964.0,0.6065290348825384,False
QLD,158,Dawson,OTH,4,4,ALP>LNP>ON,3,2,14415,40965,Alexander John Beaumont,OTH_GRPF,RIGHT,5572,0.38654179673950745,0.38654179673950745,OTH_CYA:5673|OTH_GRPF:5572|OTH_FFPA:3170,RIGHT:14415,PROPORTIONAL_PRIMARY_ORIGIN_PASS_THROUGH,ALL_CATEGORY_PRIMARY_VOTES_TRACED_PROPORTIONALLY,14415,ALP,2220.211233655443,0.15402089723589613,True
QLD,158,Dawson,OTH,4,4,ALP>LNP>ON,3,2,14415,40965,Alexander John Beaumont,OTH_GRPF,RIGHT,5572,0.38654179673950745,0.38654179673950745,OTH_CYA:5673|OTH_GRPF:5572|OTH_FFPA:3170,RIGHT:14415,PROPORTIONAL_PRIMARY_ORIGIN_PASS_THROUGH,ALL_CATEGORY_PRIMARY_VOTES_TRACED_PROPORTIONALLY,14415,LNP,4103.75275429033,0.28468628194868745,True
QLD,158,Dawson,OTH,4,4,ALP>LNP>ON,3,2,14415,40965,Alexander John Beaumont,OTH_GRPF,RIGHT,5572,0.38654179673950745,0.38654179673950745,OTH_CYA:5673|OTH_GRPF:5572|OTH_FFPA:3170,RIGHT:14415,PROPORTIONAL_PRIMARY_ORIGIN_PASS_THROUGH,ALL_CATEGORY_PRIMARY_VOTES_TRACED_PROPORTIONALLY,14415,ON,8091.036012054226,0.5612928208154163,True
QLD,158,Dawson,GRN,5,3,ALP>LNP>ON>OTH,1,0,6944,41273,Paula Creen,GRN,,6944,1.0,1.0,GRN:6944,UNSPECIFIED:6944,OBSERVED_LAST_SURVIVOR_EXIT,LAST_SURVIVOR_TALLY_AT_CATEGORY_EXIT,7566,ALP,4783.0,0.6321702352630187,False
QLD,158,Dawson,GRN,5,3,ALP>LNP>ON>OTH,1,0,6944,41273,Paula Creen,GRN,,6944,1.0,1.0,GRN:6944,UNSPECIFIED:6944,OBSERVED_LAST_SURVIVOR_EXIT,LAST_SURVIVOR_TALLY_AT_CATEGORY_EXIT,7566,LNP,749.0,0.09899550621200105,False
QLD,158,Dawson,GRN,5,3,ALP>LNP>ON>OTH,1,0,6944,41273,Paula Creen,GRN,,6944,1.0,1.0,GRN:6944,UNSPECIFIED:6944,OBSERVED_LAST_SURVIVOR_EXIT,LAST_SURVIVOR_TALLY_AT_CATEGORY_EXIT,7566,ON,805.0,0.1063970393867301,False
QLD,158,Dawson,GRN,5,3,ALP>LNP>ON>OTH,1,0,6944,41273,Paula Creen,GRN,,6944,1.0,1.0,GRN:6944,UNSPECIFIED:6944,OBSERVED_LAST_SURVIVOR_EXIT,LAST_SURVIVOR_TALLY_AT_CATEGORY_EXIT,7566,OTH,1229.0,0.16243721913825007,False
QLD,158,Dawson,GRN,5,3,ALP>LNP>ON>OTH,1,0,6944,41273,Paula Creen,GRN,,6944,1.0,1.0,GRN:6944,UNSPECIFIED:6944,PROPORTIONAL_PRIMARY_ORIGIN_PASS_THROUGH,ALL_CATEGORY_PRIMARY_VOTES_TRACED_PROPORTIONALLY,6944,ALP,4389.790113666402,0.6321702352630187,True
QLD,158,Dawson,GRN,5,3,ALP>LNP>ON>OTH,1,0,6944,41273,Paula Creen,GRN,,6944,1.0,1.0,GRN:6944,UNSPECIFIED:6944,PROPORTIONAL_PRIMARY_ORIGIN_PASS_THROUGH,ALL_CATEGORY_PRIMARY_VOTES_TRACED_PROPORTIONALLY,6944,LNP,687.4247951361353,0.09899550621200105,True
QLD,158,Dawson,GRN,5,3,ALP>LNP>ON>OTH,1,0,6944,41273,Paula Creen,GRN,,6944,1.0,1.0,GRN:6944,UNSPECIFIED:6944,PROPORTIONAL_PRIMARY_ORIGIN_PASS_THROUGH,ALL_CATEGORY_PRIMARY_VOTES_TRACED_PROPORTIONALLY,6944,ON,738.8210415014538,0.1063970393867301,True
QLD,158,Dawson,GRN,5,3,ALP>LNP>ON>OTH,1,0,6944,41273,Paula Creen,GRN,,6944,1.0,1.0,GRN:6944,UNSPECIFIED:6944,PROPORTIONAL_PRIMARY_ORIGIN_PASS_THROUGH,ALL_CATEGORY_PRIMARY_VOTES_TRACED_PROPORTIONALLY,6944,OTH,1127.9640496960085,0.16243721913825007,True
QLD,252,Dickson,IND,3,7,ALP>LNP,1,0,12874,40629,Ellie Smith,IND_PROMINENT,LEFT,12874,1.0,1.0,IND_PROMINENT:12874,LEFT:12874,OBSERVED_LAST_SURVIVOR_EXIT,LAST_SURVIVOR_TALLY_AT_CATEGORY_EXIT,21495,ALP,16545.0,0.7697138869504536,False
QLD,252,Dickson,IND,3,7,ALP>LNP,1,0,12874,40629,Ellie Smith,IND_PROMINENT,LEFT,12874,1.0,1.0,IND_PROMINENT:12874,LEFT:12874,OBSERVED_LAST_SURVIVOR_EXIT,LAST_SURVIVOR_TALLY_AT_CATEGORY_EXIT,21495,LNP,4950.0,0.2302861130495464,False
QLD,252,Dickson,IND,3,7,ALP>LNP,1,0,12874,40629,Ellie Smith,IND_PROMINENT,LEFT,12874,1.0,1.0,IND_PROMINENT:12874,LEFT:12874,PROPORTIONAL_PRIMARY_ORIGIN_PASS_THROUGH,ALL_CATEGORY_PRIMARY_VOTES_TRACED_PROPORTIONALLY,12874,ALP,9909.29658060014,0.7697138869504536,True
QLD,252,Dickson,IND,3,7,ALP>LNP,1,0,12874,40629,Ellie Smith,IND_PROMINENT,LEFT,12874,1.0,1.0,IND_PROMINENT:12874,LEFT:12874,PROPORTIONAL_PRIMARY_ORIGIN_PASS_THROUGH,ALL_CATEGORY_PRIMARY_VOTES_TRACED_PROPORTIONALLY,12874,LNP,2964.7034193998606,0.2302861130495464,True
QLD,252,Dickson,GRN,4,6,ALP>LNP>IND,1,0,8061,41275,Vinnie Batten,GRN,,8061,1.0,1.0,GRN:8061,UNSPECIFIED:8061,OBSERVED_LAST_SURVIVOR_EXIT,LAST_SURVIVOR_TALLY_AT_CATEGORY_EXIT,9672,ALP,5138.0,0.5312241521918941,False
QLD,252,Dickson,GRN,4,6,ALP>LNP>IND,1,0,8061,41275,Vinnie Batten,GRN,,8061,1.0,1.0,GRN:8061,UNSPECIFIED:8061,OBSERVED_LAST_SURVIVOR_EXIT,LAST_SURVIVOR_TALLY_AT_CATEGORY_EXIT,9672,IND,4114.0,0.42535153019023986,False
QLD,252,Dickson,GRN,4,6,ALP>LNP>IND,1,0,8061,41275,Vinnie Batten,GRN,,8061,1.0,1.0,GRN:8061,UNSPECIFIED:8061,OBSERVED_LAST_SURVIVOR_EXIT,LAST_SURVIVOR_TALLY_AT_CATEGORY_EXIT,9672,LNP,420.0,0.043424317617866005,False
QLD,252,Dickson,GRN,4,6,ALP>LNP>IND,1,0,8061,41275,Vinnie Batten,GRN,,8061,1.0,1.0,GRN:8061,UNSPECIFIED:8061,PROPORTIONAL_PRIMARY_ORIGIN_PASS_THROUGH,ALL_CATEGORY_PRIMARY_VOTES_TRACED_PROPORTIONALLY,8061,ALP,4282.1978908188585,0.5312241521918941,True
QLD,252,Dickson,GRN,4,6,ALP>LNP>IND,1,0,8061,41275,Vinnie Batten,GRN,,8061,1.0,1.0,GRN:8061,UNSPECIFIED:8061,PROPORTIONAL_PRIMARY_ORIGIN_PASS_THROUGH,ALL_CATEGORY_PRIMARY_VOTES_TRACED_PROPORTIONALLY,8061,IND,3428.7586848635233,0.42535153019023986,True
QLD,252,Dickson,GRN,4,6,ALP>LNP>IND,1,0,8061,41275,Vinnie Batten,GRN,,8061,1.0,1.0,GRN:8061,UNSPECIFIED:8061,PROPORTIONAL_PRIMARY_ORIGIN_PASS_THROUGH,ALL_CATEGORY_PRIMARY_VOTES_TRACED_PROPORTIONALLY,8061,LNP,350.04342431761785,0.043424317617866005,True
QLD,252,Dickson,ON,5,5,ALP>LNP>GRN>IND,1,0,4429,40941,Joel Stevenson,ON,,4429,1.0,1.0,ON:4429,UNSPECIFIED:4429,OBSERVED_LAST_SURVIVOR_EXIT,LAST_SURVIVOR_TALLY_AT_CATEGORY_EXIT,6686,ALP,594.0,0.08884235716422376,False
QLD,252,Dickson,ON,5,5,ALP>LNP>GRN>IND,1,0,4429,40941,Joel Stevenson,ON,,4429,1.0,1.0,ON:4429,UNSPECIFIED:4429,OBSERVED_LAST_SURVIVOR_EXIT,LAST_SURVIVOR_TALLY_AT_CATEGORY_EXIT,6686,GRN,403.0,0.0602752019144481,False
QLD,252,Dickson,ON,5,5,ALP>LNP>GRN>IND,1,0,4429,40941,Joel Stevenson,ON,,4429,1.0,1.0,ON:4429,UNSPECIFIED:4429,OBSERVED_LAST_SURVIVOR_EXIT,LAST_SURVIVOR_TALLY_AT_CATEGORY_EXIT,6686,IND,2324.0,0.3475919832485791,False
QLD,252,Dickson,ON,5,5,ALP>LNP>GRN>IND,1,0,4429,40941,Joel Stevenson,ON,,4429,1.0,1.0,ON:4429,UNSPECIFIED:4429,OBSERVED_LAST_SURVIVOR_EXIT,LAST_SURVIVOR_TALLY_AT_CATEGORY_EXIT,6686,LNP,3365.0,0.503290457672749,False
QLD,252,Dickson,ON,5,5,ALP>LNP>GRN>IND,1,0,4429,40941,Joel Stevenson,ON,,4429,1.0,1.0,ON:4429,UNSPECIFIED:4429,PROPORTIONAL_PRIMARY_ORIGIN_PASS_THROUGH,ALL_CATEGORY_PRIMARY_VOTES_TRACED_PROPORTIONALLY,4429,ALP,393.48279988034705,0.08884235716422376,True
QLD,252,Dickson,ON,5,5,ALP>LNP>GRN>IND,1,0,4429,40941,Joel Stevenson,ON,,4429,1.0,1.0,ON:4429,UNSPECIFIED:4429,PROPORTIONAL_PRIMARY_ORIGIN_PASS_THROUGH,ALL_CATEGORY_PRIMARY_VOTES_TRACED_PROPORTIONALLY,4429,GRN,266.95886927909066,0.06027520191444811,True
QLD,252,Dickson,ON,5,5,ALP>LNP>GRN>IND,1,0,4429,40941,Joel Stevenson,ON,,4429,1.0,1.0,ON:4429,UNSPECIFIED:4429,PROPORTIONAL_PRIMARY_ORIGIN_PASS_THROUGH,ALL_CATEGORY_PRIMARY_VOTES_TRACED_PROPORTIONALLY,4429,IND,1539.4848938079567,0.3475919832485791,True
QLD,252,Dickson,ON,5,5,ALP>LNP>GRN>IND,1,0,4429,40941,Joel Stevenson,ON,,4429,1.0,1.0,ON:4429,UNSPECIFIED:4429,PROPORTIONAL_PRIMARY_ORIGIN_PASS_THROUGH,ALL_CATEGORY_PRIMARY_VOTES_TRACED_PROPORTIONALLY,4429,LNP,2229.0734370326054,0.503290457672749,True
QLD,252,Dickson,OTH,6,4,ALP>LNP>GRN>ON>IND,4,3,8085,40931,David Zaloudek,OTH_HMP,CENTRE_LEFT,2950,0.36487322201607914,0.36487322201607914,OTH_HMP:2950|OTH_FFPA:2299|OTH_CYA:1900|OTH_AJP:936,RIGHT:4199|CENTRE_LEFT:3886,OBSERVED_LAST_SURVIVOR_EXIT,LAST_SURVIVOR_TALLY_AT_CATEGORY_EXIT,3698,ALP,705.0,0.1906435911303407,False
QLD,252,Dickson,OTH,6,4,ALP>LNP>GRN>ON>IND,4,3,8085,40931,David Zaloudek,OTH_HMP,CENTRE_LEFT,2950,0.36487322201607914,0.36487322201607914,OTH_HMP:2950|OTH_FFPA:2299|OTH_CYA:1900|OTH_AJP:936,RIGHT:4199|CENTRE_LEFT:3886,OBSERVED_LAST_SURVIVOR_EXIT,LAST_SURVIVOR_TALLY_AT_CATEGORY_EXIT,3698,GRN,826.0,0.22336398053001622,False
QLD,252,Dickson,OTH,6,4,ALP>LNP>GRN>ON>IND,4,3,8085,40931,David Zaloudek,OTH_HMP,CENTRE_LEFT,2950,0.36487322201607914,0.36487322201607914,OTH_HMP:2950|OTH_FFPA:2299|OTH_CYA:1900|OTH_AJP:936,RIGHT:4199|CENTRE_LEFT:3886,OBSERVED_LAST_SURVIVOR_EXIT,LAST_SURVIVOR_TALLY_AT_CATEGORY_EXIT,3698,IND,1285.0,0.34748512709572743,False
QLD,252,Dickson,OTH,6,4,ALP>LNP>GRN>ON>IND,4,3,8085,40931,David Zaloudek,OTH_HMP,CENTRE_LEFT,2950,0.36487322201607914,0.36487322201607914,OTH_HMP:2950|OTH_FFPA:2299|OTH_CYA:1900|OTH_AJP:936,RIGHT:4199|CENTRE_LEFT:3886,OBSERVED_LAST_SURVIVOR_EXIT,LAST_SURVIVOR_TALLY_AT_CATEGORY_EXIT,3698,LNP,340.0,0.09194159004867496,False
QLD,252,Dickson,OTH,6,4,ALP>LNP>GRN>ON>IND,4,3,8085,40931,David Zaloudek,OTH_HMP,CENTRE_LEFT,2950,0.36487322201607914,0.36487322201607914,OTH_HMP:2950|OTH_FFPA:2299|OTH_CYA:1900|OTH_AJP:936,RIGHT:4199|CENTRE_LEFT:3886,OBSERVED_LAST_SURVIVOR_EXIT,LAST_SURVIVOR_TALLY_AT_CATEGORY_EXIT,3698,ON,542.0,0.14656571119524067,False
QLD,252,Dickson,OTH,6,4,ALP>LNP>GRN>ON>IND,4,3,8085,40931,David Zaloudek,OTH_HMP,CENTRE_LEFT,2950,0.36487322201607914,0.36487322201607914,OTH_HMP:2950|OTH_FFPA:2299|OTH_CYA:1900|OTH_AJP:936,RIGHT:4199|CENTRE_LEFT:3886,PROPORTIONAL_PRIMARY_ORIGIN_PASS_THROUGH,ALL_CATEGORY_PRIMARY_VOTES_TRACED_PROPORTIONALLY,8085,ALP,1335.9999999999998,0.1652442795299938,True
QLD,252,Dickson,OTH,6,4,ALP>LNP>GRN>ON>IND,4,3,8085,40931,David Zaloudek,OTH_HMP,CENTRE_LEFT,2950,0.36487322201607914,0.36487322201607914,OTH_HMP:2950|OTH_FFPA:2299|OTH_CYA:1900|OTH_AJP:936,RIGHT:4199|CENTRE_LEFT:3886,PROPORTIONAL_PRIMARY_ORIGIN_PASS_THROUGH,ALL_CATEGORY_PRIMARY_VOTES_TRACED_PROPORTIONALLY,8085,GRN,1208.0,0.14941249226963513,True
QLD,252,Dickson,OTH,6,4,ALP>LNP>GRN>ON>IND,4,3,8085,40931,David Zaloudek,OTH_HMP,CENTRE_LEFT,2950,0.36487322201607914,0.36487322201607914,OTH_HMP:2950|OTH_FFPA:2299|OTH_CYA:1900|OTH_AJP:936,RIGHT:4199|CENTRE_LEFT:3886,PROPORTIONAL_PRIMARY_ORIGIN_PASS_THROUGH,ALL_CATEGORY_PRIMARY_VOTES_TRACED_PROPORTIONALLY,8085,IND,2183.0,0.2700061842918986,True
QLD,252,Dickson,OTH,6,4,ALP>LNP>GRN>ON>IND,4,3,8085,40931,David Zaloudek,OTH_HMP,CENTRE_LEFT,2950,0.36487322201607914,0.36487322201607914,OTH_HMP:2950|OTH_FFPA:2299|OTH_CYA:1900|OTH_AJP:936,RIGHT:4199|CENTRE_LEFT:3886,PROPORTIONAL_PRIMARY_ORIGIN_PASS_THROUGH,ALL_CATEGORY_PRIMARY_VOTES_TRACED_PROPORTIONALLY,8085,LNP,1101.0,0.13617810760667903,True
QLD,252,Dickson,OTH,6,4,ALP>LNP>GRN>ON>IND,4,3,8085,40931,David Zaloudek,OTH_HMP,CENTRE_LEFT,2950,0.36487322201607914,0.36487322201607914,OTH_HMP:2950|OTH_FFPA:2299|OTH_CYA:1900|OTH_AJP:936,RIGHT:4199|CENTRE_LEFT:3886,PROPORTIONAL_PRIMARY_ORIGIN_PASS_THROUGH,ALL_CATEGORY_PRIMARY_VOTES_TRACED_PROPORTIONALLY,8085,ON,2256.9999999999995,0.2791589363017934,True
QLD,159,Fadden,ON,3,7,ALP>LNP,1,0,8896,40943,Nick Muir,ON,,8896,1.0,1.0,ON:8896,UNSPECIFIED:8896,OBSERVED_LAST_SURVIVOR_EXIT,LAST_SURVIVOR_TALLY_AT_CATEGORY_EXIT,18503,ALP,5521.0,0.2983840458304059,False
QLD,159,Fadden,ON,3,7,ALP>LNP,1,0,8896,40943,Nick Muir,ON,,8896,1.0,1.0,ON:8896,UNSPECIFIED:8896,OBSERVED_LAST_SURVIVOR_EXIT,LAST_SURVIVOR_TALLY_AT_CATEGORY_EXIT,18503,LNP,12982.0,0.7016159541695941,False
QLD,159,Fadden,ON,3,7,ALP>LNP,1,0,8896,40943,Nick Muir,ON,,8896,1.0,1.0,ON:8896,UNSPECIFIED:8896,PROPORTIONAL_PRIMARY_ORIGIN_PASS_THROUGH,ALL_CATEGORY_PRIMARY_VOTES_TRACED_PROPORTIONALLY,8896,ALP,2654.4244717072906,0.2983840458304059,True
QLD,159,Fadden,ON,3,7,ALP>LNP,1,0,8896,40943,Nick Muir,ON,,8896,1.0,1.0,ON:8896,UNSPECIFIED:8896,PROPORTIONAL_PRIMARY_ORIGIN_PASS_THROUGH,ALL_CATEGORY_PRIMARY_VOTES_TRACED_PROPORTIONALLY,8896,LNP,6241.575528292709,0.7016159541695941,True
QLD,159,Fadden,GRN,4,6,ALP>LNP>ON,1,0,10359,41276,Andrew Stimson,GRN,,10359,1.0,1.0,GRN:10359,UNSPECIFIED:10359,OBSERVED_LAST_SURVIVOR_EXIT,LAST_SURVIVOR_TALLY_AT_CATEGORY_EXIT,13355,ALP,9334.0,0.6989142643204792,False
QLD,159,Fadden,GRN,4,6,ALP>LNP>ON,1,0,10359,41276,Andrew Stimson,GRN,,10359,1.0,1.0,GRN:10359,UNSPECIFIED:10359,OBSERVED_LAST_SURVIVOR_EXIT,LAST_SURVIVOR_TALLY_AT_CATEGORY_EXIT,13355,LNP,1967.0,0.14728566080119807,False
QLD,159,Fadden,GRN,4,6,ALP>LNP>ON,1,0,10359,41276,Andrew Stimson,GRN,,10359,1.0,1.0,GRN:10359,UNSPECIFIED:10359,OBSERVED_LAST_SURVIVOR_EXIT,LAST_SURVIVOR_TALLY_AT_CATEGORY_EXIT,13355,ON,2054.0,0.15380007487832273,False
QLD,159,Fadden,GRN,4,6,ALP>LNP>ON,1,0,10359,41276,Andrew Stimson,GRN,,10359,1.0,1.0,GRN:10359,UNSPECIFIED:10359,PROPORTIONAL_PRIMARY_ORIGIN_PASS_THROUGH,ALL_CATEGORY_PRIMARY_VOTES_TRACED_PROPORTIONALLY,10359,ALP,7240.052864095844,0.6989142643204792,True
QLD,159,Fadden,GRN,4,6,ALP>LNP>ON,1,0,10359,41276,Andrew Stimson,GRN,,10359,1.0,1.0,GRN:10359,UNSPECIFIED:10359,PROPORTIONAL_PRIMARY_ORIGIN_PASS_THROUGH,ALL_CATEGORY_PRIMARY_VOTES_TRACED_PROPORTIONALLY,10359,LNP,1525.7321602396107,0.14728566080119807,True
QLD,159,Fadden,GRN,4,6,ALP>LNP>ON,1,0,10359,41276,Andrew Stimson,GRN,,10359,1.0,1.0,GRN:10359,UNSPECIFIED:10359,PROPORTIONAL_PRIMARY_ORIGIN_PASS_THROUGH,ALL_CATEGORY_PRIMARY_VOTES_TRACED_PROPORTIONALLY,10359,ON,1593.2149756645451,0.15380007487832273,True
QLD,159,Fadden,OTH,5,5,ALP>LNP>GRN>ON,5,4,15990,40968,John Armfield,OTH_GRPF,RIGHT,4938,0.3088180112570357,0.3088180112570357,OTH_GRPF:4938|OTH_CYA:4561|IND_MINOR:3124|OTH_FFPA:2198|OTH_CEC:1169,RIGHT:11697|CENTRE_LEFT:3124|CENTRE:1169,OBSERVED_LAST_SURVIVOR_EXIT,LAST_SURVIVOR_TALLY_AT_CATEGORY_EXIT,6675,ALP,545.0,0.08164794007490636,False
QLD,159,Fadden,OTH,5,5,ALP>LNP>GRN>ON,5,4,15990,40968,John Armfield,OTH_GRPF,RIGHT,4938,0.3088180112570357,0.3088180112570357,OTH_GRPF:4938|OTH_CYA:4561|IND_MINOR:3124|OTH_FFPA:2198|OTH_CEC:1169,RIGHT:11697|CENTRE_LEFT:3124|CENTRE:1169,OBSERVED_LAST_SURVIVOR_EXIT,LAST_SURVIVOR_TALLY_AT_CATEGORY_EXIT,6675,GRN,793.0,0.11880149812734082,False
QLD,159,Fadden,OTH,5,5,ALP>LNP>GRN>ON,5,4,15990,40968,John Armfield,OTH_GRPF,RIGHT,4938,0.3088180112570357,0.3088180112570357,OTH_GRPF:4938|OTH_CYA:4561|IND_MINOR:3124|OTH_FFPA:2198|OTH_CEC:1169,RIGHT:11697|CENTRE_LEFT:3124|CENTRE:1169,OBSERVED_LAST_SURVIVOR_EXIT,LAST_SURVIVOR_TALLY_AT_CATEGORY_EXIT,6675,LNP,1047.0,0.15685393258426966,False
QLD,159,Fadden,OTH,5,5,ALP>LNP>GRN>ON,5,4,15990,40968,John Armfield,OTH_GRPF,RIGHT,4938,0.3088180112570357,0.3088180112570357,OTH_GRPF:4938|OTH_CYA:4561|IND_MINOR:3124|OTH_FFPA:2198|OTH_CEC:1169,RIGHT:11697|CENTRE_LEFT:3124|CENTRE:1169,OBSERVED_LAST_SURVIVOR_EXIT,LAST_SURVIVOR_TALLY_AT_CATEGORY_EXIT,6675,ON,4290.0,0.6426966292134831,False
QLD,159,Fadden,OTH,5,5,ALP>LNP>GRN>ON,5,4,15990,40968,John Armfield,OTH_GRPF,RIGHT,4938,0.3088180112570357,0.3088180112570357,OTH_GRPF:4938|OTH_CYA:4561|IND_MINOR:3124|OTH_FFPA:2198|OTH_CEC:1169,RIGHT:11697|CENTRE_LEFT:3124|CENTRE:1169,PROPORTIONAL_PRIMARY_ORIGIN_PASS_THROUGH,ALL_CATEGORY_PRIMARY_VOTES_TRACED_PROPORTIONALLY,15990,ALP,2653.0000000000005,0.16591619762351473,True
QLD,159,Fadden,OTH,5,5,ALP>LNP>GRN>ON,5,4,15990,40968,John Armfield,OTH_GRPF,RIGHT,4938,0.3088180112570357,0.3088180112570357,OTH_GRPF:4938|OTH_CYA:4561|IND_MINOR:3124|OTH_FFPA:2198|OTH_CEC:1169,RIGHT:11697|CENTRE_LEFT:3124|CENTRE:1169,PROPORTIONAL_PRIMARY_ORIGIN_PASS_THROUGH,ALL_CATEGORY_PRIMARY_VOTES_TRACED_PROPORTIONALLY,15990,GRN,2996.0,0.18736710444027518,True
QLD,159,Fadden,OTH,5,5,ALP>LNP>GRN>ON,5,4,15990,40968,John Armfield,OTH_GRPF,RIGHT,4938,0.3088180112570357,0.3088180112570357,OTH_GRPF:4938|OTH_CYA:4561|IND_MINOR:3124|OTH_FFPA:2198|OTH_CEC:1169,RIGHT:11697|CENTRE_LEFT:3124|CENTRE:1169,PROPORTIONAL_PRIMARY_ORIGIN_PASS_THROUGH,ALL_CATEGORY_PRIMARY_VOTES_TRACED_PROPORTIONALLY,15990,LNP,2788.0,0.17435897435897435,True
QLD,159,Fadden,OTH,5,5,ALP>LNP>GRN>ON,5,4,15990,40968,John Armfield,OTH_GRPF,RIGHT,4938,0.3088180112570357,0.3088180112570357,OTH_GRPF:4938|OTH_CYA:4561|IND_MINOR:3124|OTH_FFPA:2198|OTH_CEC:1169,RIGHT:11697|CENTRE_LEFT:3124|CENTRE:1169,PROPORTIONAL_PRIMARY_ORIGIN_PASS_THROUGH,ALL_CATEGORY_PRIMARY_VOTES_TRACED_PROPORTIONALLY,15990,ON,7553.0,0.47235772357723577,True
QLD,160,Fairfax,IND,3,6,ALP>LNP,1,0,13085,40651,Francine Wiig,IND_PROMINENT,CENTRE_LEFT,13085,1.0,1.0,IND_PROMINENT:13085,CENTRE_LEFT:13085,OBSERVED_LAST_SURVIVOR_EXIT,LAST_SURVIVOR_TALLY_AT_CATEGORY_EXIT,26002,ALP,17237.0,0.6629105453426659,False
QLD,160,Fairfax,IND,3,6,ALP>LNP,1,0,13085,40651,Francine Wiig,IND_PROMINENT,CENTRE_LEFT,13085,1.0,1.0,IND_PROMINENT:13085,CENTRE_LEFT:13085,OBSERVED_LAST_SURVIVOR_EXIT,LAST_SURVIVOR_TALLY_AT_CATEGORY_EXIT,26002,LNP,8765.0,0.33708945465733403,False
QLD,160,Fairfax,IND,3,6,ALP>LNP,1,0,13085,40651,Francine Wiig,IND_PROMINENT,CENTRE_LEFT,13085,1.0,1.0,IND_PROMINENT:13085,CENTRE_LEFT:13085,PROPORTIONAL_PRIMARY_ORIGIN_PASS_THROUGH,ALL_CATEGORY_PRIMARY_VOTES_TRACED_PROPORTIONALLY,13085,ALP,8674.184485808784,0.662910545342666,True
QLD,160,Fairfax,IND,3,6,ALP>LNP,1,0,13085,40651,Francine Wiig,IND_PROMINENT,CENTRE_LEFT,13085,1.0,1.0,IND_PROMINENT:13085,CENTRE_LEFT:13085,PROPORTIONAL_PRIMARY_ORIGIN_PASS_THROUGH,ALL_CATEGORY_PRIMARY_VOTES_TRACED_PROPORTIONALLY,13085,LNP,4410.815514191216,0.33708945465733403,True
QLD,160,Fairfax,ON,4,5,ALP>LNP>IND,1,0,8232,40946,Beatrice Marsh,ON,,8232,1.0,1.0,ON:8232,UNSPECIFIED:8232,OBSERVED_LAST_SURVIVOR_EXIT,LAST_SURVIVOR_TALLY_AT_CATEGORY_EXIT,12805,ALP,1013.0,0.0791097227645451,False
QLD,160,Fairfax,ON,4,5,ALP>LNP>IND,1,0,8232,40946,Beatrice Marsh,ON,,8232,1.0,1.0,ON:8232,UNSPECIFIED:8232,OBSERVED_LAST_SURVIVOR_EXIT,LAST_SURVIVOR_TALLY_AT_CATEGORY_EXIT,12805,IND,5842.0,0.4562280359234674,False
QLD,160,Fairfax,ON,4,5,ALP>LNP>IND,1,0,8232,40946,Beatrice Marsh,ON,,8232,1.0,1.0,ON:8232,UNSPECIFIED:8232,OBSERVED_LAST_SURVIVOR_EXIT,LAST_SURVIVOR_TALLY_AT_CATEGORY_EXIT,12805,LNP,5950.0,0.4646622413119875,False
QLD,160,Fairfax,ON,4,5,ALP>LNP>IND,1,0,8232,40946,Beatrice Marsh,ON,,8232,1.0,1.0,ON:8232,UNSPECIFIED:8232,PROPORTIONAL_PRIMARY_ORIGIN_PASS_THROUGH,ALL_CATEGORY_PRIMARY_VOTES_TRACED_PROPORTIONALLY,8232,ALP,651.2312377977353,0.0791097227645451,True
QLD,160,Fairfax,ON,4,5,ALP>LNP>IND,1,0,8232,40946,Beatrice Marsh,ON,,8232,1.0,1.0,ON:8232,UNSPECIFIED:8232,PROPORTIONAL_PRIMARY_ORIGIN_PASS_THROUGH,ALL_CATEGORY_PRIMARY_VOTES_TRACED_PROPORTIONALLY,8232,IND,3755.6691917219837,0.4562280359234674,True
QLD,160,Fairfax,ON,4,5,ALP>LNP>IND,1,0,8232,40946,Beatrice Marsh,ON,,8232,1.0,1.0,ON:8232,UNSPECIFIED:8232,PROPORTIONAL_PRIMARY_ORIGIN_PASS_THROUGH,ALL_CATEGORY_PRIMARY_VOTES_TRACED_PROPORTIONALLY,8232,LNP,3825.0995704802813,0.4646622413119875,True
QLD,160,Fairfax,GRN,5,4,ALP>LNP>ON>IND,1,0,11351,41279,Sue Etheridge,GRN,,11351,1.0,1.0,GRN:11351,UNSPECIFIED:11351,OBSERVED_LAST_SURVIVOR_EXIT,LAST_SURVIVOR_TALLY_AT_CATEGORY_EXIT,11978,ALP,5493.0,0.4585907497077976,False
QLD,160,Fairfax,GRN,5,4,ALP>LNP>ON>IND,1,0,11351,41279,Sue Etheridge,GRN,,11351,1.0,1.0,GRN:11351,UNSPECIFIED:11351,OBSERVED_LAST_SURVIVOR_EXIT,LAST_SURVIVOR_TALLY_AT_CATEGORY_EXIT,11978,IND,5039.0,0.42068792786775755,False
QLD,160,Fairfax,GRN,5,4,ALP>LNP>ON>IND,1,0,11351,41279,Sue Etheridge,GRN,,11351,1.0,1.0,GRN:11351,UNSPECIFIED:11351,OBSERVED_LAST_SURVIVOR_EXIT,LAST_SURVIVOR_TALLY_AT_CATEGORY_EXIT,11978,LNP,813.0,0.0678744364668559,False
QLD,160,Fairfax,GRN,5,4,ALP>LNP>ON>IND,1,0,11351,41279,Sue Etheridge,GRN,,11351,1.0,1.0,GRN:11351,UNSPECIFIED:11351,OBSERVED_LAST_SURVIVOR_EXIT,LAST_SURVIVOR_TALLY_AT_CATEGORY_EXIT,11978,ON,633.0,0.052846885957588914,False
QLD,160,Fairfax,GRN,5,4,ALP>LNP>ON>IND,1,0,11351,41279,Sue Etheridge,GRN,,11351,1.0,1.0,GRN:11351,UNSPECIFIED:11351,PROPORTIONAL_PRIMARY_ORIGIN_PASS_THROUGH,ALL_CATEGORY_PRIMARY_VOTES_TRACED_PROPORTIONALLY,11351,ALP,5205.46359993321,0.45859074970779756,True
QLD,160,Fairfax,GRN,5,4,ALP>LNP>ON>IND,1,0,11351,41279,Sue Etheridge,GRN,,11351,1.0,1.0,GRN:11351,UNSPECIFIED:11351,PROPORTIONAL_PRIMARY_ORIGIN_PASS_THROUGH,ALL_CATEGORY_PRIMARY_VOTES_TRACED_PROPORTIONALLY,11351,IND,4775.228669226916,0.4206879278677576,True
QLD,160,Fairfax,GRN,5,4,ALP>LNP>ON>IND,1,0,11351,41279,Sue Etheridge,GRN,,11351,1.0,1.0,GRN:11351,UNSPECIFIED:11351,PROPORTIONAL_PRIMARY_ORIGIN_PASS_THROUGH,ALL_CATEGORY_PRIMARY_VOTES_TRACED_PROPORTIONALLY,11351,LNP,770.4427283352813,0.0678744364668559,True
QLD,160,Fairfax,GRN,5,4,ALP>LNP>ON>IND,1,0,11351,41279,Sue Etheridge,GRN,,11351,1.0,1.0,GRN:11351,UNSPECIFIED:11351,PROPORTIONAL_PRIMARY_ORIGIN_PASS_THROUGH,ALL_CATEGORY_PRIMARY_VOTES_TRACED_PROPORTIONALLY,11351,ON,599.8650025045918,0.052846885957588914,True
QLD,160,Fairfax,OTH,6,3,ALP>LNP>GRN>ON>IND,3,2,8698,40875,Rhys Sanderson,OTH_FFPA,RIGHT,3816,0.43872154518280065,0.43872154518280065,OTH_FFPA:3816|OTH_CYA:3063|IND_MINOR:1819,RIGHT:6879|CENTRE:1819,OBSERVED_LAST_SURVIVOR_EXIT,LAST_SURVIVOR_TALLY_AT_CATEGORY_EXIT,4401,ALP,227.0,0.0515791865485117,False
QLD,160,Fairfax,OTH,6,3,ALP>LNP>GRN>ON>IND,3,2,8698,40875,Rhys Sanderson,OTH_FFPA,RIGHT,3816,0.43872154518280065,0.43872154518280065,OTH_FFPA:3816|OTH_CYA:3063|IND_MINOR:1819,RIGHT:6879|CENTRE:1819,OBSERVED_LAST_SURVIVOR_EXIT,LAST_SURVIVOR_TALLY_AT_CATEGORY_EXIT,4401,GRN,327.0,0.07430129516019086,False
QLD,160,Fairfax,OTH,6,3,ALP>LNP>GRN>ON>IND,3,2,8698,40875,Rhys Sanderson,OTH_FFPA,RIGHT,3816,0.43872154518280065,0.43872154518280065,OTH_FFPA:3816|OTH_CYA:3063|IND_MINOR:1819,RIGHT:6879|CENTRE:1819,OBSERVED_LAST_SURVIVOR_EXIT,LAST_SURVIVOR_TALLY_AT_CATEGORY_EXIT,4401,IND,810.0,0.18404907975460122,False
QLD,160,Fairfax,OTH,6,3,ALP>LNP>GRN>ON>IND,3,2,8698,40875,Rhys Sanderson,OTH_FFPA,RIGHT,3816,0.43872154518280065,0.43872154518280065,OTH_FFPA:3816|OTH_CYA:3063|IND_MINOR:1819,RIGHT:6879|CENTRE:1819,OBSERVED_LAST_SURVIVOR_EXIT,LAST_SURVIVOR_TALLY_AT_CATEGORY_EXIT,4401,LNP,629.0,0.14292206316746195,False
QLD,160,Fairfax,OTH,6,3,ALP>LNP>GRN>ON>IND,3,2,8698,40875,Rhys Sanderson,OTH_FFPA,RIGHT,3816,0.43872154518280065,0.43872154518280065,OTH_FFPA:3816|OTH_CYA:3063|IND_MINOR:1819,RIGHT:6879|CENTRE:1819,OBSERVED_LAST_SURVIVOR_EXIT,LAST_SURVIVOR_TALLY_AT_CATEGORY_EXIT,4401,ON,2408.0,0.5471483753692342,False
QLD,160,Fairfax,OTH,6,3,ALP>LNP>GRN>ON>IND,3,2,8698,40875,Rhys Sanderson,OTH_FFPA,RIGHT,3816,0.43872154518280065,0.43872154518280065,OTH_FFPA:3816|OTH_CYA:3063|IND_MINOR:1819,RIGHT:6879|CENTRE:1819,PROPORTIONAL_PRIMARY_ORIGIN_PASS_THROUGH,ALL_CATEGORY_PRIMARY_VOTES_TRACED_PROPORTIONALLY,8698,ALP,588.0,0.06760174752816739,True
QLD,160,Fairfax,OTH,6,3,ALP>LNP>GRN>ON>IND,3,2,8698,40875,Rhys Sanderson,OTH_FFPA,RIGHT,3816,0.43872154518280065,0.43872154518280065,OTH_FFPA:3816|OTH_CYA:3063|IND_MINOR:1819,RIGHT:6879|CENTRE:1819,PROPORTIONAL_PRIMARY_ORIGIN_PASS_THROUGH,ALL_CATEGORY_PRIMARY_VOTES_TRACED_PROPORTIONALLY,8698,GRN,627.0,0.07208553690503564,True
QLD,160,Fairfax,OTH,6,3,ALP>LNP>GRN>ON>IND,3,2,8698,40875,Rhys Sanderson,OTH_FFPA,RIGHT,3816,0.43872154518280065,0.43872154518280065,OTH_FFPA:3816|OTH_CYA:3063|IND_MINOR:1819,RIGHT:6879|CENTRE:1819,PROPORTIONAL_PRIMARY_ORIGIN_PASS_THROUGH,ALL_CATEGORY_PRIMARY_VOTES_TRACED_PROPORTIONALLY,8698,IND,2036.0,0.23407679926419867,True
QLD,160,Fairfax,OTH,6,3,ALP>LNP>GRN>ON>IND,3,2,8698,40875,Rhys Sanderson,OTH_FFPA,RIGHT,3816,0.43872154518280065,0.43872154518280065,OTH_FFPA:3816|OTH_CYA:3063|IND_MINOR:1819,RIGHT:6879|CENTRE:1819,PROPORTIONAL_PRIMARY_ORIGIN_PASS_THROUGH,ALL_CATEGORY_PRIMARY_VOTES_TRACED_PROPORTIONALLY,8698,LNP,1507.0,0.17325822028052426,True
QLD,160,Fairfax,OTH,6,3,ALP>LNP>GRN>ON>IND,3,2,8698,40875,Rhys Sanderson,OTH_FFPA,RIGHT,3816,0.43872154518280065,0.43872154518280065,OTH_FFPA:3816|OTH_CYA:3063|IND_MINOR:1819,RIGHT:6879|CENTRE:1819,PROPORTIONAL_PRIMARY_ORIGIN_PASS_THROUGH,ALL_CATEGORY_PRIMARY_VOTES_TRACED_PROPORTIONALLY,8698,ON,3940.0,0.45297769602207405,True
QLD,161,Fisher,IND,3,6,ALP>LNP,1,0,19296,40706,Keryn Jones,IND_PROMINENT,CENTRE_LEFT,19296,1.0,1.0,IND_PROMINENT:19296,CENTRE_LEFT:19296,OBSERVED_LAST_SURVIVOR_EXIT,LAST_SURVIVOR_TALLY_AT_CATEGORY_EXIT,32519,ALP,18862.0,0.5800301362280513,False
QLD,161,Fisher,IND,3,6,ALP>LNP,1,0,19296,40706,Keryn Jones,IND_PROMINENT,CENTRE_LEFT,19296,1.0,1.0,IND_PROMINENT:19296,CENTRE_LEFT:19296,OBSERVED_LAST_SURVIVOR_EXIT,LAST_SURVIVOR_TALLY_AT_CATEGORY_EXIT,32519,LNP,13657.0,0.4199698637719487,False
QLD,161,Fisher,IND,3,6,ALP>LNP,1,0,19296,40706,Keryn Jones,IND_PROMINENT,CENTRE_LEFT,19296,1.0,1.0,IND_PROMINENT:19296,CENTRE_LEFT:19296,PROPORTIONAL_PRIMARY_ORIGIN_PASS_THROUGH,ALL_CATEGORY_PRIMARY_VOTES_TRACED_PROPORTIONALLY,19296,ALP,11192.261508656478,0.5800301362280513,True
QLD,161,Fisher,IND,3,6,ALP>LNP,1,0,19296,40706,Keryn Jones,IND_PROMINENT,CENTRE_LEFT,19296,1.0,1.0,IND_PROMINENT:19296,CENTRE_LEFT:19296,PROPORTIONAL_PRIMARY_ORIGIN_PASS_THROUGH,ALL_CATEGORY_PRIMARY_VOTES_TRACED_PROPORTIONALLY,19296,LNP,8103.738491343523,0.4199698637719487,True
QLD,161,Fisher,ON,4,5,ALP>LNP>IND,1,0,7199,40949,Benjamin Kelly,ON,,7199,1.0,1.0,ON:7199,UNSPECIFIED:7199,OBSERVED_LAST_SURVIVOR_EXIT,LAST_SURVIVOR_TALLY_AT_CATEGORY_EXIT,13923,ALP,1448.0,0.10400057458880989,False
QLD,161,Fisher,ON,4,5,ALP>LNP>IND,1,0,7199,40949,Benjamin Kelly,ON,,7199,1.0,1.0,ON:7199,UNSPECIFIED:7199,OBSERVED_LAST_SURVIVOR_EXIT,LAST_SURVIVOR_TALLY_AT_CATEGORY_EXIT,13923,IND,5851.0,0.42023989082812613,False
QLD,161,Fisher,ON,4,5,ALP>LNP>IND,1,0,7199,40949,Benjamin Kelly,ON,,7199,1.0,1.0,ON:7199,UNSPECIFIED:7199,OBSERVED_LAST_SURVIVOR_EXIT,LAST_SURVIVOR_TALLY_AT_CATEGORY_EXIT,13923,LNP,6624.0,0.47575953458306397,False
QLD,161,Fisher,ON,4,5,ALP>LNP>IND,1,0,7199,40949,Benjamin Kelly,ON,,7199,1.0,1.0,ON:7199,UNSPECIFIED:7199,PROPORTIONAL_PRIMARY_ORIGIN_PASS_THROUGH,ALL_CATEGORY_PRIMARY_VOTES_TRACED_PROPORTIONALLY,7199,ALP,748.7001364648423,0.10400057458880987,True
QLD,161,Fisher,ON,4,5,ALP>LNP>IND,1,0,7199,40949,Benjamin Kelly,ON,,7199,1.0,1.0,ON:7199,UNSPECIFIED:7199,PROPORTIONAL_PRIMARY_ORIGIN_PASS_THROUGH,ALL_CATEGORY_PRIMARY_VOTES_TRACED_PROPORTIONALLY,7199,IND,3025.30697407168,0.42023989082812613,True
QLD,161,Fisher,ON,4,5,ALP>LNP>IND,1,0,7199,40949,Benjamin Kelly,ON,,7199,1.0,1.0,ON:7199,UNSPECIFIED:7199,PROPORTIONAL_PRIMARY_ORIGIN_PASS_THROUGH,ALL_CATEGORY_PRIMARY_VOTES_TRACED_PROPORTIONALLY,7199,LNP,3424.9928894634777,0.47575953458306397,True
QLD,161,Fisher,GRN,5,4,ALP>LNP>ON>IND,1,0,11396,41282,Renay Wells,GRN,,11396,1.0,1.0,GRN:11396,UNSPECIFIED:11396,OBSERVED_LAST_SURVIVOR_EXIT,LAST_SURVIVOR_TALLY_AT_CATEGORY_EXIT,11959,ALP,4784.0,0.4000334476126766,False
QLD,161,Fisher,GRN,5,4,ALP>LNP>ON>IND,1,0,11396,41282,Renay Wells,GRN,,11396,1.0,1.0,GRN:11396,UNSPECIFIED:11396,OBSERVED_LAST_SURVIVOR_EXIT,LAST_SURVIVOR_TALLY_AT_CATEGORY_EXIT,11959,IND,5794.0,0.4844886696212058,False
QLD,161,Fisher,GRN,5,4,ALP>LNP>ON>IND,1,0,11396,41282,Renay Wells,GRN,,11396,1.0,1.0,GRN:11396,UNSPECIFIED:11396,OBSERVED_LAST_SURVIVOR_EXIT,LAST_SURVIVOR_TALLY_AT_CATEGORY_EXIT,11959,LNP,790.0,0.06605903503637428,False
QLD,161,Fisher,GRN,5,4,ALP>LNP>ON>IND,1,0,11396,41282,Renay Wells,GRN,,11396,1.0,1.0,GRN:11396,UNSPECIFIED:11396,OBSERVED_LAST_SURVIVOR_EXIT,LAST_SURVIVOR_TALLY_AT_CATEGORY_EXIT,11959,ON,591.0,0.04941884772974329,False
QLD,161,Fisher,GRN,5,4,ALP>LNP>ON>IND,1,0,11396,41282,Renay Wells,GRN,,11396,1.0,1.0,GRN:11396,UNSPECIFIED:11396,PROPORTIONAL_PRIMARY_ORIGIN_PASS_THROUGH,ALL_CATEGORY_PRIMARY_VOTES_TRACED_PROPORTIONALLY,11396,ALP,4558.781168994063,0.4000334476126766,True
QLD,161,Fisher,GRN,5,4,ALP>LNP>ON>IND,1,0,11396,41282,Renay Wells,GRN,,11396,1.0,1.0,GRN:11396,UNSPECIFIED:11396,PROPORTIONAL_PRIMARY_ORIGIN_PASS_THROUGH,ALL_CATEGORY_PRIMARY_VOTES_TRACED_PROPORTIONALLY,11396,IND,5521.232879003262,0.48448866962120585,True
QLD,161,Fisher,GRN,5,4,ALP>LNP>ON>IND,1,0,11396,41282,Renay Wells,GRN,,11396,1.0,1.0,GRN:11396,UNSPECIFIED:11396,PROPORTIONAL_PRIMARY_ORIGIN_PASS_THROUGH,ALL_CATEGORY_PRIMARY_VOTES_TRACED_PROPORTIONALLY,11396,LNP,752.8087632745213,0.06605903503637428,True
QLD,161,Fisher,GRN,5,4,ALP>LNP>ON>IND,1,0,11396,41282,Renay Wells,GRN,,11396,1.0,1.0,GRN:11396,UNSPECIFIED:11396,PROPORTIONAL_PRIMARY_ORIGIN_PASS_THROUGH,ALL_CATEGORY_PRIMARY_VOTES_TRACED_PROPORTIONALLY,11396,ON,563.1771887281545,0.04941884772974329,True
QLD,161,Fisher,OTH,6,3,ALP>LNP>GRN>ON>IND,3,2,10101,40970,James Pidgeon,OTH_GRPF,RIGHT,4972,0.49222849222849224,0.49222849222849224,OTH_GRPF:4972|OTH_CYA:3050|OTH_FFPA:2079,RIGHT:10101,OBSERVED_LAST_SURVIVOR_EXIT,LAST_SURVIVOR_TALLY_AT_CATEGORY_EXIT,6021,ALP,244.0,0.040524829762497924,False
QLD,161,Fisher,OTH,6,3,ALP>LNP>GRN>ON>IND,3,2,10101,40970,James Pidgeon,OTH_GRPF,RIGHT,4972,0.49222849222849224,0.49222849222849224,OTH_GRPF:4972|OTH_CYA:3050|OTH_FFPA:2079,RIGHT:10101,OBSERVED_LAST_SURVIVOR_EXIT,LAST_SURVIVOR_TALLY_AT_CATEGORY_EXIT,6021,GRN,266.0,0.0441787078558379,False
QLD,161,Fisher,OTH,6,3,ALP>LNP>GRN>ON>IND,3,2,10101,40970,James Pidgeon,OTH_GRPF,RIGHT,4972,0.49222849222849224,0.49222849222849224,OTH_GRPF:4972|OTH_CYA:3050|OTH_FFPA:2079,RIGHT:10101,OBSERVED_LAST_SURVIVOR_EXIT,LAST_SURVIVOR_TALLY_AT_CATEGORY_EXIT,6021,IND,877.0,0.1456568676299618,False
QLD,161,Fisher,OTH,6,3,ALP>LNP>GRN>ON>IND,3,2,10101,40970,James Pidgeon,OTH_GRPF,RIGHT,4972,0.49222849222849224,0.49222849222849224,OTH_GRPF:4972|OTH_CYA:3050|OTH_FFPA:2079,RIGHT:10101,OBSERVED_LAST_SURVIVOR_EXIT,LAST_SURVIVOR_TALLY_AT_CATEGORY_EXIT,6021,LNP,446.0,0.07407407407407407,False
QLD,161,Fisher,OTH,6,3,ALP>LNP>GRN>ON>IND,3,2,10101,40970,James Pidgeon,OTH_GRPF,RIGHT,4972,0.49222849222849224,0.49222849222849224,OTH_GRPF:4972|OTH_CYA:3050|OTH_FFPA:2079,RIGHT:10101,OBSERVED_LAST_SURVIVOR_EXIT,LAST_SURVIVOR_TALLY_AT_CATEGORY_EXIT,6021,ON,4188.0,0.6955655206776283,False
QLD,161,Fisher,OTH,6,3,ALP>LNP>GRN>ON>IND,3,2,10101,40970,James Pidgeon,OTH_GRPF,RIGHT,4972,0.49222849222849224,0.49222849222849224,OTH_GRPF:4972|OTH_CYA:3050|OTH_FFPA:2079,RIGHT:10101,PROPORTIONAL_PRIMARY_ORIGIN_PASS_THROUGH,ALL_CATEGORY_PRIMARY_VOTES_TRACED_PROPORTIONALLY,10101,ALP,613.0,0.06068706068706069,True
QLD,161,Fisher,OTH,6,3,ALP>LNP>GRN>ON>IND,3,2,10101,40970,James Pidgeon,OTH_GRPF,RIGHT,4972,0.49222849222849224,0.49222849222849224,OTH_GRPF:4972|OTH_CYA:3050|OTH_FFPA:2079,RIGHT:10101,PROPORTIONAL_PRIMARY_ORIGIN_PASS_THROUGH,ALL_CATEGORY_PRIMARY_VOTES_TRACED_PROPORTIONALLY,10101,GRN,563.0,0.055737055737055737,True
QLD,161,Fisher,OTH,6,3,ALP>LNP>GRN>ON>IND,3,2,10101,40970,James Pidgeon,OTH_GRPF,RIGHT,4972,0.49222849222849224,0.49222849222849224,OTH_GRPF:4972|OTH_CYA:3050|OTH_FFPA:2079,RIGHT:10101,PROPORTIONAL_PRIMARY_ORIGIN_PASS_THROUGH,ALL_CATEGORY_PRIMARY_VOTES_TRACED_PROPORTIONALLY,10101,IND,1578.0,0.1562221562221562,True
QLD,161,Fisher,OTH,6,3,ALP>LNP>GRN>ON>IND,3,2,10101,40970,James Pidgeon,OTH_GRPF,RIGHT,4972,0.49222849222849224,0.49222849222849224,OTH_GRPF:4972|OTH_CYA:3050|OTH_FFPA:2079,RIGHT:10101,PROPORTIONAL_PRIMARY_ORIGIN_PASS_THROUGH,ALL_CATEGORY_PRIMARY_VOTES_TRACED_PROPORTIONALLY,10101,LNP,1214.0,0.12018612018612018,True
QLD,161,Fisher,OTH,6,3,ALP>LNP>GRN>ON>IND,3,2,10101,40970,James Pidgeon,OTH_GRPF,RIGHT,4972,0.49222849222849224,0.49222849222849224,OTH_GRPF:4972|OTH_CYA:3050|OTH_FFPA:2079,RIGHT:10101,PROPORTIONAL_PRIMARY_ORIGIN_PASS_THROUGH,ALL_CATEGORY_PRIMARY_VOTES_TRACED_PROPORTIONALLY,10101,ON,6133.0,0.6071676071676072,True
QLD,311,Flynn,ON,3,7,ALP>LNP,1,0,13874,40934,David Harris,ON,,13874,1.0,1.0,ON:13874,UNSPECIFIED:13874,OBSERVED_LAST_SURVIVOR_EXIT,LAST_SURVIVOR_TALLY_AT_CATEGORY_EXIT,24902,ALP,6522.0,0.26190667416271785,False
QLD,311,Flynn,ON,3,7,ALP>LNP,1,0,13874,40934,David Harris,ON,,13874,1.0,1.0,ON:13874,UNSPECIFIED:13874,OBSERVED_LAST_SURVIVOR_EXIT,LAST_SURVIVOR_TALLY_AT_CATEGORY_EXIT,24902,LNP,18380.0,0.7380933258372822,False
QLD,311,Flynn,ON,3,7,ALP>LNP,1,0,13874,40934,David Harris,ON,,13874,1.0,1.0,ON:13874,UNSPECIFIED:13874,PROPORTIONAL_PRIMARY_ORIGIN_PASS_THROUGH,ALL_CATEGORY_PRIMARY_VOTES_TRACED_PROPORTIONALLY,13874,ALP,3633.6931973335472,0.26190667416271785,True
QLD,311,Flynn,ON,3,7,ALP>LNP,1,0,13874,40934,David Harris,ON,,13874,1.0,1.0,ON:13874,UNSPECIFIED:13874,PROPORTIONAL_PRIMARY_ORIGIN_PASS_THROUGH,ALL_CATEGORY_PRIMARY_VOTES_TRACED_PROPORTIONALLY,13874,LNP,10240.306802666453,0.7380933258372822,True
QLD,311,Flynn,OTH,4,6,ALP>LNP>ON,5,4,17179,40966,Lance Price,OTH_GRPF,RIGHT,6180,0.3597415449094825,0.3597415449094825,OTH_GRPF:6180|IND_MINOR:4871|OTH_CYA:3720|OTH_FFPA:2408,RIGHT:12308|CENTRE_LEFT:3130|CENTRE:1741,OBSERVED_LAST_SURVIVOR_EXIT,LAST_SURVIVOR_TALLY_AT_CATEGORY_EXIT,9869,ALP,1365.0,0.13831188570270544,False
QLD,311,Flynn,OTH,4,6,ALP>LNP>ON,5,4,17179,40966,Lance Price,OTH_GRPF,RIGHT,6180,0.3597415449094825,0.3597415449094825,OTH_GRPF:6180|IND_MINOR:4871|OTH_CYA:3720|OTH_FFPA:2408,RIGHT:12308|CENTRE_LEFT:3130|CENTRE:1741,OBSERVED_LAST_SURVIVOR_EXIT,LAST_SURVIVOR_TALLY_AT_CATEGORY_EXIT,9869,LNP,1740.0,0.17630965650015198,False
QLD,311,Flynn,OTH,4,6,ALP>LNP>ON,5,4,17179,40966,Lance Price,OTH_GRPF,RIGHT,6180,0.3597415449094825,0.3597415449094825,OTH_GRPF:6180|IND_MINOR:4871|OTH_CYA:3720|OTH_FFPA:2408,RIGHT:12308|CENTRE_LEFT:3130|CENTRE:1741,OBSERVED_LAST_SURVIVOR_EXIT,LAST_SURVIVOR_TALLY_AT_CATEGORY_EXIT,9869,ON,6764.0,0.6853784577971426,False
QLD,311,Flynn,OTH,4,6,ALP>LNP>ON,5,4,17179,40966,Lance Price,OTH_GRPF,RIGHT,6180,0.3597415449094825,0.3597415449094825,OTH_GRPF:6180|IND_MINOR:4871|OTH_CYA:3720|OTH_FFPA:2408,RIGHT:12308|CENTRE_LEFT:3130|CENTRE:1741,PROPORTIONAL_PRIMARY_ORIGIN_PASS_THROUGH,ALL_CATEGORY_PRIMARY_VOTES_TRACED_PROPORTIONALLY,17179,ALP,4354.970338326841,0.25350546238586885,True
QLD,311,Flynn,OTH,4,6,ALP>LNP>ON,5,4,17179,40966,Lance Price,OTH_GRPF,RIGHT,6180,0.3597415449094825,0.3597415449094825,OTH_GRPF:6180|IND_MINOR:4871|OTH_CYA:3720|OTH_FFPA:2408,RIGHT:12308|CENTRE_LEFT:3130|CENTRE:1741,PROPORTIONAL_PRIMARY_ORIGIN_PASS_THROUGH,ALL_CATEGORY_PRIMARY_VOTES_TRACED_PROPORTIONALLY,17179,LNP,3189.4863020422454,0.1856619303825744,True
QLD,311,Flynn,OTH,4,6,ALP>LNP>ON,5,4,17179,40966,Lance Price,OTH_GRPF,RIGHT,6180,0.3597415449094825,0.3597415449094825,OTH_GRPF:6180|IND_MINOR:4871|OTH_CYA:3720|OTH_FFPA:2408,RIGHT:12308|CENTRE_LEFT:3130|CENTRE:1741,PROPORTIONAL_PRIMARY_ORIGIN_PASS_THROUGH,ALL_CATEGORY_PRIMARY_VOTES_TRACED_PROPORTIONALLY,17179,ON,9634.543359630914,0.5608326072315568,True
QLD,311,Flynn,GRN,5,5,ALP>LNP>ON>OTH,1,0,5547,41284,Paul Bambrick,GRN,,5547,1.0,1.0,GRN:5547,UNSPECIFIED:5547,OBSERVED_LAST_SURVIVOR_EXIT,LAST_SURVIVOR_TALLY_AT_CATEGORY_EXIT,6927,ALP,4129.0,0.5960733362205861,False
QLD,311,Flynn,GRN,5,5,ALP>LNP>ON>OTH,1,0,5547,41284,Paul Bambrick,GRN,,5547,1.0,1.0,GRN:5547,UNSPECIFIED:5547,OBSERVED_LAST_SURVIVOR_EXIT,LAST_SURVIVOR_TALLY_AT_CATEGORY_EXIT,6927,LNP,613.0,0.08849429767576152,False
QLD,311,Flynn,GRN,5,5,ALP>LNP>ON>OTH,1,0,5547,41284,Paul Bambrick,GRN,,5547,1.0,1.0,GRN:5547,UNSPECIFIED:5547,OBSERVED_LAST_SURVIVOR_EXIT,LAST_SURVIVOR_TALLY_AT_CATEGORY_EXIT,6927,ON,771.0,0.11130359462970983,False
QLD,311,Flynn,GRN,5,5,ALP>LNP>ON>OTH,1,0,5547,41284,Paul Bambrick,GRN,,5547,1.0,1.0,GRN:5547,UNSPECIFIED:5547,OBSERVED_LAST_SURVIVOR_EXIT,LAST_SURVIVOR_TALLY_AT_CATEGORY_EXIT,6927,OTH,1414.0,0.20412877147394254,False
QLD,311,Flynn,GRN,5,5,ALP>LNP>ON>OTH,1,0,5547,41284,Paul Bambrick,GRN,,5547,1.0,1.0,GRN:5547,UNSPECIFIED:5547,PROPORTIONAL_PRIMARY_ORIGIN_PASS_THROUGH,ALL_CATEGORY_PRIMARY_VOTES_TRACED_PROPORTIONALLY,5547,ALP,3306.4187960155914,0.5960733362205861,True
QLD,311,Flynn,GRN,5,5,ALP>LNP>ON>OTH,1,0,5547,41284,Paul Bambrick,GRN,,5547,1.0,1.0,GRN:5547,UNSPECIFIED:5547,PROPORTIONAL_PRIMARY_ORIGIN_PASS_THROUGH,ALL_CATEGORY_PRIMARY_VOTES_TRACED_PROPORTIONALLY,5547,LNP,490.8778692074491,0.08849429767576152,True
QLD,311,Flynn,GRN,5,5,ALP>LNP>ON>OTH,1,0,5547,41284,Paul Bambrick,GRN,,5547,1.0,1.0,GRN:5547,UNSPECIFIED:5547,PROPORTIONAL_PRIMARY_ORIGIN_PASS_THROUGH,ALL_CATEGORY_PRIMARY_VOTES_TRACED_PROPORTIONALLY,5547,ON,617.4010394110004,0.11130359462970982,True
QLD,311,Flynn,GRN,5,5,ALP>LNP>ON>OTH,1,0,5547,41284,Paul Bambrick,GRN,,5547,1.0,1.0,GRN:5547,UNSPECIFIED:5547,PROPORTIONAL_PRIMARY_ORIGIN_PASS_THROUGH,ALL_CATEGORY_PRIMARY_VOTES_TRACED_PROPORTIONALLY,5547,OTH,1132.3022953659593,0.20412877147394254,True
QLD,162,Forde,ON,3,6,ALP>LNP,1,0,11049,40937,Matthew Lambert,ON,,11049,1.0,1.0,ON:11049,UNSPECIFIED:11049,OBSERVED_LAST_SURVIVOR_EXIT,LAST_SURVIVOR_TALLY_AT_CATEGORY_EXIT,19912,ALP,6491.0,0.32598433105664926,False
QLD,162,Forde,ON,3,6,ALP>LNP,1,0,11049,40937,Matthew Lambert,ON,,11049,1.0,1.0,ON:11049,UNSPECIFIED:11049,OBSERVED_LAST_SURVIVOR_EXIT,LAST_SURVIVOR_TALLY_AT_CATEGORY_EXIT,19912,LNP,13421.0,0.6740156689433507,False
QLD,162,Forde,ON,3,6,ALP>LNP,1,0,11049,40937,Matthew Lambert,ON,,11049,1.0,1.0,ON:11049,UNSPECIFIED:11049,PROPORTIONAL_PRIMARY_ORIGIN_PASS_THROUGH,ALL_CATEGORY_PRIMARY_VOTES_TRACED_PROPORTIONALLY,11049,ALP,3601.8008738449175,0.32598433105664926,True
QLD,162,Forde,ON,3,6,ALP>LNP,1,0,11049,40937,Matthew Lambert,ON,,11049,1.0,1.0,ON:11049,UNSPECIFIED:11049,PROPORTIONAL_PRIMARY_ORIGIN_PASS_THROUGH,ALL_CATEGORY_PRIMARY_VOTES_TRACED_PROPORTIONALLY,11049,LNP,7447.199126155082,0.6740156689433507,True
QLD,162,Forde,GRN,4,5,ALP>LNP>ON,1,0,12280,41234,Kirsty Petersen,GRN,,12280,1.0,1.0,GRN:12280,UNSPECIFIED:12280,OBSERVED_LAST_SURVIVOR_EXIT,LAST_SURVIVOR_TALLY_AT_CATEGORY_EXIT,14860,ALP,10357.0,0.6969717362045761,False
QLD,162,Forde,GRN,4,5,ALP>LNP>ON,1,0,12280,41234,Kirsty Petersen,GRN,,12280,1.0,1.0,GRN:12280,UNSPECIFIED:12280,OBSERVED_LAST_SURVIVOR_EXIT,LAST_SURVIVOR_TALLY_AT_CATEGORY_EXIT,14860,LNP,2238.0,0.1506056527590848,False
QLD,162,Forde,GRN,4,5,ALP>LNP>ON,1,0,12280,41234,Kirsty Petersen,GRN,,12280,1.0,1.0,GRN:12280,UNSPECIFIED:12280,OBSERVED_LAST_SURVIVOR_EXIT,LAST_SURVIVOR_TALLY_AT_CATEGORY_EXIT,14860,ON,2265.0,0.15242261103633917,False
QLD,162,Forde,GRN,4,5,ALP>LNP>ON,1,0,12280,41234,Kirsty Petersen,GRN,,12280,1.0,1.0,GRN:12280,UNSPECIFIED:12280,PROPORTIONAL_PRIMARY_ORIGIN_PASS_THROUGH,ALL_CATEGORY_PRIMARY_VOTES_TRACED_PROPORTIONALLY,12280,ALP,8558.812920592194,0.6969717362045761,True
QLD,162,Forde,GRN,4,5,ALP>LNP>ON,1,0,12280,41234,Kirsty Petersen,GRN,,12280,1.0,1.0,GRN:12280,UNSPECIFIED:12280,PROPORTIONAL_PRIMARY_ORIGIN_PASS_THROUGH,ALL_CATEGORY_PRIMARY_VOTES_TRACED_PROPORTIONALLY,12280,LNP,1849.4374158815613,0.1506056527590848,True
QLD,162,Forde,GRN,4,5,ALP>LNP>ON,1,0,12280,41234,Kirsty Petersen,GRN,,12280,1.0,1.0,GRN:12280,UNSPECIFIED:12280,PROPORTIONAL_PRIMARY_ORIGIN_PASS_THROUGH,ALL_CATEGORY_PRIMARY_VOTES_TRACED_PROPORTIONALLY,12280,ON,1871.749663526245,0.15242261103633917,True
QLD,162,Forde,OTH,5,4,ALP>LNP>GRN>ON,4,3,14355,40891,Corneliu Pop,OTH_FFPA,RIGHT,5459,0.3802856147683734,0.3802856147683734,OTH_FFPA:5459|OTH_CYA:5041|IND_MINOR:3186|OTH_CEC:669,RIGHT:10500|CENTRE:3855,OBSERVED_LAST_SURVIVOR_EXIT,LAST_SURVIVOR_TALLY_AT_CATEGORY_EXIT,7592,ALP,745.0,0.09812961011591148,False
QLD,162,Forde,OTH,5,4,ALP>LNP>GRN>ON,4,3,14355,40891,Corneliu Pop,OTH_FFPA,RIGHT,5459,0.3802856147683734,0.3802856147683734,OTH_FFPA:5459|OTH_CYA:5041|IND_MINOR:3186|OTH_CEC:669,RIGHT:10500|CENTRE:3855,OBSERVED_LAST_SURVIVOR_EXIT,LAST_SURVIVOR_TALLY_AT_CATEGORY_EXIT,7592,GRN,1413.0,0.18611696522655427,False
QLD,162,Forde,OTH,5,4,ALP>LNP>GRN>ON,4,3,14355,40891,Corneliu Pop,OTH_FFPA,RIGHT,5459,0.3802856147683734,0.3802856147683734,OTH_FFPA:5459|OTH_CYA:5041|IND_MINOR:3186|OTH_CEC:669,RIGHT:10500|CENTRE:3855,OBSERVED_LAST_SURVIVOR_EXIT,LAST_SURVIVOR_TALLY_AT_CATEGORY_EXIT,7592,LNP,2006.0,0.2642255005268704,False
QLD,162,Forde,OTH,5,4,ALP>LNP>GRN>ON,4,3,14355,40891,Corneliu Pop,OTH_FFPA,RIGHT,5459,0.3802856147683734,0.3802856147683734,OTH_FFPA:5459|OTH_CYA:5041|IND_MINOR:3186|OTH_CEC:669,RIGHT:10500|CENTRE:3855,OBSERVED_LAST_SURVIVOR_EXIT,LAST_SURVIVOR_TALLY_AT_CATEGORY_EXIT,7592,ON,3428.0,0.45152792413066384,False
QLD,162,Forde,OTH,5,4,ALP>LNP>GRN>ON,4,3,14355,40891,Corneliu Pop,OTH_FFPA,RIGHT,5459,0.3802856147683734,0.3802856147683734,OTH_FFPA:5459|OTH_CYA:5041|IND_MINOR:3186|OTH_CEC:669,RIGHT:10500|CENTRE:3855,PROPORTIONAL_PRIMARY_ORIGIN_PASS_THROUGH,ALL_CATEGORY_PRIMARY_VOTES_TRACED_PROPORTIONALLY,14355,ALP,1993.0,0.13883664228491815,True
QLD,162,Forde,OTH,5,4,ALP>LNP>GRN>ON,4,3,14355,40891,Corneliu Pop,OTH_FFPA,RIGHT,5459,0.3802856147683734,0.3802856147683734,OTH_FFPA:5459|OTH_CYA:5041|IND_MINOR:3186|OTH_CEC:669,RIGHT:10500|CENTRE:3855,PROPORTIONAL_PRIMARY_ORIGIN_PASS_THROUGH,ALL_CATEGORY_PRIMARY_VOTES_TRACED_PROPORTIONALLY,14355,GRN,2580.0,0.17972831765935215,True
QLD,162,Forde,OTH,5,4,ALP>LNP>GRN>ON,4,3,14355,40891,Corneliu Pop,OTH_FFPA,RIGHT,5459,0.3802856147683734,0.3802856147683734,OTH_FFPA:5459|OTH_CYA:5041|IND_MINOR:3186|OTH_CEC:669,RIGHT:10500|CENTRE:3855,PROPORTIONAL_PRIMARY_ORIGIN_PASS_THROUGH,ALL_CATEGORY_PRIMARY_VOTES_TRACED_PROPORTIONALLY,14355,LNP,3184.0,0.2218042493904563,True
QLD,162,Forde,OTH,5,4,ALP>LNP>GRN>ON,4,3,14355,40891,Corneliu Pop,OTH_FFPA,RIGHT,5459,0.3802856147683734,0.3802856147683734,OTH_FFPA:5459|OTH_CYA:5041|IND_MINOR:3186|OTH_CEC:669,RIGHT:10500|CENTRE:3855,PROPORTIONAL_PRIMARY_ORIGIN_PASS_THROUGH,ALL_CATEGORY_PRIMARY_VOTES_TRACED_PROPORTIONALLY,14355,ON,6598.0,0.4596307906652734,True
QLD,163,Griffith,LNP,3,5,ALP>GRN,1,0,29025,41167,Anthony Bishop,LNP,,29025,1.0,1.0,LNP:29025,UNSPECIFIED:29025,OBSERVED_LAST_SURVIVOR_EXIT,LAST_SURVIVOR_TALLY_AT_CATEGORY_EXIT,34115,ALP,27110.0,0.7946651033269823,False
QLD,163,Griffith,LNP,3,5,ALP>GRN,1,0,29025,41167,Anthony Bishop,LNP,,29025,1.0,1.0,LNP:29025,UNSPECIFIED:29025,OBSERVED_LAST_SURVIVOR_EXIT,LAST_SURVIVOR_TALLY_AT_CATEGORY_EXIT,34115,GRN,7005.0,0.20533489667301774,False
QLD,163,Griffith,LNP,3,5,ALP>GRN,1,0,29025,41167,Anthony Bishop,LNP,,29025,1.0,1.0,LNP:29025,UNSPECIFIED:29025,PROPORTIONAL_PRIMARY_ORIGIN_PASS_THROUGH,ALL_CATEGORY_PRIMARY_VOTES_TRACED_PROPORTIONALLY,29025,ALP,23065.15462406566,0.7946651033269823,True
QLD,163,Griffith,LNP,3,5,ALP>GRN,1,0,29025,41167,Anthony Bishop,LNP,,29025,1.0,1.0,LNP:29025,UNSPECIFIED:29025,PROPORTIONAL_PRIMARY_ORIGIN_PASS_THROUGH,ALL_CATEGORY_PRIMARY_VOTES_TRACED_PROPORTIONALLY,29025,GRN,5959.84537593434,0.20533489667301774,True
QLD,163,Griffith,ON,4,4,ALP>LNP>GRN,1,0,2684,40940,Lindsay Bell,ON,,2684,1.0,1.0,ON:2684,UNSPECIFIED:2684,OBSERVED_LAST_SURVIVOR_EXIT,LAST_SURVIVOR_TALLY_AT_CATEGORY_EXIT,5120,ALP,747.0,0.1458984375,False
QLD,163,Griffith,ON,4,4,ALP>LNP>GRN,1,0,2684,40940,Lindsay Bell,ON,,2684,1.0,1.0,ON:2684,UNSPECIFIED:2684,OBSERVED_LAST_SURVIVOR_EXIT,LAST_SURVIVOR_TALLY_AT_CATEGORY_EXIT,5120,GRN,861.0,0.1681640625,False
QLD,163,Griffith,ON,4,4,ALP>LNP>GRN,1,0,2684,40940,Lindsay Bell,ON,,2684,1.0,1.0,ON:2684,UNSPECIFIED:2684,OBSERVED_LAST_SURVIVOR_EXIT,LAST_SURVIVOR_TALLY_AT_CATEGORY_EXIT,5120,LNP,3512.0,0.6859375,False
QLD,163,Griffith,ON,4,4,ALP>LNP>GRN,1,0,2684,40940,Lindsay Bell,ON,,2684,1.0,1.0,ON:2684,UNSPECIFIED:2684,PROPORTIONAL_PRIMARY_ORIGIN_PASS_THROUGH,ALL_CATEGORY_PRIMARY_VOTES_TRACED_PROPORTIONALLY,2684,ALP,391.59140625000003,0.1458984375,True
QLD,163,Griffith,ON,4,4,ALP>LNP>GRN,1,0,2684,40940,Lindsay Bell,ON,,2684,1.0,1.0,ON:2684,UNSPECIFIED:2684,PROPORTIONAL_PRIMARY_ORIGIN_PASS_THROUGH,ALL_CATEGORY_PRIMARY_VOTES_TRACED_PROPORTIONALLY,2684,GRN,451.35234375,0.1681640625,True
QLD,163,Griffith,ON,4,4,ALP>LNP>GRN,1,0,2684,40940,Lindsay Bell,ON,,2684,1.0,1.0,ON:2684,UNSPECIFIED:2684,PROPORTIONAL_PRIMARY_ORIGIN_PASS_THROUGH,ALL_CATEGORY_PRIMARY_VOTES_TRACED_PROPORTIONALLY,2684,LNP,1841.0562499999999,0.6859375,True
QLD,163,Griffith,OTH,5,3,ALP>LNP>GRN>ON,3,2,5247,40969,Dion Hunt,OTH_GRPF,RIGHT,2528,0.4817991233085573,0.4817991233085573,OTH_GRPF:2528|OTH_CYA:1659|OTH_FFPA:1060,RIGHT:5247,OBSERVED_LAST_SURVIVOR_EXIT,LAST_SURVIVOR_TALLY_AT_CATEGORY_EXIT,3167,ALP,316.0,0.09977897063467003,False
QLD,163,Griffith,OTH,5,3,ALP>LNP>GRN>ON,3,2,5247,40969,Dion Hunt,OTH_GRPF,RIGHT,2528,0.4817991233085573,0.4817991233085573,OTH_GRPF:2528|OTH_CYA:1659|OTH_FFPA:1060,RIGHT:5247,OBSERVED_LAST_SURVIVOR_EXIT,LAST_SURVIVOR_TALLY_AT_CATEGORY_EXIT,3167,GRN,365.0,0.1152510262077676,False
QLD,163,Griffith,OTH,5,3,ALP>LNP>GRN>ON,3,2,5247,40969,Dion Hunt,OTH_GRPF,RIGHT,2528,0.4817991233085573,0.4817991233085573,OTH_GRPF:2528|OTH_CYA:1659|OTH_FFPA:1060,RIGHT:5247,OBSERVED_LAST_SURVIVOR_EXIT,LAST_SURVIVOR_TALLY_AT_CATEGORY_EXIT,3167,LNP,850.0,0.26839280075781496,False
QLD,163,Griffith,OTH,5,3,ALP>LNP>GRN>ON,3,2,5247,40969,Dion Hunt,OTH_GRPF,RIGHT,2528,0.4817991233085573,0.4817991233085573,OTH_GRPF:2528|OTH_CYA:1659|OTH_FFPA:1060,RIGHT:5247,OBSERVED_LAST_SURVIVOR_EXIT,LAST_SURVIVOR_TALLY_AT_CATEGORY_EXIT,3167,ON,1636.0,0.5165772023997474,False
QLD,163,Griffith,OTH,5,3,ALP>LNP>GRN>ON,3,2,5247,40969,Dion Hunt,OTH_GRPF,RIGHT,2528,0.4817991233085573,0.4817991233085573,OTH_GRPF:2528|OTH_CYA:1659|OTH_FFPA:1060,RIGHT:5247,PROPORTIONAL_PRIMARY_ORIGIN_PASS_THROUGH,ALL_CATEGORY_PRIMARY_VOTES_TRACED_PROPORTIONALLY,5247,ALP,611.0,0.11644749380598438,True
QLD,163,Griffith,OTH,5,3,ALP>LNP>GRN>ON,3,2,5247,40969,Dion Hunt,OTH_GRPF,RIGHT,2528,0.4817991233085573,0.4817991233085573,OTH_GRPF:2528|OTH_CYA:1659|OTH_FFPA:1060,RIGHT:5247,PROPORTIONAL_PRIMARY_ORIGIN_PASS_THROUGH,ALL_CATEGORY_PRIMARY_VOTES_TRACED_PROPORTIONALLY,5247,GRN,622.0,0.11854392986468458,True
QLD,163,Griffith,OTH,5,3,ALP>LNP>GRN>ON,3,2,5247,40969,Dion Hunt,OTH_GRPF,RIGHT,2528,0.4817991233085573,0.4817991233085573,OTH_GRPF:2528|OTH_CYA:1659|OTH_FFPA:1060,RIGHT:5247,PROPORTIONAL_PRIMARY_ORIGIN_PASS_THROUGH,ALL_CATEGORY_PRIMARY_VOTES_TRACED_PROPORTIONALLY,5247,LNP,1578.0,0.30074328187535737,True
QLD,163,Griffith,OTH,5,3,ALP>LNP>GRN>ON,3,2,5247,40969,Dion Hunt,OTH_GRPF,RIGHT,2528,0.4817991233085573,0.4817991233085573,OTH_GRPF:2528|OTH_CYA:1659|OTH_FFPA:1060,RIGHT:5247,PROPORTIONAL_PRIMARY_ORIGIN_PASS_THROUGH,ALL_CATEGORY_PRIMARY_VOTES_TRACED_PROPORTIONALLY,5247,ON,2436.0,0.4642652944539737,True
QLD,164,Groom,ALP,3,6,LNP>IND,1,0,17172,40741,Richard Edwards,ALP,,17172,1.0,1.0,ALP:17172,UNSPECIFIED:17172,OBSERVED_LAST_SURVIVOR_EXIT,LAST_SURVIVOR_TALLY_AT_CATEGORY_EXIT,21841,IND,16372.0,0.7495993773178884,False
QLD,164,Groom,ALP,3,6,LNP>IND,1,0,17172,40741,Richard Edwards,ALP,,17172,1.0,1.0,ALP:17172,UNSPECIFIED:17172,OBSERVED_LAST_SURVIVOR_EXIT,LAST_SURVIVOR_TALLY_AT_CATEGORY_EXIT,21841,LNP,5469.0,0.2504006226821116,False
QLD,164,Groom,ALP,3,6,LNP>IND,1,0,17172,40741,Richard Edwards,ALP,,17172,1.0,1.0,ALP:17172,UNSPECIFIED:17172,PROPORTIONAL_PRIMARY_ORIGIN_PASS_THROUGH,ALL_CATEGORY_PRIMARY_VOTES_TRACED_PROPORTIONALLY,17172,IND,12872.12050730278,0.7495993773178884,True
QLD,164,Groom,ALP,3,6,LNP>IND,1,0,17172,40741,Richard Edwards,ALP,,17172,1.0,1.0,ALP:17172,UNSPECIFIED:17172,PROPORTIONAL_PRIMARY_ORIGIN_PASS_THROUGH,ALL_CATEGORY_PRIMARY_VOTES_TRACED_PROPORTIONALLY,17172,LNP,4299.8794926972205,0.2504006226821116,True
QLD,164,Groom,ON,4,5,ALP>LNP>IND,1,0,9860,40942,Rebecca Konz,ON,,9860,1.0,1.0,ON:9860,UNSPECIFIED:9860,OBSERVED_LAST_SURVIVOR_EXIT,LAST_SURVIVOR_TALLY_AT_CATEGORY_EXIT,14381,ALP,1001.0,0.06960572978235172,False
QLD,164,Groom,ON,4,5,ALP>LNP>IND,1,0,9860,40942,Rebecca Konz,ON,,9860,1.0,1.0,ON:9860,UNSPECIFIED:9860,OBSERVED_LAST_SURVIVOR_EXIT,LAST_SURVIVOR_TALLY_AT_CATEGORY_EXIT,14381,IND,5908.0,0.4108198317224115,False
QLD,164,Groom,ON,4,5,ALP>LNP>IND,1,0,9860,40942,Rebecca Konz,ON,,9860,1.0,1.0,ON:9860,UNSPECIFIED:9860,OBSERVED_LAST_SURVIVOR_EXIT,LAST_SURVIVOR_TALLY_AT_CATEGORY_EXIT,14381,LNP,7472.0,0.5195744384952368,False
QLD,164,Groom,ON,4,5,ALP>LNP>IND,1,0,9860,40942,Rebecca Konz,ON,,9860,1.0,1.0,ON:9860,UNSPECIFIED:9860,PROPORTIONAL_PRIMARY_ORIGIN_PASS_THROUGH,ALL_CATEGORY_PRIMARY_VOTES_TRACED_PROPORTIONALLY,9860,ALP,686.3124956539879,0.06960572978235172,True
QLD,164,Groom,ON,4,5,ALP>LNP>IND,1,0,9860,40942,Rebecca Konz,ON,,9860,1.0,1.0,ON:9860,UNSPECIFIED:9860,PROPORTIONAL_PRIMARY_ORIGIN_PASS_THROUGH,ALL_CATEGORY_PRIMARY_VOTES_TRACED_PROPORTIONALLY,9860,IND,4050.683540782977,0.4108198317224115,True
QLD,164,Groom,ON,4,5,ALP>LNP>IND,1,0,9860,40942,Rebecca Konz,ON,,9860,1.0,1.0,ON:9860,UNSPECIFIED:9860,PROPORTIONAL_PRIMARY_ORIGIN_PASS_THROUGH,ALL_CATEGORY_PRIMARY_VOTES_TRACED_PROPORTIONALLY,9860,LNP,5123.003963563035,0.5195744384952368,True
QLD,164,Groom,GRN,5,4,ALP>LNP>ON>IND,1,0,5757,41242,Alyce Nelligan,GRN,,5757,1.0,1.0,GRN:5757,UNSPECIFIED:5757,OBSERVED_LAST_SURVIVOR_EXIT,LAST_SURVIVOR_TALLY_AT_CATEGORY_EXIT,6513,ALP,2741.0,0.420850606479349,False
QLD,164,Groom,GRN,5,4,ALP>LNP>ON>IND,1,0,5757,41242,Alyce Nelligan,GRN,,5757,1.0,1.0,GRN:5757,UNSPECIFIED:5757,OBSERVED_LAST_SURVIVOR_EXIT,LAST_SURVIVOR_TALLY_AT_CATEGORY_EXIT,6513,IND,2661.0,0.40856748042376784,False
QLD,164,Groom,GRN,5,4,ALP>LNP>ON>IND,1,0,5757,41242,Alyce Nelligan,GRN,,5757,1.0,1.0,GRN:5757,UNSPECIFIED:5757,OBSERVED_LAST_SURVIVOR_EXIT,LAST_SURVIVOR_TALLY_AT_CATEGORY_EXIT,6513,LNP,497.0,0.07630892062029787,False
QLD,164,Groom,GRN,5,4,ALP>LNP>ON>IND,1,0,5757,41242,Alyce Nelligan,GRN,,5757,1.0,1.0,GRN:5757,UNSPECIFIED:5757,OBSERVED_LAST_SURVIVOR_EXIT,LAST_SURVIVOR_TALLY_AT_CATEGORY_EXIT,6513,ON,614.0,0.09427299247658529,False
QLD,164,Groom,GRN,5,4,ALP>LNP>ON>IND,1,0,5757,41242,Alyce Nelligan,GRN,,5757,1.0,1.0,GRN:5757,UNSPECIFIED:5757,PROPORTIONAL_PRIMARY_ORIGIN_PASS_THROUGH,ALL_CATEGORY_PRIMARY_VOTES_TRACED_PROPORTIONALLY,5757,ALP,2422.8369415016123,0.420850606479349,True
QLD,164,Groom,GRN,5,4,ALP>LNP>ON>IND,1,0,5757,41242,Alyce Nelligan,GRN,,5757,1.0,1.0,GRN:5757,UNSPECIFIED:5757,PROPORTIONAL_PRIMARY_ORIGIN_PASS_THROUGH,ALL_CATEGORY_PRIMARY_VOTES_TRACED_PROPORTIONALLY,5757,IND,2352.1229847996315,0.40856748042376784,True
QLD,164,Groom,GRN,5,4,ALP>LNP>ON>IND,1,0,5757,41242,Alyce Nelligan,GRN,,5757,1.0,1.0,GRN:5757,UNSPECIFIED:5757,PROPORTIONAL_PRIMARY_ORIGIN_PASS_THROUGH,ALL_CATEGORY_PRIMARY_VOTES_TRACED_PROPORTIONALLY,5757,LNP,439.31045601105484,0.07630892062029787,True
QLD,164,Groom,GRN,5,4,ALP>LNP>ON>IND,1,0,5757,41242,Alyce Nelligan,GRN,,5757,1.0,1.0,GRN:5757,UNSPECIFIED:5757,PROPORTIONAL_PRIMARY_ORIGIN_PASS_THROUGH,ALL_CATEGORY_PRIMARY_VOTES_TRACED_PROPORTIONALLY,5757,ON,542.7296176877015,0.0942729924765853,True
QLD,164,Groom,OTH,6,3,ALP>LNP>GRN>ON>IND,3,2,10434,40896,Alexandra Todd,OTH_FFPA,RIGHT,3894,0.37320299022426684,0.37320299022426684,OTH_FFPA:3894|IND_MINOR:3701|OTH_CYA:2839,RIGHT:6733|CENTRE:3701,OBSERVED_LAST_SURVIVOR_EXIT,LAST_SURVIVOR_TALLY_AT_CATEGORY_EXIT,4557,ALP,219.0,0.04805793285055958,False
QLD,164,Groom,OTH,6,3,ALP>LNP>GRN>ON>IND,3,2,10434,40896,Alexandra Todd,OTH_FFPA,RIGHT,3894,0.37320299022426684,0.37320299022426684,OTH_FFPA:3894|IND_MINOR:3701|OTH_CYA:2839,RIGHT:6733|CENTRE:3701,OBSERVED_LAST_SURVIVOR_EXIT,LAST_SURVIVOR_TALLY_AT_CATEGORY_EXIT,4557,GRN,325.0,0.07131885012069344,False
QLD,164,Groom,OTH,6,3,ALP>LNP>GRN>ON>IND,3,2,10434,40896,Alexandra Todd,OTH_FFPA,RIGHT,3894,0.37320299022426684,0.37320299022426684,OTH_FFPA:3894|IND_MINOR:3701|OTH_CYA:2839,RIGHT:6733|CENTRE:3701,OBSERVED_LAST_SURVIVOR_EXIT,LAST_SURVIVOR_TALLY_AT_CATEGORY_EXIT,4557,IND,715.0,0.15690147026552556,False
QLD,164,Groom,OTH,6,3,ALP>LNP>GRN>ON>IND,3,2,10434,40896,Alexandra Todd,OTH_FFPA,RIGHT,3894,0.37320299022426684,0.37320299022426684,OTH_FFPA:3894|IND_MINOR:3701|OTH_CYA:2839,RIGHT:6733|CENTRE:3701,OBSERVED_LAST_SURVIVOR_EXIT,LAST_SURVIVOR_TALLY_AT_CATEGORY_EXIT,4557,LNP,755.0,0.16567917489576475,False
QLD,164,Groom,OTH,6,3,ALP>LNP>GRN>ON>IND,3,2,10434,40896,Alexandra Todd,OTH_FFPA,RIGHT,3894,0.37320299022426684,0.37320299022426684,OTH_FFPA:3894|IND_MINOR:3701|OTH_CYA:2839,RIGHT:6733|CENTRE:3701,OBSERVED_LAST_SURVIVOR_EXIT,LAST_SURVIVOR_TALLY_AT_CATEGORY_EXIT,4557,ON,2543.0,0.5580425718674566,False
QLD,164,Groom,OTH,6,3,ALP>LNP>GRN>ON>IND,3,2,10434,40896,Alexandra Todd,OTH_FFPA,RIGHT,3894,0.37320299022426684,0.37320299022426684,OTH_FFPA:3894|IND_MINOR:3701|OTH_CYA:2839,RIGHT:6733|CENTRE:3701,PROPORTIONAL_PRIMARY_ORIGIN_PASS_THROUGH,ALL_CATEGORY_PRIMARY_VOTES_TRACED_PROPORTIONALLY,10434,ALP,927.0,0.08884416331224843,True
QLD,164,Groom,OTH,6,3,ALP>LNP>GRN>ON>IND,3,2,10434,40896,Alexandra Todd,OTH_FFPA,RIGHT,3894,0.37320299022426684,0.37320299022426684,OTH_FFPA:3894|IND_MINOR:3701|OTH_CYA:2839,RIGHT:6733|CENTRE:3701,PROPORTIONAL_PRIMARY_ORIGIN_PASS_THROUGH,ALL_CATEGORY_PRIMARY_VOTES_TRACED_PROPORTIONALLY,10434,GRN,756.0,0.07245543415756182,True
QLD,164,Groom,OTH,6,3,ALP>LNP>GRN>ON>IND,3,2,10434,40896,Alexandra Todd,OTH_FFPA,RIGHT,3894,0.37320299022426684,0.37320299022426684,OTH_FFPA:3894|IND_MINOR:3701|OTH_CYA:2839,RIGHT:6733|CENTRE:3701,PROPORTIONAL_PRIMARY_ORIGIN_PASS_THROUGH,ALL_CATEGORY_PRIMARY_VOTES_TRACED_PROPORTIONALLY,10434,IND,3117.0,0.29873490511788386,True
QLD,164,Groom,OTH,6,3,ALP>LNP>GRN>ON>IND,3,2,10434,40896,Alexandra Todd,OTH_FFPA,RIGHT,3894,0.37320299022426684,0.37320299022426684,OTH_FFPA:3894|IND_MINOR:3701|OTH_CYA:2839,RIGHT:6733|CENTRE:3701,PROPORTIONAL_PRIMARY_ORIGIN_PASS_THROUGH,ALL_CATEGORY_PRIMARY_VOTES_TRACED_PROPORTIONALLY,10434,LNP,1727.0,0.16551658041019743,True
QLD,164,Groom,OTH,6,3,ALP>LNP>GRN>ON>IND,3,2,10434,40896,Alexandra Todd,OTH_FFPA,RIGHT,3894,0.37320299022426684,0.37320299022426684,OTH_FFPA:3894|IND_MINOR:3701|OTH_CYA:2839,RIGHT:6733|CENTRE:3701,PROPORTIONAL_PRIMARY_ORIGIN_PASS_THROUGH,ALL_CATEGORY_PRIMARY_VOTES_TRACED_PROPORTIONALLY,10434,ON,3907.0,0.3744489170021085,True
QLD,165,Herbert,OTH,3,6,ALP>LNP,4,3,13447,42011,Darryn Casson,OTH_KAP,CENTRE_RIGHT,6559,0.4877667881311817,0.4877667881311817,OTH_KAP:6559|OTH_GRPF:3255|OTH_CYA:2173|OTH_FFPA:1460,RIGHT:6888|CENTRE_RIGHT:6559,OBSERVED_LAST_SURVIVOR_EXIT,LAST_SURVIVOR_TALLY_AT_CATEGORY_EXIT,15259,ALP,5087.0,0.3333770233960286,False
QLD,165,Herbert,OTH,3,6,ALP>LNP,4,3,13447,42011,Darryn Casson,OTH_KAP,CENTRE_RIGHT,6559,0.4877667881311817,0.4877667881311817,OTH_KAP:6559|OTH_GRPF:3255|OTH_CYA:2173|OTH_FFPA:1460,RIGHT:6888|CENTRE_RIGHT:6559,OBSERVED_LAST_SURVIVOR_EXIT,LAST_SURVIVOR_TALLY_AT_CATEGORY_EXIT,15259,LNP,10172.0,0.6666229766039714,False
QLD,165,Herbert,OTH,3,6,ALP>LNP,4,3,13447,42011,Darryn Casson,OTH_KAP,CENTRE_RIGHT,6559,0.4877667881311817,0.4877667881311817,OTH_KAP:6559|OTH_GRPF:3255|OTH_CYA:2173|OTH_FFPA:1460,RIGHT:6888|CENTRE_RIGHT:6559,PROPORTIONAL_PRIMARY_ORIGIN_PASS_THROUGH,ALL_CATEGORY_PRIMARY_VOTES_TRACED_PROPORTIONALLY,13447,ALP,4739.009044677162,0.352421286880134,True
QLD,165,Herbert,OTH,3,6,ALP>LNP,4,3,13447,42011,Darryn Casson,OTH_KAP,CENTRE_RIGHT,6559,0.4877667881311817,0.4877667881311817,OTH_KAP:6559|OTH_GRPF:3255|OTH_CYA:2173|OTH_FFPA:1460,RIGHT:6888|CENTRE_RIGHT:6559,PROPORTIONAL_PRIMARY_ORIGIN_PASS_THROUGH,ALL_CATEGORY_PRIMARY_VOTES_TRACED_PROPORTIONALLY,13447,LNP,8707.990955322839,0.647578713119866,True
QLD,165,Herbert,GRN,4,5,ALP>LNP>OTH,1,0,9228,41245,Chris Evans,GRN,,9228,1.0,1.0,GRN:9228,UNSPECIFIED:9228,OBSERVED_LAST_SURVIVOR_EXIT,LAST_SURVIVOR_TALLY_AT_CATEGORY_EXIT,10398,ALP,7304.0,0.7024427774572033,False
QLD,165,Herbert,GRN,4,5,ALP>LNP>OTH,1,0,9228,41245,Chris Evans,GRN,,9228,1.0,1.0,GRN:9228,UNSPECIFIED:9228,OBSERVED_LAST_SURVIVOR_EXIT,LAST_SURVIVOR_TALLY_AT_CATEGORY_EXIT,10398,LNP,1328.0,0.12771686862858242,False
QLD,165,Herbert,GRN,4,5,ALP>LNP>OTH,1,0,9228,41245,Chris Evans,GRN,,9228,1.0,1.0,GRN:9228,UNSPECIFIED:9228,OBSERVED_LAST_SURVIVOR_EXIT,LAST_SURVIVOR_TALLY_AT_CATEGORY_EXIT,10398,OTH,1766.0,0.16984035391421426,False
QLD,165,Herbert,GRN,4,5,ALP>LNP>OTH,1,0,9228,41245,Chris Evans,GRN,,9228,1.0,1.0,GRN:9228,UNSPECIFIED:9228,PROPORTIONAL_PRIMARY_ORIGIN_PASS_THROUGH,ALL_CATEGORY_PRIMARY_VOTES_TRACED_PROPORTIONALLY,9228,ALP,6482.141950375072,0.7024427774572033,True
QLD,165,Herbert,GRN,4,5,ALP>LNP>OTH,1,0,9228,41245,Chris Evans,GRN,,9228,1.0,1.0,GRN:9228,UNSPECIFIED:9228,PROPORTIONAL_PRIMARY_ORIGIN_PASS_THROUGH,ALL_CATEGORY_PRIMARY_VOTES_TRACED_PROPORTIONALLY,9228,LNP,1178.5712637045585,0.12771686862858242,True
QLD,165,Herbert,GRN,4,5,ALP>LNP>OTH,1,0,9228,41245,Chris Evans,GRN,,9228,1.0,1.0,GRN:9228,UNSPECIFIED:9228,PROPORTIONAL_PRIMARY_ORIGIN_PASS_THROUGH,ALL_CATEGORY_PRIMARY_VOTES_TRACED_PROPORTIONALLY,9228,OTH,1567.286785920369,0.16984035391421426,True
QLD,165,Herbert,ON,5,4,ALP>LNP>GRN>OTH,1,0,5100,40945,Ross Macdonald,ON,,5100,1.0,1.0,ON:5100,UNSPECIFIED:5100,OBSERVED_LAST_SURVIVOR_EXIT,LAST_SURVIVOR_TALLY_AT_CATEGORY_EXIT,7014,ALP,336.0,0.04790419161676647,False
QLD,165,Herbert,ON,5,4,ALP>LNP>GRN>OTH,1,0,5100,40945,Ross Macdonald,ON,,5100,1.0,1.0,ON:5100,UNSPECIFIED:5100,OBSERVED_LAST_SURVIVOR_EXIT,LAST_SURVIVOR_TALLY_AT_CATEGORY_EXIT,7014,GRN,451.0,0.06429997148560022,False
QLD,165,Herbert,ON,5,4,ALP>LNP>GRN>OTH,1,0,5100,40945,Ross Macdonald,ON,,5100,1.0,1.0,ON:5100,UNSPECIFIED:5100,OBSERVED_LAST_SURVIVOR_EXIT,LAST_SURVIVOR_TALLY_AT_CATEGORY_EXIT,7014,LNP,1668.0,0.23781009409751924,False
QLD,165,Herbert,ON,5,4,ALP>LNP>GRN>OTH,1,0,5100,40945,Ross Macdonald,ON,,5100,1.0,1.0,ON:5100,UNSPECIFIED:5100,OBSERVED_LAST_SURVIVOR_EXIT,LAST_SURVIVOR_TALLY_AT_CATEGORY_EXIT,7014,OTH,4559.0,0.649985742800114,False
QLD,165,Herbert,ON,5,4,ALP>LNP>GRN>OTH,1,0,5100,40945,Ross Macdonald,ON,,5100,1.0,1.0,ON:5100,UNSPECIFIED:5100,PROPORTIONAL_PRIMARY_ORIGIN_PASS_THROUGH,ALL_CATEGORY_PRIMARY_VOTES_TRACED_PROPORTIONALLY,5100,ALP,244.311377245509,0.04790419161676647,True
QLD,165,Herbert,ON,5,4,ALP>LNP>GRN>OTH,1,0,5100,40945,Ross Macdonald,ON,,5100,1.0,1.0,ON:5100,UNSPECIFIED:5100,PROPORTIONAL_PRIMARY_ORIGIN_PASS_THROUGH,ALL_CATEGORY_PRIMARY_VOTES_TRACED_PROPORTIONALLY,5100,GRN,327.9298545765611,0.06429997148560022,True
QLD,165,Herbert,ON,5,4,ALP>LNP>GRN>OTH,1,0,5100,40945,Ross Macdonald,ON,,5100,1.0,1.0,ON:5100,UNSPECIFIED:5100,PROPORTIONAL_PRIMARY_ORIGIN_PASS_THROUGH,ALL_CATEGORY_PRIMARY_VOTES_TRACED_PROPORTIONALLY,5100,LNP,1212.8314798973481,0.23781009409751924,True
QLD,165,Herbert,ON,5,4,ALP>LNP>GRN>OTH,1,0,5100,40945,Ross Macdonald,ON,,5100,1.0,1.0,ON:5100,UNSPECIFIED:5100,PROPORTIONAL_PRIMARY_ORIGIN_PASS_THROUGH,ALL_CATEGORY_PRIMARY_VOTES_TRACED_PROPORTIONALLY,5100,OTH,3314.9272882805813,0.649985742800114,True
QLD,166,Hinkler,ON,3,5,ALP>LNP,1,0,14498,40948,Tyler Carman,ON,,14498,1.0,1.0,ON:14498,UNSPECIFIED:14498,OBSERVED_LAST_SURVIVOR_EXIT,LAST_SURVIVOR_TALLY_AT_CATEGORY_EXIT,22498,ALP,6811.0,0.3027380211574362,False
QLD,166,Hinkler,ON,3,5,ALP>LNP,1,0,14498,40948,Tyler Carman,ON,,14498,1.0,1.0,ON:14498,UNSPECIFIED:14498,OBSERVED_LAST_SURVIVOR_EXIT,LAST_SURVIVOR_TALLY_AT_CATEGORY_EXIT,22498,LNP,15687.0,0.6972619788425638,False
QLD,166,Hinkler,ON,3,5,ALP>LNP,1,0,14498,40948,Tyler Carman,ON,,14498,1.0,1.0,ON:14498,UNSPECIFIED:14498,PROPORTIONAL_PRIMARY_ORIGIN_PASS_THROUGH,ALL_CATEGORY_PRIMARY_VOTES_TRACED_PROPORTIONALLY,14498,ALP,4389.09583074051,0.3027380211574362,True
QLD,166,Hinkler,ON,3,5,ALP>LNP,1,0,14498,40948,Tyler Carman,ON,,14498,1.0,1.0,ON:14498,UNSPECIFIED:14498,PROPORTIONAL_PRIMARY_ORIGIN_PASS_THROUGH,ALL_CATEGORY_PRIMARY_VOTES_TRACED_PROPORTIONALLY,14498,LNP,10108.90416925949,0.6972619788425638,True
QLD,166,Hinkler,GRN,4,4,ALP>LNP>ON,1,0,8000,41249,Andrew Mclean,GRN,,8000,1.0,1.0,GRN:8000,UNSPECIFIED:8000,OBSERVED_LAST_SURVIVOR_EXIT,LAST_SURVIVOR_TALLY_AT_CATEGORY_EXIT,9719,ALP,5430.0,0.558699454676407,False
QLD,166,Hinkler,GRN,4,4,ALP>LNP>ON,1,0,8000,41249,Andrew Mclean,GRN,,8000,1.0,1.0,GRN:8000,UNSPECIFIED:8000,OBSERVED_LAST_SURVIVOR_EXIT,LAST_SURVIVOR_TALLY_AT_CATEGORY_EXIT,9719,LNP,2438.0,0.2508488527626299,False
QLD,166,Hinkler,GRN,4,4,ALP>LNP>ON,1,0,8000,41249,Andrew Mclean,GRN,,8000,1.0,1.0,GRN:8000,UNSPECIFIED:8000,OBSERVED_LAST_SURVIVOR_EXIT,LAST_SURVIVOR_TALLY_AT_CATEGORY_EXIT,9719,ON,1851.0,0.19045169256096306,False
QLD,166,Hinkler,GRN,4,4,ALP>LNP>ON,1,0,8000,41249,Andrew Mclean,GRN,,8000,1.0,1.0,GRN:8000,UNSPECIFIED:8000,PROPORTIONAL_PRIMARY_ORIGIN_PASS_THROUGH,ALL_CATEGORY_PRIMARY_VOTES_TRACED_PROPORTIONALLY,8000,ALP,4469.595637411257,0.558699454676407,True
QLD,166,Hinkler,GRN,4,4,ALP>LNP>ON,1,0,8000,41249,Andrew Mclean,GRN,,8000,1.0,1.0,GRN:8000,UNSPECIFIED:8000,PROPORTIONAL_PRIMARY_ORIGIN_PASS_THROUGH,ALL_CATEGORY_PRIMARY_VOTES_TRACED_PROPORTIONALLY,8000,LNP,2006.7908221010393,0.2508488527626299,True
QLD,166,Hinkler,GRN,4,4,ALP>LNP>ON,1,0,8000,41249,Andrew Mclean,GRN,,8000,1.0,1.0,GRN:8000,UNSPECIFIED:8000,PROPORTIONAL_PRIMARY_ORIGIN_PASS_THROUGH,ALL_CATEGORY_PRIMARY_VOTES_TRACED_PROPORTIONALLY,8000,ON,1523.6135404877045,0.19045169256096306,True
QLD,166,Hinkler,OTH,5,3,ALP>LNP>GRN>ON,3,2,11199,41360,Robert Blohberger,OTH_CYA,RIGHT,4220,0.3768193588713278,0.3768193588713278,OTH_CYA:4220|OTH_FFPA:3778|IND_MINOR:3201,RIGHT:7998|CENTRE:3201,OBSERVED_LAST_SURVIVOR_EXIT,LAST_SURVIVOR_TALLY_AT_CATEGORY_EXIT,5242,ALP,445.0,0.0848912628767646,False
QLD,166,Hinkler,OTH,5,3,ALP>LNP>GRN>ON,3,2,11199,41360,Robert Blohberger,OTH_CYA,RIGHT,4220,0.3768193588713278,0.3768193588713278,OTH_CYA:4220|OTH_FFPA:3778|IND_MINOR:3201,RIGHT:7998|CENTRE:3201,OBSERVED_LAST_SURVIVOR_EXIT,LAST_SURVIVOR_TALLY_AT_CATEGORY_EXIT,5242,GRN,514.0,0.09805417779473484,False
QLD,166,Hinkler,OTH,5,3,ALP>LNP>GRN>ON,3,2,11199,41360,Robert Blohberger,OTH_CYA,RIGHT,4220,0.3768193588713278,0.3768193588713278,OTH_CYA:4220|OTH_FFPA:3778|IND_MINOR:3201,RIGHT:7998|CENTRE:3201,OBSERVED_LAST_SURVIVOR_EXIT,LAST_SURVIVOR_TALLY_AT_CATEGORY_EXIT,5242,LNP,630.0,0.12018313620755437,False
QLD,166,Hinkler,OTH,5,3,ALP>LNP>GRN>ON,3,2,11199,41360,Robert Blohberger,OTH_CYA,RIGHT,4220,0.3768193588713278,0.3768193588713278,OTH_CYA:4220|OTH_FFPA:3778|IND_MINOR:3201,RIGHT:7998|CENTRE:3201,OBSERVED_LAST_SURVIVOR_EXIT,LAST_SURVIVOR_TALLY_AT_CATEGORY_EXIT,5242,ON,3653.0,0.6968714231209462,False
QLD,166,Hinkler,OTH,5,3,ALP>LNP>GRN>ON,3,2,11199,41360,Robert Blohberger,OTH_CYA,RIGHT,4220,0.3768193588713278,0.3768193588713278,OTH_CYA:4220|OTH_FFPA:3778|IND_MINOR:3201,RIGHT:7998|CENTRE:3201,PROPORTIONAL_PRIMARY_ORIGIN_PASS_THROUGH,ALL_CATEGORY_PRIMARY_VOTES_TRACED_PROPORTIONALLY,11199,ALP,1491.0000000000002,0.13313688722207342,True
QLD,166,Hinkler,OTH,5,3,ALP>LNP>GRN>ON,3,2,11199,41360,Robert Blohberger,OTH_CYA,RIGHT,4220,0.3768193588713278,0.3768193588713278,OTH_CYA:4220|OTH_FFPA:3778|IND_MINOR:3201,RIGHT:7998|CENTRE:3201,PROPORTIONAL_PRIMARY_ORIGIN_PASS_THROUGH,ALL_CATEGORY_PRIMARY_VOTES_TRACED_PROPORTIONALLY,11199,GRN,1719.0,0.15349584784355746,True
QLD,166,Hinkler,OTH,5,3,ALP>LNP>GRN>ON,3,2,11199,41360,Robert Blohberger,OTH_CYA,RIGHT,4220,0.3768193588713278,0.3768193588713278,OTH_CYA:4220|OTH_FFPA:3778|IND_MINOR:3201,RIGHT:7998|CENTRE:3201,PROPORTIONAL_PRIMARY_ORIGIN_PASS_THROUGH,ALL_CATEGORY_PRIMARY_VOTES_TRACED_PROPORTIONALLY,11199,LNP,1839.9999999999998,0.16430038396285382,True
QLD,166,Hinkler,OTH,5,3,ALP>LNP>GRN>ON,3,2,11199,41360,Robert Blohberger,OTH_CYA,RIGHT,4220,0.3768193588713278,0.3768193588713278,OTH_CYA:4220|OTH_FFPA:3778|IND_MINOR:3201,RIGHT:7998|CENTRE:3201,PROPORTIONAL_PRIMARY_ORIGIN_PASS_THROUGH,ALL_CATEGORY_PRIMARY_VOTES_TRACED_PROPORTIONALLY,11199,ON,6149.0,0.5490668809715153,True
QLD,167,Kennedy,ALP,3,6,LNP>OTH,1,0,15917,40760,Sharon Winn,ALP,,15917,1.0,1.0,ALP:15917,UNSPECIFIED:15917,OBSERVED_LAST_SURVIVOR_EXIT,LAST_SURVIVOR_TALLY_AT_CATEGORY_EXIT,21491,LNP,6391.0,0.2973802987297008,False
QLD,167,Kennedy,ALP,3,6,LNP>OTH,1,0,15917,40760,Sharon Winn,ALP,,15917,1.0,1.0,ALP:15917,UNSPECIFIED:15917,OBSERVED_LAST_SURVIVOR_EXIT,LAST_SURVIVOR_TALLY_AT_CATEGORY_EXIT,21491,OTH,15100.0,0.7026197012702992,False
QLD,167,Kennedy,ALP,3,6,LNP>OTH,1,0,15917,40760,Sharon Winn,ALP,,15917,1.0,1.0,ALP:15917,UNSPECIFIED:15917,PROPORTIONAL_PRIMARY_ORIGIN_PASS_THROUGH,ALL_CATEGORY_PRIMARY_VOTES_TRACED_PROPORTIONALLY,15917,LNP,4733.402214880647,0.2973802987297008,True
QLD,167,Kennedy,ALP,3,6,LNP>OTH,1,0,15917,40760,Sharon Winn,ALP,,15917,1.0,1.0,ALP:15917,UNSPECIFIED:15917,PROPORTIONAL_PRIMARY_ORIGIN_PASS_THROUGH,ALL_CATEGORY_PRIMARY_VOTES_TRACED_PROPORTIONALLY,15917,OTH,11183.597785119351,0.7026197012702992,True
QLD,167,Kennedy,ON,4,5,ALP>LNP>OTH,1,0,7541,40950,Kate Harris,ON,,7541,1.0,1.0,ON:7541,UNSPECIFIED:7541,OBSERVED_LAST_SURVIVOR_EXIT,LAST_SURVIVOR_TALLY_AT_CATEGORY_EXIT,9593,ALP,933.0,0.09725841759616387,False
QLD,167,Kennedy,ON,4,5,ALP>LNP>OTH,1,0,7541,40950,Kate Harris,ON,,7541,1.0,1.0,ON:7541,UNSPECIFIED:7541,OBSERVED_LAST_SURVIVOR_EXIT,LAST_SURVIVOR_TALLY_AT_CATEGORY_EXIT,9593,LNP,2256.0,0.23517147920358594,False
QLD,167,Kennedy,ON,4,5,ALP>LNP>OTH,1,0,7541,40950,Kate Harris,ON,,7541,1.0,1.0,ON:7541,UNSPECIFIED:7541,OBSERVED_LAST_SURVIVOR_EXIT,LAST_SURVIVOR_TALLY_AT_CATEGORY_EXIT,9593,OTH,6404.0,0.6675701032002502,False
QLD,167,Kennedy,ON,4,5,ALP>LNP>OTH,1,0,7541,40950,Kate Harris,ON,,7541,1.0,1.0,ON:7541,UNSPECIFIED:7541,PROPORTIONAL_PRIMARY_ORIGIN_PASS_THROUGH,ALL_CATEGORY_PRIMARY_VOTES_TRACED_PROPORTIONALLY,7541,ALP,733.4257270926718,0.09725841759616387,True
QLD,167,Kennedy,ON,4,5,ALP>LNP>OTH,1,0,7541,40950,Kate Harris,ON,,7541,1.0,1.0,ON:7541,UNSPECIFIED:7541,PROPORTIONAL_PRIMARY_ORIGIN_PASS_THROUGH,ALL_CATEGORY_PRIMARY_VOTES_TRACED_PROPORTIONALLY,7541,LNP,1773.4281246742416,0.23517147920358594,True
QLD,167,Kennedy,ON,4,5,ALP>LNP>OTH,1,0,7541,40950,Kate Harris,ON,,7541,1.0,1.0,ON:7541,UNSPECIFIED:7541,PROPORTIONAL_PRIMARY_ORIGIN_PASS_THROUGH,ALL_CATEGORY_PRIMARY_VOTES_TRACED_PROPORTIONALLY,7541,OTH,5034.146148233087,0.6675701032002502,True
QLD,167,Kennedy,GRN,5,4,ALP>LNP>ON>OTH,1,0,5761,41255,Carole Stanford,GRN,,5761,1.0,1.0,GRN:5761,UNSPECIFIED:5761,OBSERVED_LAST_SURVIVOR_EXIT,LAST_SURVIVOR_TALLY_AT_CATEGORY_EXIT,6673,ALP,4101.0,0.6145661621459614,False
QLD,167,Kennedy,GRN,5,4,ALP>LNP>ON>OTH,1,0,5761,41255,Carole Stanford,GRN,,5761,1.0,1.0,GRN:5761,UNSPECIFIED:5761,OBSERVED_LAST_SURVIVOR_EXIT,LAST_SURVIVOR_TALLY_AT_CATEGORY_EXIT,6673,LNP,768.0,0.11509066386932414,False
QLD,167,Kennedy,GRN,5,4,ALP>LNP>ON>OTH,1,0,5761,41255,Carole Stanford,GRN,,5761,1.0,1.0,GRN:5761,UNSPECIFIED:5761,OBSERVED_LAST_SURVIVOR_EXIT,LAST_SURVIVOR_TALLY_AT_CATEGORY_EXIT,6673,ON,733.0,0.10984564663569608,False
QLD,167,Kennedy,GRN,5,4,ALP>LNP>ON>OTH,1,0,5761,41255,Carole Stanford,GRN,,5761,1.0,1.0,GRN:5761,UNSPECIFIED:5761,OBSERVED_LAST_SURVIVOR_EXIT,LAST_SURVIVOR_TALLY_AT_CATEGORY_EXIT,6673,OTH,1071.0,0.16049752734901843,False
QLD,167,Kennedy,GRN,5,4,ALP>LNP>ON>OTH,1,0,5761,41255,Carole Stanford,GRN,,5761,1.0,1.0,GRN:5761,UNSPECIFIED:5761,PROPORTIONAL_PRIMARY_ORIGIN_PASS_THROUGH,ALL_CATEGORY_PRIMARY_VOTES_TRACED_PROPORTIONALLY,5761,ALP,3540.5156601228837,0.6145661621459614,True
QLD,167,Kennedy,GRN,5,4,ALP>LNP>ON>OTH,1,0,5761,41255,Carole Stanford,GRN,,5761,1.0,1.0,GRN:5761,UNSPECIFIED:5761,PROPORTIONAL_PRIMARY_ORIGIN_PASS_THROUGH,ALL_CATEGORY_PRIMARY_VOTES_TRACED_PROPORTIONALLY,5761,LNP,663.0373145511763,0.11509066386932414,True
QLD,167,Kennedy,GRN,5,4,ALP>LNP>ON>OTH,1,0,5761,41255,Carole Stanford,GRN,,5761,1.0,1.0,GRN:5761,UNSPECIFIED:5761,PROPORTIONAL_PRIMARY_ORIGIN_PASS_THROUGH,ALL_CATEGORY_PRIMARY_VOTES_TRACED_PROPORTIONALLY,5761,ON,632.8207702682452,0.10984564663569608,True
QLD,167,Kennedy,GRN,5,4,ALP>LNP>ON>OTH,1,0,5761,41255,Carole Stanford,GRN,,5761,1.0,1.0,GRN:5761,UNSPECIFIED:5761,PROPORTIONAL_PRIMARY_ORIGIN_PASS_THROUGH,ALL_CATEGORY_PRIMARY_VOTES_TRACED_PROPORTIONALLY,5761,OTH,924.6262550576952,0.16049752734901843,True
QLD,168,Leichhardt,ON,3,8,ALP>LNP,1,0,7568,40953,Robert Hicks,ON,,7568,1.0,1.0,ON:7568,UNSPECIFIED:7568,OBSERVED_LAST_SURVIVOR_EXIT,LAST_SURVIVOR_TALLY_AT_CATEGORY_EXIT,18255,ALP,6553.0,0.358970145165708,False
QLD,168,Leichhardt,ON,3,8,ALP>LNP,1,0,7568,40953,Robert Hicks,ON,,7568,1.0,1.0,ON:7568,UNSPECIFIED:7568,OBSERVED_LAST_SURVIVOR_EXIT,LAST_SURVIVOR_TALLY_AT_CATEGORY_EXIT,18255,LNP,11702.0,0.641029854834292,False
QLD,168,Leichhardt,ON,3,8,ALP>LNP,1,0,7568,40953,Robert Hicks,ON,,7568,1.0,1.0,ON:7568,UNSPECIFIED:7568,PROPORTIONAL_PRIMARY_ORIGIN_PASS_THROUGH,ALL_CATEGORY_PRIMARY_VOTES_TRACED_PROPORTIONALLY,7568,ALP,2716.6860586140783,0.358970145165708,True
QLD,168,Leichhardt,ON,3,8,ALP>LNP,1,0,7568,40953,Robert Hicks,ON,,7568,1.0,1.0,ON:7568,UNSPECIFIED:7568,PROPORTIONAL_PRIMARY_ORIGIN_PASS_THROUGH,ALL_CATEGORY_PRIMARY_VOTES_TRACED_PROPORTIONALLY,7568,LNP,4851.313941385922,0.641029854834292,True
QLD,168,Leichhardt,GRN,4,7,ALP>LNP>ON,1,0,8776,41258,Phillip Musumeci,GRN,,8776,1.0,1.0,GRN:8776,UNSPECIFIED:8776,OBSERVED_LAST_SURVIVOR_EXIT,LAST_SURVIVOR_TALLY_AT_CATEGORY_EXIT,11827,ALP,8621.0,0.7289253403229897,False
QLD,168,Leichhardt,GRN,4,7,ALP>LNP>ON,1,0,8776,41258,Phillip Musumeci,GRN,,8776,1.0,1.0,GRN:8776,UNSPECIFIED:8776,OBSERVED_LAST_SURVIVOR_EXIT,LAST_SURVIVOR_TALLY_AT_CATEGORY_EXIT,11827,LNP,1419.0,0.11997970744905724,False
QLD,168,Leichhardt,GRN,4,7,ALP>LNP>ON,1,0,8776,41258,Phillip Musumeci,GRN,,8776,1.0,1.0,GRN:8776,UNSPECIFIED:8776,OBSERVED_LAST_SURVIVOR_EXIT,LAST_SURVIVOR_TALLY_AT_CATEGORY_EXIT,11827,ON,1787.0,0.151094952227953,False
QLD,168,Leichhardt,GRN,4,7,ALP>LNP>ON,1,0,8776,41258,Phillip Musumeci,GRN,,8776,1.0,1.0,GRN:8776,UNSPECIFIED:8776,PROPORTIONAL_PRIMARY_ORIGIN_PASS_THROUGH,ALL_CATEGORY_PRIMARY_VOTES_TRACED_PROPORTIONALLY,8776,ALP,6397.048786674558,0.7289253403229897,True
QLD,168,Leichhardt,GRN,4,7,ALP>LNP>ON,1,0,8776,41258,Phillip Musumeci,GRN,,8776,1.0,1.0,GRN:8776,UNSPECIFIED:8776,PROPORTIONAL_PRIMARY_ORIGIN_PASS_THROUGH,ALL_CATEGORY_PRIMARY_VOTES_TRACED_PROPORTIONALLY,8776,LNP,1052.9419125729264,0.11997970744905725,True
QLD,168,Leichhardt,GRN,4,7,ALP>LNP>ON,1,0,8776,41258,Phillip Musumeci,GRN,,8776,1.0,1.0,GRN:8776,UNSPECIFIED:8776,PROPORTIONAL_PRIMARY_ORIGIN_PASS_THROUGH,ALL_CATEGORY_PRIMARY_VOTES_TRACED_PROPORTIONALLY,8776,ON,1326.0093007525154,0.151094952227953,True
QLD,168,Leichhardt,OTH,5,6,ALP>LNP>GRN>ON,6,5,17902,41835,Daniel Collins,OTH_KAP,CENTRE_RIGHT,5997,0.33499050385431794,0.33499050385431794,OTH_KAP:5997|OTH_HMP:5359|OTH_CYA:2149|OTH_FFPA:1796|IND_MINOR:1659|OTH_LTP:942,CENTRE_RIGHT:5997|CENTRE_LEFT:5359|RIGHT:4887|CENTRE:1659,OBSERVED_LAST_SURVIVOR_EXIT,LAST_SURVIVOR_TALLY_AT_CATEGORY_EXIT,8263,ALP,1187.0,0.14365242647948687,False
QLD,168,Leichhardt,OTH,5,6,ALP>LNP>GRN>ON,6,5,17902,41835,Daniel Collins,OTH_KAP,CENTRE_RIGHT,5997,0.33499050385431794,0.33499050385431794,OTH_KAP:5997|OTH_HMP:5359|OTH_CYA:2149|OTH_FFPA:1796|IND_MINOR:1659|OTH_LTP:942,CENTRE_RIGHT:5997|CENTRE_LEFT:5359|RIGHT:4887|CENTRE:1659,OBSERVED_LAST_SURVIVOR_EXIT,LAST_SURVIVOR_TALLY_AT_CATEGORY_EXIT,8263,GRN,724.0,0.08761950865303159,False
QLD,168,Leichhardt,OTH,5,6,ALP>LNP>GRN>ON,6,5,17902,41835,Daniel Collins,OTH_KAP,CENTRE_RIGHT,5997,0.33499050385431794,0.33499050385431794,OTH_KAP:5997|OTH_HMP:5359|OTH_CYA:2149|OTH_FFPA:1796|IND_MINOR:1659|OTH_LTP:942,CENTRE_RIGHT:5997|CENTRE_LEFT:5359|RIGHT:4887|CENTRE:1659,OBSERVED_LAST_SURVIVOR_EXIT,LAST_SURVIVOR_TALLY_AT_CATEGORY_EXIT,8263,LNP,1244.0,0.15055064746460123,False
QLD,168,Leichhardt,OTH,5,6,ALP>LNP>GRN>ON,6,5,17902,41835,Daniel Collins,OTH_KAP,CENTRE_RIGHT,5997,0.33499050385431794,0.33499050385431794,OTH_KAP:5997|OTH_HMP:5359|OTH_CYA:2149|OTH_FFPA:1796|IND_MINOR:1659|OTH_LTP:942,CENTRE_RIGHT:5997|CENTRE_LEFT:5359|RIGHT:4887|CENTRE:1659,OBSERVED_LAST_SURVIVOR_EXIT,LAST_SURVIVOR_TALLY_AT_CATEGORY_EXIT,8263,ON,5108.0,0.6181774174028803,False
QLD,168,Leichhardt,OTH,5,6,ALP>LNP>GRN>ON,6,5,17902,41835,Daniel Collins,OTH_KAP,CENTRE_RIGHT,5997,0.33499050385431794,0.33499050385431794,OTH_KAP:5997|OTH_HMP:5359|OTH_CYA:2149|OTH_FFPA:1796|IND_MINOR:1659|OTH_LTP:942,CENTRE_RIGHT:5997|CENTRE_LEFT:5359|RIGHT:4887|CENTRE:1659,PROPORTIONAL_PRIMARY_ORIGIN_PASS_THROUGH,ALL_CATEGORY_PRIMARY_VOTES_TRACED_PROPORTIONALLY,17902,ALP,3305.0000000000005,0.18461624399508436,True
QLD,168,Leichhardt,OTH,5,6,ALP>LNP>GRN>ON,6,5,17902,41835,Daniel Collins,OTH_KAP,CENTRE_RIGHT,5997,0.33499050385431794,0.33499050385431794,OTH_KAP:5997|OTH_HMP:5359|OTH_CYA:2149|OTH_FFPA:1796|IND_MINOR:1659|OTH_LTP:942,CENTRE_RIGHT:5997|CENTRE_LEFT:5359|RIGHT:4887|CENTRE:1659,PROPORTIONAL_PRIMARY_ORIGIN_PASS_THROUGH,ALL_CATEGORY_PRIMARY_VOTES_TRACED_PROPORTIONALLY,17902,GRN,3051.0,0.17042788515249693,True
QLD,168,Leichhardt,OTH,5,6,ALP>LNP>GRN>ON,6,5,17902,41835,Daniel Collins,OTH_KAP,CENTRE_RIGHT,5997,0.33499050385431794,0.33499050385431794,OTH_KAP:5997|OTH_HMP:5359|OTH_CYA:2149|OTH_FFPA:1796|IND_MINOR:1659|OTH_LTP:942,CENTRE_RIGHT:5997|CENTRE_LEFT:5359|RIGHT:4887|CENTRE:1659,PROPORTIONAL_PRIMARY_ORIGIN_PASS_THROUGH,ALL_CATEGORY_PRIMARY_VOTES_TRACED_PROPORTIONALLY,17902,LNP,2646.0,0.14780471455703273,True
QLD,168,Leichhardt,OTH,5,6,ALP>LNP>GRN>ON,6,5,17902,41835,Daniel Collins,OTH_KAP,CENTRE_RIGHT,5997,0.33499050385431794,0.33499050385431794,OTH_KAP:5997|OTH_HMP:5359|OTH_CYA:2149|OTH_FFPA:1796|IND_MINOR:1659|OTH_LTP:942,CENTRE_RIGHT:5997|CENTRE_LEFT:5359|RIGHT:4887|CENTRE:1659,PROPORTIONAL_PRIMARY_ORIGIN_PASS_THROUGH,ALL_CATEGORY_PRIMARY_VOTES_TRACED_PROPORTIONALLY,17902,ON,8900.0,0.497151156295386,True
QLD,169,Lilley,GRN,3,4,ALP>LNP,1,0,17294,41290,Melissa Stevens,GRN,,17294,1.0,1.0,GRN:17294,UNSPECIFIED:17294,OBSERVED_LAST_SURVIVOR_EXIT,LAST_SURVIVOR_TALLY_AT_CATEGORY_EXIT,19411,ALP,17163.0,0.884189377157282,False
QLD,169,Lilley,GRN,3,4,ALP>LNP,1,0,17294,41290,Melissa Stevens,GRN,,17294,1.0,1.0,GRN:17294,UNSPECIFIED:17294,OBSERVED_LAST_SURVIVOR_EXIT,LAST_SURVIVOR_TALLY_AT_CATEGORY_EXIT,19411,LNP,2248.0,0.11581062284271805,False
QLD,169,Lilley,GRN,3,4,ALP>LNP,1,0,17294,41290,Melissa Stevens,GRN,,17294,1.0,1.0,GRN:17294,UNSPECIFIED:17294,PROPORTIONAL_PRIMARY_ORIGIN_PASS_THROUGH,ALL_CATEGORY_PRIMARY_VOTES_TRACED_PROPORTIONALLY,17294,ALP,15291.171088558034,0.884189377157282,True
QLD,169,Lilley,GRN,3,4,ALP>LNP,1,0,17294,41290,Melissa Stevens,GRN,,17294,1.0,1.0,GRN:17294,UNSPECIFIED:17294,PROPORTIONAL_PRIMARY_ORIGIN_PASS_THROUGH,ALL_CATEGORY_PRIMARY_VOTES_TRACED_PROPORTIONALLY,17294,LNP,2002.828911441966,0.11581062284271805,True
QLD,169,Lilley,ON,4,3,ALP>LNP>GRN,1,0,4485,40956,Michelle Mckay,ON,,4485,1.0,1.0,ON:4485,UNSPECIFIED:4485,OBSERVED_LAST_SURVIVOR_EXIT,LAST_SURVIVOR_TALLY_AT_CATEGORY_EXIT,7478,ALP,1195.0,0.15980208611928323,False
QLD,169,Lilley,ON,4,3,ALP>LNP>GRN,1,0,4485,40956,Michelle Mckay,ON,,4485,1.0,1.0,ON:4485,UNSPECIFIED:4485,OBSERVED_LAST_SURVIVOR_EXIT,LAST_SURVIVOR_TALLY_AT_CATEGORY_EXIT,7478,GRN,1354.0,0.18106445573682803,False
QLD,169,Lilley,ON,4,3,ALP>LNP>GRN,1,0,4485,40956,Michelle Mckay,ON,,4485,1.0,1.0,ON:4485,UNSPECIFIED:4485,OBSERVED_LAST_SURVIVOR_EXIT,LAST_SURVIVOR_TALLY_AT_CATEGORY_EXIT,7478,LNP,4929.0,0.6591334581438888,False
QLD,169,Lilley,ON,4,3,ALP>LNP>GRN,1,0,4485,40956,Michelle Mckay,ON,,4485,1.0,1.0,ON:4485,UNSPECIFIED:4485,PROPORTIONAL_PRIMARY_ORIGIN_PASS_THROUGH,ALL_CATEGORY_PRIMARY_VOTES_TRACED_PROPORTIONALLY,4485,ALP,716.7123562449852,0.15980208611928323,True
QLD,169,Lilley,ON,4,3,ALP>LNP>GRN,1,0,4485,40956,Michelle Mckay,ON,,4485,1.0,1.0,ON:4485,UNSPECIFIED:4485,PROPORTIONAL_PRIMARY_ORIGIN_PASS_THROUGH,ALL_CATEGORY_PRIMARY_VOTES_TRACED_PROPORTIONALLY,4485,GRN,812.0740839796737,0.18106445573682803,True
QLD,169,Lilley,ON,4,3,ALP>LNP>GRN,1,0,4485,40956,Michelle Mckay,ON,,4485,1.0,1.0,ON:4485,UNSPECIFIED:4485,PROPORTIONAL_PRIMARY_ORIGIN_PASS_THROUGH,ALL_CATEGORY_PRIMARY_VOTES_TRACED_PROPORTIONALLY,4485,LNP,2956.2135597753413,0.6591334581438888,True
QLD,169,Lilley,OTH,5,2,ALP>LNP>GRN>ON,2,1,5874,41376,Joshua Morrison,OTH_CYA,RIGHT,3128,0.5325161729656112,0.5325161729656112,OTH_CYA:3128|OTH_FFPA:2746,RIGHT:5874,OBSERVED_LAST_SURVIVOR_EXIT,LAST_SURVIVOR_TALLY_AT_CATEGORY_EXIT,3613,ALP,771.0,0.21339606974813174,False
QLD,169,Lilley,OTH,5,2,ALP>LNP>GRN>ON,2,1,5874,41376,Joshua Morrison,OTH_CYA,RIGHT,3128,0.5325161729656112,0.5325161729656112,OTH_CYA:3128|OTH_FFPA:2746,RIGHT:5874,OBSERVED_LAST_SURVIVOR_EXIT,LAST_SURVIVOR_TALLY_AT_CATEGORY_EXIT,3613,GRN,382.0,0.10572931082203155,False
QLD,169,Lilley,OTH,5,2,ALP>LNP>GRN>ON,2,1,5874,41376,Joshua Morrison,OTH_CYA,RIGHT,3128,0.5325161729656112,0.5325161729656112,OTH_CYA:3128|OTH_FFPA:2746,RIGHT:5874,OBSERVED_LAST_SURVIVOR_EXIT,LAST_SURVIVOR_TALLY_AT_CATEGORY_EXIT,3613,LNP,608.0,0.16828120675339053,False
QLD,169,Lilley,OTH,5,2,ALP>LNP>GRN>ON,2,1,5874,41376,Joshua Morrison,OTH_CYA,RIGHT,3128,0.5325161729656112,0.5325161729656112,OTH_CYA:3128|OTH_FFPA:2746,RIGHT:5874,OBSERVED_LAST_SURVIVOR_EXIT,LAST_SURVIVOR_TALLY_AT_CATEGORY_EXIT,3613,ON,1852.0,0.5125934126764462,False
QLD,169,Lilley,OTH,5,2,ALP>LNP>GRN>ON,2,1,5874,41376,Joshua Morrison,OTH_CYA,RIGHT,3128,0.5325161729656112,0.5325161729656112,OTH_CYA:3128|OTH_FFPA:2746,RIGHT:5874,PROPORTIONAL_PRIMARY_ORIGIN_PASS_THROUGH,ALL_CATEGORY_PRIMARY_VOTES_TRACED_PROPORTIONALLY,5874,ALP,1090.0,0.18556350017024173,True
QLD,169,Lilley,OTH,5,2,ALP>LNP>GRN>ON,2,1,5874,41376,Joshua Morrison,OTH_CYA,RIGHT,3128,0.5325161729656112,0.5325161729656112,OTH_CYA:3128|OTH_FFPA:2746,RIGHT:5874,PROPORTIONAL_PRIMARY_ORIGIN_PASS_THROUGH,ALL_CATEGORY_PRIMARY_VOTES_TRACED_PROPORTIONALLY,5874,GRN,763.0,0.12989445011916922,True
QLD,169,Lilley,OTH,5,2,ALP>LNP>GRN>ON,2,1,5874,41376,Joshua Morrison,OTH_CYA,RIGHT,3128,0.5325161729656112,0.5325161729656112,OTH_CYA:3128|OTH_FFPA:2746,RIGHT:5874,PROPORTIONAL_PRIMARY_ORIGIN_PASS_THROUGH,ALL_CATEGORY_PRIMARY_VOTES_TRACED_PROPORTIONALLY,5874,LNP,1028.0,0.17500851208716378,True
QLD,169,Lilley,OTH,5,2,ALP>LNP>GRN>ON,2,1,5874,41376,Joshua Morrison,OTH_CYA,RIGHT,3128,0.5325161729656112,0.5325161729656112,OTH_CYA:3128|OTH_FFPA:2746,RIGHT:5874,PROPORTIONAL_PRIMARY_ORIGIN_PASS_THROUGH,ALL_CATEGORY_PRIMARY_VOTES_TRACED_PROPORTIONALLY,5874,ON,2993.0,0.5095335376234252,True
QLD,302,Longman,ON,3,4,ALP>LNP,1,0,12062,40959,Peter Mccasker,ON,,12062,1.0,1.0,ON:12062,UNSPECIFIED:12062,OBSERVED_LAST_SURVIVOR_EXIT,LAST_SURVIVOR_TALLY_AT_CATEGORY_EXIT,20362,ALP,6872.0,0.3374914055593753,False
QLD,302,Longman,ON,3,4,ALP>LNP,1,0,12062,40959,Peter Mccasker,ON,,12062,1.0,1.0,ON:12062,UNSPECIFIED:12062,OBSERVED_LAST_SURVIVOR_EXIT,LAST_SURVIVOR_TALLY_AT_CATEGORY_EXIT,20362,LNP,13490.0,0.6625085944406247,False
QLD,302,Longman,ON,3,4,ALP>LNP,1,0,12062,40959,Peter Mccasker,ON,,12062,1.0,1.0,ON:12062,UNSPECIFIED:12062,PROPORTIONAL_PRIMARY_ORIGIN_PASS_THROUGH,ALL_CATEGORY_PRIMARY_VOTES_TRACED_PROPORTIONALLY,12062,ALP,4070.8213338571845,0.3374914055593753,True
QLD,302,Longman,ON,3,4,ALP>LNP,1,0,12062,40959,Peter Mccasker,ON,,12062,1.0,1.0,ON:12062,UNSPECIFIED:12062,PROPORTIONAL_PRIMARY_ORIGIN_PASS_THROUGH,ALL_CATEGORY_PRIMARY_VOTES_TRACED_PROPORTIONALLY,12062,LNP,7991.178666142815,0.6625085944406247,True
QLD,302,Longman,GRN,4,3,ALP>LNP>ON,1,0,12014,41263,Gabrielle Unverzagt,GRN,,12014,1.0,1.0,GRN:12014,UNSPECIFIED:12014,OBSERVED_LAST_SURVIVOR_EXIT,LAST_SURVIVOR_TALLY_AT_CATEGORY_EXIT,13373,ALP,9250.0,0.6916922156584162,False
QLD,302,Longman,GRN,4,3,ALP>LNP>ON,1,0,12014,41263,Gabrielle Unverzagt,GRN,,12014,1.0,1.0,GRN:12014,UNSPECIFIED:12014,OBSERVED_LAST_SURVIVOR_EXIT,LAST_SURVIVOR_TALLY_AT_CATEGORY_EXIT,13373,LNP,1572.0,0.11755028789351679,False
QLD,302,Longman,GRN,4,3,ALP>LNP>ON,1,0,12014,41263,Gabrielle Unverzagt,GRN,,12014,1.0,1.0,GRN:12014,UNSPECIFIED:12014,OBSERVED_LAST_SURVIVOR_EXIT,LAST_SURVIVOR_TALLY_AT_CATEGORY_EXIT,13373,ON,2551.0,0.190757496448067,False
QLD,302,Longman,GRN,4,3,ALP>LNP>ON,1,0,12014,41263,Gabrielle Unverzagt,GRN,,12014,1.0,1.0,GRN:12014,UNSPECIFIED:12014,PROPORTIONAL_PRIMARY_ORIGIN_PASS_THROUGH,ALL_CATEGORY_PRIMARY_VOTES_TRACED_PROPORTIONALLY,12014,ALP,8309.990278920211,0.6916922156584161,True
QLD,302,Longman,GRN,4,3,ALP>LNP>ON,1,0,12014,41263,Gabrielle Unverzagt,GRN,,12014,1.0,1.0,GRN:12014,UNSPECIFIED:12014,PROPORTIONAL_PRIMARY_ORIGIN_PASS_THROUGH,ALL_CATEGORY_PRIMARY_VOTES_TRACED_PROPORTIONALLY,12014,LNP,1412.2491587527106,0.11755028789351678,True
QLD,302,Longman,GRN,4,3,ALP>LNP>ON,1,0,12014,41263,Gabrielle Unverzagt,GRN,,12014,1.0,1.0,GRN:12014,UNSPECIFIED:12014,PROPORTIONAL_PRIMARY_ORIGIN_PASS_THROUGH,ALL_CATEGORY_PRIMARY_VOTES_TRACED_PROPORTIONALLY,12014,ON,2291.760562327077,0.190757496448067,True
QLD,302,Longman,OTH,5,2,ALP>LNP>GRN>ON,2,1,10655,41382,Benjamin Wood,OTH_CYA,RIGHT,5985,0.5617081182543406,0.5617081182543406,OTH_CYA:5985|OTH_FFPA:4670,RIGHT:10655,OBSERVED_LAST_SURVIVOR_EXIT,LAST_SURVIVOR_TALLY_AT_CATEGORY_EXIT,6946,ALP,855.0,0.12309242729628563,False
QLD,302,Longman,OTH,5,2,ALP>LNP>GRN>ON,2,1,10655,41382,Benjamin Wood,OTH_CYA,RIGHT,5985,0.5617081182543406,0.5617081182543406,OTH_CYA:5985|OTH_FFPA:4670,RIGHT:10655,OBSERVED_LAST_SURVIVOR_EXIT,LAST_SURVIVOR_TALLY_AT_CATEGORY_EXIT,6946,GRN,678.0,0.09761013532968615,False
QLD,302,Longman,OTH,5,2,ALP>LNP>GRN>ON,2,1,10655,41382,Benjamin Wood,OTH_CYA,RIGHT,5985,0.5617081182543406,0.5617081182543406,OTH_CYA:5985|OTH_FFPA:4670,RIGHT:10655,OBSERVED_LAST_SURVIVOR_EXIT,LAST_SURVIVOR_TALLY_AT_CATEGORY_EXIT,6946,LNP,1228.0,0.1767923985027354,False
QLD,302,Longman,OTH,5,2,ALP>LNP>GRN>ON,2,1,10655,41382,Benjamin Wood,OTH_CYA,RIGHT,5985,0.5617081182543406,0.5617081182543406,OTH_CYA:5985|OTH_FFPA:4670,RIGHT:10655,OBSERVED_LAST_SURVIVOR_EXIT,LAST_SURVIVOR_TALLY_AT_CATEGORY_EXIT,6946,ON,4185.0,0.6025050388712928,False
QLD,302,Longman,OTH,5,2,ALP>LNP>GRN>ON,2,1,10655,41382,Benjamin Wood,OTH_CYA,RIGHT,5985,0.5617081182543406,0.5617081182543406,OTH_CYA:5985|OTH_FFPA:4670,RIGHT:10655,PROPORTIONAL_PRIMARY_ORIGIN_PASS_THROUGH,ALL_CATEGORY_PRIMARY_VOTES_TRACED_PROPORTIONALLY,10655,ALP,1470.0,0.1379633974659784,True
QLD,302,Longman,OTH,5,2,ALP>LNP>GRN>ON,2,1,10655,41382,Benjamin Wood,OTH_CYA,RIGHT,5985,0.5617081182543406,0.5617081182543406,OTH_CYA:5985|OTH_FFPA:4670,RIGHT:10655,PROPORTIONAL_PRIMARY_ORIGIN_PASS_THROUGH,ALL_CATEGORY_PRIMARY_VOTES_TRACED_PROPORTIONALLY,10655,GRN,1359.0,0.12754575316752698,True
QLD,302,Longman,OTH,5,2,ALP>LNP>GRN>ON,2,1,10655,41382,Benjamin Wood,OTH_CYA,RIGHT,5985,0.5617081182543406,0.5617081182543406,OTH_CYA:5985|OTH_FFPA:4670,RIGHT:10655,PROPORTIONAL_PRIMARY_ORIGIN_PASS_THROUGH,ALL_CATEGORY_PRIMARY_VOTES_TRACED_PROPORTIONALLY,10655,LNP,2077.0,0.1949319568277804,True
QLD,302,Longman,OTH,5,2,ALP>LNP>GRN>ON,2,1,10655,41382,Benjamin Wood,OTH_CYA,RIGHT,5985,0.5617081182543406,0.5617081182543406,OTH_CYA:5985|OTH_FFPA:4670,RIGHT:10655,PROPORTIONAL_PRIMARY_ORIGIN_PASS_THROUGH,ALL_CATEGORY_PRIMARY_VOTES_TRACED_PROPORTIONALLY,10655,ON,5749.0,0.5395588925387143,True
QLD,170,Maranoa,ALP,3,6,LNP>ON,1,0,15675,40787,Alex Newman,ALP,,15675,1.0,1.0,ALP:15675,UNSPECIFIED:15675,OBSERVED_LAST_SURVIVOR_EXIT,LAST_SURVIVOR_TALLY_AT_CATEGORY_EXIT,20567,LNP,12116.0,0.5890990421549084,False
QLD,170,Maranoa,ALP,3,6,LNP>ON,1,0,15675,40787,Alex Newman,ALP,,15675,1.0,1.0,ALP:15675,UNSPECIFIED:15675,OBSERVED_LAST_SURVIVOR_EXIT,LAST_SURVIVOR_TALLY_AT_CATEGORY_EXIT,20567,ON,8451.0,0.4109009578450917,False
QLD,170,Maranoa,ALP,3,6,LNP>ON,1,0,15675,40787,Alex Newman,ALP,,15675,1.0,1.0,ALP:15675,UNSPECIFIED:15675,PROPORTIONAL_PRIMARY_ORIGIN_PASS_THROUGH,ALL_CATEGORY_PRIMARY_VOTES_TRACED_PROPORTIONALLY,15675,LNP,9234.127485778188,0.5890990421549084,True
QLD,170,Maranoa,ALP,3,6,LNP>ON,1,0,15675,40787,Alex Newman,ALP,,15675,1.0,1.0,ALP:15675,UNSPECIFIED:15675,PROPORTIONAL_PRIMARY_ORIGIN_PASS_THROUGH,ALL_CATEGORY_PRIMARY_VOTES_TRACED_PROPORTIONALLY,15675,ON,6440.872514221812,0.4109009578450917,True
QLD,170,Maranoa,OTH,4,5,ALP>LNP>ON,4,3,13015,40975,Rod Draper,OTH_GRPF,RIGHT,5552,0.42658470995005765,0.42658470995005765,OTH_GRPF:5552|OTH_FFPA:2802|OTH_CYA:2764|OTH_LTP:1897,RIGHT:13015,OBSERVED_LAST_SURVIVOR_EXIT,LAST_SURVIVOR_TALLY_AT_CATEGORY_EXIT,8370,ALP,964.0,0.11517323775388291,False
QLD,170,Maranoa,OTH,4,5,ALP>LNP>ON,4,3,13015,40975,Rod Draper,OTH_GRPF,RIGHT,5552,0.42658470995005765,0.42658470995005765,OTH_GRPF:5552|OTH_FFPA:2802|OTH_CYA:2764|OTH_LTP:1897,RIGHT:13015,OBSERVED_LAST_SURVIVOR_EXIT,LAST_SURVIVOR_TALLY_AT_CATEGORY_EXIT,8370,LNP,2247.0,0.2684587813620072,False
QLD,170,Maranoa,OTH,4,5,ALP>LNP>ON,4,3,13015,40975,Rod Draper,OTH_GRPF,RIGHT,5552,0.42658470995005765,0.42658470995005765,OTH_GRPF:5552|OTH_FFPA:2802|OTH_CYA:2764|OTH_LTP:1897,RIGHT:13015,OBSERVED_LAST_SURVIVOR_EXIT,LAST_SURVIVOR_TALLY_AT_CATEGORY_EXIT,8370,ON,5159.0,0.6163679808841099,False
QLD,170,Maranoa,OTH,4,5,ALP>LNP>ON,4,3,13015,40975,Rod Draper,OTH_GRPF,RIGHT,5552,0.42658470995005765,0.42658470995005765,OTH_GRPF:5552|OTH_FFPA:2802|OTH_CYA:2764|OTH_LTP:1897,RIGHT:13015,PROPORTIONAL_PRIMARY_ORIGIN_PASS_THROUGH,ALL_CATEGORY_PRIMARY_VOTES_TRACED_PROPORTIONALLY,13015,ALP,1847.4727527961063,0.14194950079109536,True
QLD,170,Maranoa,OTH,4,5,ALP>LNP>ON,4,3,13015,40975,Rod Draper,OTH_GRPF,RIGHT,5552,0.42658470995005765,0.42658470995005765,OTH_GRPF:5552|OTH_FFPA:2802|OTH_CYA:2764|OTH_LTP:1897,RIGHT:13015,PROPORTIONAL_PRIMARY_ORIGIN_PASS_THROUGH,ALL_CATEGORY_PRIMARY_VOTES_TRACED_PROPORTIONALLY,13015,LNP,3428.128374797383,0.26339826160563834,True
QLD,170,Maranoa,OTH,4,5,ALP>LNP>ON,4,3,13015,40975,Rod Draper,OTH_GRPF,RIGHT,5552,0.42658470995005765,0.42658470995005765,OTH_GRPF:5552|OTH_FFPA:2802|OTH_CYA:2764|OTH_LTP:1897,RIGHT:13015,PROPORTIONAL_PRIMARY_ORIGIN_PASS_THROUGH,ALL_CATEGORY_PRIMARY_VOTES_TRACED_PROPORTIONALLY,13015,ON,7739.39887240651,0.5946522376032662,True
QLD,170,Maranoa,GRN,5,4,ALP>LNP>ON>OTH,1,0,5032,41274,Elizabeth Johnston,GRN,,5032,1.0,1.0,GRN:5032,UNSPECIFIED:5032,OBSERVED_LAST_SURVIVOR_EXIT,LAST_SURVIVOR_TALLY_AT_CATEGORY_EXIT,5601,ALP,3275.0,0.5847170148187824,False
QLD,170,Maranoa,GRN,5,4,ALP>LNP>ON>OTH,1,0,5032,41274,Elizabeth Johnston,GRN,,5032,1.0,1.0,GRN:5032,UNSPECIFIED:5032,OBSERVED_LAST_SURVIVOR_EXIT,LAST_SURVIVOR_TALLY_AT_CATEGORY_EXIT,5601,LNP,831.0,0.1483663631494376,False
QLD,170,Maranoa,GRN,5,4,ALP>LNP>ON>OTH,1,0,5032,41274,Elizabeth Johnston,GRN,,5032,1.0,1.0,GRN:5032,UNSPECIFIED:5032,OBSERVED_LAST_SURVIVOR_EXIT,LAST_SURVIVOR_TALLY_AT_CATEGORY_EXIT,5601,ON,507.0,0.09051955008034279,False
QLD,170,Maranoa,GRN,5,4,ALP>LNP>ON>OTH,1,0,5032,41274,Elizabeth Johnston,GRN,,5032,1.0,1.0,GRN:5032,UNSPECIFIED:5032,OBSERVED_LAST_SURVIVOR_EXIT,LAST_SURVIVOR_TALLY_AT_CATEGORY_EXIT,5601,OTH,988.0,0.17639707195143725,False
QLD,170,Maranoa,GRN,5,4,ALP>LNP>ON>OTH,1,0,5032,41274,Elizabeth Johnston,GRN,,5032,1.0,1.0,GRN:5032,UNSPECIFIED:5032,PROPORTIONAL_PRIMARY_ORIGIN_PASS_THROUGH,ALL_CATEGORY_PRIMARY_VOTES_TRACED_PROPORTIONALLY,5032,ALP,2942.2960185681127,0.5847170148187824,True
QLD,170,Maranoa,GRN,5,4,ALP>LNP>ON>OTH,1,0,5032,41274,Elizabeth Johnston,GRN,,5032,1.0,1.0,GRN:5032,UNSPECIFIED:5032,PROPORTIONAL_PRIMARY_ORIGIN_PASS_THROUGH,ALL_CATEGORY_PRIMARY_VOTES_TRACED_PROPORTIONALLY,5032,LNP,746.57953936797,0.1483663631494376,True
QLD,170,Maranoa,GRN,5,4,ALP>LNP>ON>OTH,1,0,5032,41274,Elizabeth Johnston,GRN,,5032,1.0,1.0,GRN:5032,UNSPECIFIED:5032,PROPORTIONAL_PRIMARY_ORIGIN_PASS_THROUGH,ALL_CATEGORY_PRIMARY_VOTES_TRACED_PROPORTIONALLY,5032,ON,455.4943760042849,0.09051955008034279,True
QLD,170,Maranoa,GRN,5,4,ALP>LNP>ON>OTH,1,0,5032,41274,Elizabeth Johnston,GRN,,5032,1.0,1.0,GRN:5032,UNSPECIFIED:5032,PROPORTIONAL_PRIMARY_ORIGIN_PASS_THROUGH,ALL_CATEGORY_PRIMARY_VOTES_TRACED_PROPORTIONALLY,5032,OTH,887.6300660596322,0.17639707195143725,True
QLD,171,McPherson,IND,3,10,ALP>LNP,1,0,13366,40680,Erchana Murray-Bartlett,IND_PROMINENT,CENTRE_LEFT,13366,1.0,1.0,IND_PROMINENT:13366,CENTRE_LEFT:13366,OBSERVED_LAST_SURVIVOR_EXIT,LAST_SURVIVOR_TALLY_AT_CATEGORY_EXIT,23878,ALP,14208.0,0.5950247089370969,False
QLD,171,McPherson,IND,3,10,ALP>LNP,1,0,13366,40680,Erchana Murray-Bartlett,IND_PROMINENT,CENTRE_LEFT,13366,1.0,1.0,IND_PROMINENT:13366,CENTRE_LEFT:13366,OBSERVED_LAST_SURVIVOR_EXIT,LAST_SURVIVOR_TALLY_AT_CATEGORY_EXIT,23878,LNP,9670.0,0.4049752910629031,False
QLD,171,McPherson,IND,3,10,ALP>LNP,1,0,13366,40680,Erchana Murray-Bartlett,IND_PROMINENT,CENTRE_LEFT,13366,1.0,1.0,IND_PROMINENT:13366,CENTRE_LEFT:13366,PROPORTIONAL_PRIMARY_ORIGIN_PASS_THROUGH,ALL_CATEGORY_PRIMARY_VOTES_TRACED_PROPORTIONALLY,13366,ALP,7953.100259653237,0.5950247089370969,True
QLD,171,McPherson,IND,3,10,ALP>LNP,1,0,13366,40680,Erchana Murray-Bartlett,IND_PROMINENT,CENTRE_LEFT,13366,1.0,1.0,IND_PROMINENT:13366,CENTRE_LEFT:13366,PROPORTIONAL_PRIMARY_ORIGIN_PASS_THROUGH,ALL_CATEGORY_PRIMARY_VOTES_TRACED_PROPORTIONALLY,13366,LNP,5412.899740346763,0.4049752910629031,True
QLD,171,McPherson,GRN,4,9,ALP>LNP>IND,1,0,8175,41277,Amanda Kennealy,GRN,,8175,1.0,1.0,GRN:8175,UNSPECIFIED:8175,OBSERVED_LAST_SURVIVOR_EXIT,LAST_SURVIVOR_TALLY_AT_CATEGORY_EXIT,10894,ALP,4938.0,0.4532770332293005,False
QLD,171,McPherson,GRN,4,9,ALP>LNP>IND,1,0,8175,41277,Amanda Kennealy,GRN,,8175,1.0,1.0,GRN:8175,UNSPECIFIED:8175,OBSERVED_LAST_SURVIVOR_EXIT,LAST_SURVIVOR_TALLY_AT_CATEGORY_EXIT,10894,IND,4881.0,0.4480447953001652,False
QLD,171,McPherson,GRN,4,9,ALP>LNP>IND,1,0,8175,41277,Amanda Kennealy,GRN,,8175,1.0,1.0,GRN:8175,UNSPECIFIED:8175,OBSERVED_LAST_SURVIVOR_EXIT,LAST_SURVIVOR_TALLY_AT_CATEGORY_EXIT,10894,LNP,1075.0,0.09867817147053425,False
QLD,171,McPherson,GRN,4,9,ALP>LNP>IND,1,0,8175,41277,Amanda Kennealy,GRN,,8175,1.0,1.0,GRN:8175,UNSPECIFIED:8175,PROPORTIONAL_PRIMARY_ORIGIN_PASS_THROUGH,ALL_CATEGORY_PRIMARY_VOTES_TRACED_PROPORTIONALLY,8175,ALP,3705.539746649532,0.4532770332293005,True
QLD,171,McPherson,GRN,4,9,ALP>LNP>IND,1,0,8175,41277,Amanda Kennealy,GRN,,8175,1.0,1.0,GRN:8175,UNSPECIFIED:8175,PROPORTIONAL_PRIMARY_ORIGIN_PASS_THROUGH,ALL_CATEGORY_PRIMARY_VOTES_TRACED_PROPORTIONALLY,8175,IND,3662.7662015788505,0.4480447953001652,True
QLD,171,McPherson,GRN,4,9,ALP>LNP>IND,1,0,8175,41277,Amanda Kennealy,GRN,,8175,1.0,1.0,GRN:8175,UNSPECIFIED:8175,PROPORTIONAL_PRIMARY_ORIGIN_PASS_THROUGH,ALL_CATEGORY_PRIMARY_VOTES_TRACED_PROPORTIONALLY,8175,LNP,806.6940517716174,0.09867817147053425,True
QLD,171,McPherson,ON,5,8,ALP>LNP>GRN>IND,1,0,4229,40944,Zyion Attiig,ON,,4229,1.0,1.0,ON:4229,UNSPECIFIED:4229,OBSERVED_LAST_SURVIVOR_EXIT,LAST_SURVIVOR_TALLY_AT_CATEGORY_EXIT,9464,ALP,695.0,0.07343617920540997,False
QLD,171,McPherson,ON,5,8,ALP>LNP>GRN>IND,1,0,4229,40944,Zyion Attiig,ON,,4229,1.0,1.0,ON:4229,UNSPECIFIED:4229,OBSERVED_LAST_SURVIVOR_EXIT,LAST_SURVIVOR_TALLY_AT_CATEGORY_EXIT,9464,GRN,742.0,0.07840236686390532,False
QLD,171,McPherson,ON,5,8,ALP>LNP>GRN>IND,1,0,4229,40944,Zyion Attiig,ON,,4229,1.0,1.0,ON:4229,UNSPECIFIED:4229,OBSERVED_LAST_SURVIVOR_EXIT,LAST_SURVIVOR_TALLY_AT_CATEGORY_EXIT,9464,IND,2872.0,0.30346576500422656,False
QLD,171,McPherson,ON,5,8,ALP>LNP>GRN>IND,1,0,4229,40944,Zyion Attiig,ON,,4229,1.0,1.0,ON:4229,UNSPECIFIED:4229,OBSERVED_LAST_SURVIVOR_EXIT,LAST_SURVIVOR_TALLY_AT_CATEGORY_EXIT,9464,LNP,5155.0,0.5446956889264581,False
QLD,171,McPherson,ON,5,8,ALP>LNP>GRN>IND,1,0,4229,40944,Zyion Attiig,ON,,4229,1.0,1.0,ON:4229,UNSPECIFIED:4229,PROPORTIONAL_PRIMARY_ORIGIN_PASS_THROUGH,ALL_CATEGORY_PRIMARY_VOTES_TRACED_PROPORTIONALLY,4229,ALP,310.5616018596788,0.07343617920540997,True
QLD,171,McPherson,ON,5,8,ALP>LNP>GRN>IND,1,0,4229,40944,Zyion Attiig,ON,,4229,1.0,1.0,ON:4229,UNSPECIFIED:4229,PROPORTIONAL_PRIMARY_ORIGIN_PASS_THROUGH,ALL_CATEGORY_PRIMARY_VOTES_TRACED_PROPORTIONALLY,4229,GRN,331.5636094674556,0.07840236686390532,True
QLD,171,McPherson,ON,5,8,ALP>LNP>GRN>IND,1,0,4229,40944,Zyion Attiig,ON,,4229,1.0,1.0,ON:4229,UNSPECIFIED:4229,PROPORTIONAL_PRIMARY_ORIGIN_PASS_THROUGH,ALL_CATEGORY_PRIMARY_VOTES_TRACED_PROPORTIONALLY,4229,IND,1283.3567202028742,0.30346576500422656,True
QLD,171,McPherson,ON,5,8,ALP>LNP>GRN>IND,1,0,4229,40944,Zyion Attiig,ON,,4229,1.0,1.0,ON:4229,UNSPECIFIED:4229,PROPORTIONAL_PRIMARY_ORIGIN_PASS_THROUGH,ALL_CATEGORY_PRIMARY_VOTES_TRACED_PROPORTIONALLY,4229,LNP,2303.5180684699917,0.5446956889264581,True
QLD,171,McPherson,OTH,6,7,ALP>LNP>GRN>ON>IND,7,6,13749,40977,Harry Hatzikalimnios,OTH_GRPF,RIGHT,3158,0.2296894319586879,0.2296894319586879,OTH_GRPF:3158|OTH_HMP:2751|OTH_CYA:2681|OTH_LTP:1432|OTH_FFPA:1366|IND_MINOR:1221|OTH_AJP:1140,RIGHT:8637|CENTRE_LEFT:3891|CENTRE:1221,OBSERVED_LAST_SURVIVOR_EXIT,LAST_SURVIVOR_TALLY_AT_CATEGORY_EXIT,5082,ALP,376.0,0.0739866194411649,False
QLD,171,McPherson,OTH,6,7,ALP>LNP>GRN>ON>IND,7,6,13749,40977,Harry Hatzikalimnios,OTH_GRPF,RIGHT,3158,0.2296894319586879,0.2296894319586879,OTH_GRPF:3158|OTH_HMP:2751|OTH_CYA:2681|OTH_LTP:1432|OTH_FFPA:1366|IND_MINOR:1221|OTH_AJP:1140,RIGHT:8637|CENTRE_LEFT:3891|CENTRE:1221,OBSERVED_LAST_SURVIVOR_EXIT,LAST_SURVIVOR_TALLY_AT_CATEGORY_EXIT,5082,GRN,251.0,0.04939000393545848,False
QLD,171,McPherson,OTH,6,7,ALP>LNP>GRN>ON>IND,7,6,13749,40977,Harry Hatzikalimnios,OTH_GRPF,RIGHT,3158,0.2296894319586879,0.2296894319586879,OTH_GRPF:3158|OTH_HMP:2751|OTH_CYA:2681|OTH_LTP:1432|OTH_FFPA:1366|IND_MINOR:1221|OTH_AJP:1140,RIGHT:8637|CENTRE_LEFT:3891|CENTRE:1221,OBSERVED_LAST_SURVIVOR_EXIT,LAST_SURVIVOR_TALLY_AT_CATEGORY_EXIT,5082,IND,743.0,0.14620228256591894,False
QLD,171,McPherson,OTH,6,7,ALP>LNP>GRN>ON>IND,7,6,13749,40977,Harry Hatzikalimnios,OTH_GRPF,RIGHT,3158,0.2296894319586879,0.2296894319586879,OTH_GRPF:3158|OTH_HMP:2751|OTH_CYA:2681|OTH_LTP:1432|OTH_FFPA:1366|IND_MINOR:1221|OTH_AJP:1140,RIGHT:8637|CENTRE_LEFT:3891|CENTRE:1221,OBSERVED_LAST_SURVIVOR_EXIT,LAST_SURVIVOR_TALLY_AT_CATEGORY_EXIT,5082,LNP,446.0,0.08776072412436049,False
QLD,171,McPherson,OTH,6,7,ALP>LNP>GRN>ON>IND,7,6,13749,40977,Harry Hatzikalimnios,OTH_GRPF,RIGHT,3158,0.2296894319586879,0.2296894319586879,OTH_GRPF:3158|OTH_HMP:2751|OTH_CYA:2681|OTH_LTP:1432|OTH_FFPA:1366|IND_MINOR:1221|OTH_AJP:1140,RIGHT:8637|CENTRE_LEFT:3891|CENTRE:1221,OBSERVED_LAST_SURVIVOR_EXIT,LAST_SURVIVOR_TALLY_AT_CATEGORY_EXIT,5082,ON,3266.0,0.6426603699330972,False
QLD,171,McPherson,OTH,6,7,ALP>LNP>GRN>ON>IND,7,6,13749,40977,Harry Hatzikalimnios,OTH_GRPF,RIGHT,3158,0.2296894319586879,0.2296894319586879,OTH_GRPF:3158|OTH_HMP:2751|OTH_CYA:2681|OTH_LTP:1432|OTH_FFPA:1366|IND_MINOR:1221|OTH_AJP:1140,RIGHT:8637|CENTRE_LEFT:3891|CENTRE:1221,PROPORTIONAL_PRIMARY_ORIGIN_PASS_THROUGH,ALL_CATEGORY_PRIMARY_VOTES_TRACED_PROPORTIONALLY,13749,ALP,1676.0,0.12189977452905666,True
QLD,171,McPherson,OTH,6,7,ALP>LNP>GRN>ON>IND,7,6,13749,40977,Harry Hatzikalimnios,OTH_GRPF,RIGHT,3158,0.2296894319586879,0.2296894319586879,OTH_GRPF:3158|OTH_HMP:2751|OTH_CYA:2681|OTH_LTP:1432|OTH_FFPA:1366|IND_MINOR:1221|OTH_AJP:1140,RIGHT:8637|CENTRE_LEFT:3891|CENTRE:1221,PROPORTIONAL_PRIMARY_ORIGIN_PASS_THROUGH,ALL_CATEGORY_PRIMARY_VOTES_TRACED_PROPORTIONALLY,13749,GRN,1977.0,0.1437922758018765,True
QLD,171,McPherson,OTH,6,7,ALP>LNP>GRN>ON>IND,7,6,13749,40977,Harry Hatzikalimnios,OTH_GRPF,RIGHT,3158,0.2296894319586879,0.2296894319586879,OTH_GRPF:3158|OTH_HMP:2751|OTH_CYA:2681|OTH_LTP:1432|OTH_FFPA:1366|IND_MINOR:1221|OTH_AJP:1140,RIGHT:8637|CENTRE_LEFT:3891|CENTRE:1221,PROPORTIONAL_PRIMARY_ORIGIN_PASS_THROUGH,ALL_CATEGORY_PRIMARY_VOTES_TRACED_PROPORTIONALLY,13749,IND,2759.0,0.20066913957378718,True
QLD,171,McPherson,OTH,6,7,ALP>LNP>GRN>ON>IND,7,6,13749,40977,Harry Hatzikalimnios,OTH_GRPF,RIGHT,3158,0.2296894319586879,0.2296894319586879,OTH_GRPF:3158|OTH_HMP:2751|OTH_CYA:2681|OTH_LTP:1432|OTH_FFPA:1366|IND_MINOR:1221|OTH_AJP:1140,RIGHT:8637|CENTRE_LEFT:3891|CENTRE:1221,PROPORTIONAL_PRIMARY_ORIGIN_PASS_THROUGH,ALL_CATEGORY_PRIMARY_VOTES_TRACED_PROPORTIONALLY,13749,LNP,2102.0,0.15288384609789804,True
QLD,171,McPherson,OTH,6,7,ALP>LNP>GRN>ON>IND,7,6,13749,40977,Harry Hatzikalimnios,OTH_GRPF,RIGHT,3158,0.2296894319586879,0.2296894319586879,OTH_GRPF:3158|OTH_HMP:2751|OTH_CYA:2681|OTH_LTP:1432|OTH_FFPA:1366|IND_MINOR:1221|OTH_AJP:1140,RIGHT:8637|CENTRE_LEFT:3891|CENTRE:1221,PROPORTIONAL_PRIMARY_ORIGIN_PASS_THROUGH,ALL_CATEGORY_PRIMARY_VOTES_TRACED_PROPORTIONALLY,13749,ON,5235.0,0.3807549639973816,True
QLD,172,Moncrieff,GRN,3,7,ALP>LNP,1,0,9558,41278,Sally Spain,GRN,,9558,1.0,1.0,GRN:9558,UNSPECIFIED:9558,OBSERVED_LAST_SURVIVOR_EXIT,LAST_SURVIVOR_TALLY_AT_CATEGORY_EXIT,17289,ALP,11632.0,0.6727977326623865,False
QLD,172,Moncrieff,GRN,3,7,ALP>LNP,1,0,9558,41278,Sally Spain,GRN,,9558,1.0,1.0,GRN:9558,UNSPECIFIED:9558,OBSERVED_LAST_SURVIVOR_EXIT,LAST_SURVIVOR_TALLY_AT_CATEGORY_EXIT,17289,LNP,5657.0,0.3272022673376135,False
QLD,172,Moncrieff,GRN,3,7,ALP>LNP,1,0,9558,41278,Sally Spain,GRN,,9558,1.0,1.0,GRN:9558,UNSPECIFIED:9558,PROPORTIONAL_PRIMARY_ORIGIN_PASS_THROUGH,ALL_CATEGORY_PRIMARY_VOTES_TRACED_PROPORTIONALLY,9558,ALP,6430.600728787091,0.6727977326623865,True
QLD,172,Moncrieff,GRN,3,7,ALP>LNP,1,0,9558,41278,Sally Spain,GRN,,9558,1.0,1.0,GRN:9558,UNSPECIFIED:9558,PROPORTIONAL_PRIMARY_ORIGIN_PASS_THROUGH,ALL_CATEGORY_PRIMARY_VOTES_TRACED_PROPORTIONALLY,9558,LNP,3127.3992712129098,0.3272022673376135,True
QLD,172,Moncrieff,ON,4,6,ALP>LNP>GRN,1,0,5894,40947,Glen Wadsworth,ON,,5894,1.0,1.0,ON:5894,UNSPECIFIED:5894,OBSERVED_LAST_SURVIVOR_EXIT,LAST_SURVIVOR_TALLY_AT_CATEGORY_EXIT,12289,ALP,1663.0,0.13532427374074377,False
QLD,172,Moncrieff,ON,4,6,ALP>LNP>GRN,1,0,5894,40947,Glen Wadsworth,ON,,5894,1.0,1.0,ON:5894,UNSPECIFIED:5894,OBSERVED_LAST_SURVIVOR_EXIT,LAST_SURVIVOR_TALLY_AT_CATEGORY_EXIT,12289,GRN,2752.0,0.2239401090406054,False
QLD,172,Moncrieff,ON,4,6,ALP>LNP>GRN,1,0,5894,40947,Glen Wadsworth,ON,,5894,1.0,1.0,ON:5894,UNSPECIFIED:5894,OBSERVED_LAST_SURVIVOR_EXIT,LAST_SURVIVOR_TALLY_AT_CATEGORY_EXIT,12289,LNP,7874.0,0.6407356172186508,False
QLD,172,Moncrieff,ON,4,6,ALP>LNP>GRN,1,0,5894,40947,Glen Wadsworth,ON,,5894,1.0,1.0,ON:5894,UNSPECIFIED:5894,PROPORTIONAL_PRIMARY_ORIGIN_PASS_THROUGH,ALL_CATEGORY_PRIMARY_VOTES_TRACED_PROPORTIONALLY,5894,ALP,797.6012694279437,0.13532427374074377,True
QLD,172,Moncrieff,ON,4,6,ALP>LNP>GRN,1,0,5894,40947,Glen Wadsworth,ON,,5894,1.0,1.0,ON:5894,UNSPECIFIED:5894,PROPORTIONAL_PRIMARY_ORIGIN_PASS_THROUGH,ALL_CATEGORY_PRIMARY_VOTES_TRACED_PROPORTIONALLY,5894,GRN,1319.9030026853284,0.22394010904060543,True
QLD,172,Moncrieff,ON,4,6,ALP>LNP>GRN,1,0,5894,40947,Glen Wadsworth,ON,,5894,1.0,1.0,ON:5894,UNSPECIFIED:5894,PROPORTIONAL_PRIMARY_ORIGIN_PASS_THROUGH,ALL_CATEGORY_PRIMARY_VOTES_TRACED_PROPORTIONALLY,5894,LNP,3776.4957278867278,0.6407356172186508,True
QLD,172,Moncrieff,IND,5,5,ALP>LNP>GRN>ON,1,0,7641,40697,Nicole Arrowsmith,IND_PROMINENT,CENTRE,7641,1.0,1.0,IND_PROMINENT:7641,CENTRE:7641,OBSERVED_LAST_SURVIVOR_EXIT,LAST_SURVIVOR_TALLY_AT_CATEGORY_EXIT,9995,ALP,2347.0,0.23481740870435217,False
QLD,172,Moncrieff,IND,5,5,ALP>LNP>GRN>ON,1,0,7641,40697,Nicole Arrowsmith,IND_PROMINENT,CENTRE,7641,1.0,1.0,IND_PROMINENT:7641,CENTRE:7641,OBSERVED_LAST_SURVIVOR_EXIT,LAST_SURVIVOR_TALLY_AT_CATEGORY_EXIT,9995,GRN,3895.0,0.38969484742371185,False
QLD,172,Moncrieff,IND,5,5,ALP>LNP>GRN>ON,1,0,7641,40697,Nicole Arrowsmith,IND_PROMINENT,CENTRE,7641,1.0,1.0,IND_PROMINENT:7641,CENTRE:7641,OBSERVED_LAST_SURVIVOR_EXIT,LAST_SURVIVOR_TALLY_AT_CATEGORY_EXIT,9995,LNP,1938.0,0.1938969484742371,False
QLD,172,Moncrieff,IND,5,5,ALP>LNP>GRN>ON,1,0,7641,40697,Nicole Arrowsmith,IND_PROMINENT,CENTRE,7641,1.0,1.0,IND_PROMINENT:7641,CENTRE:7641,OBSERVED_LAST_SURVIVOR_EXIT,LAST_SURVIVOR_TALLY_AT_CATEGORY_EXIT,9995,ON,1815.0,0.18159079539769885,False
QLD,172,Moncrieff,IND,5,5,ALP>LNP>GRN>ON,1,0,7641,40697,Nicole Arrowsmith,IND_PROMINENT,CENTRE,7641,1.0,1.0,IND_PROMINENT:7641,CENTRE:7641,PROPORTIONAL_PRIMARY_ORIGIN_PASS_THROUGH,ALL_CATEGORY_PRIMARY_VOTES_TRACED_PROPORTIONALLY,7641,ALP,1794.2398199099548,0.23481740870435217,True
QLD,172,Moncrieff,IND,5,5,ALP>LNP>GRN>ON,1,0,7641,40697,Nicole Arrowsmith,IND_PROMINENT,CENTRE,7641,1.0,1.0,IND_PROMINENT:7641,CENTRE:7641,PROPORTIONAL_PRIMARY_ORIGIN_PASS_THROUGH,ALL_CATEGORY_PRIMARY_VOTES_TRACED_PROPORTIONALLY,7641,GRN,2977.6583291645825,0.38969484742371185,True
QLD,172,Moncrieff,IND,5,5,ALP>LNP>GRN>ON,1,0,7641,40697,Nicole Arrowsmith,IND_PROMINENT,CENTRE,7641,1.0,1.0,IND_PROMINENT:7641,CENTRE:7641,PROPORTIONAL_PRIMARY_ORIGIN_PASS_THROUGH,ALL_CATEGORY_PRIMARY_VOTES_TRACED_PROPORTIONALLY,7641,LNP,1481.5665832916457,0.1938969484742371,True
QLD,172,Moncrieff,IND,5,5,ALP>LNP>GRN>ON,1,0,7641,40697,Nicole Arrowsmith,IND_PROMINENT,CENTRE,7641,1.0,1.0,IND_PROMINENT:7641,CENTRE:7641,PROPORTIONAL_PRIMARY_ORIGIN_PASS_THROUGH,ALL_CATEGORY_PRIMARY_VOTES_TRACED_PROPORTIONALLY,7641,ON,1387.5352676338168,0.18159079539769885,True
QLD,172,Moncrieff,OTH,6,4,ALP>LNP>GRN>ON>IND,4,3,10650,41368,Vic Naicker,OTH_CYA,RIGHT,4065,0.3816901408450704,0.3816901408450704,OTH_CYA:4065|OTH_GRPF:3547|OTH_FFPA:1645|IND_MINOR:1393,RIGHT:9257|CENTRE_LEFT:1393,OBSERVED_LAST_SURVIVOR_EXIT,LAST_SURVIVOR_TALLY_AT_CATEGORY_EXIT,5519,ALP,643.0,0.11650661351694147,False
QLD,172,Moncrieff,OTH,6,4,ALP>LNP>GRN>ON>IND,4,3,10650,41368,Vic Naicker,OTH_CYA,RIGHT,4065,0.3816901408450704,0.3816901408450704,OTH_CYA:4065|OTH_GRPF:3547|OTH_FFPA:1645|IND_MINOR:1393,RIGHT:9257|CENTRE_LEFT:1393,OBSERVED_LAST_SURVIVOR_EXIT,LAST_SURVIVOR_TALLY_AT_CATEGORY_EXIT,5519,GRN,229.0,0.04149302409856858,False
QLD,172,Moncrieff,OTH,6,4,ALP>LNP>GRN>ON>IND,4,3,10650,41368,Vic Naicker,OTH_CYA,RIGHT,4065,0.3816901408450704,0.3816901408450704,OTH_CYA:4065|OTH_GRPF:3547|OTH_FFPA:1645|IND_MINOR:1393,RIGHT:9257|CENTRE_LEFT:1393,OBSERVED_LAST_SURVIVOR_EXIT,LAST_SURVIVOR_TALLY_AT_CATEGORY_EXIT,5519,IND,1181.0,0.21398804131183186,False
QLD,172,Moncrieff,OTH,6,4,ALP>LNP>GRN>ON>IND,4,3,10650,41368,Vic Naicker,OTH_CYA,RIGHT,4065,0.3816901408450704,0.3816901408450704,OTH_CYA:4065|OTH_GRPF:3547|OTH_FFPA:1645|IND_MINOR:1393,RIGHT:9257|CENTRE_LEFT:1393,OBSERVED_LAST_SURVIVOR_EXIT,LAST_SURVIVOR_TALLY_AT_CATEGORY_EXIT,5519,LNP,808.0,0.14640333393730748,False
QLD,172,Moncrieff,OTH,6,4,ALP>LNP>GRN>ON>IND,4,3,10650,41368,Vic Naicker,OTH_CYA,RIGHT,4065,0.3816901408450704,0.3816901408450704,OTH_CYA:4065|OTH_GRPF:3547|OTH_FFPA:1645|IND_MINOR:1393,RIGHT:9257|CENTRE_LEFT:1393,OBSERVED_LAST_SURVIVOR_EXIT,LAST_SURVIVOR_TALLY_AT_CATEGORY_EXIT,5519,ON,2658.0,0.4816089871353506,False
QLD,172,Moncrieff,OTH,6,4,ALP>LNP>GRN>ON>IND,4,3,10650,41368,Vic Naicker,OTH_CYA,RIGHT,4065,0.3816901408450704,0.3816901408450704,OTH_CYA:4065|OTH_GRPF:3547|OTH_FFPA:1645|IND_MINOR:1393,RIGHT:9257|CENTRE_LEFT:1393,PROPORTIONAL_PRIMARY_ORIGIN_PASS_THROUGH,ALL_CATEGORY_PRIMARY_VOTES_TRACED_PROPORTIONALLY,10650,ALP,1157.0,0.10863849765258216,True
QLD,172,Moncrieff,OTH,6,4,ALP>LNP>GRN>ON>IND,4,3,10650,41368,Vic Naicker,OTH_CYA,RIGHT,4065,0.3816901408450704,0.3816901408450704,OTH_CYA:4065|OTH_GRPF:3547|OTH_FFPA:1645|IND_MINOR:1393,RIGHT:9257|CENTRE_LEFT:1393,PROPORTIONAL_PRIMARY_ORIGIN_PASS_THROUGH,ALL_CATEGORY_PRIMARY_VOTES_TRACED_PROPORTIONALLY,10650,GRN,1084.0,0.10178403755868545,True
QLD,172,Moncrieff,OTH,6,4,ALP>LNP>GRN>ON>IND,4,3,10650,41368,Vic Naicker,OTH_CYA,RIGHT,4065,0.3816901408450704,0.3816901408450704,OTH_CYA:4065|OTH_GRPF:3547|OTH_FFPA:1645|IND_MINOR:1393,RIGHT:9257|CENTRE_LEFT:1393,PROPORTIONAL_PRIMARY_ORIGIN_PASS_THROUGH,ALL_CATEGORY_PRIMARY_VOTES_TRACED_PROPORTIONALLY,10650,IND,2354.0,0.22103286384976525,True
QLD,172,Moncrieff,OTH,6,4,ALP>LNP>GRN>ON>IND,4,3,10650,41368,Vic Naicker,OTH_CYA,RIGHT,4065,0.3816901408450704,0.3816901408450704,OTH_CYA:4065|OTH_GRPF:3547|OTH_FFPA:1645|IND_MINOR:1393,RIGHT:9257|CENTRE_LEFT:1393,PROPORTIONAL_PRIMARY_ORIGIN_PASS_THROUGH,ALL_CATEGORY_PRIMARY_VOTES_TRACED_PROPORTIONALLY,10650,LNP,1475.0,0.13849765258215962,True
QLD,172,Moncrieff,OTH,6,4,ALP>LNP>GRN>ON>IND,4,3,10650,41368,Vic Naicker,OTH_CYA,RIGHT,4065,0.3816901408450704,0.3816901408450704,OTH_CYA:4065|OTH_GRPF:3547|OTH_FFPA:1645|IND_MINOR:1393,RIGHT:9257|CENTRE_LEFT:1393,PROPORTIONAL_PRIMARY_ORIGIN_PASS_THROUGH,ALL_CATEGORY_PRIMARY_VOTES_TRACED_PROPORTIONALLY,10650,ON,4580.0,0.4300469483568075,True
QLD,173,Moreton,GRN,3,6,ALP>LNP,1,0,20332,41286,Remah Naji,GRN,,20332,1.0,1.0,GRN:20332,UNSPECIFIED:20332,OBSERVED_LAST_SURVIVOR_EXIT,LAST_SURVIVOR_TALLY_AT_CATEGORY_EXIT,22326,ALP,19772.0,0.8856042282540536,False
QLD,173,Moreton,GRN,3,6,ALP>LNP,1,0,20332,41286,Remah Naji,GRN,,20332,1.0,1.0,GRN:20332,UNSPECIFIED:20332,OBSERVED_LAST_SURVIVOR_EXIT,LAST_SURVIVOR_TALLY_AT_CATEGORY_EXIT,22326,LNP,2554.0,0.11439577174594644,False
QLD,173,Moreton,GRN,3,6,ALP>LNP,1,0,20332,41286,Remah Naji,GRN,,20332,1.0,1.0,GRN:20332,UNSPECIFIED:20332,PROPORTIONAL_PRIMARY_ORIGIN_PASS_THROUGH,ALL_CATEGORY_PRIMARY_VOTES_TRACED_PROPORTIONALLY,20332,ALP,18006.105168861417,0.8856042282540536,True
QLD,173,Moreton,GRN,3,6,ALP>LNP,1,0,20332,41286,Remah Naji,GRN,,20332,1.0,1.0,GRN:20332,UNSPECIFIED:20332,PROPORTIONAL_PRIMARY_ORIGIN_PASS_THROUGH,ALL_CATEGORY_PRIMARY_VOTES_TRACED_PROPORTIONALLY,20332,LNP,2325.894831138583,0.11439577174594644,True
QLD,173,Moreton,ON,4,5,ALP>LNP>GRN,1,0,2686,40951,Grant Spork,ON,,2686,1.0,1.0,ON:2686,UNSPECIFIED:2686,OBSERVED_LAST_SURVIVOR_EXIT,LAST_SURVIVOR_TALLY_AT_CATEGORY_EXIT,5632,ALP,925.0,0.16424005681818182,False
QLD,173,Moreton,ON,4,5,ALP>LNP>GRN,1,0,2686,40951,Grant Spork,ON,,2686,1.0,1.0,ON:2686,UNSPECIFIED:2686,OBSERVED_LAST_SURVIVOR_EXIT,LAST_SURVIVOR_TALLY_AT_CATEGORY_EXIT,5632,GRN,1009.0,0.17915482954545456,False
QLD,173,Moreton,ON,4,5,ALP>LNP>GRN,1,0,2686,40951,Grant Spork,ON,,2686,1.0,1.0,ON:2686,UNSPECIFIED:2686,OBSERVED_LAST_SURVIVOR_EXIT,LAST_SURVIVOR_TALLY_AT_CATEGORY_EXIT,5632,LNP,3698.0,0.6566051136363636,False
QLD,173,Moreton,ON,4,5,ALP>LNP>GRN,1,0,2686,40951,Grant Spork,ON,,2686,1.0,1.0,ON:2686,UNSPECIFIED:2686,PROPORTIONAL_PRIMARY_ORIGIN_PASS_THROUGH,ALL_CATEGORY_PRIMARY_VOTES_TRACED_PROPORTIONALLY,2686,ALP,441.1487926136364,0.16424005681818182,True
QLD,173,Moreton,ON,4,5,ALP>LNP>GRN,1,0,2686,40951,Grant Spork,ON,,2686,1.0,1.0,ON:2686,UNSPECIFIED:2686,PROPORTIONAL_PRIMARY_ORIGIN_PASS_THROUGH,ALL_CATEGORY_PRIMARY_VOTES_TRACED_PROPORTIONALLY,2686,GRN,481.20987215909093,0.17915482954545456,True
QLD,173,Moreton,ON,4,5,ALP>LNP>GRN,1,0,2686,40951,Grant Spork,ON,,2686,1.0,1.0,ON:2686,UNSPECIFIED:2686,PROPORTIONAL_PRIMARY_ORIGIN_PASS_THROUGH,ALL_CATEGORY_PRIMARY_VOTES_TRACED_PROPORTIONALLY,2686,LNP,1763.6413352272727,0.6566051136363636,True
QLD,173,Moreton,OTH,5,4,ALP>LNP>GRN>ON,4,3,6984,40971,Natarsha Billing,OTH_GRPF,RIGHT,2243,0.3211626575028637,0.3211626575028637,OTH_CYA:2328|OTH_GRPF:2243|OTH_FFPA:1682|OTH_CEC:731,RIGHT:6253|CENTRE:731,OBSERVED_LAST_SURVIVOR_EXIT,LAST_SURVIVOR_TALLY_AT_CATEGORY_EXIT,3383,ALP,476.0,0.1407035175879397,False
QLD,173,Moreton,OTH,5,4,ALP>LNP>GRN>ON,4,3,6984,40971,Natarsha Billing,OTH_GRPF,RIGHT,2243,0.3211626575028637,0.3211626575028637,OTH_CYA:2328|OTH_GRPF:2243|OTH_FFPA:1682|OTH_CEC:731,RIGHT:6253|CENTRE:731,OBSERVED_LAST_SURVIVOR_EXIT,LAST_SURVIVOR_TALLY_AT_CATEGORY_EXIT,3383,GRN,465.0,0.13745196571090748,False
QLD,173,Moreton,OTH,5,4,ALP>LNP>GRN>ON,4,3,6984,40971,Natarsha Billing,OTH_GRPF,RIGHT,2243,0.3211626575028637,0.3211626575028637,OTH_CYA:2328|OTH_GRPF:2243|OTH_FFPA:1682|OTH_CEC:731,RIGHT:6253|CENTRE:731,OBSERVED_LAST_SURVIVOR_EXIT,LAST_SURVIVOR_TALLY_AT_CATEGORY_EXIT,3383,LNP,596.0,0.17617499261010938,False
QLD,173,Moreton,OTH,5,4,ALP>LNP>GRN>ON,4,3,6984,40971,Natarsha Billing,OTH_GRPF,RIGHT,2243,0.3211626575028637,0.3211626575028637,OTH_CYA:2328|OTH_GRPF:2243|OTH_FFPA:1682|OTH_CEC:731,RIGHT:6253|CENTRE:731,OBSERVED_LAST_SURVIVOR_EXIT,LAST_SURVIVOR_TALLY_AT_CATEGORY_EXIT,3383,ON,1846.0,0.5456695240910434,False
QLD,173,Moreton,OTH,5,4,ALP>LNP>GRN>ON,4,3,6984,40971,Natarsha Billing,OTH_GRPF,RIGHT,2243,0.3211626575028637,0.3211626575028637,OTH_CYA:2328|OTH_GRPF:2243|OTH_FFPA:1682|OTH_CEC:731,RIGHT:6253|CENTRE:731,PROPORTIONAL_PRIMARY_ORIGIN_PASS_THROUGH,ALL_CATEGORY_PRIMARY_VOTES_TRACED_PROPORTIONALLY,6984,ALP,1620.0,0.23195876288659795,True
QLD,173,Moreton,OTH,5,4,ALP>LNP>GRN>ON,4,3,6984,40971,Natarsha Billing,OTH_GRPF,RIGHT,2243,0.3211626575028637,0.3211626575028637,OTH_CYA:2328|OTH_GRPF:2243|OTH_FFPA:1682|OTH_CEC:731,RIGHT:6253|CENTRE:731,PROPORTIONAL_PRIMARY_ORIGIN_PASS_THROUGH,ALL_CATEGORY_PRIMARY_VOTES_TRACED_PROPORTIONALLY,6984,GRN,985.0,0.14103665521191294,True
QLD,173,Moreton,OTH,5,4,ALP>LNP>GRN>ON,4,3,6984,40971,Natarsha Billing,OTH_GRPF,RIGHT,2243,0.3211626575028637,0.3211626575028637,OTH_CYA:2328|OTH_GRPF:2243|OTH_FFPA:1682|OTH_CEC:731,RIGHT:6253|CENTRE:731,PROPORTIONAL_PRIMARY_ORIGIN_PASS_THROUGH,ALL_CATEGORY_PRIMARY_VOTES_TRACED_PROPORTIONALLY,6984,LNP,1433.0,0.2051832760595647,True
QLD,173,Moreton,OTH,5,4,ALP>LNP>GRN>ON,4,3,6984,40971,Natarsha Billing,OTH_GRPF,RIGHT,2243,0.3211626575028637,0.3211626575028637,OTH_CYA:2328|OTH_GRPF:2243|OTH_FFPA:1682|OTH_CEC:731,RIGHT:6253|CENTRE:731,PROPORTIONAL_PRIMARY_ORIGIN_PASS_THROUGH,ALL_CATEGORY_PRIMARY_VOTES_TRACED_PROPORTIONALLY,6984,ON,2945.9999999999995,0.42182130584192434,True
QLD,174,Oxley,GRN,3,5,ALP>LNP,1,0,13979,41281,Brandan Holt,GRN,,13979,1.0,1.0,GRN:13979,UNSPECIFIED:13979,OBSERVED_LAST_SURVIVOR_EXIT,LAST_SURVIVOR_TALLY_AT_CATEGORY_EXIT,17399,ALP,13879.0,0.797689522386344,False
QLD,174,Oxley,GRN,3,5,ALP>LNP,1,0,13979,41281,Brandan Holt,GRN,,13979,1.0,1.0,GRN:13979,UNSPECIFIED:13979,OBSERVED_LAST_SURVIVOR_EXIT,LAST_SURVIVOR_TALLY_AT_CATEGORY_EXIT,17399,LNP,3520.0,0.20231047761365595,False
QLD,174,Oxley,GRN,3,5,ALP>LNP,1,0,13979,41281,Brandan Holt,GRN,,13979,1.0,1.0,GRN:13979,UNSPECIFIED:13979,PROPORTIONAL_PRIMARY_ORIGIN_PASS_THROUGH,ALL_CATEGORY_PRIMARY_VOTES_TRACED_PROPORTIONALLY,13979,ALP,11150.901833438704,0.797689522386344,True
QLD,174,Oxley,GRN,3,5,ALP>LNP,1,0,13979,41281,Brandan Holt,GRN,,13979,1.0,1.0,GRN:13979,UNSPECIFIED:13979,PROPORTIONAL_PRIMARY_ORIGIN_PASS_THROUGH,ALL_CATEGORY_PRIMARY_VOTES_TRACED_PROPORTIONALLY,13979,LNP,2828.0981665612967,0.20231047761365598,True
QLD,174,Oxley,ON,4,4,ALP>LNP>GRN,1,0,5738,40952,Darren Baker,ON,,5738,1.0,1.0,ON:5738,UNSPECIFIED:5738,OBSERVED_LAST_SURVIVOR_EXIT,LAST_SURVIVOR_TALLY_AT_CATEGORY_EXIT,9022,ALP,1995.0,0.22112613611172688,False
QLD,174,Oxley,ON,4,4,ALP>LNP>GRN,1,0,5738,40952,Darren Baker,ON,,5738,1.0,1.0,ON:5738,UNSPECIFIED:5738,OBSERVED_LAST_SURVIVOR_EXIT,LAST_SURVIVOR_TALLY_AT_CATEGORY_EXIT,9022,GRN,1779.0,0.19718465972068278,False
QLD,174,Oxley,ON,4,4,ALP>LNP>GRN,1,0,5738,40952,Darren Baker,ON,,5738,1.0,1.0,ON:5738,UNSPECIFIED:5738,OBSERVED_LAST_SURVIVOR_EXIT,LAST_SURVIVOR_TALLY_AT_CATEGORY_EXIT,9022,LNP,5248.0,0.5816892041675903,False
QLD,174,Oxley,ON,4,4,ALP>LNP>GRN,1,0,5738,40952,Darren Baker,ON,,5738,1.0,1.0,ON:5738,UNSPECIFIED:5738,PROPORTIONAL_PRIMARY_ORIGIN_PASS_THROUGH,ALL_CATEGORY_PRIMARY_VOTES_TRACED_PROPORTIONALLY,5738,ALP,1268.821769009089,0.2211261361117269,True
QLD,174,Oxley,ON,4,4,ALP>LNP>GRN,1,0,5738,40952,Darren Baker,ON,,5738,1.0,1.0,ON:5738,UNSPECIFIED:5738,PROPORTIONAL_PRIMARY_ORIGIN_PASS_THROUGH,ALL_CATEGORY_PRIMARY_VOTES_TRACED_PROPORTIONALLY,5738,GRN,1131.4455774772778,0.19718465972068278,True
QLD,174,Oxley,ON,4,4,ALP>LNP>GRN,1,0,5738,40952,Darren Baker,ON,,5738,1.0,1.0,ON:5738,UNSPECIFIED:5738,PROPORTIONAL_PRIMARY_ORIGIN_PASS_THROUGH,ALL_CATEGORY_PRIMARY_VOTES_TRACED_PROPORTIONALLY,5738,LNP,3337.732653513633,0.5816892041675903,True
QLD,174,Oxley,OTH,5,3,ALP>LNP>GRN>ON,3,2,7478,40913,William Tento,OTH_FFPA,RIGHT,3058,0.4089328697512704,0.4089328697512704,OTH_FFPA:3058|OTH_CYA:2985|OTH_UNAFFILIATED:1435,RIGHT:6043|UNKNOWN:1435,OBSERVED_LAST_SURVIVOR_EXIT,LAST_SURVIVOR_TALLY_AT_CATEGORY_EXIT,3993,ALP,554.0,0.1387427998998247,False
QLD,174,Oxley,OTH,5,3,ALP>LNP>GRN>ON,3,2,7478,40913,William Tento,OTH_FFPA,RIGHT,3058,0.4089328697512704,0.4089328697512704,OTH_FFPA:3058|OTH_CYA:2985|OTH_UNAFFILIATED:1435,RIGHT:6043|UNKNOWN:1435,OBSERVED_LAST_SURVIVOR_EXIT,LAST_SURVIVOR_TALLY_AT_CATEGORY_EXIT,3993,GRN,871.0,0.21813173052842474,False
QLD,174,Oxley,OTH,5,3,ALP>LNP>GRN>ON,3,2,7478,40913,William Tento,OTH_FFPA,RIGHT,3058,0.4089328697512704,0.4089328697512704,OTH_FFPA:3058|OTH_CYA:2985|OTH_UNAFFILIATED:1435,RIGHT:6043|UNKNOWN:1435,OBSERVED_LAST_SURVIVOR_EXIT,LAST_SURVIVOR_TALLY_AT_CATEGORY_EXIT,3993,LNP,700.0,0.1753067868770348,False
QLD,174,Oxley,OTH,5,3,ALP>LNP>GRN>ON,3,2,7478,40913,William Tento,OTH_FFPA,RIGHT,3058,0.4089328697512704,0.4089328697512704,OTH_FFPA:3058|OTH_CYA:2985|OTH_UNAFFILIATED:1435,RIGHT:6043|UNKNOWN:1435,OBSERVED_LAST_SURVIVOR_EXIT,LAST_SURVIVOR_TALLY_AT_CATEGORY_EXIT,3993,ON,1868.0,0.46781868269471577,False
QLD,174,Oxley,OTH,5,3,ALP>LNP>GRN>ON,3,2,7478,40913,William Tento,OTH_FFPA,RIGHT,3058,0.4089328697512704,0.4089328697512704,OTH_FFPA:3058|OTH_CYA:2985|OTH_UNAFFILIATED:1435,RIGHT:6043|UNKNOWN:1435,PROPORTIONAL_PRIMARY_ORIGIN_PASS_THROUGH,ALL_CATEGORY_PRIMARY_VOTES_TRACED_PROPORTIONALLY,7478,ALP,1238.0,0.16555228670767586,True
QLD,174,Oxley,OTH,5,3,ALP>LNP>GRN>ON,3,2,7478,40913,William Tento,OTH_FFPA,RIGHT,3058,0.4089328697512704,0.4089328697512704,OTH_FFPA:3058|OTH_CYA:2985|OTH_UNAFFILIATED:1435,RIGHT:6043|UNKNOWN:1435,PROPORTIONAL_PRIMARY_ORIGIN_PASS_THROUGH,ALL_CATEGORY_PRIMARY_VOTES_TRACED_PROPORTIONALLY,7478,GRN,1641.0,0.2194437015244718,True
QLD,174,Oxley,OTH,5,3,ALP>LNP>GRN>ON,3,2,7478,40913,William Tento,OTH_FFPA,RIGHT,3058,0.4089328697512704,0.4089328697512704,OTH_FFPA:3058|OTH_CYA:2985|OTH_UNAFFILIATED:1435,RIGHT:6043|UNKNOWN:1435,PROPORTIONAL_PRIMARY_ORIGIN_PASS_THROUGH,ALL_CATEGORY_PRIMARY_VOTES_TRACED_PROPORTIONALLY,7478,LNP,1315.0,0.175849157528751,True
QLD,174,Oxley,OTH,5,3,ALP>LNP>GRN>ON,3,2,7478,40913,William Tento,OTH_FFPA,RIGHT,3058,0.4089328697512704,0.4089328697512704,OTH_FFPA:3058|OTH_CYA:2985|OTH_UNAFFILIATED:1435,RIGHT:6043|UNKNOWN:1435,PROPORTIONAL_PRIMARY_ORIGIN_PASS_THROUGH,ALL_CATEGORY_PRIMARY_VOTES_TRACED_PROPORTIONALLY,7478,ON,3284.0,0.4391548542391014,True
QLD,175,Petrie,GRN,3,4,ALP>LNP,1,0,13802,41288,Nikil Paul,GRN,,13802,1.0,1.0,GRN:13802,UNSPECIFIED:13802,OBSERVED_LAST_SURVIVOR_EXIT,LAST_SURVIVOR_TALLY_AT_CATEGORY_EXIT,17660,ALP,13684.0,0.7748584371460928,False
QLD,175,Petrie,GRN,3,4,ALP>LNP,1,0,13802,41288,Nikil Paul,GRN,,13802,1.0,1.0,GRN:13802,UNSPECIFIED:13802,OBSERVED_LAST_SURVIVOR_EXIT,LAST_SURVIVOR_TALLY_AT_CATEGORY_EXIT,17660,LNP,3976.0,0.22514156285390713,False
QLD,175,Petrie,GRN,3,4,ALP>LNP,1,0,13802,41288,Nikil Paul,GRN,,13802,1.0,1.0,GRN:13802,UNSPECIFIED:13802,PROPORTIONAL_PRIMARY_ORIGIN_PASS_THROUGH,ALL_CATEGORY_PRIMARY_VOTES_TRACED_PROPORTIONALLY,13802,ALP,10694.596149490373,0.7748584371460928,True
QLD,175,Petrie,GRN,3,4,ALP>LNP,1,0,13802,41288,Nikil Paul,GRN,,13802,1.0,1.0,GRN:13802,UNSPECIFIED:13802,PROPORTIONAL_PRIMARY_ORIGIN_PASS_THROUGH,ALL_CATEGORY_PRIMARY_VOTES_TRACED_PROPORTIONALLY,13802,LNP,3107.4038505096264,0.22514156285390716,True
QLD,175,Petrie,ON,4,3,ALP>LNP>GRN,1,0,7848,40955,Nicole Shires,ON,,7848,1.0,1.0,ON:7848,UNSPECIFIED:7848,OBSERVED_LAST_SURVIVOR_EXIT,LAST_SURVIVOR_TALLY_AT_CATEGORY_EXIT,12340,ALP,2573.0,0.20850891410048622,False
QLD,175,Petrie,ON,4,3,ALP>LNP>GRN,1,0,7848,40955,Nicole Shires,ON,,7848,1.0,1.0,ON:7848,UNSPECIFIED:7848,OBSERVED_LAST_SURVIVOR_EXIT,LAST_SURVIVOR_TALLY_AT_CATEGORY_EXIT,12340,GRN,2402.0,0.1946515397082658,False
QLD,175,Petrie,ON,4,3,ALP>LNP>GRN,1,0,7848,40955,Nicole Shires,ON,,7848,1.0,1.0,ON:7848,UNSPECIFIED:7848,OBSERVED_LAST_SURVIVOR_EXIT,LAST_SURVIVOR_TALLY_AT_CATEGORY_EXIT,12340,LNP,7365.0,0.596839546191248,False
QLD,175,Petrie,ON,4,3,ALP>LNP>GRN,1,0,7848,40955,Nicole Shires,ON,,7848,1.0,1.0,ON:7848,UNSPECIFIED:7848,PROPORTIONAL_PRIMARY_ORIGIN_PASS_THROUGH,ALL_CATEGORY_PRIMARY_VOTES_TRACED_PROPORTIONALLY,7848,ALP,1636.3779578606159,0.20850891410048622,True
QLD,175,Petrie,ON,4,3,ALP>LNP>GRN,1,0,7848,40955,Nicole Shires,ON,,7848,1.0,1.0,ON:7848,UNSPECIFIED:7848,PROPORTIONAL_PRIMARY_ORIGIN_PASS_THROUGH,ALL_CATEGORY_PRIMARY_VOTES_TRACED_PROPORTIONALLY,7848,GRN,1527.62528363047,0.1946515397082658,True
QLD,175,Petrie,ON,4,3,ALP>LNP>GRN,1,0,7848,40955,Nicole Shires,ON,,7848,1.0,1.0,ON:7848,UNSPECIFIED:7848,PROPORTIONAL_PRIMARY_ORIGIN_PASS_THROUGH,ALL_CATEGORY_PRIMARY_VOTES_TRACED_PROPORTIONALLY,7848,LNP,4683.996758508914,0.596839546191248,True
QLD,175,Petrie,OTH,5,2,ALP>LNP>GRN>ON,2,1,8408,41403,Ryan Mensink,OTH_CYA,RIGHT,4685,0.5572074215033301,0.5572074215033301,OTH_CYA:4685|OTH_FFPA:3723,RIGHT:8408,OBSERVED_LAST_SURVIVOR_EXIT,LAST_SURVIVOR_TALLY_AT_CATEGORY_EXIT,5356,ALP,607.0,0.11333084391336819,False
QLD,175,Petrie,OTH,5,2,ALP>LNP>GRN>ON,2,1,8408,41403,Ryan Mensink,OTH_CYA,RIGHT,4685,0.5572074215033301,0.5572074215033301,OTH_CYA:4685|OTH_FFPA:3723,RIGHT:8408,OBSERVED_LAST_SURVIVOR_EXIT,LAST_SURVIVOR_TALLY_AT_CATEGORY_EXIT,5356,GRN,620.0,0.1157580283793876,False
QLD,175,Petrie,OTH,5,2,ALP>LNP>GRN>ON,2,1,8408,41403,Ryan Mensink,OTH_CYA,RIGHT,4685,0.5572074215033301,0.5572074215033301,OTH_CYA:4685|OTH_FFPA:3723,RIGHT:8408,OBSERVED_LAST_SURVIVOR_EXIT,LAST_SURVIVOR_TALLY_AT_CATEGORY_EXIT,5356,LNP,862.0,0.160941000746826,False
QLD,175,Petrie,OTH,5,2,ALP>LNP>GRN>ON,2,1,8408,41403,Ryan Mensink,OTH_CYA,RIGHT,4685,0.5572074215033301,0.5572074215033301,OTH_CYA:4685|OTH_FFPA:3723,RIGHT:8408,OBSERVED_LAST_SURVIVOR_EXIT,LAST_SURVIVOR_TALLY_AT_CATEGORY_EXIT,5356,ON,3267.0,0.6099701269604182,False
QLD,175,Petrie,OTH,5,2,ALP>LNP>GRN>ON,2,1,8408,41403,Ryan Mensink,OTH_CYA,RIGHT,4685,0.5572074215033301,0.5572074215033301,OTH_CYA:4685|OTH_FFPA:3723,RIGHT:8408,PROPORTIONAL_PRIMARY_ORIGIN_PASS_THROUGH,ALL_CATEGORY_PRIMARY_VOTES_TRACED_PROPORTIONALLY,8408,ALP,966.0,0.11489058039961941,True
QLD,175,Petrie,OTH,5,2,ALP>LNP>GRN>ON,2,1,8408,41403,Ryan Mensink,OTH_CYA,RIGHT,4685,0.5572074215033301,0.5572074215033301,OTH_CYA:4685|OTH_FFPA:3723,RIGHT:8408,PROPORTIONAL_PRIMARY_ORIGIN_PASS_THROUGH,ALL_CATEGORY_PRIMARY_VOTES_TRACED_PROPORTIONALLY,8408,GRN,1456.0,0.1731684110371075,True
QLD,175,Petrie,OTH,5,2,ALP>LNP>GRN>ON,2,1,8408,41403,Ryan Mensink,OTH_CYA,RIGHT,4685,0.5572074215033301,0.5572074215033301,OTH_CYA:4685|OTH_FFPA:3723,RIGHT:8408,PROPORTIONAL_PRIMARY_ORIGIN_PASS_THROUGH,ALL_CATEGORY_PRIMARY_VOTES_TRACED_PROPORTIONALLY,8408,LNP,1494.0,0.17768791627021885,True
QLD,175,Petrie,OTH,5,2,ALP>LNP>GRN>ON,2,1,8408,41403,Ryan Mensink,OTH_CYA,RIGHT,4685,0.5572074215033301,0.5572074215033301,OTH_CYA:4685|OTH_FFPA:3723,RIGHT:8408,PROPORTIONAL_PRIMARY_ORIGIN_PASS_THROUGH,ALL_CATEGORY_PRIMARY_VOTES_TRACED_PROPORTIONALLY,8408,ON,4492.0,0.5342530922930543,True
QLD,176,Rankin,GRN,3,6,ALP>LNP,1,0,10032,41283,Joshua Riethmuller,GRN,,10032,1.0,1.0,GRN:10032,UNSPECIFIED:10032,OBSERVED_LAST_SURVIVOR_EXIT,LAST_SURVIVOR_TALLY_AT_CATEGORY_EXIT,15334,ALP,10931.0,0.7128603104212861,False
QLD,176,Rankin,GRN,3,6,ALP>LNP,1,0,10032,41283,Joshua Riethmuller,GRN,,10032,1.0,1.0,GRN:10032,UNSPECIFIED:10032,OBSERVED_LAST_SURVIVOR_EXIT,LAST_SURVIVOR_TALLY_AT_CATEGORY_EXIT,15334,LNP,4403.0,0.28713968957871394,False
QLD,176,Rankin,GRN,3,6,ALP>LNP,1,0,10032,41283,Joshua Riethmuller,GRN,,10032,1.0,1.0,GRN:10032,UNSPECIFIED:10032,PROPORTIONAL_PRIMARY_ORIGIN_PASS_THROUGH,ALL_CATEGORY_PRIMARY_VOTES_TRACED_PROPORTIONALLY,10032,ALP,7151.414634146342,0.7128603104212861,True
QLD,176,Rankin,GRN,3,6,ALP>LNP,1,0,10032,41283,Joshua Riethmuller,GRN,,10032,1.0,1.0,GRN:10032,UNSPECIFIED:10032,PROPORTIONAL_PRIMARY_ORIGIN_PASS_THROUGH,ALL_CATEGORY_PRIMARY_VOTES_TRACED_PROPORTIONALLY,10032,LNP,2880.5853658536585,0.28713968957871394,True
QLD,176,Rankin,ON,4,5,ALP>LNP>GRN,1,0,6021,40958,Kyle Lentz,ON,,6021,1.0,1.0,ON:6021,UNSPECIFIED:6021,OBSERVED_LAST_SURVIVOR_EXIT,LAST_SURVIVOR_TALLY_AT_CATEGORY_EXIT,11059,ALP,2271.0,0.20535310606745638,False
QLD,176,Rankin,ON,4,5,ALP>LNP>GRN,1,0,6021,40958,Kyle Lentz,ON,,6021,1.0,1.0,ON:6021,UNSPECIFIED:6021,OBSERVED_LAST_SURVIVOR_EXIT,LAST_SURVIVOR_TALLY_AT_CATEGORY_EXIT,11059,GRN,2477.0,0.2239804683967809,False
QLD,176,Rankin,ON,4,5,ALP>LNP>GRN,1,0,6021,40958,Kyle Lentz,ON,,6021,1.0,1.0,ON:6021,UNSPECIFIED:6021,OBSERVED_LAST_SURVIVOR_EXIT,LAST_SURVIVOR_TALLY_AT_CATEGORY_EXIT,11059,LNP,6311.0,0.5706664255357627,False
QLD,176,Rankin,ON,4,5,ALP>LNP>GRN,1,0,6021,40958,Kyle Lentz,ON,,6021,1.0,1.0,ON:6021,UNSPECIFIED:6021,PROPORTIONAL_PRIMARY_ORIGIN_PASS_THROUGH,ALL_CATEGORY_PRIMARY_VOTES_TRACED_PROPORTIONALLY,6021,ALP,1236.4310516321548,0.20535310606745635,True
QLD,176,Rankin,ON,4,5,ALP>LNP>GRN,1,0,6021,40958,Kyle Lentz,ON,,6021,1.0,1.0,ON:6021,UNSPECIFIED:6021,PROPORTIONAL_PRIMARY_ORIGIN_PASS_THROUGH,ALL_CATEGORY_PRIMARY_VOTES_TRACED_PROPORTIONALLY,6021,GRN,1348.5864002170179,0.2239804683967809,True
QLD,176,Rankin,ON,4,5,ALP>LNP>GRN,1,0,6021,40958,Kyle Lentz,ON,,6021,1.0,1.0,ON:6021,UNSPECIFIED:6021,PROPORTIONAL_PRIMARY_ORIGIN_PASS_THROUGH,ALL_CATEGORY_PRIMARY_VOTES_TRACED_PROPORTIONALLY,6021,LNP,3435.9825481508274,0.5706664255357627,True
QLD,176,Rankin,OTH,5,4,ALP>LNP>GRN>ON,4,3,12212,40897,Carol Ordish,OTH_FFPA,RIGHT,3862,0.31624631509990175,0.31624631509990175,OTH_FFPA:3862|OTH_GRPF:3416|OTH_CYA:3300|OTH_SAL:1634,RIGHT:10578|LEFT:1634,OBSERVED_LAST_SURVIVOR_EXIT,LAST_SURVIVOR_TALLY_AT_CATEGORY_EXIT,6333,ALP,780.0,0.1231643770724775,False
QLD,176,Rankin,OTH,5,4,ALP>LNP>GRN>ON,4,3,12212,40897,Carol Ordish,OTH_FFPA,RIGHT,3862,0.31624631509990175,0.31624631509990175,OTH_FFPA:3862|OTH_GRPF:3416|OTH_CYA:3300|OTH_SAL:1634,RIGHT:10578|LEFT:1634,OBSERVED_LAST_SURVIVOR_EXIT,LAST_SURVIVOR_TALLY_AT_CATEGORY_EXIT,6333,GRN,1052.0,0.1661140060003158,False
QLD,176,Rankin,OTH,5,4,ALP>LNP>GRN>ON,4,3,12212,40897,Carol Ordish,OTH_FFPA,RIGHT,3862,0.31624631509990175,0.31624631509990175,OTH_FFPA:3862|OTH_GRPF:3416|OTH_CYA:3300|OTH_SAL:1634,RIGHT:10578|LEFT:1634,OBSERVED_LAST_SURVIVOR_EXIT,LAST_SURVIVOR_TALLY_AT_CATEGORY_EXIT,6333,LNP,2140.0,0.337912521711669,False
QLD,176,Rankin,OTH,5,4,ALP>LNP>GRN>ON,4,3,12212,40897,Carol Ordish,OTH_FFPA,RIGHT,3862,0.31624631509990175,0.31624631509990175,OTH_FFPA:3862|OTH_GRPF:3416|OTH_CYA:3300|OTH_SAL:1634,RIGHT:10578|LEFT:1634,OBSERVED_LAST_SURVIVOR_EXIT,LAST_SURVIVOR_TALLY_AT_CATEGORY_EXIT,6333,ON,2361.0,0.3728090952155377,False
QLD,176,Rankin,OTH,5,4,ALP>LNP>GRN>ON,4,3,12212,40897,Carol Ordish,OTH_FFPA,RIGHT,3862,0.31624631509990175,0.31624631509990175,OTH_FFPA:3862|OTH_GRPF:3416|OTH_CYA:3300|OTH_SAL:1634,RIGHT:10578|LEFT:1634,PROPORTIONAL_PRIMARY_ORIGIN_PASS_THROUGH,ALL_CATEGORY_PRIMARY_VOTES_TRACED_PROPORTIONALLY,12212,ALP,1587.0000000000002,0.12995414346544384,True
QLD,176,Rankin,OTH,5,4,ALP>LNP>GRN>ON,4,3,12212,40897,Carol Ordish,OTH_FFPA,RIGHT,3862,0.31624631509990175,0.31624631509990175,OTH_FFPA:3862|OTH_GRPF:3416|OTH_CYA:3300|OTH_SAL:1634,RIGHT:10578|LEFT:1634,PROPORTIONAL_PRIMARY_ORIGIN_PASS_THROUGH,ALL_CATEGORY_PRIMARY_VOTES_TRACED_PROPORTIONALLY,12212,GRN,2825.0,0.23132983950212904,True
QLD,176,Rankin,OTH,5,4,ALP>LNP>GRN>ON,4,3,12212,40897,Carol Ordish,OTH_FFPA,RIGHT,3862,0.31624631509990175,0.31624631509990175,OTH_FFPA:3862|OTH_GRPF:3416|OTH_CYA:3300|OTH_SAL:1634,RIGHT:10578|LEFT:1634,PROPORTIONAL_PRIMARY_ORIGIN_PASS_THROUGH,ALL_CATEGORY_PRIMARY_VOTES_TRACED_PROPORTIONALLY,12212,LNP,2762.0,0.22617097936455946,True
QLD,176,Rankin,OTH,5,4,ALP>LNP>GRN>ON,4,3,12212,40897,Carol Ordish,OTH_FFPA,RIGHT,3862,0.31624631509990175,0.31624631509990175,OTH_FFPA:3862|OTH_GRPF:3416|OTH_CYA:3300|OTH_SAL:1634,RIGHT:10578|LEFT:1634,PROPORTIONAL_PRIMARY_ORIGIN_PASS_THROUGH,ALL_CATEGORY_PRIMARY_VOTES_TRACED_PROPORTIONALLY,12212,ON,5038.0,0.41254503766786765,True
QLD,177,Ryan,ALP,3,6,LNP>GRN,1,0,29217,40807,Rebecca Hack,ALP,,29217,1.0,1.0,ALP:29217,UNSPECIFIED:29217,OBSERVED_LAST_SURVIVOR_EXIT,LAST_SURVIVOR_TALLY_AT_CATEGORY_EXIT,30893,GRN,23407.0,0.7576797332729097,False
QLD,177,Ryan,ALP,3,6,LNP>GRN,1,0,29217,40807,Rebecca Hack,ALP,,29217,1.0,1.0,ALP:29217,UNSPECIFIED:29217,OBSERVED_LAST_SURVIVOR_EXIT,LAST_SURVIVOR_TALLY_AT_CATEGORY_EXIT,30893,LNP,7486.0,0.24232026672709028,False
QLD,177,Ryan,ALP,3,6,LNP>GRN,1,0,29217,40807,Rebecca Hack,ALP,,29217,1.0,1.0,ALP:29217,UNSPECIFIED:29217,PROPORTIONAL_PRIMARY_ORIGIN_PASS_THROUGH,ALL_CATEGORY_PRIMARY_VOTES_TRACED_PROPORTIONALLY,29217,GRN,22137.128767034603,0.7576797332729097,True
QLD,177,Ryan,ALP,3,6,LNP>GRN,1,0,29217,40807,Rebecca Hack,ALP,,29217,1.0,1.0,ALP:29217,UNSPECIFIED:29217,PROPORTIONAL_PRIMARY_ORIGIN_PASS_THROUGH,ALL_CATEGORY_PRIMARY_VOTES_TRACED_PROPORTIONALLY,29217,LNP,7079.871232965397,0.2423202667270903,True
QLD,177,Ryan,ON,4,5,ALP>LNP>GRN,1,0,2327,40960,Robbie Elsom,ON,,2327,1.0,1.0,ON:2327,UNSPECIFIED:2327,OBSERVED_LAST_SURVIVOR_EXIT,LAST_SURVIVOR_TALLY_AT_CATEGORY_EXIT,5265,ALP,740.0,0.14055080721747387,False
QLD,177,Ryan,ON,4,5,ALP>LNP>GRN,1,0,2327,40960,Robbie Elsom,ON,,2327,1.0,1.0,ON:2327,UNSPECIFIED:2327,OBSERVED_LAST_SURVIVOR_EXIT,LAST_SURVIVOR_TALLY_AT_CATEGORY_EXIT,5265,GRN,673.0,0.1278252611585945,False
QLD,177,Ryan,ON,4,5,ALP>LNP>GRN,1,0,2327,40960,Robbie Elsom,ON,,2327,1.0,1.0,ON:2327,UNSPECIFIED:2327,OBSERVED_LAST_SURVIVOR_EXIT,LAST_SURVIVOR_TALLY_AT_CATEGORY_EXIT,5265,LNP,3852.0,0.7316239316239316,False
QLD,177,Ryan,ON,4,5,ALP>LNP>GRN,1,0,2327,40960,Robbie Elsom,ON,,2327,1.0,1.0,ON:2327,UNSPECIFIED:2327,PROPORTIONAL_PRIMARY_ORIGIN_PASS_THROUGH,ALL_CATEGORY_PRIMARY_VOTES_TRACED_PROPORTIONALLY,2327,ALP,327.0617283950617,0.14055080721747387,True
QLD,177,Ryan,ON,4,5,ALP>LNP>GRN,1,0,2327,40960,Robbie Elsom,ON,,2327,1.0,1.0,ON:2327,UNSPECIFIED:2327,PROPORTIONAL_PRIMARY_ORIGIN_PASS_THROUGH,ALL_CATEGORY_PRIMARY_VOTES_TRACED_PROPORTIONALLY,2327,GRN,297.4493827160494,0.1278252611585945,True
QLD,177,Ryan,ON,4,5,ALP>LNP>GRN,1,0,2327,40960,Robbie Elsom,ON,,2327,1.0,1.0,ON:2327,UNSPECIFIED:2327,PROPORTIONAL_PRIMARY_ORIGIN_PASS_THROUGH,ALL_CATEGORY_PRIMARY_VOTES_TRACED_PROPORTIONALLY,2327,LNP,1702.4888888888888,0.7316239316239316,True
QLD,177,Ryan,OTH,5,4,ALP>LNP>GRN>ON,4,3,6126,40974,N De Lapp,OTH_GRPF,RIGHT,2407,0.3929154423767548,0.3929154423767548,OTH_GRPF:2407|OTH_CYA:1372|OTH_FFPA:1340|OTH_SOPA:1007,RIGHT:5119|LEFT:1007,OBSERVED_LAST_SURVIVOR_EXIT,LAST_SURVIVOR_TALLY_AT_CATEGORY_EXIT,3145,ALP,257.0,0.08171701112877583,False
QLD,177,Ryan,OTH,5,4,ALP>LNP>GRN>ON,4,3,6126,40974,N De Lapp,OTH_GRPF,RIGHT,2407,0.3929154423767548,0.3929154423767548,OTH_GRPF:2407|OTH_CYA:1372|OTH_FFPA:1340|OTH_SOPA:1007,RIGHT:5119|LEFT:1007,OBSERVED_LAST_SURVIVOR_EXIT,LAST_SURVIVOR_TALLY_AT_CATEGORY_EXIT,3145,GRN,312.0,0.09920508744038156,False
QLD,177,Ryan,OTH,5,4,ALP>LNP>GRN>ON,4,3,6126,40974,N De Lapp,OTH_GRPF,RIGHT,2407,0.3929154423767548,0.3929154423767548,OTH_GRPF:2407|OTH_CYA:1372|OTH_FFPA:1340|OTH_SOPA:1007,RIGHT:5119|LEFT:1007,OBSERVED_LAST_SURVIVOR_EXIT,LAST_SURVIVOR_TALLY_AT_CATEGORY_EXIT,3145,LNP,501.0,0.15930047694753577,False
QLD,177,Ryan,OTH,5,4,ALP>LNP>GRN>ON,4,3,6126,40974,N De Lapp,OTH_GRPF,RIGHT,2407,0.3929154423767548,0.3929154423767548,OTH_GRPF:2407|OTH_CYA:1372|OTH_FFPA:1340|OTH_SOPA:1007,RIGHT:5119|LEFT:1007,OBSERVED_LAST_SURVIVOR_EXIT,LAST_SURVIVOR_TALLY_AT_CATEGORY_EXIT,3145,ON,2075.0,0.6597774244833068,False
QLD,177,Ryan,OTH,5,4,ALP>LNP>GRN>ON,4,3,6126,40974,N De Lapp,OTH_GRPF,RIGHT,2407,0.3929154423767548,0.3929154423767548,OTH_GRPF:2407|OTH_CYA:1372|OTH_FFPA:1340|OTH_SOPA:1007,RIGHT:5119|LEFT:1007,PROPORTIONAL_PRIMARY_ORIGIN_PASS_THROUGH,ALL_CATEGORY_PRIMARY_VOTES_TRACED_PROPORTIONALLY,6126,ALP,936.0,0.15279138099902057,True
QLD,177,Ryan,OTH,5,4,ALP>LNP>GRN>ON,4,3,6126,40974,N De Lapp,OTH_GRPF,RIGHT,2407,0.3929154423767548,0.3929154423767548,OTH_GRPF:2407|OTH_CYA:1372|OTH_FFPA:1340|OTH_SOPA:1007,RIGHT:5119|LEFT:1007,PROPORTIONAL_PRIMARY_ORIGIN_PASS_THROUGH,ALL_CATEGORY_PRIMARY_VOTES_TRACED_PROPORTIONALLY,6126,GRN,1046.0,0.17074763303950374,True
QLD,177,Ryan,OTH,5,4,ALP>LNP>GRN>ON,4,3,6126,40974,N De Lapp,OTH_GRPF,RIGHT,2407,0.3929154423767548,0.3929154423767548,OTH_GRPF:2407|OTH_CYA:1372|OTH_FFPA:1340|OTH_SOPA:1007,RIGHT:5119|LEFT:1007,PROPORTIONAL_PRIMARY_ORIGIN_PASS_THROUGH,ALL_CATEGORY_PRIMARY_VOTES_TRACED_PROPORTIONALLY,6126,LNP,1206.0,0.19686581782566112,True
QLD,177,Ryan,OTH,5,4,ALP>LNP>GRN>ON,4,3,6126,40974,N De Lapp,OTH_GRPF,RIGHT,2407,0.3929154423767548,0.3929154423767548,OTH_GRPF:2407|OTH_CYA:1372|OTH_FFPA:1340|OTH_SOPA:1007,RIGHT:5119|LEFT:1007,PROPORTIONAL_PRIMARY_ORIGIN_PASS_THROUGH,ALL_CATEGORY_PRIMARY_VOTES_TRACED_PROPORTIONALLY,6126,ON,2938.0,0.47959516813581454,True
QLD,178,Wide Bay,ON,3,5,ALP>LNP,1,0,12646,40961,Chad Burgess,ON,,12646,1.0,1.0,ON:12646,UNSPECIFIED:12646,OBSERVED_LAST_SURVIVOR_EXIT,LAST_SURVIVOR_TALLY_AT_CATEGORY_EXIT,21655,ALP,6337.0,0.29263449549757564,False
QLD,178,Wide Bay,ON,3,5,ALP>LNP,1,0,12646,40961,Chad Burgess,ON,,12646,1.0,1.0,ON:12646,UNSPECIFIED:12646,OBSERVED_LAST_SURVIVOR_EXIT,LAST_SURVIVOR_TALLY_AT_CATEGORY_EXIT,21655,LNP,15318.0,0.7073655045024244,False
QLD,178,Wide Bay,ON,3,5,ALP>LNP,1,0,12646,40961,Chad Burgess,ON,,12646,1.0,1.0,ON:12646,UNSPECIFIED:12646,PROPORTIONAL_PRIMARY_ORIGIN_PASS_THROUGH,ALL_CATEGORY_PRIMARY_VOTES_TRACED_PROPORTIONALLY,12646,ALP,3700.6558300623415,0.29263449549757564,True
QLD,178,Wide Bay,ON,3,5,ALP>LNP,1,0,12646,40961,Chad Burgess,ON,,12646,1.0,1.0,ON:12646,UNSPECIFIED:12646,PROPORTIONAL_PRIMARY_ORIGIN_PASS_THROUGH,ALL_CATEGORY_PRIMARY_VOTES_TRACED_PROPORTIONALLY,12646,LNP,8945.34416993766,0.7073655045024245,True
QLD,178,Wide Bay,GRN,4,4,ALP>LNP>ON,1,0,9080,41287,Emma Buhse,GRN,,9080,1.0,1.0,GRN:9080,UNSPECIFIED:9080,OBSERVED_LAST_SURVIVOR_EXIT,LAST_SURVIVOR_TALLY_AT_CATEGORY_EXIT,11902,ALP,8197.0,0.6887077802050076,False
QLD,178,Wide Bay,GRN,4,4,ALP>LNP>ON,1,0,9080,41287,Emma Buhse,GRN,,9080,1.0,1.0,GRN:9080,UNSPECIFIED:9080,OBSERVED_LAST_SURVIVOR_EXIT,LAST_SURVIVOR_TALLY_AT_CATEGORY_EXIT,11902,LNP,1827.0,0.15350361283817845,False
QLD,178,Wide Bay,GRN,4,4,ALP>LNP>ON,1,0,9080,41287,Emma Buhse,GRN,,9080,1.0,1.0,GRN:9080,UNSPECIFIED:9080,OBSERVED_LAST_SURVIVOR_EXIT,LAST_SURVIVOR_TALLY_AT_CATEGORY_EXIT,11902,ON,1878.0,0.157788606956814,False
QLD,178,Wide Bay,GRN,4,4,ALP>LNP>ON,1,0,9080,41287,Emma Buhse,GRN,,9080,1.0,1.0,GRN:9080,UNSPECIFIED:9080,PROPORTIONAL_PRIMARY_ORIGIN_PASS_THROUGH,ALL_CATEGORY_PRIMARY_VOTES_TRACED_PROPORTIONALLY,9080,ALP,6253.466644261469,0.6887077802050076,True
QLD,178,Wide Bay,GRN,4,4,ALP>LNP>ON,1,0,9080,41287,Emma Buhse,GRN,,9080,1.0,1.0,GRN:9080,UNSPECIFIED:9080,PROPORTIONAL_PRIMARY_ORIGIN_PASS_THROUGH,ALL_CATEGORY_PRIMARY_VOTES_TRACED_PROPORTIONALLY,9080,LNP,1393.8128045706603,0.15350361283817845,True
QLD,178,Wide Bay,GRN,4,4,ALP>LNP>ON,1,0,9080,41287,Emma Buhse,GRN,,9080,1.0,1.0,GRN:9080,UNSPECIFIED:9080,PROPORTIONAL_PRIMARY_ORIGIN_PASS_THROUGH,ALL_CATEGORY_PRIMARY_VOTES_TRACED_PROPORTIONALLY,9080,ON,1432.720551167871,0.157788606956814,True
QLD,178,Wide Bay,OTH,5,3,ALP>LNP>GRN>ON,3,2,15006,40909,Kirsti Kenningale,OTH_FFPA,RIGHT,5394,0.3594562175129948,0.3594562175129948,OTH_FFPA:5394|IND_MINOR:5090|OTH_CYA:4522,RIGHT:9916|CENTRE_LEFT:5090,OBSERVED_LAST_SURVIVOR_EXIT,LAST_SURVIVOR_TALLY_AT_CATEGORY_EXIT,7582,ALP,1299.0,0.17132682669480348,False
QLD,178,Wide Bay,OTH,5,3,ALP>LNP>GRN>ON,3,2,15006,40909,Kirsti Kenningale,OTH_FFPA,RIGHT,5394,0.3594562175129948,0.3594562175129948,OTH_FFPA:5394|IND_MINOR:5090|OTH_CYA:4522,RIGHT:9916|CENTRE_LEFT:5090,OBSERVED_LAST_SURVIVOR_EXIT,LAST_SURVIVOR_TALLY_AT_CATEGORY_EXIT,7582,GRN,898.0,0.11843840675283566,False
QLD,178,Wide Bay,OTH,5,3,ALP>LNP>GRN>ON,3,2,15006,40909,Kirsti Kenningale,OTH_FFPA,RIGHT,5394,0.3594562175129948,0.3594562175129948,OTH_FFPA:5394|IND_MINOR:5090|OTH_CYA:4522,RIGHT:9916|CENTRE_LEFT:5090,OBSERVED_LAST_SURVIVOR_EXIT,LAST_SURVIVOR_TALLY_AT_CATEGORY_EXIT,7582,LNP,1006.0,0.13268266948034818,False
QLD,178,Wide Bay,OTH,5,3,ALP>LNP>GRN>ON,3,2,15006,40909,Kirsti Kenningale,OTH_FFPA,RIGHT,5394,0.3594562175129948,0.3594562175129948,OTH_FFPA:5394|IND_MINOR:5090|OTH_CYA:4522,RIGHT:9916|CENTRE_LEFT:5090,OBSERVED_LAST_SURVIVOR_EXIT,LAST_SURVIVOR_TALLY_AT_CATEGORY_EXIT,7582,ON,4379.0,0.5775520970720127,False
QLD,178,Wide Bay,OTH,5,3,ALP>LNP>GRN>ON,3,2,15006,40909,Kirsti Kenningale,OTH_FFPA,RIGHT,5394,0.3594562175129948,0.3594562175129948,OTH_FFPA:5394|IND_MINOR:5090|OTH_CYA:4522,RIGHT:9916|CENTRE_LEFT:5090,PROPORTIONAL_PRIMARY_ORIGIN_PASS_THROUGH,ALL_CATEGORY_PRIMARY_VOTES_TRACED_PROPORTIONALLY,15006,ALP,2707.0,0.18039450886312142,True
QLD,178,Wide Bay,OTH,5,3,ALP>LNP>GRN>ON,3,2,15006,40909,Kirsti Kenningale,OTH_FFPA,RIGHT,5394,0.3594562175129948,0.3594562175129948,OTH_FFPA:5394|IND_MINOR:5090|OTH_CYA:4522,RIGHT:9916|CENTRE_LEFT:5090,PROPORTIONAL_PRIMARY_ORIGIN_PASS_THROUGH,ALL_CATEGORY_PRIMARY_VOTES_TRACED_PROPORTIONALLY,15006,GRN,2822.0,0.18805811008929763,True
QLD,178,Wide Bay,OTH,5,3,ALP>LNP>GRN>ON,3,2,15006,40909,Kirsti Kenningale,OTH_FFPA,RIGHT,5394,0.3594562175129948,0.3594562175129948,OTH_FFPA:5394|IND_MINOR:5090|OTH_CYA:4522,RIGHT:9916|CENTRE_LEFT:5090,PROPORTIONAL_PRIMARY_ORIGIN_PASS_THROUGH,ALL_CATEGORY_PRIMARY_VOTES_TRACED_PROPORTIONALLY,15006,LNP,2346.0,0.1563374650139944,True
QLD,178,Wide Bay,OTH,5,3,ALP>LNP>GRN>ON,3,2,15006,40909,Kirsti Kenningale,OTH_FFPA,RIGHT,5394,0.3594562175129948,0.3594562175129948,OTH_FFPA:5394|IND_MINOR:5090|OTH_CYA:4522,RIGHT:9916|CENTRE_LEFT:5090,PROPORTIONAL_PRIMARY_ORIGIN_PASS_THROUGH,ALL_CATEGORY_PRIMARY_VOTES_TRACED_PROPORTIONALLY,15006,ON,7131.0,0.4752099160335866,True
QLD,316,Wright,ON,3,6,ALP>LNP,1,0,18998,40962,Natalie Davis,ON,,18998,1.0,1.0,ON:18998,UNSPECIFIED:18998,OBSERVED_LAST_SURVIVOR_EXIT,LAST_SURVIVOR_TALLY_AT_CATEGORY_EXIT,31910,ALP,8137.0,0.2549984330930743,False
QLD,316,Wright,ON,3,6,ALP>LNP,1,0,18998,40962,Natalie Davis,ON,,18998,1.0,1.0,ON:18998,UNSPECIFIED:18998,OBSERVED_LAST_SURVIVOR_EXIT,LAST_SURVIVOR_TALLY_AT_CATEGORY_EXIT,31910,LNP,23773.0,0.7450015669069258,False
QLD,316,Wright,ON,3,6,ALP>LNP,1,0,18998,40962,Natalie Davis,ON,,18998,1.0,1.0,ON:18998,UNSPECIFIED:18998,PROPORTIONAL_PRIMARY_ORIGIN_PASS_THROUGH,ALL_CATEGORY_PRIMARY_VOTES_TRACED_PROPORTIONALLY,18998,ALP,4844.460231902225,0.2549984330930743,True
QLD,316,Wright,ON,3,6,ALP>LNP,1,0,18998,40962,Natalie Davis,ON,,18998,1.0,1.0,ON:18998,UNSPECIFIED:18998,PROPORTIONAL_PRIMARY_ORIGIN_PASS_THROUGH,ALL_CATEGORY_PRIMARY_VOTES_TRACED_PROPORTIONALLY,18998,LNP,14153.539768097775,0.7450015669069258,True
QLD,316,Wright,GRN,4,5,ALP>LNP>ON,1,0,11128,41289,Nicole Thompson,GRN,,11128,1.0,1.0,GRN:11128,UNSPECIFIED:11128,OBSERVED_LAST_SURVIVOR_EXIT,LAST_SURVIVOR_TALLY_AT_CATEGORY_EXIT,13840,ALP,9322.0,0.6735549132947977,False
QLD,316,Wright,GRN,4,5,ALP>LNP>ON,1,0,11128,41289,Nicole Thompson,GRN,,11128,1.0,1.0,GRN:11128,UNSPECIFIED:11128,OBSERVED_LAST_SURVIVOR_EXIT,LAST_SURVIVOR_TALLY_AT_CATEGORY_EXIT,13840,LNP,1619.0,0.11697976878612716,False
QLD,316,Wright,GRN,4,5,ALP>LNP>ON,1,0,11128,41289,Nicole Thompson,GRN,,11128,1.0,1.0,GRN:11128,UNSPECIFIED:11128,OBSERVED_LAST_SURVIVOR_EXIT,LAST_SURVIVOR_TALLY_AT_CATEGORY_EXIT,13840,ON,2899.0,0.20946531791907513,False
QLD,316,Wright,GRN,4,5,ALP>LNP>ON,1,0,11128,41289,Nicole Thompson,GRN,,11128,1.0,1.0,GRN:11128,UNSPECIFIED:11128,PROPORTIONAL_PRIMARY_ORIGIN_PASS_THROUGH,ALL_CATEGORY_PRIMARY_VOTES_TRACED_PROPORTIONALLY,11128,ALP,7495.319075144508,0.6735549132947977,True
QLD,316,Wright,GRN,4,5,ALP>LNP>ON,1,0,11128,41289,Nicole Thompson,GRN,,11128,1.0,1.0,GRN:11128,UNSPECIFIED:11128,PROPORTIONAL_PRIMARY_ORIGIN_PASS_THROUGH,ALL_CATEGORY_PRIMARY_VOTES_TRACED_PROPORTIONALLY,11128,LNP,1301.750867052023,0.11697976878612716,True
QLD,316,Wright,GRN,4,5,ALP>LNP>ON,1,0,11128,41289,Nicole Thompson,GRN,,11128,1.0,1.0,GRN:11128,UNSPECIFIED:11128,PROPORTIONAL_PRIMARY_ORIGIN_PASS_THROUGH,ALL_CATEGORY_PRIMARY_VOTES_TRACED_PROPORTIONALLY,11128,ON,2330.930057803468,0.20946531791907513,True
QLD,316,Wright,OTH,5,4,ALP>LNP>GRN>ON,4,3,17237,40976,Justin Mcguiness,OTH_GRPF,RIGHT,5928,0.3439113534837849,0.3439113534837849,OTH_GRPF:5928|OTH_CYA:5864|OTH_FFPA:3179|OTH_AJP:2266,RIGHT:14971|CENTRE_LEFT:2266,OBSERVED_LAST_SURVIVOR_EXIT,LAST_SURVIVOR_TALLY_AT_CATEGORY_EXIT,8263,ALP,765.0,0.09258138690548227,False
QLD,316,Wright,OTH,5,4,ALP>LNP>GRN>ON,4,3,17237,40976,Justin Mcguiness,OTH_GRPF,RIGHT,5928,0.3439113534837849,0.3439113534837849,OTH_GRPF:5928|OTH_CYA:5864|OTH_FFPA:3179|OTH_AJP:2266,RIGHT:14971|CENTRE_LEFT:2266,OBSERVED_LAST_SURVIVOR_EXIT,LAST_SURVIVOR_TALLY_AT_CATEGORY_EXIT,8263,GRN,891.0,0.10783008592520876,False
QLD,316,Wright,OTH,5,4,ALP>LNP>GRN>ON,4,3,17237,40976,Justin Mcguiness,OTH_GRPF,RIGHT,5928,0.3439113534837849,0.3439113534837849,OTH_GRPF:5928|OTH_CYA:5864|OTH_FFPA:3179|OTH_AJP:2266,RIGHT:14971|CENTRE_LEFT:2266,OBSERVED_LAST_SURVIVOR_EXIT,LAST_SURVIVOR_TALLY_AT_CATEGORY_EXIT,8263,LNP,817.0,0.09887450078663923,False
QLD,316,Wright,OTH,5,4,ALP>LNP>GRN>ON,4,3,17237,40976,Justin Mcguiness,OTH_GRPF,RIGHT,5928,0.3439113534837849,0.3439113534837849,OTH_GRPF:5928|OTH_CYA:5864|OTH_FFPA:3179|OTH_AJP:2266,RIGHT:14971|CENTRE_LEFT:2266,OBSERVED_LAST_SURVIVOR_EXIT,LAST_SURVIVOR_TALLY_AT_CATEGORY_EXIT,8263,ON,5790.0,0.7007140263826698,False
QLD,316,Wright,OTH,5,4,ALP>LNP>GRN>ON,4,3,17237,40976,Justin Mcguiness,OTH_GRPF,RIGHT,5928,0.3439113534837849,0.3439113534837849,OTH_GRPF:5928|OTH_CYA:5864|OTH_FFPA:3179|OTH_AJP:2266,RIGHT:14971|CENTRE_LEFT:2266,PROPORTIONAL_PRIMARY_ORIGIN_PASS_THROUGH,ALL_CATEGORY_PRIMARY_VOTES_TRACED_PROPORTIONALLY,17237,ALP,1949.0,0.11307071996287058,True
QLD,316,Wright,OTH,5,4,ALP>LNP>GRN>ON,4,3,17237,40976,Justin Mcguiness,OTH_GRPF,RIGHT,5928,0.3439113534837849,0.3439113534837849,OTH_GRPF:5928|OTH_CYA:5864|OTH_FFPA:3179|OTH_AJP:2266,RIGHT:14971|CENTRE_LEFT:2266,PROPORTIONAL_PRIMARY_ORIGIN_PASS_THROUGH,ALL_CATEGORY_PRIMARY_VOTES_TRACED_PROPORTIONALLY,17237,GRN,2712.0,0.15733596333468702,True
QLD,316,Wright,OTH,5,4,ALP>LNP>GRN>ON,4,3,17237,40976,Justin Mcguiness,OTH_GRPF,RIGHT,5928,0.3439113534837849,0.3439113534837849,OTH_GRPF:5928|OTH_CYA:5864|OTH_FFPA:3179|OTH_AJP:2266,RIGHT:14971|CENTRE_LEFT:2266,PROPORTIONAL_PRIMARY_ORIGIN_PASS_THROUGH,ALL_CATEGORY_PRIMARY_VOTES_TRACED_PROPORTIONALLY,17237,LNP,2562.9999999999995,0.14869176770899806,True
QLD,316,Wright,OTH,5,4,ALP>LNP>GRN>ON,4,3,17237,40976,Justin Mcguiness,OTH_GRPF,RIGHT,5928,0.3439113534837849,0.3439113534837849,OTH_GRPF:5928|OTH_CYA:5864|OTH_FFPA:3179|OTH_AJP:2266,RIGHT:14971|CENTRE_LEFT:2266,PROPORTIONAL_PRIMARY_ORIGIN_PASS_THROUGH,ALL_CATEGORY_PRIMARY_VOTES_TRACED_PROPORTIONALLY,17237,ON,10013.0,0.5809015489934444,True
SA,179,Adelaide,GRN,3,5,ALP>LNP,1,0,21642,41013,Mat Monti,GRN,,21642,1.0,1.0,GRN:21642,UNSPECIFIED:21642,OBSERVED_LAST_SURVIVOR_EXIT,LAST_SURVIVOR_TALLY_AT_CATEGORY_EXIT,25299,ALP,22560.0,0.8917348511798885,False
SA,179,Adelaide,GRN,3,5,ALP>LNP,1,0,21642,41013,Mat Monti,GRN,,21642,1.0,1.0,GRN:21642,UNSPECIFIED:21642,OBSERVED_LAST_SURVIVOR_EXIT,LAST_SURVIVOR_TALLY_AT_CATEGORY_EXIT,25299,LNP,2739.0,0.10826514882011147,False
SA,179,Adelaide,GRN,3,5,ALP>LNP,1,0,21642,41013,Mat Monti,GRN,,21642,1.0,1.0,GRN:21642,UNSPECIFIED:21642,PROPORTIONAL_PRIMARY_ORIGIN_PASS_THROUGH,ALL_CATEGORY_PRIMARY_VOTES_TRACED_PROPORTIONALLY,21642,ALP,19298.925649235145,0.8917348511798884,True
SA,179,Adelaide,GRN,3,5,ALP>LNP,1,0,21642,41013,Mat Monti,GRN,,21642,1.0,1.0,GRN:21642,UNSPECIFIED:21642,PROPORTIONAL_PRIMARY_ORIGIN_PASS_THROUGH,ALL_CATEGORY_PRIMARY_VOTES_TRACED_PROPORTIONALLY,21642,LNP,2343.0743507648526,0.10826514882011148,True
SA,179,Adelaide,ON,4,4,ALP>LNP>GRN,1,0,4584,42034,Riley Size,ON,,4584,1.0,1.0,ON:4584,UNSPECIFIED:4584,OBSERVED_LAST_SURVIVOR_EXIT,LAST_SURVIVOR_TALLY_AT_CATEGORY_EXIT,6597,ALP,1164.0,0.17644383810823103,False
SA,179,Adelaide,ON,4,4,ALP>LNP>GRN,1,0,4584,42034,Riley Size,ON,,4584,1.0,1.0,ON:4584,UNSPECIFIED:4584,OBSERVED_LAST_SURVIVOR_EXIT,LAST_SURVIVOR_TALLY_AT_CATEGORY_EXIT,6597,GRN,1331.0,0.201758375018948,False
SA,179,Adelaide,ON,4,4,ALP>LNP>GRN,1,0,4584,42034,Riley Size,ON,,4584,1.0,1.0,ON:4584,UNSPECIFIED:4584,OBSERVED_LAST_SURVIVOR_EXIT,LAST_SURVIVOR_TALLY_AT_CATEGORY_EXIT,6597,LNP,4102.0,0.621797786872821,False
SA,179,Adelaide,ON,4,4,ALP>LNP>GRN,1,0,4584,42034,Riley Size,ON,,4584,1.0,1.0,ON:4584,UNSPECIFIED:4584,PROPORTIONAL_PRIMARY_ORIGIN_PASS_THROUGH,ALL_CATEGORY_PRIMARY_VOTES_TRACED_PROPORTIONALLY,4584,ALP,808.8185538881311,0.17644383810823103,True
SA,179,Adelaide,ON,4,4,ALP>LNP>GRN,1,0,4584,42034,Riley Size,ON,,4584,1.0,1.0,ON:4584,UNSPECIFIED:4584,PROPORTIONAL_PRIMARY_ORIGIN_PASS_THROUGH,ALL_CATEGORY_PRIMARY_VOTES_TRACED_PROPORTIONALLY,4584,GRN,924.8603910868576,0.201758375018948,True
SA,179,Adelaide,ON,4,4,ALP>LNP>GRN,1,0,4584,42034,Riley Size,ON,,4584,1.0,1.0,ON:4584,UNSPECIFIED:4584,PROPORTIONAL_PRIMARY_ORIGIN_PASS_THROUGH,ALL_CATEGORY_PRIMARY_VOTES_TRACED_PROPORTIONALLY,4584,LNP,2850.321055025011,0.621797786872821,True
SA,179,Adelaide,OTH,5,3,ALP>LNP>GRN>ON,3,2,7256,41039,Steve Marks,OTH_CYA,RIGHT,3144,0.43329658213891953,0.43329658213891953,OTH_CYA:3144|OTH_AJP:2745|OTH_SOPA:1367,RIGHT:3144|CENTRE_LEFT:2745|LEFT:1367,OBSERVED_LAST_SURVIVOR_EXIT,LAST_SURVIVOR_TALLY_AT_CATEGORY_EXIT,3551,ALP,714.0,0.20107012109264996,False
SA,179,Adelaide,OTH,5,3,ALP>LNP>GRN>ON,3,2,7256,41039,Steve Marks,OTH_CYA,RIGHT,3144,0.43329658213891953,0.43329658213891953,OTH_CYA:3144|OTH_AJP:2745|OTH_SOPA:1367,RIGHT:3144|CENTRE_LEFT:2745|LEFT:1367,OBSERVED_LAST_SURVIVOR_EXIT,LAST_SURVIVOR_TALLY_AT_CATEGORY_EXIT,3551,GRN,598.0,0.16840326668544073,False
SA,179,Adelaide,OTH,5,3,ALP>LNP>GRN>ON,3,2,7256,41039,Steve Marks,OTH_CYA,RIGHT,3144,0.43329658213891953,0.43329658213891953,OTH_CYA:3144|OTH_AJP:2745|OTH_SOPA:1367,RIGHT:3144|CENTRE_LEFT:2745|LEFT:1367,OBSERVED_LAST_SURVIVOR_EXIT,LAST_SURVIVOR_TALLY_AT_CATEGORY_EXIT,3551,LNP,593.0,0.16699521261616446,False
SA,179,Adelaide,OTH,5,3,ALP>LNP>GRN>ON,3,2,7256,41039,Steve Marks,OTH_CYA,RIGHT,3144,0.43329658213891953,0.43329658213891953,OTH_CYA:3144|OTH_AJP:2745|OTH_SOPA:1367,RIGHT:3144|CENTRE_LEFT:2745|LEFT:1367,OBSERVED_LAST_SURVIVOR_EXIT,LAST_SURVIVOR_TALLY_AT_CATEGORY_EXIT,3551,ON,1646.0,0.46353139960574485,False
SA,179,Adelaide,OTH,5,3,ALP>LNP>GRN>ON,3,2,7256,41039,Steve Marks,OTH_CYA,RIGHT,3144,0.43329658213891953,0.43329658213891953,OTH_CYA:3144|OTH_AJP:2745|OTH_SOPA:1367,RIGHT:3144|CENTRE_LEFT:2745|LEFT:1367,PROPORTIONAL_PRIMARY_ORIGIN_PASS_THROUGH,ALL_CATEGORY_PRIMARY_VOTES_TRACED_PROPORTIONALLY,7256,ALP,2036.0,0.28059536934950385,True
SA,179,Adelaide,OTH,5,3,ALP>LNP>GRN>ON,3,2,7256,41039,Steve Marks,OTH_CYA,RIGHT,3144,0.43329658213891953,0.43329658213891953,OTH_CYA:3144|OTH_AJP:2745|OTH_SOPA:1367,RIGHT:3144|CENTRE_LEFT:2745|LEFT:1367,PROPORTIONAL_PRIMARY_ORIGIN_PASS_THROUGH,ALL_CATEGORY_PRIMARY_VOTES_TRACED_PROPORTIONALLY,7256,GRN,2326.0,0.3205622932745314,True
SA,179,Adelaide,OTH,5,3,ALP>LNP>GRN>ON,3,2,7256,41039,Steve Marks,OTH_CYA,RIGHT,3144,0.43329658213891953,0.43329658213891953,OTH_CYA:3144|OTH_AJP:2745|OTH_SOPA:1367,RIGHT:3144|CENTRE_LEFT:2745|LEFT:1367,PROPORTIONAL_PRIMARY_ORIGIN_PASS_THROUGH,ALL_CATEGORY_PRIMARY_VOTES_TRACED_PROPORTIONALLY,7256,LNP,880.9999999999999,0.12141675854465268,True
SA,179,Adelaide,OTH,5,3,ALP>LNP>GRN>ON,3,2,7256,41039,Steve Marks,OTH_CYA,RIGHT,3144,0.43329658213891953,0.43329658213891953,OTH_CYA:3144|OTH_AJP:2745|OTH_SOPA:1367,RIGHT:3144|CENTRE_LEFT:2745|LEFT:1367,PROPORTIONAL_PRIMARY_ORIGIN_PASS_THROUGH,ALL_CATEGORY_PRIMARY_VOTES_TRACED_PROPORTIONALLY,7256,ON,2013.0,0.277425578831312,True
SA,180,Barker,ON,3,8,ALP>LNP,1,0,8908,42023,Jennifer Troeth,ON,,8908,1.0,1.0,ON:8908,UNSPECIFIED:8908,OBSERVED_LAST_SURVIVOR_EXIT,LAST_SURVIVOR_TALLY_AT_CATEGORY_EXIT,16482,ALP,6288.0,0.3815070986530761,False
SA,180,Barker,ON,3,8,ALP>LNP,1,0,8908,42023,Jennifer Troeth,ON,,8908,1.0,1.0,ON:8908,UNSPECIFIED:8908,OBSERVED_LAST_SURVIVOR_EXIT,LAST_SURVIVOR_TALLY_AT_CATEGORY_EXIT,16482,LNP,10194.0,0.6184929013469239,False
SA,180,Barker,ON,3,8,ALP>LNP,1,0,8908,42023,Jennifer Troeth,ON,,8908,1.0,1.0,ON:8908,UNSPECIFIED:8908,PROPORTIONAL_PRIMARY_ORIGIN_PASS_THROUGH,ALL_CATEGORY_PRIMARY_VOTES_TRACED_PROPORTIONALLY,8908,ALP,3398.4652348016016,0.3815070986530761,True
SA,180,Barker,ON,3,8,ALP>LNP,1,0,8908,42023,Jennifer Troeth,ON,,8908,1.0,1.0,ON:8908,UNSPECIFIED:8908,PROPORTIONAL_PRIMARY_ORIGIN_PASS_THROUGH,ALL_CATEGORY_PRIMARY_VOTES_TRACED_PROPORTIONALLY,8908,LNP,5509.534765198398,0.6184929013469239,True
SA,180,Barker,GRN,4,7,ALP>LNP>ON,1,0,8866,41017,Major Moogy Sumner,GRN,,8866,1.0,1.0,GRN:8866,UNSPECIFIED:8866,OBSERVED_LAST_SURVIVOR_EXIT,LAST_SURVIVOR_TALLY_AT_CATEGORY_EXIT,11787,ALP,7337.0,0.6224654280139136,False
SA,180,Barker,GRN,4,7,ALP>LNP>ON,1,0,8866,41017,Major Moogy Sumner,GRN,,8866,1.0,1.0,GRN:8866,UNSPECIFIED:8866,OBSERVED_LAST_SURVIVOR_EXIT,LAST_SURVIVOR_TALLY_AT_CATEGORY_EXIT,11787,LNP,1750.0,0.1484686519046407,False
SA,180,Barker,GRN,4,7,ALP>LNP>ON,1,0,8866,41017,Major Moogy Sumner,GRN,,8866,1.0,1.0,GRN:8866,UNSPECIFIED:8866,OBSERVED_LAST_SURVIVOR_EXIT,LAST_SURVIVOR_TALLY_AT_CATEGORY_EXIT,11787,ON,2700.0,0.22906592008144566,False
SA,180,Barker,GRN,4,7,ALP>LNP>ON,1,0,8866,41017,Major Moogy Sumner,GRN,,8866,1.0,1.0,GRN:8866,UNSPECIFIED:8866,PROPORTIONAL_PRIMARY_ORIGIN_PASS_THROUGH,ALL_CATEGORY_PRIMARY_VOTES_TRACED_PROPORTIONALLY,8866,ALP,5518.778484771357,0.6224654280139136,True
SA,180,Barker,GRN,4,7,ALP>LNP>ON,1,0,8866,41017,Major Moogy Sumner,GRN,,8866,1.0,1.0,GRN:8866,UNSPECIFIED:8866,PROPORTIONAL_PRIMARY_ORIGIN_PASS_THROUGH,ALL_CATEGORY_PRIMARY_VOTES_TRACED_PROPORTIONALLY,8866,LNP,1316.3230677865445,0.1484686519046407,True
SA,180,Barker,GRN,4,7,ALP>LNP>ON,1,0,8866,41017,Major Moogy Sumner,GRN,,8866,1.0,1.0,GRN:8866,UNSPECIFIED:8866,PROPORTIONAL_PRIMARY_ORIGIN_PASS_THROUGH,ALL_CATEGORY_PRIMARY_VOTES_TRACED_PROPORTIONALLY,8866,ON,2030.8984474420972,0.22906592008144566,True
SA,180,Barker,OTH,5,6,ALP>LNP>GRN>ON,5,4,12134,40674,Cody Scholes,IND_MINOR,CENTRE_LEFT,2963,0.24418987967694084,0.24418987967694084,IND_MINOR:6370|OTH_CYA:2983|OTH_FFPA:2781,RIGHT:5764|CENTRE_LEFT:4854|CENTRE:1516,OBSERVED_LAST_SURVIVOR_EXIT,LAST_SURVIVOR_TALLY_AT_CATEGORY_EXIT,5391,ALP,872.0,0.16175106659246893,False
SA,180,Barker,OTH,5,6,ALP>LNP>GRN>ON,5,4,12134,40674,Cody Scholes,IND_MINOR,CENTRE_LEFT,2963,0.24418987967694084,0.24418987967694084,IND_MINOR:6370|OTH_CYA:2983|OTH_FFPA:2781,RIGHT:5764|CENTRE_LEFT:4854|CENTRE:1516,OBSERVED_LAST_SURVIVOR_EXIT,LAST_SURVIVOR_TALLY_AT_CATEGORY_EXIT,5391,GRN,1614.0,0.29938786867000555,False
SA,180,Barker,OTH,5,6,ALP>LNP>GRN>ON,5,4,12134,40674,Cody Scholes,IND_MINOR,CENTRE_LEFT,2963,0.24418987967694084,0.24418987967694084,IND_MINOR:6370|OTH_CYA:2983|OTH_FFPA:2781,RIGHT:5764|CENTRE_LEFT:4854|CENTRE:1516,OBSERVED_LAST_SURVIVOR_EXIT,LAST_SURVIVOR_TALLY_AT_CATEGORY_EXIT,5391,LNP,1053.0,0.19532554257095158,False
SA,180,Barker,OTH,5,6,ALP>LNP>GRN>ON,5,4,12134,40674,Cody Scholes,IND_MINOR,CENTRE_LEFT,2963,0.24418987967694084,0.24418987967694084,IND_MINOR:6370|OTH_CYA:2983|OTH_FFPA:2781,RIGHT:5764|CENTRE_LEFT:4854|CENTRE:1516,OBSERVED_LAST_SURVIVOR_EXIT,LAST_SURVIVOR_TALLY_AT_CATEGORY_EXIT,5391,ON,1852.0,0.3435355221665739,False
SA,180,Barker,OTH,5,6,ALP>LNP>GRN>ON,5,4,12134,40674,Cody Scholes,IND_MINOR,CENTRE_LEFT,2963,0.24418987967694084,0.24418987967694084,IND_MINOR:6370|OTH_CYA:2983|OTH_FFPA:2781,RIGHT:5764|CENTRE_LEFT:4854|CENTRE:1516,PROPORTIONAL_PRIMARY_ORIGIN_PASS_THROUGH,ALL_CATEGORY_PRIMARY_VOTES_TRACED_PROPORTIONALLY,12134,ALP,1938.3947537822323,0.15974903195831813,True
SA,180,Barker,OTH,5,6,ALP>LNP>GRN>ON,5,4,12134,40674,Cody Scholes,IND_MINOR,CENTRE_LEFT,2963,0.24418987967694084,0.24418987967694084,IND_MINOR:6370|OTH_CYA:2983|OTH_FFPA:2781,RIGHT:5764|CENTRE_LEFT:4854|CENTRE:1516,PROPORTIONAL_PRIMARY_ORIGIN_PASS_THROUGH,ALL_CATEGORY_PRIMARY_VOTES_TRACED_PROPORTIONALLY,12134,GRN,2766.045514951292,0.22795825902021524,True
SA,180,Barker,OTH,5,6,ALP>LNP>GRN>ON,5,4,12134,40674,Cody Scholes,IND_MINOR,CENTRE_LEFT,2963,0.24418987967694084,0.24418987967694084,IND_MINOR:6370|OTH_CYA:2983|OTH_FFPA:2781,RIGHT:5764|CENTRE_LEFT:4854|CENTRE:1516,PROPORTIONAL_PRIMARY_ORIGIN_PASS_THROUGH,ALL_CATEGORY_PRIMARY_VOTES_TRACED_PROPORTIONALLY,12134,LNP,2907.3998481874332,0.2396077013505384,True
SA,180,Barker,OTH,5,6,ALP>LNP>GRN>ON,5,4,12134,40674,Cody Scholes,IND_MINOR,CENTRE_LEFT,2963,0.24418987967694084,0.24418987967694084,IND_MINOR:6370|OTH_CYA:2983|OTH_FFPA:2781,RIGHT:5764|CENTRE_LEFT:4854|CENTRE:1516,PROPORTIONAL_PRIMARY_ORIGIN_PASS_THROUGH,ALL_CATEGORY_PRIMARY_VOTES_TRACED_PROPORTIONALLY,12134,ON,4522.159883079042,0.3726850076709281,True
SA,182,Boothby,GRN,3,4,ALP>LNP,1,0,20046,41019,Joanna Wells,GRN,,20046,1.0,1.0,GRN:20046,UNSPECIFIED:20046,OBSERVED_LAST_SURVIVOR_EXIT,LAST_SURVIVOR_TALLY_AT_CATEGORY_EXIT,22073,ALP,19444.0,0.8808952113441761,False
SA,182,Boothby,GRN,3,4,ALP>LNP,1,0,20046,41019,Joanna Wells,GRN,,20046,1.0,1.0,GRN:20046,UNSPECIFIED:20046,OBSERVED_LAST_SURVIVOR_EXIT,LAST_SURVIVOR_TALLY_AT_CATEGORY_EXIT,22073,LNP,2629.0,0.11910478865582386,False
SA,182,Boothby,GRN,3,4,ALP>LNP,1,0,20046,41019,Joanna Wells,GRN,,20046,1.0,1.0,GRN:20046,UNSPECIFIED:20046,PROPORTIONAL_PRIMARY_ORIGIN_PASS_THROUGH,ALL_CATEGORY_PRIMARY_VOTES_TRACED_PROPORTIONALLY,20046,ALP,17658.425406605355,0.8808952113441761,True
SA,182,Boothby,GRN,3,4,ALP>LNP,1,0,20046,41019,Joanna Wells,GRN,,20046,1.0,1.0,GRN:20046,UNSPECIFIED:20046,PROPORTIONAL_PRIMARY_ORIGIN_PASS_THROUGH,ALL_CATEGORY_PRIMARY_VOTES_TRACED_PROPORTIONALLY,20046,LNP,2387.574593394645,0.11910478865582386,True
SA,182,Boothby,ON,4,3,ALP>LNP>GRN,1,0,3560,42028,Tonya Scott,ON,,3560,1.0,1.0,ON:3560,UNSPECIFIED:3560,OBSERVED_LAST_SURVIVOR_EXIT,LAST_SURVIVOR_TALLY_AT_CATEGORY_EXIT,6584,ALP,1565.0,0.23769744835965978,False
SA,182,Boothby,ON,4,3,ALP>LNP>GRN,1,0,3560,42028,Tonya Scott,ON,,3560,1.0,1.0,ON:3560,UNSPECIFIED:3560,OBSERVED_LAST_SURVIVOR_EXIT,LAST_SURVIVOR_TALLY_AT_CATEGORY_EXIT,6584,GRN,1391.0,0.21126974483596597,False
SA,182,Boothby,ON,4,3,ALP>LNP>GRN,1,0,3560,42028,Tonya Scott,ON,,3560,1.0,1.0,ON:3560,UNSPECIFIED:3560,OBSERVED_LAST_SURVIVOR_EXIT,LAST_SURVIVOR_TALLY_AT_CATEGORY_EXIT,6584,LNP,3628.0,0.5510328068043743,False
SA,182,Boothby,ON,4,3,ALP>LNP>GRN,1,0,3560,42028,Tonya Scott,ON,,3560,1.0,1.0,ON:3560,UNSPECIFIED:3560,PROPORTIONAL_PRIMARY_ORIGIN_PASS_THROUGH,ALL_CATEGORY_PRIMARY_VOTES_TRACED_PROPORTIONALLY,3560,ALP,846.2029161603888,0.23769744835965978,True
SA,182,Boothby,ON,4,3,ALP>LNP>GRN,1,0,3560,42028,Tonya Scott,ON,,3560,1.0,1.0,ON:3560,UNSPECIFIED:3560,PROPORTIONAL_PRIMARY_ORIGIN_PASS_THROUGH,ALL_CATEGORY_PRIMARY_VOTES_TRACED_PROPORTIONALLY,3560,GRN,752.1202916160389,0.211269744835966,True
SA,182,Boothby,ON,4,3,ALP>LNP>GRN,1,0,3560,42028,Tonya Scott,ON,,3560,1.0,1.0,ON:3560,UNSPECIFIED:3560,PROPORTIONAL_PRIMARY_ORIGIN_PASS_THROUGH,ALL_CATEGORY_PRIMARY_VOTES_TRACED_PROPORTIONALLY,3560,LNP,1961.6767922235724,0.5510328068043743,True
SA,182,Boothby,OTH,5,2,ALP>LNP>GRN>ON,2,1,5601,41043,Nicole Hussey,OTH_CYA,RIGHT,3250,0.5802535261560435,0.5802535261560435,OTH_CYA:3250|OTH_FFPA:2351,RIGHT:5601,OBSERVED_LAST_SURVIVOR_EXIT,LAST_SURVIVOR_TALLY_AT_CATEGORY_EXIT,3700,ALP,382.0,0.10324324324324324,False
SA,182,Boothby,OTH,5,2,ALP>LNP>GRN>ON,2,1,5601,41043,Nicole Hussey,OTH_CYA,RIGHT,3250,0.5802535261560435,0.5802535261560435,OTH_CYA:3250|OTH_FFPA:2351,RIGHT:5601,OBSERVED_LAST_SURVIVOR_EXIT,LAST_SURVIVOR_TALLY_AT_CATEGORY_EXIT,3700,GRN,347.0,0.09378378378378378,False
SA,182,Boothby,OTH,5,2,ALP>LNP>GRN>ON,2,1,5601,41043,Nicole Hussey,OTH_CYA,RIGHT,3250,0.5802535261560435,0.5802535261560435,OTH_CYA:3250|OTH_FFPA:2351,RIGHT:5601,OBSERVED_LAST_SURVIVOR_EXIT,LAST_SURVIVOR_TALLY_AT_CATEGORY_EXIT,3700,LNP,662.0,0.17891891891891892,False
SA,182,Boothby,OTH,5,2,ALP>LNP>GRN>ON,2,1,5601,41043,Nicole Hussey,OTH_CYA,RIGHT,3250,0.5802535261560435,0.5802535261560435,OTH_CYA:3250|OTH_FFPA:2351,RIGHT:5601,OBSERVED_LAST_SURVIVOR_EXIT,LAST_SURVIVOR_TALLY_AT_CATEGORY_EXIT,3700,ON,2309.0,0.624054054054054,False
SA,182,Boothby,OTH,5,2,ALP>LNP>GRN>ON,2,1,5601,41043,Nicole Hussey,OTH_CYA,RIGHT,3250,0.5802535261560435,0.5802535261560435,OTH_CYA:3250|OTH_FFPA:2351,RIGHT:5601,PROPORTIONAL_PRIMARY_ORIGIN_PASS_THROUGH,ALL_CATEGORY_PRIMARY_VOTES_TRACED_PROPORTIONALLY,5601,ALP,674.0,0.12033565434743795,True
SA,182,Boothby,OTH,5,2,ALP>LNP>GRN>ON,2,1,5601,41043,Nicole Hussey,OTH_CYA,RIGHT,3250,0.5802535261560435,0.5802535261560435,OTH_CYA:3250|OTH_FFPA:2351,RIGHT:5601,PROPORTIONAL_PRIMARY_ORIGIN_PASS_THROUGH,ALL_CATEGORY_PRIMARY_VOTES_TRACED_PROPORTIONALLY,5601,GRN,636.0,0.11355115158007499,True
SA,182,Boothby,OTH,5,2,ALP>LNP>GRN>ON,2,1,5601,41043,Nicole Hussey,OTH_CYA,RIGHT,3250,0.5802535261560435,0.5802535261560435,OTH_CYA:3250|OTH_FFPA:2351,RIGHT:5601,PROPORTIONAL_PRIMARY_ORIGIN_PASS_THROUGH,ALL_CATEGORY_PRIMARY_VOTES_TRACED_PROPORTIONALLY,5601,LNP,1267.0,0.2262096054276022,True
SA,182,Boothby,OTH,5,2,ALP>LNP>GRN>ON,2,1,5601,41043,Nicole Hussey,OTH_CYA,RIGHT,3250,0.5802535261560435,0.5802535261560435,OTH_CYA:3250|OTH_FFPA:2351,RIGHT:5601,PROPORTIONAL_PRIMARY_ORIGIN_PASS_THROUGH,ALL_CATEGORY_PRIMARY_VOTES_TRACED_PROPORTIONALLY,5601,ON,3024.0,0.5399035886448849,True
SA,183,Grey,IND,3,6,ALP>LNP,1,0,18745,41124,Anita Kuss,IND_PROMINENT,CENTRE_LEFT,18745,1.0,1.0,IND_PROMINENT:18745,CENTRE_LEFT:18745,OBSERVED_LAST_SURVIVOR_EXIT,LAST_SURVIVOR_TALLY_AT_CATEGORY_EXIT,29461,ALP,16748.0,0.5684803638708802,False
SA,183,Grey,IND,3,6,ALP>LNP,1,0,18745,41124,Anita Kuss,IND_PROMINENT,CENTRE_LEFT,18745,1.0,1.0,IND_PROMINENT:18745,CENTRE_LEFT:18745,OBSERVED_LAST_SURVIVOR_EXIT,LAST_SURVIVOR_TALLY_AT_CATEGORY_EXIT,29461,LNP,12713.0,0.43151963612911987,False
SA,183,Grey,IND,3,6,ALP>LNP,1,0,18745,41124,Anita Kuss,IND_PROMINENT,CENTRE_LEFT,18745,1.0,1.0,IND_PROMINENT:18745,CENTRE_LEFT:18745,PROPORTIONAL_PRIMARY_ORIGIN_PASS_THROUGH,ALL_CATEGORY_PRIMARY_VOTES_TRACED_PROPORTIONALLY,18745,ALP,10656.16442075965,0.5684803638708802,True
SA,183,Grey,IND,3,6,ALP>LNP,1,0,18745,41124,Anita Kuss,IND_PROMINENT,CENTRE_LEFT,18745,1.0,1.0,IND_PROMINENT:18745,CENTRE_LEFT:18745,PROPORTIONAL_PRIMARY_ORIGIN_PASS_THROUGH,ALL_CATEGORY_PRIMARY_VOTES_TRACED_PROPORTIONALLY,18745,LNP,8088.835579240352,0.43151963612911987,True
SA,183,Grey,ON,4,5,ALP>LNP>IND,1,0,10652,42024,Brandon Turton,ON,,10652,1.0,1.0,ON:10652,UNSPECIFIED:10652,OBSERVED_LAST_SURVIVOR_EXIT,LAST_SURVIVOR_TALLY_AT_CATEGORY_EXIT,15451,ALP,3253.0,0.21053653485211313,False
SA,183,Grey,ON,4,5,ALP>LNP>IND,1,0,10652,42024,Brandon Turton,ON,,10652,1.0,1.0,ON:10652,UNSPECIFIED:10652,OBSERVED_LAST_SURVIVOR_EXIT,LAST_SURVIVOR_TALLY_AT_CATEGORY_EXIT,15451,IND,6300.0,0.4077405993139603,False
SA,183,Grey,ON,4,5,ALP>LNP>IND,1,0,10652,42024,Brandon Turton,ON,,10652,1.0,1.0,ON:10652,UNSPECIFIED:10652,OBSERVED_LAST_SURVIVOR_EXIT,LAST_SURVIVOR_TALLY_AT_CATEGORY_EXIT,15451,LNP,5898.0,0.3817228658339266,False
SA,183,Grey,ON,4,5,ALP>LNP>IND,1,0,10652,42024,Brandon Turton,ON,,10652,1.0,1.0,ON:10652,UNSPECIFIED:10652,PROPORTIONAL_PRIMARY_ORIGIN_PASS_THROUGH,ALL_CATEGORY_PRIMARY_VOTES_TRACED_PROPORTIONALLY,10652,ALP,2242.6351692447092,0.21053653485211316,True
SA,183,Grey,ON,4,5,ALP>LNP>IND,1,0,10652,42024,Brandon Turton,ON,,10652,1.0,1.0,ON:10652,UNSPECIFIED:10652,PROPORTIONAL_PRIMARY_ORIGIN_PASS_THROUGH,ALL_CATEGORY_PRIMARY_VOTES_TRACED_PROPORTIONALLY,10652,IND,4343.252863892305,0.4077405993139603,True
SA,183,Grey,ON,4,5,ALP>LNP>IND,1,0,10652,42024,Brandon Turton,ON,,10652,1.0,1.0,ON:10652,UNSPECIFIED:10652,PROPORTIONAL_PRIMARY_ORIGIN_PASS_THROUGH,ALL_CATEGORY_PRIMARY_VOTES_TRACED_PROPORTIONALLY,10652,LNP,4066.1119668629863,0.3817228658339266,True
SA,183,Grey,GRN,5,4,ALP>LNP>ON>IND,1,0,6323,41022,Kathryn Hardwick-Franco,GRN,,6323,1.0,1.0,GRN:6323,UNSPECIFIED:6323,OBSERVED_LAST_SURVIVOR_EXIT,LAST_SURVIVOR_TALLY_AT_CATEGORY_EXIT,7179,ALP,3086.0,0.429864883688536,False
SA,183,Grey,GRN,5,4,ALP>LNP>ON>IND,1,0,6323,41022,Kathryn Hardwick-Franco,GRN,,6323,1.0,1.0,GRN:6323,UNSPECIFIED:6323,OBSERVED_LAST_SURVIVOR_EXIT,LAST_SURVIVOR_TALLY_AT_CATEGORY_EXIT,7179,IND,2535.0,0.35311324697033014,False
SA,183,Grey,GRN,5,4,ALP>LNP>ON>IND,1,0,6323,41022,Kathryn Hardwick-Franco,GRN,,6323,1.0,1.0,GRN:6323,UNSPECIFIED:6323,OBSERVED_LAST_SURVIVOR_EXIT,LAST_SURVIVOR_TALLY_AT_CATEGORY_EXIT,7179,LNP,740.0,0.1030784231787157,False
SA,183,Grey,GRN,5,4,ALP>LNP>ON>IND,1,0,6323,41022,Kathryn Hardwick-Franco,GRN,,6323,1.0,1.0,GRN:6323,UNSPECIFIED:6323,OBSERVED_LAST_SURVIVOR_EXIT,LAST_SURVIVOR_TALLY_AT_CATEGORY_EXIT,7179,ON,818.0,0.11394344616241817,False
SA,183,Grey,GRN,5,4,ALP>LNP>ON>IND,1,0,6323,41022,Kathryn Hardwick-Franco,GRN,,6323,1.0,1.0,GRN:6323,UNSPECIFIED:6323,PROPORTIONAL_PRIMARY_ORIGIN_PASS_THROUGH,ALL_CATEGORY_PRIMARY_VOTES_TRACED_PROPORTIONALLY,6323,ALP,2718.035659562613,0.429864883688536,True
SA,183,Grey,GRN,5,4,ALP>LNP>ON>IND,1,0,6323,41022,Kathryn Hardwick-Franco,GRN,,6323,1.0,1.0,GRN:6323,UNSPECIFIED:6323,PROPORTIONAL_PRIMARY_ORIGIN_PASS_THROUGH,ALL_CATEGORY_PRIMARY_VOTES_TRACED_PROPORTIONALLY,6323,IND,2232.7350605933975,0.35311324697033014,True
SA,183,Grey,GRN,5,4,ALP>LNP>ON>IND,1,0,6323,41022,Kathryn Hardwick-Franco,GRN,,6323,1.0,1.0,GRN:6323,UNSPECIFIED:6323,PROPORTIONAL_PRIMARY_ORIGIN_PASS_THROUGH,ALL_CATEGORY_PRIMARY_VOTES_TRACED_PROPORTIONALLY,6323,LNP,651.7648697590193,0.1030784231787157,True
SA,183,Grey,GRN,5,4,ALP>LNP>ON>IND,1,0,6323,41022,Kathryn Hardwick-Franco,GRN,,6323,1.0,1.0,GRN:6323,UNSPECIFIED:6323,PROPORTIONAL_PRIMARY_ORIGIN_PASS_THROUGH,ALL_CATEGORY_PRIMARY_VOTES_TRACED_PROPORTIONALLY,6323,ON,720.46441008497,0.11394344616241817,True
SA,183,Grey,OTH,6,3,ALP>LNP>GRN>ON>IND,2,1,6533,41051,Kylie Evans,OTH_FFPA,RIGHT,3856,0.5902341956222257,0.5902341956222257,OTH_FFPA:3856|OTH_CYA:2677,RIGHT:6533,OBSERVED_LAST_SURVIVOR_EXIT,LAST_SURVIVOR_TALLY_AT_CATEGORY_EXIT,4489,ALP,562.0,0.12519492091779907,False
SA,183,Grey,OTH,6,3,ALP>LNP>GRN>ON>IND,2,1,6533,41051,Kylie Evans,OTH_FFPA,RIGHT,3856,0.5902341956222257,0.5902341956222257,OTH_FFPA:3856|OTH_CYA:2677,RIGHT:6533,OBSERVED_LAST_SURVIVOR_EXIT,LAST_SURVIVOR_TALLY_AT_CATEGORY_EXIT,4489,GRN,534.0,0.11895745154822901,False
SA,183,Grey,OTH,6,3,ALP>LNP>GRN>ON>IND,2,1,6533,41051,Kylie Evans,OTH_FFPA,RIGHT,3856,0.5902341956222257,0.5902341956222257,OTH_FFPA:3856|OTH_CYA:2677,RIGHT:6533,OBSERVED_LAST_SURVIVOR_EXIT,LAST_SURVIVOR_TALLY_AT_CATEGORY_EXIT,4489,IND,961.0,0.21407885943417243,False
SA,183,Grey,OTH,6,3,ALP>LNP>GRN>ON>IND,2,1,6533,41051,Kylie Evans,OTH_FFPA,RIGHT,3856,0.5902341956222257,0.5902341956222257,OTH_FFPA:3856|OTH_CYA:2677,RIGHT:6533,OBSERVED_LAST_SURVIVOR_EXIT,LAST_SURVIVOR_TALLY_AT_CATEGORY_EXIT,4489,LNP,677.0,0.1508130986856761,False
SA,183,Grey,OTH,6,3,ALP>LNP>GRN>ON>IND,2,1,6533,41051,Kylie Evans,OTH_FFPA,RIGHT,3856,0.5902341956222257,0.5902341956222257,OTH_FFPA:3856|OTH_CYA:2677,RIGHT:6533,OBSERVED_LAST_SURVIVOR_EXIT,LAST_SURVIVOR_TALLY_AT_CATEGORY_EXIT,4489,ON,1755.0,0.3909556694141234,False
SA,183,Grey,OTH,6,3,ALP>LNP>GRN>ON>IND,2,1,6533,41051,Kylie Evans,OTH_FFPA,RIGHT,3856,0.5902341956222257,0.5902341956222257,OTH_FFPA:3856|OTH_CYA:2677,RIGHT:6533,PROPORTIONAL_PRIMARY_ORIGIN_PASS_THROUGH,ALL_CATEGORY_PRIMARY_VOTES_TRACED_PROPORTIONALLY,6533,ALP,692.8388102481058,0.10605216749550066,True
SA,183,Grey,OTH,6,3,ALP>LNP>GRN>ON>IND,2,1,6533,41051,Kylie Evans,OTH_FFPA,RIGHT,3856,0.5902341956222257,0.5902341956222257,OTH_FFPA:3856|OTH_CYA:2677,RIGHT:6533,PROPORTIONAL_PRIMARY_ORIGIN_PASS_THROUGH,ALL_CATEGORY_PRIMARY_VOTES_TRACED_PROPORTIONALLY,6533,GRN,682.5448916764008,0.10447648732227166,True
SA,183,Grey,OTH,6,3,ALP>LNP>GRN>ON>IND,2,1,6533,41051,Kylie Evans,OTH_FFPA,RIGHT,3856,0.5902341956222257,0.5902341956222257,OTH_FFPA:3856|OTH_CYA:2677,RIGHT:6533,PROPORTIONAL_PRIMARY_ORIGIN_PASS_THROUGH,ALL_CATEGORY_PRIMARY_VOTES_TRACED_PROPORTIONALLY,6533,IND,1344.5259789347158,0.20580529296413835,True
SA,183,Grey,OTH,6,3,ALP>LNP>GRN>ON>IND,2,1,6533,41051,Kylie Evans,OTH_FFPA,RIGHT,3856,0.5902341956222257,0.5902341956222257,OTH_FFPA:3856|OTH_CYA:2677,RIGHT:6533,PROPORTIONAL_PRIMARY_ORIGIN_PASS_THROUGH,ALL_CATEGORY_PRIMARY_VOTES_TRACED_PROPORTIONALLY,6533,LNP,1084.4785619596798,0.16600008601862543,True
SA,183,Grey,OTH,6,3,ALP>LNP>GRN>ON>IND,2,1,6533,41051,Kylie Evans,OTH_FFPA,RIGHT,3856,0.5902341956222257,0.5902341956222257,OTH_FFPA:3856|OTH_CYA:2677,RIGHT:6533,PROPORTIONAL_PRIMARY_ORIGIN_PASS_THROUGH,ALL_CATEGORY_PRIMARY_VOTES_TRACED_PROPORTIONALLY,6533,ON,2728.6117571810983,0.417665966199464,True
SA,185,Hindmarsh,GRN,3,7,ALP>LNP,1,0,15246,41025,Matthew Wright,GRN,,15246,1.0,1.0,GRN:15246,UNSPECIFIED:15246,OBSERVED_LAST_SURVIVOR_EXIT,LAST_SURVIVOR_TALLY_AT_CATEGORY_EXIT,19713,ALP,16588.0,0.8414751686704205,False
SA,185,Hindmarsh,GRN,3,7,ALP>LNP,1,0,15246,41025,Matthew Wright,GRN,,15246,1.0,1.0,GRN:15246,UNSPECIFIED:15246,OBSERVED_LAST_SURVIVOR_EXIT,LAST_SURVIVOR_TALLY_AT_CATEGORY_EXIT,19713,LNP,3125.0,0.15852483132957945,False
SA,185,Hindmarsh,GRN,3,7,ALP>LNP,1,0,15246,41025,Matthew Wright,GRN,,15246,1.0,1.0,GRN:15246,UNSPECIFIED:15246,PROPORTIONAL_PRIMARY_ORIGIN_PASS_THROUGH,ALL_CATEGORY_PRIMARY_VOTES_TRACED_PROPORTIONALLY,15246,ALP,12829.130421549231,0.8414751686704205,True
SA,185,Hindmarsh,GRN,3,7,ALP>LNP,1,0,15246,41025,Matthew Wright,GRN,,15246,1.0,1.0,GRN:15246,UNSPECIFIED:15246,PROPORTIONAL_PRIMARY_ORIGIN_PASS_THROUGH,ALL_CATEGORY_PRIMARY_VOTES_TRACED_PROPORTIONALLY,15246,LNP,2416.869578450768,0.15852483132957945,True
SA,185,Hindmarsh,ON,4,6,ALP>LNP>GRN,1,0,5594,42033,Rocco Deangelis,ON,,5594,1.0,1.0,ON:5594,UNSPECIFIED:5594,OBSERVED_LAST_SURVIVOR_EXIT,LAST_SURVIVOR_TALLY_AT_CATEGORY_EXIT,10814,ALP,1900.0,0.17569816904013316,False
SA,185,Hindmarsh,ON,4,6,ALP>LNP>GRN,1,0,5594,42033,Rocco Deangelis,ON,,5594,1.0,1.0,ON:5594,UNSPECIFIED:5594,OBSERVED_LAST_SURVIVOR_EXIT,LAST_SURVIVOR_TALLY_AT_CATEGORY_EXIT,10814,GRN,2096.0,0.1938228222674311,False
SA,185,Hindmarsh,ON,4,6,ALP>LNP>GRN,1,0,5594,42033,Rocco Deangelis,ON,,5594,1.0,1.0,ON:5594,UNSPECIFIED:5594,OBSERVED_LAST_SURVIVOR_EXIT,LAST_SURVIVOR_TALLY_AT_CATEGORY_EXIT,10814,LNP,6818.0,0.6304790086924358,False
SA,185,Hindmarsh,ON,4,6,ALP>LNP>GRN,1,0,5594,42033,Rocco Deangelis,ON,,5594,1.0,1.0,ON:5594,UNSPECIFIED:5594,PROPORTIONAL_PRIMARY_ORIGIN_PASS_THROUGH,ALL_CATEGORY_PRIMARY_VOTES_TRACED_PROPORTIONALLY,5594,ALP,982.8555576105049,0.17569816904013316,True
SA,185,Hindmarsh,ON,4,6,ALP>LNP>GRN,1,0,5594,42033,Rocco Deangelis,ON,,5594,1.0,1.0,ON:5594,UNSPECIFIED:5594,PROPORTIONAL_PRIMARY_ORIGIN_PASS_THROUGH,ALL_CATEGORY_PRIMARY_VOTES_TRACED_PROPORTIONALLY,5594,GRN,1084.2448677640095,0.19382282226743108,True
SA,185,Hindmarsh,ON,4,6,ALP>LNP>GRN,1,0,5594,42033,Rocco Deangelis,ON,,5594,1.0,1.0,ON:5594,UNSPECIFIED:5594,PROPORTIONAL_PRIMARY_ORIGIN_PASS_THROUGH,ALL_CATEGORY_PRIMARY_VOTES_TRACED_PROPORTIONALLY,5594,LNP,3526.899574625486,0.6304790086924358,True
SA,185,Hindmarsh,OTH,5,5,ALP>LNP>GRN>ON,5,4,11502,41045,Andrew Townsend,OTH_CYA,RIGHT,4782,0.4157537819509651,0.4157537819509651,OTH_CYA:4782|OTH_FFPA:2646|IND_MINOR:1786|OTH_AJP:1565|OTH_SOPA:723,RIGHT:7428|CENTRE:1786|CENTRE_LEFT:1565|LEFT:723,OBSERVED_LAST_SURVIVOR_EXIT,LAST_SURVIVOR_TALLY_AT_CATEGORY_EXIT,5772,ALP,694.0,0.12023562023562023,False
SA,185,Hindmarsh,OTH,5,5,ALP>LNP>GRN>ON,5,4,11502,41045,Andrew Townsend,OTH_CYA,RIGHT,4782,0.4157537819509651,0.4157537819509651,OTH_CYA:4782|OTH_FFPA:2646|IND_MINOR:1786|OTH_AJP:1565|OTH_SOPA:723,RIGHT:7428|CENTRE:1786|CENTRE_LEFT:1565|LEFT:723,OBSERVED_LAST_SURVIVOR_EXIT,LAST_SURVIVOR_TALLY_AT_CATEGORY_EXIT,5772,GRN,537.0,0.09303534303534304,False
SA,185,Hindmarsh,OTH,5,5,ALP>LNP>GRN>ON,5,4,11502,41045,Andrew Townsend,OTH_CYA,RIGHT,4782,0.4157537819509651,0.4157537819509651,OTH_CYA:4782|OTH_FFPA:2646|IND_MINOR:1786|OTH_AJP:1565|OTH_SOPA:723,RIGHT:7428|CENTRE:1786|CENTRE_LEFT:1565|LEFT:723,OBSERVED_LAST_SURVIVOR_EXIT,LAST_SURVIVOR_TALLY_AT_CATEGORY_EXIT,5772,LNP,961.0,0.1664934164934165,False
SA,185,Hindmarsh,OTH,5,5,ALP>LNP>GRN>ON,5,4,11502,41045,Andrew Townsend,OTH_CYA,RIGHT,4782,0.4157537819509651,0.4157537819509651,OTH_CYA:4782|OTH_FFPA:2646|IND_MINOR:1786|OTH_AJP:1565|OTH_SOPA:723,RIGHT:7428|CENTRE:1786|CENTRE_LEFT:1565|LEFT:723,OBSERVED_LAST_SURVIVOR_EXIT,LAST_SURVIVOR_TALLY_AT_CATEGORY_EXIT,5772,ON,3580.0,0.6202356202356203,False
SA,185,Hindmarsh,OTH,5,5,ALP>LNP>GRN>ON,5,4,11502,41045,Andrew Townsend,OTH_CYA,RIGHT,4782,0.4157537819509651,0.4157537819509651,OTH_CYA:4782|OTH_FFPA:2646|IND_MINOR:1786|OTH_AJP:1565|OTH_SOPA:723,RIGHT:7428|CENTRE:1786|CENTRE_LEFT:1565|LEFT:723,PROPORTIONAL_PRIMARY_ORIGIN_PASS_THROUGH,ALL_CATEGORY_PRIMARY_VOTES_TRACED_PROPORTIONALLY,11502,ALP,1990.0,0.1730133889758303,True
SA,185,Hindmarsh,OTH,5,5,ALP>LNP>GRN>ON,5,4,11502,41045,Andrew Townsend,OTH_CYA,RIGHT,4782,0.4157537819509651,0.4157537819509651,OTH_CYA:4782|OTH_FFPA:2646|IND_MINOR:1786|OTH_AJP:1565|OTH_SOPA:723,RIGHT:7428|CENTRE:1786|CENTRE_LEFT:1565|LEFT:723,PROPORTIONAL_PRIMARY_ORIGIN_PASS_THROUGH,ALL_CATEGORY_PRIMARY_VOTES_TRACED_PROPORTIONALLY,11502,GRN,2371.0,0.20613806294557468,True
SA,185,Hindmarsh,OTH,5,5,ALP>LNP>GRN>ON,5,4,11502,41045,Andrew Townsend,OTH_CYA,RIGHT,4782,0.4157537819509651,0.4157537819509651,OTH_CYA:4782|OTH_FFPA:2646|IND_MINOR:1786|OTH_AJP:1565|OTH_SOPA:723,RIGHT:7428|CENTRE:1786|CENTRE_LEFT:1565|LEFT:723,PROPORTIONAL_PRIMARY_ORIGIN_PASS_THROUGH,ALL_CATEGORY_PRIMARY_VOTES_TRACED_PROPORTIONALLY,11502,LNP,1921.0,0.16701443227264823,True
SA,185,Hindmarsh,OTH,5,5,ALP>LNP>GRN>ON,5,4,11502,41045,Andrew Townsend,OTH_CYA,RIGHT,4782,0.4157537819509651,0.4157537819509651,OTH_CYA:4782|OTH_FFPA:2646|IND_MINOR:1786|OTH_AJP:1565|OTH_SOPA:723,RIGHT:7428|CENTRE:1786|CENTRE_LEFT:1565|LEFT:723,PROPORTIONAL_PRIMARY_ORIGIN_PASS_THROUGH,ALL_CATEGORY_PRIMARY_VOTES_TRACED_PROPORTIONALLY,11502,ON,5220.0,0.4538341158059468,True
SA,186,Kingston,GRN,3,5,ALP>LNP,1,0,15149,41026,John Photakis,GRN,,15149,1.0,1.0,GRN:15149,UNSPECIFIED:15149,OBSERVED_LAST_SURVIVOR_EXIT,LAST_SURVIVOR_TALLY_AT_CATEGORY_EXIT,19556,ALP,16069.0,0.8216915524647167,False
SA,186,Kingston,GRN,3,5,ALP>LNP,1,0,15149,41026,John Photakis,GRN,,15149,1.0,1.0,GRN:15149,UNSPECIFIED:15149,OBSERVED_LAST_SURVIVOR_EXIT,LAST_SURVIVOR_TALLY_AT_CATEGORY_EXIT,19556,LNP,3487.0,0.1783084475352833,False
SA,186,Kingston,GRN,3,5,ALP>LNP,1,0,15149,41026,John Photakis,GRN,,15149,1.0,1.0,GRN:15149,UNSPECIFIED:15149,PROPORTIONAL_PRIMARY_ORIGIN_PASS_THROUGH,ALL_CATEGORY_PRIMARY_VOTES_TRACED_PROPORTIONALLY,15149,ALP,12447.805328287994,0.8216915524647167,True
SA,186,Kingston,GRN,3,5,ALP>LNP,1,0,15149,41026,John Photakis,GRN,,15149,1.0,1.0,GRN:15149,UNSPECIFIED:15149,PROPORTIONAL_PRIMARY_ORIGIN_PASS_THROUGH,ALL_CATEGORY_PRIMARY_VOTES_TRACED_PROPORTIONALLY,15149,LNP,2701.1946717120068,0.1783084475352833,True
SA,186,Kingston,ON,4,4,ALP>LNP>GRN,1,0,7018,42042,Nathan Skrlj,ON,,7018,1.0,1.0,ON:7018,UNSPECIFIED:7018,OBSERVED_LAST_SURVIVOR_EXIT,LAST_SURVIVOR_TALLY_AT_CATEGORY_EXIT,11410,ALP,2245.0,0.19675723049956179,False
SA,186,Kingston,ON,4,4,ALP>LNP>GRN,1,0,7018,42042,Nathan Skrlj,ON,,7018,1.0,1.0,ON:7018,UNSPECIFIED:7018,OBSERVED_LAST_SURVIVOR_EXIT,LAST_SURVIVOR_TALLY_AT_CATEGORY_EXIT,11410,GRN,2406.0,0.21086765994741455,False
SA,186,Kingston,ON,4,4,ALP>LNP>GRN,1,0,7018,42042,Nathan Skrlj,ON,,7018,1.0,1.0,ON:7018,UNSPECIFIED:7018,OBSERVED_LAST_SURVIVOR_EXIT,LAST_SURVIVOR_TALLY_AT_CATEGORY_EXIT,11410,LNP,6759.0,0.5923751095530236,False
SA,186,Kingston,ON,4,4,ALP>LNP>GRN,1,0,7018,42042,Nathan Skrlj,ON,,7018,1.0,1.0,ON:7018,UNSPECIFIED:7018,PROPORTIONAL_PRIMARY_ORIGIN_PASS_THROUGH,ALL_CATEGORY_PRIMARY_VOTES_TRACED_PROPORTIONALLY,7018,ALP,1380.8422436459246,0.19675723049956179,True
SA,186,Kingston,ON,4,4,ALP>LNP>GRN,1,0,7018,42042,Nathan Skrlj,ON,,7018,1.0,1.0,ON:7018,UNSPECIFIED:7018,PROPORTIONAL_PRIMARY_ORIGIN_PASS_THROUGH,ALL_CATEGORY_PRIMARY_VOTES_TRACED_PROPORTIONALLY,7018,GRN,1479.8692375109554,0.21086765994741455,True
SA,186,Kingston,ON,4,4,ALP>LNP>GRN,1,0,7018,42042,Nathan Skrlj,ON,,7018,1.0,1.0,ON:7018,UNSPECIFIED:7018,PROPORTIONAL_PRIMARY_ORIGIN_PASS_THROUGH,ALL_CATEGORY_PRIMARY_VOTES_TRACED_PROPORTIONALLY,7018,LNP,4157.28851884312,0.5923751095530236,True
SA,186,Kingston,OTH,5,3,ALP>LNP>GRN>ON,3,2,9776,41046,Russell Patrick Jackson,OTH_CYA,RIGHT,4165,0.4260433715220949,0.4260433715220949,OTH_CYA:4165|OTH_FFPA:3560|OTH_AJP:2051,RIGHT:7725|CENTRE_LEFT:2051,OBSERVED_LAST_SURVIVOR_EXIT,LAST_SURVIVOR_TALLY_AT_CATEGORY_EXIT,5144,ALP,718.0,0.13958009331259721,False
SA,186,Kingston,OTH,5,3,ALP>LNP>GRN>ON,3,2,9776,41046,Russell Patrick Jackson,OTH_CYA,RIGHT,4165,0.4260433715220949,0.4260433715220949,OTH_CYA:4165|OTH_FFPA:3560|OTH_AJP:2051,RIGHT:7725|CENTRE_LEFT:2051,OBSERVED_LAST_SURVIVOR_EXIT,LAST_SURVIVOR_TALLY_AT_CATEGORY_EXIT,5144,GRN,679.0,0.13199844479004666,False
SA,186,Kingston,OTH,5,3,ALP>LNP>GRN>ON,3,2,9776,41046,Russell Patrick Jackson,OTH_CYA,RIGHT,4165,0.4260433715220949,0.4260433715220949,OTH_CYA:4165|OTH_FFPA:3560|OTH_AJP:2051,RIGHT:7725|CENTRE_LEFT:2051,OBSERVED_LAST_SURVIVOR_EXIT,LAST_SURVIVOR_TALLY_AT_CATEGORY_EXIT,5144,LNP,956.0,0.18584758942457233,False
SA,186,Kingston,OTH,5,3,ALP>LNP>GRN>ON,3,2,9776,41046,Russell Patrick Jackson,OTH_CYA,RIGHT,4165,0.4260433715220949,0.4260433715220949,OTH_CYA:4165|OTH_FFPA:3560|OTH_AJP:2051,RIGHT:7725|CENTRE_LEFT:2051,OBSERVED_LAST_SURVIVOR_EXIT,LAST_SURVIVOR_TALLY_AT_CATEGORY_EXIT,5144,ON,2791.0,0.5425738724727839,False
SA,186,Kingston,OTH,5,3,ALP>LNP>GRN>ON,3,2,9776,41046,Russell Patrick Jackson,OTH_CYA,RIGHT,4165,0.4260433715220949,0.4260433715220949,OTH_CYA:4165|OTH_FFPA:3560|OTH_AJP:2051,RIGHT:7725|CENTRE_LEFT:2051,PROPORTIONAL_PRIMARY_ORIGIN_PASS_THROUGH,ALL_CATEGORY_PRIMARY_VOTES_TRACED_PROPORTIONALLY,9776,ALP,1649.0,0.1686783960720131,True
SA,186,Kingston,OTH,5,3,ALP>LNP>GRN>ON,3,2,9776,41046,Russell Patrick Jackson,OTH_CYA,RIGHT,4165,0.4260433715220949,0.4260433715220949,OTH_CYA:4165|OTH_FFPA:3560|OTH_AJP:2051,RIGHT:7725|CENTRE_LEFT:2051,PROPORTIONAL_PRIMARY_ORIGIN_PASS_THROUGH,ALL_CATEGORY_PRIMARY_VOTES_TRACED_PROPORTIONALLY,9776,GRN,2001.0,0.2046849427168576,True
SA,186,Kingston,OTH,5,3,ALP>LNP>GRN>ON,3,2,9776,41046,Russell Patrick Jackson,OTH_CYA,RIGHT,4165,0.4260433715220949,0.4260433715220949,OTH_CYA:4165|OTH_FFPA:3560|OTH_AJP:2051,RIGHT:7725|CENTRE_LEFT:2051,PROPORTIONAL_PRIMARY_ORIGIN_PASS_THROUGH,ALL_CATEGORY_PRIMARY_VOTES_TRACED_PROPORTIONALLY,9776,LNP,1734.0,0.1773731587561375,True
SA,186,Kingston,OTH,5,3,ALP>LNP>GRN>ON,3,2,9776,41046,Russell Patrick Jackson,OTH_CYA,RIGHT,4165,0.4260433715220949,0.4260433715220949,OTH_CYA:4165|OTH_FFPA:3560|OTH_AJP:2051,RIGHT:7725|CENTRE_LEFT:2051,PROPORTIONAL_PRIMARY_ORIGIN_PASS_THROUGH,ALL_CATEGORY_PRIMARY_VOTES_TRACED_PROPORTIONALLY,9776,ON,4392.0,0.4492635024549918,True
SA,187,Makin,GRN,3,6,ALP>LNP,1,0,13134,41028,Samuel Moore,GRN,,13134,1.0,1.0,GRN:13134,UNSPECIFIED:13134,OBSERVED_LAST_SURVIVOR_EXIT,LAST_SURVIVOR_TALLY_AT_CATEGORY_EXIT,19645,ALP,13992.0,0.7122423008399084,False
SA,187,Makin,GRN,3,6,ALP>LNP,1,0,13134,41028,Samuel Moore,GRN,,13134,1.0,1.0,GRN:13134,UNSPECIFIED:13134,OBSERVED_LAST_SURVIVOR_EXIT,LAST_SURVIVOR_TALLY_AT_CATEGORY_EXIT,19645,LNP,5653.0,0.28775769916009164,False
SA,187,Makin,GRN,3,6,ALP>LNP,1,0,13134,41028,Samuel Moore,GRN,,13134,1.0,1.0,GRN:13134,UNSPECIFIED:13134,PROPORTIONAL_PRIMARY_ORIGIN_PASS_THROUGH,ALL_CATEGORY_PRIMARY_VOTES_TRACED_PROPORTIONALLY,13134,ALP,9354.590379231357,0.7122423008399084,True
SA,187,Makin,GRN,3,6,ALP>LNP,1,0,13134,41028,Samuel Moore,GRN,,13134,1.0,1.0,GRN:13134,UNSPECIFIED:13134,PROPORTIONAL_PRIMARY_ORIGIN_PASS_THROUGH,ALL_CATEGORY_PRIMARY_VOTES_TRACED_PROPORTIONALLY,13134,LNP,3779.4096207686434,0.28775769916009164,True
SA,187,Makin,ON,4,5,ALP>LNP>GRN,1,0,7152,42036,Alison Dew-Fennell,ON,,7152,1.0,1.0,ON:7152,UNSPECIFIED:7152,OBSERVED_LAST_SURVIVOR_EXIT,LAST_SURVIVOR_TALLY_AT_CATEGORY_EXIT,11778,ALP,2104.0,0.17863813890303956,False
SA,187,Makin,ON,4,5,ALP>LNP>GRN,1,0,7152,42036,Alison Dew-Fennell,ON,,7152,1.0,1.0,ON:7152,UNSPECIFIED:7152,OBSERVED_LAST_SURVIVOR_EXIT,LAST_SURVIVOR_TALLY_AT_CATEGORY_EXIT,11778,GRN,3197.0,0.271438274749533,False
SA,187,Makin,ON,4,5,ALP>LNP>GRN,1,0,7152,42036,Alison Dew-Fennell,ON,,7152,1.0,1.0,ON:7152,UNSPECIFIED:7152,OBSERVED_LAST_SURVIVOR_EXIT,LAST_SURVIVOR_TALLY_AT_CATEGORY_EXIT,11778,LNP,6477.0,0.5499235863474274,False
SA,187,Makin,ON,4,5,ALP>LNP>GRN,1,0,7152,42036,Alison Dew-Fennell,ON,,7152,1.0,1.0,ON:7152,UNSPECIFIED:7152,PROPORTIONAL_PRIMARY_ORIGIN_PASS_THROUGH,ALL_CATEGORY_PRIMARY_VOTES_TRACED_PROPORTIONALLY,7152,ALP,1277.619969434539,0.17863813890303956,True
SA,187,Makin,ON,4,5,ALP>LNP>GRN,1,0,7152,42036,Alison Dew-Fennell,ON,,7152,1.0,1.0,ON:7152,UNSPECIFIED:7152,PROPORTIONAL_PRIMARY_ORIGIN_PASS_THROUGH,ALL_CATEGORY_PRIMARY_VOTES_TRACED_PROPORTIONALLY,7152,GRN,1941.3265410086601,0.271438274749533,True
SA,187,Makin,ON,4,5,ALP>LNP>GRN,1,0,7152,42036,Alison Dew-Fennell,ON,,7152,1.0,1.0,ON:7152,UNSPECIFIED:7152,PROPORTIONAL_PRIMARY_ORIGIN_PASS_THROUGH,ALL_CATEGORY_PRIMARY_VOTES_TRACED_PROPORTIONALLY,7152,LNP,3933.053489556801,0.5499235863474274,True
SA,187,Makin,OTH,5,4,ALP>LNP>GRN>ON,4,3,11227,41047,Mark Aldridge,OTH_CYA,RIGHT,4263,0.37970962857397345,0.37970962857397345,OTH_CYA:4263|OTH_FFPA:3521|OTH_AJP:2524|OTH_SOPA:919,RIGHT:7784|CENTRE_LEFT:2524|LEFT:919,OBSERVED_LAST_SURVIVOR_EXIT,LAST_SURVIVOR_TALLY_AT_CATEGORY_EXIT,5132,ALP,665.0,0.12957911145752143,False
SA,187,Makin,OTH,5,4,ALP>LNP>GRN>ON,4,3,11227,41047,Mark Aldridge,OTH_CYA,RIGHT,4263,0.37970962857397345,0.37970962857397345,OTH_CYA:4263|OTH_FFPA:3521|OTH_AJP:2524|OTH_SOPA:919,RIGHT:7784|CENTRE_LEFT:2524|LEFT:919,OBSERVED_LAST_SURVIVOR_EXIT,LAST_SURVIVOR_TALLY_AT_CATEGORY_EXIT,5132,GRN,768.0,0.14964925954793454,False
SA,187,Makin,OTH,5,4,ALP>LNP>GRN>ON,4,3,11227,41047,Mark Aldridge,OTH_CYA,RIGHT,4263,0.37970962857397345,0.37970962857397345,OTH_CYA:4263|OTH_FFPA:3521|OTH_AJP:2524|OTH_SOPA:919,RIGHT:7784|CENTRE_LEFT:2524|LEFT:919,OBSERVED_LAST_SURVIVOR_EXIT,LAST_SURVIVOR_TALLY_AT_CATEGORY_EXIT,5132,LNP,651.0,0.12685113016367888,False
SA,187,Makin,OTH,5,4,ALP>LNP>GRN>ON,4,3,11227,41047,Mark Aldridge,OTH_CYA,RIGHT,4263,0.37970962857397345,0.37970962857397345,OTH_CYA:4263|OTH_FFPA:3521|OTH_AJP:2524|OTH_SOPA:919,RIGHT:7784|CENTRE_LEFT:2524|LEFT:919,OBSERVED_LAST_SURVIVOR_EXIT,LAST_SURVIVOR_TALLY_AT_CATEGORY_EXIT,5132,ON,3048.0,0.5939204988308652,False
SA,187,Makin,OTH,5,4,ALP>LNP>GRN>ON,4,3,11227,41047,Mark Aldridge,OTH_CYA,RIGHT,4263,0.37970962857397345,0.37970962857397345,OTH_CYA:4263|OTH_FFPA:3521|OTH_AJP:2524|OTH_SOPA:919,RIGHT:7784|CENTRE_LEFT:2524|LEFT:919,PROPORTIONAL_PRIMARY_ORIGIN_PASS_THROUGH,ALL_CATEGORY_PRIMARY_VOTES_TRACED_PROPORTIONALLY,11227,ALP,1773.0,0.15792286452302484,True
SA,187,Makin,OTH,5,4,ALP>LNP>GRN>ON,4,3,11227,41047,Mark Aldridge,OTH_CYA,RIGHT,4263,0.37970962857397345,0.37970962857397345,OTH_CYA:4263|OTH_FFPA:3521|OTH_AJP:2524|OTH_SOPA:919,RIGHT:7784|CENTRE_LEFT:2524|LEFT:919,PROPORTIONAL_PRIMARY_ORIGIN_PASS_THROUGH,ALL_CATEGORY_PRIMARY_VOTES_TRACED_PROPORTIONALLY,11227,GRN,3314.0000000000005,0.2951812594637927,True
SA,187,Makin,OTH,5,4,ALP>LNP>GRN>ON,4,3,11227,41047,Mark Aldridge,OTH_CYA,RIGHT,4263,0.37970962857397345,0.37970962857397345,OTH_CYA:4263|OTH_FFPA:3521|OTH_AJP:2524|OTH_SOPA:919,RIGHT:7784|CENTRE_LEFT:2524|LEFT:919,PROPORTIONAL_PRIMARY_ORIGIN_PASS_THROUGH,ALL_CATEGORY_PRIMARY_VOTES_TRACED_PROPORTIONALLY,11227,LNP,1514.0,0.13485347822214305,True
SA,187,Makin,OTH,5,4,ALP>LNP>GRN>ON,4,3,11227,41047,Mark Aldridge,OTH_CYA,RIGHT,4263,0.37970962857397345,0.37970962857397345,OTH_CYA:4263|OTH_FFPA:3521|OTH_AJP:2524|OTH_SOPA:919,RIGHT:7784|CENTRE_LEFT:2524|LEFT:919,PROPORTIONAL_PRIMARY_ORIGIN_PASS_THROUGH,ALL_CATEGORY_PRIMARY_VOTES_TRACED_PROPORTIONALLY,11227,ON,4626.0,0.41204239779103946,True
SA,188,Mayo,LNP,3,5,ALP>OTH,1,0,29551,41035,Zane Basic,LIB,,29551,1.0,1.0,LIB:29551,UNSPECIFIED:29551,OBSERVED_LAST_SURVIVOR_EXIT,LAST_SURVIVOR_TALLY_AT_CATEGORY_EXIT,36751,ALP,6291.0,0.1711790155369922,False
SA,188,Mayo,LNP,3,5,ALP>OTH,1,0,29551,41035,Zane Basic,LIB,,29551,1.0,1.0,LIB:29551,UNSPECIFIED:29551,OBSERVED_LAST_SURVIVOR_EXIT,LAST_SURVIVOR_TALLY_AT_CATEGORY_EXIT,36751,OTH,30460.0,0.8288209844630078,False
SA,188,Mayo,LNP,3,5,ALP>OTH,1,0,29551,41035,Zane Basic,LIB,,29551,1.0,1.0,LIB:29551,UNSPECIFIED:29551,PROPORTIONAL_PRIMARY_ORIGIN_PASS_THROUGH,ALL_CATEGORY_PRIMARY_VOTES_TRACED_PROPORTIONALLY,29551,ALP,5058.511088133656,0.1711790155369922,True
SA,188,Mayo,LNP,3,5,ALP>OTH,1,0,29551,41035,Zane Basic,LIB,,29551,1.0,1.0,LIB:29551,UNSPECIFIED:29551,PROPORTIONAL_PRIMARY_ORIGIN_PASS_THROUGH,ALL_CATEGORY_PRIMARY_VOTES_TRACED_PROPORTIONALLY,29551,OTH,24492.48891186634,0.8288209844630078,True
SA,188,Mayo,GRN,4,4,ALP>LNP>OTH,1,0,17048,41029,Genevieve Dawson-Scott,GRN,,17048,1.0,1.0,GRN:17048,UNSPECIFIED:17048,OBSERVED_LAST_SURVIVOR_EXIT,LAST_SURVIVOR_TALLY_AT_CATEGORY_EXIT,18794,ALP,9235.0,0.491380227732255,False
SA,188,Mayo,GRN,4,4,ALP>LNP>OTH,1,0,17048,41029,Genevieve Dawson-Scott,GRN,,17048,1.0,1.0,GRN:17048,UNSPECIFIED:17048,OBSERVED_LAST_SURVIVOR_EXIT,LAST_SURVIVOR_TALLY_AT_CATEGORY_EXIT,18794,LNP,1140.0,0.060657656698946474,False
SA,188,Mayo,GRN,4,4,ALP>LNP>OTH,1,0,17048,41029,Genevieve Dawson-Scott,GRN,,17048,1.0,1.0,GRN:17048,UNSPECIFIED:17048,OBSERVED_LAST_SURVIVOR_EXIT,LAST_SURVIVOR_TALLY_AT_CATEGORY_EXIT,18794,OTH,8419.0,0.44796211556879856,False
SA,188,Mayo,GRN,4,4,ALP>LNP>OTH,1,0,17048,41029,Genevieve Dawson-Scott,GRN,,17048,1.0,1.0,GRN:17048,UNSPECIFIED:17048,PROPORTIONAL_PRIMARY_ORIGIN_PASS_THROUGH,ALL_CATEGORY_PRIMARY_VOTES_TRACED_PROPORTIONALLY,17048,ALP,8377.050122379484,0.49138022773225504,True
SA,188,Mayo,GRN,4,4,ALP>LNP>OTH,1,0,17048,41029,Genevieve Dawson-Scott,GRN,,17048,1.0,1.0,GRN:17048,UNSPECIFIED:17048,PROPORTIONAL_PRIMARY_ORIGIN_PASS_THROUGH,ALL_CATEGORY_PRIMARY_VOTES_TRACED_PROPORTIONALLY,17048,LNP,1034.0917314036394,0.06065765669894647,True
SA,188,Mayo,GRN,4,4,ALP>LNP>OTH,1,0,17048,41029,Genevieve Dawson-Scott,GRN,,17048,1.0,1.0,GRN:17048,UNSPECIFIED:17048,PROPORTIONAL_PRIMARY_ORIGIN_PASS_THROUGH,ALL_CATEGORY_PRIMARY_VOTES_TRACED_PROPORTIONALLY,17048,OTH,7636.858146216878,0.44796211556879856,True
SA,188,Mayo,ON,5,3,ALP>LNP>GRN>OTH,1,0,7493,42045,Rebecca Hewett,ON,,7493,1.0,1.0,ON:7493,UNSPECIFIED:7493,OBSERVED_LAST_SURVIVOR_EXIT,LAST_SURVIVOR_TALLY_AT_CATEGORY_EXIT,11123,ALP,1203.0,0.10815427492582937,False
SA,188,Mayo,ON,5,3,ALP>LNP>GRN>OTH,1,0,7493,42045,Rebecca Hewett,ON,,7493,1.0,1.0,ON:7493,UNSPECIFIED:7493,OBSERVED_LAST_SURVIVOR_EXIT,LAST_SURVIVOR_TALLY_AT_CATEGORY_EXIT,11123,GRN,1108.0,0.09961341364739729,False
SA,188,Mayo,ON,5,3,ALP>LNP>GRN>OTH,1,0,7493,42045,Rebecca Hewett,ON,,7493,1.0,1.0,ON:7493,UNSPECIFIED:7493,OBSERVED_LAST_SURVIVOR_EXIT,LAST_SURVIVOR_TALLY_AT_CATEGORY_EXIT,11123,LNP,4881.0,0.43882046210554704,False
SA,188,Mayo,ON,5,3,ALP>LNP>GRN>OTH,1,0,7493,42045,Rebecca Hewett,ON,,7493,1.0,1.0,ON:7493,UNSPECIFIED:7493,OBSERVED_LAST_SURVIVOR_EXIT,LAST_SURVIVOR_TALLY_AT_CATEGORY_EXIT,11123,OTH,3931.0,0.35341184932122627,False
SA,188,Mayo,ON,5,3,ALP>LNP>GRN>OTH,1,0,7493,42045,Rebecca Hewett,ON,,7493,1.0,1.0,ON:7493,UNSPECIFIED:7493,PROPORTIONAL_PRIMARY_ORIGIN_PASS_THROUGH,ALL_CATEGORY_PRIMARY_VOTES_TRACED_PROPORTIONALLY,7493,ALP,810.3999820192395,0.10815427492582937,True
SA,188,Mayo,ON,5,3,ALP>LNP>GRN>OTH,1,0,7493,42045,Rebecca Hewett,ON,,7493,1.0,1.0,ON:7493,UNSPECIFIED:7493,PROPORTIONAL_PRIMARY_ORIGIN_PASS_THROUGH,ALL_CATEGORY_PRIMARY_VOTES_TRACED_PROPORTIONALLY,7493,GRN,746.4033084599479,0.09961341364739729,True
SA,188,Mayo,ON,5,3,ALP>LNP>GRN>OTH,1,0,7493,42045,Rebecca Hewett,ON,,7493,1.0,1.0,ON:7493,UNSPECIFIED:7493,PROPORTIONAL_PRIMARY_ORIGIN_PASS_THROUGH,ALL_CATEGORY_PRIMARY_VOTES_TRACED_PROPORTIONALLY,7493,LNP,3288.081722556864,0.43882046210554704,True
SA,188,Mayo,ON,5,3,ALP>LNP>GRN>OTH,1,0,7493,42045,Rebecca Hewett,ON,,7493,1.0,1.0,ON:7493,UNSPECIFIED:7493,PROPORTIONAL_PRIMARY_ORIGIN_PASS_THROUGH,ALL_CATEGORY_PRIMARY_VOTES_TRACED_PROPORTIONALLY,7493,OTH,2648.1149869639485,0.35341184932122627,True
SA,325,Spence,GRN,3,6,ALP>LNP,1,0,16166,41031,Luke Skinner,GRN,,16166,1.0,1.0,GRN:16166,UNSPECIFIED:16166,OBSERVED_LAST_SURVIVOR_EXIT,LAST_SURVIVOR_TALLY_AT_CATEGORY_EXIT,24576,ALP,16460.0,0.6697591145833334,False
SA,325,Spence,GRN,3,6,ALP>LNP,1,0,16166,41031,Luke Skinner,GRN,,16166,1.0,1.0,GRN:16166,UNSPECIFIED:16166,OBSERVED_LAST_SURVIVOR_EXIT,LAST_SURVIVOR_TALLY_AT_CATEGORY_EXIT,24576,LNP,8116.0,0.3302408854166667,False
SA,325,Spence,GRN,3,6,ALP>LNP,1,0,16166,41031,Luke Skinner,GRN,,16166,1.0,1.0,GRN:16166,UNSPECIFIED:16166,PROPORTIONAL_PRIMARY_ORIGIN_PASS_THROUGH,ALL_CATEGORY_PRIMARY_VOTES_TRACED_PROPORTIONALLY,16166,ALP,10827.325846354168,0.6697591145833334,True
SA,325,Spence,GRN,3,6,ALP>LNP,1,0,16166,41031,Luke Skinner,GRN,,16166,1.0,1.0,GRN:16166,UNSPECIFIED:16166,PROPORTIONAL_PRIMARY_ORIGIN_PASS_THROUGH,ALL_CATEGORY_PRIMARY_VOTES_TRACED_PROPORTIONALLY,16166,LNP,5338.674153645834,0.3302408854166667,True
SA,325,Spence,ON,4,5,ALP>LNP>GRN,1,0,10654,42039,Darryl Bothe,ON,,10654,1.0,1.0,ON:10654,UNSPECIFIED:10654,OBSERVED_LAST_SURVIVOR_EXIT,LAST_SURVIVOR_TALLY_AT_CATEGORY_EXIT,16872,ALP,4164.0,0.24679943100995733,False
SA,325,Spence,ON,4,5,ALP>LNP>GRN,1,0,10654,42039,Darryl Bothe,ON,,10654,1.0,1.0,ON:10654,UNSPECIFIED:10654,OBSERVED_LAST_SURVIVOR_EXIT,LAST_SURVIVOR_TALLY_AT_CATEGORY_EXIT,16872,GRN,4873.0,0.2888217164532954,False
SA,325,Spence,ON,4,5,ALP>LNP>GRN,1,0,10654,42039,Darryl Bothe,ON,,10654,1.0,1.0,ON:10654,UNSPECIFIED:10654,OBSERVED_LAST_SURVIVOR_EXIT,LAST_SURVIVOR_TALLY_AT_CATEGORY_EXIT,16872,LNP,7835.0,0.46437885253674727,False
SA,325,Spence,ON,4,5,ALP>LNP>GRN,1,0,10654,42039,Darryl Bothe,ON,,10654,1.0,1.0,ON:10654,UNSPECIFIED:10654,PROPORTIONAL_PRIMARY_ORIGIN_PASS_THROUGH,ALL_CATEGORY_PRIMARY_VOTES_TRACED_PROPORTIONALLY,10654,ALP,2629.4011379800854,0.24679943100995733,True
SA,325,Spence,ON,4,5,ALP>LNP>GRN,1,0,10654,42039,Darryl Bothe,ON,,10654,1.0,1.0,ON:10654,UNSPECIFIED:10654,PROPORTIONAL_PRIMARY_ORIGIN_PASS_THROUGH,ALL_CATEGORY_PRIMARY_VOTES_TRACED_PROPORTIONALLY,10654,GRN,3077.1065670934095,0.2888217164532954,True
SA,325,Spence,ON,4,5,ALP>LNP>GRN,1,0,10654,42039,Darryl Bothe,ON,,10654,1.0,1.0,ON:10654,UNSPECIFIED:10654,PROPORTIONAL_PRIMARY_ORIGIN_PASS_THROUGH,ALL_CATEGORY_PRIMARY_VOTES_TRACED_PROPORTIONALLY,10654,LNP,4947.492294926506,0.46437885253674727,True
SA,325,Spence,OTH,5,4,ALP>LNP>GRN>ON,4,3,14447,41059,John William Bennett,OTH_FFPA,RIGHT,4901,0.3392399806188136,0.3392399806188136,OTH_FFPA:4901|OTH_CYA:4454|IND_MINOR:2749|OTH_AJP:2343,RIGHT:9355|CENTRE:2749|CENTRE_LEFT:2343,OBSERVED_LAST_SURVIVOR_EXIT,LAST_SURVIVOR_TALLY_AT_CATEGORY_EXIT,7127,ALP,1231.0,0.17272344605023152,False
SA,325,Spence,OTH,5,4,ALP>LNP>GRN>ON,4,3,14447,41059,John William Bennett,OTH_FFPA,RIGHT,4901,0.3392399806188136,0.3392399806188136,OTH_FFPA:4901|OTH_CYA:4454|IND_MINOR:2749|OTH_AJP:2343,RIGHT:9355|CENTRE:2749|CENTRE_LEFT:2343,OBSERVED_LAST_SURVIVOR_EXIT,LAST_SURVIVOR_TALLY_AT_CATEGORY_EXIT,7127,GRN,1702.0,0.2388101585519854,False
SA,325,Spence,OTH,5,4,ALP>LNP>GRN>ON,4,3,14447,41059,John William Bennett,OTH_FFPA,RIGHT,4901,0.3392399806188136,0.3392399806188136,OTH_FFPA:4901|OTH_CYA:4454|IND_MINOR:2749|OTH_AJP:2343,RIGHT:9355|CENTRE:2749|CENTRE_LEFT:2343,OBSERVED_LAST_SURVIVOR_EXIT,LAST_SURVIVOR_TALLY_AT_CATEGORY_EXIT,7127,LNP,879.0,0.12333380103830503,False
SA,325,Spence,OTH,5,4,ALP>LNP>GRN>ON,4,3,14447,41059,John William Bennett,OTH_FFPA,RIGHT,4901,0.3392399806188136,0.3392399806188136,OTH_FFPA:4901|OTH_CYA:4454|IND_MINOR:2749|OTH_AJP:2343,RIGHT:9355|CENTRE:2749|CENTRE_LEFT:2343,OBSERVED_LAST_SURVIVOR_EXIT,LAST_SURVIVOR_TALLY_AT_CATEGORY_EXIT,7127,ON,3315.0,0.46513259435947807,False
SA,325,Spence,OTH,5,4,ALP>LNP>GRN>ON,4,3,14447,41059,John William Bennett,OTH_FFPA,RIGHT,4901,0.3392399806188136,0.3392399806188136,OTH_FFPA:4901|OTH_CYA:4454|IND_MINOR:2749|OTH_AJP:2343,RIGHT:9355|CENTRE:2749|CENTRE_LEFT:2343,PROPORTIONAL_PRIMARY_ORIGIN_PASS_THROUGH,ALL_CATEGORY_PRIMARY_VOTES_TRACED_PROPORTIONALLY,14447,ALP,2816.0,0.19491936042084862,True
SA,325,Spence,OTH,5,4,ALP>LNP>GRN>ON,4,3,14447,41059,John William Bennett,OTH_FFPA,RIGHT,4901,0.3392399806188136,0.3392399806188136,OTH_FFPA:4901|OTH_CYA:4454|IND_MINOR:2749|OTH_AJP:2343,RIGHT:9355|CENTRE:2749|CENTRE_LEFT:2343,PROPORTIONAL_PRIMARY_ORIGIN_PASS_THROUGH,ALL_CATEGORY_PRIMARY_VOTES_TRACED_PROPORTIONALLY,14447,GRN,3537.0,0.24482591541496504,True
SA,325,Spence,OTH,5,4,ALP>LNP>GRN>ON,4,3,14447,41059,John William Bennett,OTH_FFPA,RIGHT,4901,0.3392399806188136,0.3392399806188136,OTH_FFPA:4901|OTH_CYA:4454|IND_MINOR:2749|OTH_AJP:2343,RIGHT:9355|CENTRE:2749|CENTRE_LEFT:2343,PROPORTIONAL_PRIMARY_ORIGIN_PASS_THROUGH,ALL_CATEGORY_PRIMARY_VOTES_TRACED_PROPORTIONALLY,14447,LNP,1876.0,0.1298539489167301,True
SA,325,Spence,OTH,5,4,ALP>LNP>GRN>ON,4,3,14447,41059,John William Bennett,OTH_FFPA,RIGHT,4901,0.3392399806188136,0.3392399806188136,OTH_FFPA:4901|OTH_CYA:4454|IND_MINOR:2749|OTH_AJP:2343,RIGHT:9355|CENTRE:2749|CENTRE_LEFT:2343,PROPORTIONAL_PRIMARY_ORIGIN_PASS_THROUGH,ALL_CATEGORY_PRIMARY_VOTES_TRACED_PROPORTIONALLY,14447,ON,6218.0,0.43040077524745624,True
SA,190,Sturt,GRN,3,5,ALP>LNP,1,0,18295,41034,Katie Mccusker,GRN,,18295,1.0,1.0,GRN:18295,UNSPECIFIED:18295,OBSERVED_LAST_SURVIVOR_EXIT,LAST_SURVIVOR_TALLY_AT_CATEGORY_EXIT,23894,ALP,20452.0,0.8559470996902988,False
SA,190,Sturt,GRN,3,5,ALP>LNP,1,0,18295,41034,Katie Mccusker,GRN,,18295,1.0,1.0,GRN:18295,UNSPECIFIED:18295,OBSERVED_LAST_SURVIVOR_EXIT,LAST_SURVIVOR_TALLY_AT_CATEGORY_EXIT,23894,LNP,3442.0,0.1440529003097012,False
SA,190,Sturt,GRN,3,5,ALP>LNP,1,0,18295,41034,Katie Mccusker,GRN,,18295,1.0,1.0,GRN:18295,UNSPECIFIED:18295,PROPORTIONAL_PRIMARY_ORIGIN_PASS_THROUGH,ALL_CATEGORY_PRIMARY_VOTES_TRACED_PROPORTIONALLY,18295,ALP,15659.552188834017,0.8559470996902988,True
SA,190,Sturt,GRN,3,5,ALP>LNP,1,0,18295,41034,Katie Mccusker,GRN,,18295,1.0,1.0,GRN:18295,UNSPECIFIED:18295,PROPORTIONAL_PRIMARY_ORIGIN_PASS_THROUGH,ALL_CATEGORY_PRIMARY_VOTES_TRACED_PROPORTIONALLY,18295,LNP,2635.4478111659832,0.1440529003097012,True
SA,190,Sturt,IND,4,4,ALP>LNP>GRN,1,0,8413,40618,Verity Cooper,IND_PROMINENT,CENTRE_LEFT,8413,1.0,1.0,IND_PROMINENT:8413,CENTRE_LEFT:8413,OBSERVED_LAST_SURVIVOR_EXIT,LAST_SURVIVOR_TALLY_AT_CATEGORY_EXIT,11088,ALP,3485.0,0.3143037518037518,False
SA,190,Sturt,IND,4,4,ALP>LNP>GRN,1,0,8413,40618,Verity Cooper,IND_PROMINENT,CENTRE_LEFT,8413,1.0,1.0,IND_PROMINENT:8413,CENTRE_LEFT:8413,OBSERVED_LAST_SURVIVOR_EXIT,LAST_SURVIVOR_TALLY_AT_CATEGORY_EXIT,11088,GRN,4567.0,0.4118867243867244,False
SA,190,Sturt,IND,4,4,ALP>LNP>GRN,1,0,8413,40618,Verity Cooper,IND_PROMINENT,CENTRE_LEFT,8413,1.0,1.0,IND_PROMINENT:8413,CENTRE_LEFT:8413,OBSERVED_LAST_SURVIVOR_EXIT,LAST_SURVIVOR_TALLY_AT_CATEGORY_EXIT,11088,LNP,3036.0,0.27380952380952384,False
SA,190,Sturt,IND,4,4,ALP>LNP>GRN,1,0,8413,40618,Verity Cooper,IND_PROMINENT,CENTRE_LEFT,8413,1.0,1.0,IND_PROMINENT:8413,CENTRE_LEFT:8413,PROPORTIONAL_PRIMARY_ORIGIN_PASS_THROUGH,ALL_CATEGORY_PRIMARY_VOTES_TRACED_PROPORTIONALLY,8413,ALP,2644.237463924964,0.3143037518037518,True
SA,190,Sturt,IND,4,4,ALP>LNP>GRN,1,0,8413,40618,Verity Cooper,IND_PROMINENT,CENTRE_LEFT,8413,1.0,1.0,IND_PROMINENT:8413,CENTRE_LEFT:8413,PROPORTIONAL_PRIMARY_ORIGIN_PASS_THROUGH,ALL_CATEGORY_PRIMARY_VOTES_TRACED_PROPORTIONALLY,8413,GRN,3465.2030122655124,0.4118867243867244,True
SA,190,Sturt,IND,4,4,ALP>LNP>GRN,1,0,8413,40618,Verity Cooper,IND_PROMINENT,CENTRE_LEFT,8413,1.0,1.0,IND_PROMINENT:8413,CENTRE_LEFT:8413,PROPORTIONAL_PRIMARY_ORIGIN_PASS_THROUGH,ALL_CATEGORY_PRIMARY_VOTES_TRACED_PROPORTIONALLY,8413,LNP,2303.559523809524,0.27380952380952384,True
SA,190,Sturt,ON,5,3,ALP>LNP>GRN>IND,1,0,4035,42052,Peter Bogatec,ON,,4035,1.0,1.0,ON:4035,UNSPECIFIED:4035,OBSERVED_LAST_SURVIVOR_EXIT,LAST_SURVIVOR_TALLY_AT_CATEGORY_EXIT,6021,ALP,507.0,0.08420528151469855,False
SA,190,Sturt,ON,5,3,ALP>LNP>GRN>IND,1,0,4035,42052,Peter Bogatec,ON,,4035,1.0,1.0,ON:4035,UNSPECIFIED:4035,OBSERVED_LAST_SURVIVOR_EXIT,LAST_SURVIVOR_TALLY_AT_CATEGORY_EXIT,6021,GRN,556.0,0.09234346454077395,False
SA,190,Sturt,ON,5,3,ALP>LNP>GRN>IND,1,0,4035,42052,Peter Bogatec,ON,,4035,1.0,1.0,ON:4035,UNSPECIFIED:4035,OBSERVED_LAST_SURVIVOR_EXIT,LAST_SURVIVOR_TALLY_AT_CATEGORY_EXIT,6021,IND,1839.0,0.30543099152964626,False
SA,190,Sturt,ON,5,3,ALP>LNP>GRN>IND,1,0,4035,42052,Peter Bogatec,ON,,4035,1.0,1.0,ON:4035,UNSPECIFIED:4035,OBSERVED_LAST_SURVIVOR_EXIT,LAST_SURVIVOR_TALLY_AT_CATEGORY_EXIT,6021,LNP,3119.0,0.5180202624148812,False
SA,190,Sturt,ON,5,3,ALP>LNP>GRN>IND,1,0,4035,42052,Peter Bogatec,ON,,4035,1.0,1.0,ON:4035,UNSPECIFIED:4035,PROPORTIONAL_PRIMARY_ORIGIN_PASS_THROUGH,ALL_CATEGORY_PRIMARY_VOTES_TRACED_PROPORTIONALLY,4035,ALP,339.76831091180867,0.08420528151469855,True
SA,190,Sturt,ON,5,3,ALP>LNP>GRN>IND,1,0,4035,42052,Peter Bogatec,ON,,4035,1.0,1.0,ON:4035,UNSPECIFIED:4035,PROPORTIONAL_PRIMARY_ORIGIN_PASS_THROUGH,ALL_CATEGORY_PRIMARY_VOTES_TRACED_PROPORTIONALLY,4035,GRN,372.6058794220229,0.09234346454077395,True
SA,190,Sturt,ON,5,3,ALP>LNP>GRN>IND,1,0,4035,42052,Peter Bogatec,ON,,4035,1.0,1.0,ON:4035,UNSPECIFIED:4035,PROPORTIONAL_PRIMARY_ORIGIN_PASS_THROUGH,ALL_CATEGORY_PRIMARY_VOTES_TRACED_PROPORTIONALLY,4035,IND,1232.4140508221226,0.30543099152964626,True
SA,190,Sturt,ON,5,3,ALP>LNP>GRN>IND,1,0,4035,42052,Peter Bogatec,ON,,4035,1.0,1.0,ON:4035,UNSPECIFIED:4035,PROPORTIONAL_PRIMARY_ORIGIN_PASS_THROUGH,ALL_CATEGORY_PRIMARY_VOTES_TRACED_PROPORTIONALLY,4035,LNP,2090.2117588440456,0.5180202624148812,True
SA,190,Sturt,OTH,6,2,ALP>LNP>GRN>ON>IND,2,1,4833,41052,Nicholas Duffield,OTH_CYA,RIGHT,2553,0.5282433271260087,0.5282433271260087,OTH_CYA:2553|OTH_FFPA:2280,RIGHT:4833,OBSERVED_LAST_SURVIVOR_EXIT,LAST_SURVIVOR_TALLY_AT_CATEGORY_EXIT,2806,ALP,216.0,0.07697790449037777,False
SA,190,Sturt,OTH,6,2,ALP>LNP>GRN>ON>IND,2,1,4833,41052,Nicholas Duffield,OTH_CYA,RIGHT,2553,0.5282433271260087,0.5282433271260087,OTH_CYA:2553|OTH_FFPA:2280,RIGHT:4833,OBSERVED_LAST_SURVIVOR_EXIT,LAST_SURVIVOR_TALLY_AT_CATEGORY_EXIT,2806,GRN,315.0,0.11225944404846756,False
SA,190,Sturt,OTH,6,2,ALP>LNP>GRN>ON>IND,2,1,4833,41052,Nicholas Duffield,OTH_CYA,RIGHT,2553,0.5282433271260087,0.5282433271260087,OTH_CYA:2553|OTH_FFPA:2280,RIGHT:4833,OBSERVED_LAST_SURVIVOR_EXIT,LAST_SURVIVOR_TALLY_AT_CATEGORY_EXIT,2806,IND,507.0,0.18068424803991448,False
SA,190,Sturt,OTH,6,2,ALP>LNP>GRN>ON>IND,2,1,4833,41052,Nicholas Duffield,OTH_CYA,RIGHT,2553,0.5282433271260087,0.5282433271260087,OTH_CYA:2553|OTH_FFPA:2280,RIGHT:4833,OBSERVED_LAST_SURVIVOR_EXIT,LAST_SURVIVOR_TALLY_AT_CATEGORY_EXIT,2806,LNP,452.0,0.16108339272986458,False
SA,190,Sturt,OTH,6,2,ALP>LNP>GRN>ON>IND,2,1,4833,41052,Nicholas Duffield,OTH_CYA,RIGHT,2553,0.5282433271260087,0.5282433271260087,OTH_CYA:2553|OTH_FFPA:2280,RIGHT:4833,OBSERVED_LAST_SURVIVOR_EXIT,LAST_SURVIVOR_TALLY_AT_CATEGORY_EXIT,2806,ON,1316.0,0.4689950106913756,False
SA,190,Sturt,OTH,6,2,ALP>LNP>GRN>ON>IND,2,1,4833,41052,Nicholas Duffield,OTH_CYA,RIGHT,2553,0.5282433271260087,0.5282433271260087,OTH_CYA:2553|OTH_FFPA:2280,RIGHT:4833,PROPORTIONAL_PRIMARY_ORIGIN_PASS_THROUGH,ALL_CATEGORY_PRIMARY_VOTES_TRACED_PROPORTIONALLY,4833,ALP,549.0,0.11359404096834265,True
SA,190,Sturt,OTH,6,2,ALP>LNP>GRN>ON>IND,2,1,4833,41052,Nicholas Duffield,OTH_CYA,RIGHT,2553,0.5282433271260087,0.5282433271260087,OTH_CYA:2553|OTH_FFPA:2280,RIGHT:4833,PROPORTIONAL_PRIMARY_ORIGIN_PASS_THROUGH,ALL_CATEGORY_PRIMARY_VOTES_TRACED_PROPORTIONALLY,4833,GRN,476.0,0.09848955100351749,True
SA,190,Sturt,OTH,6,2,ALP>LNP>GRN>ON>IND,2,1,4833,41052,Nicholas Duffield,OTH_CYA,RIGHT,2553,0.5282433271260087,0.5282433271260087,OTH_CYA:2553|OTH_FFPA:2280,RIGHT:4833,PROPORTIONAL_PRIMARY_ORIGIN_PASS_THROUGH,ALL_CATEGORY_PRIMARY_VOTES_TRACED_PROPORTIONALLY,4833,IND,836.0,0.17297744672046347,True
SA,190,Sturt,OTH,6,2,ALP>LNP>GRN>ON>IND,2,1,4833,41052,Nicholas Duffield,OTH_CYA,RIGHT,2553,0.5282433271260087,0.5282433271260087,OTH_CYA:2553|OTH_FFPA:2280,RIGHT:4833,PROPORTIONAL_PRIMARY_ORIGIN_PASS_THROUGH,ALL_CATEGORY_PRIMARY_VOTES_TRACED_PROPORTIONALLY,4833,LNP,986.0,0.20401406993585763,True
SA,190,Sturt,OTH,6,2,ALP>LNP>GRN>ON>IND,2,1,4833,41052,Nicholas Duffield,OTH_CYA,RIGHT,2553,0.5282433271260087,0.5282433271260087,OTH_CYA:2553|OTH_FFPA:2280,RIGHT:4833,PROPORTIONAL_PRIMARY_ORIGIN_PASS_THROUGH,ALL_CATEGORY_PRIMARY_VOTES_TRACED_PROPORTIONALLY,4833,ON,1986.0,0.41092489137181876,True
TAS,192,Bass,GRN,3,5,ALP>LNP,1,0,9229,41322,Charlene Mclennan,GRN,,9229,1.0,1.0,GRN:9229,UNSPECIFIED:9229,OBSERVED_LAST_SURVIVOR_EXIT,LAST_SURVIVOR_TALLY_AT_CATEGORY_EXIT,11946,ALP,9772.0,0.8180143981248954,False
TAS,192,Bass,GRN,3,5,ALP>LNP,1,0,9229,41322,Charlene Mclennan,GRN,,9229,1.0,1.0,GRN:9229,UNSPECIFIED:9229,OBSERVED_LAST_SURVIVOR_EXIT,LAST_SURVIVOR_TALLY_AT_CATEGORY_EXIT,11946,LNP,2174.0,0.18198560187510462,False
TAS,192,Bass,GRN,3,5,ALP>LNP,1,0,9229,41322,Charlene Mclennan,GRN,,9229,1.0,1.0,GRN:9229,UNSPECIFIED:9229,PROPORTIONAL_PRIMARY_ORIGIN_PASS_THROUGH,ALL_CATEGORY_PRIMARY_VOTES_TRACED_PROPORTIONALLY,9229,ALP,7549.454880294659,0.8180143981248954,True
TAS,192,Bass,GRN,3,5,ALP>LNP,1,0,9229,41322,Charlene Mclennan,GRN,,9229,1.0,1.0,GRN:9229,UNSPECIFIED:9229,PROPORTIONAL_PRIMARY_ORIGIN_PASS_THROUGH,ALL_CATEGORY_PRIMARY_VOTES_TRACED_PROPORTIONALLY,9229,LNP,1679.5451197053405,0.18198560187510462,True
TAS,192,Bass,ON,4,4,ALP>LNP>GRN,1,0,4639,42067,Jordan Potter,ON,,4639,1.0,1.0,ON:4639,UNSPECIFIED:4639,OBSERVED_LAST_SURVIVOR_EXIT,LAST_SURVIVOR_TALLY_AT_CATEGORY_EXIT,6954,ALP,1644.0,0.2364106988783434,False
TAS,192,Bass,ON,4,4,ALP>LNP>GRN,1,0,4639,42067,Jordan Potter,ON,,4639,1.0,1.0,ON:4639,UNSPECIFIED:4639,OBSERVED_LAST_SURVIVOR_EXIT,LAST_SURVIVOR_TALLY_AT_CATEGORY_EXIT,6954,GRN,1379.0,0.1983031348863963,False
TAS,192,Bass,ON,4,4,ALP>LNP>GRN,1,0,4639,42067,Jordan Potter,ON,,4639,1.0,1.0,ON:4639,UNSPECIFIED:4639,OBSERVED_LAST_SURVIVOR_EXIT,LAST_SURVIVOR_TALLY_AT_CATEGORY_EXIT,6954,LNP,3931.0,0.5652861662352603,False
TAS,192,Bass,ON,4,4,ALP>LNP>GRN,1,0,4639,42067,Jordan Potter,ON,,4639,1.0,1.0,ON:4639,UNSPECIFIED:4639,PROPORTIONAL_PRIMARY_ORIGIN_PASS_THROUGH,ALL_CATEGORY_PRIMARY_VOTES_TRACED_PROPORTIONALLY,4639,ALP,1096.709232096635,0.23641069887834343,True
TAS,192,Bass,ON,4,4,ALP>LNP>GRN,1,0,4639,42067,Jordan Potter,ON,,4639,1.0,1.0,ON:4639,UNSPECIFIED:4639,PROPORTIONAL_PRIMARY_ORIGIN_PASS_THROUGH,ALL_CATEGORY_PRIMARY_VOTES_TRACED_PROPORTIONALLY,4639,GRN,919.9282427379925,0.1983031348863963,True
TAS,192,Bass,ON,4,4,ALP>LNP>GRN,1,0,4639,42067,Jordan Potter,ON,,4639,1.0,1.0,ON:4639,UNSPECIFIED:4639,PROPORTIONAL_PRIMARY_ORIGIN_PASS_THROUGH,ALL_CATEGORY_PRIMARY_VOTES_TRACED_PROPORTIONALLY,4639,LNP,2622.3625251653725,0.5652861662352603,True
TAS,192,Bass,IND,5,3,ALP>LNP>GRN>ON,1,0,3852,36070,George Razay,IND_PROMINENT,CENTRE,3852,1.0,1.0,IND_PROMINENT:3852,CENTRE:3852,OBSERVED_LAST_SURVIVOR_EXIT,LAST_SURVIVOR_TALLY_AT_CATEGORY_EXIT,4731,ALP,1307.0,0.2762629465229338,False
TAS,192,Bass,IND,5,3,ALP>LNP>GRN>ON,1,0,3852,36070,George Razay,IND_PROMINENT,CENTRE,3852,1.0,1.0,IND_PROMINENT:3852,CENTRE:3852,OBSERVED_LAST_SURVIVOR_EXIT,LAST_SURVIVOR_TALLY_AT_CATEGORY_EXIT,4731,GRN,1149.0,0.24286620164870007,False
TAS,192,Bass,IND,5,3,ALP>LNP>GRN>ON,1,0,3852,36070,George Razay,IND_PROMINENT,CENTRE,3852,1.0,1.0,IND_PROMINENT:3852,CENTRE:3852,OBSERVED_LAST_SURVIVOR_EXIT,LAST_SURVIVOR_TALLY_AT_CATEGORY_EXIT,4731,LNP,1015.0,0.2145423800465018,False
TAS,192,Bass,IND,5,3,ALP>LNP>GRN>ON,1,0,3852,36070,George Razay,IND_PROMINENT,CENTRE,3852,1.0,1.0,IND_PROMINENT:3852,CENTRE:3852,OBSERVED_LAST_SURVIVOR_EXIT,LAST_SURVIVOR_TALLY_AT_CATEGORY_EXIT,4731,ON,1260.0,0.2663284717818643,False
TAS,192,Bass,IND,5,3,ALP>LNP>GRN>ON,1,0,3852,36070,George Razay,IND_PROMINENT,CENTRE,3852,1.0,1.0,IND_PROMINENT:3852,CENTRE:3852,PROPORTIONAL_PRIMARY_ORIGIN_PASS_THROUGH,ALL_CATEGORY_PRIMARY_VOTES_TRACED_PROPORTIONALLY,3852,ALP,1064.164870006341,0.2762629465229338,True
TAS,192,Bass,IND,5,3,ALP>LNP>GRN>ON,1,0,3852,36070,George Razay,IND_PROMINENT,CENTRE,3852,1.0,1.0,IND_PROMINENT:3852,CENTRE:3852,PROPORTIONAL_PRIMARY_ORIGIN_PASS_THROUGH,ALL_CATEGORY_PRIMARY_VOTES_TRACED_PROPORTIONALLY,3852,GRN,935.5206087507927,0.24286620164870007,True
TAS,192,Bass,IND,5,3,ALP>LNP>GRN>ON,1,0,3852,36070,George Razay,IND_PROMINENT,CENTRE,3852,1.0,1.0,IND_PROMINENT:3852,CENTRE:3852,PROPORTIONAL_PRIMARY_ORIGIN_PASS_THROUGH,ALL_CATEGORY_PRIMARY_VOTES_TRACED_PROPORTIONALLY,3852,LNP,826.417247939125,0.2145423800465018,True
TAS,192,Bass,IND,5,3,ALP>LNP>GRN>ON,1,0,3852,36070,George Razay,IND_PROMINENT,CENTRE,3852,1.0,1.0,IND_PROMINENT:3852,CENTRE:3852,PROPORTIONAL_PRIMARY_ORIGIN_PASS_THROUGH,ALL_CATEGORY_PRIMARY_VOTES_TRACED_PROPORTIONALLY,3852,ON,1025.8972733037413,0.2663284717818643,True
TAS,192,Bass,OTH,6,2,ALP>LNP>GRN>ON>IND,2,1,2988,42108,Ray Broomhall,OTH_CYA,RIGHT,2287,0.7653949129852744,0.7653949129852744,OTH_CYA:2287|OTH_CEC:701,RIGHT:2287|CENTRE:701,OBSERVED_LAST_SURVIVOR_EXIT,LAST_SURVIVOR_TALLY_AT_CATEGORY_EXIT,2349,ALP,272.0,0.11579395487441464,False
TAS,192,Bass,OTH,6,2,ALP>LNP>GRN>ON>IND,2,1,2988,42108,Ray Broomhall,OTH_CYA,RIGHT,2287,0.7653949129852744,0.7653949129852744,OTH_CYA:2287|OTH_CEC:701,RIGHT:2287|CENTRE:701,OBSERVED_LAST_SURVIVOR_EXIT,LAST_SURVIVOR_TALLY_AT_CATEGORY_EXIT,2349,GRN,114.0,0.04853128991060025,False
TAS,192,Bass,OTH,6,2,ALP>LNP>GRN>ON>IND,2,1,2988,42108,Ray Broomhall,OTH_CYA,RIGHT,2287,0.7653949129852744,0.7653949129852744,OTH_CYA:2287|OTH_CEC:701,RIGHT:2287|CENTRE:701,OBSERVED_LAST_SURVIVOR_EXIT,LAST_SURVIVOR_TALLY_AT_CATEGORY_EXIT,2349,IND,719.0,0.3060876968922946,False
TAS,192,Bass,OTH,6,2,ALP>LNP>GRN>ON>IND,2,1,2988,42108,Ray Broomhall,OTH_CYA,RIGHT,2287,0.7653949129852744,0.7653949129852744,OTH_CYA:2287|OTH_CEC:701,RIGHT:2287|CENTRE:701,OBSERVED_LAST_SURVIVOR_EXIT,LAST_SURVIVOR_TALLY_AT_CATEGORY_EXIT,2349,LNP,316.0,0.13452532992762878,False
TAS,192,Bass,OTH,6,2,ALP>LNP>GRN>ON>IND,2,1,2988,42108,Ray Broomhall,OTH_CYA,RIGHT,2287,0.7653949129852744,0.7653949129852744,OTH_CYA:2287|OTH_CEC:701,RIGHT:2287|CENTRE:701,OBSERVED_LAST_SURVIVOR_EXIT,LAST_SURVIVOR_TALLY_AT_CATEGORY_EXIT,2349,ON,928.0,0.3950617283950617,False
TAS,192,Bass,OTH,6,2,ALP>LNP>GRN>ON>IND,2,1,2988,42108,Ray Broomhall,OTH_CYA,RIGHT,2287,0.7653949129852744,0.7653949129852744,OTH_CYA:2287|OTH_CEC:701,RIGHT:2287|CENTRE:701,PROPORTIONAL_PRIMARY_ORIGIN_PASS_THROUGH,ALL_CATEGORY_PRIMARY_VOTES_TRACED_PROPORTIONALLY,2988,ALP,434.0,0.14524765729585007,True
TAS,192,Bass,OTH,6,2,ALP>LNP>GRN>ON>IND,2,1,2988,42108,Ray Broomhall,OTH_CYA,RIGHT,2287,0.7653949129852744,0.7653949129852744,OTH_CYA:2287|OTH_CEC:701,RIGHT:2287|CENTRE:701,PROPORTIONAL_PRIMARY_ORIGIN_PASS_THROUGH,ALL_CATEGORY_PRIMARY_VOTES_TRACED_PROPORTIONALLY,2988,GRN,189.0,0.06325301204819277,True
TAS,192,Bass,OTH,6,2,ALP>LNP>GRN>ON>IND,2,1,2988,42108,Ray Broomhall,OTH_CYA,RIGHT,2287,0.7653949129852744,0.7653949129852744,OTH_CYA:2287|OTH_CEC:701,RIGHT:2287|CENTRE:701,PROPORTIONAL_PRIMARY_ORIGIN_PASS_THROUGH,ALL_CATEGORY_PRIMARY_VOTES_TRACED_PROPORTIONALLY,2988,IND,879.0,0.29417670682730923,True
TAS,192,Bass,OTH,6,2,ALP>LNP>GRN>ON>IND,2,1,2988,42108,Ray Broomhall,OTH_CYA,RIGHT,2287,0.7653949129852744,0.7653949129852744,OTH_CYA:2287|OTH_CEC:701,RIGHT:2287|CENTRE:701,PROPORTIONAL_PRIMARY_ORIGIN_PASS_THROUGH,ALL_CATEGORY_PRIMARY_VOTES_TRACED_PROPORTIONALLY,2988,LNP,431.0,0.14424364123159303,True
TAS,192,Bass,OTH,6,2,ALP>LNP>GRN>ON>IND,2,1,2988,42108,Ray Broomhall,OTH_CYA,RIGHT,2287,0.7653949129852744,0.7653949129852744,OTH_CYA:2287|OTH_CEC:701,RIGHT:2287|CENTRE:701,PROPORTIONAL_PRIMARY_ORIGIN_PASS_THROUGH,ALL_CATEGORY_PRIMARY_VOTES_TRACED_PROPORTIONALLY,2988,ON,1055.0,0.3530789825970549,True
TAS,193,Braddon,ON,3,4,ALP>LNP,1,0,5709,42065,Christopher Methorst,ON,,5709,1.0,1.0,ON:5709,UNSPECIFIED:5709,OBSERVED_LAST_SURVIVOR_EXIT,LAST_SURVIVOR_TALLY_AT_CATEGORY_EXIT,10932,ALP,5032.0,0.46030003658982804,False
TAS,193,Braddon,ON,3,4,ALP>LNP,1,0,5709,42065,Christopher Methorst,ON,,5709,1.0,1.0,ON:5709,UNSPECIFIED:5709,OBSERVED_LAST_SURVIVOR_EXIT,LAST_SURVIVOR_TALLY_AT_CATEGORY_EXIT,10932,LNP,5900.0,0.539699963410172,False
TAS,193,Braddon,ON,3,4,ALP>LNP,1,0,5709,42065,Christopher Methorst,ON,,5709,1.0,1.0,ON:5709,UNSPECIFIED:5709,PROPORTIONAL_PRIMARY_ORIGIN_PASS_THROUGH,ALL_CATEGORY_PRIMARY_VOTES_TRACED_PROPORTIONALLY,5709,ALP,2627.8529088913283,0.46030003658982804,True
TAS,193,Braddon,ON,3,4,ALP>LNP,1,0,5709,42065,Christopher Methorst,ON,,5709,1.0,1.0,ON:5709,UNSPECIFIED:5709,PROPORTIONAL_PRIMARY_ORIGIN_PASS_THROUGH,ALL_CATEGORY_PRIMARY_VOTES_TRACED_PROPORTIONALLY,5709,LNP,3081.147091108672,0.539699963410172,True
TAS,193,Braddon,GRN,4,3,ALP>LNP>ON,1,0,6318,41321,Erin Morrow,GRN,,6318,1.0,1.0,GRN:6318,UNSPECIFIED:6318,OBSERVED_LAST_SURVIVOR_EXIT,LAST_SURVIVOR_TALLY_AT_CATEGORY_EXIT,8562,ALP,6118.0,0.7145526746087363,False
TAS,193,Braddon,GRN,4,3,ALP>LNP>ON,1,0,6318,41321,Erin Morrow,GRN,,6318,1.0,1.0,GRN:6318,UNSPECIFIED:6318,OBSERVED_LAST_SURVIVOR_EXIT,LAST_SURVIVOR_TALLY_AT_CATEGORY_EXIT,8562,LNP,624.0,0.07288016818500351,False
TAS,193,Braddon,GRN,4,3,ALP>LNP>ON,1,0,6318,41321,Erin Morrow,GRN,,6318,1.0,1.0,GRN:6318,UNSPECIFIED:6318,OBSERVED_LAST_SURVIVOR_EXIT,LAST_SURVIVOR_TALLY_AT_CATEGORY_EXIT,8562,ON,1820.0,0.2125671572062602,False
TAS,193,Braddon,GRN,4,3,ALP>LNP>ON,1,0,6318,41321,Erin Morrow,GRN,,6318,1.0,1.0,GRN:6318,UNSPECIFIED:6318,PROPORTIONAL_PRIMARY_ORIGIN_PASS_THROUGH,ALL_CATEGORY_PRIMARY_VOTES_TRACED_PROPORTIONALLY,6318,ALP,4514.543798177996,0.7145526746087363,True
TAS,193,Braddon,GRN,4,3,ALP>LNP>ON,1,0,6318,41321,Erin Morrow,GRN,,6318,1.0,1.0,GRN:6318,UNSPECIFIED:6318,PROPORTIONAL_PRIMARY_ORIGIN_PASS_THROUGH,ALL_CATEGORY_PRIMARY_VOTES_TRACED_PROPORTIONALLY,6318,LNP,460.45690259285215,0.07288016818500351,True
TAS,193,Braddon,GRN,4,3,ALP>LNP>ON,1,0,6318,41321,Erin Morrow,GRN,,6318,1.0,1.0,GRN:6318,UNSPECIFIED:6318,PROPORTIONAL_PRIMARY_ORIGIN_PASS_THROUGH,ALL_CATEGORY_PRIMARY_VOTES_TRACED_PROPORTIONALLY,6318,ON,1342.999299229152,0.2125671572062602,True
TAS,193,Braddon,IND,5,2,ALP>LNP>GRN>ON,1,0,6174,42059,Adam Martin,IND_PROMINENT,CENTRE_LEFT,6174,1.0,1.0,IND_PROMINENT:6174,CENTRE_LEFT:6174,OBSERVED_LAST_SURVIVOR_EXIT,LAST_SURVIVOR_TALLY_AT_CATEGORY_EXIT,6811,ALP,1720.0,0.2525326677433563,False
TAS,193,Braddon,IND,5,2,ALP>LNP>GRN>ON,1,0,6174,42059,Adam Martin,IND_PROMINENT,CENTRE_LEFT,6174,1.0,1.0,IND_PROMINENT:6174,CENTRE_LEFT:6174,OBSERVED_LAST_SURVIVOR_EXIT,LAST_SURVIVOR_TALLY_AT_CATEGORY_EXIT,6811,GRN,1736.0,0.25488180883864336,False
TAS,193,Braddon,IND,5,2,ALP>LNP>GRN>ON,1,0,6174,42059,Adam Martin,IND_PROMINENT,CENTRE_LEFT,6174,1.0,1.0,IND_PROMINENT:6174,CENTRE_LEFT:6174,OBSERVED_LAST_SURVIVOR_EXIT,LAST_SURVIVOR_TALLY_AT_CATEGORY_EXIT,6811,LNP,1307.0,0.19189546322125972,False
TAS,193,Braddon,IND,5,2,ALP>LNP>GRN>ON,1,0,6174,42059,Adam Martin,IND_PROMINENT,CENTRE_LEFT,6174,1.0,1.0,IND_PROMINENT:6174,CENTRE_LEFT:6174,OBSERVED_LAST_SURVIVOR_EXIT,LAST_SURVIVOR_TALLY_AT_CATEGORY_EXIT,6811,ON,2048.0,0.30069006019674055,False
TAS,193,Braddon,IND,5,2,ALP>LNP>GRN>ON,1,0,6174,42059,Adam Martin,IND_PROMINENT,CENTRE_LEFT,6174,1.0,1.0,IND_PROMINENT:6174,CENTRE_LEFT:6174,PROPORTIONAL_PRIMARY_ORIGIN_PASS_THROUGH,ALL_CATEGORY_PRIMARY_VOTES_TRACED_PROPORTIONALLY,6174,ALP,1559.1366906474818,0.2525326677433563,True
TAS,193,Braddon,IND,5,2,ALP>LNP>GRN>ON,1,0,6174,42059,Adam Martin,IND_PROMINENT,CENTRE_LEFT,6174,1.0,1.0,IND_PROMINENT:6174,CENTRE_LEFT:6174,PROPORTIONAL_PRIMARY_ORIGIN_PASS_THROUGH,ALL_CATEGORY_PRIMARY_VOTES_TRACED_PROPORTIONALLY,6174,GRN,1573.6402877697842,0.25488180883864336,True
TAS,193,Braddon,IND,5,2,ALP>LNP>GRN>ON,1,0,6174,42059,Adam Martin,IND_PROMINENT,CENTRE_LEFT,6174,1.0,1.0,IND_PROMINENT:6174,CENTRE_LEFT:6174,PROPORTIONAL_PRIMARY_ORIGIN_PASS_THROUGH,ALL_CATEGORY_PRIMARY_VOTES_TRACED_PROPORTIONALLY,6174,LNP,1184.7625899280574,0.1918954632212597,True
TAS,193,Braddon,IND,5,2,ALP>LNP>GRN>ON,1,0,6174,42059,Adam Martin,IND_PROMINENT,CENTRE_LEFT,6174,1.0,1.0,IND_PROMINENT:6174,CENTRE_LEFT:6174,PROPORTIONAL_PRIMARY_ORIGIN_PASS_THROUGH,ALL_CATEGORY_PRIMARY_VOTES_TRACED_PROPORTIONALLY,6174,ON,1856.460431654676,0.30069006019674055,True
TAS,193,Braddon,OTH,6,1,ALP>LNP>GRN>ON>IND,1,0,3360,42109,Stephen John Kenney,OTH_CYA,RIGHT,3360,1.0,1.0,OTH_CYA:3360,RIGHT:3360,OBSERVED_LAST_SURVIVOR_EXIT,LAST_SURVIVOR_TALLY_AT_CATEGORY_EXIT,3360,ALP,360.0,0.10714285714285714,False
TAS,193,Braddon,OTH,6,1,ALP>LNP>GRN>ON>IND,1,0,3360,42109,Stephen John Kenney,OTH_CYA,RIGHT,3360,1.0,1.0,OTH_CYA:3360,RIGHT:3360,OBSERVED_LAST_SURVIVOR_EXIT,LAST_SURVIVOR_TALLY_AT_CATEGORY_EXIT,3360,GRN,508.0,0.15119047619047618,False
TAS,193,Braddon,OTH,6,1,ALP>LNP>GRN>ON>IND,1,0,3360,42109,Stephen John Kenney,OTH_CYA,RIGHT,3360,1.0,1.0,OTH_CYA:3360,RIGHT:3360,OBSERVED_LAST_SURVIVOR_EXIT,LAST_SURVIVOR_TALLY_AT_CATEGORY_EXIT,3360,IND,637.0,0.18958333333333333,False
TAS,193,Braddon,OTH,6,1,ALP>LNP>GRN>ON>IND,1,0,3360,42109,Stephen John Kenney,OTH_CYA,RIGHT,3360,1.0,1.0,OTH_CYA:3360,RIGHT:3360,OBSERVED_LAST_SURVIVOR_EXIT,LAST_SURVIVOR_TALLY_AT_CATEGORY_EXIT,3360,LNP,500.0,0.1488095238095238,False
TAS,193,Braddon,OTH,6,1,ALP>LNP>GRN>ON>IND,1,0,3360,42109,Stephen John Kenney,OTH_CYA,RIGHT,3360,1.0,1.0,OTH_CYA:3360,RIGHT:3360,OBSERVED_LAST_SURVIVOR_EXIT,LAST_SURVIVOR_TALLY_AT_CATEGORY_EXIT,3360,ON,1355.0,0.40327380952380953,False
TAS,193,Braddon,OTH,6,1,ALP>LNP>GRN>ON>IND,1,0,3360,42109,Stephen John Kenney,OTH_CYA,RIGHT,3360,1.0,1.0,OTH_CYA:3360,RIGHT:3360,PROPORTIONAL_PRIMARY_ORIGIN_PASS_THROUGH,ALL_CATEGORY_PRIMARY_VOTES_TRACED_PROPORTIONALLY,3360,ALP,360.0,0.10714285714285714,True
TAS,193,Braddon,OTH,6,1,ALP>LNP>GRN>ON>IND,1,0,3360,42109,Stephen John Kenney,OTH_CYA,RIGHT,3360,1.0,1.0,OTH_CYA:3360,RIGHT:3360,PROPORTIONAL_PRIMARY_ORIGIN_PASS_THROUGH,ALL_CATEGORY_PRIMARY_VOTES_TRACED_PROPORTIONALLY,3360,GRN,507.99999999999994,0.15119047619047618,True
TAS,193,Braddon,OTH,6,1,ALP>LNP>GRN>ON>IND,1,0,3360,42109,Stephen John Kenney,OTH_CYA,RIGHT,3360,1.0,1.0,OTH_CYA:3360,RIGHT:3360,PROPORTIONAL_PRIMARY_ORIGIN_PASS_THROUGH,ALL_CATEGORY_PRIMARY_VOTES_TRACED_PROPORTIONALLY,3360,IND,637.0,0.18958333333333333,True
TAS,193,Braddon,OTH,6,1,ALP>LNP>GRN>ON>IND,1,0,3360,42109,Stephen John Kenney,OTH_CYA,RIGHT,3360,1.0,1.0,OTH_CYA:3360,RIGHT:3360,PROPORTIONAL_PRIMARY_ORIGIN_PASS_THROUGH,ALL_CATEGORY_PRIMARY_VOTES_TRACED_PROPORTIONALLY,3360,LNP,500.0,0.1488095238095238,True
TAS,193,Braddon,OTH,6,1,ALP>LNP>GRN>ON>IND,1,0,3360,42109,Stephen John Kenney,OTH_CYA,RIGHT,3360,1.0,1.0,OTH_CYA:3360,RIGHT:3360,PROPORTIONAL_PRIMARY_ORIGIN_PASS_THROUGH,ALL_CATEGORY_PRIMARY_VOTES_TRACED_PROPORTIONALLY,3360,ON,1355.0,0.40327380952380953,True
TAS,319,Clark,LNP,3,3,ALP>IND,1,0,9239,40766,Marilena Di Florio,LIB,,9239,1.0,1.0,LIB:9239,UNSPECIFIED:9239,OBSERVED_LAST_SURVIVOR_EXIT,LAST_SURVIVOR_TALLY_AT_CATEGORY_EXIT,10640,ALP,3622.0,0.34041353383458645,False
TAS,319,Clark,LNP,3,3,ALP>IND,1,0,9239,40766,Marilena Di Florio,LIB,,9239,1.0,1.0,LIB:9239,UNSPECIFIED:9239,OBSERVED_LAST_SURVIVOR_EXIT,LAST_SURVIVOR_TALLY_AT_CATEGORY_EXIT,10640,IND,7018.0,0.6595864661654135,False
TAS,319,Clark,LNP,3,3,ALP>IND,1,0,9239,40766,Marilena Di Florio,LIB,,9239,1.0,1.0,LIB:9239,UNSPECIFIED:9239,PROPORTIONAL_PRIMARY_ORIGIN_PASS_THROUGH,ALL_CATEGORY_PRIMARY_VOTES_TRACED_PROPORTIONALLY,9239,ALP,3145.080639097744,0.34041353383458645,True
TAS,319,Clark,LNP,3,3,ALP>IND,1,0,9239,40766,Marilena Di Florio,LIB,,9239,1.0,1.0,LIB:9239,UNSPECIFIED:9239,PROPORTIONAL_PRIMARY_ORIGIN_PASS_THROUGH,ALL_CATEGORY_PRIMARY_VOTES_TRACED_PROPORTIONALLY,9239,IND,6093.919360902255,0.6595864661654135,True
TAS,319,Clark,GRN,4,2,ALP>LNP>IND,1,0,8908,41157,Janet Shelley,GRN,,8908,1.0,1.0,GRN:8908,UNSPECIFIED:8908,OBSERVED_LAST_SURVIVOR_EXIT,LAST_SURVIVOR_TALLY_AT_CATEGORY_EXIT,9074,ALP,2371.0,0.2612960105796782,False
TAS,319,Clark,GRN,4,2,ALP>LNP>IND,1,0,8908,41157,Janet Shelley,GRN,,8908,1.0,1.0,GRN:8908,UNSPECIFIED:8908,OBSERVED_LAST_SURVIVOR_EXIT,LAST_SURVIVOR_TALLY_AT_CATEGORY_EXIT,9074,IND,6397.0,0.7049812651531849,False
TAS,319,Clark,GRN,4,2,ALP>LNP>IND,1,0,8908,41157,Janet Shelley,GRN,,8908,1.0,1.0,GRN:8908,UNSPECIFIED:8908,OBSERVED_LAST_SURVIVOR_EXIT,LAST_SURVIVOR_TALLY_AT_CATEGORY_EXIT,9074,LNP,306.0,0.03372272426713688,False
TAS,319,Clark,GRN,4,2,ALP>LNP>IND,1,0,8908,41157,Janet Shelley,GRN,,8908,1.0,1.0,GRN:8908,UNSPECIFIED:8908,PROPORTIONAL_PRIMARY_ORIGIN_PASS_THROUGH,ALL_CATEGORY_PRIMARY_VOTES_TRACED_PROPORTIONALLY,8908,ALP,2327.6248622437734,0.2612960105796782,True
TAS,319,Clark,GRN,4,2,ALP>LNP>IND,1,0,8908,41157,Janet Shelley,GRN,,8908,1.0,1.0,GRN:8908,UNSPECIFIED:8908,PROPORTIONAL_PRIMARY_ORIGIN_PASS_THROUGH,ALL_CATEGORY_PRIMARY_VOTES_TRACED_PROPORTIONALLY,8908,IND,6279.973109984571,0.7049812651531849,True
TAS,319,Clark,GRN,4,2,ALP>LNP>IND,1,0,8908,41157,Janet Shelley,GRN,,8908,1.0,1.0,GRN:8908,UNSPECIFIED:8908,PROPORTIONAL_PRIMARY_ORIGIN_PASS_THROUGH,ALL_CATEGORY_PRIMARY_VOTES_TRACED_PROPORTIONALLY,8908,LNP,300.4020277716553,0.03372272426713688,True
TAS,319,Clark,ON,5,1,ALP>LNP>GRN>IND,1,0,2834,42055,Cathy Griggs,ON,,2834,1.0,1.0,ON:2834,UNSPECIFIED:2834,OBSERVED_LAST_SURVIVOR_EXIT,LAST_SURVIVOR_TALLY_AT_CATEGORY_EXIT,2834,ALP,468.0,0.1651376146788991,False
TAS,319,Clark,ON,5,1,ALP>LNP>GRN>IND,1,0,2834,42055,Cathy Griggs,ON,,2834,1.0,1.0,ON:2834,UNSPECIFIED:2834,OBSERVED_LAST_SURVIVOR_EXIT,LAST_SURVIVOR_TALLY_AT_CATEGORY_EXIT,2834,GRN,166.0,0.05857445306986592,False
TAS,319,Clark,ON,5,1,ALP>LNP>GRN>IND,1,0,2834,42055,Cathy Griggs,ON,,2834,1.0,1.0,ON:2834,UNSPECIFIED:2834,OBSERVED_LAST_SURVIVOR_EXIT,LAST_SURVIVOR_TALLY_AT_CATEGORY_EXIT,2834,IND,1105.0,0.38990825688073394,False
TAS,319,Clark,ON,5,1,ALP>LNP>GRN>IND,1,0,2834,42055,Cathy Griggs,ON,,2834,1.0,1.0,ON:2834,UNSPECIFIED:2834,OBSERVED_LAST_SURVIVOR_EXIT,LAST_SURVIVOR_TALLY_AT_CATEGORY_EXIT,2834,LNP,1095.0,0.38637967537050105,False
TAS,319,Clark,ON,5,1,ALP>LNP>GRN>IND,1,0,2834,42055,Cathy Griggs,ON,,2834,1.0,1.0,ON:2834,UNSPECIFIED:2834,PROPORTIONAL_PRIMARY_ORIGIN_PASS_THROUGH,ALL_CATEGORY_PRIMARY_VOTES_TRACED_PROPORTIONALLY,2834,ALP,468.0,0.1651376146788991,True
TAS,319,Clark,ON,5,1,ALP>LNP>GRN>IND,1,0,2834,42055,Cathy Griggs,ON,,2834,1.0,1.0,ON:2834,UNSPECIFIED:2834,PROPORTIONAL_PRIMARY_ORIGIN_PASS_THROUGH,ALL_CATEGORY_PRIMARY_VOTES_TRACED_PROPORTIONALLY,2834,GRN,166.0,0.05857445306986592,True
TAS,319,Clark,ON,5,1,ALP>LNP>GRN>IND,1,0,2834,42055,Cathy Griggs,ON,,2834,1.0,1.0,ON:2834,UNSPECIFIED:2834,PROPORTIONAL_PRIMARY_ORIGIN_PASS_THROUGH,ALL_CATEGORY_PRIMARY_VOTES_TRACED_PROPORTIONALLY,2834,IND,1105.0,0.38990825688073394,True
TAS,319,Clark,ON,5,1,ALP>LNP>GRN>IND,1,0,2834,42055,Cathy Griggs,ON,,2834,1.0,1.0,ON:2834,UNSPECIFIED:2834,PROPORTIONAL_PRIMARY_ORIGIN_PASS_THROUGH,ALL_CATEGORY_PRIMARY_VOTES_TRACED_PROPORTIONALLY,2834,LNP,1095.0,0.38637967537050105,True
TAS,195,Franklin,LNP,3,4,ALP>IND,1,0,14403,40776,Josh Garvin,LIB,,14403,1.0,1.0,LIB:14403,UNSPECIFIED:14403,OBSERVED_LAST_SURVIVOR_EXIT,LAST_SURVIVOR_TALLY_AT_CATEGORY_EXIT,17810,ALP,9091.0,0.5104435710275126,False
TAS,195,Franklin,LNP,3,4,ALP>IND,1,0,14403,40776,Josh Garvin,LIB,,14403,1.0,1.0,LIB:14403,UNSPECIFIED:14403,OBSERVED_LAST_SURVIVOR_EXIT,LAST_SURVIVOR_TALLY_AT_CATEGORY_EXIT,17810,IND,8719.0,0.48955642897248736,False
TAS,195,Franklin,LNP,3,4,ALP>IND,1,0,14403,40776,Josh Garvin,LIB,,14403,1.0,1.0,LIB:14403,UNSPECIFIED:14403,PROPORTIONAL_PRIMARY_ORIGIN_PASS_THROUGH,ALL_CATEGORY_PRIMARY_VOTES_TRACED_PROPORTIONALLY,14403,ALP,7351.918753509264,0.5104435710275126,True
TAS,195,Franklin,LNP,3,4,ALP>IND,1,0,14403,40776,Josh Garvin,LIB,,14403,1.0,1.0,LIB:14403,UNSPECIFIED:14403,PROPORTIONAL_PRIMARY_ORIGIN_PASS_THROUGH,ALL_CATEGORY_PRIMARY_VOTES_TRACED_PROPORTIONALLY,14403,IND,7051.081246490736,0.4895564289724874,True
TAS,195,Franklin,GRN,4,3,ALP>LNP>IND,1,0,8016,41159,Owen Fitzgerald,GRN,,8016,1.0,1.0,GRN:8016,UNSPECIFIED:8016,OBSERVED_LAST_SURVIVOR_EXIT,LAST_SURVIVOR_TALLY_AT_CATEGORY_EXIT,8422,ALP,3731.0,0.4430064117786749,False
TAS,195,Franklin,GRN,4,3,ALP>LNP>IND,1,0,8016,41159,Owen Fitzgerald,GRN,,8016,1.0,1.0,GRN:8016,UNSPECIFIED:8016,OBSERVED_LAST_SURVIVOR_EXIT,LAST_SURVIVOR_TALLY_AT_CATEGORY_EXIT,8422,IND,4356.0,0.5172168131085253,False
TAS,195,Franklin,GRN,4,3,ALP>LNP>IND,1,0,8016,41159,Owen Fitzgerald,GRN,,8016,1.0,1.0,GRN:8016,UNSPECIFIED:8016,OBSERVED_LAST_SURVIVOR_EXIT,LAST_SURVIVOR_TALLY_AT_CATEGORY_EXIT,8422,LNP,335.0,0.03977677511279981,False
TAS,195,Franklin,GRN,4,3,ALP>LNP>IND,1,0,8016,41159,Owen Fitzgerald,GRN,,8016,1.0,1.0,GRN:8016,UNSPECIFIED:8016,PROPORTIONAL_PRIMARY_ORIGIN_PASS_THROUGH,ALL_CATEGORY_PRIMARY_VOTES_TRACED_PROPORTIONALLY,8016,ALP,3551.139396817858,0.4430064117786749,True
TAS,195,Franklin,GRN,4,3,ALP>LNP>IND,1,0,8016,41159,Owen Fitzgerald,GRN,,8016,1.0,1.0,GRN:8016,UNSPECIFIED:8016,PROPORTIONAL_PRIMARY_ORIGIN_PASS_THROUGH,ALL_CATEGORY_PRIMARY_VOTES_TRACED_PROPORTIONALLY,8016,IND,4146.009973877939,0.5172168131085253,True
TAS,195,Franklin,GRN,4,3,ALP>LNP>IND,1,0,8016,41159,Owen Fitzgerald,GRN,,8016,1.0,1.0,GRN:8016,UNSPECIFIED:8016,PROPORTIONAL_PRIMARY_ORIGIN_PASS_THROUGH,ALL_CATEGORY_PRIMARY_VOTES_TRACED_PROPORTIONALLY,8016,LNP,318.85062930420327,0.03977677511279981,True
TAS,195,Franklin,OTH,5,2,ALP>LNP>GRN>IND,1,0,3822,40733,Brendan Blomeley,IND_MINOR,CENTRE,3822,1.0,1.0,IND_MINOR:3822,CENTRE:3822,OBSERVED_LAST_SURVIVOR_EXIT,LAST_SURVIVOR_TALLY_AT_CATEGORY_EXIT,4814,ALP,1049.0,0.21790610718737016,False
TAS,195,Franklin,OTH,5,2,ALP>LNP>GRN>IND,1,0,3822,40733,Brendan Blomeley,IND_MINOR,CENTRE,3822,1.0,1.0,IND_MINOR:3822,CENTRE:3822,OBSERVED_LAST_SURVIVOR_EXIT,LAST_SURVIVOR_TALLY_AT_CATEGORY_EXIT,4814,GRN,187.0,0.038845035313668466,False
TAS,195,Franklin,OTH,5,2,ALP>LNP>GRN>IND,1,0,3822,40733,Brendan Blomeley,IND_MINOR,CENTRE,3822,1.0,1.0,IND_MINOR:3822,CENTRE:3822,OBSERVED_LAST_SURVIVOR_EXIT,LAST_SURVIVOR_TALLY_AT_CATEGORY_EXIT,4814,IND,1939.0,0.4027835479850436,False
TAS,195,Franklin,OTH,5,2,ALP>LNP>GRN>IND,1,0,3822,40733,Brendan Blomeley,IND_MINOR,CENTRE,3822,1.0,1.0,IND_MINOR:3822,CENTRE:3822,OBSERVED_LAST_SURVIVOR_EXIT,LAST_SURVIVOR_TALLY_AT_CATEGORY_EXIT,4814,LNP,1639.0,0.34046530951391774,False
TAS,195,Franklin,OTH,5,2,ALP>LNP>GRN>IND,1,0,3822,40733,Brendan Blomeley,IND_MINOR,CENTRE,3822,1.0,1.0,IND_MINOR:3822,CENTRE:3822,PROPORTIONAL_PRIMARY_ORIGIN_PASS_THROUGH,ALL_CATEGORY_PRIMARY_VOTES_TRACED_PROPORTIONALLY,3822,ALP,832.8371416701287,0.21790610718737016,True
TAS,195,Franklin,OTH,5,2,ALP>LNP>GRN>IND,1,0,3822,40733,Brendan Blomeley,IND_MINOR,CENTRE,3822,1.0,1.0,IND_MINOR:3822,CENTRE:3822,PROPORTIONAL_PRIMARY_ORIGIN_PASS_THROUGH,ALL_CATEGORY_PRIMARY_VOTES_TRACED_PROPORTIONALLY,3822,GRN,148.46572496884087,0.038845035313668466,True
TAS,195,Franklin,OTH,5,2,ALP>LNP>GRN>IND,1,0,3822,40733,Brendan Blomeley,IND_MINOR,CENTRE,3822,1.0,1.0,IND_MINOR:3822,CENTRE:3822,PROPORTIONAL_PRIMARY_ORIGIN_PASS_THROUGH,ALL_CATEGORY_PRIMARY_VOTES_TRACED_PROPORTIONALLY,3822,IND,1539.4387203988367,0.4027835479850436,True
TAS,195,Franklin,OTH,5,2,ALP>LNP>GRN>IND,1,0,3822,40733,Brendan Blomeley,IND_MINOR,CENTRE,3822,1.0,1.0,IND_MINOR:3822,CENTRE:3822,PROPORTIONAL_PRIMARY_ORIGIN_PASS_THROUGH,ALL_CATEGORY_PRIMARY_VOTES_TRACED_PROPORTIONALLY,3822,LNP,1301.2584129621937,0.34046530951391774,True
TAS,195,Franklin,ON,6,1,ALP>LNP>GRN>IND>OTH,1,0,3793,42053,Stefan Popescu,ON,,3793,1.0,1.0,ON:3793,UNSPECIFIED:3793,OBSERVED_LAST_SURVIVOR_EXIT,LAST_SURVIVOR_TALLY_AT_CATEGORY_EXIT,3793,ALP,466.0,0.12285789612443976,False
TAS,195,Franklin,ON,6,1,ALP>LNP>GRN>IND>OTH,1,0,3793,42053,Stefan Popescu,ON,,3793,1.0,1.0,ON:3793,UNSPECIFIED:3793,OBSERVED_LAST_SURVIVOR_EXIT,LAST_SURVIVOR_TALLY_AT_CATEGORY_EXIT,3793,GRN,219.0,0.057737938307408386,False
TAS,195,Franklin,ON,6,1,ALP>LNP>GRN>IND>OTH,1,0,3793,42053,Stefan Popescu,ON,,3793,1.0,1.0,ON:3793,UNSPECIFIED:3793,OBSERVED_LAST_SURVIVOR_EXIT,LAST_SURVIVOR_TALLY_AT_CATEGORY_EXIT,3793,IND,683.0,0.18006854732401792,False
TAS,195,Franklin,ON,6,1,ALP>LNP>GRN>IND>OTH,1,0,3793,42053,Stefan Popescu,ON,,3793,1.0,1.0,ON:3793,UNSPECIFIED:3793,OBSERVED_LAST_SURVIVOR_EXIT,LAST_SURVIVOR_TALLY_AT_CATEGORY_EXIT,3793,LNP,1433.0,0.377801212760348,False
TAS,195,Franklin,ON,6,1,ALP>LNP>GRN>IND>OTH,1,0,3793,42053,Stefan Popescu,ON,,3793,1.0,1.0,ON:3793,UNSPECIFIED:3793,OBSERVED_LAST_SURVIVOR_EXIT,LAST_SURVIVOR_TALLY_AT_CATEGORY_EXIT,3793,OTH,992.0,0.2615344054837859,False
TAS,195,Franklin,ON,6,1,ALP>LNP>GRN>IND>OTH,1,0,3793,42053,Stefan Popescu,ON,,3793,1.0,1.0,ON:3793,UNSPECIFIED:3793,PROPORTIONAL_PRIMARY_ORIGIN_PASS_THROUGH,ALL_CATEGORY_PRIMARY_VOTES_TRACED_PROPORTIONALLY,3793,ALP,466.0,0.12285789612443976,True
TAS,195,Franklin,ON,6,1,ALP>LNP>GRN>IND>OTH,1,0,3793,42053,Stefan Popescu,ON,,3793,1.0,1.0,ON:3793,UNSPECIFIED:3793,PROPORTIONAL_PRIMARY_ORIGIN_PASS_THROUGH,ALL_CATEGORY_PRIMARY_VOTES_TRACED_PROPORTIONALLY,3793,GRN,219.0,0.057737938307408386,True
TAS,195,Franklin,ON,6,1,ALP>LNP>GRN>IND>OTH,1,0,3793,42053,Stefan Popescu,ON,,3793,1.0,1.0,ON:3793,UNSPECIFIED:3793,PROPORTIONAL_PRIMARY_ORIGIN_PASS_THROUGH,ALL_CATEGORY_PRIMARY_VOTES_TRACED_PROPORTIONALLY,3793,IND,683.0,0.18006854732401792,True
TAS,195,Franklin,ON,6,1,ALP>LNP>GRN>IND>OTH,1,0,3793,42053,Stefan Popescu,ON,,3793,1.0,1.0,ON:3793,UNSPECIFIED:3793,PROPORTIONAL_PRIMARY_ORIGIN_PASS_THROUGH,ALL_CATEGORY_PRIMARY_VOTES_TRACED_PROPORTIONALLY,3793,LNP,1433.0,0.377801212760348,True
TAS,195,Franklin,ON,6,1,ALP>LNP>GRN>IND>OTH,1,0,3793,42053,Stefan Popescu,ON,,3793,1.0,1.0,ON:3793,UNSPECIFIED:3793,PROPORTIONAL_PRIMARY_ORIGIN_PASS_THROUGH,ALL_CATEGORY_PRIMARY_VOTES_TRACED_PROPORTIONALLY,3793,OTH,992.0,0.2615344054837859,True
TAS,196,Lyons,GRN,3,6,ALP>LNP,1,0,8362,41158,Alistair Allan,GRN,,8362,1.0,1.0,GRN:8362,UNSPECIFIED:8362,OBSERVED_LAST_SURVIVOR_EXIT,LAST_SURVIVOR_TALLY_AT_CATEGORY_EXIT,11971,ALP,9194.0,0.7680227215771448,False
TAS,196,Lyons,GRN,3,6,ALP>LNP,1,0,8362,41158,Alistair Allan,GRN,,8362,1.0,1.0,GRN:8362,UNSPECIFIED:8362,OBSERVED_LAST_SURVIVOR_EXIT,LAST_SURVIVOR_TALLY_AT_CATEGORY_EXIT,11971,LNP,2777.0,0.23197727842285523,False
TAS,196,Lyons,GRN,3,6,ALP>LNP,1,0,8362,41158,Alistair Allan,GRN,,8362,1.0,1.0,GRN:8362,UNSPECIFIED:8362,PROPORTIONAL_PRIMARY_ORIGIN_PASS_THROUGH,ALL_CATEGORY_PRIMARY_VOTES_TRACED_PROPORTIONALLY,8362,ALP,6422.205997828085,0.7680227215771448,True
TAS,196,Lyons,GRN,3,6,ALP>LNP,1,0,8362,41158,Alistair Allan,GRN,,8362,1.0,1.0,GRN:8362,UNSPECIFIED:8362,PROPORTIONAL_PRIMARY_ORIGIN_PASS_THROUGH,ALL_CATEGORY_PRIMARY_VOTES_TRACED_PROPORTIONALLY,8362,LNP,1939.7940021719155,0.23197727842285523,True
TAS,196,Lyons,ON,4,5,ALP>LNP>GRN,1,0,5165,42058,Shaun Broadby,ON,,5165,1.0,1.0,ON:5165,UNSPECIFIED:5165,OBSERVED_LAST_SURVIVOR_EXIT,LAST_SURVIVOR_TALLY_AT_CATEGORY_EXIT,8822,ALP,2499.0,0.2832690999773294,False
TAS,196,Lyons,ON,4,5,ALP>LNP>GRN,1,0,5165,42058,Shaun Broadby,ON,,5165,1.0,1.0,ON:5165,UNSPECIFIED:5165,OBSERVED_LAST_SURVIVOR_EXIT,LAST_SURVIVOR_TALLY_AT_CATEGORY_EXIT,8822,GRN,1691.0,0.19167989118113807,False
TAS,196,Lyons,ON,4,5,ALP>LNP>GRN,1,0,5165,42058,Shaun Broadby,ON,,5165,1.0,1.0,ON:5165,UNSPECIFIED:5165,OBSERVED_LAST_SURVIVOR_EXIT,LAST_SURVIVOR_TALLY_AT_CATEGORY_EXIT,8822,LNP,4632.0,0.5250510088415326,False
TAS,196,Lyons,ON,4,5,ALP>LNP>GRN,1,0,5165,42058,Shaun Broadby,ON,,5165,1.0,1.0,ON:5165,UNSPECIFIED:5165,PROPORTIONAL_PRIMARY_ORIGIN_PASS_THROUGH,ALL_CATEGORY_PRIMARY_VOTES_TRACED_PROPORTIONALLY,5165,ALP,1463.0849013829063,0.2832690999773294,True
TAS,196,Lyons,ON,4,5,ALP>LNP>GRN,1,0,5165,42058,Shaun Broadby,ON,,5165,1.0,1.0,ON:5165,UNSPECIFIED:5165,PROPORTIONAL_PRIMARY_ORIGIN_PASS_THROUGH,ALL_CATEGORY_PRIMARY_VOTES_TRACED_PROPORTIONALLY,5165,GRN,990.0266379505781,0.19167989118113807,True
TAS,196,Lyons,ON,4,5,ALP>LNP>GRN,1,0,5165,42058,Shaun Broadby,ON,,5165,1.0,1.0,ON:5165,UNSPECIFIED:5165,PROPORTIONAL_PRIMARY_ORIGIN_PASS_THROUGH,ALL_CATEGORY_PRIMARY_VOTES_TRACED_PROPORTIONALLY,5165,LNP,2711.8884606665156,0.5250510088415326,True
TAS,196,Lyons,OTH,5,4,ALP>LNP>GRN>ON,4,3,10070,41838,Carlo Di Falco,OTH_ASP,CENTRE_RIGHT,3457,0.3432969215491559,0.3432969215491559,OTH_CYA:3628|OTH_ASP:3457|IND_MINOR:2462|OTH_CEC:523,RIGHT:3628|CENTRE_RIGHT:3457|CENTRE_LEFT:2462|CENTRE:523,OBSERVED_LAST_SURVIVOR_EXIT,LAST_SURVIVOR_TALLY_AT_CATEGORY_EXIT,4657,ALP,1419.0,0.3047025982392098,False
TAS,196,Lyons,OTH,5,4,ALP>LNP>GRN>ON,4,3,10070,41838,Carlo Di Falco,OTH_ASP,CENTRE_RIGHT,3457,0.3432969215491559,0.3432969215491559,OTH_CYA:3628|OTH_ASP:3457|IND_MINOR:2462|OTH_CEC:523,RIGHT:3628|CENTRE_RIGHT:3457|CENTRE_LEFT:2462|CENTRE:523,OBSERVED_LAST_SURVIVOR_EXIT,LAST_SURVIVOR_TALLY_AT_CATEGORY_EXIT,4657,GRN,486.0,0.10435902941808031,False
TAS,196,Lyons,OTH,5,4,ALP>LNP>GRN>ON,4,3,10070,41838,Carlo Di Falco,OTH_ASP,CENTRE_RIGHT,3457,0.3432969215491559,0.3432969215491559,OTH_CYA:3628|OTH_ASP:3457|IND_MINOR:2462|OTH_CEC:523,RIGHT:3628|CENTRE_RIGHT:3457|CENTRE_LEFT:2462|CENTRE:523,OBSERVED_LAST_SURVIVOR_EXIT,LAST_SURVIVOR_TALLY_AT_CATEGORY_EXIT,4657,LNP,896.0,0.1923985398325102,False
TAS,196,Lyons,OTH,5,4,ALP>LNP>GRN>ON,4,3,10070,41838,Carlo Di Falco,OTH_ASP,CENTRE_RIGHT,3457,0.3432969215491559,0.3432969215491559,OTH_CYA:3628|OTH_ASP:3457|IND_MINOR:2462|OTH_CEC:523,RIGHT:3628|CENTRE_RIGHT:3457|CENTRE_LEFT:2462|CENTRE:523,OBSERVED_LAST_SURVIVOR_EXIT,LAST_SURVIVOR_TALLY_AT_CATEGORY_EXIT,4657,ON,1856.0,0.3985398325101997,False
TAS,196,Lyons,OTH,5,4,ALP>LNP>GRN>ON,4,3,10070,41838,Carlo Di Falco,OTH_ASP,CENTRE_RIGHT,3457,0.3432969215491559,0.3432969215491559,OTH_CYA:3628|OTH_ASP:3457|IND_MINOR:2462|OTH_CEC:523,RIGHT:3628|CENTRE_RIGHT:3457|CENTRE_LEFT:2462|CENTRE:523,PROPORTIONAL_PRIMARY_ORIGIN_PASS_THROUGH,ALL_CATEGORY_PRIMARY_VOTES_TRACED_PROPORTIONALLY,10070,ALP,2523.0,0.2505461767626614,True
TAS,196,Lyons,OTH,5,4,ALP>LNP>GRN>ON,4,3,10070,41838,Carlo Di Falco,OTH_ASP,CENTRE_RIGHT,3457,0.3432969215491559,0.3432969215491559,OTH_CYA:3628|OTH_ASP:3457|IND_MINOR:2462|OTH_CEC:523,RIGHT:3628|CENTRE_RIGHT:3457|CENTRE_LEFT:2462|CENTRE:523,PROPORTIONAL_PRIMARY_ORIGIN_PASS_THROUGH,ALL_CATEGORY_PRIMARY_VOTES_TRACED_PROPORTIONALLY,10070,GRN,1918.0,0.19046673286991062,True
TAS,196,Lyons,OTH,5,4,ALP>LNP>GRN>ON,4,3,10070,41838,Carlo Di Falco,OTH_ASP,CENTRE_RIGHT,3457,0.3432969215491559,0.3432969215491559,OTH_CYA:3628|OTH_ASP:3457|IND_MINOR:2462|OTH_CEC:523,RIGHT:3628|CENTRE_RIGHT:3457|CENTRE_LEFT:2462|CENTRE:523,PROPORTIONAL_PRIMARY_ORIGIN_PASS_THROUGH,ALL_CATEGORY_PRIMARY_VOTES_TRACED_PROPORTIONALLY,10070,LNP,1972.0,0.1958291956305859,True
TAS,196,Lyons,OTH,5,4,ALP>LNP>GRN>ON,4,3,10070,41838,Carlo Di Falco,OTH_ASP,CENTRE_RIGHT,3457,0.3432969215491559,0.3432969215491559,OTH_CYA:3628|OTH_ASP:3457|IND_MINOR:2462|OTH_CEC:523,RIGHT:3628|CENTRE_RIGHT:3457|CENTRE_LEFT:2462|CENTRE:523,PROPORTIONAL_PRIMARY_ORIGIN_PASS_THROUGH,ALL_CATEGORY_PRIMARY_VOTES_TRACED_PROPORTIONALLY,10070,ON,3657.0,0.3631578947368421,True
VIC,197,Aston,GRN,3,7,ALP>LNP,1,0,12669,41080,Reuben Steen,GRN,,12669,1.0,1.0,GRN:12669,UNSPECIFIED:12669,OBSERVED_LAST_SURVIVOR_EXIT,LAST_SURVIVOR_TALLY_AT_CATEGORY_EXIT,17071,ALP,14423.0,0.844883135141468,False
VIC,197,Aston,GRN,3,7,ALP>LNP,1,0,12669,41080,Reuben Steen,GRN,,12669,1.0,1.0,GRN:12669,UNSPECIFIED:12669,OBSERVED_LAST_SURVIVOR_EXIT,LAST_SURVIVOR_TALLY_AT_CATEGORY_EXIT,17071,LNP,2648.0,0.15511686485853202,False
VIC,197,Aston,GRN,3,7,ALP>LNP,1,0,12669,41080,Reuben Steen,GRN,,12669,1.0,1.0,GRN:12669,UNSPECIFIED:12669,PROPORTIONAL_PRIMARY_ORIGIN_PASS_THROUGH,ALL_CATEGORY_PRIMARY_VOTES_TRACED_PROPORTIONALLY,12669,ALP,10703.824439107257,0.8448831351414678,True
VIC,197,Aston,GRN,3,7,ALP>LNP,1,0,12669,41080,Reuben Steen,GRN,,12669,1.0,1.0,GRN:12669,UNSPECIFIED:12669,PROPORTIONAL_PRIMARY_ORIGIN_PASS_THROUGH,ALL_CATEGORY_PRIMARY_VOTES_TRACED_PROPORTIONALLY,12669,LNP,1965.1755608927422,0.15511686485853202,True
VIC,197,Aston,ON,4,6,ALP>LNP>GRN,1,0,3738,41505,John De Wacht,ON,,3738,1.0,1.0,ON:3738,UNSPECIFIED:3738,OBSERVED_LAST_SURVIVOR_EXIT,LAST_SURVIVOR_TALLY_AT_CATEGORY_EXIT,7579,ALP,1113.0,0.14685314685314685,False
VIC,197,Aston,ON,4,6,ALP>LNP>GRN,1,0,3738,41505,John De Wacht,ON,,3738,1.0,1.0,ON:3738,UNSPECIFIED:3738,OBSERVED_LAST_SURVIVOR_EXIT,LAST_SURVIVOR_TALLY_AT_CATEGORY_EXIT,7579,GRN,1844.0,0.24330386594537537,False
VIC,197,Aston,ON,4,6,ALP>LNP>GRN,1,0,3738,41505,John De Wacht,ON,,3738,1.0,1.0,ON:3738,UNSPECIFIED:3738,OBSERVED_LAST_SURVIVOR_EXIT,LAST_SURVIVOR_TALLY_AT_CATEGORY_EXIT,7579,LNP,4622.0,0.6098429872014778,False
VIC,197,Aston,ON,4,6,ALP>LNP>GRN,1,0,3738,41505,John De Wacht,ON,,3738,1.0,1.0,ON:3738,UNSPECIFIED:3738,PROPORTIONAL_PRIMARY_ORIGIN_PASS_THROUGH,ALL_CATEGORY_PRIMARY_VOTES_TRACED_PROPORTIONALLY,3738,ALP,548.9370629370629,0.14685314685314685,True
VIC,197,Aston,ON,4,6,ALP>LNP>GRN,1,0,3738,41505,John De Wacht,ON,,3738,1.0,1.0,ON:3738,UNSPECIFIED:3738,PROPORTIONAL_PRIMARY_ORIGIN_PASS_THROUGH,ALL_CATEGORY_PRIMARY_VOTES_TRACED_PROPORTIONALLY,3738,GRN,909.4698509038132,0.24330386594537537,True
VIC,197,Aston,ON,4,6,ALP>LNP>GRN,1,0,3738,41505,John De Wacht,ON,,3738,1.0,1.0,ON:3738,UNSPECIFIED:3738,PROPORTIONAL_PRIMARY_ORIGIN_PASS_THROUGH,ALL_CATEGORY_PRIMARY_VOTES_TRACED_PROPORTIONALLY,3738,LNP,2279.593086159124,0.6098429872014778,True
VIC,197,Aston,OTH,5,5,ALP>LNP>GRN>ON,5,4,11134,42063,Mark Grondman,IND_MINOR,LEFT,2439,0.21905873899766481,0.21905873899766481,IND_MINOR:4543|OTH_FFPA:3006|OTH_CYA:2526|OTH_LTP:1059,RIGHT:6591|LEFT:2439|CENTRE_LEFT:2104,OBSERVED_LAST_SURVIVOR_EXIT,LAST_SURVIVOR_TALLY_AT_CATEGORY_EXIT,4688,ALP,1141.0,0.24338737201365188,False
VIC,197,Aston,OTH,5,5,ALP>LNP>GRN>ON,5,4,11134,42063,Mark Grondman,IND_MINOR,LEFT,2439,0.21905873899766481,0.21905873899766481,IND_MINOR:4543|OTH_FFPA:3006|OTH_CYA:2526|OTH_LTP:1059,RIGHT:6591|LEFT:2439|CENTRE_LEFT:2104,OBSERVED_LAST_SURVIVOR_EXIT,LAST_SURVIVOR_TALLY_AT_CATEGORY_EXIT,4688,GRN,1886.0,0.4023037542662116,False
VIC,197,Aston,OTH,5,5,ALP>LNP>GRN>ON,5,4,11134,42063,Mark Grondman,IND_MINOR,LEFT,2439,0.21905873899766481,0.21905873899766481,IND_MINOR:4543|OTH_FFPA:3006|OTH_CYA:2526|OTH_LTP:1059,RIGHT:6591|LEFT:2439|CENTRE_LEFT:2104,OBSERVED_LAST_SURVIVOR_EXIT,LAST_SURVIVOR_TALLY_AT_CATEGORY_EXIT,4688,LNP,631.0,0.134598976109215,False
VIC,197,Aston,OTH,5,5,ALP>LNP>GRN>ON,5,4,11134,42063,Mark Grondman,IND_MINOR,LEFT,2439,0.21905873899766481,0.21905873899766481,IND_MINOR:4543|OTH_FFPA:3006|OTH_CYA:2526|OTH_LTP:1059,RIGHT:6591|LEFT:2439|CENTRE_LEFT:2104,OBSERVED_LAST_SURVIVOR_EXIT,LAST_SURVIVOR_TALLY_AT_CATEGORY_EXIT,4688,ON,1030.0,0.2197098976109215,False
VIC,197,Aston,OTH,5,5,ALP>LNP>GRN>ON,5,4,11134,42063,Mark Grondman,IND_MINOR,LEFT,2439,0.21905873899766481,0.21905873899766481,IND_MINOR:4543|OTH_FFPA:3006|OTH_CYA:2526|OTH_LTP:1059,RIGHT:6591|LEFT:2439|CENTRE_LEFT:2104,PROPORTIONAL_PRIMARY_ORIGIN_PASS_THROUGH,ALL_CATEGORY_PRIMARY_VOTES_TRACED_PROPORTIONALLY,11134,ALP,2228.0,0.20010777797736662,True
VIC,197,Aston,OTH,5,5,ALP>LNP>GRN>ON,5,4,11134,42063,Mark Grondman,IND_MINOR,LEFT,2439,0.21905873899766481,0.21905873899766481,IND_MINOR:4543|OTH_FFPA:3006|OTH_CYA:2526|OTH_LTP:1059,RIGHT:6591|LEFT:2439|CENTRE_LEFT:2104,PROPORTIONAL_PRIMARY_ORIGIN_PASS_THROUGH,ALL_CATEGORY_PRIMARY_VOTES_TRACED_PROPORTIONALLY,11134,GRN,2558.0,0.22974672175318844,True
VIC,197,Aston,OTH,5,5,ALP>LNP>GRN>ON,5,4,11134,42063,Mark Grondman,IND_MINOR,LEFT,2439,0.21905873899766481,0.21905873899766481,IND_MINOR:4543|OTH_FFPA:3006|OTH_CYA:2526|OTH_LTP:1059,RIGHT:6591|LEFT:2439|CENTRE_LEFT:2104,PROPORTIONAL_PRIMARY_ORIGIN_PASS_THROUGH,ALL_CATEGORY_PRIMARY_VOTES_TRACED_PROPORTIONALLY,11134,LNP,2507.0,0.22516615771510687,True
VIC,197,Aston,OTH,5,5,ALP>LNP>GRN>ON,5,4,11134,42063,Mark Grondman,IND_MINOR,LEFT,2439,0.21905873899766481,0.21905873899766481,IND_MINOR:4543|OTH_FFPA:3006|OTH_CYA:2526|OTH_LTP:1059,RIGHT:6591|LEFT:2439|CENTRE_LEFT:2104,PROPORTIONAL_PRIMARY_ORIGIN_PASS_THROUGH,ALL_CATEGORY_PRIMARY_VOTES_TRACED_PROPORTIONALLY,11134,ON,3841.0,0.34497934255433804,True
VIC,198,Ballarat,GRN,3,5,ALP>LNP,1,0,14984,41081,John Barnes,GRN,,14984,1.0,1.0,GRN:14984,UNSPECIFIED:14984,OBSERVED_LAST_SURVIVOR_EXIT,LAST_SURVIVOR_TALLY_AT_CATEGORY_EXIT,18017,ALP,15209.0,0.8441471943164789,False
VIC,198,Ballarat,GRN,3,5,ALP>LNP,1,0,14984,41081,John Barnes,GRN,,14984,1.0,1.0,GRN:14984,UNSPECIFIED:14984,OBSERVED_LAST_SURVIVOR_EXIT,LAST_SURVIVOR_TALLY_AT_CATEGORY_EXIT,18017,LNP,2808.0,0.1558528056835211,False
VIC,198,Ballarat,GRN,3,5,ALP>LNP,1,0,14984,41081,John Barnes,GRN,,14984,1.0,1.0,GRN:14984,UNSPECIFIED:14984,PROPORTIONAL_PRIMARY_ORIGIN_PASS_THROUGH,ALL_CATEGORY_PRIMARY_VOTES_TRACED_PROPORTIONALLY,14984,ALP,12648.701559638119,0.8441471943164789,True
VIC,198,Ballarat,GRN,3,5,ALP>LNP,1,0,14984,41081,John Barnes,GRN,,14984,1.0,1.0,GRN:14984,UNSPECIFIED:14984,PROPORTIONAL_PRIMARY_ORIGIN_PASS_THROUGH,ALL_CATEGORY_PRIMARY_VOTES_TRACED_PROPORTIONALLY,14984,LNP,2335.2984403618802,0.1558528056835211,True
VIC,198,Ballarat,ON,4,4,ALP>LNP>GRN,1,0,8029,41508,Terri Pryse-Smith,ON,,8029,1.0,1.0,ON:8029,UNSPECIFIED:8029,OBSERVED_LAST_SURVIVOR_EXIT,LAST_SURVIVOR_TALLY_AT_CATEGORY_EXIT,10772,ALP,2313.0,0.21472335685109542,False
VIC,198,Ballarat,ON,4,4,ALP>LNP>GRN,1,0,8029,41508,Terri Pryse-Smith,ON,,8029,1.0,1.0,ON:8029,UNSPECIFIED:8029,OBSERVED_LAST_SURVIVOR_EXIT,LAST_SURVIVOR_TALLY_AT_CATEGORY_EXIT,10772,GRN,1725.0,0.16013739324173784,False
VIC,198,Ballarat,ON,4,4,ALP>LNP>GRN,1,0,8029,41508,Terri Pryse-Smith,ON,,8029,1.0,1.0,ON:8029,UNSPECIFIED:8029,OBSERVED_LAST_SURVIVOR_EXIT,LAST_SURVIVOR_TALLY_AT_CATEGORY_EXIT,10772,LNP,6734.0,0.6251392499071667,False
VIC,198,Ballarat,ON,4,4,ALP>LNP>GRN,1,0,8029,41508,Terri Pryse-Smith,ON,,8029,1.0,1.0,ON:8029,UNSPECIFIED:8029,PROPORTIONAL_PRIMARY_ORIGIN_PASS_THROUGH,ALL_CATEGORY_PRIMARY_VOTES_TRACED_PROPORTIONALLY,8029,ALP,1724.0138321574452,0.21472335685109542,True
VIC,198,Ballarat,ON,4,4,ALP>LNP>GRN,1,0,8029,41508,Terri Pryse-Smith,ON,,8029,1.0,1.0,ON:8029,UNSPECIFIED:8029,PROPORTIONAL_PRIMARY_ORIGIN_PASS_THROUGH,ALL_CATEGORY_PRIMARY_VOTES_TRACED_PROPORTIONALLY,8029,GRN,1285.743130337913,0.16013739324173784,True
VIC,198,Ballarat,ON,4,4,ALP>LNP>GRN,1,0,8029,41508,Terri Pryse-Smith,ON,,8029,1.0,1.0,ON:8029,UNSPECIFIED:8029,PROPORTIONAL_PRIMARY_ORIGIN_PASS_THROUGH,ALL_CATEGORY_PRIMARY_VOTES_TRACED_PROPORTIONALLY,8029,LNP,5019.2430375046415,0.6251392499071667,True
VIC,198,Ballarat,OTH,5,3,ALP>LNP>GRN>ON,3,2,7371,41571,Ian Maxwell Harkness,OTH_FFPA,RIGHT,3057,0.41473341473341474,0.41473341473341474,OTH_FFPA:3057|IND_MINOR:2934|OTH_LTP:1380,RIGHT:4437|CENTRE:2934,OBSERVED_LAST_SURVIVOR_EXIT,LAST_SURVIVOR_TALLY_AT_CATEGORY_EXIT,4472,ALP,901.0,0.2014758497316637,False
VIC,198,Ballarat,OTH,5,3,ALP>LNP>GRN>ON,3,2,7371,41571,Ian Maxwell Harkness,OTH_FFPA,RIGHT,3057,0.41473341473341474,0.41473341473341474,OTH_FFPA:3057|IND_MINOR:2934|OTH_LTP:1380,RIGHT:4437|CENTRE:2934,OBSERVED_LAST_SURVIVOR_EXIT,LAST_SURVIVOR_TALLY_AT_CATEGORY_EXIT,4472,GRN,669.0,0.14959749552772808,False
VIC,198,Ballarat,OTH,5,3,ALP>LNP>GRN>ON,3,2,7371,41571,Ian Maxwell Harkness,OTH_FFPA,RIGHT,3057,0.41473341473341474,0.41473341473341474,OTH_FFPA:3057|IND_MINOR:2934|OTH_LTP:1380,RIGHT:4437|CENTRE:2934,OBSERVED_LAST_SURVIVOR_EXIT,LAST_SURVIVOR_TALLY_AT_CATEGORY_EXIT,4472,LNP,1129.0,0.2524597495527728,False
VIC,198,Ballarat,OTH,5,3,ALP>LNP>GRN>ON,3,2,7371,41571,Ian Maxwell Harkness,OTH_FFPA,RIGHT,3057,0.41473341473341474,0.41473341473341474,OTH_FFPA:3057|IND_MINOR:2934|OTH_LTP:1380,RIGHT:4437|CENTRE:2934,OBSERVED_LAST_SURVIVOR_EXIT,LAST_SURVIVOR_TALLY_AT_CATEGORY_EXIT,4472,ON,1773.0,0.3964669051878354,False
VIC,198,Ballarat,OTH,5,3,ALP>LNP>GRN>ON,3,2,7371,41571,Ian Maxwell Harkness,OTH_FFPA,RIGHT,3057,0.41473341473341474,0.41473341473341474,OTH_FFPA:3057|IND_MINOR:2934|OTH_LTP:1380,RIGHT:4437|CENTRE:2934,PROPORTIONAL_PRIMARY_ORIGIN_PASS_THROUGH,ALL_CATEGORY_PRIMARY_VOTES_TRACED_PROPORTIONALLY,7371,ALP,1624.0,0.22032288698955366,True
VIC,198,Ballarat,OTH,5,3,ALP>LNP>GRN>ON,3,2,7371,41571,Ian Maxwell Harkness,OTH_FFPA,RIGHT,3057,0.41473341473341474,0.41473341473341474,OTH_FFPA:3057|IND_MINOR:2934|OTH_LTP:1380,RIGHT:4437|CENTRE:2934,PROPORTIONAL_PRIMARY_ORIGIN_PASS_THROUGH,ALL_CATEGORY_PRIMARY_VOTES_TRACED_PROPORTIONALLY,7371,GRN,1308.0,0.17745217745217745,True
VIC,198,Ballarat,OTH,5,3,ALP>LNP>GRN>ON,3,2,7371,41571,Ian Maxwell Harkness,OTH_FFPA,RIGHT,3057,0.41473341473341474,0.41473341473341474,OTH_FFPA:3057|IND_MINOR:2934|OTH_LTP:1380,RIGHT:4437|CENTRE:2934,PROPORTIONAL_PRIMARY_ORIGIN_PASS_THROUGH,ALL_CATEGORY_PRIMARY_VOTES_TRACED_PROPORTIONALLY,7371,LNP,1696.0,0.23009089675756342,True
VIC,198,Ballarat,OTH,5,3,ALP>LNP>GRN>ON,3,2,7371,41571,Ian Maxwell Harkness,OTH_FFPA,RIGHT,3057,0.41473341473341474,0.41473341473341474,OTH_FFPA:3057|IND_MINOR:2934|OTH_LTP:1380,RIGHT:4437|CENTRE:2934,PROPORTIONAL_PRIMARY_ORIGIN_PASS_THROUGH,ALL_CATEGORY_PRIMARY_VOTES_TRACED_PROPORTIONALLY,7371,ON,2743.0,0.37213403880070545,True
VIC,200,Bendigo,GRN,3,8,ALP>LNP,1,0,12079,41090,Avery Barnett-Dacey,GRN,,12079,1.0,1.0,GRN:12079,UNSPECIFIED:12079,OBSERVED_LAST_SURVIVOR_EXIT,LAST_SURVIVOR_TALLY_AT_CATEGORY_EXIT,17845,ALP,14718.0,0.8247688428131129,False
VIC,200,Bendigo,GRN,3,8,ALP>LNP,1,0,12079,41090,Avery Barnett-Dacey,GRN,,12079,1.0,1.0,GRN:12079,UNSPECIFIED:12079,OBSERVED_LAST_SURVIVOR_EXIT,LAST_SURVIVOR_TALLY_AT_CATEGORY_EXIT,17845,LNP,3127.0,0.1752311571868871,False
VIC,200,Bendigo,GRN,3,8,ALP>LNP,1,0,12079,41090,Avery Barnett-Dacey,GRN,,12079,1.0,1.0,GRN:12079,UNSPECIFIED:12079,PROPORTIONAL_PRIMARY_ORIGIN_PASS_THROUGH,ALL_CATEGORY_PRIMARY_VOTES_TRACED_PROPORTIONALLY,12079,ALP,9962.382852339591,0.8247688428131129,True
VIC,200,Bendigo,GRN,3,8,ALP>LNP,1,0,12079,41090,Avery Barnett-Dacey,GRN,,12079,1.0,1.0,GRN:12079,UNSPECIFIED:12079,PROPORTIONAL_PRIMARY_ORIGIN_PASS_THROUGH,ALL_CATEGORY_PRIMARY_VOTES_TRACED_PROPORTIONALLY,12079,LNP,2116.617147660409,0.1752311571868871,True
VIC,200,Bendigo,ON,4,6,ALP>LNP>GRN,1,0,5262,41520,Heather Freeman,ON,,5262,1.0,1.0,ON:5262,UNSPECIFIED:5262,OBSERVED_LAST_SURVIVOR_EXIT,LAST_SURVIVOR_TALLY_AT_CATEGORY_EXIT,7890,ALP,1073.0,0.13599493029150825,False
VIC,200,Bendigo,ON,4,6,ALP>LNP>GRN,1,0,5262,41520,Heather Freeman,ON,,5262,1.0,1.0,ON:5262,UNSPECIFIED:5262,OBSERVED_LAST_SURVIVOR_EXIT,LAST_SURVIVOR_TALLY_AT_CATEGORY_EXIT,7890,GRN,1092.0,0.13840304182509505,False
VIC,200,Bendigo,ON,4,6,ALP>LNP>GRN,1,0,5262,41520,Heather Freeman,ON,,5262,1.0,1.0,ON:5262,UNSPECIFIED:5262,OBSERVED_LAST_SURVIVOR_EXIT,LAST_SURVIVOR_TALLY_AT_CATEGORY_EXIT,7890,LNP,5725.0,0.7256020278833967,False
VIC,200,Bendigo,ON,4,6,ALP>LNP>GRN,1,0,5262,41520,Heather Freeman,ON,,5262,1.0,1.0,ON:5262,UNSPECIFIED:5262,PROPORTIONAL_PRIMARY_ORIGIN_PASS_THROUGH,ALL_CATEGORY_PRIMARY_VOTES_TRACED_PROPORTIONALLY,5262,ALP,715.6053231939164,0.13599493029150825,True
VIC,200,Bendigo,ON,4,6,ALP>LNP>GRN,1,0,5262,41520,Heather Freeman,ON,,5262,1.0,1.0,ON:5262,UNSPECIFIED:5262,PROPORTIONAL_PRIMARY_ORIGIN_PASS_THROUGH,ALL_CATEGORY_PRIMARY_VOTES_TRACED_PROPORTIONALLY,5262,GRN,728.2768060836502,0.13840304182509505,True
VIC,200,Bendigo,ON,4,6,ALP>LNP>GRN,1,0,5262,41520,Heather Freeman,ON,,5262,1.0,1.0,ON:5262,UNSPECIFIED:5262,PROPORTIONAL_PRIMARY_ORIGIN_PASS_THROUGH,ALL_CATEGORY_PRIMARY_VOTES_TRACED_PROPORTIONALLY,5262,LNP,3818.1178707224335,0.7256020278833967,True
VIC,200,Bendigo,OTH,5,5,ALP>LNP>GRN>ON,5,4,10622,41217,Wayne Taylor,OTH_HMP,CENTRE_LEFT,3666,0.34513274336283184,0.34513274336283184,OTH_HMP:3666|OTH_FFPA:3153|OTH_VNS:1708|IND_MINOR:1121|OTH_LTP:974,RIGHT:4127|CENTRE_LEFT:3666|LEFT:1708|CENTRE:1121,OBSERVED_LAST_SURVIVOR_EXIT,LAST_SURVIVOR_TALLY_AT_CATEGORY_EXIT,4578,ALP,1027.0,0.22433377020532985,False
VIC,200,Bendigo,OTH,5,5,ALP>LNP>GRN>ON,5,4,10622,41217,Wayne Taylor,OTH_HMP,CENTRE_LEFT,3666,0.34513274336283184,0.34513274336283184,OTH_HMP:3666|OTH_FFPA:3153|OTH_VNS:1708|IND_MINOR:1121|OTH_LTP:974,RIGHT:4127|CENTRE_LEFT:3666|LEFT:1708|CENTRE:1121,OBSERVED_LAST_SURVIVOR_EXIT,LAST_SURVIVOR_TALLY_AT_CATEGORY_EXIT,4578,GRN,1513.0,0.3304936653560507,False
VIC,200,Bendigo,OTH,5,5,ALP>LNP>GRN>ON,5,4,10622,41217,Wayne Taylor,OTH_HMP,CENTRE_LEFT,3666,0.34513274336283184,0.34513274336283184,OTH_HMP:3666|OTH_FFPA:3153|OTH_VNS:1708|IND_MINOR:1121|OTH_LTP:974,RIGHT:4127|CENTRE_LEFT:3666|LEFT:1708|CENTRE:1121,OBSERVED_LAST_SURVIVOR_EXIT,LAST_SURVIVOR_TALLY_AT_CATEGORY_EXIT,4578,LNP,1192.0,0.2603757099169943,False
VIC,200,Bendigo,OTH,5,5,ALP>LNP>GRN>ON,5,4,10622,41217,Wayne Taylor,OTH_HMP,CENTRE_LEFT,3666,0.34513274336283184,0.34513274336283184,OTH_HMP:3666|OTH_FFPA:3153|OTH_VNS:1708|IND_MINOR:1121|OTH_LTP:974,RIGHT:4127|CENTRE_LEFT:3666|LEFT:1708|CENTRE:1121,OBSERVED_LAST_SURVIVOR_EXIT,LAST_SURVIVOR_TALLY_AT_CATEGORY_EXIT,4578,ON,846.0,0.18479685452162517,False
VIC,200,Bendigo,OTH,5,5,ALP>LNP>GRN>ON,5,4,10622,41217,Wayne Taylor,OTH_HMP,CENTRE_LEFT,3666,0.34513274336283184,0.34513274336283184,OTH_HMP:3666|OTH_FFPA:3153|OTH_VNS:1708|IND_MINOR:1121|OTH_LTP:974,RIGHT:4127|CENTRE_LEFT:3666|LEFT:1708|CENTRE:1121,PROPORTIONAL_PRIMARY_ORIGIN_PASS_THROUGH,ALL_CATEGORY_PRIMARY_VOTES_TRACED_PROPORTIONALLY,10622,ALP,1782.0,0.16776501600451893,True
VIC,200,Bendigo,OTH,5,5,ALP>LNP>GRN>ON,5,4,10622,41217,Wayne Taylor,OTH_HMP,CENTRE_LEFT,3666,0.34513274336283184,0.34513274336283184,OTH_HMP:3666|OTH_FFPA:3153|OTH_VNS:1708|IND_MINOR:1121|OTH_LTP:974,RIGHT:4127|CENTRE_LEFT:3666|LEFT:1708|CENTRE:1121,PROPORTIONAL_PRIMARY_ORIGIN_PASS_THROUGH,ALL_CATEGORY_PRIMARY_VOTES_TRACED_PROPORTIONALLY,10622,GRN,3545.0,0.3337412916588213,True
VIC,200,Bendigo,OTH,5,5,ALP>LNP>GRN>ON,5,4,10622,41217,Wayne Taylor,OTH_HMP,CENTRE_LEFT,3666,0.34513274336283184,0.34513274336283184,OTH_HMP:3666|OTH_FFPA:3153|OTH_VNS:1708|IND_MINOR:1121|OTH_LTP:974,RIGHT:4127|CENTRE_LEFT:3666|LEFT:1708|CENTRE:1121,PROPORTIONAL_PRIMARY_ORIGIN_PASS_THROUGH,ALL_CATEGORY_PRIMARY_VOTES_TRACED_PROPORTIONALLY,10622,LNP,2667.0,0.2510826586330258,True
VIC,200,Bendigo,OTH,5,5,ALP>LNP>GRN>ON,5,4,10622,41217,Wayne Taylor,OTH_HMP,CENTRE_LEFT,3666,0.34513274336283184,0.34513274336283184,OTH_HMP:3666|OTH_FFPA:3153|OTH_VNS:1708|IND_MINOR:1121|OTH_LTP:974,RIGHT:4127|CENTRE_LEFT:3666|LEFT:1708|CENTRE:1121,PROPORTIONAL_PRIMARY_ORIGIN_PASS_THROUGH,ALL_CATEGORY_PRIMARY_VOTES_TRACED_PROPORTIONALLY,10622,ON,2628.0,0.24741103370363396,True
VIC,201,Bruce,GRN,3,6,ALP>LNP,1,0,13213,41085,Rhonda Garad,GRN,,13213,1.0,1.0,GRN:13213,UNSPECIFIED:13213,OBSERVED_LAST_SURVIVOR_EXIT,LAST_SURVIVOR_TALLY_AT_CATEGORY_EXIT,18888,ALP,15869.0,0.8401630664972469,False
VIC,201,Bruce,GRN,3,6,ALP>LNP,1,0,13213,41085,Rhonda Garad,GRN,,13213,1.0,1.0,GRN:13213,UNSPECIFIED:13213,OBSERVED_LAST_SURVIVOR_EXIT,LAST_SURVIVOR_TALLY_AT_CATEGORY_EXIT,18888,LNP,3019.0,0.15983693350275308,False
VIC,201,Bruce,GRN,3,6,ALP>LNP,1,0,13213,41085,Rhonda Garad,GRN,,13213,1.0,1.0,GRN:13213,UNSPECIFIED:13213,PROPORTIONAL_PRIMARY_ORIGIN_PASS_THROUGH,ALL_CATEGORY_PRIMARY_VOTES_TRACED_PROPORTIONALLY,13213,ALP,11101.074597628123,0.8401630664972469,True
VIC,201,Bruce,GRN,3,6,ALP>LNP,1,0,13213,41085,Rhonda Garad,GRN,,13213,1.0,1.0,GRN:13213,UNSPECIFIED:13213,PROPORTIONAL_PRIMARY_ORIGIN_PASS_THROUGH,ALL_CATEGORY_PRIMARY_VOTES_TRACED_PROPORTIONALLY,13213,LNP,2111.9254023718763,0.15983693350275308,True
VIC,201,Bruce,ON,4,5,ALP>LNP>GRN,1,0,8931,41522,Bianca Colecchia,ON,,8931,1.0,1.0,ON:8931,UNSPECIFIED:8931,OBSERVED_LAST_SURVIVOR_EXIT,LAST_SURVIVOR_TALLY_AT_CATEGORY_EXIT,13989,ALP,2773.0,0.1982271784973908,False
VIC,201,Bruce,ON,4,5,ALP>LNP>GRN,1,0,8931,41522,Bianca Colecchia,ON,,8931,1.0,1.0,ON:8931,UNSPECIFIED:8931,OBSERVED_LAST_SURVIVOR_EXIT,LAST_SURVIVOR_TALLY_AT_CATEGORY_EXIT,13989,GRN,3388.0,0.24219029237257844,False
VIC,201,Bruce,ON,4,5,ALP>LNP>GRN,1,0,8931,41522,Bianca Colecchia,ON,,8931,1.0,1.0,ON:8931,UNSPECIFIED:8931,OBSERVED_LAST_SURVIVOR_EXIT,LAST_SURVIVOR_TALLY_AT_CATEGORY_EXIT,13989,LNP,7828.0,0.5595825291300307,False
VIC,201,Bruce,ON,4,5,ALP>LNP>GRN,1,0,8931,41522,Bianca Colecchia,ON,,8931,1.0,1.0,ON:8931,UNSPECIFIED:8931,PROPORTIONAL_PRIMARY_ORIGIN_PASS_THROUGH,ALL_CATEGORY_PRIMARY_VOTES_TRACED_PROPORTIONALLY,8931,ALP,1770.3669311601973,0.1982271784973908,True
VIC,201,Bruce,ON,4,5,ALP>LNP>GRN,1,0,8931,41522,Bianca Colecchia,ON,,8931,1.0,1.0,ON:8931,UNSPECIFIED:8931,PROPORTIONAL_PRIMARY_ORIGIN_PASS_THROUGH,ALL_CATEGORY_PRIMARY_VOTES_TRACED_PROPORTIONALLY,8931,GRN,2163.001501179498,0.24219029237257844,True
VIC,201,Bruce,ON,4,5,ALP>LNP>GRN,1,0,8931,41522,Bianca Colecchia,ON,,8931,1.0,1.0,ON:8931,UNSPECIFIED:8931,PROPORTIONAL_PRIMARY_ORIGIN_PASS_THROUGH,ALL_CATEGORY_PRIMARY_VOTES_TRACED_PROPORTIONALLY,8931,LNP,4997.631567660304,0.5595825291300307,True
VIC,201,Bruce,OTH,5,4,ALP>LNP>GRN>ON,4,3,12578,41582,Wendy Birchall,OTH_FFPA,RIGHT,4196,0.3335983463189696,0.3335983463189696,OTH_FFPA:4196|OTH_HMP:3563|OTH_CYA:3530|OTH_LTP:1289,RIGHT:9015|CENTRE_LEFT:3563,OBSERVED_LAST_SURVIVOR_EXIT,LAST_SURVIVOR_TALLY_AT_CATEGORY_EXIT,6520,ALP,1055.0,0.16180981595092025,False
VIC,201,Bruce,OTH,5,4,ALP>LNP>GRN>ON,4,3,12578,41582,Wendy Birchall,OTH_FFPA,RIGHT,4196,0.3335983463189696,0.3335983463189696,OTH_FFPA:4196|OTH_HMP:3563|OTH_CYA:3530|OTH_LTP:1289,RIGHT:9015|CENTRE_LEFT:3563,OBSERVED_LAST_SURVIVOR_EXIT,LAST_SURVIVOR_TALLY_AT_CATEGORY_EXIT,6520,GRN,1089.0,0.16702453987730062,False
VIC,201,Bruce,OTH,5,4,ALP>LNP>GRN>ON,4,3,12578,41582,Wendy Birchall,OTH_FFPA,RIGHT,4196,0.3335983463189696,0.3335983463189696,OTH_FFPA:4196|OTH_HMP:3563|OTH_CYA:3530|OTH_LTP:1289,RIGHT:9015|CENTRE_LEFT:3563,OBSERVED_LAST_SURVIVOR_EXIT,LAST_SURVIVOR_TALLY_AT_CATEGORY_EXIT,6520,LNP,1710.0,0.26226993865030673,False
VIC,201,Bruce,OTH,5,4,ALP>LNP>GRN>ON,4,3,12578,41582,Wendy Birchall,OTH_FFPA,RIGHT,4196,0.3335983463189696,0.3335983463189696,OTH_FFPA:4196|OTH_HMP:3563|OTH_CYA:3530|OTH_LTP:1289,RIGHT:9015|CENTRE_LEFT:3563,OBSERVED_LAST_SURVIVOR_EXIT,LAST_SURVIVOR_TALLY_AT_CATEGORY_EXIT,6520,ON,2666.0,0.4088957055214724,False
VIC,201,Bruce,OTH,5,4,ALP>LNP>GRN>ON,4,3,12578,41582,Wendy Birchall,OTH_FFPA,RIGHT,4196,0.3335983463189696,0.3335983463189696,OTH_FFPA:4196|OTH_HMP:3563|OTH_CYA:3530|OTH_LTP:1289,RIGHT:9015|CENTRE_LEFT:3563,PROPORTIONAL_PRIMARY_ORIGIN_PASS_THROUGH,ALL_CATEGORY_PRIMARY_VOTES_TRACED_PROPORTIONALLY,12578,ALP,2499.0,0.19868023533153126,True
VIC,201,Bruce,OTH,5,4,ALP>LNP>GRN>ON,4,3,12578,41582,Wendy Birchall,OTH_FFPA,RIGHT,4196,0.3335983463189696,0.3335983463189696,OTH_FFPA:4196|OTH_HMP:3563|OTH_CYA:3530|OTH_LTP:1289,RIGHT:9015|CENTRE_LEFT:3563,PROPORTIONAL_PRIMARY_ORIGIN_PASS_THROUGH,ALL_CATEGORY_PRIMARY_VOTES_TRACED_PROPORTIONALLY,12578,GRN,2287.0,0.1818254094450628,True
VIC,201,Bruce,OTH,5,4,ALP>LNP>GRN>ON,4,3,12578,41582,Wendy Birchall,OTH_FFPA,RIGHT,4196,0.3335983463189696,0.3335983463189696,OTH_FFPA:4196|OTH_HMP:3563|OTH_CYA:3530|OTH_LTP:1289,RIGHT:9015|CENTRE_LEFT:3563,PROPORTIONAL_PRIMARY_ORIGIN_PASS_THROUGH,ALL_CATEGORY_PRIMARY_VOTES_TRACED_PROPORTIONALLY,12578,LNP,2734.0,0.21736365081889011,True
VIC,201,Bruce,OTH,5,4,ALP>LNP>GRN>ON,4,3,12578,41582,Wendy Birchall,OTH_FFPA,RIGHT,4196,0.3335983463189696,0.3335983463189696,OTH_FFPA:4196|OTH_HMP:3563|OTH_CYA:3530|OTH_LTP:1289,RIGHT:9015|CENTRE_LEFT:3563,PROPORTIONAL_PRIMARY_ORIGIN_PASS_THROUGH,ALL_CATEGORY_PRIMARY_VOTES_TRACED_PROPORTIONALLY,12578,ON,5058.0,0.4021307044045158,True
VIC,203,Calwell,LNP,3,11,ALP>IND,1,0,14102,40752,Usman Ghani,LIB,,14102,1.0,1.0,LIB:14102,UNSPECIFIED:14102,OBSERVED_LAST_SURVIVOR_EXIT,LAST_SURVIVOR_TALLY_AT_CATEGORY_EXIT,20030,ALP,6345.0,0.31677483774338494,False
VIC,203,Calwell,LNP,3,11,ALP>IND,1,0,14102,40752,Usman Ghani,LIB,,14102,1.0,1.0,LIB:14102,UNSPECIFIED:14102,OBSERVED_LAST_SURVIVOR_EXIT,LAST_SURVIVOR_TALLY_AT_CATEGORY_EXIT,20030,IND,13685.0,0.6832251622566151,False
VIC,203,Calwell,LNP,3,11,ALP>IND,1,0,14102,40752,Usman Ghani,LIB,,14102,1.0,1.0,LIB:14102,UNSPECIFIED:14102,PROPORTIONAL_PRIMARY_ORIGIN_PASS_THROUGH,ALL_CATEGORY_PRIMARY_VOTES_TRACED_PROPORTIONALLY,14102,ALP,4467.158761857215,0.31677483774338494,True
VIC,203,Calwell,LNP,3,11,ALP>IND,1,0,14102,40752,Usman Ghani,LIB,,14102,1.0,1.0,LIB:14102,UNSPECIFIED:14102,PROPORTIONAL_PRIMARY_ORIGIN_PASS_THROUGH,ALL_CATEGORY_PRIMARY_VOTES_TRACED_PROPORTIONALLY,14102,IND,9634.841238142786,0.6832251622566151,True
VIC,203,Calwell,GRN,4,10,ALP>LNP>IND,1,0,7439,41084,Ravneet Kaur Garcha,GRN,,7439,1.0,1.0,GRN:7439,UNSPECIFIED:7439,OBSERVED_LAST_SURVIVOR_EXIT,LAST_SURVIVOR_TALLY_AT_CATEGORY_EXIT,14946,ALP,10259.0,0.6864043891342165,False
VIC,203,Calwell,GRN,4,10,ALP>LNP>IND,1,0,7439,41084,Ravneet Kaur Garcha,GRN,,7439,1.0,1.0,GRN:7439,UNSPECIFIED:7439,OBSERVED_LAST_SURVIVOR_EXIT,LAST_SURVIVOR_TALLY_AT_CATEGORY_EXIT,14946,IND,3698.0,0.2474240599491503,False
VIC,203,Calwell,GRN,4,10,ALP>LNP>IND,1,0,7439,41084,Ravneet Kaur Garcha,GRN,,7439,1.0,1.0,GRN:7439,UNSPECIFIED:7439,OBSERVED_LAST_SURVIVOR_EXIT,LAST_SURVIVOR_TALLY_AT_CATEGORY_EXIT,14946,LNP,989.0,0.06617155091663321,False
VIC,203,Calwell,GRN,4,10,ALP>LNP>IND,1,0,7439,41084,Ravneet Kaur Garcha,GRN,,7439,1.0,1.0,GRN:7439,UNSPECIFIED:7439,PROPORTIONAL_PRIMARY_ORIGIN_PASS_THROUGH,ALL_CATEGORY_PRIMARY_VOTES_TRACED_PROPORTIONALLY,7439,ALP,5106.1622507694365,0.6864043891342165,True
VIC,203,Calwell,GRN,4,10,ALP>LNP>IND,1,0,7439,41084,Ravneet Kaur Garcha,GRN,,7439,1.0,1.0,GRN:7439,UNSPECIFIED:7439,PROPORTIONAL_PRIMARY_ORIGIN_PASS_THROUGH,ALL_CATEGORY_PRIMARY_VOTES_TRACED_PROPORTIONALLY,7439,IND,1840.587581961729,0.2474240599491503,True
VIC,203,Calwell,GRN,4,10,ALP>LNP>IND,1,0,7439,41084,Ravneet Kaur Garcha,GRN,,7439,1.0,1.0,GRN:7439,UNSPECIFIED:7439,PROPORTIONAL_PRIMARY_ORIGIN_PASS_THROUGH,ALL_CATEGORY_PRIMARY_VOTES_TRACED_PROPORTIONALLY,7439,LNP,492.25016726883445,0.06617155091663321,True
VIC,203,Calwell,ON,5,7,ALP>LNP>GRN>IND,1,0,3375,41525,Luay Toma,ON,,3375,1.0,1.0,ON:3375,UNSPECIFIED:3375,OBSERVED_LAST_SURVIVOR_EXIT,LAST_SURVIVOR_TALLY_AT_CATEGORY_EXIT,5008,ALP,498.0,0.0994408945686901,False
VIC,203,Calwell,ON,5,7,ALP>LNP>GRN>IND,1,0,3375,41525,Luay Toma,ON,,3375,1.0,1.0,ON:3375,UNSPECIFIED:3375,OBSERVED_LAST_SURVIVOR_EXIT,LAST_SURVIVOR_TALLY_AT_CATEGORY_EXIT,5008,GRN,327.0,0.06529552715654952,False
VIC,203,Calwell,ON,5,7,ALP>LNP>GRN>IND,1,0,3375,41525,Luay Toma,ON,,3375,1.0,1.0,ON:3375,UNSPECIFIED:3375,OBSERVED_LAST_SURVIVOR_EXIT,LAST_SURVIVOR_TALLY_AT_CATEGORY_EXIT,5008,IND,2922.0,0.5834664536741214,False
VIC,203,Calwell,ON,5,7,ALP>LNP>GRN>IND,1,0,3375,41525,Luay Toma,ON,,3375,1.0,1.0,ON:3375,UNSPECIFIED:3375,OBSERVED_LAST_SURVIVOR_EXIT,LAST_SURVIVOR_TALLY_AT_CATEGORY_EXIT,5008,LNP,1261.0,0.25179712460063897,False
VIC,203,Calwell,ON,5,7,ALP>LNP>GRN>IND,1,0,3375,41525,Luay Toma,ON,,3375,1.0,1.0,ON:3375,UNSPECIFIED:3375,PROPORTIONAL_PRIMARY_ORIGIN_PASS_THROUGH,ALL_CATEGORY_PRIMARY_VOTES_TRACED_PROPORTIONALLY,3375,ALP,335.61301916932905,0.09944089456869008,True
VIC,203,Calwell,ON,5,7,ALP>LNP>GRN>IND,1,0,3375,41525,Luay Toma,ON,,3375,1.0,1.0,ON:3375,UNSPECIFIED:3375,PROPORTIONAL_PRIMARY_ORIGIN_PASS_THROUGH,ALL_CATEGORY_PRIMARY_VOTES_TRACED_PROPORTIONALLY,3375,GRN,220.3724041533546,0.06529552715654952,True
VIC,203,Calwell,ON,5,7,ALP>LNP>GRN>IND,1,0,3375,41525,Luay Toma,ON,,3375,1.0,1.0,ON:3375,UNSPECIFIED:3375,PROPORTIONAL_PRIMARY_ORIGIN_PASS_THROUGH,ALL_CATEGORY_PRIMARY_VOTES_TRACED_PROPORTIONALLY,3375,IND,1969.19928115016,0.5834664536741215,True
VIC,203,Calwell,ON,5,7,ALP>LNP>GRN>IND,1,0,3375,41525,Luay Toma,ON,,3375,1.0,1.0,ON:3375,UNSPECIFIED:3375,PROPORTIONAL_PRIMARY_ORIGIN_PASS_THROUGH,ALL_CATEGORY_PRIMARY_VOTES_TRACED_PROPORTIONALLY,3375,LNP,849.8152955271565,0.25179712460063897,True
VIC,203,Calwell,OTH,6,6,ALP>LNP>GRN>ON>IND,6,5,10974,41232,Gianni Del Rosario-Makridis,OTH_HMP,CENTRE_LEFT,2843,0.25906688536540917,0.25906688536540917,OTH_HMP:2843|OTH_CEC:2624|OTH_FFPA:2308|OTH_CYA:2211|IND_MINOR:501|OTH_UNAFFILIATED:487,RIGHT:4519|CENTRE:3125|CENTRE_LEFT:2843|UNKNOWN:487,OBSERVED_LAST_SURVIVOR_EXIT,LAST_SURVIVOR_TALLY_AT_CATEGORY_EXIT,3349,ALP,614.0,0.18333830994326664,False
VIC,203,Calwell,OTH,6,6,ALP>LNP>GRN>ON>IND,6,5,10974,41232,Gianni Del Rosario-Makridis,OTH_HMP,CENTRE_LEFT,2843,0.25906688536540917,0.25906688536540917,OTH_HMP:2843|OTH_CEC:2624|OTH_FFPA:2308|OTH_CYA:2211|IND_MINOR:501|OTH_UNAFFILIATED:487,RIGHT:4519|CENTRE:3125|CENTRE_LEFT:2843|UNKNOWN:487,OBSERVED_LAST_SURVIVOR_EXIT,LAST_SURVIVOR_TALLY_AT_CATEGORY_EXIT,3349,GRN,673.0,0.20095550910719617,False
VIC,203,Calwell,OTH,6,6,ALP>LNP>GRN>ON>IND,6,5,10974,41232,Gianni Del Rosario-Makridis,OTH_HMP,CENTRE_LEFT,2843,0.25906688536540917,0.25906688536540917,OTH_HMP:2843|OTH_CEC:2624|OTH_FFPA:2308|OTH_CYA:2211|IND_MINOR:501|OTH_UNAFFILIATED:487,RIGHT:4519|CENTRE:3125|CENTRE_LEFT:2843|UNKNOWN:487,OBSERVED_LAST_SURVIVOR_EXIT,LAST_SURVIVOR_TALLY_AT_CATEGORY_EXIT,3349,IND,1341.0,0.40041803523439834,False
VIC,203,Calwell,OTH,6,6,ALP>LNP>GRN>ON>IND,6,5,10974,41232,Gianni Del Rosario-Makridis,OTH_HMP,CENTRE_LEFT,2843,0.25906688536540917,0.25906688536540917,OTH_HMP:2843|OTH_CEC:2624|OTH_FFPA:2308|OTH_CYA:2211|IND_MINOR:501|OTH_UNAFFILIATED:487,RIGHT:4519|CENTRE:3125|CENTRE_LEFT:2843|UNKNOWN:487,OBSERVED_LAST_SURVIVOR_EXIT,LAST_SURVIVOR_TALLY_AT_CATEGORY_EXIT,3349,LNP,247.0,0.07375335921170499,False
VIC,203,Calwell,OTH,6,6,ALP>LNP>GRN>ON>IND,6,5,10974,41232,Gianni Del Rosario-Makridis,OTH_HMP,CENTRE_LEFT,2843,0.25906688536540917,0.25906688536540917,OTH_HMP:2843|OTH_CEC:2624|OTH_FFPA:2308|OTH_CYA:2211|IND_MINOR:501|OTH_UNAFFILIATED:487,RIGHT:4519|CENTRE:3125|CENTRE_LEFT:2843|UNKNOWN:487,OBSERVED_LAST_SURVIVOR_EXIT,LAST_SURVIVOR_TALLY_AT_CATEGORY_EXIT,3349,ON,474.0,0.14153478650343387,False
VIC,203,Calwell,OTH,6,6,ALP>LNP>GRN>ON>IND,6,5,10974,41232,Gianni Del Rosario-Makridis,OTH_HMP,CENTRE_LEFT,2843,0.25906688536540917,0.25906688536540917,OTH_HMP:2843|OTH_CEC:2624|OTH_FFPA:2308|OTH_CYA:2211|IND_MINOR:501|OTH_UNAFFILIATED:487,RIGHT:4519|CENTRE:3125|CENTRE_LEFT:2843|UNKNOWN:487,PROPORTIONAL_PRIMARY_ORIGIN_PASS_THROUGH,ALL_CATEGORY_PRIMARY_VOTES_TRACED_PROPORTIONALLY,10974,ALP,2092.0,0.19063240386367777,True
VIC,203,Calwell,OTH,6,6,ALP>LNP>GRN>ON>IND,6,5,10974,41232,Gianni Del Rosario-Makridis,OTH_HMP,CENTRE_LEFT,2843,0.25906688536540917,0.25906688536540917,OTH_HMP:2843|OTH_CEC:2624|OTH_FFPA:2308|OTH_CYA:2211|IND_MINOR:501|OTH_UNAFFILIATED:487,RIGHT:4519|CENTRE:3125|CENTRE_LEFT:2843|UNKNOWN:487,PROPORTIONAL_PRIMARY_ORIGIN_PASS_THROUGH,ALL_CATEGORY_PRIMARY_VOTES_TRACED_PROPORTIONALLY,10974,GRN,1405.0,0.12802988882813923,True
VIC,203,Calwell,OTH,6,6,ALP>LNP>GRN>ON>IND,6,5,10974,41232,Gianni Del Rosario-Makridis,OTH_HMP,CENTRE_LEFT,2843,0.25906688536540917,0.25906688536540917,OTH_HMP:2843|OTH_CEC:2624|OTH_FFPA:2308|OTH_CYA:2211|IND_MINOR:501|OTH_UNAFFILIATED:487,RIGHT:4519|CENTRE:3125|CENTRE_LEFT:2843|UNKNOWN:487,PROPORTIONAL_PRIMARY_ORIGIN_PASS_THROUGH,ALL_CATEGORY_PRIMARY_VOTES_TRACED_PROPORTIONALLY,10974,IND,4556.000000000001,0.4151631128121014,True
VIC,203,Calwell,OTH,6,6,ALP>LNP>GRN>ON>IND,6,5,10974,41232,Gianni Del Rosario-Makridis,OTH_HMP,CENTRE_LEFT,2843,0.25906688536540917,0.25906688536540917,OTH_HMP:2843|OTH_CEC:2624|OTH_FFPA:2308|OTH_CYA:2211|IND_MINOR:501|OTH_UNAFFILIATED:487,RIGHT:4519|CENTRE:3125|CENTRE_LEFT:2843|UNKNOWN:487,PROPORTIONAL_PRIMARY_ORIGIN_PASS_THROUGH,ALL_CATEGORY_PRIMARY_VOTES_TRACED_PROPORTIONALLY,10974,LNP,1288.0,0.1173683251321305,True
VIC,203,Calwell,OTH,6,6,ALP>LNP>GRN>ON>IND,6,5,10974,41232,Gianni Del Rosario-Makridis,OTH_HMP,CENTRE_LEFT,2843,0.25906688536540917,0.25906688536540917,OTH_HMP:2843|OTH_CEC:2624|OTH_FFPA:2308|OTH_CYA:2211|IND_MINOR:501|OTH_UNAFFILIATED:487,RIGHT:4519|CENTRE:3125|CENTRE_LEFT:2843|UNKNOWN:487,PROPORTIONAL_PRIMARY_ORIGIN_PASS_THROUGH,ALL_CATEGORY_PRIMARY_VOTES_TRACED_PROPORTIONALLY,10974,ON,1633.0000000000002,0.14880626936395117,True
VIC,204,Casey,IND,3,6,ALP>LNP,1,0,11590,36746,Claire Ferres Miles,IND_PROMINENT,LEFT,11590,1.0,1.0,IND_PROMINENT:11590,LEFT:11590,OBSERVED_LAST_SURVIVOR_EXIT,LAST_SURVIVOR_TALLY_AT_CATEGORY_EXIT,22820,ALP,17374.0,0.7613496932515338,False
VIC,204,Casey,IND,3,6,ALP>LNP,1,0,11590,36746,Claire Ferres Miles,IND_PROMINENT,LEFT,11590,1.0,1.0,IND_PROMINENT:11590,LEFT:11590,OBSERVED_LAST_SURVIVOR_EXIT,LAST_SURVIVOR_TALLY_AT_CATEGORY_EXIT,22820,LNP,5446.0,0.23865030674846627,False
VIC,204,Casey,IND,3,6,ALP>LNP,1,0,11590,36746,Claire Ferres Miles,IND_PROMINENT,LEFT,11590,1.0,1.0,IND_PROMINENT:11590,LEFT:11590,PROPORTIONAL_PRIMARY_ORIGIN_PASS_THROUGH,ALL_CATEGORY_PRIMARY_VOTES_TRACED_PROPORTIONALLY,11590,ALP,8824.042944785277,0.7613496932515338,True
VIC,204,Casey,IND,3,6,ALP>LNP,1,0,11590,36746,Claire Ferres Miles,IND_PROMINENT,LEFT,11590,1.0,1.0,IND_PROMINENT:11590,LEFT:11590,PROPORTIONAL_PRIMARY_ORIGIN_PASS_THROUGH,ALL_CATEGORY_PRIMARY_VOTES_TRACED_PROPORTIONALLY,11590,LNP,2765.957055214724,0.23865030674846624,True
VIC,204,Casey,GRN,4,5,ALP>LNP>IND,1,0,12107,41083,Merran Blair,GRN,,12107,1.0,1.0,GRN:12107,UNSPECIFIED:12107,OBSERVED_LAST_SURVIVOR_EXIT,LAST_SURVIVOR_TALLY_AT_CATEGORY_EXIT,14517,ALP,6227.0,0.42894537438864777,False
VIC,204,Casey,GRN,4,5,ALP>LNP>IND,1,0,12107,41083,Merran Blair,GRN,,12107,1.0,1.0,GRN:12107,UNSPECIFIED:12107,OBSERVED_LAST_SURVIVOR_EXIT,LAST_SURVIVOR_TALLY_AT_CATEGORY_EXIT,14517,IND,7416.0,0.5108493490390577,False
VIC,204,Casey,GRN,4,5,ALP>LNP>IND,1,0,12107,41083,Merran Blair,GRN,,12107,1.0,1.0,GRN:12107,UNSPECIFIED:12107,OBSERVED_LAST_SURVIVOR_EXIT,LAST_SURVIVOR_TALLY_AT_CATEGORY_EXIT,14517,LNP,874.0,0.060205276572294554,False
VIC,204,Casey,GRN,4,5,ALP>LNP>IND,1,0,12107,41083,Merran Blair,GRN,,12107,1.0,1.0,GRN:12107,UNSPECIFIED:12107,PROPORTIONAL_PRIMARY_ORIGIN_PASS_THROUGH,ALL_CATEGORY_PRIMARY_VOTES_TRACED_PROPORTIONALLY,12107,ALP,5193.241647723358,0.42894537438864777,True
VIC,204,Casey,GRN,4,5,ALP>LNP>IND,1,0,12107,41083,Merran Blair,GRN,,12107,1.0,1.0,GRN:12107,UNSPECIFIED:12107,PROPORTIONAL_PRIMARY_ORIGIN_PASS_THROUGH,ALL_CATEGORY_PRIMARY_VOTES_TRACED_PROPORTIONALLY,12107,IND,6184.853068815871,0.5108493490390577,True
VIC,204,Casey,GRN,4,5,ALP>LNP>IND,1,0,12107,41083,Merran Blair,GRN,,12107,1.0,1.0,GRN:12107,UNSPECIFIED:12107,PROPORTIONAL_PRIMARY_ORIGIN_PASS_THROUGH,ALL_CATEGORY_PRIMARY_VOTES_TRACED_PROPORTIONALLY,12107,LNP,728.9052834607702,0.060205276572294554,True
VIC,204,Casey,ON,5,4,ALP>LNP>GRN>IND,1,0,5603,41507,Ambere Livori,ON,,5603,1.0,1.0,ON:5603,UNSPECIFIED:5603,OBSERVED_LAST_SURVIVOR_EXIT,LAST_SURVIVOR_TALLY_AT_CATEGORY_EXIT,9612,ALP,887.0,0.09228048272992093,False
VIC,204,Casey,ON,5,4,ALP>LNP>GRN>IND,1,0,5603,41507,Ambere Livori,ON,,5603,1.0,1.0,ON:5603,UNSPECIFIED:5603,OBSERVED_LAST_SURVIVOR_EXIT,LAST_SURVIVOR_TALLY_AT_CATEGORY_EXIT,9612,GRN,1032.0,0.10736579275905118,False
VIC,204,Casey,ON,5,4,ALP>LNP>GRN>IND,1,0,5603,41507,Ambere Livori,ON,,5603,1.0,1.0,ON:5603,UNSPECIFIED:5603,OBSERVED_LAST_SURVIVOR_EXIT,LAST_SURVIVOR_TALLY_AT_CATEGORY_EXIT,9612,IND,2549.0,0.2651893466500208,False
VIC,204,Casey,ON,5,4,ALP>LNP>GRN>IND,1,0,5603,41507,Ambere Livori,ON,,5603,1.0,1.0,ON:5603,UNSPECIFIED:5603,OBSERVED_LAST_SURVIVOR_EXIT,LAST_SURVIVOR_TALLY_AT_CATEGORY_EXIT,9612,LNP,5144.0,0.5351643778610071,False
VIC,204,Casey,ON,5,4,ALP>LNP>GRN>IND,1,0,5603,41507,Ambere Livori,ON,,5603,1.0,1.0,ON:5603,UNSPECIFIED:5603,PROPORTIONAL_PRIMARY_ORIGIN_PASS_THROUGH,ALL_CATEGORY_PRIMARY_VOTES_TRACED_PROPORTIONALLY,5603,ALP,517.0475447357469,0.09228048272992091,True
VIC,204,Casey,ON,5,4,ALP>LNP>GRN>IND,1,0,5603,41507,Ambere Livori,ON,,5603,1.0,1.0,ON:5603,UNSPECIFIED:5603,PROPORTIONAL_PRIMARY_ORIGIN_PASS_THROUGH,ALL_CATEGORY_PRIMARY_VOTES_TRACED_PROPORTIONALLY,5603,GRN,601.5705368289638,0.10736579275905118,True
VIC,204,Casey,ON,5,4,ALP>LNP>GRN>IND,1,0,5603,41507,Ambere Livori,ON,,5603,1.0,1.0,ON:5603,UNSPECIFIED:5603,PROPORTIONAL_PRIMARY_ORIGIN_PASS_THROUGH,ALL_CATEGORY_PRIMARY_VOTES_TRACED_PROPORTIONALLY,5603,IND,1485.8559092800665,0.2651893466500208,True
VIC,204,Casey,ON,5,4,ALP>LNP>GRN>IND,1,0,5603,41507,Ambere Livori,ON,,5603,1.0,1.0,ON:5603,UNSPECIFIED:5603,PROPORTIONAL_PRIMARY_ORIGIN_PASS_THROUGH,ALL_CATEGORY_PRIMARY_VOTES_TRACED_PROPORTIONALLY,5603,LNP,2998.5260091552227,0.5351643778610071,True
VIC,204,Casey,OTH,6,3,ALP>LNP>GRN>ON>IND,3,2,9249,41389,Phillip Courtis,OTH_CYA,RIGHT,3716,0.4017731646664504,0.4017731646664504,OTH_CYA:3716|OTH_FFPA:3154|OTH_AJP:2379,RIGHT:6870|CENTRE_LEFT:2379,OBSERVED_LAST_SURVIVOR_EXIT,LAST_SURVIVOR_TALLY_AT_CATEGORY_EXIT,4218,ALP,227.0,0.053816974869606446,False
VIC,204,Casey,OTH,6,3,ALP>LNP>GRN>ON>IND,3,2,9249,41389,Phillip Courtis,OTH_CYA,RIGHT,3716,0.4017731646664504,0.4017731646664504,OTH_CYA:3716|OTH_FFPA:3154|OTH_AJP:2379,RIGHT:6870|CENTRE_LEFT:2379,OBSERVED_LAST_SURVIVOR_EXIT,LAST_SURVIVOR_TALLY_AT_CATEGORY_EXIT,4218,GRN,189.0,0.04480796586059744,False
VIC,204,Casey,OTH,6,3,ALP>LNP>GRN>ON>IND,3,2,9249,41389,Phillip Courtis,OTH_CYA,RIGHT,3716,0.4017731646664504,0.4017731646664504,OTH_CYA:3716|OTH_FFPA:3154|OTH_AJP:2379,RIGHT:6870|CENTRE_LEFT:2379,OBSERVED_LAST_SURVIVOR_EXIT,LAST_SURVIVOR_TALLY_AT_CATEGORY_EXIT,4218,IND,465.0,0.11024182076813656,False
VIC,204,Casey,OTH,6,3,ALP>LNP>GRN>ON>IND,3,2,9249,41389,Phillip Courtis,OTH_CYA,RIGHT,3716,0.4017731646664504,0.4017731646664504,OTH_CYA:3716|OTH_FFPA:3154|OTH_AJP:2379,RIGHT:6870|CENTRE_LEFT:2379,OBSERVED_LAST_SURVIVOR_EXIT,LAST_SURVIVOR_TALLY_AT_CATEGORY_EXIT,4218,LNP,712.0,0.16880037932669512,False
VIC,204,Casey,OTH,6,3,ALP>LNP>GRN>ON>IND,3,2,9249,41389,Phillip Courtis,OTH_CYA,RIGHT,3716,0.4017731646664504,0.4017731646664504,OTH_CYA:3716|OTH_FFPA:3154|OTH_AJP:2379,RIGHT:6870|CENTRE_LEFT:2379,OBSERVED_LAST_SURVIVOR_EXIT,LAST_SURVIVOR_TALLY_AT_CATEGORY_EXIT,4218,ON,2625.0,0.6223328591749644,False
VIC,204,Casey,OTH,6,3,ALP>LNP>GRN>ON>IND,3,2,9249,41389,Phillip Courtis,OTH_CYA,RIGHT,3716,0.4017731646664504,0.4017731646664504,OTH_CYA:3716|OTH_FFPA:3154|OTH_AJP:2379,RIGHT:6870|CENTRE_LEFT:2379,PROPORTIONAL_PRIMARY_ORIGIN_PASS_THROUGH,ALL_CATEGORY_PRIMARY_VOTES_TRACED_PROPORTIONALLY,9249,ALP,776.0,0.08390096226619094,True
VIC,204,Casey,OTH,6,3,ALP>LNP>GRN>ON>IND,3,2,9249,41389,Phillip Courtis,OTH_CYA,RIGHT,3716,0.4017731646664504,0.4017731646664504,OTH_CYA:3716|OTH_FFPA:3154|OTH_AJP:2379,RIGHT:6870|CENTRE_LEFT:2379,PROPORTIONAL_PRIMARY_ORIGIN_PASS_THROUGH,ALL_CATEGORY_PRIMARY_VOTES_TRACED_PROPORTIONALLY,9249,GRN,1378.0,0.14898907990052979,True
VIC,204,Casey,OTH,6,3,ALP>LNP>GRN>ON>IND,3,2,9249,41389,Phillip Courtis,OTH_CYA,RIGHT,3716,0.4017731646664504,0.4017731646664504,OTH_CYA:3716|OTH_FFPA:3154|OTH_AJP:2379,RIGHT:6870|CENTRE_LEFT:2379,PROPORTIONAL_PRIMARY_ORIGIN_PASS_THROUGH,ALL_CATEGORY_PRIMARY_VOTES_TRACED_PROPORTIONALLY,9249,IND,1265.0,0.1367715428694994,True
VIC,204,Casey,OTH,6,3,ALP>LNP>GRN>ON>IND,3,2,9249,41389,Phillip Courtis,OTH_CYA,RIGHT,3716,0.4017731646664504,0.4017731646664504,OTH_CYA:3716|OTH_FFPA:3154|OTH_AJP:2379,RIGHT:6870|CENTRE_LEFT:2379,PROPORTIONAL_PRIMARY_ORIGIN_PASS_THROUGH,ALL_CATEGORY_PRIMARY_VOTES_TRACED_PROPORTIONALLY,9249,LNP,1821.0,0.19688614985403827,True
VIC,204,Casey,OTH,6,3,ALP>LNP>GRN>ON>IND,3,2,9249,41389,Phillip Courtis,OTH_CYA,RIGHT,3716,0.4017731646664504,0.4017731646664504,OTH_CYA:3716|OTH_FFPA:3154|OTH_AJP:2379,RIGHT:6870|CENTRE_LEFT:2379,PROPORTIONAL_PRIMARY_ORIGIN_PASS_THROUGH,ALL_CATEGORY_PRIMARY_VOTES_TRACED_PROPORTIONALLY,9249,ON,4008.9999999999995,0.43345226510974155,True
VIC,205,Chisholm,GRN,3,5,ALP>LNP,1,0,14086,41086,Tim Randall,GRN,,14086,1.0,1.0,GRN:14086,UNSPECIFIED:14086,OBSERVED_LAST_SURVIVOR_EXIT,LAST_SURVIVOR_TALLY_AT_CATEGORY_EXIT,18111,ALP,15417.0,0.851250621169455,False
VIC,205,Chisholm,GRN,3,5,ALP>LNP,1,0,14086,41086,Tim Randall,GRN,,14086,1.0,1.0,GRN:14086,UNSPECIFIED:14086,OBSERVED_LAST_SURVIVOR_EXIT,LAST_SURVIVOR_TALLY_AT_CATEGORY_EXIT,18111,LNP,2694.0,0.14874937883054498,False
VIC,205,Chisholm,GRN,3,5,ALP>LNP,1,0,14086,41086,Tim Randall,GRN,,14086,1.0,1.0,GRN:14086,UNSPECIFIED:14086,PROPORTIONAL_PRIMARY_ORIGIN_PASS_THROUGH,ALL_CATEGORY_PRIMARY_VOTES_TRACED_PROPORTIONALLY,14086,ALP,11990.716249792944,0.851250621169455,True
VIC,205,Chisholm,GRN,3,5,ALP>LNP,1,0,14086,41086,Tim Randall,GRN,,14086,1.0,1.0,GRN:14086,UNSPECIFIED:14086,PROPORTIONAL_PRIMARY_ORIGIN_PASS_THROUGH,ALL_CATEGORY_PRIMARY_VOTES_TRACED_PROPORTIONALLY,14086,LNP,2095.2837502070565,0.14874937883054498,True
VIC,205,Chisholm,IND,4,4,ALP>LNP>GRN,1,0,6685,41144,Kath Davies,IND_PROMINENT,LEFT,6685,1.0,1.0,IND_PROMINENT:6685,LEFT:6685,OBSERVED_LAST_SURVIVOR_EXIT,LAST_SURVIVOR_TALLY_AT_CATEGORY_EXIT,8210,ALP,2978.0,0.36272838002436053,False
VIC,205,Chisholm,IND,4,4,ALP>LNP>GRN,1,0,6685,41144,Kath Davies,IND_PROMINENT,LEFT,6685,1.0,1.0,IND_PROMINENT:6685,LEFT:6685,OBSERVED_LAST_SURVIVOR_EXIT,LAST_SURVIVOR_TALLY_AT_CATEGORY_EXIT,8210,GRN,3333.0,0.4059683313032887,False
VIC,205,Chisholm,IND,4,4,ALP>LNP>GRN,1,0,6685,41144,Kath Davies,IND_PROMINENT,LEFT,6685,1.0,1.0,IND_PROMINENT:6685,LEFT:6685,OBSERVED_LAST_SURVIVOR_EXIT,LAST_SURVIVOR_TALLY_AT_CATEGORY_EXIT,8210,LNP,1899.0,0.23130328867235078,False
VIC,205,Chisholm,IND,4,4,ALP>LNP>GRN,1,0,6685,41144,Kath Davies,IND_PROMINENT,LEFT,6685,1.0,1.0,IND_PROMINENT:6685,LEFT:6685,PROPORTIONAL_PRIMARY_ORIGIN_PASS_THROUGH,ALL_CATEGORY_PRIMARY_VOTES_TRACED_PROPORTIONALLY,6685,ALP,2424.8392204628503,0.3627283800243606,True
VIC,205,Chisholm,IND,4,4,ALP>LNP>GRN,1,0,6685,41144,Kath Davies,IND_PROMINENT,LEFT,6685,1.0,1.0,IND_PROMINENT:6685,LEFT:6685,PROPORTIONAL_PRIMARY_ORIGIN_PASS_THROUGH,ALL_CATEGORY_PRIMARY_VOTES_TRACED_PROPORTIONALLY,6685,GRN,2713.898294762485,0.4059683313032887,True
VIC,205,Chisholm,IND,4,4,ALP>LNP>GRN,1,0,6685,41144,Kath Davies,IND_PROMINENT,LEFT,6685,1.0,1.0,IND_PROMINENT:6685,LEFT:6685,PROPORTIONAL_PRIMARY_ORIGIN_PASS_THROUGH,ALL_CATEGORY_PRIMARY_VOTES_TRACED_PROPORTIONALLY,6685,LNP,1546.262484774665,0.23130328867235078,True
VIC,205,Chisholm,ON,5,3,ALP>LNP>GRN>IND,1,0,2156,41519,Guy Livori,ON,,2156,1.0,1.0,ON:2156,UNSPECIFIED:2156,OBSERVED_LAST_SURVIVOR_EXIT,LAST_SURVIVOR_TALLY_AT_CATEGORY_EXIT,3743,ALP,268.0,0.07160032059845044,False
VIC,205,Chisholm,ON,5,3,ALP>LNP>GRN>IND,1,0,2156,41519,Guy Livori,ON,,2156,1.0,1.0,ON:2156,UNSPECIFIED:2156,OBSERVED_LAST_SURVIVOR_EXIT,LAST_SURVIVOR_TALLY_AT_CATEGORY_EXIT,3743,GRN,264.0,0.07053165909698103,False
VIC,205,Chisholm,ON,5,3,ALP>LNP>GRN>IND,1,0,2156,41519,Guy Livori,ON,,2156,1.0,1.0,ON:2156,UNSPECIFIED:2156,OBSERVED_LAST_SURVIVOR_EXIT,LAST_SURVIVOR_TALLY_AT_CATEGORY_EXIT,3743,IND,970.0,0.25915041410633183,False
VIC,205,Chisholm,ON,5,3,ALP>LNP>GRN>IND,1,0,2156,41519,Guy Livori,ON,,2156,1.0,1.0,ON:2156,UNSPECIFIED:2156,OBSERVED_LAST_SURVIVOR_EXIT,LAST_SURVIVOR_TALLY_AT_CATEGORY_EXIT,3743,LNP,2241.0,0.5987176061982367,False
VIC,205,Chisholm,ON,5,3,ALP>LNP>GRN>IND,1,0,2156,41519,Guy Livori,ON,,2156,1.0,1.0,ON:2156,UNSPECIFIED:2156,PROPORTIONAL_PRIMARY_ORIGIN_PASS_THROUGH,ALL_CATEGORY_PRIMARY_VOTES_TRACED_PROPORTIONALLY,2156,ALP,154.37029121025915,0.07160032059845044,True
VIC,205,Chisholm,ON,5,3,ALP>LNP>GRN>IND,1,0,2156,41519,Guy Livori,ON,,2156,1.0,1.0,ON:2156,UNSPECIFIED:2156,PROPORTIONAL_PRIMARY_ORIGIN_PASS_THROUGH,ALL_CATEGORY_PRIMARY_VOTES_TRACED_PROPORTIONALLY,2156,GRN,152.0662570130911,0.07053165909698103,True
VIC,205,Chisholm,ON,5,3,ALP>LNP>GRN>IND,1,0,2156,41519,Guy Livori,ON,,2156,1.0,1.0,ON:2156,UNSPECIFIED:2156,PROPORTIONAL_PRIMARY_ORIGIN_PASS_THROUGH,ALL_CATEGORY_PRIMARY_VOTES_TRACED_PROPORTIONALLY,2156,IND,558.7282928132514,0.25915041410633183,True
VIC,205,Chisholm,ON,5,3,ALP>LNP>GRN>IND,1,0,2156,41519,Guy Livori,ON,,2156,1.0,1.0,ON:2156,UNSPECIFIED:2156,PROPORTIONAL_PRIMARY_ORIGIN_PASS_THROUGH,ALL_CATEGORY_PRIMARY_VOTES_TRACED_PROPORTIONALLY,2156,LNP,1290.8351589633983,0.5987176061982367,True
VIC,205,Chisholm,OTH,6,2,ALP>LNP>GRN>ON>IND,2,1,4148,41551,Gary Ong,OTH_FFPA,RIGHT,2419,0.5831726133076182,0.5831726133076182,OTH_FFPA:2419|OTH_CYA:1729,RIGHT:4148,OBSERVED_LAST_SURVIVOR_EXIT,LAST_SURVIVOR_TALLY_AT_CATEGORY_EXIT,2712,ALP,309.0,0.11393805309734513,False
VIC,205,Chisholm,OTH,6,2,ALP>LNP>GRN>ON>IND,2,1,4148,41551,Gary Ong,OTH_FFPA,RIGHT,2419,0.5831726133076182,0.5831726133076182,OTH_FFPA:2419|OTH_CYA:1729,RIGHT:4148,OBSERVED_LAST_SURVIVOR_EXIT,LAST_SURVIVOR_TALLY_AT_CATEGORY_EXIT,2712,GRN,340.0,0.12536873156342182,False
VIC,205,Chisholm,OTH,6,2,ALP>LNP>GRN>ON>IND,2,1,4148,41551,Gary Ong,OTH_FFPA,RIGHT,2419,0.5831726133076182,0.5831726133076182,OTH_FFPA:2419|OTH_CYA:1729,RIGHT:4148,OBSERVED_LAST_SURVIVOR_EXIT,LAST_SURVIVOR_TALLY_AT_CATEGORY_EXIT,2712,IND,369.0,0.13606194690265486,False
VIC,205,Chisholm,OTH,6,2,ALP>LNP>GRN>ON>IND,2,1,4148,41551,Gary Ong,OTH_FFPA,RIGHT,2419,0.5831726133076182,0.5831726133076182,OTH_FFPA:2419|OTH_CYA:1729,RIGHT:4148,OBSERVED_LAST_SURVIVOR_EXIT,LAST_SURVIVOR_TALLY_AT_CATEGORY_EXIT,2712,LNP,689.0,0.25405604719764013,False
VIC,205,Chisholm,OTH,6,2,ALP>LNP>GRN>ON>IND,2,1,4148,41551,Gary Ong,OTH_FFPA,RIGHT,2419,0.5831726133076182,0.5831726133076182,OTH_FFPA:2419|OTH_CYA:1729,RIGHT:4148,OBSERVED_LAST_SURVIVOR_EXIT,LAST_SURVIVOR_TALLY_AT_CATEGORY_EXIT,2712,ON,1005.0,0.37057522123893805,False
VIC,205,Chisholm,OTH,6,2,ALP>LNP>GRN>ON>IND,2,1,4148,41551,Gary Ong,OTH_FFPA,RIGHT,2419,0.5831726133076182,0.5831726133076182,OTH_FFPA:2419|OTH_CYA:1729,RIGHT:4148,PROPORTIONAL_PRIMARY_ORIGIN_PASS_THROUGH,ALL_CATEGORY_PRIMARY_VOTES_TRACED_PROPORTIONALLY,4148,ALP,455.0,0.10969141755062681,True
VIC,205,Chisholm,OTH,6,2,ALP>LNP>GRN>ON>IND,2,1,4148,41551,Gary Ong,OTH_FFPA,RIGHT,2419,0.5831726133076182,0.5831726133076182,OTH_FFPA:2419|OTH_CYA:1729,RIGHT:4148,PROPORTIONAL_PRIMARY_ORIGIN_PASS_THROUGH,ALL_CATEGORY_PRIMARY_VOTES_TRACED_PROPORTIONALLY,4148,GRN,428.0,0.10318225650916105,True
VIC,205,Chisholm,OTH,6,2,ALP>LNP>GRN>ON>IND,2,1,4148,41551,Gary Ong,OTH_FFPA,RIGHT,2419,0.5831726133076182,0.5831726133076182,OTH_FFPA:2419|OTH_CYA:1729,RIGHT:4148,PROPORTIONAL_PRIMARY_ORIGIN_PASS_THROUGH,ALL_CATEGORY_PRIMARY_VOTES_TRACED_PROPORTIONALLY,4148,IND,555.0,0.13379942140790743,True
VIC,205,Chisholm,OTH,6,2,ALP>LNP>GRN>ON>IND,2,1,4148,41551,Gary Ong,OTH_FFPA,RIGHT,2419,0.5831726133076182,0.5831726133076182,OTH_FFPA:2419|OTH_CYA:1729,RIGHT:4148,PROPORTIONAL_PRIMARY_ORIGIN_PASS_THROUGH,ALL_CATEGORY_PRIMARY_VOTES_TRACED_PROPORTIONALLY,4148,LNP,1123.0,0.2707328833172613,True
VIC,205,Chisholm,OTH,6,2,ALP>LNP>GRN>ON>IND,2,1,4148,41551,Gary Ong,OTH_FFPA,RIGHT,2419,0.5831726133076182,0.5831726133076182,OTH_FFPA:2419|OTH_CYA:1729,RIGHT:4148,PROPORTIONAL_PRIMARY_ORIGIN_PASS_THROUGH,ALL_CATEGORY_PRIMARY_VOTES_TRACED_PROPORTIONALLY,4148,ON,1587.0,0.3825940212150434,True
VIC,320,Cooper,LNP,3,4,ALP>GRN,1,0,16280,40767,Stewart Todhunter,LIB,,16280,1.0,1.0,LIB:16280,UNSPECIFIED:16280,OBSERVED_LAST_SURVIVOR_EXIT,LAST_SURVIVOR_TALLY_AT_CATEGORY_EXIT,21006,ALP,15111.0,0.7193658954584404,False
VIC,320,Cooper,LNP,3,4,ALP>GRN,1,0,16280,40767,Stewart Todhunter,LIB,,16280,1.0,1.0,LIB:16280,UNSPECIFIED:16280,OBSERVED_LAST_SURVIVOR_EXIT,LAST_SURVIVOR_TALLY_AT_CATEGORY_EXIT,21006,GRN,5895.0,0.28063410454155957,False
VIC,320,Cooper,LNP,3,4,ALP>GRN,1,0,16280,40767,Stewart Todhunter,LIB,,16280,1.0,1.0,LIB:16280,UNSPECIFIED:16280,PROPORTIONAL_PRIMARY_ORIGIN_PASS_THROUGH,ALL_CATEGORY_PRIMARY_VOTES_TRACED_PROPORTIONALLY,16280,ALP,11711.27677806341,0.7193658954584404,True
VIC,320,Cooper,LNP,3,4,ALP>GRN,1,0,16280,40767,Stewart Todhunter,LIB,,16280,1.0,1.0,LIB:16280,UNSPECIFIED:16280,PROPORTIONAL_PRIMARY_ORIGIN_PASS_THROUGH,ALL_CATEGORY_PRIMARY_VOTES_TRACED_PROPORTIONALLY,16280,GRN,4568.72322193659,0.28063410454155957,True
VIC,320,Cooper,OTH,4,3,ALP>LNP>GRN,2,1,13348,41002,Kath Larkin,OTH_VNS,LEFT,9012,0.6751573269403656,0.6751573269403656,OTH_VNS:9012|OTH_HMP:4336,LEFT:9012|CENTRE_LEFT:4336,OBSERVED_LAST_SURVIVOR_EXIT,LAST_SURVIVOR_TALLY_AT_CATEGORY_EXIT,11104,ALP,1480.0,0.13328530259365995,False
VIC,320,Cooper,OTH,4,3,ALP>LNP>GRN,2,1,13348,41002,Kath Larkin,OTH_VNS,LEFT,9012,0.6751573269403656,0.6751573269403656,OTH_VNS:9012|OTH_HMP:4336,LEFT:9012|CENTRE_LEFT:4336,OBSERVED_LAST_SURVIVOR_EXIT,LAST_SURVIVOR_TALLY_AT_CATEGORY_EXIT,11104,GRN,8656.0,0.7795389048991355,False
VIC,320,Cooper,OTH,4,3,ALP>LNP>GRN,2,1,13348,41002,Kath Larkin,OTH_VNS,LEFT,9012,0.6751573269403656,0.6751573269403656,OTH_VNS:9012|OTH_HMP:4336,LEFT:9012|CENTRE_LEFT:4336,OBSERVED_LAST_SURVIVOR_EXIT,LAST_SURVIVOR_TALLY_AT_CATEGORY_EXIT,11104,LNP,968.0,0.08717579250720461,False
VIC,320,Cooper,OTH,4,3,ALP>LNP>GRN,2,1,13348,41002,Kath Larkin,OTH_VNS,LEFT,9012,0.6751573269403656,0.6751573269403656,OTH_VNS:9012|OTH_HMP:4336,LEFT:9012|CENTRE_LEFT:4336,PROPORTIONAL_PRIMARY_ORIGIN_PASS_THROUGH,ALL_CATEGORY_PRIMARY_VOTES_TRACED_PROPORTIONALLY,13348,ALP,2595.155916592961,0.1944228286329758,True
VIC,320,Cooper,OTH,4,3,ALP>LNP>GRN,2,1,13348,41002,Kath Larkin,OTH_VNS,LEFT,9012,0.6751573269403656,0.6751573269403656,OTH_VNS:9012|OTH_HMP:4336,LEFT:9012|CENTRE_LEFT:4336,PROPORTIONAL_PRIMARY_ORIGIN_PASS_THROUGH,ALL_CATEGORY_PRIMARY_VOTES_TRACED_PROPORTIONALLY,13348,GRN,9153.83156712935,0.6857830062278506,True
VIC,320,Cooper,OTH,4,3,ALP>LNP>GRN,2,1,13348,41002,Kath Larkin,OTH_VNS,LEFT,9012,0.6751573269403656,0.6751573269403656,OTH_VNS:9012|OTH_HMP:4336,LEFT:9012|CENTRE_LEFT:4336,PROPORTIONAL_PRIMARY_ORIGIN_PASS_THROUGH,ALL_CATEGORY_PRIMARY_VOTES_TRACED_PROPORTIONALLY,13348,LNP,1599.0125162776885,0.11979416513917354,True
VIC,320,Cooper,ON,5,2,ALP>LNP>GRN>OTH,1,0,5684,41564,William Turner,ON,,5684,1.0,1.0,ON:5684,UNSPECIFIED:5684,OBSERVED_LAST_SURVIVOR_EXIT,LAST_SURVIVOR_TALLY_AT_CATEGORY_EXIT,6181,ALP,1369.0,0.2214851965701343,False
VIC,320,Cooper,ON,5,2,ALP>LNP>GRN>OTH,1,0,5684,41564,William Turner,ON,,5684,1.0,1.0,ON:5684,UNSPECIFIED:5684,OBSERVED_LAST_SURVIVOR_EXIT,LAST_SURVIVOR_TALLY_AT_CATEGORY_EXIT,6181,GRN,444.0,0.07183303672544895,False
VIC,320,Cooper,ON,5,2,ALP>LNP>GRN>OTH,1,0,5684,41564,William Turner,ON,,5684,1.0,1.0,ON:5684,UNSPECIFIED:5684,OBSERVED_LAST_SURVIVOR_EXIT,LAST_SURVIVOR_TALLY_AT_CATEGORY_EXIT,6181,LNP,3308.0,0.5351884808283449,False
VIC,320,Cooper,ON,5,2,ALP>LNP>GRN>OTH,1,0,5684,41564,William Turner,ON,,5684,1.0,1.0,ON:5684,UNSPECIFIED:5684,OBSERVED_LAST_SURVIVOR_EXIT,LAST_SURVIVOR_TALLY_AT_CATEGORY_EXIT,6181,OTH,1060.0,0.17149328587607182,False
VIC,320,Cooper,ON,5,2,ALP>LNP>GRN>OTH,1,0,5684,41564,William Turner,ON,,5684,1.0,1.0,ON:5684,UNSPECIFIED:5684,PROPORTIONAL_PRIMARY_ORIGIN_PASS_THROUGH,ALL_CATEGORY_PRIMARY_VOTES_TRACED_PROPORTIONALLY,5684,ALP,1258.9218573046433,0.22148519657013427,True
VIC,320,Cooper,ON,5,2,ALP>LNP>GRN>OTH,1,0,5684,41564,William Turner,ON,,5684,1.0,1.0,ON:5684,UNSPECIFIED:5684,PROPORTIONAL_PRIMARY_ORIGIN_PASS_THROUGH,ALL_CATEGORY_PRIMARY_VOTES_TRACED_PROPORTIONALLY,5684,GRN,408.2989807474519,0.07183303672544895,True
VIC,320,Cooper,ON,5,2,ALP>LNP>GRN>OTH,1,0,5684,41564,William Turner,ON,,5684,1.0,1.0,ON:5684,UNSPECIFIED:5684,PROPORTIONAL_PRIMARY_ORIGIN_PASS_THROUGH,ALL_CATEGORY_PRIMARY_VOTES_TRACED_PROPORTIONALLY,5684,LNP,3042.0113250283125,0.5351884808283449,True
VIC,320,Cooper,ON,5,2,ALP>LNP>GRN>OTH,1,0,5684,41564,William Turner,ON,,5684,1.0,1.0,ON:5684,UNSPECIFIED:5684,PROPORTIONAL_PRIMARY_ORIGIN_PASS_THROUGH,ALL_CATEGORY_PRIMARY_VOTES_TRACED_PROPORTIONALLY,5684,OTH,974.7678369195922,0.17149328587607182,True
VIC,328,Corangamite,GRN,3,6,ALP>LNP,1,0,14925,41088,Mitch Pope,GRN,,14925,1.0,1.0,GRN:14925,UNSPECIFIED:14925,OBSERVED_LAST_SURVIVOR_EXIT,LAST_SURVIVOR_TALLY_AT_CATEGORY_EXIT,20236,ALP,17831.0,0.8811524016604072,False
VIC,328,Corangamite,GRN,3,6,ALP>LNP,1,0,14925,41088,Mitch Pope,GRN,,14925,1.0,1.0,GRN:14925,UNSPECIFIED:14925,OBSERVED_LAST_SURVIVOR_EXIT,LAST_SURVIVOR_TALLY_AT_CATEGORY_EXIT,20236,LNP,2405.0,0.11884759833959281,False
VIC,328,Corangamite,GRN,3,6,ALP>LNP,1,0,14925,41088,Mitch Pope,GRN,,14925,1.0,1.0,GRN:14925,UNSPECIFIED:14925,PROPORTIONAL_PRIMARY_ORIGIN_PASS_THROUGH,ALL_CATEGORY_PRIMARY_VOTES_TRACED_PROPORTIONALLY,14925,ALP,13151.199594781578,0.8811524016604072,True
VIC,328,Corangamite,GRN,3,6,ALP>LNP,1,0,14925,41088,Mitch Pope,GRN,,14925,1.0,1.0,GRN:14925,UNSPECIFIED:14925,PROPORTIONAL_PRIMARY_ORIGIN_PASS_THROUGH,ALL_CATEGORY_PRIMARY_VOTES_TRACED_PROPORTIONALLY,14925,LNP,1773.8004052184226,0.11884759833959281,True
VIC,328,Corangamite,OTH,4,5,ALP>LNP>GRN,4,3,11450,41191,Kate Lockhart,IND_MINOR,LEFT,4565,0.3986899563318777,0.3986899563318777,IND_MINOR:4565|OTH_HMP:3161|OTH_CYA:2452|OTH_LTP:1272,LEFT:4565|RIGHT:3724|CENTRE_LEFT:3161,OBSERVED_LAST_SURVIVOR_EXIT,LAST_SURVIVOR_TALLY_AT_CATEGORY_EXIT,7584,ALP,1935.0,0.25514240506329117,False
VIC,328,Corangamite,OTH,4,5,ALP>LNP>GRN,4,3,11450,41191,Kate Lockhart,IND_MINOR,LEFT,4565,0.3986899563318777,0.3986899563318777,IND_MINOR:4565|OTH_HMP:3161|OTH_CYA:2452|OTH_LTP:1272,LEFT:4565|RIGHT:3724|CENTRE_LEFT:3161,OBSERVED_LAST_SURVIVOR_EXIT,LAST_SURVIVOR_TALLY_AT_CATEGORY_EXIT,7584,GRN,3856.0,0.5084388185654009,False
VIC,328,Corangamite,OTH,4,5,ALP>LNP>GRN,4,3,11450,41191,Kate Lockhart,IND_MINOR,LEFT,4565,0.3986899563318777,0.3986899563318777,IND_MINOR:4565|OTH_HMP:3161|OTH_CYA:2452|OTH_LTP:1272,LEFT:4565|RIGHT:3724|CENTRE_LEFT:3161,OBSERVED_LAST_SURVIVOR_EXIT,LAST_SURVIVOR_TALLY_AT_CATEGORY_EXIT,7584,LNP,1793.0,0.236418776371308,False
VIC,328,Corangamite,OTH,4,5,ALP>LNP>GRN,4,3,11450,41191,Kate Lockhart,IND_MINOR,LEFT,4565,0.3986899563318777,0.3986899563318777,IND_MINOR:4565|OTH_HMP:3161|OTH_CYA:2452|OTH_LTP:1272,LEFT:4565|RIGHT:3724|CENTRE_LEFT:3161,PROPORTIONAL_PRIMARY_ORIGIN_PASS_THROUGH,ALL_CATEGORY_PRIMARY_VOTES_TRACED_PROPORTIONALLY,11450,ALP,3086.43005307588,0.2695572098756227,True
VIC,328,Corangamite,OTH,4,5,ALP>LNP>GRN,4,3,11450,41191,Kate Lockhart,IND_MINOR,LEFT,4565,0.3986899563318777,0.3986899563318777,IND_MINOR:4565|OTH_HMP:3161|OTH_CYA:2452|OTH_LTP:1272,LEFT:4565|RIGHT:3724|CENTRE_LEFT:3161,PROPORTIONAL_PRIMARY_ORIGIN_PASS_THROUGH,ALL_CATEGORY_PRIMARY_VOTES_TRACED_PROPORTIONALLY,11450,GRN,4541.652992612169,0.3966509163853423,True
VIC,328,Corangamite,OTH,4,5,ALP>LNP>GRN,4,3,11450,41191,Kate Lockhart,IND_MINOR,LEFT,4565,0.3986899563318777,0.3986899563318777,IND_MINOR:4565|OTH_HMP:3161|OTH_CYA:2452|OTH_LTP:1272,LEFT:4565|RIGHT:3724|CENTRE_LEFT:3161,PROPORTIONAL_PRIMARY_ORIGIN_PASS_THROUGH,ALL_CATEGORY_PRIMARY_VOTES_TRACED_PROPORTIONALLY,11450,LNP,3821.9169543119506,0.33379187373903496,True
VIC,328,Corangamite,ON,5,4,ALP>LNP>GRN>OTH,1,0,3343,41510,Colin Seabrook,ON,,3343,1.0,1.0,ON:3343,UNSPECIFIED:3343,OBSERVED_LAST_SURVIVOR_EXIT,LAST_SURVIVOR_TALLY_AT_CATEGORY_EXIT,5460,ALP,606.0,0.11098901098901098,False
VIC,328,Corangamite,ON,5,4,ALP>LNP>GRN>OTH,1,0,3343,41510,Colin Seabrook,ON,,3343,1.0,1.0,ON:3343,UNSPECIFIED:3343,OBSERVED_LAST_SURVIVOR_EXIT,LAST_SURVIVOR_TALLY_AT_CATEGORY_EXIT,5460,GRN,350.0,0.0641025641025641,False
VIC,328,Corangamite,ON,5,4,ALP>LNP>GRN>OTH,1,0,3343,41510,Colin Seabrook,ON,,3343,1.0,1.0,ON:3343,UNSPECIFIED:3343,OBSERVED_LAST_SURVIVOR_EXIT,LAST_SURVIVOR_TALLY_AT_CATEGORY_EXIT,5460,LNP,2721.0,0.49835164835164836,False
VIC,328,Corangamite,ON,5,4,ALP>LNP>GRN>OTH,1,0,3343,41510,Colin Seabrook,ON,,3343,1.0,1.0,ON:3343,UNSPECIFIED:3343,OBSERVED_LAST_SURVIVOR_EXIT,LAST_SURVIVOR_TALLY_AT_CATEGORY_EXIT,5460,OTH,1783.0,0.32655677655677656,False
VIC,328,Corangamite,ON,5,4,ALP>LNP>GRN>OTH,1,0,3343,41510,Colin Seabrook,ON,,3343,1.0,1.0,ON:3343,UNSPECIFIED:3343,PROPORTIONAL_PRIMARY_ORIGIN_PASS_THROUGH,ALL_CATEGORY_PRIMARY_VOTES_TRACED_PROPORTIONALLY,3343,ALP,371.0362637362637,0.11098901098901098,True
VIC,328,Corangamite,ON,5,4,ALP>LNP>GRN>OTH,1,0,3343,41510,Colin Seabrook,ON,,3343,1.0,1.0,ON:3343,UNSPECIFIED:3343,PROPORTIONAL_PRIMARY_ORIGIN_PASS_THROUGH,ALL_CATEGORY_PRIMARY_VOTES_TRACED_PROPORTIONALLY,3343,GRN,214.29487179487177,0.0641025641025641,True
VIC,328,Corangamite,ON,5,4,ALP>LNP>GRN>OTH,1,0,3343,41510,Colin Seabrook,ON,,3343,1.0,1.0,ON:3343,UNSPECIFIED:3343,PROPORTIONAL_PRIMARY_ORIGIN_PASS_THROUGH,ALL_CATEGORY_PRIMARY_VOTES_TRACED_PROPORTIONALLY,3343,LNP,1665.9895604395604,0.4983516483516483,True
VIC,328,Corangamite,ON,5,4,ALP>LNP>GRN>OTH,1,0,3343,41510,Colin Seabrook,ON,,3343,1.0,1.0,ON:3343,UNSPECIFIED:3343,PROPORTIONAL_PRIMARY_ORIGIN_PASS_THROUGH,ALL_CATEGORY_PRIMARY_VOTES_TRACED_PROPORTIONALLY,3343,OTH,1091.6793040293041,0.3265567765567766,True
VIC,208,Corio,GRN,3,4,ALP>LNP,1,0,17491,41142,Emilie Flynn,GRN,,17491,1.0,1.0,GRN:17491,UNSPECIFIED:17491,OBSERVED_LAST_SURVIVOR_EXIT,LAST_SURVIVOR_TALLY_AT_CATEGORY_EXIT,24146,ALP,18638.0,0.7718876832601673,False
VIC,208,Corio,GRN,3,4,ALP>LNP,1,0,17491,41142,Emilie Flynn,GRN,,17491,1.0,1.0,GRN:17491,UNSPECIFIED:17491,OBSERVED_LAST_SURVIVOR_EXIT,LAST_SURVIVOR_TALLY_AT_CATEGORY_EXIT,24146,LNP,5508.0,0.22811231673983268,False
VIC,208,Corio,GRN,3,4,ALP>LNP,1,0,17491,41142,Emilie Flynn,GRN,,17491,1.0,1.0,GRN:17491,UNSPECIFIED:17491,PROPORTIONAL_PRIMARY_ORIGIN_PASS_THROUGH,ALL_CATEGORY_PRIMARY_VOTES_TRACED_PROPORTIONALLY,17491,ALP,13501.087467903586,0.7718876832601673,True
VIC,208,Corio,GRN,3,4,ALP>LNP,1,0,17491,41142,Emilie Flynn,GRN,,17491,1.0,1.0,GRN:17491,UNSPECIFIED:17491,PROPORTIONAL_PRIMARY_ORIGIN_PASS_THROUGH,ALL_CATEGORY_PRIMARY_VOTES_TRACED_PROPORTIONALLY,17491,LNP,3989.9125320964135,0.22811231673983268,True
VIC,208,Corio,ON,4,3,ALP>LNP>GRN,1,0,10953,41515,Adam Helman,ON,,10953,1.0,1.0,ON:10953,UNSPECIFIED:10953,OBSERVED_LAST_SURVIVOR_EXIT,LAST_SURVIVOR_TALLY_AT_CATEGORY_EXIT,12880,ALP,2470.0,0.19177018633540371,False
VIC,208,Corio,ON,4,3,ALP>LNP>GRN,1,0,10953,41515,Adam Helman,ON,,10953,1.0,1.0,ON:10953,UNSPECIFIED:10953,OBSERVED_LAST_SURVIVOR_EXIT,LAST_SURVIVOR_TALLY_AT_CATEGORY_EXIT,12880,GRN,3644.0,0.2829192546583851,False
VIC,208,Corio,ON,4,3,ALP>LNP>GRN,1,0,10953,41515,Adam Helman,ON,,10953,1.0,1.0,ON:10953,UNSPECIFIED:10953,OBSERVED_LAST_SURVIVOR_EXIT,LAST_SURVIVOR_TALLY_AT_CATEGORY_EXIT,12880,LNP,6766.0,0.5253105590062112,False
VIC,208,Corio,ON,4,3,ALP>LNP>GRN,1,0,10953,41515,Adam Helman,ON,,10953,1.0,1.0,ON:10953,UNSPECIFIED:10953,PROPORTIONAL_PRIMARY_ORIGIN_PASS_THROUGH,ALL_CATEGORY_PRIMARY_VOTES_TRACED_PROPORTIONALLY,10953,ALP,2100.458850931677,0.19177018633540371,True
VIC,208,Corio,ON,4,3,ALP>LNP>GRN,1,0,10953,41515,Adam Helman,ON,,10953,1.0,1.0,ON:10953,UNSPECIFIED:10953,PROPORTIONAL_PRIMARY_ORIGIN_PASS_THROUGH,ALL_CATEGORY_PRIMARY_VOTES_TRACED_PROPORTIONALLY,10953,GRN,3098.814596273292,0.2829192546583851,True
VIC,208,Corio,ON,4,3,ALP>LNP>GRN,1,0,10953,41515,Adam Helman,ON,,10953,1.0,1.0,ON:10953,UNSPECIFIED:10953,PROPORTIONAL_PRIMARY_ORIGIN_PASS_THROUGH,ALL_CATEGORY_PRIMARY_VOTES_TRACED_PROPORTIONALLY,10953,LNP,5753.72655279503,0.5253105590062112,True
VIC,208,Corio,OTH,5,2,ALP>LNP>GRN>ON,2,1,7139,41567,John De Lorenzo,IND_MINOR,CENTRE,3930,0.5504972685250035,0.5504972685250035,IND_MINOR:3930|OTH_SAL:3209,CENTRE:3930|LEFT:3209,OBSERVED_LAST_SURVIVOR_EXIT,LAST_SURVIVOR_TALLY_AT_CATEGORY_EXIT,4460,ALP,919.0,0.20605381165919281,False
VIC,208,Corio,OTH,5,2,ALP>LNP>GRN>ON,2,1,7139,41567,John De Lorenzo,IND_MINOR,CENTRE,3930,0.5504972685250035,0.5504972685250035,IND_MINOR:3930|OTH_SAL:3209,CENTRE:3930|LEFT:3209,OBSERVED_LAST_SURVIVOR_EXIT,LAST_SURVIVOR_TALLY_AT_CATEGORY_EXIT,4460,GRN,1271.0,0.28497757847533634,False
VIC,208,Corio,OTH,5,2,ALP>LNP>GRN>ON,2,1,7139,41567,John De Lorenzo,IND_MINOR,CENTRE,3930,0.5504972685250035,0.5504972685250035,IND_MINOR:3930|OTH_SAL:3209,CENTRE:3930|LEFT:3209,OBSERVED_LAST_SURVIVOR_EXIT,LAST_SURVIVOR_TALLY_AT_CATEGORY_EXIT,4460,LNP,715.0,0.16031390134529147,False
VIC,208,Corio,OTH,5,2,ALP>LNP>GRN>ON,2,1,7139,41567,John De Lorenzo,IND_MINOR,CENTRE,3930,0.5504972685250035,0.5504972685250035,IND_MINOR:3930|OTH_SAL:3209,CENTRE:3930|LEFT:3209,OBSERVED_LAST_SURVIVOR_EXIT,LAST_SURVIVOR_TALLY_AT_CATEGORY_EXIT,4460,ON,1555.0,0.3486547085201794,False
VIC,208,Corio,OTH,5,2,ALP>LNP>GRN>ON,2,1,7139,41567,John De Lorenzo,IND_MINOR,CENTRE,3930,0.5504972685250035,0.5504972685250035,IND_MINOR:3930|OTH_SAL:3209,CENTRE:3930|LEFT:3209,PROPORTIONAL_PRIMARY_ORIGIN_PASS_THROUGH,ALL_CATEGORY_PRIMARY_VOTES_TRACED_PROPORTIONALLY,7139,ALP,1369.0,0.19176355231825185,True
VIC,208,Corio,OTH,5,2,ALP>LNP>GRN>ON,2,1,7139,41567,John De Lorenzo,IND_MINOR,CENTRE,3930,0.5504972685250035,0.5504972685250035,IND_MINOR:3930|OTH_SAL:3209,CENTRE:3930|LEFT:3209,PROPORTIONAL_PRIMARY_ORIGIN_PASS_THROUGH,ALL_CATEGORY_PRIMARY_VOTES_TRACED_PROPORTIONALLY,7139,GRN,3011.0,0.42176775458747723,True
VIC,208,Corio,OTH,5,2,ALP>LNP>GRN>ON,2,1,7139,41567,John De Lorenzo,IND_MINOR,CENTRE,3930,0.5504972685250035,0.5504972685250035,IND_MINOR:3930|OTH_SAL:3209,CENTRE:3930|LEFT:3209,PROPORTIONAL_PRIMARY_ORIGIN_PASS_THROUGH,ALL_CATEGORY_PRIMARY_VOTES_TRACED_PROPORTIONALLY,7139,LNP,832.0,0.11654293318391931,True
VIC,208,Corio,OTH,5,2,ALP>LNP>GRN>ON,2,1,7139,41567,John De Lorenzo,IND_MINOR,CENTRE,3930,0.5504972685250035,0.5504972685250035,IND_MINOR:3930|OTH_SAL:3209,CENTRE:3930|LEFT:3209,PROPORTIONAL_PRIMARY_ORIGIN_PASS_THROUGH,ALL_CATEGORY_PRIMARY_VOTES_TRACED_PROPORTIONALLY,7139,ON,1927.0,0.2699257599103516,True
VIC,209,Deakin,GRN,3,6,ALP>LNP,1,0,13758,41128,Amy Mills,GRN,,13758,1.0,1.0,GRN:13758,UNSPECIFIED:13758,OBSERVED_LAST_SURVIVOR_EXIT,LAST_SURVIVOR_TALLY_AT_CATEGORY_EXIT,19322,ALP,16564.0,0.8572611530897423,False
VIC,209,Deakin,GRN,3,6,ALP>LNP,1,0,13758,41128,Amy Mills,GRN,,13758,1.0,1.0,GRN:13758,UNSPECIFIED:13758,OBSERVED_LAST_SURVIVOR_EXIT,LAST_SURVIVOR_TALLY_AT_CATEGORY_EXIT,19322,LNP,2758.0,0.14273884691025773,False
VIC,209,Deakin,GRN,3,6,ALP>LNP,1,0,13758,41128,Amy Mills,GRN,,13758,1.0,1.0,GRN:13758,UNSPECIFIED:13758,PROPORTIONAL_PRIMARY_ORIGIN_PASS_THROUGH,ALL_CATEGORY_PRIMARY_VOTES_TRACED_PROPORTIONALLY,13758,ALP,11794.198944208674,0.8572611530897423,True
VIC,209,Deakin,GRN,3,6,ALP>LNP,1,0,13758,41128,Amy Mills,GRN,,13758,1.0,1.0,GRN:13758,UNSPECIFIED:13758,PROPORTIONAL_PRIMARY_ORIGIN_PASS_THROUGH,ALL_CATEGORY_PRIMARY_VOTES_TRACED_PROPORTIONALLY,13758,LNP,1963.8010557913258,0.14273884691025773,True
VIC,209,Deakin,IND,4,5,ALP>LNP>GRN,1,0,8253,40868,Jess Ness,IND_PROMINENT,LEFT,8253,1.0,1.0,IND_PROMINENT:8253,LEFT:8253,OBSERVED_LAST_SURVIVOR_EXIT,LAST_SURVIVOR_TALLY_AT_CATEGORY_EXIT,10734,ALP,3504.0,0.32643935159306875,False
VIC,209,Deakin,IND,4,5,ALP>LNP>GRN,1,0,8253,40868,Jess Ness,IND_PROMINENT,LEFT,8253,1.0,1.0,IND_PROMINENT:8253,LEFT:8253,OBSERVED_LAST_SURVIVOR_EXIT,LAST_SURVIVOR_TALLY_AT_CATEGORY_EXIT,10734,GRN,4819.0,0.4489472703558785,False
VIC,209,Deakin,IND,4,5,ALP>LNP>GRN,1,0,8253,40868,Jess Ness,IND_PROMINENT,LEFT,8253,1.0,1.0,IND_PROMINENT:8253,LEFT:8253,OBSERVED_LAST_SURVIVOR_EXIT,LAST_SURVIVOR_TALLY_AT_CATEGORY_EXIT,10734,LNP,2411.0,0.22461337805105272,False
VIC,209,Deakin,IND,4,5,ALP>LNP>GRN,1,0,8253,40868,Jess Ness,IND_PROMINENT,LEFT,8253,1.0,1.0,IND_PROMINENT:8253,LEFT:8253,PROPORTIONAL_PRIMARY_ORIGIN_PASS_THROUGH,ALL_CATEGORY_PRIMARY_VOTES_TRACED_PROPORTIONALLY,8253,ALP,2694.1039686975964,0.32643935159306875,True
VIC,209,Deakin,IND,4,5,ALP>LNP>GRN,1,0,8253,40868,Jess Ness,IND_PROMINENT,LEFT,8253,1.0,1.0,IND_PROMINENT:8253,LEFT:8253,PROPORTIONAL_PRIMARY_ORIGIN_PASS_THROUGH,ALL_CATEGORY_PRIMARY_VOTES_TRACED_PROPORTIONALLY,8253,GRN,3705.161822247065,0.4489472703558785,True
VIC,209,Deakin,IND,4,5,ALP>LNP>GRN,1,0,8253,40868,Jess Ness,IND_PROMINENT,LEFT,8253,1.0,1.0,IND_PROMINENT:8253,LEFT:8253,PROPORTIONAL_PRIMARY_ORIGIN_PASS_THROUGH,ALL_CATEGORY_PRIMARY_VOTES_TRACED_PROPORTIONALLY,8253,LNP,1853.7342090553382,0.22461337805105272,True
VIC,209,Deakin,ON,5,4,ALP>LNP>GRN>IND,1,0,3043,41512,Anne Cooke,ON,,3043,1.0,1.0,ON:3043,UNSPECIFIED:3043,OBSERVED_LAST_SURVIVOR_EXIT,LAST_SURVIVOR_TALLY_AT_CATEGORY_EXIT,5417,ALP,340.0,0.06276536828502861,False
VIC,209,Deakin,ON,5,4,ALP>LNP>GRN>IND,1,0,3043,41512,Anne Cooke,ON,,3043,1.0,1.0,ON:3043,UNSPECIFIED:3043,OBSERVED_LAST_SURVIVOR_EXIT,LAST_SURVIVOR_TALLY_AT_CATEGORY_EXIT,5417,GRN,295.0,0.05445818718848071,False
VIC,209,Deakin,ON,5,4,ALP>LNP>GRN>IND,1,0,3043,41512,Anne Cooke,ON,,3043,1.0,1.0,ON:3043,UNSPECIFIED:3043,OBSERVED_LAST_SURVIVOR_EXIT,LAST_SURVIVOR_TALLY_AT_CATEGORY_EXIT,5417,IND,1724.0,0.31825733800996864,False
VIC,209,Deakin,ON,5,4,ALP>LNP>GRN>IND,1,0,3043,41512,Anne Cooke,ON,,3043,1.0,1.0,ON:3043,UNSPECIFIED:3043,OBSERVED_LAST_SURVIVOR_EXIT,LAST_SURVIVOR_TALLY_AT_CATEGORY_EXIT,5417,LNP,3058.0,0.564519106516522,False
VIC,209,Deakin,ON,5,4,ALP>LNP>GRN>IND,1,0,3043,41512,Anne Cooke,ON,,3043,1.0,1.0,ON:3043,UNSPECIFIED:3043,PROPORTIONAL_PRIMARY_ORIGIN_PASS_THROUGH,ALL_CATEGORY_PRIMARY_VOTES_TRACED_PROPORTIONALLY,3043,ALP,190.99501569134208,0.06276536828502861,True
VIC,209,Deakin,ON,5,4,ALP>LNP>GRN>IND,1,0,3043,41512,Anne Cooke,ON,,3043,1.0,1.0,ON:3043,UNSPECIFIED:3043,PROPORTIONAL_PRIMARY_ORIGIN_PASS_THROUGH,ALL_CATEGORY_PRIMARY_VOTES_TRACED_PROPORTIONALLY,3043,GRN,165.7162636145468,0.05445818718848071,True
VIC,209,Deakin,ON,5,4,ALP>LNP>GRN>IND,1,0,3043,41512,Anne Cooke,ON,,3043,1.0,1.0,ON:3043,UNSPECIFIED:3043,PROPORTIONAL_PRIMARY_ORIGIN_PASS_THROUGH,ALL_CATEGORY_PRIMARY_VOTES_TRACED_PROPORTIONALLY,3043,IND,968.4570795643345,0.31825733800996864,True
VIC,209,Deakin,ON,5,4,ALP>LNP>GRN>IND,1,0,3043,41512,Anne Cooke,ON,,3043,1.0,1.0,ON:3043,UNSPECIFIED:3043,PROPORTIONAL_PRIMARY_ORIGIN_PASS_THROUGH,ALL_CATEGORY_PRIMARY_VOTES_TRACED_PROPORTIONALLY,3043,LNP,1717.8316411297765,0.564519106516522,True
VIC,209,Deakin,OTH,6,3,ALP>LNP>GRN>ON>IND,3,2,5544,41547,Richard Griffith-Jones,OTH_FFPA,RIGHT,2106,0.37987012987012986,0.37987012987012986,OTH_FFPA:2106|OTH_CYA:1853|OTH_LTP:1585,RIGHT:5544,OBSERVED_LAST_SURVIVOR_EXIT,LAST_SURVIVOR_TALLY_AT_CATEGORY_EXIT,2948,ALP,206.0,0.06987788331071913,False
VIC,209,Deakin,OTH,6,3,ALP>LNP>GRN>ON>IND,3,2,5544,41547,Richard Griffith-Jones,OTH_FFPA,RIGHT,2106,0.37987012987012986,0.37987012987012986,OTH_FFPA:2106|OTH_CYA:1853|OTH_LTP:1585,RIGHT:5544,OBSERVED_LAST_SURVIVOR_EXIT,LAST_SURVIVOR_TALLY_AT_CATEGORY_EXIT,2948,GRN,240.0,0.0814111261872456,False
VIC,209,Deakin,OTH,6,3,ALP>LNP>GRN>ON>IND,3,2,5544,41547,Richard Griffith-Jones,OTH_FFPA,RIGHT,2106,0.37987012987012986,0.37987012987012986,OTH_FFPA:2106|OTH_CYA:1853|OTH_LTP:1585,RIGHT:5544,OBSERVED_LAST_SURVIVOR_EXIT,LAST_SURVIVOR_TALLY_AT_CATEGORY_EXIT,2948,IND,378.0,0.1282225237449118,False
VIC,209,Deakin,OTH,6,3,ALP>LNP>GRN>ON>IND,3,2,5544,41547,Richard Griffith-Jones,OTH_FFPA,RIGHT,2106,0.37987012987012986,0.37987012987012986,OTH_FFPA:2106|OTH_CYA:1853|OTH_LTP:1585,RIGHT:5544,OBSERVED_LAST_SURVIVOR_EXIT,LAST_SURVIVOR_TALLY_AT_CATEGORY_EXIT,2948,LNP,927.0,0.3144504748982361,False
VIC,209,Deakin,OTH,6,3,ALP>LNP>GRN>ON>IND,3,2,5544,41547,Richard Griffith-Jones,OTH_FFPA,RIGHT,2106,0.37987012987012986,0.37987012987012986,OTH_FFPA:2106|OTH_CYA:1853|OTH_LTP:1585,RIGHT:5544,OBSERVED_LAST_SURVIVOR_EXIT,LAST_SURVIVOR_TALLY_AT_CATEGORY_EXIT,2948,ON,1197.0,0.4060379918588874,False
VIC,209,Deakin,OTH,6,3,ALP>LNP>GRN>ON>IND,3,2,5544,41547,Richard Griffith-Jones,OTH_FFPA,RIGHT,2106,0.37987012987012986,0.37987012987012986,OTH_FFPA:2106|OTH_CYA:1853|OTH_LTP:1585,RIGHT:5544,PROPORTIONAL_PRIMARY_ORIGIN_PASS_THROUGH,ALL_CATEGORY_PRIMARY_VOTES_TRACED_PROPORTIONALLY,5544,ALP,429.0,0.07738095238095238,True
VIC,209,Deakin,OTH,6,3,ALP>LNP>GRN>ON>IND,3,2,5544,41547,Richard Griffith-Jones,OTH_FFPA,RIGHT,2106,0.37987012987012986,0.37987012987012986,OTH_FFPA:2106|OTH_CYA:1853|OTH_LTP:1585,RIGHT:5544,PROPORTIONAL_PRIMARY_ORIGIN_PASS_THROUGH,ALL_CATEGORY_PRIMARY_VOTES_TRACED_PROPORTIONALLY,5544,GRN,450.0,0.08116883116883117,True
VIC,209,Deakin,OTH,6,3,ALP>LNP>GRN>ON>IND,3,2,5544,41547,Richard Griffith-Jones,OTH_FFPA,RIGHT,2106,0.37987012987012986,0.37987012987012986,OTH_FFPA:2106|OTH_CYA:1853|OTH_LTP:1585,RIGHT:5544,PROPORTIONAL_PRIMARY_ORIGIN_PASS_THROUGH,ALL_CATEGORY_PRIMARY_VOTES_TRACED_PROPORTIONALLY,5544,IND,757.0,0.13654401154401155,True
VIC,209,Deakin,OTH,6,3,ALP>LNP>GRN>ON>IND,3,2,5544,41547,Richard Griffith-Jones,OTH_FFPA,RIGHT,2106,0.37987012987012986,0.37987012987012986,OTH_FFPA:2106|OTH_CYA:1853|OTH_LTP:1585,RIGHT:5544,PROPORTIONAL_PRIMARY_ORIGIN_PASS_THROUGH,ALL_CATEGORY_PRIMARY_VOTES_TRACED_PROPORTIONALLY,5544,LNP,1534.0,0.2766955266955267,True
VIC,209,Deakin,OTH,6,3,ALP>LNP>GRN>ON>IND,3,2,5544,41547,Richard Griffith-Jones,OTH_FFPA,RIGHT,2106,0.37987012987012986,0.37987012987012986,OTH_FFPA:2106|OTH_CYA:1853|OTH_LTP:1585,RIGHT:5544,PROPORTIONAL_PRIMARY_ORIGIN_PASS_THROUGH,ALL_CATEGORY_PRIMARY_VOTES_TRACED_PROPORTIONALLY,5544,ON,2374.0,0.4282106782106782,True
VIC,210,Dunkley,GRN,3,6,ALP>LNP,1,0,12649,41129,Matt Maber,GRN,,12649,1.0,1.0,GRN:12649,UNSPECIFIED:12649,OBSERVED_LAST_SURVIVOR_EXIT,LAST_SURVIVOR_TALLY_AT_CATEGORY_EXIT,18618,ALP,15655.0,0.8408529380169728,False
VIC,210,Dunkley,GRN,3,6,ALP>LNP,1,0,12649,41129,Matt Maber,GRN,,12649,1.0,1.0,GRN:12649,UNSPECIFIED:12649,OBSERVED_LAST_SURVIVOR_EXIT,LAST_SURVIVOR_TALLY_AT_CATEGORY_EXIT,18618,LNP,2963.0,0.15914706198302717,False
VIC,210,Dunkley,GRN,3,6,ALP>LNP,1,0,12649,41129,Matt Maber,GRN,,12649,1.0,1.0,GRN:12649,UNSPECIFIED:12649,PROPORTIONAL_PRIMARY_ORIGIN_PASS_THROUGH,ALL_CATEGORY_PRIMARY_VOTES_TRACED_PROPORTIONALLY,12649,ALP,10635.948812976689,0.8408529380169728,True
VIC,210,Dunkley,GRN,3,6,ALP>LNP,1,0,12649,41129,Matt Maber,GRN,,12649,1.0,1.0,GRN:12649,UNSPECIFIED:12649,PROPORTIONAL_PRIMARY_ORIGIN_PASS_THROUGH,ALL_CATEGORY_PRIMARY_VOTES_TRACED_PROPORTIONALLY,12649,LNP,2013.0511870233106,0.15914706198302717,True
VIC,210,Dunkley,ON,4,5,ALP>LNP>GRN,1,0,7494,41555,Jessica Davis,ON,,7494,1.0,1.0,ON:7494,UNSPECIFIED:7494,OBSERVED_LAST_SURVIVOR_EXIT,LAST_SURVIVOR_TALLY_AT_CATEGORY_EXIT,10776,ALP,1834.0,0.17019302152932442,False
VIC,210,Dunkley,ON,4,5,ALP>LNP>GRN,1,0,7494,41555,Jessica Davis,ON,,7494,1.0,1.0,ON:7494,UNSPECIFIED:7494,OBSERVED_LAST_SURVIVOR_EXIT,LAST_SURVIVOR_TALLY_AT_CATEGORY_EXIT,10776,GRN,2470.0,0.22921306607275427,False
VIC,210,Dunkley,ON,4,5,ALP>LNP>GRN,1,0,7494,41555,Jessica Davis,ON,,7494,1.0,1.0,ON:7494,UNSPECIFIED:7494,OBSERVED_LAST_SURVIVOR_EXIT,LAST_SURVIVOR_TALLY_AT_CATEGORY_EXIT,10776,LNP,6472.0,0.6005939123979213,False
VIC,210,Dunkley,ON,4,5,ALP>LNP>GRN,1,0,7494,41555,Jessica Davis,ON,,7494,1.0,1.0,ON:7494,UNSPECIFIED:7494,PROPORTIONAL_PRIMARY_ORIGIN_PASS_THROUGH,ALL_CATEGORY_PRIMARY_VOTES_TRACED_PROPORTIONALLY,7494,ALP,1275.426503340757,0.17019302152932442,True
VIC,210,Dunkley,ON,4,5,ALP>LNP>GRN,1,0,7494,41555,Jessica Davis,ON,,7494,1.0,1.0,ON:7494,UNSPECIFIED:7494,PROPORTIONAL_PRIMARY_ORIGIN_PASS_THROUGH,ALL_CATEGORY_PRIMARY_VOTES_TRACED_PROPORTIONALLY,7494,GRN,1717.7227171492204,0.22921306607275427,True
VIC,210,Dunkley,ON,4,5,ALP>LNP>GRN,1,0,7494,41555,Jessica Davis,ON,,7494,1.0,1.0,ON:7494,UNSPECIFIED:7494,PROPORTIONAL_PRIMARY_ORIGIN_PASS_THROUGH,ALL_CATEGORY_PRIMARY_VOTES_TRACED_PROPORTIONALLY,7494,LNP,4500.850779510022,0.6005939123979213,True
VIC,210,Dunkley,OTH,5,4,ALP>LNP>GRN>ON,4,3,11951,41227,Lisa Abbott,OTH_HMP,CENTRE_LEFT,5243,0.43870805790310435,0.43870805790310435,OTH_HMP:5243|IND_MINOR:3230|OTH_FFPA:2497|OTH_SOPA:981,CENTRE_LEFT:5243|CENTRE:3230|RIGHT:2497|LEFT:981,OBSERVED_LAST_SURVIVOR_EXIT,LAST_SURVIVOR_TALLY_AT_CATEGORY_EXIT,6456,ALP,1912.0,0.29615861214374223,False
VIC,210,Dunkley,OTH,5,4,ALP>LNP>GRN>ON,4,3,11951,41227,Lisa Abbott,OTH_HMP,CENTRE_LEFT,5243,0.43870805790310435,0.43870805790310435,OTH_HMP:5243|IND_MINOR:3230|OTH_FFPA:2497|OTH_SOPA:981,CENTRE_LEFT:5243|CENTRE:3230|RIGHT:2497|LEFT:981,OBSERVED_LAST_SURVIVOR_EXIT,LAST_SURVIVOR_TALLY_AT_CATEGORY_EXIT,6456,GRN,2283.0,0.35362453531598514,False
VIC,210,Dunkley,OTH,5,4,ALP>LNP>GRN>ON,4,3,11951,41227,Lisa Abbott,OTH_HMP,CENTRE_LEFT,5243,0.43870805790310435,0.43870805790310435,OTH_HMP:5243|IND_MINOR:3230|OTH_FFPA:2497|OTH_SOPA:981,CENTRE_LEFT:5243|CENTRE:3230|RIGHT:2497|LEFT:981,OBSERVED_LAST_SURVIVOR_EXIT,LAST_SURVIVOR_TALLY_AT_CATEGORY_EXIT,6456,LNP,801.0,0.12407063197026022,False
VIC,210,Dunkley,OTH,5,4,ALP>LNP>GRN>ON,4,3,11951,41227,Lisa Abbott,OTH_HMP,CENTRE_LEFT,5243,0.43870805790310435,0.43870805790310435,OTH_HMP:5243|IND_MINOR:3230|OTH_FFPA:2497|OTH_SOPA:981,CENTRE_LEFT:5243|CENTRE:3230|RIGHT:2497|LEFT:981,OBSERVED_LAST_SURVIVOR_EXIT,LAST_SURVIVOR_TALLY_AT_CATEGORY_EXIT,6456,ON,1460.0,0.22614622057001238,False
VIC,210,Dunkley,OTH,5,4,ALP>LNP>GRN>ON,4,3,11951,41227,Lisa Abbott,OTH_HMP,CENTRE_LEFT,5243,0.43870805790310435,0.43870805790310435,OTH_HMP:5243|IND_MINOR:3230|OTH_FFPA:2497|OTH_SOPA:981,CENTRE_LEFT:5243|CENTRE:3230|RIGHT:2497|LEFT:981,PROPORTIONAL_PRIMARY_ORIGIN_PASS_THROUGH,ALL_CATEGORY_PRIMARY_VOTES_TRACED_PROPORTIONALLY,11951,ALP,3033.0,0.25378629403397207,True
VIC,210,Dunkley,OTH,5,4,ALP>LNP>GRN>ON,4,3,11951,41227,Lisa Abbott,OTH_HMP,CENTRE_LEFT,5243,0.43870805790310435,0.43870805790310435,OTH_HMP:5243|IND_MINOR:3230|OTH_FFPA:2497|OTH_SOPA:981,CENTRE_LEFT:5243|CENTRE:3230|RIGHT:2497|LEFT:981,PROPORTIONAL_PRIMARY_ORIGIN_PASS_THROUGH,ALL_CATEGORY_PRIMARY_VOTES_TRACED_PROPORTIONALLY,11951,GRN,3499.0,0.2927788469584135,True
VIC,210,Dunkley,OTH,5,4,ALP>LNP>GRN>ON,4,3,11951,41227,Lisa Abbott,OTH_HMP,CENTRE_LEFT,5243,0.43870805790310435,0.43870805790310435,OTH_HMP:5243|IND_MINOR:3230|OTH_FFPA:2497|OTH_SOPA:981,CENTRE_LEFT:5243|CENTRE:3230|RIGHT:2497|LEFT:981,PROPORTIONAL_PRIMARY_ORIGIN_PASS_THROUGH,ALL_CATEGORY_PRIMARY_VOTES_TRACED_PROPORTIONALLY,11951,LNP,2137.0,0.17881348841101163,True
VIC,210,Dunkley,OTH,5,4,ALP>LNP>GRN>ON,4,3,11951,41227,Lisa Abbott,OTH_HMP,CENTRE_LEFT,5243,0.43870805790310435,0.43870805790310435,OTH_HMP:5243|IND_MINOR:3230|OTH_FFPA:2497|OTH_SOPA:981,CENTRE_LEFT:5243|CENTRE:3230|RIGHT:2497|LEFT:981,PROPORTIONAL_PRIMARY_ORIGIN_PASS_THROUGH,ALL_CATEGORY_PRIMARY_VOTES_TRACED_PROPORTIONALLY,11951,ON,3281.9999999999995,0.27462137059660274,True
VIC,211,Flinders,ALP,3,5,LNP>IND,1,0,25622,40853,Sarah Race,ALP,,25622,1.0,1.0,ALP:25622,UNSPECIFIED:25622,OBSERVED_LAST_SURVIVOR_EXIT,LAST_SURVIVOR_TALLY_AT_CATEGORY_EXIT,30194,IND,23548.0,0.7798900443796781,False
VIC,211,Flinders,ALP,3,5,LNP>IND,1,0,25622,40853,Sarah Race,ALP,,25622,1.0,1.0,ALP:25622,UNSPECIFIED:25622,OBSERVED_LAST_SURVIVOR_EXIT,LAST_SURVIVOR_TALLY_AT_CATEGORY_EXIT,30194,LNP,6646.0,0.22010995562032193,False
VIC,211,Flinders,ALP,3,5,LNP>IND,1,0,25622,40853,Sarah Race,ALP,,25622,1.0,1.0,ALP:25622,UNSPECIFIED:25622,PROPORTIONAL_PRIMARY_ORIGIN_PASS_THROUGH,ALL_CATEGORY_PRIMARY_VOTES_TRACED_PROPORTIONALLY,25622,IND,19982.34271709611,0.779890044379678,True
VIC,211,Flinders,ALP,3,5,LNP>IND,1,0,25622,40853,Sarah Race,ALP,,25622,1.0,1.0,ALP:25622,UNSPECIFIED:25622,PROPORTIONAL_PRIMARY_ORIGIN_PASS_THROUGH,ALL_CATEGORY_PRIMARY_VOTES_TRACED_PROPORTIONALLY,25622,LNP,5639.657282903889,0.22010995562032193,True
VIC,211,Flinders,GRN,4,4,ALP>LNP>IND,1,0,7305,41131,Adam Frogley,GRN,,7305,1.0,1.0,GRN:7305,UNSPECIFIED:7305,OBSERVED_LAST_SURVIVOR_EXIT,LAST_SURVIVOR_TALLY_AT_CATEGORY_EXIT,7971,ALP,3525.0,0.44222807677832143,False
VIC,211,Flinders,GRN,4,4,ALP>LNP>IND,1,0,7305,41131,Adam Frogley,GRN,,7305,1.0,1.0,GRN:7305,UNSPECIFIED:7305,OBSERVED_LAST_SURVIVOR_EXIT,LAST_SURVIVOR_TALLY_AT_CATEGORY_EXIT,7971,IND,3874.0,0.4860117927487141,False
VIC,211,Flinders,GRN,4,4,ALP>LNP>IND,1,0,7305,41131,Adam Frogley,GRN,,7305,1.0,1.0,GRN:7305,UNSPECIFIED:7305,OBSERVED_LAST_SURVIVOR_EXIT,LAST_SURVIVOR_TALLY_AT_CATEGORY_EXIT,7971,LNP,572.0,0.07176013047296449,False
VIC,211,Flinders,GRN,4,4,ALP>LNP>IND,1,0,7305,41131,Adam Frogley,GRN,,7305,1.0,1.0,GRN:7305,UNSPECIFIED:7305,PROPORTIONAL_PRIMARY_ORIGIN_PASS_THROUGH,ALL_CATEGORY_PRIMARY_VOTES_TRACED_PROPORTIONALLY,7305,ALP,3230.4761008656383,0.4422280767783215,True
VIC,211,Flinders,GRN,4,4,ALP>LNP>IND,1,0,7305,41131,Adam Frogley,GRN,,7305,1.0,1.0,GRN:7305,UNSPECIFIED:7305,PROPORTIONAL_PRIMARY_ORIGIN_PASS_THROUGH,ALL_CATEGORY_PRIMARY_VOTES_TRACED_PROPORTIONALLY,7305,IND,3550.3161460293563,0.4860117927487141,True
VIC,211,Flinders,GRN,4,4,ALP>LNP>IND,1,0,7305,41131,Adam Frogley,GRN,,7305,1.0,1.0,GRN:7305,UNSPECIFIED:7305,PROPORTIONAL_PRIMARY_ORIGIN_PASS_THROUGH,ALL_CATEGORY_PRIMARY_VOTES_TRACED_PROPORTIONALLY,7305,LNP,524.2077531050056,0.07176013047296449,True
VIC,211,Flinders,ON,5,3,ALP>LNP>GRN>IND,1,0,6091,41509,Mike Brown,ON,,6091,1.0,1.0,ON:6091,UNSPECIFIED:6091,OBSERVED_LAST_SURVIVOR_EXIT,LAST_SURVIVOR_TALLY_AT_CATEGORY_EXIT,7439,ALP,696.0,0.093560962494959,False
VIC,211,Flinders,ON,5,3,ALP>LNP>GRN>IND,1,0,6091,41509,Mike Brown,ON,,6091,1.0,1.0,ON:6091,UNSPECIFIED:6091,OBSERVED_LAST_SURVIVOR_EXIT,LAST_SURVIVOR_TALLY_AT_CATEGORY_EXIT,7439,GRN,360.0,0.04839360129049603,False
VIC,211,Flinders,ON,5,3,ALP>LNP>GRN>IND,1,0,6091,41509,Mike Brown,ON,,6091,1.0,1.0,ON:6091,UNSPECIFIED:6091,OBSERVED_LAST_SURVIVOR_EXIT,LAST_SURVIVOR_TALLY_AT_CATEGORY_EXIT,7439,IND,1727.0,0.2321548595241296,False
VIC,211,Flinders,ON,5,3,ALP>LNP>GRN>IND,1,0,6091,41509,Mike Brown,ON,,6091,1.0,1.0,ON:6091,UNSPECIFIED:6091,OBSERVED_LAST_SURVIVOR_EXIT,LAST_SURVIVOR_TALLY_AT_CATEGORY_EXIT,7439,LNP,4656.0,0.6258905766904154,False
VIC,211,Flinders,ON,5,3,ALP>LNP>GRN>IND,1,0,6091,41509,Mike Brown,ON,,6091,1.0,1.0,ON:6091,UNSPECIFIED:6091,PROPORTIONAL_PRIMARY_ORIGIN_PASS_THROUGH,ALL_CATEGORY_PRIMARY_VOTES_TRACED_PROPORTIONALLY,6091,ALP,569.8798225567953,0.093560962494959,True
VIC,211,Flinders,ON,5,3,ALP>LNP>GRN>IND,1,0,6091,41509,Mike Brown,ON,,6091,1.0,1.0,ON:6091,UNSPECIFIED:6091,PROPORTIONAL_PRIMARY_ORIGIN_PASS_THROUGH,ALL_CATEGORY_PRIMARY_VOTES_TRACED_PROPORTIONALLY,6091,GRN,294.76542546041134,0.04839360129049603,True
VIC,211,Flinders,ON,5,3,ALP>LNP>GRN>IND,1,0,6091,41509,Mike Brown,ON,,6091,1.0,1.0,ON:6091,UNSPECIFIED:6091,PROPORTIONAL_PRIMARY_ORIGIN_PASS_THROUGH,ALL_CATEGORY_PRIMARY_VOTES_TRACED_PROPORTIONALLY,6091,IND,1414.0552493614734,0.23215485952412962,True
VIC,211,Flinders,ON,5,3,ALP>LNP>GRN>IND,1,0,6091,41509,Mike Brown,ON,,6091,1.0,1.0,ON:6091,UNSPECIFIED:6091,PROPORTIONAL_PRIMARY_ORIGIN_PASS_THROUGH,ALL_CATEGORY_PRIMARY_VOTES_TRACED_PROPORTIONALLY,6091,LNP,3812.29950262132,0.6258905766904154,True
VIC,211,Flinders,OTH,6,2,ALP>LNP>GRN>ON>IND,2,1,4124,41371,Jason Smart,OTH_CYA,RIGHT,3144,0.7623666343355965,0.7623666343355965,OTH_CYA:3144|IND_MINOR:980,RIGHT:3144|CENTRE:980,OBSERVED_LAST_SURVIVOR_EXIT,LAST_SURVIVOR_TALLY_AT_CATEGORY_EXIT,3252,ALP,202.0,0.06211562115621156,False
VIC,211,Flinders,OTH,6,2,ALP>LNP>GRN>ON>IND,2,1,4124,41371,Jason Smart,OTH_CYA,RIGHT,3144,0.7623666343355965,0.7623666343355965,OTH_CYA:3144|IND_MINOR:980,RIGHT:3144|CENTRE:980,OBSERVED_LAST_SURVIVOR_EXIT,LAST_SURVIVOR_TALLY_AT_CATEGORY_EXIT,3252,GRN,150.0,0.046125461254612546,False
VIC,211,Flinders,OTH,6,2,ALP>LNP>GRN>ON>IND,2,1,4124,41371,Jason Smart,OTH_CYA,RIGHT,3144,0.7623666343355965,0.7623666343355965,OTH_CYA:3144|IND_MINOR:980,RIGHT:3144|CENTRE:980,OBSERVED_LAST_SURVIVOR_EXIT,LAST_SURVIVOR_TALLY_AT_CATEGORY_EXIT,3252,IND,963.0,0.29612546125461253,False
VIC,211,Flinders,OTH,6,2,ALP>LNP>GRN>ON>IND,2,1,4124,41371,Jason Smart,OTH_CYA,RIGHT,3144,0.7623666343355965,0.7623666343355965,OTH_CYA:3144|IND_MINOR:980,RIGHT:3144|CENTRE:980,OBSERVED_LAST_SURVIVOR_EXIT,LAST_SURVIVOR_TALLY_AT_CATEGORY_EXIT,3252,LNP,723.0,0.22232472324723246,False
VIC,211,Flinders,OTH,6,2,ALP>LNP>GRN>ON>IND,2,1,4124,41371,Jason Smart,OTH_CYA,RIGHT,3144,0.7623666343355965,0.7623666343355965,OTH_CYA:3144|IND_MINOR:980,RIGHT:3144|CENTRE:980,OBSERVED_LAST_SURVIVOR_EXIT,LAST_SURVIVOR_TALLY_AT_CATEGORY_EXIT,3252,ON,1214.0,0.37330873308733087,False
VIC,211,Flinders,OTH,6,2,ALP>LNP>GRN>ON>IND,2,1,4124,41371,Jason Smart,OTH_CYA,RIGHT,3144,0.7623666343355965,0.7623666343355965,OTH_CYA:3144|IND_MINOR:980,RIGHT:3144|CENTRE:980,PROPORTIONAL_PRIMARY_ORIGIN_PASS_THROUGH,ALL_CATEGORY_PRIMARY_VOTES_TRACED_PROPORTIONALLY,4124,ALP,351.0,0.08511154219204656,True
VIC,211,Flinders,OTH,6,2,ALP>LNP>GRN>ON>IND,2,1,4124,41371,Jason Smart,OTH_CYA,RIGHT,3144,0.7623666343355965,0.7623666343355965,OTH_CYA:3144|IND_MINOR:980,RIGHT:3144|CENTRE:980,PROPORTIONAL_PRIMARY_ORIGIN_PASS_THROUGH,ALL_CATEGORY_PRIMARY_VOTES_TRACED_PROPORTIONALLY,4124,GRN,306.0,0.07419980601357905,True
VIC,211,Flinders,OTH,6,2,ALP>LNP>GRN>ON>IND,2,1,4124,41371,Jason Smart,OTH_CYA,RIGHT,3144,0.7623666343355965,0.7623666343355965,OTH_CYA:3144|IND_MINOR:980,RIGHT:3144|CENTRE:980,PROPORTIONAL_PRIMARY_ORIGIN_PASS_THROUGH,ALL_CATEGORY_PRIMARY_VOTES_TRACED_PROPORTIONALLY,4124,IND,1278.0,0.3098933074684772,True
VIC,211,Flinders,OTH,6,2,ALP>LNP>GRN>ON>IND,2,1,4124,41371,Jason Smart,OTH_CYA,RIGHT,3144,0.7623666343355965,0.7623666343355965,OTH_CYA:3144|IND_MINOR:980,RIGHT:3144|CENTRE:980,PROPORTIONAL_PRIMARY_ORIGIN_PASS_THROUGH,ALL_CATEGORY_PRIMARY_VOTES_TRACED_PROPORTIONALLY,4124,LNP,841.0,0.20392822502424832,True
VIC,211,Flinders,OTH,6,2,ALP>LNP>GRN>ON>IND,2,1,4124,41371,Jason Smart,OTH_CYA,RIGHT,3144,0.7623666343355965,0.7623666343355965,OTH_CYA:3144|IND_MINOR:980,RIGHT:3144|CENTRE:980,PROPORTIONAL_PRIMARY_ORIGIN_PASS_THROUGH,ALL_CATEGORY_PRIMARY_VOTES_TRACED_PROPORTIONALLY,4124,ON,1348.0,0.3268671193016489,True
VIC,321,Fraser,LNP,3,4,ALP>GRN,1,0,18125,40783,Satish Patel,LIB,,18125,1.0,1.0,LIB:18125,UNSPECIFIED:18125,OBSERVED_LAST_SURVIVOR_EXIT,LAST_SURVIVOR_TALLY_AT_CATEGORY_EXIT,23087,ALP,14865.0,0.643868843938147,False
VIC,321,Fraser,LNP,3,4,ALP>GRN,1,0,18125,40783,Satish Patel,LIB,,18125,1.0,1.0,LIB:18125,UNSPECIFIED:18125,OBSERVED_LAST_SURVIVOR_EXIT,LAST_SURVIVOR_TALLY_AT_CATEGORY_EXIT,23087,GRN,8222.0,0.35613115606185297,False
VIC,321,Fraser,LNP,3,4,ALP>GRN,1,0,18125,40783,Satish Patel,LIB,,18125,1.0,1.0,LIB:18125,UNSPECIFIED:18125,PROPORTIONAL_PRIMARY_ORIGIN_PASS_THROUGH,ALL_CATEGORY_PRIMARY_VOTES_TRACED_PROPORTIONALLY,18125,ALP,11670.122796378915,0.643868843938147,True
VIC,321,Fraser,LNP,3,4,ALP>GRN,1,0,18125,40783,Satish Patel,LIB,,18125,1.0,1.0,LIB:18125,UNSPECIFIED:18125,PROPORTIONAL_PRIMARY_ORIGIN_PASS_THROUGH,ALL_CATEGORY_PRIMARY_VOTES_TRACED_PROPORTIONALLY,18125,GRN,6454.877203621085,0.35613115606185297,True
VIC,321,Fraser,OTH,4,3,ALP>LNP>GRN,2,1,11250,41004,Jasmine Duff,OTH_VNS,LEFT,6705,0.596,0.596,OTH_VNS:6705|OTH_FFPA:4545,LEFT:6705|RIGHT:4545,OBSERVED_LAST_SURVIVOR_EXIT,LAST_SURVIVOR_TALLY_AT_CATEGORY_EXIT,8355,ALP,1515.0,0.1813285457809695,False
VIC,321,Fraser,OTH,4,3,ALP>LNP>GRN,2,1,11250,41004,Jasmine Duff,OTH_VNS,LEFT,6705,0.596,0.596,OTH_VNS:6705|OTH_FFPA:4545,LEFT:6705|RIGHT:4545,OBSERVED_LAST_SURVIVOR_EXIT,LAST_SURVIVOR_TALLY_AT_CATEGORY_EXIT,8355,GRN,5945.0,0.7115499700777977,False
VIC,321,Fraser,OTH,4,3,ALP>LNP>GRN,2,1,11250,41004,Jasmine Duff,OTH_VNS,LEFT,6705,0.596,0.596,OTH_VNS:6705|OTH_FFPA:4545,LEFT:6705|RIGHT:4545,OBSERVED_LAST_SURVIVOR_EXIT,LAST_SURVIVOR_TALLY_AT_CATEGORY_EXIT,8355,LNP,895.0,0.10712148414123279,False
VIC,321,Fraser,OTH,4,3,ALP>LNP>GRN,2,1,11250,41004,Jasmine Duff,OTH_VNS,LEFT,6705,0.596,0.596,OTH_VNS:6705|OTH_FFPA:4545,LEFT:6705|RIGHT:4545,PROPORTIONAL_PRIMARY_ORIGIN_PASS_THROUGH,ALL_CATEGORY_PRIMARY_VOTES_TRACED_PROPORTIONALLY,11250,ALP,2112.563335328147,0.18778340758472417,True
VIC,321,Fraser,OTH,4,3,ALP>LNP>GRN,2,1,11250,41004,Jasmine Duff,OTH_VNS,LEFT,6705,0.596,0.596,OTH_VNS:6705|OTH_FFPA:4545,LEFT:6705|RIGHT:4545,PROPORTIONAL_PRIMARY_ORIGIN_PASS_THROUGH,ALL_CATEGORY_PRIMARY_VOTES_TRACED_PROPORTIONALLY,11250,GRN,6984.600774996503,0.6208534022219113,True
VIC,321,Fraser,OTH,4,3,ALP>LNP>GRN,2,1,11250,41004,Jasmine Duff,OTH_VNS,LEFT,6705,0.596,0.596,OTH_VNS:6705|OTH_FFPA:4545,LEFT:6705|RIGHT:4545,PROPORTIONAL_PRIMARY_ORIGIN_PASS_THROUGH,ALL_CATEGORY_PRIMARY_VOTES_TRACED_PROPORTIONALLY,11250,LNP,2152.83588967535,0.19136319019336442,True
VIC,321,Fraser,ON,5,2,ALP>LNP>GRN>OTH,1,0,5135,41517,George Rozario,ON,,5135,1.0,1.0,ON:5135,UNSPECIFIED:5135,OBSERVED_LAST_SURVIVOR_EXIT,LAST_SURVIVOR_TALLY_AT_CATEGORY_EXIT,6525,ALP,899.0,0.13777777777777778,False
VIC,321,Fraser,ON,5,2,ALP>LNP>GRN>OTH,1,0,5135,41517,George Rozario,ON,,5135,1.0,1.0,ON:5135,UNSPECIFIED:5135,OBSERVED_LAST_SURVIVOR_EXIT,LAST_SURVIVOR_TALLY_AT_CATEGORY_EXIT,6525,GRN,943.0,0.14452107279693488,False
VIC,321,Fraser,ON,5,2,ALP>LNP>GRN>OTH,1,0,5135,41517,George Rozario,ON,,5135,1.0,1.0,ON:5135,UNSPECIFIED:5135,OBSERVED_LAST_SURVIVOR_EXIT,LAST_SURVIVOR_TALLY_AT_CATEGORY_EXIT,6525,LNP,3436.0,0.5265900383141763,False
VIC,321,Fraser,ON,5,2,ALP>LNP>GRN>OTH,1,0,5135,41517,George Rozario,ON,,5135,1.0,1.0,ON:5135,UNSPECIFIED:5135,OBSERVED_LAST_SURVIVOR_EXIT,LAST_SURVIVOR_TALLY_AT_CATEGORY_EXIT,6525,OTH,1247.0,0.19111111111111112,False
VIC,321,Fraser,ON,5,2,ALP>LNP>GRN>OTH,1,0,5135,41517,George Rozario,ON,,5135,1.0,1.0,ON:5135,UNSPECIFIED:5135,PROPORTIONAL_PRIMARY_ORIGIN_PASS_THROUGH,ALL_CATEGORY_PRIMARY_VOTES_TRACED_PROPORTIONALLY,5135,ALP,707.4888888888889,0.13777777777777778,True
VIC,321,Fraser,ON,5,2,ALP>LNP>GRN>OTH,1,0,5135,41517,George Rozario,ON,,5135,1.0,1.0,ON:5135,UNSPECIFIED:5135,PROPORTIONAL_PRIMARY_ORIGIN_PASS_THROUGH,ALL_CATEGORY_PRIMARY_VOTES_TRACED_PROPORTIONALLY,5135,GRN,742.1157088122606,0.14452107279693488,True
VIC,321,Fraser,ON,5,2,ALP>LNP>GRN>OTH,1,0,5135,41517,George Rozario,ON,,5135,1.0,1.0,ON:5135,UNSPECIFIED:5135,PROPORTIONAL_PRIMARY_ORIGIN_PASS_THROUGH,ALL_CATEGORY_PRIMARY_VOTES_TRACED_PROPORTIONALLY,5135,LNP,2704.039846743295,0.5265900383141763,True
VIC,321,Fraser,ON,5,2,ALP>LNP>GRN>OTH,1,0,5135,41517,George Rozario,ON,,5135,1.0,1.0,ON:5135,UNSPECIFIED:5135,PROPORTIONAL_PRIMARY_ORIGIN_PASS_THROUGH,ALL_CATEGORY_PRIMARY_VOTES_TRACED_PROPORTIONALLY,5135,OTH,981.3555555555556,0.19111111111111112,True
VIC,212,Gellibrand,GRN,3,3,ALP>LNP,1,0,17933,41121,Ponraj Krishna Pandi,GRN,,17933,1.0,1.0,GRN:17933,UNSPECIFIED:17933,OBSERVED_LAST_SURVIVOR_EXIT,LAST_SURVIVOR_TALLY_AT_CATEGORY_EXIT,20351,ALP,16878.0,0.8293449953319247,False
VIC,212,Gellibrand,GRN,3,3,ALP>LNP,1,0,17933,41121,Ponraj Krishna Pandi,GRN,,17933,1.0,1.0,GRN:17933,UNSPECIFIED:17933,OBSERVED_LAST_SURVIVOR_EXIT,LAST_SURVIVOR_TALLY_AT_CATEGORY_EXIT,20351,LNP,3473.0,0.1706550046680753,False
VIC,212,Gellibrand,GRN,3,3,ALP>LNP,1,0,17933,41121,Ponraj Krishna Pandi,GRN,,17933,1.0,1.0,GRN:17933,UNSPECIFIED:17933,PROPORTIONAL_PRIMARY_ORIGIN_PASS_THROUGH,ALL_CATEGORY_PRIMARY_VOTES_TRACED_PROPORTIONALLY,17933,ALP,14872.643801287406,0.8293449953319247,True
VIC,212,Gellibrand,GRN,3,3,ALP>LNP,1,0,17933,41121,Ponraj Krishna Pandi,GRN,,17933,1.0,1.0,GRN:17933,UNSPECIFIED:17933,PROPORTIONAL_PRIMARY_ORIGIN_PASS_THROUGH,ALL_CATEGORY_PRIMARY_VOTES_TRACED_PROPORTIONALLY,17933,LNP,3060.356198712594,0.1706550046680753,True
VIC,212,Gellibrand,ON,4,2,ALP>LNP>GRN,1,0,6290,41537,Stephen Bennett,ON,,6290,1.0,1.0,ON:6290,UNSPECIFIED:6290,OBSERVED_LAST_SURVIVOR_EXIT,LAST_SURVIVOR_TALLY_AT_CATEGORY_EXIT,7856,ALP,1727.0,0.21983197556008147,False
VIC,212,Gellibrand,ON,4,2,ALP>LNP>GRN,1,0,6290,41537,Stephen Bennett,ON,,6290,1.0,1.0,ON:6290,UNSPECIFIED:6290,OBSERVED_LAST_SURVIVOR_EXIT,LAST_SURVIVOR_TALLY_AT_CATEGORY_EXIT,7856,GRN,1373.0,0.17477087576374745,False
VIC,212,Gellibrand,ON,4,2,ALP>LNP>GRN,1,0,6290,41537,Stephen Bennett,ON,,6290,1.0,1.0,ON:6290,UNSPECIFIED:6290,OBSERVED_LAST_SURVIVOR_EXIT,LAST_SURVIVOR_TALLY_AT_CATEGORY_EXIT,7856,LNP,4756.0,0.6053971486761711,False
VIC,212,Gellibrand,ON,4,2,ALP>LNP>GRN,1,0,6290,41537,Stephen Bennett,ON,,6290,1.0,1.0,ON:6290,UNSPECIFIED:6290,PROPORTIONAL_PRIMARY_ORIGIN_PASS_THROUGH,ALL_CATEGORY_PRIMARY_VOTES_TRACED_PROPORTIONALLY,6290,ALP,1382.7431262729124,0.21983197556008147,True
VIC,212,Gellibrand,ON,4,2,ALP>LNP>GRN,1,0,6290,41537,Stephen Bennett,ON,,6290,1.0,1.0,ON:6290,UNSPECIFIED:6290,PROPORTIONAL_PRIMARY_ORIGIN_PASS_THROUGH,ALL_CATEGORY_PRIMARY_VOTES_TRACED_PROPORTIONALLY,6290,GRN,1099.3088085539714,0.17477087576374745,True
VIC,212,Gellibrand,ON,4,2,ALP>LNP>GRN,1,0,6290,41537,Stephen Bennett,ON,,6290,1.0,1.0,ON:6290,UNSPECIFIED:6290,PROPORTIONAL_PRIMARY_ORIGIN_PASS_THROUGH,ALL_CATEGORY_PRIMARY_VOTES_TRACED_PROPORTIONALLY,6290,LNP,3807.9480651731164,0.6053971486761711,True
VIC,212,Gellibrand,OTH,5,1,ALP>LNP>GRN>ON,1,0,4396,41577,Jo Garcia,OTH_FFPA,RIGHT,4396,1.0,1.0,OTH_FFPA:4396,RIGHT:4396,OBSERVED_LAST_SURVIVOR_EXIT,LAST_SURVIVOR_TALLY_AT_CATEGORY_EXIT,4396,ALP,840.0,0.1910828025477707,False
VIC,212,Gellibrand,OTH,5,1,ALP>LNP>GRN>ON,1,0,4396,41577,Jo Garcia,OTH_FFPA,RIGHT,4396,1.0,1.0,OTH_FFPA:4396,RIGHT:4396,OBSERVED_LAST_SURVIVOR_EXIT,LAST_SURVIVOR_TALLY_AT_CATEGORY_EXIT,4396,GRN,1045.0,0.23771610555050046,False
VIC,212,Gellibrand,OTH,5,1,ALP>LNP>GRN>ON,1,0,4396,41577,Jo Garcia,OTH_FFPA,RIGHT,4396,1.0,1.0,OTH_FFPA:4396,RIGHT:4396,OBSERVED_LAST_SURVIVOR_EXIT,LAST_SURVIVOR_TALLY_AT_CATEGORY_EXIT,4396,LNP,945.0,0.21496815286624205,False
VIC,212,Gellibrand,OTH,5,1,ALP>LNP>GRN>ON,1,0,4396,41577,Jo Garcia,OTH_FFPA,RIGHT,4396,1.0,1.0,OTH_FFPA:4396,RIGHT:4396,OBSERVED_LAST_SURVIVOR_EXIT,LAST_SURVIVOR_TALLY_AT_CATEGORY_EXIT,4396,ON,1566.0,0.3562329390354868,False
VIC,212,Gellibrand,OTH,5,1,ALP>LNP>GRN>ON,1,0,4396,41577,Jo Garcia,OTH_FFPA,RIGHT,4396,1.0,1.0,OTH_FFPA:4396,RIGHT:4396,PROPORTIONAL_PRIMARY_ORIGIN_PASS_THROUGH,ALL_CATEGORY_PRIMARY_VOTES_TRACED_PROPORTIONALLY,4396,ALP,840.0000000000001,0.1910828025477707,True
VIC,212,Gellibrand,OTH,5,1,ALP>LNP>GRN>ON,1,0,4396,41577,Jo Garcia,OTH_FFPA,RIGHT,4396,1.0,1.0,OTH_FFPA:4396,RIGHT:4396,PROPORTIONAL_PRIMARY_ORIGIN_PASS_THROUGH,ALL_CATEGORY_PRIMARY_VOTES_TRACED_PROPORTIONALLY,4396,GRN,1045.0,0.23771610555050046,True
VIC,212,Gellibrand,OTH,5,1,ALP>LNP>GRN>ON,1,0,4396,41577,Jo Garcia,OTH_FFPA,RIGHT,4396,1.0,1.0,OTH_FFPA:4396,RIGHT:4396,PROPORTIONAL_PRIMARY_ORIGIN_PASS_THROUGH,ALL_CATEGORY_PRIMARY_VOTES_TRACED_PROPORTIONALLY,4396,LNP,945.0,0.21496815286624205,True
VIC,212,Gellibrand,OTH,5,1,ALP>LNP>GRN>ON,1,0,4396,41577,Jo Garcia,OTH_FFPA,RIGHT,4396,1.0,1.0,OTH_FFPA:4396,RIGHT:4396,PROPORTIONAL_PRIMARY_ORIGIN_PASS_THROUGH,ALL_CATEGORY_PRIMARY_VOTES_TRACED_PROPORTIONALLY,4396,ON,1566.0,0.3562329390354868,True
VIC,213,Gippsland,ON,3,3,ALP>LNP,1,0,15118,41523,Gregory Hansford,ON,,15118,1.0,1.0,ON:15118,UNSPECIFIED:15118,OBSERVED_LAST_SURVIVOR_EXIT,LAST_SURVIVOR_TALLY_AT_CATEGORY_EXIT,17197,ALP,2626.0,0.15270105250915858,False
VIC,213,Gippsland,ON,3,3,ALP>LNP,1,0,15118,41523,Gregory Hansford,ON,,15118,1.0,1.0,ON:15118,UNSPECIFIED:15118,OBSERVED_LAST_SURVIVOR_EXIT,LAST_SURVIVOR_TALLY_AT_CATEGORY_EXIT,17197,LNP,14571.0,0.8472989474908414,False
VIC,213,Gippsland,ON,3,3,ALP>LNP,1,0,15118,41523,Gregory Hansford,ON,,15118,1.0,1.0,ON:15118,UNSPECIFIED:15118,PROPORTIONAL_PRIMARY_ORIGIN_PASS_THROUGH,ALL_CATEGORY_PRIMARY_VOTES_TRACED_PROPORTIONALLY,15118,ALP,2308.5345118334594,0.15270105250915858,True
VIC,213,Gippsland,ON,3,3,ALP>LNP,1,0,15118,41523,Gregory Hansford,ON,,15118,1.0,1.0,ON:15118,UNSPECIFIED:15118,PROPORTIONAL_PRIMARY_ORIGIN_PASS_THROUGH,ALL_CATEGORY_PRIMARY_VOTES_TRACED_PROPORTIONALLY,15118,LNP,12809.465488166541,0.8472989474908414,True
VIC,213,Gippsland,GRN,4,2,ALP>LNP>ON,1,0,8897,41118,Rochelle Hine,GRN,,8897,1.0,1.0,GRN:8897,UNSPECIFIED:8897,OBSERVED_LAST_SURVIVOR_EXIT,LAST_SURVIVOR_TALLY_AT_CATEGORY_EXIT,9212,ALP,6844.0,0.7429439861050803,False
VIC,213,Gippsland,GRN,4,2,ALP>LNP>ON,1,0,8897,41118,Rochelle Hine,GRN,,8897,1.0,1.0,GRN:8897,UNSPECIFIED:8897,OBSERVED_LAST_SURVIVOR_EXIT,LAST_SURVIVOR_TALLY_AT_CATEGORY_EXIT,9212,LNP,1710.0,0.18562744246634824,False
VIC,213,Gippsland,GRN,4,2,ALP>LNP>ON,1,0,8897,41118,Rochelle Hine,GRN,,8897,1.0,1.0,GRN:8897,UNSPECIFIED:8897,OBSERVED_LAST_SURVIVOR_EXIT,LAST_SURVIVOR_TALLY_AT_CATEGORY_EXIT,9212,ON,658.0,0.07142857142857142,False
VIC,213,Gippsland,GRN,4,2,ALP>LNP>ON,1,0,8897,41118,Rochelle Hine,GRN,,8897,1.0,1.0,GRN:8897,UNSPECIFIED:8897,PROPORTIONAL_PRIMARY_ORIGIN_PASS_THROUGH,ALL_CATEGORY_PRIMARY_VOTES_TRACED_PROPORTIONALLY,8897,ALP,6609.9726443769,0.7429439861050803,True
VIC,213,Gippsland,GRN,4,2,ALP>LNP>ON,1,0,8897,41118,Rochelle Hine,GRN,,8897,1.0,1.0,GRN:8897,UNSPECIFIED:8897,PROPORTIONAL_PRIMARY_ORIGIN_PASS_THROUGH,ALL_CATEGORY_PRIMARY_VOTES_TRACED_PROPORTIONALLY,8897,LNP,1651.5273556231002,0.18562744246634824,True
VIC,213,Gippsland,GRN,4,2,ALP>LNP>ON,1,0,8897,41118,Rochelle Hine,GRN,,8897,1.0,1.0,GRN:8897,UNSPECIFIED:8897,PROPORTIONAL_PRIMARY_ORIGIN_PASS_THROUGH,ALL_CATEGORY_PRIMARY_VOTES_TRACED_PROPORTIONALLY,8897,ON,635.5,0.07142857142857142,True
VIC,213,Gippsland,OTH,5,1,ALP>LNP>GRN>ON,1,0,3416,41317,Simon Wilson,OTH_LTP,RIGHT,3416,1.0,1.0,OTH_LTP:3416,RIGHT:3416,OBSERVED_LAST_SURVIVOR_EXIT,LAST_SURVIVOR_TALLY_AT_CATEGORY_EXIT,3416,ALP,341.0,0.09982435597189696,False
VIC,213,Gippsland,OTH,5,1,ALP>LNP>GRN>ON,1,0,3416,41317,Simon Wilson,OTH_LTP,RIGHT,3416,1.0,1.0,OTH_LTP:3416,RIGHT:3416,OBSERVED_LAST_SURVIVOR_EXIT,LAST_SURVIVOR_TALLY_AT_CATEGORY_EXIT,3416,GRN,315.0,0.09221311475409837,False
VIC,213,Gippsland,OTH,5,1,ALP>LNP>GRN>ON,1,0,3416,41317,Simon Wilson,OTH_LTP,RIGHT,3416,1.0,1.0,OTH_LTP:3416,RIGHT:3416,OBSERVED_LAST_SURVIVOR_EXIT,LAST_SURVIVOR_TALLY_AT_CATEGORY_EXIT,3416,LNP,1339.0,0.39197892271662765,False
VIC,213,Gippsland,OTH,5,1,ALP>LNP>GRN>ON,1,0,3416,41317,Simon Wilson,OTH_LTP,RIGHT,3416,1.0,1.0,OTH_LTP:3416,RIGHT:3416,OBSERVED_LAST_SURVIVOR_EXIT,LAST_SURVIVOR_TALLY_AT_CATEGORY_EXIT,3416,ON,1421.0,0.41598360655737704,False
VIC,213,Gippsland,OTH,5,1,ALP>LNP>GRN>ON,1,0,3416,41317,Simon Wilson,OTH_LTP,RIGHT,3416,1.0,1.0,OTH_LTP:3416,RIGHT:3416,PROPORTIONAL_PRIMARY_ORIGIN_PASS_THROUGH,ALL_CATEGORY_PRIMARY_VOTES_TRACED_PROPORTIONALLY,3416,ALP,341.0,0.09982435597189696,True
VIC,213,Gippsland,OTH,5,1,ALP>LNP>GRN>ON,1,0,3416,41317,Simon Wilson,OTH_LTP,RIGHT,3416,1.0,1.0,OTH_LTP:3416,RIGHT:3416,PROPORTIONAL_PRIMARY_ORIGIN_PASS_THROUGH,ALL_CATEGORY_PRIMARY_VOTES_TRACED_PROPORTIONALLY,3416,GRN,315.0,0.09221311475409837,True
VIC,213,Gippsland,OTH,5,1,ALP>LNP>GRN>ON,1,0,3416,41317,Simon Wilson,OTH_LTP,RIGHT,3416,1.0,1.0,OTH_LTP:3416,RIGHT:3416,PROPORTIONAL_PRIMARY_ORIGIN_PASS_THROUGH,ALL_CATEGORY_PRIMARY_VOTES_TRACED_PROPORTIONALLY,3416,LNP,1339.0,0.39197892271662765,True
VIC,213,Gippsland,OTH,5,1,ALP>LNP>GRN>ON,1,0,3416,41317,Simon Wilson,OTH_LTP,RIGHT,3416,1.0,1.0,OTH_LTP:3416,RIGHT:3416,PROPORTIONAL_PRIMARY_ORIGIN_PASS_THROUGH,ALL_CATEGORY_PRIMARY_VOTES_TRACED_PROPORTIONALLY,3416,ON,1421.0,0.41598360655737704,True
VIC,214,Goldstein,ALP,3,5,LNP>IND,1,0,15812,40813,Nildhara Gadani,ALP,,15812,1.0,1.0,ALP:15812,UNSPECIFIED:15812,OBSERVED_LAST_SURVIVOR_EXIT,LAST_SURVIVOR_TALLY_AT_CATEGORY_EXIT,19235,IND,15517.0,0.8067065245645958,False
VIC,214,Goldstein,ALP,3,5,LNP>IND,1,0,15812,40813,Nildhara Gadani,ALP,,15812,1.0,1.0,ALP:15812,UNSPECIFIED:15812,OBSERVED_LAST_SURVIVOR_EXIT,LAST_SURVIVOR_TALLY_AT_CATEGORY_EXIT,19235,LNP,3718.0,0.1932934754354042,False
VIC,214,Goldstein,ALP,3,5,LNP>IND,1,0,15812,40813,Nildhara Gadani,ALP,,15812,1.0,1.0,ALP:15812,UNSPECIFIED:15812,PROPORTIONAL_PRIMARY_ORIGIN_PASS_THROUGH,ALL_CATEGORY_PRIMARY_VOTES_TRACED_PROPORTIONALLY,15812,IND,12755.643566415389,0.8067065245645958,True
VIC,214,Goldstein,ALP,3,5,LNP>IND,1,0,15812,40813,Nildhara Gadani,ALP,,15812,1.0,1.0,ALP:15812,UNSPECIFIED:15812,PROPORTIONAL_PRIMARY_ORIGIN_PASS_THROUGH,ALL_CATEGORY_PRIMARY_VOTES_TRACED_PROPORTIONALLY,15812,LNP,3056.3564335846113,0.1932934754354042,True
VIC,214,Goldstein,GRN,4,4,ALP>LNP>IND,1,0,8320,41112,Alana Galli-Mcrostie,GRN,,8320,1.0,1.0,GRN:8320,UNSPECIFIED:8320,OBSERVED_LAST_SURVIVOR_EXIT,LAST_SURVIVOR_TALLY_AT_CATEGORY_EXIT,8728,ALP,2647.0,0.30327681026581116,False
VIC,214,Goldstein,GRN,4,4,ALP>LNP>IND,1,0,8320,41112,Alana Galli-Mcrostie,GRN,,8320,1.0,1.0,GRN:8320,UNSPECIFIED:8320,OBSERVED_LAST_SURVIVOR_EXIT,LAST_SURVIVOR_TALLY_AT_CATEGORY_EXIT,8728,IND,5640.0,0.6461961503208066,False
VIC,214,Goldstein,GRN,4,4,ALP>LNP>IND,1,0,8320,41112,Alana Galli-Mcrostie,GRN,,8320,1.0,1.0,GRN:8320,UNSPECIFIED:8320,OBSERVED_LAST_SURVIVOR_EXIT,LAST_SURVIVOR_TALLY_AT_CATEGORY_EXIT,8728,LNP,441.0,0.05052703941338222,False
VIC,214,Goldstein,GRN,4,4,ALP>LNP>IND,1,0,8320,41112,Alana Galli-Mcrostie,GRN,,8320,1.0,1.0,GRN:8320,UNSPECIFIED:8320,PROPORTIONAL_PRIMARY_ORIGIN_PASS_THROUGH,ALL_CATEGORY_PRIMARY_VOTES_TRACED_PROPORTIONALLY,8320,ALP,2523.2630614115487,0.30327681026581116,True
VIC,214,Goldstein,GRN,4,4,ALP>LNP>IND,1,0,8320,41112,Alana Galli-Mcrostie,GRN,,8320,1.0,1.0,GRN:8320,UNSPECIFIED:8320,PROPORTIONAL_PRIMARY_ORIGIN_PASS_THROUGH,ALL_CATEGORY_PRIMARY_VOTES_TRACED_PROPORTIONALLY,8320,IND,5376.35197066911,0.6461961503208066,True
VIC,214,Goldstein,GRN,4,4,ALP>LNP>IND,1,0,8320,41112,Alana Galli-Mcrostie,GRN,,8320,1.0,1.0,GRN:8320,UNSPECIFIED:8320,PROPORTIONAL_PRIMARY_ORIGIN_PASS_THROUGH,ALL_CATEGORY_PRIMARY_VOTES_TRACED_PROPORTIONALLY,8320,LNP,420.38496791934006,0.05052703941338222,True
VIC,214,Goldstein,ON,5,3,ALP>LNP>GRN>IND,1,0,2037,41925,Leon Gardiner,ON,,2037,1.0,1.0,ON:2037,UNSPECIFIED:2037,OBSERVED_LAST_SURVIVOR_EXIT,LAST_SURVIVOR_TALLY_AT_CATEGORY_EXIT,3846,ALP,269.0,0.06994279771190848,False
VIC,214,Goldstein,ON,5,3,ALP>LNP>GRN>IND,1,0,2037,41925,Leon Gardiner,ON,,2037,1.0,1.0,ON:2037,UNSPECIFIED:2037,OBSERVED_LAST_SURVIVOR_EXIT,LAST_SURVIVOR_TALLY_AT_CATEGORY_EXIT,3846,GRN,198.0,0.0514820592823713,False
VIC,214,Goldstein,ON,5,3,ALP>LNP>GRN>IND,1,0,2037,41925,Leon Gardiner,ON,,2037,1.0,1.0,ON:2037,UNSPECIFIED:2037,OBSERVED_LAST_SURVIVOR_EXIT,LAST_SURVIVOR_TALLY_AT_CATEGORY_EXIT,3846,IND,712.0,0.18512740509620385,False
VIC,214,Goldstein,ON,5,3,ALP>LNP>GRN>IND,1,0,2037,41925,Leon Gardiner,ON,,2037,1.0,1.0,ON:2037,UNSPECIFIED:2037,OBSERVED_LAST_SURVIVOR_EXIT,LAST_SURVIVOR_TALLY_AT_CATEGORY_EXIT,3846,LNP,2667.0,0.6934477379095164,False
VIC,214,Goldstein,ON,5,3,ALP>LNP>GRN>IND,1,0,2037,41925,Leon Gardiner,ON,,2037,1.0,1.0,ON:2037,UNSPECIFIED:2037,PROPORTIONAL_PRIMARY_ORIGIN_PASS_THROUGH,ALL_CATEGORY_PRIMARY_VOTES_TRACED_PROPORTIONALLY,2037,ALP,142.47347893915756,0.06994279771190848,True
VIC,214,Goldstein,ON,5,3,ALP>LNP>GRN>IND,1,0,2037,41925,Leon Gardiner,ON,,2037,1.0,1.0,ON:2037,UNSPECIFIED:2037,PROPORTIONAL_PRIMARY_ORIGIN_PASS_THROUGH,ALL_CATEGORY_PRIMARY_VOTES_TRACED_PROPORTIONALLY,2037,GRN,104.86895475819033,0.0514820592823713,True
VIC,214,Goldstein,ON,5,3,ALP>LNP>GRN>IND,1,0,2037,41925,Leon Gardiner,ON,,2037,1.0,1.0,ON:2037,UNSPECIFIED:2037,PROPORTIONAL_PRIMARY_ORIGIN_PASS_THROUGH,ALL_CATEGORY_PRIMARY_VOTES_TRACED_PROPORTIONALLY,2037,IND,377.10452418096725,0.18512740509620385,True
VIC,214,Goldstein,ON,5,3,ALP>LNP>GRN>IND,1,0,2037,41925,Leon Gardiner,ON,,2037,1.0,1.0,ON:2037,UNSPECIFIED:2037,PROPORTIONAL_PRIMARY_ORIGIN_PASS_THROUGH,ALL_CATEGORY_PRIMARY_VOTES_TRACED_PROPORTIONALLY,2037,LNP,1412.553042121685,0.6934477379095164,True
VIC,214,Goldstein,OTH,6,2,ALP>LNP>GRN>ON>IND,2,1,3743,41372,Vicki Jane Williams,OTH_CYA,RIGHT,2066,0.55196366550895,0.55196366550895,OTH_CYA:2066|OTH_LTP:1677,RIGHT:3743,OBSERVED_LAST_SURVIVOR_EXIT,LAST_SURVIVOR_TALLY_AT_CATEGORY_EXIT,2320,ALP,408.0,0.17586206896551723,False
VIC,214,Goldstein,OTH,6,2,ALP>LNP>GRN>ON>IND,2,1,3743,41372,Vicki Jane Williams,OTH_CYA,RIGHT,2066,0.55196366550895,0.55196366550895,OTH_CYA:2066|OTH_LTP:1677,RIGHT:3743,OBSERVED_LAST_SURVIVOR_EXIT,LAST_SURVIVOR_TALLY_AT_CATEGORY_EXIT,2320,GRN,121.0,0.052155172413793104,False
VIC,214,Goldstein,OTH,6,2,ALP>LNP>GRN>ON>IND,2,1,3743,41372,Vicki Jane Williams,OTH_CYA,RIGHT,2066,0.55196366550895,0.55196366550895,OTH_CYA:2066|OTH_LTP:1677,RIGHT:3743,OBSERVED_LAST_SURVIVOR_EXIT,LAST_SURVIVOR_TALLY_AT_CATEGORY_EXIT,2320,IND,224.0,0.09655172413793103,False
VIC,214,Goldstein,OTH,6,2,ALP>LNP>GRN>ON>IND,2,1,3743,41372,Vicki Jane Williams,OTH_CYA,RIGHT,2066,0.55196366550895,0.55196366550895,OTH_CYA:2066|OTH_LTP:1677,RIGHT:3743,OBSERVED_LAST_SURVIVOR_EXIT,LAST_SURVIVOR_TALLY_AT_CATEGORY_EXIT,2320,LNP,527.0,0.2271551724137931,False
VIC,214,Goldstein,OTH,6,2,ALP>LNP>GRN>ON>IND,2,1,3743,41372,Vicki Jane Williams,OTH_CYA,RIGHT,2066,0.55196366550895,0.55196366550895,OTH_CYA:2066|OTH_LTP:1677,RIGHT:3743,OBSERVED_LAST_SURVIVOR_EXIT,LAST_SURVIVOR_TALLY_AT_CATEGORY_EXIT,2320,ON,1040.0,0.4482758620689655,False
VIC,214,Goldstein,OTH,6,2,ALP>LNP>GRN>ON>IND,2,1,3743,41372,Vicki Jane Williams,OTH_CYA,RIGHT,2066,0.55196366550895,0.55196366550895,OTH_CYA:2066|OTH_LTP:1677,RIGHT:3743,PROPORTIONAL_PRIMARY_ORIGIN_PASS_THROUGH,ALL_CATEGORY_PRIMARY_VOTES_TRACED_PROPORTIONALLY,3743,ALP,506.99999999999994,0.13545284531124765,True
VIC,214,Goldstein,OTH,6,2,ALP>LNP>GRN>ON>IND,2,1,3743,41372,Vicki Jane Williams,OTH_CYA,RIGHT,2066,0.55196366550895,0.55196366550895,OTH_CYA:2066|OTH_LTP:1677,RIGHT:3743,PROPORTIONAL_PRIMARY_ORIGIN_PASS_THROUGH,ALL_CATEGORY_PRIMARY_VOTES_TRACED_PROPORTIONALLY,3743,GRN,210.0,0.056104728827144,True
VIC,214,Goldstein,OTH,6,2,ALP>LNP>GRN>ON>IND,2,1,3743,41372,Vicki Jane Williams,OTH_CYA,RIGHT,2066,0.55196366550895,0.55196366550895,OTH_CYA:2066|OTH_LTP:1677,RIGHT:3743,PROPORTIONAL_PRIMARY_ORIGIN_PASS_THROUGH,ALL_CATEGORY_PRIMARY_VOTES_TRACED_PROPORTIONALLY,3743,IND,347.0,0.09270638525247128,True
VIC,214,Goldstein,OTH,6,2,ALP>LNP>GRN>ON>IND,2,1,3743,41372,Vicki Jane Williams,OTH_CYA,RIGHT,2066,0.55196366550895,0.55196366550895,OTH_CYA:2066|OTH_LTP:1677,RIGHT:3743,PROPORTIONAL_PRIMARY_ORIGIN_PASS_THROUGH,ALL_CATEGORY_PRIMARY_VOTES_TRACED_PROPORTIONALLY,3743,LNP,870.0,0.23243387656959658,True
VIC,214,Goldstein,OTH,6,2,ALP>LNP>GRN>ON>IND,2,1,3743,41372,Vicki Jane Williams,OTH_CYA,RIGHT,2066,0.55196366550895,0.55196366550895,OTH_CYA:2066|OTH_LTP:1677,RIGHT:3743,PROPORTIONAL_PRIMARY_ORIGIN_PASS_THROUGH,ALL_CATEGORY_PRIMARY_VOTES_TRACED_PROPORTIONALLY,3743,ON,1809.0,0.48330216403954046,True
VIC,309,Gorton,GRN,3,5,ALP>LNP,1,0,12244,41107,Thuc Bao Huynh,GRN,,12244,1.0,1.0,GRN:12244,UNSPECIFIED:12244,OBSERVED_LAST_SURVIVOR_EXIT,LAST_SURVIVOR_TALLY_AT_CATEGORY_EXIT,17182,ALP,13081.0,0.7613199860318939,False
VIC,309,Gorton,GRN,3,5,ALP>LNP,1,0,12244,41107,Thuc Bao Huynh,GRN,,12244,1.0,1.0,GRN:12244,UNSPECIFIED:12244,OBSERVED_LAST_SURVIVOR_EXIT,LAST_SURVIVOR_TALLY_AT_CATEGORY_EXIT,17182,LNP,4101.0,0.23868001396810615,False
VIC,309,Gorton,GRN,3,5,ALP>LNP,1,0,12244,41107,Thuc Bao Huynh,GRN,,12244,1.0,1.0,GRN:12244,UNSPECIFIED:12244,PROPORTIONAL_PRIMARY_ORIGIN_PASS_THROUGH,ALL_CATEGORY_PRIMARY_VOTES_TRACED_PROPORTIONALLY,12244,ALP,9321.60190897451,0.761319986031894,True
VIC,309,Gorton,GRN,3,5,ALP>LNP,1,0,12244,41107,Thuc Bao Huynh,GRN,,12244,1.0,1.0,GRN:12244,UNSPECIFIED:12244,PROPORTIONAL_PRIMARY_ORIGIN_PASS_THROUGH,ALL_CATEGORY_PRIMARY_VOTES_TRACED_PROPORTIONALLY,12244,LNP,2922.398091025492,0.23868001396810615,True
VIC,309,Gorton,ON,4,4,ALP>LNP>GRN,1,0,7137,41553,Alan Reid,ON,,7137,1.0,1.0,ON:7137,UNSPECIFIED:7137,OBSERVED_LAST_SURVIVOR_EXIT,LAST_SURVIVOR_TALLY_AT_CATEGORY_EXIT,10102,ALP,2298.0,0.2274797069887151,False
VIC,309,Gorton,ON,4,4,ALP>LNP>GRN,1,0,7137,41553,Alan Reid,ON,,7137,1.0,1.0,ON:7137,UNSPECIFIED:7137,OBSERVED_LAST_SURVIVOR_EXIT,LAST_SURVIVOR_TALLY_AT_CATEGORY_EXIT,10102,GRN,2181.0,0.21589784201148288,False
VIC,309,Gorton,ON,4,4,ALP>LNP>GRN,1,0,7137,41553,Alan Reid,ON,,7137,1.0,1.0,ON:7137,UNSPECIFIED:7137,OBSERVED_LAST_SURVIVOR_EXIT,LAST_SURVIVOR_TALLY_AT_CATEGORY_EXIT,10102,LNP,5623.0,0.556622450999802,False
VIC,309,Gorton,ON,4,4,ALP>LNP>GRN,1,0,7137,41553,Alan Reid,ON,,7137,1.0,1.0,ON:7137,UNSPECIFIED:7137,PROPORTIONAL_PRIMARY_ORIGIN_PASS_THROUGH,ALL_CATEGORY_PRIMARY_VOTES_TRACED_PROPORTIONALLY,7137,ALP,1623.5226687784598,0.2274797069887151,True
VIC,309,Gorton,ON,4,4,ALP>LNP>GRN,1,0,7137,41553,Alan Reid,ON,,7137,1.0,1.0,ON:7137,UNSPECIFIED:7137,PROPORTIONAL_PRIMARY_ORIGIN_PASS_THROUGH,ALL_CATEGORY_PRIMARY_VOTES_TRACED_PROPORTIONALLY,7137,GRN,1540.8628984359532,0.21589784201148285,True
VIC,309,Gorton,ON,4,4,ALP>LNP>GRN,1,0,7137,41553,Alan Reid,ON,,7137,1.0,1.0,ON:7137,UNSPECIFIED:7137,PROPORTIONAL_PRIMARY_ORIGIN_PASS_THROUGH,ALL_CATEGORY_PRIMARY_VOTES_TRACED_PROPORTIONALLY,7137,LNP,3972.614432785587,0.556622450999802,True
VIC,309,Gorton,OTH,5,3,ALP>LNP>GRN>ON,3,2,12128,41218,Xavier Menta,OTH_HMP,CENTRE_LEFT,6535,0.5388357519788918,0.5388357519788918,OTH_HMP:6535|OTH_FFPA:4216|OTH_LTP:1377,CENTRE_LEFT:6535|RIGHT:5593,OBSERVED_LAST_SURVIVOR_EXIT,LAST_SURVIVOR_TALLY_AT_CATEGORY_EXIT,7503,ALP,3066.0,0.40863654538184724,False
VIC,309,Gorton,OTH,5,3,ALP>LNP>GRN>ON,3,2,12128,41218,Xavier Menta,OTH_HMP,CENTRE_LEFT,6535,0.5388357519788918,0.5388357519788918,OTH_HMP:6535|OTH_FFPA:4216|OTH_LTP:1377,CENTRE_LEFT:6535|RIGHT:5593,OBSERVED_LAST_SURVIVOR_EXIT,LAST_SURVIVOR_TALLY_AT_CATEGORY_EXIT,7503,GRN,2081.0,0.2773557243769159,False
VIC,309,Gorton,OTH,5,3,ALP>LNP>GRN>ON,3,2,12128,41218,Xavier Menta,OTH_HMP,CENTRE_LEFT,6535,0.5388357519788918,0.5388357519788918,OTH_HMP:6535|OTH_FFPA:4216|OTH_LTP:1377,CENTRE_LEFT:6535|RIGHT:5593,OBSERVED_LAST_SURVIVOR_EXIT,LAST_SURVIVOR_TALLY_AT_CATEGORY_EXIT,7503,LNP,984.0,0.13114754098360656,False
VIC,309,Gorton,OTH,5,3,ALP>LNP>GRN>ON,3,2,12128,41218,Xavier Menta,OTH_HMP,CENTRE_LEFT,6535,0.5388357519788918,0.5388357519788918,OTH_HMP:6535|OTH_FFPA:4216|OTH_LTP:1377,CENTRE_LEFT:6535|RIGHT:5593,OBSERVED_LAST_SURVIVOR_EXIT,LAST_SURVIVOR_TALLY_AT_CATEGORY_EXIT,7503,ON,1372.0,0.18286018925763028,False
VIC,309,Gorton,OTH,5,3,ALP>LNP>GRN>ON,3,2,12128,41218,Xavier Menta,OTH_HMP,CENTRE_LEFT,6535,0.5388357519788918,0.5388357519788918,OTH_HMP:6535|OTH_FFPA:4216|OTH_LTP:1377,CENTRE_LEFT:6535|RIGHT:5593,PROPORTIONAL_PRIMARY_ORIGIN_PASS_THROUGH,ALL_CATEGORY_PRIMARY_VOTES_TRACED_PROPORTIONALLY,12128,ALP,4167.0,0.34358509234828494,True
VIC,309,Gorton,OTH,5,3,ALP>LNP>GRN>ON,3,2,12128,41218,Xavier Menta,OTH_HMP,CENTRE_LEFT,6535,0.5388357519788918,0.5388357519788918,OTH_HMP:6535|OTH_FFPA:4216|OTH_LTP:1377,CENTRE_LEFT:6535|RIGHT:5593,PROPORTIONAL_PRIMARY_ORIGIN_PASS_THROUGH,ALL_CATEGORY_PRIMARY_VOTES_TRACED_PROPORTIONALLY,12128,GRN,2757.0,0.22732519788918207,True
VIC,309,Gorton,OTH,5,3,ALP>LNP>GRN>ON,3,2,12128,41218,Xavier Menta,OTH_HMP,CENTRE_LEFT,6535,0.5388357519788918,0.5388357519788918,OTH_HMP:6535|OTH_FFPA:4216|OTH_LTP:1377,CENTRE_LEFT:6535|RIGHT:5593,PROPORTIONAL_PRIMARY_ORIGIN_PASS_THROUGH,ALL_CATEGORY_PRIMARY_VOTES_TRACED_PROPORTIONALLY,12128,LNP,2239.0,0.18461411609498682,True
VIC,309,Gorton,OTH,5,3,ALP>LNP>GRN>ON,3,2,12128,41218,Xavier Menta,OTH_HMP,CENTRE_LEFT,6535,0.5388357519788918,0.5388357519788918,OTH_HMP:6535|OTH_FFPA:4216|OTH_LTP:1377,CENTRE_LEFT:6535|RIGHT:5593,PROPORTIONAL_PRIMARY_ORIGIN_PASS_THROUGH,ALL_CATEGORY_PRIMARY_VOTES_TRACED_PROPORTIONALLY,12128,ON,2965.0,0.24447559366754618,True
VIC,326,Hawke,GRN,3,5,ALP>LNP,1,0,10178,41101,Sarah Newman,GRN,,10178,1.0,1.0,GRN:10178,UNSPECIFIED:10178,OBSERVED_LAST_SURVIVOR_EXIT,LAST_SURVIVOR_TALLY_AT_CATEGORY_EXIT,17275,ALP,14126.0,0.8177134587554269,False
VIC,326,Hawke,GRN,3,5,ALP>LNP,1,0,10178,41101,Sarah Newman,GRN,,10178,1.0,1.0,GRN:10178,UNSPECIFIED:10178,OBSERVED_LAST_SURVIVOR_EXIT,LAST_SURVIVOR_TALLY_AT_CATEGORY_EXIT,17275,LNP,3149.0,0.18228654124457308,False
VIC,326,Hawke,GRN,3,5,ALP>LNP,1,0,10178,41101,Sarah Newman,GRN,,10178,1.0,1.0,GRN:10178,UNSPECIFIED:10178,PROPORTIONAL_PRIMARY_ORIGIN_PASS_THROUGH,ALL_CATEGORY_PRIMARY_VOTES_TRACED_PROPORTIONALLY,10178,ALP,8322.687583212735,0.8177134587554269,True
VIC,326,Hawke,GRN,3,5,ALP>LNP,1,0,10178,41101,Sarah Newman,GRN,,10178,1.0,1.0,GRN:10178,UNSPECIFIED:10178,PROPORTIONAL_PRIMARY_ORIGIN_PASS_THROUGH,ALL_CATEGORY_PRIMARY_VOTES_TRACED_PROPORTIONALLY,10178,LNP,1855.3124167872647,0.18228654124457308,True
VIC,326,Hawke,ON,4,4,ALP>LNP>GRN,1,0,10035,41630,Matthew Katselis,ON,,10035,1.0,1.0,ON:10035,UNSPECIFIED:10035,OBSERVED_LAST_SURVIVOR_EXIT,LAST_SURVIVOR_TALLY_AT_CATEGORY_EXIT,13055,ALP,2589.0,0.1983148219073152,False
VIC,326,Hawke,ON,4,4,ALP>LNP>GRN,1,0,10035,41630,Matthew Katselis,ON,,10035,1.0,1.0,ON:10035,UNSPECIFIED:10035,OBSERVED_LAST_SURVIVOR_EXIT,LAST_SURVIVOR_TALLY_AT_CATEGORY_EXIT,13055,GRN,2845.0,0.21792416698582917,False
VIC,326,Hawke,ON,4,4,ALP>LNP>GRN,1,0,10035,41630,Matthew Katselis,ON,,10035,1.0,1.0,ON:10035,UNSPECIFIED:10035,OBSERVED_LAST_SURVIVOR_EXIT,LAST_SURVIVOR_TALLY_AT_CATEGORY_EXIT,13055,LNP,7621.0,0.5837610111068556,False
VIC,326,Hawke,ON,4,4,ALP>LNP>GRN,1,0,10035,41630,Matthew Katselis,ON,,10035,1.0,1.0,ON:10035,UNSPECIFIED:10035,PROPORTIONAL_PRIMARY_ORIGIN_PASS_THROUGH,ALL_CATEGORY_PRIMARY_VOTES_TRACED_PROPORTIONALLY,10035,ALP,1990.089237839908,0.1983148219073152,True
VIC,326,Hawke,ON,4,4,ALP>LNP>GRN,1,0,10035,41630,Matthew Katselis,ON,,10035,1.0,1.0,ON:10035,UNSPECIFIED:10035,PROPORTIONAL_PRIMARY_ORIGIN_PASS_THROUGH,ALL_CATEGORY_PRIMARY_VOTES_TRACED_PROPORTIONALLY,10035,GRN,2186.869015702796,0.2179241669858292,True
VIC,326,Hawke,ON,4,4,ALP>LNP>GRN,1,0,10035,41630,Matthew Katselis,ON,,10035,1.0,1.0,ON:10035,UNSPECIFIED:10035,PROPORTIONAL_PRIMARY_ORIGIN_PASS_THROUGH,ALL_CATEGORY_PRIMARY_VOTES_TRACED_PROPORTIONALLY,10035,LNP,5858.0417464572965,0.5837610111068556,True
VIC,326,Hawke,OTH,5,3,ALP>LNP>GRN>ON,3,2,11602,41240,Devon Starbuck,OTH_HMP,CENTRE_LEFT,5177,0.4462161696259266,0.4462161696259266,OTH_HMP:5177|OTH_FFPA:4356|OTH_AJP:2069,CENTRE_LEFT:7246|RIGHT:4356,OBSERVED_LAST_SURVIVOR_EXIT,LAST_SURVIVOR_TALLY_AT_CATEGORY_EXIT,7064,ALP,1565.0,0.22154586636466592,False
VIC,326,Hawke,OTH,5,3,ALP>LNP>GRN>ON,3,2,11602,41240,Devon Starbuck,OTH_HMP,CENTRE_LEFT,5177,0.4462161696259266,0.4462161696259266,OTH_HMP:5177|OTH_FFPA:4356|OTH_AJP:2069,CENTRE_LEFT:7246|RIGHT:4356,OBSERVED_LAST_SURVIVOR_EXIT,LAST_SURVIVOR_TALLY_AT_CATEGORY_EXIT,7064,GRN,3083.0,0.4364382785956965,False
VIC,326,Hawke,OTH,5,3,ALP>LNP>GRN>ON,3,2,11602,41240,Devon Starbuck,OTH_HMP,CENTRE_LEFT,5177,0.4462161696259266,0.4462161696259266,OTH_HMP:5177|OTH_FFPA:4356|OTH_AJP:2069,CENTRE_LEFT:7246|RIGHT:4356,OBSERVED_LAST_SURVIVOR_EXIT,LAST_SURVIVOR_TALLY_AT_CATEGORY_EXIT,7064,LNP,840.0,0.11891279728199321,False
VIC,326,Hawke,OTH,5,3,ALP>LNP>GRN>ON,3,2,11602,41240,Devon Starbuck,OTH_HMP,CENTRE_LEFT,5177,0.4462161696259266,0.4462161696259266,OTH_HMP:5177|OTH_FFPA:4356|OTH_AJP:2069,CENTRE_LEFT:7246|RIGHT:4356,OBSERVED_LAST_SURVIVOR_EXIT,LAST_SURVIVOR_TALLY_AT_CATEGORY_EXIT,7064,ON,1576.0,0.22310305775764439,False
VIC,326,Hawke,OTH,5,3,ALP>LNP>GRN>ON,3,2,11602,41240,Devon Starbuck,OTH_HMP,CENTRE_LEFT,5177,0.4462161696259266,0.4462161696259266,OTH_HMP:5177|OTH_FFPA:4356|OTH_AJP:2069,CENTRE_LEFT:7246|RIGHT:4356,PROPORTIONAL_PRIMARY_ORIGIN_PASS_THROUGH,ALL_CATEGORY_PRIMARY_VOTES_TRACED_PROPORTIONALLY,11602,ALP,2496.0,0.21513532149629375,True
VIC,326,Hawke,OTH,5,3,ALP>LNP>GRN>ON,3,2,11602,41240,Devon Starbuck,OTH_HMP,CENTRE_LEFT,5177,0.4462161696259266,0.4462161696259266,OTH_HMP:5177|OTH_FFPA:4356|OTH_AJP:2069,CENTRE_LEFT:7246|RIGHT:4356,PROPORTIONAL_PRIMARY_ORIGIN_PASS_THROUGH,ALL_CATEGORY_PRIMARY_VOTES_TRACED_PROPORTIONALLY,11602,GRN,4252.0,0.3664885364592312,True
VIC,326,Hawke,OTH,5,3,ALP>LNP>GRN>ON,3,2,11602,41240,Devon Starbuck,OTH_HMP,CENTRE_LEFT,5177,0.4462161696259266,0.4462161696259266,OTH_HMP:5177|OTH_FFPA:4356|OTH_AJP:2069,CENTRE_LEFT:7246|RIGHT:4356,PROPORTIONAL_PRIMARY_ORIGIN_PASS_THROUGH,ALL_CATEGORY_PRIMARY_VOTES_TRACED_PROPORTIONALLY,11602,LNP,1834.0,0.15807619375969661,True
VIC,326,Hawke,OTH,5,3,ALP>LNP>GRN>ON,3,2,11602,41240,Devon Starbuck,OTH_HMP,CENTRE_LEFT,5177,0.4462161696259266,0.4462161696259266,OTH_HMP:5177|OTH_FFPA:4356|OTH_AJP:2069,CENTRE_LEFT:7246|RIGHT:4356,PROPORTIONAL_PRIMARY_ORIGIN_PASS_THROUGH,ALL_CATEGORY_PRIMARY_VOTES_TRACED_PROPORTIONALLY,11602,ON,3020.0,0.2602999482847785,True
VIC,216,Holt,GRN,3,4,ALP>LNP,1,0,11122,41111,Payal Tiwari,GRN,,11122,1.0,1.0,GRN:11122,UNSPECIFIED:11122,OBSERVED_LAST_SURVIVOR_EXIT,LAST_SURVIVOR_TALLY_AT_CATEGORY_EXIT,17309,ALP,14302.0,0.8262753480848114,False
VIC,216,Holt,GRN,3,4,ALP>LNP,1,0,11122,41111,Payal Tiwari,GRN,,11122,1.0,1.0,GRN:11122,UNSPECIFIED:11122,OBSERVED_LAST_SURVIVOR_EXIT,LAST_SURVIVOR_TALLY_AT_CATEGORY_EXIT,17309,LNP,3007.0,0.17372465191518863,False
VIC,216,Holt,GRN,3,4,ALP>LNP,1,0,11122,41111,Payal Tiwari,GRN,,11122,1.0,1.0,GRN:11122,UNSPECIFIED:11122,PROPORTIONAL_PRIMARY_ORIGIN_PASS_THROUGH,ALL_CATEGORY_PRIMARY_VOTES_TRACED_PROPORTIONALLY,11122,ALP,9189.834421399273,0.8262753480848115,True
VIC,216,Holt,GRN,3,4,ALP>LNP,1,0,11122,41111,Payal Tiwari,GRN,,11122,1.0,1.0,GRN:11122,UNSPECIFIED:11122,PROPORTIONAL_PRIMARY_ORIGIN_PASS_THROUGH,ALL_CATEGORY_PRIMARY_VOTES_TRACED_PROPORTIONALLY,11122,LNP,1932.165578600728,0.17372465191518863,True
VIC,216,Holt,ON,4,3,ALP>LNP>GRN,1,0,8655,41624,Trevor Hammond,ON,,8655,1.0,1.0,ON:8655,UNSPECIFIED:8655,OBSERVED_LAST_SURVIVOR_EXIT,LAST_SURVIVOR_TALLY_AT_CATEGORY_EXIT,11627,ALP,2314.0,0.19901952352283478,False
VIC,216,Holt,ON,4,3,ALP>LNP>GRN,1,0,8655,41624,Trevor Hammond,ON,,8655,1.0,1.0,ON:8655,UNSPECIFIED:8655,OBSERVED_LAST_SURVIVOR_EXIT,LAST_SURVIVOR_TALLY_AT_CATEGORY_EXIT,11627,GRN,2998.0,0.2578481121527479,False
VIC,216,Holt,ON,4,3,ALP>LNP>GRN,1,0,8655,41624,Trevor Hammond,ON,,8655,1.0,1.0,ON:8655,UNSPECIFIED:8655,OBSERVED_LAST_SURVIVOR_EXIT,LAST_SURVIVOR_TALLY_AT_CATEGORY_EXIT,11627,LNP,6315.0,0.5431323643244172,False
VIC,216,Holt,ON,4,3,ALP>LNP>GRN,1,0,8655,41624,Trevor Hammond,ON,,8655,1.0,1.0,ON:8655,UNSPECIFIED:8655,PROPORTIONAL_PRIMARY_ORIGIN_PASS_THROUGH,ALL_CATEGORY_PRIMARY_VOTES_TRACED_PROPORTIONALLY,8655,ALP,1722.513976090135,0.19901952352283478,True
VIC,216,Holt,ON,4,3,ALP>LNP>GRN,1,0,8655,41624,Trevor Hammond,ON,,8655,1.0,1.0,ON:8655,UNSPECIFIED:8655,PROPORTIONAL_PRIMARY_ORIGIN_PASS_THROUGH,ALL_CATEGORY_PRIMARY_VOTES_TRACED_PROPORTIONALLY,8655,GRN,2231.675410682033,0.2578481121527479,True
VIC,216,Holt,ON,4,3,ALP>LNP>GRN,1,0,8655,41624,Trevor Hammond,ON,,8655,1.0,1.0,ON:8655,UNSPECIFIED:8655,PROPORTIONAL_PRIMARY_ORIGIN_PASS_THROUGH,ALL_CATEGORY_PRIMARY_VOTES_TRACED_PROPORTIONALLY,8655,LNP,4700.810613227832,0.5431323643244172,True
VIC,216,Holt,OTH,5,2,ALP>LNP>GRN>ON,2,1,9930,41574,Shane Foreman,OTH_FFPA,RIGHT,5185,0.5221550855991943,0.5221550855991943,OTH_FFPA:5185|OTH_HMP:4745,RIGHT:5185|CENTRE_LEFT:4745,OBSERVED_LAST_SURVIVOR_EXIT,LAST_SURVIVOR_TALLY_AT_CATEGORY_EXIT,6191,ALP,1039.0,0.1678242610240672,False
VIC,216,Holt,OTH,5,2,ALP>LNP>GRN>ON,2,1,9930,41574,Shane Foreman,OTH_FFPA,RIGHT,5185,0.5221550855991943,0.5221550855991943,OTH_FFPA:5185|OTH_HMP:4745,RIGHT:5185|CENTRE_LEFT:4745,OBSERVED_LAST_SURVIVOR_EXIT,LAST_SURVIVOR_TALLY_AT_CATEGORY_EXIT,6191,GRN,1972.0,0.3185268938782103,False
VIC,216,Holt,OTH,5,2,ALP>LNP>GRN>ON,2,1,9930,41574,Shane Foreman,OTH_FFPA,RIGHT,5185,0.5221550855991943,0.5221550855991943,OTH_FFPA:5185|OTH_HMP:4745,RIGHT:5185|CENTRE_LEFT:4745,OBSERVED_LAST_SURVIVOR_EXIT,LAST_SURVIVOR_TALLY_AT_CATEGORY_EXIT,6191,LNP,1080.0,0.1744467775803586,False
VIC,216,Holt,OTH,5,2,ALP>LNP>GRN>ON,2,1,9930,41574,Shane Foreman,OTH_FFPA,RIGHT,5185,0.5221550855991943,0.5221550855991943,OTH_FFPA:5185|OTH_HMP:4745,RIGHT:5185|CENTRE_LEFT:4745,OBSERVED_LAST_SURVIVOR_EXIT,LAST_SURVIVOR_TALLY_AT_CATEGORY_EXIT,6191,ON,2100.0,0.3392020675173639,False
VIC,216,Holt,OTH,5,2,ALP>LNP>GRN>ON,2,1,9930,41574,Shane Foreman,OTH_FFPA,RIGHT,5185,0.5221550855991943,0.5221550855991943,OTH_FFPA:5185|OTH_HMP:4745,RIGHT:5185|CENTRE_LEFT:4745,PROPORTIONAL_PRIMARY_ORIGIN_PASS_THROUGH,ALL_CATEGORY_PRIMARY_VOTES_TRACED_PROPORTIONALLY,9930,ALP,2236.0,0.22517623363544814,True
VIC,216,Holt,OTH,5,2,ALP>LNP>GRN>ON,2,1,9930,41574,Shane Foreman,OTH_FFPA,RIGHT,5185,0.5221550855991943,0.5221550855991943,OTH_FFPA:5185|OTH_HMP:4745,RIGHT:5185|CENTRE_LEFT:4745,PROPORTIONAL_PRIMARY_ORIGIN_PASS_THROUGH,ALL_CATEGORY_PRIMARY_VOTES_TRACED_PROPORTIONALLY,9930,GRN,3189.0,0.3211480362537764,True
VIC,216,Holt,OTH,5,2,ALP>LNP>GRN>ON,2,1,9930,41574,Shane Foreman,OTH_FFPA,RIGHT,5185,0.5221550855991943,0.5221550855991943,OTH_FFPA:5185|OTH_HMP:4745,RIGHT:5185|CENTRE_LEFT:4745,PROPORTIONAL_PRIMARY_ORIGIN_PASS_THROUGH,ALL_CATEGORY_PRIMARY_VOTES_TRACED_PROPORTIONALLY,9930,LNP,1533.0,0.15438066465256797,True
VIC,216,Holt,OTH,5,2,ALP>LNP>GRN>ON,2,1,9930,41574,Shane Foreman,OTH_FFPA,RIGHT,5185,0.5221550855991943,0.5221550855991943,OTH_FFPA:5185|OTH_HMP:4745,RIGHT:5185|CENTRE_LEFT:4745,PROPORTIONAL_PRIMARY_ORIGIN_PASS_THROUGH,ALL_CATEGORY_PRIMARY_VOTES_TRACED_PROPORTIONALLY,9930,ON,2972.0,0.29929506545820744,True
VIC,217,Hotham,GRN,3,4,ALP>LNP,1,0,15780,41115,Martin Barry,GRN,,15780,1.0,1.0,GRN:15780,UNSPECIFIED:15780,OBSERVED_LAST_SURVIVOR_EXIT,LAST_SURVIVOR_TALLY_AT_CATEGORY_EXIT,19278,ALP,16899.0,0.8765950824774354,False
VIC,217,Hotham,GRN,3,4,ALP>LNP,1,0,15780,41115,Martin Barry,GRN,,15780,1.0,1.0,GRN:15780,UNSPECIFIED:15780,OBSERVED_LAST_SURVIVOR_EXIT,LAST_SURVIVOR_TALLY_AT_CATEGORY_EXIT,19278,LNP,2379.0,0.12340491752256458,False
VIC,217,Hotham,GRN,3,4,ALP>LNP,1,0,15780,41115,Martin Barry,GRN,,15780,1.0,1.0,GRN:15780,UNSPECIFIED:15780,PROPORTIONAL_PRIMARY_ORIGIN_PASS_THROUGH,ALL_CATEGORY_PRIMARY_VOTES_TRACED_PROPORTIONALLY,15780,ALP,13832.670401493931,0.8765950824774354,True
VIC,217,Hotham,GRN,3,4,ALP>LNP,1,0,15780,41115,Martin Barry,GRN,,15780,1.0,1.0,GRN:15780,UNSPECIFIED:15780,PROPORTIONAL_PRIMARY_ORIGIN_PASS_THROUGH,ALL_CATEGORY_PRIMARY_VOTES_TRACED_PROPORTIONALLY,15780,LNP,1947.329598506069,0.12340491752256458,True
VIC,217,Hotham,ON,4,3,ALP>LNP>GRN,1,0,4959,41627,Stuart Fogarty,ON,,4959,1.0,1.0,ON:4959,UNSPECIFIED:4959,OBSERVED_LAST_SURVIVOR_EXIT,LAST_SURVIVOR_TALLY_AT_CATEGORY_EXIT,7215,ALP,1165.0,0.16146916146916146,False
VIC,217,Hotham,ON,4,3,ALP>LNP>GRN,1,0,4959,41627,Stuart Fogarty,ON,,4959,1.0,1.0,ON:4959,UNSPECIFIED:4959,OBSERVED_LAST_SURVIVOR_EXIT,LAST_SURVIVOR_TALLY_AT_CATEGORY_EXIT,7215,GRN,1765.0,0.24462924462924462,False
VIC,217,Hotham,ON,4,3,ALP>LNP>GRN,1,0,4959,41627,Stuart Fogarty,ON,,4959,1.0,1.0,ON:4959,UNSPECIFIED:4959,OBSERVED_LAST_SURVIVOR_EXIT,LAST_SURVIVOR_TALLY_AT_CATEGORY_EXIT,7215,LNP,4285.0,0.5939015939015939,False
VIC,217,Hotham,ON,4,3,ALP>LNP>GRN,1,0,4959,41627,Stuart Fogarty,ON,,4959,1.0,1.0,ON:4959,UNSPECIFIED:4959,PROPORTIONAL_PRIMARY_ORIGIN_PASS_THROUGH,ALL_CATEGORY_PRIMARY_VOTES_TRACED_PROPORTIONALLY,4959,ALP,800.7255717255716,0.16146916146916146,True
VIC,217,Hotham,ON,4,3,ALP>LNP>GRN,1,0,4959,41627,Stuart Fogarty,ON,,4959,1.0,1.0,ON:4959,UNSPECIFIED:4959,PROPORTIONAL_PRIMARY_ORIGIN_PASS_THROUGH,ALL_CATEGORY_PRIMARY_VOTES_TRACED_PROPORTIONALLY,4959,GRN,1213.116424116424,0.2446292446292446,True
VIC,217,Hotham,ON,4,3,ALP>LNP>GRN,1,0,4959,41627,Stuart Fogarty,ON,,4959,1.0,1.0,ON:4959,UNSPECIFIED:4959,PROPORTIONAL_PRIMARY_ORIGIN_PASS_THROUGH,ALL_CATEGORY_PRIMARY_VOTES_TRACED_PROPORTIONALLY,4959,LNP,2945.158004158004,0.5939015939015939,True
VIC,217,Hotham,OTH,5,2,ALP>LNP>GRN>ON,2,1,6246,41595,Mark Brown,OTH_FFPA,RIGHT,3592,0.5750880563560679,0.5750880563560679,OTH_FFPA:3592|OTH_CEC:2654,RIGHT:3592|CENTRE:2654,OBSERVED_LAST_SURVIVOR_EXIT,LAST_SURVIVOR_TALLY_AT_CATEGORY_EXIT,4186,ALP,748.0,0.17869087434304826,False
VIC,217,Hotham,OTH,5,2,ALP>LNP>GRN>ON,2,1,6246,41595,Mark Brown,OTH_FFPA,RIGHT,3592,0.5750880563560679,0.5750880563560679,OTH_FFPA:3592|OTH_CEC:2654,RIGHT:3592|CENTRE:2654,OBSERVED_LAST_SURVIVOR_EXIT,LAST_SURVIVOR_TALLY_AT_CATEGORY_EXIT,4186,GRN,687.0,0.16411849020544672,False
VIC,217,Hotham,OTH,5,2,ALP>LNP>GRN>ON,2,1,6246,41595,Mark Brown,OTH_FFPA,RIGHT,3592,0.5750880563560679,0.5750880563560679,OTH_FFPA:3592|OTH_CEC:2654,RIGHT:3592|CENTRE:2654,OBSERVED_LAST_SURVIVOR_EXIT,LAST_SURVIVOR_TALLY_AT_CATEGORY_EXIT,4186,LNP,994.0,0.23745819397993312,False
VIC,217,Hotham,OTH,5,2,ALP>LNP>GRN>ON,2,1,6246,41595,Mark Brown,OTH_FFPA,RIGHT,3592,0.5750880563560679,0.5750880563560679,OTH_FFPA:3592|OTH_CEC:2654,RIGHT:3592|CENTRE:2654,OBSERVED_LAST_SURVIVOR_EXIT,LAST_SURVIVOR_TALLY_AT_CATEGORY_EXIT,4186,ON,1757.0,0.4197324414715719,False
VIC,217,Hotham,OTH,5,2,ALP>LNP>GRN>ON,2,1,6246,41595,Mark Brown,OTH_FFPA,RIGHT,3592,0.5750880563560679,0.5750880563560679,OTH_FFPA:3592|OTH_CEC:2654,RIGHT:3592|CENTRE:2654,PROPORTIONAL_PRIMARY_ORIGIN_PASS_THROUGH,ALL_CATEGORY_PRIMARY_VOTES_TRACED_PROPORTIONALLY,6246,ALP,1068.0,0.17098943323727187,True
VIC,217,Hotham,OTH,5,2,ALP>LNP>GRN>ON,2,1,6246,41595,Mark Brown,OTH_FFPA,RIGHT,3592,0.5750880563560679,0.5750880563560679,OTH_FFPA:3592|OTH_CEC:2654,RIGHT:3592|CENTRE:2654,PROPORTIONAL_PRIMARY_ORIGIN_PASS_THROUGH,ALL_CATEGORY_PRIMARY_VOTES_TRACED_PROPORTIONALLY,6246,GRN,1733.0,0.2774575728466218,True
VIC,217,Hotham,OTH,5,2,ALP>LNP>GRN>ON,2,1,6246,41595,Mark Brown,OTH_FFPA,RIGHT,3592,0.5750880563560679,0.5750880563560679,OTH_FFPA:3592|OTH_CEC:2654,RIGHT:3592|CENTRE:2654,PROPORTIONAL_PRIMARY_ORIGIN_PASS_THROUGH,ALL_CATEGORY_PRIMARY_VOTES_TRACED_PROPORTIONALLY,6246,LNP,1189.0,0.1903618315722062,True
VIC,217,Hotham,OTH,5,2,ALP>LNP>GRN>ON,2,1,6246,41595,Mark Brown,OTH_FFPA,RIGHT,3592,0.5750880563560679,0.5750880563560679,OTH_FFPA:3592|OTH_CEC:2654,RIGHT:3592|CENTRE:2654,PROPORTIONAL_PRIMARY_ORIGIN_PASS_THROUGH,ALL_CATEGORY_PRIMARY_VOTES_TRACED_PROPORTIONALLY,6246,ON,2256.0,0.3611911623439001,True
VIC,218,Indi,ON,3,7,LNP>IND,1,0,7611,41626,Athol Thomas,ON,,7611,1.0,1.0,ON:7611,UNSPECIFIED:7611,OBSERVED_LAST_SURVIVOR_EXIT,LAST_SURVIVOR_TALLY_AT_CATEGORY_EXIT,12657,IND,4639.0,0.3665165521055542,False
VIC,218,Indi,ON,3,7,LNP>IND,1,0,7611,41626,Athol Thomas,ON,,7611,1.0,1.0,ON:7611,UNSPECIFIED:7611,OBSERVED_LAST_SURVIVOR_EXIT,LAST_SURVIVOR_TALLY_AT_CATEGORY_EXIT,12657,LNP,8018.0,0.6334834478944458,False
VIC,218,Indi,ON,3,7,LNP>IND,1,0,7611,41626,Athol Thomas,ON,,7611,1.0,1.0,ON:7611,UNSPECIFIED:7611,PROPORTIONAL_PRIMARY_ORIGIN_PASS_THROUGH,ALL_CATEGORY_PRIMARY_VOTES_TRACED_PROPORTIONALLY,7611,IND,2789.557478075373,0.3665165521055542,True
VIC,218,Indi,ON,3,7,LNP>IND,1,0,7611,41626,Athol Thomas,ON,,7611,1.0,1.0,ON:7611,UNSPECIFIED:7611,PROPORTIONAL_PRIMARY_ORIGIN_PASS_THROUGH,ALL_CATEGORY_PRIMARY_VOTES_TRACED_PROPORTIONALLY,7611,LNP,4821.442521924627,0.6334834478944458,True
VIC,218,Indi,ALP,4,6,LNP>ON>IND,1,0,8824,40842,Mitch Bridges,ALP,,8824,1.0,1.0,ALP:8824,UNSPECIFIED:8824,OBSERVED_LAST_SURVIVOR_EXIT,LAST_SURVIVOR_TALLY_AT_CATEGORY_EXIT,10706,IND,7819.0,0.7303381281524379,False
VIC,218,Indi,ALP,4,6,LNP>ON>IND,1,0,8824,40842,Mitch Bridges,ALP,,8824,1.0,1.0,ALP:8824,UNSPECIFIED:8824,OBSERVED_LAST_SURVIVOR_EXIT,LAST_SURVIVOR_TALLY_AT_CATEGORY_EXIT,10706,LNP,1528.0,0.14272370633289744,False
VIC,218,Indi,ALP,4,6,LNP>ON>IND,1,0,8824,40842,Mitch Bridges,ALP,,8824,1.0,1.0,ALP:8824,UNSPECIFIED:8824,OBSERVED_LAST_SURVIVOR_EXIT,LAST_SURVIVOR_TALLY_AT_CATEGORY_EXIT,10706,ON,1359.0,0.12693816551466466,False
VIC,218,Indi,ALP,4,6,LNP>ON>IND,1,0,8824,40842,Mitch Bridges,ALP,,8824,1.0,1.0,ALP:8824,UNSPECIFIED:8824,PROPORTIONAL_PRIMARY_ORIGIN_PASS_THROUGH,ALL_CATEGORY_PRIMARY_VOTES_TRACED_PROPORTIONALLY,8824,IND,6444.503642817112,0.7303381281524379,True
VIC,218,Indi,ALP,4,6,LNP>ON>IND,1,0,8824,40842,Mitch Bridges,ALP,,8824,1.0,1.0,ALP:8824,UNSPECIFIED:8824,PROPORTIONAL_PRIMARY_ORIGIN_PASS_THROUGH,ALL_CATEGORY_PRIMARY_VOTES_TRACED_PROPORTIONALLY,8824,LNP,1259.393984681487,0.14272370633289744,True
VIC,218,Indi,ALP,4,6,LNP>ON>IND,1,0,8824,40842,Mitch Bridges,ALP,,8824,1.0,1.0,ALP:8824,UNSPECIFIED:8824,PROPORTIONAL_PRIMARY_ORIGIN_PASS_THROUGH,ALL_CATEGORY_PRIMARY_VOTES_TRACED_PROPORTIONALLY,8824,ON,1120.102372501401,0.12693816551466466,True
VIC,218,Indi,GRN,5,5,ALP>LNP>ON>IND,1,0,3839,41125,Alysia Regan,GRN,,3839,1.0,1.0,GRN:3839,UNSPECIFIED:3839,OBSERVED_LAST_SURVIVOR_EXIT,LAST_SURVIVOR_TALLY_AT_CATEGORY_EXIT,5010,ALP,1237.0,0.2469061876247505,False
VIC,218,Indi,GRN,5,5,ALP>LNP>ON>IND,1,0,3839,41125,Alysia Regan,GRN,,3839,1.0,1.0,GRN:3839,UNSPECIFIED:3839,OBSERVED_LAST_SURVIVOR_EXIT,LAST_SURVIVOR_TALLY_AT_CATEGORY_EXIT,5010,IND,2805.0,0.5598802395209581,False
VIC,218,Indi,GRN,5,5,ALP>LNP>ON>IND,1,0,3839,41125,Alysia Regan,GRN,,3839,1.0,1.0,GRN:3839,UNSPECIFIED:3839,OBSERVED_LAST_SURVIVOR_EXIT,LAST_SURVIVOR_TALLY_AT_CATEGORY_EXIT,5010,LNP,300.0,0.059880239520958084,False
VIC,218,Indi,GRN,5,5,ALP>LNP>ON>IND,1,0,3839,41125,Alysia Regan,GRN,,3839,1.0,1.0,GRN:3839,UNSPECIFIED:3839,OBSERVED_LAST_SURVIVOR_EXIT,LAST_SURVIVOR_TALLY_AT_CATEGORY_EXIT,5010,ON,668.0,0.13333333333333333,False
VIC,218,Indi,GRN,5,5,ALP>LNP>ON>IND,1,0,3839,41125,Alysia Regan,GRN,,3839,1.0,1.0,GRN:3839,UNSPECIFIED:3839,PROPORTIONAL_PRIMARY_ORIGIN_PASS_THROUGH,ALL_CATEGORY_PRIMARY_VOTES_TRACED_PROPORTIONALLY,3839,ALP,947.8728542914172,0.2469061876247505,True
VIC,218,Indi,GRN,5,5,ALP>LNP>ON>IND,1,0,3839,41125,Alysia Regan,GRN,,3839,1.0,1.0,GRN:3839,UNSPECIFIED:3839,PROPORTIONAL_PRIMARY_ORIGIN_PASS_THROUGH,ALL_CATEGORY_PRIMARY_VOTES_TRACED_PROPORTIONALLY,3839,IND,2149.380239520958,0.5598802395209581,True
VIC,218,Indi,GRN,5,5,ALP>LNP>ON>IND,1,0,3839,41125,Alysia Regan,GRN,,3839,1.0,1.0,GRN:3839,UNSPECIFIED:3839,PROPORTIONAL_PRIMARY_ORIGIN_PASS_THROUGH,ALL_CATEGORY_PRIMARY_VOTES_TRACED_PROPORTIONALLY,3839,LNP,229.88023952095807,0.05988023952095808,True
VIC,218,Indi,GRN,5,5,ALP>LNP>ON>IND,1,0,3839,41125,Alysia Regan,GRN,,3839,1.0,1.0,GRN:3839,UNSPECIFIED:3839,PROPORTIONAL_PRIMARY_ORIGIN_PASS_THROUGH,ALL_CATEGORY_PRIMARY_VOTES_TRACED_PROPORTIONALLY,3839,ON,511.8666666666667,0.13333333333333333,True
VIC,218,Indi,OTH,6,4,ALP>LNP>GRN>ON>IND,4,3,8289,41929,Ben Howman,OTH_HMP,CENTRE_LEFT,3163,0.38159005911448907,0.38159005911448907,OTH_HMP:3163|OTH_FFPA:1901|OTH_LTP:1705|IND_MINOR:1520,RIGHT:3606|CENTRE_LEFT:3163|CENTRE_RIGHT:1520,OBSERVED_LAST_SURVIVOR_EXIT,LAST_SURVIVOR_TALLY_AT_CATEGORY_EXIT,3884,ALP,452.0,0.11637487126673532,False
VIC,218,Indi,OTH,6,4,ALP>LNP>GRN>ON>IND,4,3,8289,41929,Ben Howman,OTH_HMP,CENTRE_LEFT,3163,0.38159005911448907,0.38159005911448907,OTH_HMP:3163|OTH_FFPA:1901|OTH_LTP:1705|IND_MINOR:1520,RIGHT:3606|CENTRE_LEFT:3163|CENTRE_RIGHT:1520,OBSERVED_LAST_SURVIVOR_EXIT,LAST_SURVIVOR_TALLY_AT_CATEGORY_EXIT,3884,GRN,960.0,0.24716786817713698,False
VIC,218,Indi,OTH,6,4,ALP>LNP>GRN>ON>IND,4,3,8289,41929,Ben Howman,OTH_HMP,CENTRE_LEFT,3163,0.38159005911448907,0.38159005911448907,OTH_HMP:3163|OTH_FFPA:1901|OTH_LTP:1705|IND_MINOR:1520,RIGHT:3606|CENTRE_LEFT:3163|CENTRE_RIGHT:1520,OBSERVED_LAST_SURVIVOR_EXIT,LAST_SURVIVOR_TALLY_AT_CATEGORY_EXIT,3884,IND,1144.0,0.2945417095777549,False
VIC,218,Indi,OTH,6,4,ALP>LNP>GRN>ON>IND,4,3,8289,41929,Ben Howman,OTH_HMP,CENTRE_LEFT,3163,0.38159005911448907,0.38159005911448907,OTH_HMP:3163|OTH_FFPA:1901|OTH_LTP:1705|IND_MINOR:1520,RIGHT:3606|CENTRE_LEFT:3163|CENTRE_RIGHT:1520,OBSERVED_LAST_SURVIVOR_EXIT,LAST_SURVIVOR_TALLY_AT_CATEGORY_EXIT,3884,LNP,425.0,0.10942327497425335,False
VIC,218,Indi,OTH,6,4,ALP>LNP>GRN>ON>IND,4,3,8289,41929,Ben Howman,OTH_HMP,CENTRE_LEFT,3163,0.38159005911448907,0.38159005911448907,OTH_HMP:3163|OTH_FFPA:1901|OTH_LTP:1705|IND_MINOR:1520,RIGHT:3606|CENTRE_LEFT:3163|CENTRE_RIGHT:1520,OBSERVED_LAST_SURVIVOR_EXIT,LAST_SURVIVOR_TALLY_AT_CATEGORY_EXIT,3884,ON,903.0,0.23249227600411945,False
VIC,218,Indi,OTH,6,4,ALP>LNP>GRN>ON>IND,4,3,8289,41929,Ben Howman,OTH_HMP,CENTRE_LEFT,3163,0.38159005911448907,0.38159005911448907,OTH_HMP:3163|OTH_FFPA:1901|OTH_LTP:1705|IND_MINOR:1520,RIGHT:3606|CENTRE_LEFT:3163|CENTRE_RIGHT:1520,PROPORTIONAL_PRIMARY_ORIGIN_PASS_THROUGH,ALL_CATEGORY_PRIMARY_VOTES_TRACED_PROPORTIONALLY,8289,ALP,645.0,0.07781397032211365,True
VIC,218,Indi,OTH,6,4,ALP>LNP>GRN>ON>IND,4,3,8289,41929,Ben Howman,OTH_HMP,CENTRE_LEFT,3163,0.38159005911448907,0.38159005911448907,OTH_HMP:3163|OTH_FFPA:1901|OTH_LTP:1705|IND_MINOR:1520,RIGHT:3606|CENTRE_LEFT:3163|CENTRE_RIGHT:1520,PROPORTIONAL_PRIMARY_ORIGIN_PASS_THROUGH,ALL_CATEGORY_PRIMARY_VOTES_TRACED_PROPORTIONALLY,8289,GRN,1171.0000000000002,0.14127156472433347,True
VIC,218,Indi,OTH,6,4,ALP>LNP>GRN>ON>IND,4,3,8289,41929,Ben Howman,OTH_HMP,CENTRE_LEFT,3163,0.38159005911448907,0.38159005911448907,OTH_HMP:3163|OTH_FFPA:1901|OTH_LTP:1705|IND_MINOR:1520,RIGHT:3606|CENTRE_LEFT:3163|CENTRE_RIGHT:1520,PROPORTIONAL_PRIMARY_ORIGIN_PASS_THROUGH,ALL_CATEGORY_PRIMARY_VOTES_TRACED_PROPORTIONALLY,8289,IND,2028.0,0.24466159971045964,True
VIC,218,Indi,OTH,6,4,ALP>LNP>GRN>ON>IND,4,3,8289,41929,Ben Howman,OTH_HMP,CENTRE_LEFT,3163,0.38159005911448907,0.38159005911448907,OTH_HMP:3163|OTH_FFPA:1901|OTH_LTP:1705|IND_MINOR:1520,RIGHT:3606|CENTRE_LEFT:3163|CENTRE_RIGHT:1520,PROPORTIONAL_PRIMARY_ORIGIN_PASS_THROUGH,ALL_CATEGORY_PRIMARY_VOTES_TRACED_PROPORTIONALLY,8289,LNP,1426.0,0.17203522740982025,True
VIC,218,Indi,OTH,6,4,ALP>LNP>GRN>ON>IND,4,3,8289,41929,Ben Howman,OTH_HMP,CENTRE_LEFT,3163,0.38159005911448907,0.38159005911448907,OTH_HMP:3163|OTH_FFPA:1901|OTH_LTP:1705|IND_MINOR:1520,RIGHT:3606|CENTRE_LEFT:3163|CENTRE_RIGHT:1520,PROPORTIONAL_PRIMARY_ORIGIN_PASS_THROUGH,ALL_CATEGORY_PRIMARY_VOTES_TRACED_PROPORTIONALLY,8289,ON,3019.0,0.364217637833273,True
VIC,219,Isaacs,GRN,3,3,ALP>LNP,1,0,15200,41127,Matthew Kirwan,GRN,,15200,1.0,1.0,GRN:15200,UNSPECIFIED:15200,OBSERVED_LAST_SURVIVOR_EXIT,LAST_SURVIVOR_TALLY_AT_CATEGORY_EXIT,17118,ALP,14504.0,0.8472952447715855,False
VIC,219,Isaacs,GRN,3,3,ALP>LNP,1,0,15200,41127,Matthew Kirwan,GRN,,15200,1.0,1.0,GRN:15200,UNSPECIFIED:15200,OBSERVED_LAST_SURVIVOR_EXIT,LAST_SURVIVOR_TALLY_AT_CATEGORY_EXIT,17118,LNP,2614.0,0.15270475522841453,False
VIC,219,Isaacs,GRN,3,3,ALP>LNP,1,0,15200,41127,Matthew Kirwan,GRN,,15200,1.0,1.0,GRN:15200,UNSPECIFIED:15200,PROPORTIONAL_PRIMARY_ORIGIN_PASS_THROUGH,ALL_CATEGORY_PRIMARY_VOTES_TRACED_PROPORTIONALLY,15200,ALP,12878.887720528099,0.8472952447715855,True
VIC,219,Isaacs,GRN,3,3,ALP>LNP,1,0,15200,41127,Matthew Kirwan,GRN,,15200,1.0,1.0,GRN:15200,UNSPECIFIED:15200,PROPORTIONAL_PRIMARY_ORIGIN_PASS_THROUGH,ALL_CATEGORY_PRIMARY_VOTES_TRACED_PROPORTIONALLY,15200,LNP,2321.112279471901,0.15270475522841453,True
VIC,219,Isaacs,ON,4,2,ALP>LNP>GRN,1,0,4989,41619,Geoff Mcmahon,ON,,4989,1.0,1.0,ON:4989,UNSPECIFIED:4989,OBSERVED_LAST_SURVIVOR_EXIT,LAST_SURVIVOR_TALLY_AT_CATEGORY_EXIT,6434,ALP,974.0,0.15138327634442028,False
VIC,219,Isaacs,ON,4,2,ALP>LNP>GRN,1,0,4989,41619,Geoff Mcmahon,ON,,4989,1.0,1.0,ON:4989,UNSPECIFIED:4989,OBSERVED_LAST_SURVIVOR_EXIT,LAST_SURVIVOR_TALLY_AT_CATEGORY_EXIT,6434,GRN,1049.0,0.16304009947155734,False
VIC,219,Isaacs,ON,4,2,ALP>LNP>GRN,1,0,4989,41619,Geoff Mcmahon,ON,,4989,1.0,1.0,ON:4989,UNSPECIFIED:4989,OBSERVED_LAST_SURVIVOR_EXIT,LAST_SURVIVOR_TALLY_AT_CATEGORY_EXIT,6434,LNP,4411.0,0.6855766241840224,False
VIC,219,Isaacs,ON,4,2,ALP>LNP>GRN,1,0,4989,41619,Geoff Mcmahon,ON,,4989,1.0,1.0,ON:4989,UNSPECIFIED:4989,PROPORTIONAL_PRIMARY_ORIGIN_PASS_THROUGH,ALL_CATEGORY_PRIMARY_VOTES_TRACED_PROPORTIONALLY,4989,ALP,755.2511656823128,0.15138327634442028,True
VIC,219,Isaacs,ON,4,2,ALP>LNP>GRN,1,0,4989,41619,Geoff Mcmahon,ON,,4989,1.0,1.0,ON:4989,UNSPECIFIED:4989,PROPORTIONAL_PRIMARY_ORIGIN_PASS_THROUGH,ALL_CATEGORY_PRIMARY_VOTES_TRACED_PROPORTIONALLY,4989,GRN,813.4070562635995,0.16304009947155734,True
VIC,219,Isaacs,ON,4,2,ALP>LNP>GRN,1,0,4989,41619,Geoff Mcmahon,ON,,4989,1.0,1.0,ON:4989,UNSPECIFIED:4989,PROPORTIONAL_PRIMARY_ORIGIN_PASS_THROUGH,ALL_CATEGORY_PRIMARY_VOTES_TRACED_PROPORTIONALLY,4989,LNP,3420.341778054088,0.6855766241840224,True
VIC,219,Isaacs,OTH,5,1,ALP>LNP>GRN>ON,1,0,3878,41543,Audrey Harmse,OTH_FFPA,RIGHT,3878,1.0,1.0,OTH_FFPA:3878,RIGHT:3878,OBSERVED_LAST_SURVIVOR_EXIT,LAST_SURVIVOR_TALLY_AT_CATEGORY_EXIT,3878,ALP,672.0,0.17328519855595667,False
VIC,219,Isaacs,OTH,5,1,ALP>LNP>GRN>ON,1,0,3878,41543,Audrey Harmse,OTH_FFPA,RIGHT,3878,1.0,1.0,OTH_FFPA:3878,RIGHT:3878,OBSERVED_LAST_SURVIVOR_EXIT,LAST_SURVIVOR_TALLY_AT_CATEGORY_EXIT,3878,GRN,869.0,0.22408457968024756,False
VIC,219,Isaacs,OTH,5,1,ALP>LNP>GRN>ON,1,0,3878,41543,Audrey Harmse,OTH_FFPA,RIGHT,3878,1.0,1.0,OTH_FFPA:3878,RIGHT:3878,OBSERVED_LAST_SURVIVOR_EXIT,LAST_SURVIVOR_TALLY_AT_CATEGORY_EXIT,3878,LNP,892.0,0.23001547189272822,False
VIC,219,Isaacs,OTH,5,1,ALP>LNP>GRN>ON,1,0,3878,41543,Audrey Harmse,OTH_FFPA,RIGHT,3878,1.0,1.0,OTH_FFPA:3878,RIGHT:3878,OBSERVED_LAST_SURVIVOR_EXIT,LAST_SURVIVOR_TALLY_AT_CATEGORY_EXIT,3878,ON,1445.0,0.3726147498710676,False
VIC,219,Isaacs,OTH,5,1,ALP>LNP>GRN>ON,1,0,3878,41543,Audrey Harmse,OTH_FFPA,RIGHT,3878,1.0,1.0,OTH_FFPA:3878,RIGHT:3878,PROPORTIONAL_PRIMARY_ORIGIN_PASS_THROUGH,ALL_CATEGORY_PRIMARY_VOTES_TRACED_PROPORTIONALLY,3878,ALP,672.0,0.17328519855595667,True
VIC,219,Isaacs,OTH,5,1,ALP>LNP>GRN>ON,1,0,3878,41543,Audrey Harmse,OTH_FFPA,RIGHT,3878,1.0,1.0,OTH_FFPA:3878,RIGHT:3878,PROPORTIONAL_PRIMARY_ORIGIN_PASS_THROUGH,ALL_CATEGORY_PRIMARY_VOTES_TRACED_PROPORTIONALLY,3878,GRN,869.0,0.22408457968024756,True
VIC,219,Isaacs,OTH,5,1,ALP>LNP>GRN>ON,1,0,3878,41543,Audrey Harmse,OTH_FFPA,RIGHT,3878,1.0,1.0,OTH_FFPA:3878,RIGHT:3878,PROPORTIONAL_PRIMARY_ORIGIN_PASS_THROUGH,ALL_CATEGORY_PRIMARY_VOTES_TRACED_PROPORTIONALLY,3878,LNP,892.0,0.23001547189272822,True
VIC,219,Isaacs,OTH,5,1,ALP>LNP>GRN>ON,1,0,3878,41543,Audrey Harmse,OTH_FFPA,RIGHT,3878,1.0,1.0,OTH_FFPA:3878,RIGHT:3878,PROPORTIONAL_PRIMARY_ORIGIN_PASS_THROUGH,ALL_CATEGORY_PRIMARY_VOTES_TRACED_PROPORTIONALLY,3878,ON,1445.0,0.3726147498710676,True
VIC,220,Jagajaga,GRN,3,5,ALP>LNP,1,0,17334,41095,Jy Sandford,GRN,,17334,1.0,1.0,GRN:17334,UNSPECIFIED:17334,OBSERVED_LAST_SURVIVOR_EXIT,LAST_SURVIVOR_TALLY_AT_CATEGORY_EXIT,21083,ALP,19024.0,0.9023383768913342,False
VIC,220,Jagajaga,GRN,3,5,ALP>LNP,1,0,17334,41095,Jy Sandford,GRN,,17334,1.0,1.0,GRN:17334,UNSPECIFIED:17334,OBSERVED_LAST_SURVIVOR_EXIT,LAST_SURVIVOR_TALLY_AT_CATEGORY_EXIT,21083,LNP,2059.0,0.09766162310866575,False
VIC,220,Jagajaga,GRN,3,5,ALP>LNP,1,0,17334,41095,Jy Sandford,GRN,,17334,1.0,1.0,GRN:17334,UNSPECIFIED:17334,PROPORTIONAL_PRIMARY_ORIGIN_PASS_THROUGH,ALL_CATEGORY_PRIMARY_VOTES_TRACED_PROPORTIONALLY,17334,ALP,15641.133425034388,0.9023383768913342,True
VIC,220,Jagajaga,GRN,3,5,ALP>LNP,1,0,17334,41095,Jy Sandford,GRN,,17334,1.0,1.0,GRN:17334,UNSPECIFIED:17334,PROPORTIONAL_PRIMARY_ORIGIN_PASS_THROUGH,ALL_CATEGORY_PRIMARY_VOTES_TRACED_PROPORTIONALLY,17334,LNP,1692.866574965612,0.09766162310866575,True
VIC,220,Jagajaga,OTH,4,4,ALP>LNP>GRN,3,2,9460,41542,Chris Kearney,IND_MINOR,LEFT,5167,0.5461945031712474,0.5461945031712474,IND_MINOR:6685|OTH_FFPA:2775,LEFT:5167|RIGHT:2775|CENTRE:1518,OBSERVED_LAST_SURVIVOR_EXIT,LAST_SURVIVOR_TALLY_AT_CATEGORY_EXIT,7431,ALP,2382.0,0.32054905127169964,False
VIC,220,Jagajaga,OTH,4,4,ALP>LNP>GRN,3,2,9460,41542,Chris Kearney,IND_MINOR,LEFT,5167,0.5461945031712474,0.5461945031712474,IND_MINOR:6685|OTH_FFPA:2775,LEFT:5167|RIGHT:2775|CENTRE:1518,OBSERVED_LAST_SURVIVOR_EXIT,LAST_SURVIVOR_TALLY_AT_CATEGORY_EXIT,7431,GRN,2995.0,0.4030413134167676,False
VIC,220,Jagajaga,OTH,4,4,ALP>LNP>GRN,3,2,9460,41542,Chris Kearney,IND_MINOR,LEFT,5167,0.5461945031712474,0.5461945031712474,IND_MINOR:6685|OTH_FFPA:2775,LEFT:5167|RIGHT:2775|CENTRE:1518,OBSERVED_LAST_SURVIVOR_EXIT,LAST_SURVIVOR_TALLY_AT_CATEGORY_EXIT,7431,LNP,2054.0,0.2764096353115328,False
VIC,220,Jagajaga,OTH,4,4,ALP>LNP>GRN,3,2,9460,41542,Chris Kearney,IND_MINOR,LEFT,5167,0.5461945031712474,0.5461945031712474,IND_MINOR:6685|OTH_FFPA:2775,LEFT:5167|RIGHT:2775|CENTRE:1518,PROPORTIONAL_PRIMARY_ORIGIN_PASS_THROUGH,ALL_CATEGORY_PRIMARY_VOTES_TRACED_PROPORTIONALLY,9460,ALP,2661.4550035076372,0.281337738214338,True
VIC,220,Jagajaga,OTH,4,4,ALP>LNP>GRN,3,2,9460,41542,Chris Kearney,IND_MINOR,LEFT,5167,0.5461945031712474,0.5461945031712474,IND_MINOR:6685|OTH_FFPA:2775,LEFT:5167|RIGHT:2775|CENTRE:1518,PROPORTIONAL_PRIMARY_ORIGIN_PASS_THROUGH,ALL_CATEGORY_PRIMARY_VOTES_TRACED_PROPORTIONALLY,9460,GRN,3062.7481839054267,0.3237577361422227,True
VIC,220,Jagajaga,OTH,4,4,ALP>LNP>GRN,3,2,9460,41542,Chris Kearney,IND_MINOR,LEFT,5167,0.5461945031712474,0.5461945031712474,IND_MINOR:6685|OTH_FFPA:2775,LEFT:5167|RIGHT:2775|CENTRE:1518,PROPORTIONAL_PRIMARY_ORIGIN_PASS_THROUGH,ALL_CATEGORY_PRIMARY_VOTES_TRACED_PROPORTIONALLY,9460,LNP,3735.7968125869356,0.3949045256434393,True
VIC,220,Jagajaga,ON,5,3,ALP>LNP>GRN>OTH,1,0,4297,41617,Leslie Ralph,ON,,4297,1.0,1.0,ON:4297,UNSPECIFIED:4297,OBSERVED_LAST_SURVIVOR_EXIT,LAST_SURVIVOR_TALLY_AT_CATEGORY_EXIT,5379,ALP,643.0,0.11953894775980665,False
VIC,220,Jagajaga,ON,5,3,ALP>LNP>GRN>OTH,1,0,4297,41617,Leslie Ralph,ON,,4297,1.0,1.0,ON:4297,UNSPECIFIED:4297,OBSERVED_LAST_SURVIVOR_EXIT,LAST_SURVIVOR_TALLY_AT_CATEGORY_EXIT,5379,GRN,269.0,0.050009295408068415,False
VIC,220,Jagajaga,ON,5,3,ALP>LNP>GRN>OTH,1,0,4297,41617,Leslie Ralph,ON,,4297,1.0,1.0,ON:4297,UNSPECIFIED:4297,OBSERVED_LAST_SURVIVOR_EXIT,LAST_SURVIVOR_TALLY_AT_CATEGORY_EXIT,5379,LNP,3003.0,0.558282208588957,False
VIC,220,Jagajaga,ON,5,3,ALP>LNP>GRN>OTH,1,0,4297,41617,Leslie Ralph,ON,,4297,1.0,1.0,ON:4297,UNSPECIFIED:4297,OBSERVED_LAST_SURVIVOR_EXIT,LAST_SURVIVOR_TALLY_AT_CATEGORY_EXIT,5379,OTH,1464.0,0.27216954824316786,False
VIC,220,Jagajaga,ON,5,3,ALP>LNP>GRN>OTH,1,0,4297,41617,Leslie Ralph,ON,,4297,1.0,1.0,ON:4297,UNSPECIFIED:4297,PROPORTIONAL_PRIMARY_ORIGIN_PASS_THROUGH,ALL_CATEGORY_PRIMARY_VOTES_TRACED_PROPORTIONALLY,4297,ALP,513.6588585238892,0.11953894775980665,True
VIC,220,Jagajaga,ON,5,3,ALP>LNP>GRN>OTH,1,0,4297,41617,Leslie Ralph,ON,,4297,1.0,1.0,ON:4297,UNSPECIFIED:4297,PROPORTIONAL_PRIMARY_ORIGIN_PASS_THROUGH,ALL_CATEGORY_PRIMARY_VOTES_TRACED_PROPORTIONALLY,4297,GRN,214.88994236846997,0.050009295408068415,True
VIC,220,Jagajaga,ON,5,3,ALP>LNP>GRN>OTH,1,0,4297,41617,Leslie Ralph,ON,,4297,1.0,1.0,ON:4297,UNSPECIFIED:4297,PROPORTIONAL_PRIMARY_ORIGIN_PASS_THROUGH,ALL_CATEGORY_PRIMARY_VOTES_TRACED_PROPORTIONALLY,4297,LNP,2398.9386503067485,0.558282208588957,True
VIC,220,Jagajaga,ON,5,3,ALP>LNP>GRN>OTH,1,0,4297,41617,Leslie Ralph,ON,,4297,1.0,1.0,ON:4297,UNSPECIFIED:4297,PROPORTIONAL_PRIMARY_ORIGIN_PASS_THROUGH,ALL_CATEGORY_PRIMARY_VOTES_TRACED_PROPORTIONALLY,4297,OTH,1169.5125488008923,0.27216954824316786,True
VIC,221,Kooyong,ALP,3,5,LNP>IND,1,0,13671,40827,Clive Crosby,ALP,,13671,1.0,1.0,ALP:13671,UNSPECIFIED:13671,OBSERVED_LAST_SURVIVOR_EXIT,LAST_SURVIVOR_TALLY_AT_CATEGORY_EXIT,16180,IND,12316.0,0.7611866501854141,False
VIC,221,Kooyong,ALP,3,5,LNP>IND,1,0,13671,40827,Clive Crosby,ALP,,13671,1.0,1.0,ALP:13671,UNSPECIFIED:13671,OBSERVED_LAST_SURVIVOR_EXIT,LAST_SURVIVOR_TALLY_AT_CATEGORY_EXIT,16180,LNP,3864.0,0.2388133498145859,False
VIC,221,Kooyong,ALP,3,5,LNP>IND,1,0,13671,40827,Clive Crosby,ALP,,13671,1.0,1.0,ALP:13671,UNSPECIFIED:13671,PROPORTIONAL_PRIMARY_ORIGIN_PASS_THROUGH,ALL_CATEGORY_PRIMARY_VOTES_TRACED_PROPORTIONALLY,13671,IND,10406.182694684796,0.7611866501854141,True
VIC,221,Kooyong,ALP,3,5,LNP>IND,1,0,13671,40827,Clive Crosby,ALP,,13671,1.0,1.0,ALP:13671,UNSPECIFIED:13671,PROPORTIONAL_PRIMARY_ORIGIN_PASS_THROUGH,ALL_CATEGORY_PRIMARY_VOTES_TRACED_PROPORTIONALLY,13671,LNP,3264.817305315204,0.2388133498145859,True
VIC,221,Kooyong,GRN,4,4,ALP>LNP>IND,1,0,8900,41098,Jackie Carter,GRN,,8900,1.0,1.0,GRN:8900,UNSPECIFIED:8900,OBSERVED_LAST_SURVIVOR_EXIT,LAST_SURVIVOR_TALLY_AT_CATEGORY_EXIT,9219,ALP,2189.0,0.2374444082872329,False
VIC,221,Kooyong,GRN,4,4,ALP>LNP>IND,1,0,8900,41098,Jackie Carter,GRN,,8900,1.0,1.0,GRN:8900,UNSPECIFIED:8900,OBSERVED_LAST_SURVIVOR_EXIT,LAST_SURVIVOR_TALLY_AT_CATEGORY_EXIT,9219,IND,6334.0,0.6870593339841632,False
VIC,221,Kooyong,GRN,4,4,ALP>LNP>IND,1,0,8900,41098,Jackie Carter,GRN,,8900,1.0,1.0,GRN:8900,UNSPECIFIED:8900,OBSERVED_LAST_SURVIVOR_EXIT,LAST_SURVIVOR_TALLY_AT_CATEGORY_EXIT,9219,LNP,696.0,0.07549625772860397,False
VIC,221,Kooyong,GRN,4,4,ALP>LNP>IND,1,0,8900,41098,Jackie Carter,GRN,,8900,1.0,1.0,GRN:8900,UNSPECIFIED:8900,PROPORTIONAL_PRIMARY_ORIGIN_PASS_THROUGH,ALL_CATEGORY_PRIMARY_VOTES_TRACED_PROPORTIONALLY,8900,ALP,2113.255233756373,0.23744440828723293,True
VIC,221,Kooyong,GRN,4,4,ALP>LNP>IND,1,0,8900,41098,Jackie Carter,GRN,,8900,1.0,1.0,GRN:8900,UNSPECIFIED:8900,PROPORTIONAL_PRIMARY_ORIGIN_PASS_THROUGH,ALL_CATEGORY_PRIMARY_VOTES_TRACED_PROPORTIONALLY,8900,IND,6114.828072459052,0.6870593339841632,True
VIC,221,Kooyong,GRN,4,4,ALP>LNP>IND,1,0,8900,41098,Jackie Carter,GRN,,8900,1.0,1.0,GRN:8900,UNSPECIFIED:8900,PROPORTIONAL_PRIMARY_ORIGIN_PASS_THROUGH,ALL_CATEGORY_PRIMARY_VOTES_TRACED_PROPORTIONALLY,8900,LNP,671.9166937845753,0.07549625772860397,True
VIC,221,Kooyong,ON,5,3,ALP>LNP>GRN>IND,1,0,1201,41611,Camille Brache,ON,,1201,1.0,1.0,ON:1201,UNSPECIFIED:1201,OBSERVED_LAST_SURVIVOR_EXIT,LAST_SURVIVOR_TALLY_AT_CATEGORY_EXIT,2275,ALP,156.0,0.06857142857142857,False
VIC,221,Kooyong,ON,5,3,ALP>LNP>GRN>IND,1,0,1201,41611,Camille Brache,ON,,1201,1.0,1.0,ON:1201,UNSPECIFIED:1201,OBSERVED_LAST_SURVIVOR_EXIT,LAST_SURVIVOR_TALLY_AT_CATEGORY_EXIT,2275,GRN,151.0,0.06637362637362637,False
VIC,221,Kooyong,ON,5,3,ALP>LNP>GRN>IND,1,0,1201,41611,Camille Brache,ON,,1201,1.0,1.0,ON:1201,UNSPECIFIED:1201,OBSERVED_LAST_SURVIVOR_EXIT,LAST_SURVIVOR_TALLY_AT_CATEGORY_EXIT,2275,IND,318.0,0.1397802197802198,False
VIC,221,Kooyong,ON,5,3,ALP>LNP>GRN>IND,1,0,1201,41611,Camille Brache,ON,,1201,1.0,1.0,ON:1201,UNSPECIFIED:1201,OBSERVED_LAST_SURVIVOR_EXIT,LAST_SURVIVOR_TALLY_AT_CATEGORY_EXIT,2275,LNP,1650.0,0.7252747252747253,False
VIC,221,Kooyong,ON,5,3,ALP>LNP>GRN>IND,1,0,1201,41611,Camille Brache,ON,,1201,1.0,1.0,ON:1201,UNSPECIFIED:1201,PROPORTIONAL_PRIMARY_ORIGIN_PASS_THROUGH,ALL_CATEGORY_PRIMARY_VOTES_TRACED_PROPORTIONALLY,1201,ALP,82.35428571428572,0.06857142857142857,True
VIC,221,Kooyong,ON,5,3,ALP>LNP>GRN>IND,1,0,1201,41611,Camille Brache,ON,,1201,1.0,1.0,ON:1201,UNSPECIFIED:1201,PROPORTIONAL_PRIMARY_ORIGIN_PASS_THROUGH,ALL_CATEGORY_PRIMARY_VOTES_TRACED_PROPORTIONALLY,1201,GRN,79.71472527472527,0.06637362637362637,True
VIC,221,Kooyong,ON,5,3,ALP>LNP>GRN>IND,1,0,1201,41611,Camille Brache,ON,,1201,1.0,1.0,ON:1201,UNSPECIFIED:1201,PROPORTIONAL_PRIMARY_ORIGIN_PASS_THROUGH,ALL_CATEGORY_PRIMARY_VOTES_TRACED_PROPORTIONALLY,1201,IND,167.87604395604396,0.1397802197802198,True
VIC,221,Kooyong,ON,5,3,ALP>LNP>GRN>IND,1,0,1201,41611,Camille Brache,ON,,1201,1.0,1.0,ON:1201,UNSPECIFIED:1201,PROPORTIONAL_PRIMARY_ORIGIN_PASS_THROUGH,ALL_CATEGORY_PRIMARY_VOTES_TRACED_PROPORTIONALLY,1201,LNP,871.054945054945,0.7252747252747253,True
VIC,221,Kooyong,OTH,6,2,ALP>LNP>GRN>ON>IND,2,1,2599,41311,Richard Peppard,OTH_LTP,RIGHT,1475,0.5675259715275106,0.5675259715275106,OTH_LTP:1475|OTH_CYA:1124,RIGHT:2599,OBSERVED_LAST_SURVIVOR_EXIT,LAST_SURVIVOR_TALLY_AT_CATEGORY_EXIT,1614,ALP,91.0,0.0563816604708798,False
VIC,221,Kooyong,OTH,6,2,ALP>LNP>GRN>ON>IND,2,1,2599,41311,Richard Peppard,OTH_LTP,RIGHT,1475,0.5675259715275106,0.5675259715275106,OTH_LTP:1475|OTH_CYA:1124,RIGHT:2599,OBSERVED_LAST_SURVIVOR_EXIT,LAST_SURVIVOR_TALLY_AT_CATEGORY_EXIT,1614,GRN,98.0,0.06071871127633209,False
VIC,221,Kooyong,OTH,6,2,ALP>LNP>GRN>ON>IND,2,1,2599,41311,Richard Peppard,OTH_LTP,RIGHT,1475,0.5675259715275106,0.5675259715275106,OTH_LTP:1475|OTH_CYA:1124,RIGHT:2599,OBSERVED_LAST_SURVIVOR_EXIT,LAST_SURVIVOR_TALLY_AT_CATEGORY_EXIT,1614,IND,147.0,0.09107806691449814,False
VIC,221,Kooyong,OTH,6,2,ALP>LNP>GRN>ON>IND,2,1,2599,41311,Richard Peppard,OTH_LTP,RIGHT,1475,0.5675259715275106,0.5675259715275106,OTH_LTP:1475|OTH_CYA:1124,RIGHT:2599,OBSERVED_LAST_SURVIVOR_EXIT,LAST_SURVIVOR_TALLY_AT_CATEGORY_EXIT,1614,LNP,641.0,0.39714993804213133,False
VIC,221,Kooyong,OTH,6,2,ALP>LNP>GRN>ON>IND,2,1,2599,41311,Richard Peppard,OTH_LTP,RIGHT,1475,0.5675259715275106,0.5675259715275106,OTH_LTP:1475|OTH_CYA:1124,RIGHT:2599,OBSERVED_LAST_SURVIVOR_EXIT,LAST_SURVIVOR_TALLY_AT_CATEGORY_EXIT,1614,ON,637.0,0.3946716232961586,False
VIC,221,Kooyong,OTH,6,2,ALP>LNP>GRN>ON>IND,2,1,2599,41311,Richard Peppard,OTH_LTP,RIGHT,1475,0.5675259715275106,0.5675259715275106,OTH_LTP:1475|OTH_CYA:1124,RIGHT:2599,PROPORTIONAL_PRIMARY_ORIGIN_PASS_THROUGH,ALL_CATEGORY_PRIMARY_VOTES_TRACED_PROPORTIONALLY,2599,ALP,164.0,0.06310119276644863,True
VIC,221,Kooyong,OTH,6,2,ALP>LNP>GRN>ON>IND,2,1,2599,41311,Richard Peppard,OTH_LTP,RIGHT,1475,0.5675259715275106,0.5675259715275106,OTH_LTP:1475|OTH_CYA:1124,RIGHT:2599,PROPORTIONAL_PRIMARY_ORIGIN_PASS_THROUGH,ALL_CATEGORY_PRIMARY_VOTES_TRACED_PROPORTIONALLY,2599,GRN,168.0,0.06464024624855713,True
VIC,221,Kooyong,OTH,6,2,ALP>LNP>GRN>ON>IND,2,1,2599,41311,Richard Peppard,OTH_LTP,RIGHT,1475,0.5675259715275106,0.5675259715275106,OTH_LTP:1475|OTH_CYA:1124,RIGHT:2599,PROPORTIONAL_PRIMARY_ORIGIN_PASS_THROUGH,ALL_CATEGORY_PRIMARY_VOTES_TRACED_PROPORTIONALLY,2599,IND,277.0,0.10657945363601386,True
VIC,221,Kooyong,OTH,6,2,ALP>LNP>GRN>ON>IND,2,1,2599,41311,Richard Peppard,OTH_LTP,RIGHT,1475,0.5675259715275106,0.5675259715275106,OTH_LTP:1475|OTH_CYA:1124,RIGHT:2599,PROPORTIONAL_PRIMARY_ORIGIN_PASS_THROUGH,ALL_CATEGORY_PRIMARY_VOTES_TRACED_PROPORTIONALLY,2599,LNP,916.0,0.35244324740284727,True
VIC,221,Kooyong,OTH,6,2,ALP>LNP>GRN>ON>IND,2,1,2599,41311,Richard Peppard,OTH_LTP,RIGHT,1475,0.5675259715275106,0.5675259715275106,OTH_LTP:1475|OTH_CYA:1124,RIGHT:2599,PROPORTIONAL_PRIMARY_ORIGIN_PASS_THROUGH,ALL_CATEGORY_PRIMARY_VOTES_TRACED_PROPORTIONALLY,2599,ON,1074.0,0.41323585994613315,True
VIC,223,La Trobe,GRN,3,4,ALP>LNP,1,0,13386,41104,Jamie Longmuir,GRN,,13386,1.0,1.0,GRN:13386,UNSPECIFIED:13386,OBSERVED_LAST_SURVIVOR_EXIT,LAST_SURVIVOR_TALLY_AT_CATEGORY_EXIT,16686,ALP,12836.0,0.7692676495265492,False
VIC,223,La Trobe,GRN,3,4,ALP>LNP,1,0,13386,41104,Jamie Longmuir,GRN,,13386,1.0,1.0,GRN:13386,UNSPECIFIED:13386,OBSERVED_LAST_SURVIVOR_EXIT,LAST_SURVIVOR_TALLY_AT_CATEGORY_EXIT,16686,LNP,3850.0,0.2307323504734508,False
VIC,223,La Trobe,GRN,3,4,ALP>LNP,1,0,13386,41104,Jamie Longmuir,GRN,,13386,1.0,1.0,GRN:13386,UNSPECIFIED:13386,PROPORTIONAL_PRIMARY_ORIGIN_PASS_THROUGH,ALL_CATEGORY_PRIMARY_VOTES_TRACED_PROPORTIONALLY,13386,ALP,10297.416756562388,0.7692676495265492,True
VIC,223,La Trobe,GRN,3,4,ALP>LNP,1,0,13386,41104,Jamie Longmuir,GRN,,13386,1.0,1.0,GRN:13386,UNSPECIFIED:13386,PROPORTIONAL_PRIMARY_ORIGIN_PASS_THROUGH,ALL_CATEGORY_PRIMARY_VOTES_TRACED_PROPORTIONALLY,13386,LNP,3088.5832434376125,0.2307323504734508,True
VIC,223,La Trobe,ON,4,3,ALP>LNP>GRN,1,0,7956,41612,Leo Panetta,ON,,7956,1.0,1.0,ON:7956,UNSPECIFIED:7956,OBSERVED_LAST_SURVIVOR_EXIT,LAST_SURVIVOR_TALLY_AT_CATEGORY_EXIT,11654,ALP,1908.0,0.16372061094903037,False
VIC,223,La Trobe,ON,4,3,ALP>LNP>GRN,1,0,7956,41612,Leo Panetta,ON,,7956,1.0,1.0,ON:7956,UNSPECIFIED:7956,OBSERVED_LAST_SURVIVOR_EXIT,LAST_SURVIVOR_TALLY_AT_CATEGORY_EXIT,11654,GRN,2348.0,0.2014758881070877,False
VIC,223,La Trobe,ON,4,3,ALP>LNP>GRN,1,0,7956,41612,Leo Panetta,ON,,7956,1.0,1.0,ON:7956,UNSPECIFIED:7956,OBSERVED_LAST_SURVIVOR_EXIT,LAST_SURVIVOR_TALLY_AT_CATEGORY_EXIT,11654,LNP,7398.0,0.6348035009438819,False
VIC,223,La Trobe,ON,4,3,ALP>LNP>GRN,1,0,7956,41612,Leo Panetta,ON,,7956,1.0,1.0,ON:7956,UNSPECIFIED:7956,PROPORTIONAL_PRIMARY_ORIGIN_PASS_THROUGH,ALL_CATEGORY_PRIMARY_VOTES_TRACED_PROPORTIONALLY,7956,ALP,1302.5611807104856,0.16372061094903037,True
VIC,223,La Trobe,ON,4,3,ALP>LNP>GRN,1,0,7956,41612,Leo Panetta,ON,,7956,1.0,1.0,ON:7956,UNSPECIFIED:7956,PROPORTIONAL_PRIMARY_ORIGIN_PASS_THROUGH,ALL_CATEGORY_PRIMARY_VOTES_TRACED_PROPORTIONALLY,7956,GRN,1602.9421657799896,0.2014758881070877,True
VIC,223,La Trobe,ON,4,3,ALP>LNP>GRN,1,0,7956,41612,Leo Panetta,ON,,7956,1.0,1.0,ON:7956,UNSPECIFIED:7956,PROPORTIONAL_PRIMARY_ORIGIN_PASS_THROUGH,ALL_CATEGORY_PRIMARY_VOTES_TRACED_PROPORTIONALLY,7956,LNP,5050.496653509525,0.6348035009438819,True
VIC,223,La Trobe,OTH,5,2,ALP>LNP>GRN>ON,2,1,8440,41404,Gregory Thomas Hardiman,OTH_CYA,RIGHT,4727,0.5600710900473934,0.5600710900473934,OTH_CYA:4727|OTH_FFPA:3713,RIGHT:8440,OBSERVED_LAST_SURVIVOR_EXIT,LAST_SURVIVOR_TALLY_AT_CATEGORY_EXIT,5296,ALP,1048.0,0.19788519637462235,False
VIC,223,La Trobe,OTH,5,2,ALP>LNP>GRN>ON,2,1,8440,41404,Gregory Thomas Hardiman,OTH_CYA,RIGHT,4727,0.5600710900473934,0.5600710900473934,OTH_CYA:4727|OTH_FFPA:3713,RIGHT:8440,OBSERVED_LAST_SURVIVOR_EXIT,LAST_SURVIVOR_TALLY_AT_CATEGORY_EXIT,5296,GRN,421.0,0.07949395770392749,False
VIC,223,La Trobe,OTH,5,2,ALP>LNP>GRN>ON,2,1,8440,41404,Gregory Thomas Hardiman,OTH_CYA,RIGHT,4727,0.5600710900473934,0.5600710900473934,OTH_CYA:4727|OTH_FFPA:3713,RIGHT:8440,OBSERVED_LAST_SURVIVOR_EXIT,LAST_SURVIVOR_TALLY_AT_CATEGORY_EXIT,5296,LNP,1029.0,0.194297583081571,False
VIC,223,La Trobe,OTH,5,2,ALP>LNP>GRN>ON,2,1,8440,41404,Gregory Thomas Hardiman,OTH_CYA,RIGHT,4727,0.5600710900473934,0.5600710900473934,OTH_CYA:4727|OTH_FFPA:3713,RIGHT:8440,OBSERVED_LAST_SURVIVOR_EXIT,LAST_SURVIVOR_TALLY_AT_CATEGORY_EXIT,5296,ON,2798.0,0.5283232628398792,False
VIC,223,La Trobe,OTH,5,2,ALP>LNP>GRN>ON,2,1,8440,41404,Gregory Thomas Hardiman,OTH_CYA,RIGHT,4727,0.5600710900473934,0.5600710900473934,OTH_CYA:4727|OTH_FFPA:3713,RIGHT:8440,PROPORTIONAL_PRIMARY_ORIGIN_PASS_THROUGH,ALL_CATEGORY_PRIMARY_VOTES_TRACED_PROPORTIONALLY,8440,ALP,1641.0,0.19443127962085308,True
VIC,223,La Trobe,OTH,5,2,ALP>LNP>GRN>ON,2,1,8440,41404,Gregory Thomas Hardiman,OTH_CYA,RIGHT,4727,0.5600710900473934,0.5600710900473934,OTH_CYA:4727|OTH_FFPA:3713,RIGHT:8440,PROPORTIONAL_PRIMARY_ORIGIN_PASS_THROUGH,ALL_CATEGORY_PRIMARY_VOTES_TRACED_PROPORTIONALLY,8440,GRN,952.0,0.11279620853080569,True
VIC,223,La Trobe,OTH,5,2,ALP>LNP>GRN>ON,2,1,8440,41404,Gregory Thomas Hardiman,OTH_CYA,RIGHT,4727,0.5600710900473934,0.5600710900473934,OTH_CYA:4727|OTH_FFPA:3713,RIGHT:8440,PROPORTIONAL_PRIMARY_ORIGIN_PASS_THROUGH,ALL_CATEGORY_PRIMARY_VOTES_TRACED_PROPORTIONALLY,8440,LNP,2149.0,0.2546208530805687,True
VIC,223,La Trobe,OTH,5,2,ALP>LNP>GRN>ON,2,1,8440,41404,Gregory Thomas Hardiman,OTH_CYA,RIGHT,4727,0.5600710900473934,0.5600710900473934,OTH_CYA:4727|OTH_FFPA:3713,RIGHT:8440,PROPORTIONAL_PRIMARY_ORIGIN_PASS_THROUGH,ALL_CATEGORY_PRIMARY_VOTES_TRACED_PROPORTIONALLY,8440,ON,3698.0,0.4381516587677725,True
VIC,222,Lalor,GRN,3,5,ALP>LNP,1,0,15181,41103,Owen Parris,GRN,,15181,1.0,1.0,GRN:15181,UNSPECIFIED:15181,OBSERVED_LAST_SURVIVOR_EXIT,LAST_SURVIVOR_TALLY_AT_CATEGORY_EXIT,19136,ALP,15785.0,0.824885033444816,False
VIC,222,Lalor,GRN,3,5,ALP>LNP,1,0,15181,41103,Owen Parris,GRN,,15181,1.0,1.0,GRN:15181,UNSPECIFIED:15181,OBSERVED_LAST_SURVIVOR_EXIT,LAST_SURVIVOR_TALLY_AT_CATEGORY_EXIT,19136,LNP,3351.0,0.17511496655518394,False
VIC,222,Lalor,GRN,3,5,ALP>LNP,1,0,15181,41103,Owen Parris,GRN,,15181,1.0,1.0,GRN:15181,UNSPECIFIED:15181,PROPORTIONAL_PRIMARY_ORIGIN_PASS_THROUGH,ALL_CATEGORY_PRIMARY_VOTES_TRACED_PROPORTIONALLY,15181,ALP,12522.579692725752,0.824885033444816,True
VIC,222,Lalor,GRN,3,5,ALP>LNP,1,0,15181,41103,Owen Parris,GRN,,15181,1.0,1.0,GRN:15181,UNSPECIFIED:15181,PROPORTIONAL_PRIMARY_ORIGIN_PASS_THROUGH,ALL_CATEGORY_PRIMARY_VOTES_TRACED_PROPORTIONALLY,15181,LNP,2658.4203072742475,0.17511496655518394,True
VIC,222,Lalor,ON,4,4,ALP>LNP>GRN,1,0,6986,41615,Jason Oosthuizen,ON,,6986,1.0,1.0,ON:6986,UNSPECIFIED:6986,OBSERVED_LAST_SURVIVOR_EXIT,LAST_SURVIVOR_TALLY_AT_CATEGORY_EXIT,9350,ALP,2021.0,0.21614973262032086,False
VIC,222,Lalor,ON,4,4,ALP>LNP>GRN,1,0,6986,41615,Jason Oosthuizen,ON,,6986,1.0,1.0,ON:6986,UNSPECIFIED:6986,OBSERVED_LAST_SURVIVOR_EXIT,LAST_SURVIVOR_TALLY_AT_CATEGORY_EXIT,9350,GRN,1962.0,0.20983957219251337,False
VIC,222,Lalor,ON,4,4,ALP>LNP>GRN,1,0,6986,41615,Jason Oosthuizen,ON,,6986,1.0,1.0,ON:6986,UNSPECIFIED:6986,OBSERVED_LAST_SURVIVOR_EXIT,LAST_SURVIVOR_TALLY_AT_CATEGORY_EXIT,9350,LNP,5367.0,0.5740106951871657,False
VIC,222,Lalor,ON,4,4,ALP>LNP>GRN,1,0,6986,41615,Jason Oosthuizen,ON,,6986,1.0,1.0,ON:6986,UNSPECIFIED:6986,PROPORTIONAL_PRIMARY_ORIGIN_PASS_THROUGH,ALL_CATEGORY_PRIMARY_VOTES_TRACED_PROPORTIONALLY,6986,ALP,1510.0220320855615,0.21614973262032086,True
VIC,222,Lalor,ON,4,4,ALP>LNP>GRN,1,0,6986,41615,Jason Oosthuizen,ON,,6986,1.0,1.0,ON:6986,UNSPECIFIED:6986,PROPORTIONAL_PRIMARY_ORIGIN_PASS_THROUGH,ALL_CATEGORY_PRIMARY_VOTES_TRACED_PROPORTIONALLY,6986,GRN,1465.9392513368985,0.20983957219251337,True
VIC,222,Lalor,ON,4,4,ALP>LNP>GRN,1,0,6986,41615,Jason Oosthuizen,ON,,6986,1.0,1.0,ON:6986,UNSPECIFIED:6986,PROPORTIONAL_PRIMARY_ORIGIN_PASS_THROUGH,ALL_CATEGORY_PRIMARY_VOTES_TRACED_PROPORTIONALLY,6986,LNP,4010.03871657754,0.5740106951871657,True
VIC,222,Lalor,OTH,5,3,ALP>LNP>GRN>ON,3,2,7964,41566,Matthew Emerson,OTH_FFPA,RIGHT,4578,0.5748367654445002,0.5748367654445002,OTH_FFPA:4578|IND_MINOR:2101|OTH_LTP:1285,RIGHT:5863|CENTRE_LEFT:2101,OBSERVED_LAST_SURVIVOR_EXIT,LAST_SURVIVOR_TALLY_AT_CATEGORY_EXIT,5275,ALP,1140.0,0.2161137440758294,False
VIC,222,Lalor,OTH,5,3,ALP>LNP>GRN>ON,3,2,7964,41566,Matthew Emerson,OTH_FFPA,RIGHT,4578,0.5748367654445002,0.5748367654445002,OTH_FFPA:4578|IND_MINOR:2101|OTH_LTP:1285,RIGHT:5863|CENTRE_LEFT:2101,OBSERVED_LAST_SURVIVOR_EXIT,LAST_SURVIVOR_TALLY_AT_CATEGORY_EXIT,5275,GRN,1147.0,0.21744075829383885,False
VIC,222,Lalor,OTH,5,3,ALP>LNP>GRN>ON,3,2,7964,41566,Matthew Emerson,OTH_FFPA,RIGHT,4578,0.5748367654445002,0.5748367654445002,OTH_FFPA:4578|IND_MINOR:2101|OTH_LTP:1285,RIGHT:5863|CENTRE_LEFT:2101,OBSERVED_LAST_SURVIVOR_EXIT,LAST_SURVIVOR_TALLY_AT_CATEGORY_EXIT,5275,LNP,1285.0,0.24360189573459715,False
VIC,222,Lalor,OTH,5,3,ALP>LNP>GRN>ON,3,2,7964,41566,Matthew Emerson,OTH_FFPA,RIGHT,4578,0.5748367654445002,0.5748367654445002,OTH_FFPA:4578|IND_MINOR:2101|OTH_LTP:1285,RIGHT:5863|CENTRE_LEFT:2101,OBSERVED_LAST_SURVIVOR_EXIT,LAST_SURVIVOR_TALLY_AT_CATEGORY_EXIT,5275,ON,1703.0,0.3228436018957346,False
VIC,222,Lalor,OTH,5,3,ALP>LNP>GRN>ON,3,2,7964,41566,Matthew Emerson,OTH_FFPA,RIGHT,4578,0.5748367654445002,0.5748367654445002,OTH_FFPA:4578|IND_MINOR:2101|OTH_LTP:1285,RIGHT:5863|CENTRE_LEFT:2101,PROPORTIONAL_PRIMARY_ORIGIN_PASS_THROUGH,ALL_CATEGORY_PRIMARY_VOTES_TRACED_PROPORTIONALLY,7964,ALP,1671.0000000000002,0.2098191863385234,True
VIC,222,Lalor,OTH,5,3,ALP>LNP>GRN>ON,3,2,7964,41566,Matthew Emerson,OTH_FFPA,RIGHT,4578,0.5748367654445002,0.5748367654445002,OTH_FFPA:4578|IND_MINOR:2101|OTH_LTP:1285,RIGHT:5863|CENTRE_LEFT:2101,PROPORTIONAL_PRIMARY_ORIGIN_PASS_THROUGH,ALL_CATEGORY_PRIMARY_VOTES_TRACED_PROPORTIONALLY,7964,GRN,1993.0,0.25025113008538424,True
VIC,222,Lalor,OTH,5,3,ALP>LNP>GRN>ON,3,2,7964,41566,Matthew Emerson,OTH_FFPA,RIGHT,4578,0.5748367654445002,0.5748367654445002,OTH_FFPA:4578|IND_MINOR:2101|OTH_LTP:1285,RIGHT:5863|CENTRE_LEFT:2101,PROPORTIONAL_PRIMARY_ORIGIN_PASS_THROUGH,ALL_CATEGORY_PRIMARY_VOTES_TRACED_PROPORTIONALLY,7964,LNP,1936.0,0.2430939226519337,True
VIC,222,Lalor,OTH,5,3,ALP>LNP>GRN>ON,3,2,7964,41566,Matthew Emerson,OTH_FFPA,RIGHT,4578,0.5748367654445002,0.5748367654445002,OTH_FFPA:4578|IND_MINOR:2101|OTH_LTP:1285,RIGHT:5863|CENTRE_LEFT:2101,PROPORTIONAL_PRIMARY_ORIGIN_PASS_THROUGH,ALL_CATEGORY_PRIMARY_VOTES_TRACED_PROPORTIONALLY,7964,ON,2364.0,0.2968357609241587,True
VIC,322,Macnamara,GRN,3,4,ALP>LNP,1,0,25561,41110,Sonya Semmens,GRN,,25561,1.0,1.0,GRN:25561,UNSPECIFIED:25561,OBSERVED_LAST_SURVIVOR_EXIT,LAST_SURVIVOR_TALLY_AT_CATEGORY_EXIT,26750,ALP,24579.0,0.9188411214953272,False
VIC,322,Macnamara,GRN,3,4,ALP>LNP,1,0,25561,41110,Sonya Semmens,GRN,,25561,1.0,1.0,GRN:25561,UNSPECIFIED:25561,OBSERVED_LAST_SURVIVOR_EXIT,LAST_SURVIVOR_TALLY_AT_CATEGORY_EXIT,26750,LNP,2171.0,0.08115887850467289,False
VIC,322,Macnamara,GRN,3,4,ALP>LNP,1,0,25561,41110,Sonya Semmens,GRN,,25561,1.0,1.0,GRN:25561,UNSPECIFIED:25561,PROPORTIONAL_PRIMARY_ORIGIN_PASS_THROUGH,ALL_CATEGORY_PRIMARY_VOTES_TRACED_PROPORTIONALLY,25561,ALP,23486.497906542056,0.918841121495327,True
VIC,322,Macnamara,GRN,3,4,ALP>LNP,1,0,25561,41110,Sonya Semmens,GRN,,25561,1.0,1.0,GRN:25561,UNSPECIFIED:25561,PROPORTIONAL_PRIMARY_ORIGIN_PASS_THROUGH,ALL_CATEGORY_PRIMARY_VOTES_TRACED_PROPORTIONALLY,25561,LNP,2074.502093457944,0.08115887850467289,True
VIC,322,Macnamara,ON,4,3,ALP>LNP>GRN,1,0,2803,41628,Sean Rubin,ON,,2803,1.0,1.0,ON:2803,UNSPECIFIED:2803,OBSERVED_LAST_SURVIVOR_EXIT,LAST_SURVIVOR_TALLY_AT_CATEGORY_EXIT,3853,ALP,594.0,0.15416558525824034,False
VIC,322,Macnamara,ON,4,3,ALP>LNP>GRN,1,0,2803,41628,Sean Rubin,ON,,2803,1.0,1.0,ON:2803,UNSPECIFIED:2803,OBSERVED_LAST_SURVIVOR_EXIT,LAST_SURVIVOR_TALLY_AT_CATEGORY_EXIT,3853,GRN,520.0,0.13495977160654035,False
VIC,322,Macnamara,ON,4,3,ALP>LNP>GRN,1,0,2803,41628,Sean Rubin,ON,,2803,1.0,1.0,ON:2803,UNSPECIFIED:2803,OBSERVED_LAST_SURVIVOR_EXIT,LAST_SURVIVOR_TALLY_AT_CATEGORY_EXIT,3853,LNP,2739.0,0.7108746431352193,False
VIC,322,Macnamara,ON,4,3,ALP>LNP>GRN,1,0,2803,41628,Sean Rubin,ON,,2803,1.0,1.0,ON:2803,UNSPECIFIED:2803,PROPORTIONAL_PRIMARY_ORIGIN_PASS_THROUGH,ALL_CATEGORY_PRIMARY_VOTES_TRACED_PROPORTIONALLY,2803,ALP,432.1261354788477,0.15416558525824034,True
VIC,322,Macnamara,ON,4,3,ALP>LNP>GRN,1,0,2803,41628,Sean Rubin,ON,,2803,1.0,1.0,ON:2803,UNSPECIFIED:2803,PROPORTIONAL_PRIMARY_ORIGIN_PASS_THROUGH,ALL_CATEGORY_PRIMARY_VOTES_TRACED_PROPORTIONALLY,2803,GRN,378.2922398131326,0.13495977160654035,True
VIC,322,Macnamara,ON,4,3,ALP>LNP>GRN,1,0,2803,41628,Sean Rubin,ON,,2803,1.0,1.0,ON:2803,UNSPECIFIED:2803,PROPORTIONAL_PRIMARY_ORIGIN_PASS_THROUGH,ALL_CATEGORY_PRIMARY_VOTES_TRACED_PROPORTIONALLY,2803,LNP,1992.5816247080197,0.7108746431352193,True
VIC,322,Macnamara,OTH,5,2,ALP>LNP>GRN>ON,2,1,3140,37774,JB Myers,IND_MINOR,CENTRE,1841,0.5863057324840765,0.5863057324840765,IND_MINOR:1841|OTH_LTP:1299,CENTRE:1841|RIGHT:1299,OBSERVED_LAST_SURVIVOR_EXIT,LAST_SURVIVOR_TALLY_AT_CATEGORY_EXIT,2128,ALP,503.0,0.23637218045112782,False
VIC,322,Macnamara,OTH,5,2,ALP>LNP>GRN>ON,2,1,3140,37774,JB Myers,IND_MINOR,CENTRE,1841,0.5863057324840765,0.5863057324840765,IND_MINOR:1841|OTH_LTP:1299,CENTRE:1841|RIGHT:1299,OBSERVED_LAST_SURVIVOR_EXIT,LAST_SURVIVOR_TALLY_AT_CATEGORY_EXIT,2128,GRN,582.0,0.27349624060150374,False
VIC,322,Macnamara,OTH,5,2,ALP>LNP>GRN>ON,2,1,3140,37774,JB Myers,IND_MINOR,CENTRE,1841,0.5863057324840765,0.5863057324840765,IND_MINOR:1841|OTH_LTP:1299,CENTRE:1841|RIGHT:1299,OBSERVED_LAST_SURVIVOR_EXIT,LAST_SURVIVOR_TALLY_AT_CATEGORY_EXIT,2128,LNP,511.0,0.24013157894736842,False
VIC,322,Macnamara,OTH,5,2,ALP>LNP>GRN>ON,2,1,3140,37774,JB Myers,IND_MINOR,CENTRE,1841,0.5863057324840765,0.5863057324840765,IND_MINOR:1841|OTH_LTP:1299,CENTRE:1841|RIGHT:1299,OBSERVED_LAST_SURVIVOR_EXIT,LAST_SURVIVOR_TALLY_AT_CATEGORY_EXIT,2128,ON,532.0,0.25,False
VIC,322,Macnamara,OTH,5,2,ALP>LNP>GRN>ON,2,1,3140,37774,JB Myers,IND_MINOR,CENTRE,1841,0.5863057324840765,0.5863057324840765,IND_MINOR:1841|OTH_LTP:1299,CENTRE:1841|RIGHT:1299,PROPORTIONAL_PRIMARY_ORIGIN_PASS_THROUGH,ALL_CATEGORY_PRIMARY_VOTES_TRACED_PROPORTIONALLY,3140,ALP,603.0,0.19203821656050957,True
VIC,322,Macnamara,OTH,5,2,ALP>LNP>GRN>ON,2,1,3140,37774,JB Myers,IND_MINOR,CENTRE,1841,0.5863057324840765,0.5863057324840765,IND_MINOR:1841|OTH_LTP:1299,CENTRE:1841|RIGHT:1299,PROPORTIONAL_PRIMARY_ORIGIN_PASS_THROUGH,ALL_CATEGORY_PRIMARY_VOTES_TRACED_PROPORTIONALLY,3140,GRN,669.0,0.21305732484076434,True
VIC,322,Macnamara,OTH,5,2,ALP>LNP>GRN>ON,2,1,3140,37774,JB Myers,IND_MINOR,CENTRE,1841,0.5863057324840765,0.5863057324840765,IND_MINOR:1841|OTH_LTP:1299,CENTRE:1841|RIGHT:1299,PROPORTIONAL_PRIMARY_ORIGIN_PASS_THROUGH,ALL_CATEGORY_PRIMARY_VOTES_TRACED_PROPORTIONALLY,3140,LNP,818.0,0.2605095541401274,True
VIC,322,Macnamara,OTH,5,2,ALP>LNP>GRN>ON,2,1,3140,37774,JB Myers,IND_MINOR,CENTRE,1841,0.5863057324840765,0.5863057324840765,IND_MINOR:1841|OTH_LTP:1299,CENTRE:1841|RIGHT:1299,PROPORTIONAL_PRIMARY_ORIGIN_PASS_THROUGH,ALL_CATEGORY_PRIMARY_VOTES_TRACED_PROPORTIONALLY,3140,ON,1050.0,0.3343949044585987,True
VIC,224,Mallee,ON,3,6,ALP>LNP,1,0,11414,41613,Vaughan Williams,ON,,11414,1.0,1.0,ON:11414,UNSPECIFIED:11414,OBSERVED_LAST_SURVIVOR_EXIT,LAST_SURVIVOR_TALLY_AT_CATEGORY_EXIT,17509,ALP,4200.0,0.23987663487349364,False
VIC,224,Mallee,ON,3,6,ALP>LNP,1,0,11414,41613,Vaughan Williams,ON,,11414,1.0,1.0,ON:11414,UNSPECIFIED:11414,OBSERVED_LAST_SURVIVOR_EXIT,LAST_SURVIVOR_TALLY_AT_CATEGORY_EXIT,17509,LNP,13309.0,0.7601233651265064,False
VIC,224,Mallee,ON,3,6,ALP>LNP,1,0,11414,41613,Vaughan Williams,ON,,11414,1.0,1.0,ON:11414,UNSPECIFIED:11414,PROPORTIONAL_PRIMARY_ORIGIN_PASS_THROUGH,ALL_CATEGORY_PRIMARY_VOTES_TRACED_PROPORTIONALLY,11414,ALP,2737.9519104460564,0.23987663487349364,True
VIC,224,Mallee,ON,3,6,ALP>LNP,1,0,11414,41613,Vaughan Williams,ON,,11414,1.0,1.0,ON:11414,UNSPECIFIED:11414,PROPORTIONAL_PRIMARY_ORIGIN_PASS_THROUGH,ALL_CATEGORY_PRIMARY_VOTES_TRACED_PROPORTIONALLY,11414,LNP,8676.048089553944,0.7601233651265064,True
VIC,224,Mallee,GRN,4,5,ALP>LNP>ON,1,0,9477,41116,Nicole Rowan,GRN,,9477,1.0,1.0,GRN:9477,UNSPECIFIED:9477,OBSERVED_LAST_SURVIVOR_EXIT,LAST_SURVIVOR_TALLY_AT_CATEGORY_EXIT,10918,ALP,6473.0,0.5928741527752336,False
VIC,224,Mallee,GRN,4,5,ALP>LNP>ON,1,0,9477,41116,Nicole Rowan,GRN,,9477,1.0,1.0,GRN:9477,UNSPECIFIED:9477,OBSERVED_LAST_SURVIVOR_EXIT,LAST_SURVIVOR_TALLY_AT_CATEGORY_EXIT,10918,LNP,3498.0,0.32038834951456313,False
VIC,224,Mallee,GRN,4,5,ALP>LNP>ON,1,0,9477,41116,Nicole Rowan,GRN,,9477,1.0,1.0,GRN:9477,UNSPECIFIED:9477,OBSERVED_LAST_SURVIVOR_EXIT,LAST_SURVIVOR_TALLY_AT_CATEGORY_EXIT,10918,ON,947.0,0.08673749771020334,False
VIC,224,Mallee,GRN,4,5,ALP>LNP>ON,1,0,9477,41116,Nicole Rowan,GRN,,9477,1.0,1.0,GRN:9477,UNSPECIFIED:9477,PROPORTIONAL_PRIMARY_ORIGIN_PASS_THROUGH,ALL_CATEGORY_PRIMARY_VOTES_TRACED_PROPORTIONALLY,9477,ALP,5618.668345850889,0.5928741527752336,True
VIC,224,Mallee,GRN,4,5,ALP>LNP>ON,1,0,9477,41116,Nicole Rowan,GRN,,9477,1.0,1.0,GRN:9477,UNSPECIFIED:9477,PROPORTIONAL_PRIMARY_ORIGIN_PASS_THROUGH,ALL_CATEGORY_PRIMARY_VOTES_TRACED_PROPORTIONALLY,9477,LNP,3036.320388349515,0.32038834951456313,True
VIC,224,Mallee,GRN,4,5,ALP>LNP>ON,1,0,9477,41116,Nicole Rowan,GRN,,9477,1.0,1.0,GRN:9477,UNSPECIFIED:9477,PROPORTIONAL_PRIMARY_ORIGIN_PASS_THROUGH,ALL_CATEGORY_PRIMARY_VOTES_TRACED_PROPORTIONALLY,9477,ON,822.011265799597,0.08673749771020334,True
VIC,224,Mallee,OTH,5,4,ALP>LNP>GRN>ON,4,3,11424,41583,Ashleigh Gray,OTH_FFPA,RIGHT,3960,0.34663865546218486,0.34663865546218486,OTH_FFPA:3960|OTH_CYA:3810|OTH_LTP:2671|OTH_CEC:983,RIGHT:10441|CENTRE:983,OBSERVED_LAST_SURVIVOR_EXIT,LAST_SURVIVOR_TALLY_AT_CATEGORY_EXIT,5509,ALP,792.0,0.14376474859321112,False
VIC,224,Mallee,OTH,5,4,ALP>LNP>GRN>ON,4,3,11424,41583,Ashleigh Gray,OTH_FFPA,RIGHT,3960,0.34663865546218486,0.34663865546218486,OTH_FFPA:3960|OTH_CYA:3810|OTH_LTP:2671|OTH_CEC:983,RIGHT:10441|CENTRE:983,OBSERVED_LAST_SURVIVOR_EXIT,LAST_SURVIVOR_TALLY_AT_CATEGORY_EXIT,5509,GRN,842.0,0.15284080595389363,False
VIC,224,Mallee,OTH,5,4,ALP>LNP>GRN>ON,4,3,11424,41583,Ashleigh Gray,OTH_FFPA,RIGHT,3960,0.34663865546218486,0.34663865546218486,OTH_FFPA:3960|OTH_CYA:3810|OTH_LTP:2671|OTH_CEC:983,RIGHT:10441|CENTRE:983,OBSERVED_LAST_SURVIVOR_EXIT,LAST_SURVIVOR_TALLY_AT_CATEGORY_EXIT,5509,LNP,1428.0,0.25921219822109276,False
VIC,224,Mallee,OTH,5,4,ALP>LNP>GRN>ON,4,3,11424,41583,Ashleigh Gray,OTH_FFPA,RIGHT,3960,0.34663865546218486,0.34663865546218486,OTH_FFPA:3960|OTH_CYA:3810|OTH_LTP:2671|OTH_CEC:983,RIGHT:10441|CENTRE:983,OBSERVED_LAST_SURVIVOR_EXIT,LAST_SURVIVOR_TALLY_AT_CATEGORY_EXIT,5509,ON,2447.0,0.4441822472318025,False
VIC,224,Mallee,OTH,5,4,ALP>LNP>GRN>ON,4,3,11424,41583,Ashleigh Gray,OTH_FFPA,RIGHT,3960,0.34663865546218486,0.34663865546218486,OTH_FFPA:3960|OTH_CYA:3810|OTH_LTP:2671|OTH_CEC:983,RIGHT:10441|CENTRE:983,PROPORTIONAL_PRIMARY_ORIGIN_PASS_THROUGH,ALL_CATEGORY_PRIMARY_VOTES_TRACED_PROPORTIONALLY,11424,ALP,1598.0,0.13988095238095238,True
VIC,224,Mallee,OTH,5,4,ALP>LNP>GRN>ON,4,3,11424,41583,Ashleigh Gray,OTH_FFPA,RIGHT,3960,0.34663865546218486,0.34663865546218486,OTH_FFPA:3960|OTH_CYA:3810|OTH_LTP:2671|OTH_CEC:983,RIGHT:10441|CENTRE:983,PROPORTIONAL_PRIMARY_ORIGIN_PASS_THROUGH,ALL_CATEGORY_PRIMARY_VOTES_TRACED_PROPORTIONALLY,11424,GRN,1441.0,0.12613795518207283,True
VIC,224,Mallee,OTH,5,4,ALP>LNP>GRN>ON,4,3,11424,41583,Ashleigh Gray,OTH_FFPA,RIGHT,3960,0.34663865546218486,0.34663865546218486,OTH_FFPA:3960|OTH_CYA:3810|OTH_LTP:2671|OTH_CEC:983,RIGHT:10441|CENTRE:983,PROPORTIONAL_PRIMARY_ORIGIN_PASS_THROUGH,ALL_CATEGORY_PRIMARY_VOTES_TRACED_PROPORTIONALLY,11424,LNP,3237.0,0.28335084033613445,True
VIC,224,Mallee,OTH,5,4,ALP>LNP>GRN>ON,4,3,11424,41583,Ashleigh Gray,OTH_FFPA,RIGHT,3960,0.34663865546218486,0.34663865546218486,OTH_FFPA:3960|OTH_CYA:3810|OTH_LTP:2671|OTH_CEC:983,RIGHT:10441|CENTRE:983,PROPORTIONAL_PRIMARY_ORIGIN_PASS_THROUGH,ALL_CATEGORY_PRIMARY_VOTES_TRACED_PROPORTIONALLY,11424,ON,5148.0,0.45063025210084034,True
VIC,225,Maribyrnong,GRN,3,2,ALP>LNP,1,0,23594,41117,James Williams,GRN,,23594,1.0,1.0,GRN:23594,UNSPECIFIED:23594,OBSERVED_LAST_SURVIVOR_EXIT,LAST_SURVIVOR_TALLY_AT_CATEGORY_EXIT,24732,ALP,22247.0,0.8995228853307456,False
VIC,225,Maribyrnong,GRN,3,2,ALP>LNP,1,0,23594,41117,James Williams,GRN,,23594,1.0,1.0,GRN:23594,UNSPECIFIED:23594,OBSERVED_LAST_SURVIVOR_EXIT,LAST_SURVIVOR_TALLY_AT_CATEGORY_EXIT,24732,LNP,2485.0,0.10047711466925441,False
VIC,225,Maribyrnong,GRN,3,2,ALP>LNP,1,0,23594,41117,James Williams,GRN,,23594,1.0,1.0,GRN:23594,UNSPECIFIED:23594,PROPORTIONAL_PRIMARY_ORIGIN_PASS_THROUGH,ALL_CATEGORY_PRIMARY_VOTES_TRACED_PROPORTIONALLY,23594,ALP,21223.342956493612,0.8995228853307456,True
VIC,225,Maribyrnong,GRN,3,2,ALP>LNP,1,0,23594,41117,James Williams,GRN,,23594,1.0,1.0,GRN:23594,UNSPECIFIED:23594,PROPORTIONAL_PRIMARY_ORIGIN_PASS_THROUGH,ALL_CATEGORY_PRIMARY_VOTES_TRACED_PROPORTIONALLY,23594,LNP,2370.6570435063886,0.10047711466925441,True
VIC,225,Maribyrnong,ON,4,1,ALP>LNP>GRN,1,0,7665,41606,Alannah Casey,ON,,7665,1.0,1.0,ON:7665,UNSPECIFIED:7665,OBSERVED_LAST_SURVIVOR_EXIT,LAST_SURVIVOR_TALLY_AT_CATEGORY_EXIT,7665,ALP,1349.0,0.17599478147423353,False
VIC,225,Maribyrnong,ON,4,1,ALP>LNP>GRN,1,0,7665,41606,Alannah Casey,ON,,7665,1.0,1.0,ON:7665,UNSPECIFIED:7665,OBSERVED_LAST_SURVIVOR_EXIT,LAST_SURVIVOR_TALLY_AT_CATEGORY_EXIT,7665,GRN,1138.0,0.14846705805609914,False
VIC,225,Maribyrnong,ON,4,1,ALP>LNP>GRN,1,0,7665,41606,Alannah Casey,ON,,7665,1.0,1.0,ON:7665,UNSPECIFIED:7665,OBSERVED_LAST_SURVIVOR_EXIT,LAST_SURVIVOR_TALLY_AT_CATEGORY_EXIT,7665,LNP,5178.0,0.6755381604696673,False
VIC,225,Maribyrnong,ON,4,1,ALP>LNP>GRN,1,0,7665,41606,Alannah Casey,ON,,7665,1.0,1.0,ON:7665,UNSPECIFIED:7665,PROPORTIONAL_PRIMARY_ORIGIN_PASS_THROUGH,ALL_CATEGORY_PRIMARY_VOTES_TRACED_PROPORTIONALLY,7665,ALP,1349.0,0.17599478147423353,True
VIC,225,Maribyrnong,ON,4,1,ALP>LNP>GRN,1,0,7665,41606,Alannah Casey,ON,,7665,1.0,1.0,ON:7665,UNSPECIFIED:7665,PROPORTIONAL_PRIMARY_ORIGIN_PASS_THROUGH,ALL_CATEGORY_PRIMARY_VOTES_TRACED_PROPORTIONALLY,7665,GRN,1138.0,0.14846705805609914,True
VIC,225,Maribyrnong,ON,4,1,ALP>LNP>GRN,1,0,7665,41606,Alannah Casey,ON,,7665,1.0,1.0,ON:7665,UNSPECIFIED:7665,PROPORTIONAL_PRIMARY_ORIGIN_PASS_THROUGH,ALL_CATEGORY_PRIMARY_VOTES_TRACED_PROPORTIONALLY,7665,LNP,5178.0,0.6755381604696673,True
VIC,226,McEwen,GRN,3,7,ALP>LNP,1,0,11611,41120,Marley Mcrae Mcleod,GRN,,11611,1.0,1.0,GRN:11611,UNSPECIFIED:11611,OBSERVED_LAST_SURVIVOR_EXIT,LAST_SURVIVOR_TALLY_AT_CATEGORY_EXIT,18242,ALP,13788.0,0.7558381756386361,False
VIC,226,McEwen,GRN,3,7,ALP>LNP,1,0,11611,41120,Marley Mcrae Mcleod,GRN,,11611,1.0,1.0,GRN:11611,UNSPECIFIED:11611,OBSERVED_LAST_SURVIVOR_EXIT,LAST_SURVIVOR_TALLY_AT_CATEGORY_EXIT,18242,LNP,4454.0,0.24416182436136388,False
VIC,226,McEwen,GRN,3,7,ALP>LNP,1,0,11611,41120,Marley Mcrae Mcleod,GRN,,11611,1.0,1.0,GRN:11611,UNSPECIFIED:11611,PROPORTIONAL_PRIMARY_ORIGIN_PASS_THROUGH,ALL_CATEGORY_PRIMARY_VOTES_TRACED_PROPORTIONALLY,11611,ALP,8776.037057340203,0.7558381756386361,True
VIC,226,McEwen,GRN,3,7,ALP>LNP,1,0,11611,41120,Marley Mcrae Mcleod,GRN,,11611,1.0,1.0,GRN:11611,UNSPECIFIED:11611,PROPORTIONAL_PRIMARY_ORIGIN_PASS_THROUGH,ALL_CATEGORY_PRIMARY_VOTES_TRACED_PROPORTIONALLY,11611,LNP,2834.962942659796,0.2441618243613639,True
VIC,226,McEwen,ON,4,6,ALP>LNP>GRN,1,0,6869,41614,Jeremy Johnson,ON,,6869,1.0,1.0,ON:6869,UNSPECIFIED:6869,OBSERVED_LAST_SURVIVOR_EXIT,LAST_SURVIVOR_TALLY_AT_CATEGORY_EXIT,11349,ALP,2064.0,0.18186624372191382,False
VIC,226,McEwen,ON,4,6,ALP>LNP>GRN,1,0,6869,41614,Jeremy Johnson,ON,,6869,1.0,1.0,ON:6869,UNSPECIFIED:6869,OBSERVED_LAST_SURVIVOR_EXIT,LAST_SURVIVOR_TALLY_AT_CATEGORY_EXIT,11349,GRN,2322.0,0.20459952418715305,False
VIC,226,McEwen,ON,4,6,ALP>LNP>GRN,1,0,6869,41614,Jeremy Johnson,ON,,6869,1.0,1.0,ON:6869,UNSPECIFIED:6869,OBSERVED_LAST_SURVIVOR_EXIT,LAST_SURVIVOR_TALLY_AT_CATEGORY_EXIT,11349,LNP,6963.0,0.6135342320909332,False
VIC,226,McEwen,ON,4,6,ALP>LNP>GRN,1,0,6869,41614,Jeremy Johnson,ON,,6869,1.0,1.0,ON:6869,UNSPECIFIED:6869,PROPORTIONAL_PRIMARY_ORIGIN_PASS_THROUGH,ALL_CATEGORY_PRIMARY_VOTES_TRACED_PROPORTIONALLY,6869,ALP,1249.239228125826,0.18186624372191382,True
VIC,226,McEwen,ON,4,6,ALP>LNP>GRN,1,0,6869,41614,Jeremy Johnson,ON,,6869,1.0,1.0,ON:6869,UNSPECIFIED:6869,PROPORTIONAL_PRIMARY_ORIGIN_PASS_THROUGH,ALL_CATEGORY_PRIMARY_VOTES_TRACED_PROPORTIONALLY,6869,GRN,1405.3941316415544,0.20459952418715308,True
VIC,226,McEwen,ON,4,6,ALP>LNP>GRN,1,0,6869,41614,Jeremy Johnson,ON,,6869,1.0,1.0,ON:6869,UNSPECIFIED:6869,PROPORTIONAL_PRIMARY_ORIGIN_PASS_THROUGH,ALL_CATEGORY_PRIMARY_VOTES_TRACED_PROPORTIONALLY,6869,LNP,4214.36664023262,0.6135342320909332,True
VIC,226,McEwen,OTH,5,5,ALP>LNP>GRN>ON,5,4,13034,41237,Tom Forrest,OTH_HMP,CENTRE_LEFT,4057,0.3112628510050637,0.3112628510050637,OTH_HMP:4057|OTH_GRPF:3538|OTH_FFPA:2499|OTH_AJP:2100|OTH_SOPA:840,CENTRE_LEFT:6157|RIGHT:6037|LEFT:840,OBSERVED_LAST_SURVIVOR_EXIT,LAST_SURVIVOR_TALLY_AT_CATEGORY_EXIT,6178,ALP,1250.0,0.20233085140822274,False
VIC,226,McEwen,OTH,5,5,ALP>LNP>GRN>ON,5,4,13034,41237,Tom Forrest,OTH_HMP,CENTRE_LEFT,4057,0.3112628510050637,0.3112628510050637,OTH_HMP:4057|OTH_GRPF:3538|OTH_FFPA:2499|OTH_AJP:2100|OTH_SOPA:840,CENTRE_LEFT:6157|RIGHT:6037|LEFT:840,OBSERVED_LAST_SURVIVOR_EXIT,LAST_SURVIVOR_TALLY_AT_CATEGORY_EXIT,6178,GRN,2767.0,0.4478795726772418,False
VIC,226,McEwen,OTH,5,5,ALP>LNP>GRN>ON,5,4,13034,41237,Tom Forrest,OTH_HMP,CENTRE_LEFT,4057,0.3112628510050637,0.3112628510050637,OTH_HMP:4057|OTH_GRPF:3538|OTH_FFPA:2499|OTH_AJP:2100|OTH_SOPA:840,CENTRE_LEFT:6157|RIGHT:6037|LEFT:840,OBSERVED_LAST_SURVIVOR_EXIT,LAST_SURVIVOR_TALLY_AT_CATEGORY_EXIT,6178,LNP,692.0,0.1120103593395921,False
VIC,226,McEwen,OTH,5,5,ALP>LNP>GRN>ON,5,4,13034,41237,Tom Forrest,OTH_HMP,CENTRE_LEFT,4057,0.3112628510050637,0.3112628510050637,OTH_HMP:4057|OTH_GRPF:3538|OTH_FFPA:2499|OTH_AJP:2100|OTH_SOPA:840,CENTRE_LEFT:6157|RIGHT:6037|LEFT:840,OBSERVED_LAST_SURVIVOR_EXIT,LAST_SURVIVOR_TALLY_AT_CATEGORY_EXIT,6178,ON,1469.0,0.23777921657494336,False
VIC,226,McEwen,OTH,5,5,ALP>LNP>GRN>ON,5,4,13034,41237,Tom Forrest,OTH_HMP,CENTRE_LEFT,4057,0.3112628510050637,0.3112628510050637,OTH_HMP:4057|OTH_GRPF:3538|OTH_FFPA:2499|OTH_AJP:2100|OTH_SOPA:840,CENTRE_LEFT:6157|RIGHT:6037|LEFT:840,PROPORTIONAL_PRIMARY_ORIGIN_PASS_THROUGH,ALL_CATEGORY_PRIMARY_VOTES_TRACED_PROPORTIONALLY,13034,ALP,2357.0,0.180834739911002,True
VIC,226,McEwen,OTH,5,5,ALP>LNP>GRN>ON,5,4,13034,41237,Tom Forrest,OTH_HMP,CENTRE_LEFT,4057,0.3112628510050637,0.3112628510050637,OTH_HMP:4057|OTH_GRPF:3538|OTH_FFPA:2499|OTH_AJP:2100|OTH_SOPA:840,CENTRE_LEFT:6157|RIGHT:6037|LEFT:840,PROPORTIONAL_PRIMARY_ORIGIN_PASS_THROUGH,ALL_CATEGORY_PRIMARY_VOTES_TRACED_PROPORTIONALLY,13034,GRN,4309.0,0.33059690041430106,True
VIC,226,McEwen,OTH,5,5,ALP>LNP>GRN>ON,5,4,13034,41237,Tom Forrest,OTH_HMP,CENTRE_LEFT,4057,0.3112628510050637,0.3112628510050637,OTH_HMP:4057|OTH_GRPF:3538|OTH_FFPA:2499|OTH_AJP:2100|OTH_SOPA:840,CENTRE_LEFT:6157|RIGHT:6037|LEFT:840,PROPORTIONAL_PRIMARY_ORIGIN_PASS_THROUGH,ALL_CATEGORY_PRIMARY_VOTES_TRACED_PROPORTIONALLY,13034,LNP,1887.9999999999998,0.1448519257326991,True
VIC,226,McEwen,OTH,5,5,ALP>LNP>GRN>ON,5,4,13034,41237,Tom Forrest,OTH_HMP,CENTRE_LEFT,4057,0.3112628510050637,0.3112628510050637,OTH_HMP:4057|OTH_GRPF:3538|OTH_FFPA:2499|OTH_AJP:2100|OTH_SOPA:840,CENTRE_LEFT:6157|RIGHT:6037|LEFT:840,PROPORTIONAL_PRIMARY_ORIGIN_PASS_THROUGH,ALL_CATEGORY_PRIMARY_VOTES_TRACED_PROPORTIONALLY,13034,ON,4480.0,0.34371643394199786,True
VIC,228,Melbourne,LNP,3,5,ALP>GRN,1,0,19267,40765,Steph Hunt,LIB,,19267,1.0,1.0,LIB:19267,UNSPECIFIED:19267,OBSERVED_LAST_SURVIVOR_EXIT,LAST_SURVIVOR_TALLY_AT_CATEGORY_EXIT,23023,ALP,18253.0,0.7928158797724015,False
VIC,228,Melbourne,LNP,3,5,ALP>GRN,1,0,19267,40765,Steph Hunt,LIB,,19267,1.0,1.0,LIB:19267,UNSPECIFIED:19267,OBSERVED_LAST_SURVIVOR_EXIT,LAST_SURVIVOR_TALLY_AT_CATEGORY_EXIT,23023,GRN,4770.0,0.2071841202275985,False
VIC,228,Melbourne,LNP,3,5,ALP>GRN,1,0,19267,40765,Steph Hunt,LIB,,19267,1.0,1.0,LIB:19267,UNSPECIFIED:19267,PROPORTIONAL_PRIMARY_ORIGIN_PASS_THROUGH,ALL_CATEGORY_PRIMARY_VOTES_TRACED_PROPORTIONALLY,19267,ALP,15275.18355557486,0.7928158797724015,True
VIC,228,Melbourne,LNP,3,5,ALP>GRN,1,0,19267,40765,Steph Hunt,LIB,,19267,1.0,1.0,LIB:19267,UNSPECIFIED:19267,PROPORTIONAL_PRIMARY_ORIGIN_PASS_THROUGH,ALL_CATEGORY_PRIMARY_VOTES_TRACED_PROPORTIONALLY,19267,GRN,3991.81644442514,0.2071841202275985,True
VIC,228,Melbourne,OTH,4,4,ALP>LNP>GRN,3,2,6745,42099,Anthony Koutoufides,IND_MINOR,CENTRE,3204,0.47501853224610824,0.47501853224610824,IND_MINOR:4819|OTH_SOPA:1926,CENTRE:4819|LEFT:1926,OBSERVED_LAST_SURVIVOR_EXIT,LAST_SURVIVOR_TALLY_AT_CATEGORY_EXIT,5244,ALP,1622.0,0.3093058733790999,False
VIC,228,Melbourne,OTH,4,4,ALP>LNP>GRN,3,2,6745,42099,Anthony Koutoufides,IND_MINOR,CENTRE,3204,0.47501853224610824,0.47501853224610824,IND_MINOR:4819|OTH_SOPA:1926,CENTRE:4819|LEFT:1926,OBSERVED_LAST_SURVIVOR_EXIT,LAST_SURVIVOR_TALLY_AT_CATEGORY_EXIT,5244,GRN,1255.0,0.2393211289092296,False
VIC,228,Melbourne,OTH,4,4,ALP>LNP>GRN,3,2,6745,42099,Anthony Koutoufides,IND_MINOR,CENTRE,3204,0.47501853224610824,0.47501853224610824,IND_MINOR:4819|OTH_SOPA:1926,CENTRE:4819|LEFT:1926,OBSERVED_LAST_SURVIVOR_EXIT,LAST_SURVIVOR_TALLY_AT_CATEGORY_EXIT,5244,LNP,2367.0,0.4513729977116705,False
VIC,228,Melbourne,OTH,4,4,ALP>LNP>GRN,3,2,6745,42099,Anthony Koutoufides,IND_MINOR,CENTRE,3204,0.47501853224610824,0.47501853224610824,IND_MINOR:4819|OTH_SOPA:1926,CENTRE:4819|LEFT:1926,PROPORTIONAL_PRIMARY_ORIGIN_PASS_THROUGH,ALL_CATEGORY_PRIMARY_VOTES_TRACED_PROPORTIONALLY,6745,ALP,2098.2413484167737,0.31108100050656395,True
VIC,228,Melbourne,OTH,4,4,ALP>LNP>GRN,3,2,6745,42099,Anthony Koutoufides,IND_MINOR,CENTRE,3204,0.47501853224610824,0.47501853224610824,IND_MINOR:4819|OTH_SOPA:1926,CENTRE:4819|LEFT:1926,PROPORTIONAL_PRIMARY_ORIGIN_PASS_THROUGH,ALL_CATEGORY_PRIMARY_VOTES_TRACED_PROPORTIONALLY,6745,GRN,2228.000869169876,0.3303188834944219,True
VIC,228,Melbourne,OTH,4,4,ALP>LNP>GRN,3,2,6745,42099,Anthony Koutoufides,IND_MINOR,CENTRE,3204,0.47501853224610824,0.47501853224610824,IND_MINOR:4819|OTH_SOPA:1926,CENTRE:4819|LEFT:1926,PROPORTIONAL_PRIMARY_ORIGIN_PASS_THROUGH,ALL_CATEGORY_PRIMARY_VOTES_TRACED_PROPORTIONALLY,6745,LNP,2418.7577824133505,0.35860011599901415,True
VIC,228,Melbourne,ON,5,3,ALP>LNP>GRN>OTH,1,0,2438,41607,Melanie Casey,ON,,2438,1.0,1.0,ON:2438,UNSPECIFIED:2438,OBSERVED_LAST_SURVIVOR_EXIT,LAST_SURVIVOR_TALLY_AT_CATEGORY_EXIT,2624,ALP,545.0,0.20769817073170732,False
VIC,228,Melbourne,ON,5,3,ALP>LNP>GRN>OTH,1,0,2438,41607,Melanie Casey,ON,,2438,1.0,1.0,ON:2438,UNSPECIFIED:2438,OBSERVED_LAST_SURVIVOR_EXIT,LAST_SURVIVOR_TALLY_AT_CATEGORY_EXIT,2624,GRN,135.0,0.051448170731707314,False
VIC,228,Melbourne,ON,5,3,ALP>LNP>GRN>OTH,1,0,2438,41607,Melanie Casey,ON,,2438,1.0,1.0,ON:2438,UNSPECIFIED:2438,OBSERVED_LAST_SURVIVOR_EXIT,LAST_SURVIVOR_TALLY_AT_CATEGORY_EXIT,2624,LNP,1024.0,0.3902439024390244,False
VIC,228,Melbourne,ON,5,3,ALP>LNP>GRN>OTH,1,0,2438,41607,Melanie Casey,ON,,2438,1.0,1.0,ON:2438,UNSPECIFIED:2438,OBSERVED_LAST_SURVIVOR_EXIT,LAST_SURVIVOR_TALLY_AT_CATEGORY_EXIT,2624,OTH,920.0,0.35060975609756095,False
VIC,228,Melbourne,ON,5,3,ALP>LNP>GRN>OTH,1,0,2438,41607,Melanie Casey,ON,,2438,1.0,1.0,ON:2438,UNSPECIFIED:2438,PROPORTIONAL_PRIMARY_ORIGIN_PASS_THROUGH,ALL_CATEGORY_PRIMARY_VOTES_TRACED_PROPORTIONALLY,2438,ALP,506.3681402439025,0.20769817073170732,True
VIC,228,Melbourne,ON,5,3,ALP>LNP>GRN>OTH,1,0,2438,41607,Melanie Casey,ON,,2438,1.0,1.0,ON:2438,UNSPECIFIED:2438,PROPORTIONAL_PRIMARY_ORIGIN_PASS_THROUGH,ALL_CATEGORY_PRIMARY_VOTES_TRACED_PROPORTIONALLY,2438,GRN,125.43064024390243,0.051448170731707314,True
VIC,228,Melbourne,ON,5,3,ALP>LNP>GRN>OTH,1,0,2438,41607,Melanie Casey,ON,,2438,1.0,1.0,ON:2438,UNSPECIFIED:2438,PROPORTIONAL_PRIMARY_ORIGIN_PASS_THROUGH,ALL_CATEGORY_PRIMARY_VOTES_TRACED_PROPORTIONALLY,2438,LNP,951.4146341463415,0.3902439024390244,True
VIC,228,Melbourne,ON,5,3,ALP>LNP>GRN>OTH,1,0,2438,41607,Melanie Casey,ON,,2438,1.0,1.0,ON:2438,UNSPECIFIED:2438,PROPORTIONAL_PRIMARY_ORIGIN_PASS_THROUGH,ALL_CATEGORY_PRIMARY_VOTES_TRACED_PROPORTIONALLY,2438,OTH,854.7865853658536,0.35060975609756095,True
VIC,229,Menzies,GRN,3,6,ALP>LNP,1,0,11998,41123,Bill Pheasant,GRN,,11998,1.0,1.0,GRN:11998,UNSPECIFIED:11998,OBSERVED_LAST_SURVIVOR_EXIT,LAST_SURVIVOR_TALLY_AT_CATEGORY_EXIT,16885,ALP,14044.0,0.8317441516138585,False
VIC,229,Menzies,GRN,3,6,ALP>LNP,1,0,11998,41123,Bill Pheasant,GRN,,11998,1.0,1.0,GRN:11998,UNSPECIFIED:11998,OBSERVED_LAST_SURVIVOR_EXIT,LAST_SURVIVOR_TALLY_AT_CATEGORY_EXIT,16885,LNP,2841.0,0.16825584838614155,False
VIC,229,Menzies,GRN,3,6,ALP>LNP,1,0,11998,41123,Bill Pheasant,GRN,,11998,1.0,1.0,GRN:11998,UNSPECIFIED:11998,PROPORTIONAL_PRIMARY_ORIGIN_PASS_THROUGH,ALL_CATEGORY_PRIMARY_VOTES_TRACED_PROPORTIONALLY,11998,ALP,9979.266331063074,0.8317441516138585,True
VIC,229,Menzies,GRN,3,6,ALP>LNP,1,0,11998,41123,Bill Pheasant,GRN,,11998,1.0,1.0,GRN:11998,UNSPECIFIED:11998,PROPORTIONAL_PRIMARY_ORIGIN_PASS_THROUGH,ALL_CATEGORY_PRIMARY_VOTES_TRACED_PROPORTIONALLY,11998,LNP,2018.7336689369263,0.16825584838614155,True
VIC,229,Menzies,IND,4,5,ALP>LNP>GRN,1,0,6966,40638,Stella Yee,IND_PROMINENT,LEFT,6966,1.0,1.0,IND_PROMINENT:6966,LEFT:6966,OBSERVED_LAST_SURVIVOR_EXIT,LAST_SURVIVOR_TALLY_AT_CATEGORY_EXIT,8996,ALP,2907.0,0.32314361938639397,False
VIC,229,Menzies,IND,4,5,ALP>LNP>GRN,1,0,6966,40638,Stella Yee,IND_PROMINENT,LEFT,6966,1.0,1.0,IND_PROMINENT:6966,LEFT:6966,OBSERVED_LAST_SURVIVOR_EXIT,LAST_SURVIVOR_TALLY_AT_CATEGORY_EXIT,8996,GRN,3916.0,0.4353045798132503,False
VIC,229,Menzies,IND,4,5,ALP>LNP>GRN,1,0,6966,40638,Stella Yee,IND_PROMINENT,LEFT,6966,1.0,1.0,IND_PROMINENT:6966,LEFT:6966,OBSERVED_LAST_SURVIVOR_EXIT,LAST_SURVIVOR_TALLY_AT_CATEGORY_EXIT,8996,LNP,2173.0,0.2415518008003557,False
VIC,229,Menzies,IND,4,5,ALP>LNP>GRN,1,0,6966,40638,Stella Yee,IND_PROMINENT,LEFT,6966,1.0,1.0,IND_PROMINENT:6966,LEFT:6966,PROPORTIONAL_PRIMARY_ORIGIN_PASS_THROUGH,ALL_CATEGORY_PRIMARY_VOTES_TRACED_PROPORTIONALLY,6966,ALP,2251.0184526456205,0.32314361938639397,True
VIC,229,Menzies,IND,4,5,ALP>LNP>GRN,1,0,6966,40638,Stella Yee,IND_PROMINENT,LEFT,6966,1.0,1.0,IND_PROMINENT:6966,LEFT:6966,PROPORTIONAL_PRIMARY_ORIGIN_PASS_THROUGH,ALL_CATEGORY_PRIMARY_VOTES_TRACED_PROPORTIONALLY,6966,GRN,3032.331702979102,0.4353045798132503,True
VIC,229,Menzies,IND,4,5,ALP>LNP>GRN,1,0,6966,40638,Stella Yee,IND_PROMINENT,LEFT,6966,1.0,1.0,IND_PROMINENT:6966,LEFT:6966,PROPORTIONAL_PRIMARY_ORIGIN_PASS_THROUGH,ALL_CATEGORY_PRIMARY_VOTES_TRACED_PROPORTIONALLY,6966,LNP,1682.6498443752778,0.2415518008003557,True
VIC,229,Menzies,ON,5,4,ALP>LNP>GRN>IND,1,0,2152,41603,Jhett Edwards-Scott,ON,,2152,1.0,1.0,ON:2152,UNSPECIFIED:2152,OBSERVED_LAST_SURVIVOR_EXIT,LAST_SURVIVOR_TALLY_AT_CATEGORY_EXIT,4198,ALP,389.0,0.092663172939495,False
VIC,229,Menzies,ON,5,4,ALP>LNP>GRN>IND,1,0,2152,41603,Jhett Edwards-Scott,ON,,2152,1.0,1.0,ON:2152,UNSPECIFIED:2152,OBSERVED_LAST_SURVIVOR_EXIT,LAST_SURVIVOR_TALLY_AT_CATEGORY_EXIT,4198,GRN,233.0,0.05550262029537875,False
VIC,229,Menzies,ON,5,4,ALP>LNP>GRN>IND,1,0,2152,41603,Jhett Edwards-Scott,ON,,2152,1.0,1.0,ON:2152,UNSPECIFIED:2152,OBSERVED_LAST_SURVIVOR_EXIT,LAST_SURVIVOR_TALLY_AT_CATEGORY_EXIT,4198,IND,1113.0,0.2651262505955217,False
VIC,229,Menzies,ON,5,4,ALP>LNP>GRN>IND,1,0,2152,41603,Jhett Edwards-Scott,ON,,2152,1.0,1.0,ON:2152,UNSPECIFIED:2152,OBSERVED_LAST_SURVIVOR_EXIT,LAST_SURVIVOR_TALLY_AT_CATEGORY_EXIT,4198,LNP,2463.0,0.5867079561696046,False
VIC,229,Menzies,ON,5,4,ALP>LNP>GRN>IND,1,0,2152,41603,Jhett Edwards-Scott,ON,,2152,1.0,1.0,ON:2152,UNSPECIFIED:2152,PROPORTIONAL_PRIMARY_ORIGIN_PASS_THROUGH,ALL_CATEGORY_PRIMARY_VOTES_TRACED_PROPORTIONALLY,2152,ALP,199.41114816579324,0.092663172939495,True
VIC,229,Menzies,ON,5,4,ALP>LNP>GRN>IND,1,0,2152,41603,Jhett Edwards-Scott,ON,,2152,1.0,1.0,ON:2152,UNSPECIFIED:2152,PROPORTIONAL_PRIMARY_ORIGIN_PASS_THROUGH,ALL_CATEGORY_PRIMARY_VOTES_TRACED_PROPORTIONALLY,2152,GRN,119.44163887565507,0.05550262029537875,True
VIC,229,Menzies,ON,5,4,ALP>LNP>GRN>IND,1,0,2152,41603,Jhett Edwards-Scott,ON,,2152,1.0,1.0,ON:2152,UNSPECIFIED:2152,PROPORTIONAL_PRIMARY_ORIGIN_PASS_THROUGH,ALL_CATEGORY_PRIMARY_VOTES_TRACED_PROPORTIONALLY,2152,IND,570.5516912815627,0.2651262505955217,True
VIC,229,Menzies,ON,5,4,ALP>LNP>GRN>IND,1,0,2152,41603,Jhett Edwards-Scott,ON,,2152,1.0,1.0,ON:2152,UNSPECIFIED:2152,PROPORTIONAL_PRIMARY_ORIGIN_PASS_THROUGH,ALL_CATEGORY_PRIMARY_VOTES_TRACED_PROPORTIONALLY,2152,LNP,1262.5955216769892,0.5867079561696046,True
VIC,229,Menzies,OTH,6,3,ALP>LNP>GRN>ON>IND,3,2,5829,41438,Amanda Paliouras,OTH_CYA,RIGHT,2708,0.4645736833075999,0.4645736833075999,OTH_CYA:2708|OTH_FFPA:1759|OTH_LTP:1362,RIGHT:5829,OBSERVED_LAST_SURVIVOR_EXIT,LAST_SURVIVOR_TALLY_AT_CATEGORY_EXIT,3099,ALP,226.0,0.07292675056469829,False
VIC,229,Menzies,OTH,6,3,ALP>LNP>GRN>ON>IND,3,2,5829,41438,Amanda Paliouras,OTH_CYA,RIGHT,2708,0.4645736833075999,0.4645736833075999,OTH_CYA:2708|OTH_FFPA:1759|OTH_LTP:1362,RIGHT:5829,OBSERVED_LAST_SURVIVOR_EXIT,LAST_SURVIVOR_TALLY_AT_CATEGORY_EXIT,3099,GRN,537.0,0.1732817037754114,False
VIC,229,Menzies,OTH,6,3,ALP>LNP>GRN>ON>IND,3,2,5829,41438,Amanda Paliouras,OTH_CYA,RIGHT,2708,0.4645736833075999,0.4645736833075999,OTH_CYA:2708|OTH_FFPA:1759|OTH_LTP:1362,RIGHT:5829,OBSERVED_LAST_SURVIVOR_EXIT,LAST_SURVIVOR_TALLY_AT_CATEGORY_EXIT,3099,IND,435.0,0.1403678606001936,False
VIC,229,Menzies,OTH,6,3,ALP>LNP>GRN>ON>IND,3,2,5829,41438,Amanda Paliouras,OTH_CYA,RIGHT,2708,0.4645736833075999,0.4645736833075999,OTH_CYA:2708|OTH_FFPA:1759|OTH_LTP:1362,RIGHT:5829,OBSERVED_LAST_SURVIVOR_EXIT,LAST_SURVIVOR_TALLY_AT_CATEGORY_EXIT,3099,LNP,810.0,0.26137463697967084,False
VIC,229,Menzies,OTH,6,3,ALP>LNP>GRN>ON>IND,3,2,5829,41438,Amanda Paliouras,OTH_CYA,RIGHT,2708,0.4645736833075999,0.4645736833075999,OTH_CYA:2708|OTH_FFPA:1759|OTH_LTP:1362,RIGHT:5829,OBSERVED_LAST_SURVIVOR_EXIT,LAST_SURVIVOR_TALLY_AT_CATEGORY_EXIT,3099,ON,1091.0,0.3520490480800258,False
VIC,229,Menzies,OTH,6,3,ALP>LNP>GRN>ON>IND,3,2,5829,41438,Amanda Paliouras,OTH_CYA,RIGHT,2708,0.4645736833075999,0.4645736833075999,OTH_CYA:2708|OTH_FFPA:1759|OTH_LTP:1362,RIGHT:5829,PROPORTIONAL_PRIMARY_ORIGIN_PASS_THROUGH,ALL_CATEGORY_PRIMARY_VOTES_TRACED_PROPORTIONALLY,5829,ALP,542.0,0.09298335906673529,True
VIC,229,Menzies,OTH,6,3,ALP>LNP>GRN>ON>IND,3,2,5829,41438,Amanda Paliouras,OTH_CYA,RIGHT,2708,0.4645736833075999,0.4645736833075999,OTH_CYA:2708|OTH_FFPA:1759|OTH_LTP:1362,RIGHT:5829,PROPORTIONAL_PRIMARY_ORIGIN_PASS_THROUGH,ALL_CATEGORY_PRIMARY_VOTES_TRACED_PROPORTIONALLY,5829,GRN,738.0,0.12660833762223367,True
VIC,229,Menzies,OTH,6,3,ALP>LNP>GRN>ON>IND,3,2,5829,41438,Amanda Paliouras,OTH_CYA,RIGHT,2708,0.4645736833075999,0.4645736833075999,OTH_CYA:2708|OTH_FFPA:1759|OTH_LTP:1362,RIGHT:5829,PROPORTIONAL_PRIMARY_ORIGIN_PASS_THROUGH,ALL_CATEGORY_PRIMARY_VOTES_TRACED_PROPORTIONALLY,5829,IND,917.0,0.15731686395608166,True
VIC,229,Menzies,OTH,6,3,ALP>LNP>GRN>ON>IND,3,2,5829,41438,Amanda Paliouras,OTH_CYA,RIGHT,2708,0.4645736833075999,0.4645736833075999,OTH_CYA:2708|OTH_FFPA:1759|OTH_LTP:1362,RIGHT:5829,PROPORTIONAL_PRIMARY_ORIGIN_PASS_THROUGH,ALL_CATEGORY_PRIMARY_VOTES_TRACED_PROPORTIONALLY,5829,LNP,1586.0,0.2720878366786756,True
VIC,229,Menzies,OTH,6,3,ALP>LNP>GRN>ON>IND,3,2,5829,41438,Amanda Paliouras,OTH_CYA,RIGHT,2708,0.4645736833075999,0.4645736833075999,OTH_CYA:2708|OTH_FFPA:1759|OTH_LTP:1362,RIGHT:5829,PROPORTIONAL_PRIMARY_ORIGIN_PASS_THROUGH,ALL_CATEGORY_PRIMARY_VOTES_TRACED_PROPORTIONALLY,5829,ON,2046.0,0.3510036026762738,True
VIC,323,Monash,IND,3,7,ALP>LNP,2,1,27979,36065,Deb Leonard,IND_PROMINENT,CENTRE_LEFT,17529,0.6265055934808249,0.6265055934808249,IND_PROMINENT:27979,CENTRE_LEFT:17529|RIGHT:10450,OBSERVED_LAST_SURVIVOR_EXIT,LAST_SURVIVOR_TALLY_AT_CATEGORY_EXIT,27037,ALP,18610.0,0.6883160113917964,False
VIC,323,Monash,IND,3,7,ALP>LNP,2,1,27979,36065,Deb Leonard,IND_PROMINENT,CENTRE_LEFT,17529,0.6265055934808249,0.6265055934808249,IND_PROMINENT:27979,CENTRE_LEFT:17529|RIGHT:10450,OBSERVED_LAST_SURVIVOR_EXIT,LAST_SURVIVOR_TALLY_AT_CATEGORY_EXIT,27037,LNP,8427.0,0.31168398860820357,False
VIC,323,Monash,IND,3,7,ALP>LNP,2,1,27979,36065,Deb Leonard,IND_PROMINENT,CENTRE_LEFT,17529,0.6265055934808249,0.6265055934808249,IND_PROMINENT:27979,CENTRE_LEFT:17529|RIGHT:10450,PROPORTIONAL_PRIMARY_ORIGIN_PASS_THROUGH,ALL_CATEGORY_PRIMARY_VOTES_TRACED_PROPORTIONALLY,27979,ALP,15601.341902871907,0.5576089889871656,True
VIC,323,Monash,IND,3,7,ALP>LNP,2,1,27979,36065,Deb Leonard,IND_PROMINENT,CENTRE_LEFT,17529,0.6265055934808249,0.6265055934808249,IND_PROMINENT:27979,CENTRE_LEFT:17529|RIGHT:10450,PROPORTIONAL_PRIMARY_ORIGIN_PASS_THROUGH,ALL_CATEGORY_PRIMARY_VOTES_TRACED_PROPORTIONALLY,27979,LNP,12377.658097128096,0.4423910110128345,True
VIC,323,Monash,ON,4,5,ALP>LNP>IND,1,0,8166,41598,Kuljeet Kaur Robinson,ON,,8166,1.0,1.0,ON:8166,UNSPECIFIED:8166,OBSERVED_LAST_SURVIVOR_EXIT,LAST_SURVIVOR_TALLY_AT_CATEGORY_EXIT,10662,ALP,1641.0,0.15391108610016882,False
VIC,323,Monash,ON,4,5,ALP>LNP>IND,1,0,8166,41598,Kuljeet Kaur Robinson,ON,,8166,1.0,1.0,ON:8166,UNSPECIFIED:8166,OBSERVED_LAST_SURVIVOR_EXIT,LAST_SURVIVOR_TALLY_AT_CATEGORY_EXIT,10662,IND,5830.0,0.5468017257550178,False
VIC,323,Monash,ON,4,5,ALP>LNP>IND,1,0,8166,41598,Kuljeet Kaur Robinson,ON,,8166,1.0,1.0,ON:8166,UNSPECIFIED:8166,OBSERVED_LAST_SURVIVOR_EXIT,LAST_SURVIVOR_TALLY_AT_CATEGORY_EXIT,10662,LNP,3191.0,0.29928718814481337,False
VIC,323,Monash,ON,4,5,ALP>LNP>IND,1,0,8166,41598,Kuljeet Kaur Robinson,ON,,8166,1.0,1.0,ON:8166,UNSPECIFIED:8166,PROPORTIONAL_PRIMARY_ORIGIN_PASS_THROUGH,ALL_CATEGORY_PRIMARY_VOTES_TRACED_PROPORTIONALLY,8166,ALP,1256.8379290939786,0.15391108610016882,True
VIC,323,Monash,ON,4,5,ALP>LNP>IND,1,0,8166,41598,Kuljeet Kaur Robinson,ON,,8166,1.0,1.0,ON:8166,UNSPECIFIED:8166,PROPORTIONAL_PRIMARY_ORIGIN_PASS_THROUGH,ALL_CATEGORY_PRIMARY_VOTES_TRACED_PROPORTIONALLY,8166,IND,4465.182892515475,0.5468017257550177,True
VIC,323,Monash,ON,4,5,ALP>LNP>IND,1,0,8166,41598,Kuljeet Kaur Robinson,ON,,8166,1.0,1.0,ON:8166,UNSPECIFIED:8166,PROPORTIONAL_PRIMARY_ORIGIN_PASS_THROUGH,ALL_CATEGORY_PRIMARY_VOTES_TRACED_PROPORTIONALLY,8166,LNP,2443.979178390546,0.29928718814481337,True
VIC,323,Monash,GRN,5,4,ALP>LNP>ON>IND,1,0,5062,41100,Terence Steele,GRN,,5062,1.0,1.0,GRN:5062,UNSPECIFIED:5062,OBSERVED_LAST_SURVIVOR_EXIT,LAST_SURVIVOR_TALLY_AT_CATEGORY_EXIT,6197,ALP,2238.0,0.3611424883007907,False
VIC,323,Monash,GRN,5,4,ALP>LNP>ON>IND,1,0,5062,41100,Terence Steele,GRN,,5062,1.0,1.0,GRN:5062,UNSPECIFIED:5062,OBSERVED_LAST_SURVIVOR_EXIT,LAST_SURVIVOR_TALLY_AT_CATEGORY_EXIT,6197,IND,3357.0,0.541713732451186,False
VIC,323,Monash,GRN,5,4,ALP>LNP>ON>IND,1,0,5062,41100,Terence Steele,GRN,,5062,1.0,1.0,GRN:5062,UNSPECIFIED:5062,OBSERVED_LAST_SURVIVOR_EXIT,LAST_SURVIVOR_TALLY_AT_CATEGORY_EXIT,6197,LNP,307.0,0.04954010004841052,False
VIC,323,Monash,GRN,5,4,ALP>LNP>ON>IND,1,0,5062,41100,Terence Steele,GRN,,5062,1.0,1.0,GRN:5062,UNSPECIFIED:5062,OBSERVED_LAST_SURVIVOR_EXIT,LAST_SURVIVOR_TALLY_AT_CATEGORY_EXIT,6197,ON,295.0,0.04760367919961272,False
VIC,323,Monash,GRN,5,4,ALP>LNP>ON>IND,1,0,5062,41100,Terence Steele,GRN,,5062,1.0,1.0,GRN:5062,UNSPECIFIED:5062,PROPORTIONAL_PRIMARY_ORIGIN_PASS_THROUGH,ALL_CATEGORY_PRIMARY_VOTES_TRACED_PROPORTIONALLY,5062,ALP,1828.1032757786027,0.3611424883007907,True
VIC,323,Monash,GRN,5,4,ALP>LNP>ON>IND,1,0,5062,41100,Terence Steele,GRN,,5062,1.0,1.0,GRN:5062,UNSPECIFIED:5062,PROPORTIONAL_PRIMARY_ORIGIN_PASS_THROUGH,ALL_CATEGORY_PRIMARY_VOTES_TRACED_PROPORTIONALLY,5062,IND,2742.154913667904,0.5417137324511861,True
VIC,323,Monash,GRN,5,4,ALP>LNP>ON>IND,1,0,5062,41100,Terence Steele,GRN,,5062,1.0,1.0,GRN:5062,UNSPECIFIED:5062,PROPORTIONAL_PRIMARY_ORIGIN_PASS_THROUGH,ALL_CATEGORY_PRIMARY_VOTES_TRACED_PROPORTIONALLY,5062,LNP,250.77198644505407,0.04954010004841052,True
VIC,323,Monash,GRN,5,4,ALP>LNP>ON>IND,1,0,5062,41100,Terence Steele,GRN,,5062,1.0,1.0,GRN:5062,UNSPECIFIED:5062,PROPORTIONAL_PRIMARY_ORIGIN_PASS_THROUGH,ALL_CATEGORY_PRIMARY_VOTES_TRACED_PROPORTIONALLY,5062,ON,240.96982410843958,0.04760367919961272,True
VIC,323,Monash,OTH,6,3,ALP>LNP>GRN>ON>IND,3,2,7930,41233,David O'Reilly,OTH_HMP,CENTRE_LEFT,3521,0.44401008827238336,0.44401008827238336,OTH_HMP:3521|OTH_CYA:2608|OTH_FFPA:1801,RIGHT:4409|CENTRE_LEFT:3521,OBSERVED_LAST_SURVIVOR_EXIT,LAST_SURVIVOR_TALLY_AT_CATEGORY_EXIT,4066,ALP,609.0,0.14977865223807182,False
VIC,323,Monash,OTH,6,3,ALP>LNP>GRN>ON>IND,3,2,7930,41233,David O'Reilly,OTH_HMP,CENTRE_LEFT,3521,0.44401008827238336,0.44401008827238336,OTH_HMP:3521|OTH_CYA:2608|OTH_FFPA:1801,RIGHT:4409|CENTRE_LEFT:3521,OBSERVED_LAST_SURVIVOR_EXIT,LAST_SURVIVOR_TALLY_AT_CATEGORY_EXIT,4066,GRN,911.0,0.22405312346286277,False
VIC,323,Monash,OTH,6,3,ALP>LNP>GRN>ON>IND,3,2,7930,41233,David O'Reilly,OTH_HMP,CENTRE_LEFT,3521,0.44401008827238336,0.44401008827238336,OTH_HMP:3521|OTH_CYA:2608|OTH_FFPA:1801,RIGHT:4409|CENTRE_LEFT:3521,OBSERVED_LAST_SURVIVOR_EXIT,LAST_SURVIVOR_TALLY_AT_CATEGORY_EXIT,4066,IND,1347.0,0.33128381701918347,False
VIC,323,Monash,OTH,6,3,ALP>LNP>GRN>ON>IND,3,2,7930,41233,David O'Reilly,OTH_HMP,CENTRE_LEFT,3521,0.44401008827238336,0.44401008827238336,OTH_HMP:3521|OTH_CYA:2608|OTH_FFPA:1801,RIGHT:4409|CENTRE_LEFT:3521,OBSERVED_LAST_SURVIVOR_EXIT,LAST_SURVIVOR_TALLY_AT_CATEGORY_EXIT,4066,LNP,419.0,0.103049680275455,False
VIC,323,Monash,OTH,6,3,ALP>LNP>GRN>ON>IND,3,2,7930,41233,David O'Reilly,OTH_HMP,CENTRE_LEFT,3521,0.44401008827238336,0.44401008827238336,OTH_HMP:3521|OTH_CYA:2608|OTH_FFPA:1801,RIGHT:4409|CENTRE_LEFT:3521,OBSERVED_LAST_SURVIVOR_EXIT,LAST_SURVIVOR_TALLY_AT_CATEGORY_EXIT,4066,ON,780.0,0.19183472700442694,False
VIC,323,Monash,OTH,6,3,ALP>LNP>GRN>ON>IND,3,2,7930,41233,David O'Reilly,OTH_HMP,CENTRE_LEFT,3521,0.44401008827238336,0.44401008827238336,OTH_HMP:3521|OTH_CYA:2608|OTH_FFPA:1801,RIGHT:4409|CENTRE_LEFT:3521,PROPORTIONAL_PRIMARY_ORIGIN_PASS_THROUGH,ALL_CATEGORY_PRIMARY_VOTES_TRACED_PROPORTIONALLY,7930,ALP,862.0,0.10870113493064312,True
VIC,323,Monash,OTH,6,3,ALP>LNP>GRN>ON>IND,3,2,7930,41233,David O'Reilly,OTH_HMP,CENTRE_LEFT,3521,0.44401008827238336,0.44401008827238336,OTH_HMP:3521|OTH_CYA:2608|OTH_FFPA:1801,RIGHT:4409|CENTRE_LEFT:3521,PROPORTIONAL_PRIMARY_ORIGIN_PASS_THROUGH,ALL_CATEGORY_PRIMARY_VOTES_TRACED_PROPORTIONALLY,7930,GRN,1135.0,0.14312736443883986,True
VIC,323,Monash,OTH,6,3,ALP>LNP>GRN>ON>IND,3,2,7930,41233,David O'Reilly,OTH_HMP,CENTRE_LEFT,3521,0.44401008827238336,0.44401008827238336,OTH_HMP:3521|OTH_CYA:2608|OTH_FFPA:1801,RIGHT:4409|CENTRE_LEFT:3521,PROPORTIONAL_PRIMARY_ORIGIN_PASS_THROUGH,ALL_CATEGORY_PRIMARY_VOTES_TRACED_PROPORTIONALLY,7930,IND,2582.0000000000005,0.3255989911727617,True
VIC,323,Monash,OTH,6,3,ALP>LNP>GRN>ON>IND,3,2,7930,41233,David O'Reilly,OTH_HMP,CENTRE_LEFT,3521,0.44401008827238336,0.44401008827238336,OTH_HMP:3521|OTH_CYA:2608|OTH_FFPA:1801,RIGHT:4409|CENTRE_LEFT:3521,PROPORTIONAL_PRIMARY_ORIGIN_PASS_THROUGH,ALL_CATEGORY_PRIMARY_VOTES_TRACED_PROPORTIONALLY,7930,LNP,1150.0,0.1450189155107188,True
VIC,323,Monash,OTH,6,3,ALP>LNP>GRN>ON>IND,3,2,7930,41233,David O'Reilly,OTH_HMP,CENTRE_LEFT,3521,0.44401008827238336,0.44401008827238336,OTH_HMP:3521|OTH_CYA:2608|OTH_FFPA:1801,RIGHT:4409|CENTRE_LEFT:3521,PROPORTIONAL_PRIMARY_ORIGIN_PASS_THROUGH,ALL_CATEGORY_PRIMARY_VOTES_TRACED_PROPORTIONALLY,7930,ON,2201.0,0.27755359394703655,True
VIC,324,Nicholls,ON,3,5,ALP>LNP,1,0,12095,41597,Aaron Tyrrell,ON,,12095,1.0,1.0,ON:12095,UNSPECIFIED:12095,OBSERVED_LAST_SURVIVOR_EXIT,LAST_SURVIVOR_TALLY_AT_CATEGORY_EXIT,18134,ALP,3885.0,0.21423844711591486,False
VIC,324,Nicholls,ON,3,5,ALP>LNP,1,0,12095,41597,Aaron Tyrrell,ON,,12095,1.0,1.0,ON:12095,UNSPECIFIED:12095,OBSERVED_LAST_SURVIVOR_EXIT,LAST_SURVIVOR_TALLY_AT_CATEGORY_EXIT,18134,LNP,14249.0,0.7857615528840851,False
VIC,324,Nicholls,ON,3,5,ALP>LNP,1,0,12095,41597,Aaron Tyrrell,ON,,12095,1.0,1.0,ON:12095,UNSPECIFIED:12095,PROPORTIONAL_PRIMARY_ORIGIN_PASS_THROUGH,ALL_CATEGORY_PRIMARY_VOTES_TRACED_PROPORTIONALLY,12095,ALP,2591.21401786699,0.21423844711591486,True
VIC,324,Nicholls,ON,3,5,ALP>LNP,1,0,12095,41597,Aaron Tyrrell,ON,,12095,1.0,1.0,ON:12095,UNSPECIFIED:12095,PROPORTIONAL_PRIMARY_ORIGIN_PASS_THROUGH,ALL_CATEGORY_PRIMARY_VOTES_TRACED_PROPORTIONALLY,12095,LNP,9503.78598213301,0.7857615528840851,True
VIC,324,Nicholls,GRN,4,4,ALP>LNP>ON,1,0,8235,41106,Shelby Eade,GRN,,8235,1.0,1.0,GRN:8235,UNSPECIFIED:8235,OBSERVED_LAST_SURVIVOR_EXIT,LAST_SURVIVOR_TALLY_AT_CATEGORY_EXIT,9229,ALP,6303.0,0.6829558998808105,False
VIC,324,Nicholls,GRN,4,4,ALP>LNP>ON,1,0,8235,41106,Shelby Eade,GRN,,8235,1.0,1.0,GRN:8235,UNSPECIFIED:8235,OBSERVED_LAST_SURVIVOR_EXIT,LAST_SURVIVOR_TALLY_AT_CATEGORY_EXIT,9229,LNP,2053.0,0.22245096976920575,False
VIC,324,Nicholls,GRN,4,4,ALP>LNP>ON,1,0,8235,41106,Shelby Eade,GRN,,8235,1.0,1.0,GRN:8235,UNSPECIFIED:8235,OBSERVED_LAST_SURVIVOR_EXIT,LAST_SURVIVOR_TALLY_AT_CATEGORY_EXIT,9229,ON,873.0,0.09459313034998375,False
VIC,324,Nicholls,GRN,4,4,ALP>LNP>ON,1,0,8235,41106,Shelby Eade,GRN,,8235,1.0,1.0,GRN:8235,UNSPECIFIED:8235,PROPORTIONAL_PRIMARY_ORIGIN_PASS_THROUGH,ALL_CATEGORY_PRIMARY_VOTES_TRACED_PROPORTIONALLY,8235,ALP,5624.141835518474,0.6829558998808105,True
VIC,324,Nicholls,GRN,4,4,ALP>LNP>ON,1,0,8235,41106,Shelby Eade,GRN,,8235,1.0,1.0,GRN:8235,UNSPECIFIED:8235,PROPORTIONAL_PRIMARY_ORIGIN_PASS_THROUGH,ALL_CATEGORY_PRIMARY_VOTES_TRACED_PROPORTIONALLY,8235,LNP,1831.8837360494094,0.22245096976920575,True
VIC,324,Nicholls,GRN,4,4,ALP>LNP>ON,1,0,8235,41106,Shelby Eade,GRN,,8235,1.0,1.0,GRN:8235,UNSPECIFIED:8235,PROPORTIONAL_PRIMARY_ORIGIN_PASS_THROUGH,ALL_CATEGORY_PRIMARY_VOTES_TRACED_PROPORTIONALLY,8235,ON,778.9744284321162,0.09459313034998375,True
VIC,324,Nicholls,OTH,5,3,ALP>LNP>GRN>ON,3,2,10798,41394,Glenn Francis Floyd,OTH_CYA,RIGHT,4999,0.4629561029820337,0.4629561029820337,OTH_CYA:4999|OTH_FFPA:4717|OTH_CEC:1082,RIGHT:9716|CENTRE:1082,OBSERVED_LAST_SURVIVOR_EXIT,LAST_SURVIVOR_TALLY_AT_CATEGORY_EXIT,5877,ALP,810.0,0.13782542113323124,False
VIC,324,Nicholls,OTH,5,3,ALP>LNP>GRN>ON,3,2,10798,41394,Glenn Francis Floyd,OTH_CYA,RIGHT,4999,0.4629561029820337,0.4629561029820337,OTH_CYA:4999|OTH_FFPA:4717|OTH_CEC:1082,RIGHT:9716|CENTRE:1082,OBSERVED_LAST_SURVIVOR_EXIT,LAST_SURVIVOR_TALLY_AT_CATEGORY_EXIT,5877,GRN,330.0,0.05615109749872384,False
VIC,324,Nicholls,OTH,5,3,ALP>LNP>GRN>ON,3,2,10798,41394,Glenn Francis Floyd,OTH_CYA,RIGHT,4999,0.4629561029820337,0.4629561029820337,OTH_CYA:4999|OTH_FFPA:4717|OTH_CEC:1082,RIGHT:9716|CENTRE:1082,OBSERVED_LAST_SURVIVOR_EXIT,LAST_SURVIVOR_TALLY_AT_CATEGORY_EXIT,5877,LNP,1309.0,0.2227326867449379,False
VIC,324,Nicholls,OTH,5,3,ALP>LNP>GRN>ON,3,2,10798,41394,Glenn Francis Floyd,OTH_CYA,RIGHT,4999,0.4629561029820337,0.4629561029820337,OTH_CYA:4999|OTH_FFPA:4717|OTH_CEC:1082,RIGHT:9716|CENTRE:1082,OBSERVED_LAST_SURVIVOR_EXIT,LAST_SURVIVOR_TALLY_AT_CATEGORY_EXIT,5877,ON,3428.0,0.5832907946231071,False
VIC,324,Nicholls,OTH,5,3,ALP>LNP>GRN>ON,3,2,10798,41394,Glenn Francis Floyd,OTH_CYA,RIGHT,4999,0.4629561029820337,0.4629561029820337,OTH_CYA:4999|OTH_FFPA:4717|OTH_CEC:1082,RIGHT:9716|CENTRE:1082,PROPORTIONAL_PRIMARY_ORIGIN_PASS_THROUGH,ALL_CATEGORY_PRIMARY_VOTES_TRACED_PROPORTIONALLY,10798,ALP,1815.0000000000002,0.16808668271902205,True
VIC,324,Nicholls,OTH,5,3,ALP>LNP>GRN>ON,3,2,10798,41394,Glenn Francis Floyd,OTH_CYA,RIGHT,4999,0.4629561029820337,0.4629561029820337,OTH_CYA:4999|OTH_FFPA:4717|OTH_CEC:1082,RIGHT:9716|CENTRE:1082,PROPORTIONAL_PRIMARY_ORIGIN_PASS_THROUGH,ALL_CATEGORY_PRIMARY_VOTES_TRACED_PROPORTIONALLY,10798,GRN,994.0,0.09205408408964623,True
VIC,324,Nicholls,OTH,5,3,ALP>LNP>GRN>ON,3,2,10798,41394,Glenn Francis Floyd,OTH_CYA,RIGHT,4999,0.4629561029820337,0.4629561029820337,OTH_CYA:4999|OTH_FFPA:4717|OTH_CEC:1082,RIGHT:9716|CENTRE:1082,PROPORTIONAL_PRIMARY_ORIGIN_PASS_THROUGH,ALL_CATEGORY_PRIMARY_VOTES_TRACED_PROPORTIONALLY,10798,LNP,2823.0000000000005,0.26143730320429714,True
VIC,324,Nicholls,OTH,5,3,ALP>LNP>GRN>ON,3,2,10798,41394,Glenn Francis Floyd,OTH_CYA,RIGHT,4999,0.4629561029820337,0.4629561029820337,OTH_CYA:4999|OTH_FFPA:4717|OTH_CEC:1082,RIGHT:9716|CENTRE:1082,PROPORTIONAL_PRIMARY_ORIGIN_PASS_THROUGH,ALL_CATEGORY_PRIMARY_VOTES_TRACED_PROPORTIONALLY,10798,ON,5166.0,0.47842192998703464,True
VIC,232,Scullin,GRN,3,6,ALP>LNP,1,0,9090,41113,Loki Sangarya,GRN,,9090,1.0,1.0,GRN:9090,UNSPECIFIED:9090,OBSERVED_LAST_SURVIVOR_EXIT,LAST_SURVIVOR_TALLY_AT_CATEGORY_EXIT,19161,ALP,13295.0,0.6938573143364125,False
VIC,232,Scullin,GRN,3,6,ALP>LNP,1,0,9090,41113,Loki Sangarya,GRN,,9090,1.0,1.0,GRN:9090,UNSPECIFIED:9090,OBSERVED_LAST_SURVIVOR_EXIT,LAST_SURVIVOR_TALLY_AT_CATEGORY_EXIT,19161,LNP,5866.0,0.3061426856635875,False
VIC,232,Scullin,GRN,3,6,ALP>LNP,1,0,9090,41113,Loki Sangarya,GRN,,9090,1.0,1.0,GRN:9090,UNSPECIFIED:9090,PROPORTIONAL_PRIMARY_ORIGIN_PASS_THROUGH,ALL_CATEGORY_PRIMARY_VOTES_TRACED_PROPORTIONALLY,9090,ALP,6307.16298731799,0.6938573143364125,True
VIC,232,Scullin,GRN,3,6,ALP>LNP,1,0,9090,41113,Loki Sangarya,GRN,,9090,1.0,1.0,GRN:9090,UNSPECIFIED:9090,PROPORTIONAL_PRIMARY_ORIGIN_PASS_THROUGH,ALL_CATEGORY_PRIMARY_VOTES_TRACED_PROPORTIONALLY,9090,LNP,2782.8370126820105,0.3061426856635875,True
VIC,232,Scullin,ON,4,5,ALP>LNP>GRN,1,0,6401,41605,Arthur Tsoutsoulis,ON,,6401,1.0,1.0,ON:6401,UNSPECIFIED:6401,OBSERVED_LAST_SURVIVOR_EXIT,LAST_SURVIVOR_TALLY_AT_CATEGORY_EXIT,13285,ALP,2322.0,0.17478359051561912,False
VIC,232,Scullin,ON,4,5,ALP>LNP>GRN,1,0,6401,41605,Arthur Tsoutsoulis,ON,,6401,1.0,1.0,ON:6401,UNSPECIFIED:6401,OBSERVED_LAST_SURVIVOR_EXIT,LAST_SURVIVOR_TALLY_AT_CATEGORY_EXIT,13285,GRN,4487.0,0.33774934136243884,False
VIC,232,Scullin,ON,4,5,ALP>LNP>GRN,1,0,6401,41605,Arthur Tsoutsoulis,ON,,6401,1.0,1.0,ON:6401,UNSPECIFIED:6401,OBSERVED_LAST_SURVIVOR_EXIT,LAST_SURVIVOR_TALLY_AT_CATEGORY_EXIT,13285,LNP,6476.0,0.487467068121942,False
VIC,232,Scullin,ON,4,5,ALP>LNP>GRN,1,0,6401,41605,Arthur Tsoutsoulis,ON,,6401,1.0,1.0,ON:6401,UNSPECIFIED:6401,PROPORTIONAL_PRIMARY_ORIGIN_PASS_THROUGH,ALL_CATEGORY_PRIMARY_VOTES_TRACED_PROPORTIONALLY,6401,ALP,1118.789762890478,0.17478359051561912,True
VIC,232,Scullin,ON,4,5,ALP>LNP>GRN,1,0,6401,41605,Arthur Tsoutsoulis,ON,,6401,1.0,1.0,ON:6401,UNSPECIFIED:6401,PROPORTIONAL_PRIMARY_ORIGIN_PASS_THROUGH,ALL_CATEGORY_PRIMARY_VOTES_TRACED_PROPORTIONALLY,6401,GRN,2161.933534060971,0.33774934136243884,True
VIC,232,Scullin,ON,4,5,ALP>LNP>GRN,1,0,6401,41605,Arthur Tsoutsoulis,ON,,6401,1.0,1.0,ON:6401,UNSPECIFIED:6401,PROPORTIONAL_PRIMARY_ORIGIN_PASS_THROUGH,ALL_CATEGORY_PRIMARY_VOTES_TRACED_PROPORTIONALLY,6401,LNP,3120.2767030485506,0.48746706812194196,True
VIC,232,Scullin,OTH,5,4,ALP>LNP>GRN>ON,4,3,17899,41392,Adriana Buccianti,OTH_CYA,RIGHT,5479,0.30610648639588806,0.30610648639588806,OTH_VNS:6227|OTH_CYA:5479|OTH_FFPA:3752|OTH_GRPF:2441,RIGHT:11672|LEFT:6227,OBSERVED_LAST_SURVIVOR_EXIT,LAST_SURVIVOR_TALLY_AT_CATEGORY_EXIT,7791,ALP,1004.0,0.12886664099602105,False
VIC,232,Scullin,OTH,5,4,ALP>LNP>GRN>ON,4,3,17899,41392,Adriana Buccianti,OTH_CYA,RIGHT,5479,0.30610648639588806,0.30610648639588806,OTH_VNS:6227|OTH_CYA:5479|OTH_FFPA:3752|OTH_GRPF:2441,RIGHT:11672|LEFT:6227,OBSERVED_LAST_SURVIVOR_EXIT,LAST_SURVIVOR_TALLY_AT_CATEGORY_EXIT,7791,GRN,808.0,0.10370940829161854,False
VIC,232,Scullin,OTH,5,4,ALP>LNP>GRN>ON,4,3,17899,41392,Adriana Buccianti,OTH_CYA,RIGHT,5479,0.30610648639588806,0.30610648639588806,OTH_VNS:6227|OTH_CYA:5479|OTH_FFPA:3752|OTH_GRPF:2441,RIGHT:11672|LEFT:6227,OBSERVED_LAST_SURVIVOR_EXIT,LAST_SURVIVOR_TALLY_AT_CATEGORY_EXIT,7791,LNP,1008.0,0.1293800539083558,False
VIC,232,Scullin,OTH,5,4,ALP>LNP>GRN>ON,4,3,17899,41392,Adriana Buccianti,OTH_CYA,RIGHT,5479,0.30610648639588806,0.30610648639588806,OTH_VNS:6227|OTH_CYA:5479|OTH_FFPA:3752|OTH_GRPF:2441,RIGHT:11672|LEFT:6227,OBSERVED_LAST_SURVIVOR_EXIT,LAST_SURVIVOR_TALLY_AT_CATEGORY_EXIT,7791,ON,4971.0,0.6380438968040046,False
VIC,232,Scullin,OTH,5,4,ALP>LNP>GRN>ON,4,3,17899,41392,Adriana Buccianti,OTH_CYA,RIGHT,5479,0.30610648639588806,0.30610648639588806,OTH_VNS:6227|OTH_CYA:5479|OTH_FFPA:3752|OTH_GRPF:2441,RIGHT:11672|LEFT:6227,PROPORTIONAL_PRIMARY_ORIGIN_PASS_THROUGH,ALL_CATEGORY_PRIMARY_VOTES_TRACED_PROPORTIONALLY,17899,ALP,3107.0000000000005,0.1735851164869546,True
VIC,232,Scullin,OTH,5,4,ALP>LNP>GRN>ON,4,3,17899,41392,Adriana Buccianti,OTH_CYA,RIGHT,5479,0.30610648639588806,0.30610648639588806,OTH_VNS:6227|OTH_CYA:5479|OTH_FFPA:3752|OTH_GRPF:2441,RIGHT:11672|LEFT:6227,PROPORTIONAL_PRIMARY_ORIGIN_PASS_THROUGH,ALL_CATEGORY_PRIMARY_VOTES_TRACED_PROPORTIONALLY,17899,GRN,5584.0,0.3119727359070339,True
VIC,232,Scullin,OTH,5,4,ALP>LNP>GRN>ON,4,3,17899,41392,Adriana Buccianti,OTH_CYA,RIGHT,5479,0.30610648639588806,0.30610648639588806,OTH_VNS:6227|OTH_CYA:5479|OTH_FFPA:3752|OTH_GRPF:2441,RIGHT:11672|LEFT:6227,PROPORTIONAL_PRIMARY_ORIGIN_PASS_THROUGH,ALL_CATEGORY_PRIMARY_VOTES_TRACED_PROPORTIONALLY,17899,LNP,2324.0,0.12983965584669535,True
VIC,232,Scullin,OTH,5,4,ALP>LNP>GRN>ON,4,3,17899,41392,Adriana Buccianti,OTH_CYA,RIGHT,5479,0.30610648639588806,0.30610648639588806,OTH_VNS:6227|OTH_CYA:5479|OTH_FFPA:3752|OTH_GRPF:2441,RIGHT:11672|LEFT:6227,PROPORTIONAL_PRIMARY_ORIGIN_PASS_THROUGH,ALL_CATEGORY_PRIMARY_VOTES_TRACED_PROPORTIONALLY,17899,ON,6884.0,0.38460249175931616,True
VIC,233,Wannon,ALP,3,7,LNP>IND,1,0,11438,40808,Fiona Mackenzie,ALP,,11438,1.0,1.0,ALP:11438,UNSPECIFIED:11438,OBSERVED_LAST_SURVIVOR_EXIT,LAST_SURVIVOR_TALLY_AT_CATEGORY_EXIT,14628,IND,10287.0,0.7032403609515997,False
VIC,233,Wannon,ALP,3,7,LNP>IND,1,0,11438,40808,Fiona Mackenzie,ALP,,11438,1.0,1.0,ALP:11438,UNSPECIFIED:11438,OBSERVED_LAST_SURVIVOR_EXIT,LAST_SURVIVOR_TALLY_AT_CATEGORY_EXIT,14628,LNP,4341.0,0.2967596390484003,False
VIC,233,Wannon,ALP,3,7,LNP>IND,1,0,11438,40808,Fiona Mackenzie,ALP,,11438,1.0,1.0,ALP:11438,UNSPECIFIED:11438,PROPORTIONAL_PRIMARY_ORIGIN_PASS_THROUGH,ALL_CATEGORY_PRIMARY_VOTES_TRACED_PROPORTIONALLY,11438,IND,8043.663248564398,0.7032403609515997,True
VIC,233,Wannon,ALP,3,7,LNP>IND,1,0,11438,40808,Fiona Mackenzie,ALP,,11438,1.0,1.0,ALP:11438,UNSPECIFIED:11438,PROPORTIONAL_PRIMARY_ORIGIN_PASS_THROUGH,ALL_CATEGORY_PRIMARY_VOTES_TRACED_PROPORTIONALLY,11438,LNP,3394.3367514356028,0.2967596390484003,True
VIC,233,Wannon,ON,4,6,ALP>LNP>IND,1,0,4529,41588,Leo Curtain,ON,,4529,1.0,1.0,ON:4529,UNSPECIFIED:4529,OBSERVED_LAST_SURVIVOR_EXIT,LAST_SURVIVOR_TALLY_AT_CATEGORY_EXIT,7399,ALP,996.0,0.13461278551155562,False
VIC,233,Wannon,ON,4,6,ALP>LNP>IND,1,0,4529,41588,Leo Curtain,ON,,4529,1.0,1.0,ON:4529,UNSPECIFIED:4529,OBSERVED_LAST_SURVIVOR_EXIT,LAST_SURVIVOR_TALLY_AT_CATEGORY_EXIT,7399,IND,2101.0,0.2839572915258819,False
VIC,233,Wannon,ON,4,6,ALP>LNP>IND,1,0,4529,41588,Leo Curtain,ON,,4529,1.0,1.0,ON:4529,UNSPECIFIED:4529,OBSERVED_LAST_SURVIVOR_EXIT,LAST_SURVIVOR_TALLY_AT_CATEGORY_EXIT,7399,LNP,4302.0,0.5814299229625625,False
VIC,233,Wannon,ON,4,6,ALP>LNP>IND,1,0,4529,41588,Leo Curtain,ON,,4529,1.0,1.0,ON:4529,UNSPECIFIED:4529,PROPORTIONAL_PRIMARY_ORIGIN_PASS_THROUGH,ALL_CATEGORY_PRIMARY_VOTES_TRACED_PROPORTIONALLY,4529,ALP,609.6613055818353,0.13461278551155562,True
VIC,233,Wannon,ON,4,6,ALP>LNP>IND,1,0,4529,41588,Leo Curtain,ON,,4529,1.0,1.0,ON:4529,UNSPECIFIED:4529,PROPORTIONAL_PRIMARY_ORIGIN_PASS_THROUGH,ALL_CATEGORY_PRIMARY_VOTES_TRACED_PROPORTIONALLY,4529,IND,1286.0425733207192,0.2839572915258819,True
VIC,233,Wannon,ON,4,6,ALP>LNP>IND,1,0,4529,41588,Leo Curtain,ON,,4529,1.0,1.0,ON:4529,UNSPECIFIED:4529,PROPORTIONAL_PRIMARY_ORIGIN_PASS_THROUGH,ALL_CATEGORY_PRIMARY_VOTES_TRACED_PROPORTIONALLY,4529,LNP,2633.2961210974454,0.5814299229625625,True
VIC,233,Wannon,GRN,5,5,ALP>LNP>ON>IND,1,0,3427,41280,Kate Gazzard,GRN,,3427,1.0,1.0,GRN:3427,UNSPECIFIED:3427,OBSERVED_LAST_SURVIVOR_EXIT,LAST_SURVIVOR_TALLY_AT_CATEGORY_EXIT,4332,ALP,1262.0,0.291320406278855,False
VIC,233,Wannon,GRN,5,5,ALP>LNP>ON>IND,1,0,3427,41280,Kate Gazzard,GRN,,3427,1.0,1.0,GRN:3427,UNSPECIFIED:3427,OBSERVED_LAST_SURVIVOR_EXIT,LAST_SURVIVOR_TALLY_AT_CATEGORY_EXIT,4332,IND,2382.0,0.5498614958448753,False
VIC,233,Wannon,GRN,5,5,ALP>LNP>ON>IND,1,0,3427,41280,Kate Gazzard,GRN,,3427,1.0,1.0,GRN:3427,UNSPECIFIED:3427,OBSERVED_LAST_SURVIVOR_EXIT,LAST_SURVIVOR_TALLY_AT_CATEGORY_EXIT,4332,LNP,347.0,0.08010156971375808,False
VIC,233,Wannon,GRN,5,5,ALP>LNP>ON>IND,1,0,3427,41280,Kate Gazzard,GRN,,3427,1.0,1.0,GRN:3427,UNSPECIFIED:3427,OBSERVED_LAST_SURVIVOR_EXIT,LAST_SURVIVOR_TALLY_AT_CATEGORY_EXIT,4332,ON,341.0,0.07871652816251154,False
VIC,233,Wannon,GRN,5,5,ALP>LNP>ON>IND,1,0,3427,41280,Kate Gazzard,GRN,,3427,1.0,1.0,GRN:3427,UNSPECIFIED:3427,PROPORTIONAL_PRIMARY_ORIGIN_PASS_THROUGH,ALL_CATEGORY_PRIMARY_VOTES_TRACED_PROPORTIONALLY,3427,ALP,998.3550323176362,0.291320406278855,True
VIC,233,Wannon,GRN,5,5,ALP>LNP>ON>IND,1,0,3427,41280,Kate Gazzard,GRN,,3427,1.0,1.0,GRN:3427,UNSPECIFIED:3427,PROPORTIONAL_PRIMARY_ORIGIN_PASS_THROUGH,ALL_CATEGORY_PRIMARY_VOTES_TRACED_PROPORTIONALLY,3427,IND,1884.3753462603877,0.5498614958448753,True
VIC,233,Wannon,GRN,5,5,ALP>LNP>ON>IND,1,0,3427,41280,Kate Gazzard,GRN,,3427,1.0,1.0,GRN:3427,UNSPECIFIED:3427,PROPORTIONAL_PRIMARY_ORIGIN_PASS_THROUGH,ALL_CATEGORY_PRIMARY_VOTES_TRACED_PROPORTIONALLY,3427,LNP,274.50807940904895,0.08010156971375808,True
VIC,233,Wannon,GRN,5,5,ALP>LNP>ON>IND,1,0,3427,41280,Kate Gazzard,GRN,,3427,1.0,1.0,GRN:3427,UNSPECIFIED:3427,PROPORTIONAL_PRIMARY_ORIGIN_PASS_THROUGH,ALL_CATEGORY_PRIMARY_VOTES_TRACED_PROPORTIONALLY,3427,ON,269.76154201292707,0.07871652816251154,True
VIC,233,Wannon,OTH,6,4,ALP>LNP>GRN>ON>IND,4,3,7685,41231,Robbie Swan,OTH_HMP,CENTRE_LEFT,3037,0.3951854261548471,0.3951854261548471,OTH_HMP:3037|OTH_FFPA:2065|OTH_CYA:1789|IND_MINOR:794,RIGHT:3854|CENTRE_LEFT:3037|CENTRE:794,OBSERVED_LAST_SURVIVOR_EXIT,LAST_SURVIVOR_TALLY_AT_CATEGORY_EXIT,3592,ALP,530.0,0.1475501113585746,False
VIC,233,Wannon,OTH,6,4,ALP>LNP>GRN>ON>IND,4,3,7685,41231,Robbie Swan,OTH_HMP,CENTRE_LEFT,3037,0.3951854261548471,0.3951854261548471,OTH_HMP:3037|OTH_FFPA:2065|OTH_CYA:1789|IND_MINOR:794,RIGHT:3854|CENTRE_LEFT:3037|CENTRE:794,OBSERVED_LAST_SURVIVOR_EXIT,LAST_SURVIVOR_TALLY_AT_CATEGORY_EXIT,3592,GRN,630.0,0.17538975501113585,False
VIC,233,Wannon,OTH,6,4,ALP>LNP>GRN>ON>IND,4,3,7685,41231,Robbie Swan,OTH_HMP,CENTRE_LEFT,3037,0.3951854261548471,0.3951854261548471,OTH_HMP:3037|OTH_FFPA:2065|OTH_CYA:1789|IND_MINOR:794,RIGHT:3854|CENTRE_LEFT:3037|CENTRE:794,OBSERVED_LAST_SURVIVOR_EXIT,LAST_SURVIVOR_TALLY_AT_CATEGORY_EXIT,3592,IND,1041.0,0.2898106904231626,False
VIC,233,Wannon,OTH,6,4,ALP>LNP>GRN>ON>IND,4,3,7685,41231,Robbie Swan,OTH_HMP,CENTRE_LEFT,3037,0.3951854261548471,0.3951854261548471,OTH_HMP:3037|OTH_FFPA:2065|OTH_CYA:1789|IND_MINOR:794,RIGHT:3854|CENTRE_LEFT:3037|CENTRE:794,OBSERVED_LAST_SURVIVOR_EXIT,LAST_SURVIVOR_TALLY_AT_CATEGORY_EXIT,3592,LNP,545.0,0.1517260579064588,False
VIC,233,Wannon,OTH,6,4,ALP>LNP>GRN>ON>IND,4,3,7685,41231,Robbie Swan,OTH_HMP,CENTRE_LEFT,3037,0.3951854261548471,0.3951854261548471,OTH_HMP:3037|OTH_FFPA:2065|OTH_CYA:1789|IND_MINOR:794,RIGHT:3854|CENTRE_LEFT:3037|CENTRE:794,OBSERVED_LAST_SURVIVOR_EXIT,LAST_SURVIVOR_TALLY_AT_CATEGORY_EXIT,3592,ON,846.0,0.23552338530066816,False
VIC,233,Wannon,OTH,6,4,ALP>LNP>GRN>ON>IND,4,3,7685,41231,Robbie Swan,OTH_HMP,CENTRE_LEFT,3037,0.3951854261548471,0.3951854261548471,OTH_HMP:3037|OTH_FFPA:2065|OTH_CYA:1789|IND_MINOR:794,RIGHT:3854|CENTRE_LEFT:3037|CENTRE:794,PROPORTIONAL_PRIMARY_ORIGIN_PASS_THROUGH,ALL_CATEGORY_PRIMARY_VOTES_TRACED_PROPORTIONALLY,7685,ALP,931.9999999999999,0.12127521145087831,True
VIC,233,Wannon,OTH,6,4,ALP>LNP>GRN>ON>IND,4,3,7685,41231,Robbie Swan,OTH_HMP,CENTRE_LEFT,3037,0.3951854261548471,0.3951854261548471,OTH_HMP:3037|OTH_FFPA:2065|OTH_CYA:1789|IND_MINOR:794,RIGHT:3854|CENTRE_LEFT:3037|CENTRE:794,PROPORTIONAL_PRIMARY_ORIGIN_PASS_THROUGH,ALL_CATEGORY_PRIMARY_VOTES_TRACED_PROPORTIONALLY,7685,GRN,904.9999999999999,0.11776187378009108,True
VIC,233,Wannon,OTH,6,4,ALP>LNP>GRN>ON>IND,4,3,7685,41231,Robbie Swan,OTH_HMP,CENTRE_LEFT,3037,0.3951854261548471,0.3951854261548471,OTH_HMP:3037|OTH_FFPA:2065|OTH_CYA:1789|IND_MINOR:794,RIGHT:3854|CENTRE_LEFT:3037|CENTRE:794,PROPORTIONAL_PRIMARY_ORIGIN_PASS_THROUGH,ALL_CATEGORY_PRIMARY_VOTES_TRACED_PROPORTIONALLY,7685,IND,1872.0000000000002,0.24359141184124922,True
VIC,233,Wannon,OTH,6,4,ALP>LNP>GRN>ON>IND,4,3,7685,41231,Robbie Swan,OTH_HMP,CENTRE_LEFT,3037,0.3951854261548471,0.3951854261548471,OTH_HMP:3037|OTH_FFPA:2065|OTH_CYA:1789|IND_MINOR:794,RIGHT:3854|CENTRE_LEFT:3037|CENTRE:794,PROPORTIONAL_PRIMARY_ORIGIN_PASS_THROUGH,ALL_CATEGORY_PRIMARY_VOTES_TRACED_PROPORTIONALLY,7685,LNP,1447.0,0.18828887443070919,True
VIC,233,Wannon,OTH,6,4,ALP>LNP>GRN>ON>IND,4,3,7685,41231,Robbie Swan,OTH_HMP,CENTRE_LEFT,3037,0.3951854261548471,0.3951854261548471,OTH_HMP:3037|OTH_FFPA:2065|OTH_CYA:1789|IND_MINOR:794,RIGHT:3854|CENTRE_LEFT:3037|CENTRE:794,PROPORTIONAL_PRIMARY_ORIGIN_PASS_THROUGH,ALL_CATEGORY_PRIMARY_VOTES_TRACED_PROPORTIONALLY,7685,ON,2529.0,0.3290826284970722,True
VIC,234,Wills,LNP,3,6,ALP>GRN,1,0,14121,40775,Jeff Kidney,LIB,,14121,1.0,1.0,LIB:14121,UNSPECIFIED:14121,OBSERVED_LAST_SURVIVOR_EXIT,LAST_SURVIVOR_TALLY_AT_CATEGORY_EXIT,18169,ALP,13795.0,0.7592602784963399,False
VIC,234,Wills,LNP,3,6,ALP>GRN,1,0,14121,40775,Jeff Kidney,LIB,,14121,1.0,1.0,LIB:14121,UNSPECIFIED:14121,OBSERVED_LAST_SURVIVOR_EXIT,LAST_SURVIVOR_TALLY_AT_CATEGORY_EXIT,18169,GRN,4374.0,0.24073972150366008,False
VIC,234,Wills,LNP,3,6,ALP>GRN,1,0,14121,40775,Jeff Kidney,LIB,,14121,1.0,1.0,LIB:14121,UNSPECIFIED:14121,PROPORTIONAL_PRIMARY_ORIGIN_PASS_THROUGH,ALL_CATEGORY_PRIMARY_VOTES_TRACED_PROPORTIONALLY,14121,ALP,10721.514392646815,0.7592602784963399,True
VIC,234,Wills,LNP,3,6,ALP>GRN,1,0,14121,40775,Jeff Kidney,LIB,,14121,1.0,1.0,LIB:14121,UNSPECIFIED:14121,PROPORTIONAL_PRIMARY_ORIGIN_PASS_THROUGH,ALL_CATEGORY_PRIMARY_VOTES_TRACED_PROPORTIONALLY,14121,GRN,3399.485607353184,0.2407397215036601,True
VIC,234,Wills,OTH,4,5,ALP>LNP>GRN,4,3,13915,41589,Sue Bolton,OTH_SAL,LEFT,8808,0.6329859863456702,0.6329859863456702,OTH_SAL:8808|OTH_HMP:3067|OTH_SOPA:1122|OTH_LTP:918,LEFT:9930|CENTRE_LEFT:3067|RIGHT:918,OBSERVED_LAST_SURVIVOR_EXIT,LAST_SURVIVOR_TALLY_AT_CATEGORY_EXIT,10533,ALP,1772.0,0.16823317193582074,False
VIC,234,Wills,OTH,4,5,ALP>LNP>GRN,4,3,13915,41589,Sue Bolton,OTH_SAL,LEFT,8808,0.6329859863456702,0.6329859863456702,OTH_SAL:8808|OTH_HMP:3067|OTH_SOPA:1122|OTH_LTP:918,LEFT:9930|CENTRE_LEFT:3067|RIGHT:918,OBSERVED_LAST_SURVIVOR_EXIT,LAST_SURVIVOR_TALLY_AT_CATEGORY_EXIT,10533,GRN,8059.0,0.765119149340169,False
VIC,234,Wills,OTH,4,5,ALP>LNP>GRN,4,3,13915,41589,Sue Bolton,OTH_SAL,LEFT,8808,0.6329859863456702,0.6329859863456702,OTH_SAL:8808|OTH_HMP:3067|OTH_SOPA:1122|OTH_LTP:918,LEFT:9930|CENTRE_LEFT:3067|RIGHT:918,OBSERVED_LAST_SURVIVOR_EXIT,LAST_SURVIVOR_TALLY_AT_CATEGORY_EXIT,10533,LNP,702.0,0.06664767872401026,False
VIC,234,Wills,OTH,4,5,ALP>LNP>GRN,4,3,13915,41589,Sue Bolton,OTH_SAL,LEFT,8808,0.6329859863456702,0.6329859863456702,OTH_SAL:8808|OTH_HMP:3067|OTH_SOPA:1122|OTH_LTP:918,LEFT:9930|CENTRE_LEFT:3067|RIGHT:918,PROPORTIONAL_PRIMARY_ORIGIN_PASS_THROUGH,ALL_CATEGORY_PRIMARY_VOTES_TRACED_PROPORTIONALLY,13915,ALP,2912.6643546242644,0.20931831510055798,True
VIC,234,Wills,OTH,4,5,ALP>LNP>GRN,4,3,13915,41589,Sue Bolton,OTH_SAL,LEFT,8808,0.6329859863456702,0.6329859863456702,OTH_SAL:8808|OTH_HMP:3067|OTH_SOPA:1122|OTH_LTP:918,LEFT:9930|CENTRE_LEFT:3067|RIGHT:918,PROPORTIONAL_PRIMARY_ORIGIN_PASS_THROUGH,ALL_CATEGORY_PRIMARY_VOTES_TRACED_PROPORTIONALLY,13915,GRN,9273.357679320889,0.6664288666418173,True
VIC,234,Wills,OTH,4,5,ALP>LNP>GRN,4,3,13915,41589,Sue Bolton,OTH_SAL,LEFT,8808,0.6329859863456702,0.6329859863456702,OTH_SAL:8808|OTH_HMP:3067|OTH_SOPA:1122|OTH_LTP:918,LEFT:9930|CENTRE_LEFT:3067|RIGHT:918,PROPORTIONAL_PRIMARY_ORIGIN_PASS_THROUGH,ALL_CATEGORY_PRIMARY_VOTES_TRACED_PROPORTIONALLY,13915,LNP,1728.977966054846,0.12425281825762459,True
VIC,234,Wills,ON,5,4,ALP>LNP>GRN>OTH,1,0,3842,41593,Bruce Stevens,ON,,3842,1.0,1.0,ON:3842,UNSPECIFIED:3842,OBSERVED_LAST_SURVIVOR_EXIT,LAST_SURVIVOR_TALLY_AT_CATEGORY_EXIT,4740,ALP,718.0,0.15147679324894514,False
VIC,234,Wills,ON,5,4,ALP>LNP>GRN>OTH,1,0,3842,41593,Bruce Stevens,ON,,3842,1.0,1.0,ON:3842,UNSPECIFIED:3842,OBSERVED_LAST_SURVIVOR_EXIT,LAST_SURVIVOR_TALLY_AT_CATEGORY_EXIT,4740,GRN,474.0,0.1,False
VIC,234,Wills,ON,5,4,ALP>LNP>GRN>OTH,1,0,3842,41593,Bruce Stevens,ON,,3842,1.0,1.0,ON:3842,UNSPECIFIED:3842,OBSERVED_LAST_SURVIVOR_EXIT,LAST_SURVIVOR_TALLY_AT_CATEGORY_EXIT,4740,LNP,2812.0,0.5932489451476793,False
VIC,234,Wills,ON,5,4,ALP>LNP>GRN>OTH,1,0,3842,41593,Bruce Stevens,ON,,3842,1.0,1.0,ON:3842,UNSPECIFIED:3842,OBSERVED_LAST_SURVIVOR_EXIT,LAST_SURVIVOR_TALLY_AT_CATEGORY_EXIT,4740,OTH,736.0,0.15527426160337554,False
VIC,234,Wills,ON,5,4,ALP>LNP>GRN>OTH,1,0,3842,41593,Bruce Stevens,ON,,3842,1.0,1.0,ON:3842,UNSPECIFIED:3842,PROPORTIONAL_PRIMARY_ORIGIN_PASS_THROUGH,ALL_CATEGORY_PRIMARY_VOTES_TRACED_PROPORTIONALLY,3842,ALP,581.9738396624472,0.1514767932489451,True
VIC,234,Wills,ON,5,4,ALP>LNP>GRN>OTH,1,0,3842,41593,Bruce Stevens,ON,,3842,1.0,1.0,ON:3842,UNSPECIFIED:3842,PROPORTIONAL_PRIMARY_ORIGIN_PASS_THROUGH,ALL_CATEGORY_PRIMARY_VOTES_TRACED_PROPORTIONALLY,3842,GRN,384.20000000000005,0.1,True
VIC,234,Wills,ON,5,4,ALP>LNP>GRN>OTH,1,0,3842,41593,Bruce Stevens,ON,,3842,1.0,1.0,ON:3842,UNSPECIFIED:3842,PROPORTIONAL_PRIMARY_ORIGIN_PASS_THROUGH,ALL_CATEGORY_PRIMARY_VOTES_TRACED_PROPORTIONALLY,3842,LNP,2279.262447257384,0.5932489451476793,True
VIC,234,Wills,ON,5,4,ALP>LNP>GRN>OTH,1,0,3842,41593,Bruce Stevens,ON,,3842,1.0,1.0,ON:3842,UNSPECIFIED:3842,PROPORTIONAL_PRIMARY_ORIGIN_PASS_THROUGH,ALL_CATEGORY_PRIMARY_VOTES_TRACED_PROPORTIONALLY,3842,OTH,596.5637130801688,0.15527426160337554,True
WA,235,Brand,GRN,3,3,ALP>LNP,1,0,12412,41660,Jody Freeman,GRN,,12412,1.0,1.0,GRN:12412,UNSPECIFIED:12412,OBSERVED_LAST_SURVIVOR_EXIT,LAST_SURVIVOR_TALLY_AT_CATEGORY_EXIT,18942,ALP,14796.0,0.7811213177066836,False
WA,235,Brand,GRN,3,3,ALP>LNP,1,0,12412,41660,Jody Freeman,GRN,,12412,1.0,1.0,GRN:12412,UNSPECIFIED:12412,OBSERVED_LAST_SURVIVOR_EXIT,LAST_SURVIVOR_TALLY_AT_CATEGORY_EXIT,18942,LNP,4146.0,0.21887868229331645,False
WA,235,Brand,GRN,3,3,ALP>LNP,1,0,12412,41660,Jody Freeman,GRN,,12412,1.0,1.0,GRN:12412,UNSPECIFIED:12412,PROPORTIONAL_PRIMARY_ORIGIN_PASS_THROUGH,ALL_CATEGORY_PRIMARY_VOTES_TRACED_PROPORTIONALLY,12412,ALP,9695.277795375358,0.7811213177066837,True
WA,235,Brand,GRN,3,3,ALP>LNP,1,0,12412,41660,Jody Freeman,GRN,,12412,1.0,1.0,GRN:12412,UNSPECIFIED:12412,PROPORTIONAL_PRIMARY_ORIGIN_PASS_THROUGH,ALL_CATEGORY_PRIMARY_VOTES_TRACED_PROPORTIONALLY,12412,LNP,2716.722204624644,0.21887868229331645,True
WA,235,Brand,ON,4,2,ALP>LNP>GRN,1,0,11960,41610,Stephen Box,ON,,11960,1.0,1.0,ON:11960,UNSPECIFIED:11960,OBSERVED_LAST_SURVIVOR_EXIT,LAST_SURVIVOR_TALLY_AT_CATEGORY_EXIT,14163,ALP,2828.0,0.199675210054367,False
WA,235,Brand,ON,4,2,ALP>LNP>GRN,1,0,11960,41610,Stephen Box,ON,,11960,1.0,1.0,ON:11960,UNSPECIFIED:11960,OBSERVED_LAST_SURVIVOR_EXIT,LAST_SURVIVOR_TALLY_AT_CATEGORY_EXIT,14163,GRN,3931.0,0.27755419049636376,False
WA,235,Brand,ON,4,2,ALP>LNP>GRN,1,0,11960,41610,Stephen Box,ON,,11960,1.0,1.0,ON:11960,UNSPECIFIED:11960,OBSERVED_LAST_SURVIVOR_EXIT,LAST_SURVIVOR_TALLY_AT_CATEGORY_EXIT,14163,LNP,7404.0,0.5227705994492692,False
WA,235,Brand,ON,4,2,ALP>LNP>GRN,1,0,11960,41610,Stephen Box,ON,,11960,1.0,1.0,ON:11960,UNSPECIFIED:11960,PROPORTIONAL_PRIMARY_ORIGIN_PASS_THROUGH,ALL_CATEGORY_PRIMARY_VOTES_TRACED_PROPORTIONALLY,11960,ALP,2388.115512250229,0.19967521005436698,True
WA,235,Brand,ON,4,2,ALP>LNP>GRN,1,0,11960,41610,Stephen Box,ON,,11960,1.0,1.0,ON:11960,UNSPECIFIED:11960,PROPORTIONAL_PRIMARY_ORIGIN_PASS_THROUGH,ALL_CATEGORY_PRIMARY_VOTES_TRACED_PROPORTIONALLY,11960,GRN,3319.5481183365105,0.27755419049636376,True
WA,235,Brand,ON,4,2,ALP>LNP>GRN,1,0,11960,41610,Stephen Box,ON,,11960,1.0,1.0,ON:11960,UNSPECIFIED:11960,PROPORTIONAL_PRIMARY_ORIGIN_PASS_THROUGH,ALL_CATEGORY_PRIMARY_VOTES_TRACED_PROPORTIONALLY,11960,LNP,6252.3363694132595,0.5227705994492692,True
WA,235,Brand,OTH,5,1,ALP>LNP>GRN>ON,1,0,7935,41662,Jim Matters,OTH_HMP,CENTRE_LEFT,7935,1.0,1.0,OTH_HMP:7935,CENTRE_LEFT:7935,OBSERVED_LAST_SURVIVOR_EXIT,LAST_SURVIVOR_TALLY_AT_CATEGORY_EXIT,7935,ALP,2128.0,0.26817895400126024,False
WA,235,Brand,OTH,5,1,ALP>LNP>GRN>ON,1,0,7935,41662,Jim Matters,OTH_HMP,CENTRE_LEFT,7935,1.0,1.0,OTH_HMP:7935,CENTRE_LEFT:7935,OBSERVED_LAST_SURVIVOR_EXIT,LAST_SURVIVOR_TALLY_AT_CATEGORY_EXIT,7935,GRN,2599.0,0.32753623188405795,False
WA,235,Brand,OTH,5,1,ALP>LNP>GRN>ON,1,0,7935,41662,Jim Matters,OTH_HMP,CENTRE_LEFT,7935,1.0,1.0,OTH_HMP:7935,CENTRE_LEFT:7935,OBSERVED_LAST_SURVIVOR_EXIT,LAST_SURVIVOR_TALLY_AT_CATEGORY_EXIT,7935,LNP,1005.0,0.1266540642722117,False
WA,235,Brand,OTH,5,1,ALP>LNP>GRN>ON,1,0,7935,41662,Jim Matters,OTH_HMP,CENTRE_LEFT,7935,1.0,1.0,OTH_HMP:7935,CENTRE_LEFT:7935,OBSERVED_LAST_SURVIVOR_EXIT,LAST_SURVIVOR_TALLY_AT_CATEGORY_EXIT,7935,ON,2203.0,0.27763074984247005,False
WA,235,Brand,OTH,5,1,ALP>LNP>GRN>ON,1,0,7935,41662,Jim Matters,OTH_HMP,CENTRE_LEFT,7935,1.0,1.0,OTH_HMP:7935,CENTRE_LEFT:7935,PROPORTIONAL_PRIMARY_ORIGIN_PASS_THROUGH,ALL_CATEGORY_PRIMARY_VOTES_TRACED_PROPORTIONALLY,7935,ALP,2128.0,0.26817895400126024,True
WA,235,Brand,OTH,5,1,ALP>LNP>GRN>ON,1,0,7935,41662,Jim Matters,OTH_HMP,CENTRE_LEFT,7935,1.0,1.0,OTH_HMP:7935,CENTRE_LEFT:7935,PROPORTIONAL_PRIMARY_ORIGIN_PASS_THROUGH,ALL_CATEGORY_PRIMARY_VOTES_TRACED_PROPORTIONALLY,7935,GRN,2599.0,0.32753623188405795,True
WA,235,Brand,OTH,5,1,ALP>LNP>GRN>ON,1,0,7935,41662,Jim Matters,OTH_HMP,CENTRE_LEFT,7935,1.0,1.0,OTH_HMP:7935,CENTRE_LEFT:7935,PROPORTIONAL_PRIMARY_ORIGIN_PASS_THROUGH,ALL_CATEGORY_PRIMARY_VOTES_TRACED_PROPORTIONALLY,7935,LNP,1004.9999999999999,0.1266540642722117,True
WA,235,Brand,OTH,5,1,ALP>LNP>GRN>ON,1,0,7935,41662,Jim Matters,OTH_HMP,CENTRE_LEFT,7935,1.0,1.0,OTH_HMP:7935,CENTRE_LEFT:7935,PROPORTIONAL_PRIMARY_ORIGIN_PASS_THROUGH,ALL_CATEGORY_PRIMARY_VOTES_TRACED_PROPORTIONALLY,7935,ON,2203.0,0.27763074984247005,True
WA,329,Bullwinkel,GRN,3,4,ALP>LNP,1,0,11728,41719,Abbey Bishop,GRN,,11728,1.0,1.0,GRN:11728,UNSPECIFIED:11728,OBSERVED_LAST_SURVIVOR_EXIT,LAST_SURVIVOR_TALLY_AT_CATEGORY_EXIT,14936,ALP,10275.0,0.687935190144617,False
WA,329,Bullwinkel,GRN,3,4,ALP>LNP,1,0,11728,41719,Abbey Bishop,GRN,,11728,1.0,1.0,GRN:11728,UNSPECIFIED:11728,OBSERVED_LAST_SURVIVOR_EXIT,LAST_SURVIVOR_TALLY_AT_CATEGORY_EXIT,14936,LNP,4661.0,0.312064809855383,False
WA,329,Bullwinkel,GRN,3,4,ALP>LNP,1,0,11728,41719,Abbey Bishop,GRN,,11728,1.0,1.0,GRN:11728,UNSPECIFIED:11728,PROPORTIONAL_PRIMARY_ORIGIN_PASS_THROUGH,ALL_CATEGORY_PRIMARY_VOTES_TRACED_PROPORTIONALLY,11728,ALP,8068.103910016069,0.687935190144617,True
WA,329,Bullwinkel,GRN,3,4,ALP>LNP,1,0,11728,41719,Abbey Bishop,GRN,,11728,1.0,1.0,GRN:11728,UNSPECIFIED:11728,PROPORTIONAL_PRIMARY_ORIGIN_PASS_THROUGH,ALL_CATEGORY_PRIMARY_VOTES_TRACED_PROPORTIONALLY,11728,LNP,3659.8960899839312,0.31206480985538293,True
WA,329,Bullwinkel,ON,4,3,ALP>LNP>GRN,1,0,9011,41647,Trevor Mayes,ON,,9011,1.0,1.0,ON:9011,UNSPECIFIED:9011,OBSERVED_LAST_SURVIVOR_EXIT,LAST_SURVIVOR_TALLY_AT_CATEGORY_EXIT,12102,ALP,1150.0,0.09502561560072716,False
WA,329,Bullwinkel,ON,4,3,ALP>LNP>GRN,1,0,9011,41647,Trevor Mayes,ON,,9011,1.0,1.0,ON:9011,UNSPECIFIED:9011,OBSERVED_LAST_SURVIVOR_EXIT,LAST_SURVIVOR_TALLY_AT_CATEGORY_EXIT,12102,GRN,1425.0,0.11774913237481408,False
WA,329,Bullwinkel,ON,4,3,ALP>LNP>GRN,1,0,9011,41647,Trevor Mayes,ON,,9011,1.0,1.0,ON:9011,UNSPECIFIED:9011,OBSERVED_LAST_SURVIVOR_EXIT,LAST_SURVIVOR_TALLY_AT_CATEGORY_EXIT,12102,LNP,9527.0,0.7872252520244588,False
WA,329,Bullwinkel,ON,4,3,ALP>LNP>GRN,1,0,9011,41647,Trevor Mayes,ON,,9011,1.0,1.0,ON:9011,UNSPECIFIED:9011,PROPORTIONAL_PRIMARY_ORIGIN_PASS_THROUGH,ALL_CATEGORY_PRIMARY_VOTES_TRACED_PROPORTIONALLY,9011,ALP,856.2758221781525,0.09502561560072716,True
WA,329,Bullwinkel,ON,4,3,ALP>LNP>GRN,1,0,9011,41647,Trevor Mayes,ON,,9011,1.0,1.0,ON:9011,UNSPECIFIED:9011,PROPORTIONAL_PRIMARY_ORIGIN_PASS_THROUGH,ALL_CATEGORY_PRIMARY_VOTES_TRACED_PROPORTIONALLY,9011,GRN,1061.0374318294496,0.11774913237481408,True
WA,329,Bullwinkel,ON,4,3,ALP>LNP>GRN,1,0,9011,41647,Trevor Mayes,ON,,9011,1.0,1.0,ON:9011,UNSPECIFIED:9011,PROPORTIONAL_PRIMARY_ORIGIN_PASS_THROUGH,ALL_CATEGORY_PRIMARY_VOTES_TRACED_PROPORTIONALLY,9011,LNP,7093.686745992398,0.7872252520244588,True
WA,329,Bullwinkel,OTH,5,2,ALP>LNP>GRN>ON,2,1,8549,41720,Penelope Rose Young,OTH_HMP,CENTRE_LEFT,5262,0.6155105860334542,0.6155105860334542,OTH_HMP:5262|OTH_AUC:3287,CENTRE_LEFT:5262|RIGHT:3287,OBSERVED_LAST_SURVIVOR_EXIT,LAST_SURVIVOR_TALLY_AT_CATEGORY_EXIT,5473,ALP,1120.0,0.20464096473597662,False
WA,329,Bullwinkel,OTH,5,2,ALP>LNP>GRN>ON,2,1,8549,41720,Penelope Rose Young,OTH_HMP,CENTRE_LEFT,5262,0.6155105860334542,0.6155105860334542,OTH_HMP:5262|OTH_AUC:3287,CENTRE_LEFT:5262|RIGHT:3287,OBSERVED_LAST_SURVIVOR_EXIT,LAST_SURVIVOR_TALLY_AT_CATEGORY_EXIT,5473,GRN,1648.0,0.30111456239722273,False
WA,329,Bullwinkel,OTH,5,2,ALP>LNP>GRN>ON,2,1,8549,41720,Penelope Rose Young,OTH_HMP,CENTRE_LEFT,5262,0.6155105860334542,0.6155105860334542,OTH_HMP:5262|OTH_AUC:3287,CENTRE_LEFT:5262|RIGHT:3287,OBSERVED_LAST_SURVIVOR_EXIT,LAST_SURVIVOR_TALLY_AT_CATEGORY_EXIT,5473,LNP,1358.0,0.24812716974237164,False
WA,329,Bullwinkel,OTH,5,2,ALP>LNP>GRN>ON,2,1,8549,41720,Penelope Rose Young,OTH_HMP,CENTRE_LEFT,5262,0.6155105860334542,0.6155105860334542,OTH_HMP:5262|OTH_AUC:3287,CENTRE_LEFT:5262|RIGHT:3287,OBSERVED_LAST_SURVIVOR_EXIT,LAST_SURVIVOR_TALLY_AT_CATEGORY_EXIT,5473,ON,1347.0,0.246117303124429,False
WA,329,Bullwinkel,OTH,5,2,ALP>LNP>GRN>ON,2,1,8549,41720,Penelope Rose Young,OTH_HMP,CENTRE_LEFT,5262,0.6155105860334542,0.6155105860334542,OTH_HMP:5262|OTH_AUC:3287,CENTRE_LEFT:5262|RIGHT:3287,PROPORTIONAL_PRIMARY_ORIGIN_PASS_THROUGH,ALL_CATEGORY_PRIMARY_VOTES_TRACED_PROPORTIONALLY,8549,ALP,1345.0,0.1573283424961984,True
WA,329,Bullwinkel,OTH,5,2,ALP>LNP>GRN>ON,2,1,8549,41720,Penelope Rose Young,OTH_HMP,CENTRE_LEFT,5262,0.6155105860334542,0.6155105860334542,OTH_HMP:5262|OTH_AUC:3287,CENTRE_LEFT:5262|RIGHT:3287,PROPORTIONAL_PRIMARY_ORIGIN_PASS_THROUGH,ALL_CATEGORY_PRIMARY_VOTES_TRACED_PROPORTIONALLY,8549,GRN,1783.0,0.2085624049596444,True
WA,329,Bullwinkel,OTH,5,2,ALP>LNP>GRN>ON,2,1,8549,41720,Penelope Rose Young,OTH_HMP,CENTRE_LEFT,5262,0.6155105860334542,0.6155105860334542,OTH_HMP:5262|OTH_AUC:3287,CENTRE_LEFT:5262|RIGHT:3287,PROPORTIONAL_PRIMARY_ORIGIN_PASS_THROUGH,ALL_CATEGORY_PRIMARY_VOTES_TRACED_PROPORTIONALLY,8549,LNP,2330.0,0.2725464966662768,True
WA,329,Bullwinkel,OTH,5,2,ALP>LNP>GRN>ON,2,1,8549,41720,Penelope Rose Young,OTH_HMP,CENTRE_LEFT,5262,0.6155105860334542,0.6155105860334542,OTH_HMP:5262|OTH_AUC:3287,CENTRE_LEFT:5262|RIGHT:3287,PROPORTIONAL_PRIMARY_ORIGIN_PASS_THROUGH,ALL_CATEGORY_PRIMARY_VOTES_TRACED_PROPORTIONALLY,8549,ON,3091.0,0.36156275587788045,True
WA,317,Burt,ON,3,5,ALP>LNP,1,0,9789,41652,Liz Ierardi,ON,,9789,1.0,1.0,ON:9789,UNSPECIFIED:9789,OBSERVED_LAST_SURVIVOR_EXIT,LAST_SURVIVOR_TALLY_AT_CATEGORY_EXIT,15865,ALP,4653.0,0.29328710999054525,False
WA,317,Burt,ON,3,5,ALP>LNP,1,0,9789,41652,Liz Ierardi,ON,,9789,1.0,1.0,ON:9789,UNSPECIFIED:9789,OBSERVED_LAST_SURVIVOR_EXIT,LAST_SURVIVOR_TALLY_AT_CATEGORY_EXIT,15865,LNP,11212.0,0.7067128900094548,False
WA,317,Burt,ON,3,5,ALP>LNP,1,0,9789,41652,Liz Ierardi,ON,,9789,1.0,1.0,ON:9789,UNSPECIFIED:9789,PROPORTIONAL_PRIMARY_ORIGIN_PASS_THROUGH,ALL_CATEGORY_PRIMARY_VOTES_TRACED_PROPORTIONALLY,9789,ALP,2870.9875196974476,0.29328710999054525,True
WA,317,Burt,ON,3,5,ALP>LNP,1,0,9789,41652,Liz Ierardi,ON,,9789,1.0,1.0,ON:9789,UNSPECIFIED:9789,PROPORTIONAL_PRIMARY_ORIGIN_PASS_THROUGH,ALL_CATEGORY_PRIMARY_VOTES_TRACED_PROPORTIONALLY,9789,LNP,6918.012480302553,0.7067128900094548,True
WA,317,Burt,GRN,4,4,ALP>LNP>ON,1,0,11336,41726,Adam Abdul Razak,GRN,,11336,1.0,1.0,GRN:11336,UNSPECIFIED:11336,OBSERVED_LAST_SURVIVOR_EXIT,LAST_SURVIVOR_TALLY_AT_CATEGORY_EXIT,14004,ALP,10696.0,0.763781776635247,False
WA,317,Burt,GRN,4,4,ALP>LNP>ON,1,0,11336,41726,Adam Abdul Razak,GRN,,11336,1.0,1.0,GRN:11336,UNSPECIFIED:11336,OBSERVED_LAST_SURVIVOR_EXIT,LAST_SURVIVOR_TALLY_AT_CATEGORY_EXIT,14004,LNP,1535.0,0.10961153956012568,False
WA,317,Burt,GRN,4,4,ALP>LNP>ON,1,0,11336,41726,Adam Abdul Razak,GRN,,11336,1.0,1.0,GRN:11336,UNSPECIFIED:11336,OBSERVED_LAST_SURVIVOR_EXIT,LAST_SURVIVOR_TALLY_AT_CATEGORY_EXIT,14004,ON,1773.0,0.12660668380462725,False
WA,317,Burt,GRN,4,4,ALP>LNP>ON,1,0,11336,41726,Adam Abdul Razak,GRN,,11336,1.0,1.0,GRN:11336,UNSPECIFIED:11336,PROPORTIONAL_PRIMARY_ORIGIN_PASS_THROUGH,ALL_CATEGORY_PRIMARY_VOTES_TRACED_PROPORTIONALLY,11336,ALP,8658.23021993716,0.763781776635247,True
WA,317,Burt,GRN,4,4,ALP>LNP>ON,1,0,11336,41726,Adam Abdul Razak,GRN,,11336,1.0,1.0,GRN:11336,UNSPECIFIED:11336,PROPORTIONAL_PRIMARY_ORIGIN_PASS_THROUGH,ALL_CATEGORY_PRIMARY_VOTES_TRACED_PROPORTIONALLY,11336,LNP,1242.5564124535847,0.10961153956012568,True
WA,317,Burt,GRN,4,4,ALP>LNP>ON,1,0,11336,41726,Adam Abdul Razak,GRN,,11336,1.0,1.0,GRN:11336,UNSPECIFIED:11336,PROPORTIONAL_PRIMARY_ORIGIN_PASS_THROUGH,ALL_CATEGORY_PRIMARY_VOTES_TRACED_PROPORTIONALLY,11336,ON,1435.2133676092544,0.12660668380462725,True
WA,317,Burt,OTH,5,3,ALP>LNP>GRN>ON,3,2,12564,41727,Fiona Caruso,OTH_HMP,CENTRE_LEFT,5784,0.4603629417382999,0.4603629417382999,OTH_HMP:5784|OTH_AUC:4630|IND_MINOR:2150,CENTRE_LEFT:7934|RIGHT:4630,OBSERVED_LAST_SURVIVOR_EXIT,LAST_SURVIVOR_TALLY_AT_CATEGORY_EXIT,6645,ALP,2044.0,0.30759969902182094,False
WA,317,Burt,OTH,5,3,ALP>LNP>GRN>ON,3,2,12564,41727,Fiona Caruso,OTH_HMP,CENTRE_LEFT,5784,0.4603629417382999,0.4603629417382999,OTH_HMP:5784|OTH_AUC:4630|IND_MINOR:2150,CENTRE_LEFT:7934|RIGHT:4630,OBSERVED_LAST_SURVIVOR_EXIT,LAST_SURVIVOR_TALLY_AT_CATEGORY_EXIT,6645,GRN,2018.0,0.3036869826937547,False
WA,317,Burt,OTH,5,3,ALP>LNP>GRN>ON,3,2,12564,41727,Fiona Caruso,OTH_HMP,CENTRE_LEFT,5784,0.4603629417382999,0.4603629417382999,OTH_HMP:5784|OTH_AUC:4630|IND_MINOR:2150,CENTRE_LEFT:7934|RIGHT:4630,OBSERVED_LAST_SURVIVOR_EXIT,LAST_SURVIVOR_TALLY_AT_CATEGORY_EXIT,6645,LNP,767.0,0.11542513167795335,False
WA,317,Burt,OTH,5,3,ALP>LNP>GRN>ON,3,2,12564,41727,Fiona Caruso,OTH_HMP,CENTRE_LEFT,5784,0.4603629417382999,0.4603629417382999,OTH_HMP:5784|OTH_AUC:4630|IND_MINOR:2150,CENTRE_LEFT:7934|RIGHT:4630,OBSERVED_LAST_SURVIVOR_EXIT,LAST_SURVIVOR_TALLY_AT_CATEGORY_EXIT,6645,ON,1816.0,0.27328818660647103,False
WA,317,Burt,OTH,5,3,ALP>LNP>GRN>ON,3,2,12564,41727,Fiona Caruso,OTH_HMP,CENTRE_LEFT,5784,0.4603629417382999,0.4603629417382999,OTH_HMP:5784|OTH_AUC:4630|IND_MINOR:2150,CENTRE_LEFT:7934|RIGHT:4630,PROPORTIONAL_PRIMARY_ORIGIN_PASS_THROUGH,ALL_CATEGORY_PRIMARY_VOTES_TRACED_PROPORTIONALLY,12564,ALP,3373.0,0.2684654568608723,True
WA,317,Burt,OTH,5,3,ALP>LNP>GRN>ON,3,2,12564,41727,Fiona Caruso,OTH_HMP,CENTRE_LEFT,5784,0.4603629417382999,0.4603629417382999,OTH_HMP:5784|OTH_AUC:4630|IND_MINOR:2150,CENTRE_LEFT:7934|RIGHT:4630,PROPORTIONAL_PRIMARY_ORIGIN_PASS_THROUGH,ALL_CATEGORY_PRIMARY_VOTES_TRACED_PROPORTIONALLY,12564,GRN,2668.0,0.21235275390003183,True
WA,317,Burt,OTH,5,3,ALP>LNP>GRN>ON,3,2,12564,41727,Fiona Caruso,OTH_HMP,CENTRE_LEFT,5784,0.4603629417382999,0.4603629417382999,OTH_HMP:5784|OTH_AUC:4630|IND_MINOR:2150,CENTRE_LEFT:7934|RIGHT:4630,PROPORTIONAL_PRIMARY_ORIGIN_PASS_THROUGH,ALL_CATEGORY_PRIMARY_VOTES_TRACED_PROPORTIONALLY,12564,LNP,2220.0,0.1766953199617956,True
WA,317,Burt,OTH,5,3,ALP>LNP>GRN>ON,3,2,12564,41727,Fiona Caruso,OTH_HMP,CENTRE_LEFT,5784,0.4603629417382999,0.4603629417382999,OTH_HMP:5784|OTH_AUC:4630|IND_MINOR:2150,CENTRE_LEFT:7934|RIGHT:4630,PROPORTIONAL_PRIMARY_ORIGIN_PASS_THROUGH,ALL_CATEGORY_PRIMARY_VOTES_TRACED_PROPORTIONALLY,12564,ON,4303.0,0.3424864692773002,True
WA,236,Canning,ON,3,4,ALP>LNP,1,0,11488,41654,Fernando Bove,ON,,11488,1.0,1.0,ON:11488,UNSPECIFIED:11488,OBSERVED_LAST_SURVIVOR_EXIT,LAST_SURVIVOR_TALLY_AT_CATEGORY_EXIT,15819,ALP,4330.0,0.27372147417662307,False
WA,236,Canning,ON,3,4,ALP>LNP,1,0,11488,41654,Fernando Bove,ON,,11488,1.0,1.0,ON:11488,UNSPECIFIED:11488,OBSERVED_LAST_SURVIVOR_EXIT,LAST_SURVIVOR_TALLY_AT_CATEGORY_EXIT,15819,LNP,11489.0,0.7262785258233769,False
WA,236,Canning,ON,3,4,ALP>LNP,1,0,11488,41654,Fernando Bove,ON,,11488,1.0,1.0,ON:11488,UNSPECIFIED:11488,PROPORTIONAL_PRIMARY_ORIGIN_PASS_THROUGH,ALL_CATEGORY_PRIMARY_VOTES_TRACED_PROPORTIONALLY,11488,ALP,3144.512295341046,0.27372147417662307,True
WA,236,Canning,ON,3,4,ALP>LNP,1,0,11488,41654,Fernando Bove,ON,,11488,1.0,1.0,ON:11488,UNSPECIFIED:11488,PROPORTIONAL_PRIMARY_ORIGIN_PASS_THROUGH,ALL_CATEGORY_PRIMARY_VOTES_TRACED_PROPORTIONALLY,11488,LNP,8343.487704658954,0.7262785258233769,True
WA,236,Canning,GRN,4,3,ALP>LNP>ON,1,0,8967,41741,Jordan Cahill,GRN,,8967,1.0,1.0,GRN:8967,UNSPECIFIED:8967,OBSERVED_LAST_SURVIVOR_EXIT,LAST_SURVIVOR_TALLY_AT_CATEGORY_EXIT,11208,ALP,7708.0,0.6877230549607424,False
WA,236,Canning,GRN,4,3,ALP>LNP>ON,1,0,8967,41741,Jordan Cahill,GRN,,8967,1.0,1.0,GRN:8967,UNSPECIFIED:8967,OBSERVED_LAST_SURVIVOR_EXIT,LAST_SURVIVOR_TALLY_AT_CATEGORY_EXIT,11208,LNP,1427.0,0.1273197715917202,False
WA,236,Canning,GRN,4,3,ALP>LNP>ON,1,0,8967,41741,Jordan Cahill,GRN,,8967,1.0,1.0,GRN:8967,UNSPECIFIED:8967,OBSERVED_LAST_SURVIVOR_EXIT,LAST_SURVIVOR_TALLY_AT_CATEGORY_EXIT,11208,ON,2073.0,0.18495717344753748,False
WA,236,Canning,GRN,4,3,ALP>LNP>ON,1,0,8967,41741,Jordan Cahill,GRN,,8967,1.0,1.0,GRN:8967,UNSPECIFIED:8967,PROPORTIONAL_PRIMARY_ORIGIN_PASS_THROUGH,ALL_CATEGORY_PRIMARY_VOTES_TRACED_PROPORTIONALLY,8967,ALP,6166.812633832977,0.6877230549607424,True
WA,236,Canning,GRN,4,3,ALP>LNP>ON,1,0,8967,41741,Jordan Cahill,GRN,,8967,1.0,1.0,GRN:8967,UNSPECIFIED:8967,PROPORTIONAL_PRIMARY_ORIGIN_PASS_THROUGH,ALL_CATEGORY_PRIMARY_VOTES_TRACED_PROPORTIONALLY,8967,LNP,1141.676391862955,0.1273197715917202,True
WA,236,Canning,GRN,4,3,ALP>LNP>ON,1,0,8967,41741,Jordan Cahill,GRN,,8967,1.0,1.0,GRN:8967,UNSPECIFIED:8967,PROPORTIONAL_PRIMARY_ORIGIN_PASS_THROUGH,ALL_CATEGORY_PRIMARY_VOTES_TRACED_PROPORTIONALLY,8967,ON,1658.5109743040687,0.18495717344753748,True
WA,236,Canning,OTH,5,2,ALP>LNP>GRN>ON,2,1,7300,41732,Paul Gullan,OTH_HMP,CENTRE_LEFT,6216,0.8515068493150685,0.8515068493150685,OTH_HMP:6216|OTH_CEC:1084,CENTRE_LEFT:6216|CENTRE:1084,OBSERVED_LAST_SURVIVOR_EXIT,LAST_SURVIVOR_TALLY_AT_CATEGORY_EXIT,6582,ALP,1498.0,0.22759039805530235,False
WA,236,Canning,OTH,5,2,ALP>LNP>GRN>ON,2,1,7300,41732,Paul Gullan,OTH_HMP,CENTRE_LEFT,6216,0.8515068493150685,0.8515068493150685,OTH_HMP:6216|OTH_CEC:1084,CENTRE_LEFT:6216|CENTRE:1084,OBSERVED_LAST_SURVIVOR_EXIT,LAST_SURVIVOR_TALLY_AT_CATEGORY_EXIT,6582,GRN,2090.0,0.3175326648435126,False
WA,236,Canning,OTH,5,2,ALP>LNP>GRN>ON,2,1,7300,41732,Paul Gullan,OTH_HMP,CENTRE_LEFT,6216,0.8515068493150685,0.8515068493150685,OTH_HMP:6216|OTH_CEC:1084,CENTRE_LEFT:6216|CENTRE:1084,OBSERVED_LAST_SURVIVOR_EXIT,LAST_SURVIVOR_TALLY_AT_CATEGORY_EXIT,6582,LNP,1120.0,0.1701610452749924,False
WA,236,Canning,OTH,5,2,ALP>LNP>GRN>ON,2,1,7300,41732,Paul Gullan,OTH_HMP,CENTRE_LEFT,6216,0.8515068493150685,0.8515068493150685,OTH_HMP:6216|OTH_CEC:1084,CENTRE_LEFT:6216|CENTRE:1084,OBSERVED_LAST_SURVIVOR_EXIT,LAST_SURVIVOR_TALLY_AT_CATEGORY_EXIT,6582,ON,1874.0,0.28471589182619267,False
WA,236,Canning,OTH,5,2,ALP>LNP>GRN>ON,2,1,7300,41732,Paul Gullan,OTH_HMP,CENTRE_LEFT,6216,0.8515068493150685,0.8515068493150685,OTH_HMP:6216|OTH_CEC:1084,CENTRE_LEFT:6216|CENTRE:1084,PROPORTIONAL_PRIMARY_ORIGIN_PASS_THROUGH,ALL_CATEGORY_PRIMARY_VOTES_TRACED_PROPORTIONALLY,7300,ALP,1594.0,0.21835616438356165,True
WA,236,Canning,OTH,5,2,ALP>LNP>GRN>ON,2,1,7300,41732,Paul Gullan,OTH_HMP,CENTRE_LEFT,6216,0.8515068493150685,0.8515068493150685,OTH_HMP:6216|OTH_CEC:1084,CENTRE_LEFT:6216|CENTRE:1084,PROPORTIONAL_PRIMARY_ORIGIN_PASS_THROUGH,ALL_CATEGORY_PRIMARY_VOTES_TRACED_PROPORTIONALLY,7300,GRN,2241.0,0.306986301369863,True
WA,236,Canning,OTH,5,2,ALP>LNP>GRN>ON,2,1,7300,41732,Paul Gullan,OTH_HMP,CENTRE_LEFT,6216,0.8515068493150685,0.8515068493150685,OTH_HMP:6216|OTH_CEC:1084,CENTRE_LEFT:6216|CENTRE:1084,PROPORTIONAL_PRIMARY_ORIGIN_PASS_THROUGH,ALL_CATEGORY_PRIMARY_VOTES_TRACED_PROPORTIONALLY,7300,LNP,1207.0,0.16534246575342465,True
WA,236,Canning,OTH,5,2,ALP>LNP>GRN>ON,2,1,7300,41732,Paul Gullan,OTH_HMP,CENTRE_LEFT,6216,0.8515068493150685,0.8515068493150685,OTH_HMP:6216|OTH_CEC:1084,CENTRE_LEFT:6216|CENTRE:1084,PROPORTIONAL_PRIMARY_ORIGIN_PASS_THROUGH,ALL_CATEGORY_PRIMARY_VOTES_TRACED_PROPORTIONALLY,7300,ON,2258.0,0.30931506849315066,True
WA,237,Cowan,GRN,3,6,ALP>LNP,1,0,10367,41898,Matthew Count,GRN,,10367,1.0,1.0,GRN:10367,UNSPECIFIED:10367,OBSERVED_LAST_SURVIVOR_EXIT,LAST_SURVIVOR_TALLY_AT_CATEGORY_EXIT,16332,ALP,12292.0,0.7526328679892236,False
WA,237,Cowan,GRN,3,6,ALP>LNP,1,0,10367,41898,Matthew Count,GRN,,10367,1.0,1.0,GRN:10367,UNSPECIFIED:10367,OBSERVED_LAST_SURVIVOR_EXIT,LAST_SURVIVOR_TALLY_AT_CATEGORY_EXIT,16332,LNP,4040.0,0.2473671320107764,False
WA,237,Cowan,GRN,3,6,ALP>LNP,1,0,10367,41898,Matthew Count,GRN,,10367,1.0,1.0,GRN:10367,UNSPECIFIED:10367,PROPORTIONAL_PRIMARY_ORIGIN_PASS_THROUGH,ALL_CATEGORY_PRIMARY_VOTES_TRACED_PROPORTIONALLY,10367,ALP,7802.54494244428,0.7526328679892236,True
WA,237,Cowan,GRN,3,6,ALP>LNP,1,0,10367,41898,Matthew Count,GRN,,10367,1.0,1.0,GRN:10367,UNSPECIFIED:10367,PROPORTIONAL_PRIMARY_ORIGIN_PASS_THROUGH,ALL_CATEGORY_PRIMARY_VOTES_TRACED_PROPORTIONALLY,10367,LNP,2564.455057555719,0.24736713201077642,True
WA,237,Cowan,ON,4,5,ALP>LNP>GRN,1,0,4869,41655,Bradley Yates,ON,,4869,1.0,1.0,ON:4869,UNSPECIFIED:4869,OBSERVED_LAST_SURVIVOR_EXIT,LAST_SURVIVOR_TALLY_AT_CATEGORY_EXIT,8349,ALP,1516.0,0.18157863217151754,False
WA,237,Cowan,ON,4,5,ALP>LNP>GRN,1,0,4869,41655,Bradley Yates,ON,,4869,1.0,1.0,ON:4869,UNSPECIFIED:4869,OBSERVED_LAST_SURVIVOR_EXIT,LAST_SURVIVOR_TALLY_AT_CATEGORY_EXIT,8349,GRN,2061.0,0.24685591088753145,False
WA,237,Cowan,ON,4,5,ALP>LNP>GRN,1,0,4869,41655,Bradley Yates,ON,,4869,1.0,1.0,ON:4869,UNSPECIFIED:4869,OBSERVED_LAST_SURVIVOR_EXIT,LAST_SURVIVOR_TALLY_AT_CATEGORY_EXIT,8349,LNP,4772.0,0.5715654569409511,False
WA,237,Cowan,ON,4,5,ALP>LNP>GRN,1,0,4869,41655,Bradley Yates,ON,,4869,1.0,1.0,ON:4869,UNSPECIFIED:4869,PROPORTIONAL_PRIMARY_ORIGIN_PASS_THROUGH,ALL_CATEGORY_PRIMARY_VOTES_TRACED_PROPORTIONALLY,4869,ALP,884.1063600431189,0.18157863217151754,True
WA,237,Cowan,ON,4,5,ALP>LNP>GRN,1,0,4869,41655,Bradley Yates,ON,,4869,1.0,1.0,ON:4869,UNSPECIFIED:4869,PROPORTIONAL_PRIMARY_ORIGIN_PASS_THROUGH,ALL_CATEGORY_PRIMARY_VOTES_TRACED_PROPORTIONALLY,4869,GRN,1201.9414301113907,0.24685591088753145,True
WA,237,Cowan,ON,4,5,ALP>LNP>GRN,1,0,4869,41655,Bradley Yates,ON,,4869,1.0,1.0,ON:4869,UNSPECIFIED:4869,PROPORTIONAL_PRIMARY_ORIGIN_PASS_THROUGH,ALL_CATEGORY_PRIMARY_VOTES_TRACED_PROPORTIONALLY,4869,LNP,2782.952209845491,0.5715654569409511,True
WA,237,Cowan,OTH,5,4,ALP>LNP>GRN>ON,4,3,12846,41740,John Bell,OTH_HMP,CENTRE_LEFT,4103,0.3193990347189787,0.3193990347189787,OTH_HMP:4103|IND_MINOR:3417|OTH_AUC:3015|OTH_CYA:2311,RIGHT:5326|CENTRE_LEFT:4103|CENTRE:3417,OBSERVED_LAST_SURVIVOR_EXIT,LAST_SURVIVOR_TALLY_AT_CATEGORY_EXIT,5190,ALP,1178.0,0.22697495183044317,False
WA,237,Cowan,OTH,5,4,ALP>LNP>GRN>ON,4,3,12846,41740,John Bell,OTH_HMP,CENTRE_LEFT,4103,0.3193990347189787,0.3193990347189787,OTH_HMP:4103|IND_MINOR:3417|OTH_AUC:3015|OTH_CYA:2311,RIGHT:5326|CENTRE_LEFT:4103|CENTRE:3417,OBSERVED_LAST_SURVIVOR_EXIT,LAST_SURVIVOR_TALLY_AT_CATEGORY_EXIT,5190,GRN,1960.0,0.37764932562620424,False
WA,237,Cowan,OTH,5,4,ALP>LNP>GRN>ON,4,3,12846,41740,John Bell,OTH_HMP,CENTRE_LEFT,4103,0.3193990347189787,0.3193990347189787,OTH_HMP:4103|IND_MINOR:3417|OTH_AUC:3015|OTH_CYA:2311,RIGHT:5326|CENTRE_LEFT:4103|CENTRE:3417,OBSERVED_LAST_SURVIVOR_EXIT,LAST_SURVIVOR_TALLY_AT_CATEGORY_EXIT,5190,LNP,835.0,0.1608863198458574,False
WA,237,Cowan,OTH,5,4,ALP>LNP>GRN>ON,4,3,12846,41740,John Bell,OTH_HMP,CENTRE_LEFT,4103,0.3193990347189787,0.3193990347189787,OTH_HMP:4103|IND_MINOR:3417|OTH_AUC:3015|OTH_CYA:2311,RIGHT:5326|CENTRE_LEFT:4103|CENTRE:3417,OBSERVED_LAST_SURVIVOR_EXIT,LAST_SURVIVOR_TALLY_AT_CATEGORY_EXIT,5190,ON,1217.0,0.2344894026974952,False
WA,237,Cowan,OTH,5,4,ALP>LNP>GRN>ON,4,3,12846,41740,John Bell,OTH_HMP,CENTRE_LEFT,4103,0.3193990347189787,0.3193990347189787,OTH_HMP:4103|IND_MINOR:3417|OTH_AUC:3015|OTH_CYA:2311,RIGHT:5326|CENTRE_LEFT:4103|CENTRE:3417,PROPORTIONAL_PRIMARY_ORIGIN_PASS_THROUGH,ALL_CATEGORY_PRIMARY_VOTES_TRACED_PROPORTIONALLY,12846,ALP,2545.0,0.19811614510353417,True
WA,237,Cowan,OTH,5,4,ALP>LNP>GRN>ON,4,3,12846,41740,John Bell,OTH_HMP,CENTRE_LEFT,4103,0.3193990347189787,0.3193990347189787,OTH_HMP:4103|IND_MINOR:3417|OTH_AUC:3015|OTH_CYA:2311,RIGHT:5326|CENTRE_LEFT:4103|CENTRE:3417,PROPORTIONAL_PRIMARY_ORIGIN_PASS_THROUGH,ALL_CATEGORY_PRIMARY_VOTES_TRACED_PROPORTIONALLY,12846,GRN,3904.0000000000005,0.30390783123151177,True
WA,237,Cowan,OTH,5,4,ALP>LNP>GRN>ON,4,3,12846,41740,John Bell,OTH_HMP,CENTRE_LEFT,4103,0.3193990347189787,0.3193990347189787,OTH_HMP:4103|IND_MINOR:3417|OTH_AUC:3015|OTH_CYA:2311,RIGHT:5326|CENTRE_LEFT:4103|CENTRE:3417,PROPORTIONAL_PRIMARY_ORIGIN_PASS_THROUGH,ALL_CATEGORY_PRIMARY_VOTES_TRACED_PROPORTIONALLY,12846,LNP,2917.0,0.22707457574342207,True
WA,237,Cowan,OTH,5,4,ALP>LNP>GRN>ON,4,3,12846,41740,John Bell,OTH_HMP,CENTRE_LEFT,4103,0.3193990347189787,0.3193990347189787,OTH_HMP:4103|IND_MINOR:3417|OTH_AUC:3015|OTH_CYA:2311,RIGHT:5326|CENTRE_LEFT:4103|CENTRE:3417,PROPORTIONAL_PRIMARY_ORIGIN_PASS_THROUGH,ALL_CATEGORY_PRIMARY_VOTES_TRACED_PROPORTIONALLY,12846,ON,3480.0,0.270901447921532,True
WA,238,Curtin,ALP,3,4,LNP>IND,1,0,15626,41359,Viktor Andrew Ko,ALP,,15626,1.0,1.0,ALP:15626,UNSPECIFIED:15626,OBSERVED_LAST_SURVIVOR_EXIT,LAST_SURVIVOR_TALLY_AT_CATEGORY_EXIT,19919,IND,15869.0,0.7966765399869471,False
WA,238,Curtin,ALP,3,4,LNP>IND,1,0,15626,41359,Viktor Andrew Ko,ALP,,15626,1.0,1.0,ALP:15626,UNSPECIFIED:15626,OBSERVED_LAST_SURVIVOR_EXIT,LAST_SURVIVOR_TALLY_AT_CATEGORY_EXIT,19919,LNP,4050.0,0.20332346001305288,False
WA,238,Curtin,ALP,3,4,LNP>IND,1,0,15626,41359,Viktor Andrew Ko,ALP,,15626,1.0,1.0,ALP:15626,UNSPECIFIED:15626,PROPORTIONAL_PRIMARY_ORIGIN_PASS_THROUGH,ALL_CATEGORY_PRIMARY_VOTES_TRACED_PROPORTIONALLY,15626,IND,12448.867613836035,0.7966765399869471,True
WA,238,Curtin,ALP,3,4,LNP>IND,1,0,15626,41359,Viktor Andrew Ko,ALP,,15626,1.0,1.0,ALP:15626,UNSPECIFIED:15626,PROPORTIONAL_PRIMARY_ORIGIN_PASS_THROUGH,ALL_CATEGORY_PRIMARY_VOTES_TRACED_PROPORTIONALLY,15626,LNP,3177.1323861639644,0.20332346001305288,True
WA,238,Curtin,GRN,4,3,ALP>LNP>IND,1,0,8235,41755,Kitty Hemsley,GRN,,8235,1.0,1.0,GRN:8235,UNSPECIFIED:8235,OBSERVED_LAST_SURVIVOR_EXIT,LAST_SURVIVOR_TALLY_AT_CATEGORY_EXIT,9021,ALP,3575.0,0.396297527990245,False
WA,238,Curtin,GRN,4,3,ALP>LNP>IND,1,0,8235,41755,Kitty Hemsley,GRN,,8235,1.0,1.0,GRN:8235,UNSPECIFIED:8235,OBSERVED_LAST_SURVIVOR_EXIT,LAST_SURVIVOR_TALLY_AT_CATEGORY_EXIT,9021,IND,4884.0,0.5414033920851347,False
WA,238,Curtin,GRN,4,3,ALP>LNP>IND,1,0,8235,41755,Kitty Hemsley,GRN,,8235,1.0,1.0,GRN:8235,UNSPECIFIED:8235,OBSERVED_LAST_SURVIVOR_EXIT,LAST_SURVIVOR_TALLY_AT_CATEGORY_EXIT,9021,LNP,562.0,0.06229907992462033,False
WA,238,Curtin,GRN,4,3,ALP>LNP>IND,1,0,8235,41755,Kitty Hemsley,GRN,,8235,1.0,1.0,GRN:8235,UNSPECIFIED:8235,PROPORTIONAL_PRIMARY_ORIGIN_PASS_THROUGH,ALL_CATEGORY_PRIMARY_VOTES_TRACED_PROPORTIONALLY,8235,ALP,3263.5101429996676,0.396297527990245,True
WA,238,Curtin,GRN,4,3,ALP>LNP>IND,1,0,8235,41755,Kitty Hemsley,GRN,,8235,1.0,1.0,GRN:8235,UNSPECIFIED:8235,PROPORTIONAL_PRIMARY_ORIGIN_PASS_THROUGH,ALL_CATEGORY_PRIMARY_VOTES_TRACED_PROPORTIONALLY,8235,IND,4458.456933821084,0.5414033920851347,True
WA,238,Curtin,GRN,4,3,ALP>LNP>IND,1,0,8235,41755,Kitty Hemsley,GRN,,8235,1.0,1.0,GRN:8235,UNSPECIFIED:8235,PROPORTIONAL_PRIMARY_ORIGIN_PASS_THROUGH,ALL_CATEGORY_PRIMARY_VOTES_TRACED_PROPORTIONALLY,8235,LNP,513.0329231792484,0.06229907992462033,True
WA,238,Curtin,ON,5,2,ALP>LNP>GRN>IND,1,0,2731,41657,Alexander Ironside,ON,,2731,1.0,1.0,ON:2731,UNSPECIFIED:2731,OBSERVED_LAST_SURVIVOR_EXIT,LAST_SURVIVOR_TALLY_AT_CATEGORY_EXIT,3079,ALP,235.0,0.07632348164988632,False
WA,238,Curtin,ON,5,2,ALP>LNP>GRN>IND,1,0,2731,41657,Alexander Ironside,ON,,2731,1.0,1.0,ON:2731,UNSPECIFIED:2731,OBSERVED_LAST_SURVIVOR_EXIT,LAST_SURVIVOR_TALLY_AT_CATEGORY_EXIT,3079,GRN,197.0,0.06398181227671322,False
WA,238,Curtin,ON,5,2,ALP>LNP>GRN>IND,1,0,2731,41657,Alexander Ironside,ON,,2731,1.0,1.0,ON:2731,UNSPECIFIED:2731,OBSERVED_LAST_SURVIVOR_EXIT,LAST_SURVIVOR_TALLY_AT_CATEGORY_EXIT,3079,IND,829.0,0.2692432607989607,False
WA,238,Curtin,ON,5,2,ALP>LNP>GRN>IND,1,0,2731,41657,Alexander Ironside,ON,,2731,1.0,1.0,ON:2731,UNSPECIFIED:2731,OBSERVED_LAST_SURVIVOR_EXIT,LAST_SURVIVOR_TALLY_AT_CATEGORY_EXIT,3079,LNP,1818.0,0.5904514452744397,False
WA,238,Curtin,ON,5,2,ALP>LNP>GRN>IND,1,0,2731,41657,Alexander Ironside,ON,,2731,1.0,1.0,ON:2731,UNSPECIFIED:2731,PROPORTIONAL_PRIMARY_ORIGIN_PASS_THROUGH,ALL_CATEGORY_PRIMARY_VOTES_TRACED_PROPORTIONALLY,2731,ALP,208.43942838583956,0.07632348164988632,True
WA,238,Curtin,ON,5,2,ALP>LNP>GRN>IND,1,0,2731,41657,Alexander Ironside,ON,,2731,1.0,1.0,ON:2731,UNSPECIFIED:2731,PROPORTIONAL_PRIMARY_ORIGIN_PASS_THROUGH,ALL_CATEGORY_PRIMARY_VOTES_TRACED_PROPORTIONALLY,2731,GRN,174.73432932770382,0.06398181227671322,True
WA,238,Curtin,ON,5,2,ALP>LNP>GRN>IND,1,0,2731,41657,Alexander Ironside,ON,,2731,1.0,1.0,ON:2731,UNSPECIFIED:2731,PROPORTIONAL_PRIMARY_ORIGIN_PASS_THROUGH,ALL_CATEGORY_PRIMARY_VOTES_TRACED_PROPORTIONALLY,2731,IND,735.3033452419617,0.2692432607989607,True
WA,238,Curtin,ON,5,2,ALP>LNP>GRN>IND,1,0,2731,41657,Alexander Ironside,ON,,2731,1.0,1.0,ON:2731,UNSPECIFIED:2731,PROPORTIONAL_PRIMARY_ORIGIN_PASS_THROUGH,ALL_CATEGORY_PRIMARY_VOTES_TRACED_PROPORTIONALLY,2731,LNP,1612.5228970444948,0.5904514452744397,True
WA,238,Curtin,OTH,6,1,ALP>LNP>GRN>ON>IND,1,0,2368,42076,Fred Mulholland,OTH_HMP,CENTRE_LEFT,2368,1.0,1.0,OTH_HMP:2368,CENTRE_LEFT:2368,OBSERVED_LAST_SURVIVOR_EXIT,LAST_SURVIVOR_TALLY_AT_CATEGORY_EXIT,2368,ALP,483.0,0.2039695945945946,False
WA,238,Curtin,OTH,6,1,ALP>LNP>GRN>ON>IND,1,0,2368,42076,Fred Mulholland,OTH_HMP,CENTRE_LEFT,2368,1.0,1.0,OTH_HMP:2368,CENTRE_LEFT:2368,OBSERVED_LAST_SURVIVOR_EXIT,LAST_SURVIVOR_TALLY_AT_CATEGORY_EXIT,2368,GRN,589.0,0.24873310810810811,False
WA,238,Curtin,OTH,6,1,ALP>LNP>GRN>ON>IND,1,0,2368,42076,Fred Mulholland,OTH_HMP,CENTRE_LEFT,2368,1.0,1.0,OTH_HMP:2368,CENTRE_LEFT:2368,OBSERVED_LAST_SURVIVOR_EXIT,LAST_SURVIVOR_TALLY_AT_CATEGORY_EXIT,2368,IND,584.0,0.24662162162162163,False
WA,238,Curtin,OTH,6,1,ALP>LNP>GRN>ON>IND,1,0,2368,42076,Fred Mulholland,OTH_HMP,CENTRE_LEFT,2368,1.0,1.0,OTH_HMP:2368,CENTRE_LEFT:2368,OBSERVED_LAST_SURVIVOR_EXIT,LAST_SURVIVOR_TALLY_AT_CATEGORY_EXIT,2368,LNP,364.0,0.15371621621621623,False
WA,238,Curtin,OTH,6,1,ALP>LNP>GRN>ON>IND,1,0,2368,42076,Fred Mulholland,OTH_HMP,CENTRE_LEFT,2368,1.0,1.0,OTH_HMP:2368,CENTRE_LEFT:2368,OBSERVED_LAST_SURVIVOR_EXIT,LAST_SURVIVOR_TALLY_AT_CATEGORY_EXIT,2368,ON,348.0,0.14695945945945946,False
WA,238,Curtin,OTH,6,1,ALP>LNP>GRN>ON>IND,1,0,2368,42076,Fred Mulholland,OTH_HMP,CENTRE_LEFT,2368,1.0,1.0,OTH_HMP:2368,CENTRE_LEFT:2368,PROPORTIONAL_PRIMARY_ORIGIN_PASS_THROUGH,ALL_CATEGORY_PRIMARY_VOTES_TRACED_PROPORTIONALLY,2368,ALP,483.0,0.2039695945945946,True
WA,238,Curtin,OTH,6,1,ALP>LNP>GRN>ON>IND,1,0,2368,42076,Fred Mulholland,OTH_HMP,CENTRE_LEFT,2368,1.0,1.0,OTH_HMP:2368,CENTRE_LEFT:2368,PROPORTIONAL_PRIMARY_ORIGIN_PASS_THROUGH,ALL_CATEGORY_PRIMARY_VOTES_TRACED_PROPORTIONALLY,2368,GRN,589.0,0.24873310810810811,True
WA,238,Curtin,OTH,6,1,ALP>LNP>GRN>ON>IND,1,0,2368,42076,Fred Mulholland,OTH_HMP,CENTRE_LEFT,2368,1.0,1.0,OTH_HMP:2368,CENTRE_LEFT:2368,PROPORTIONAL_PRIMARY_ORIGIN_PASS_THROUGH,ALL_CATEGORY_PRIMARY_VOTES_TRACED_PROPORTIONALLY,2368,IND,584.0,0.24662162162162163,True
WA,238,Curtin,OTH,6,1,ALP>LNP>GRN>ON>IND,1,0,2368,42076,Fred Mulholland,OTH_HMP,CENTRE_LEFT,2368,1.0,1.0,OTH_HMP:2368,CENTRE_LEFT:2368,PROPORTIONAL_PRIMARY_ORIGIN_PASS_THROUGH,ALL_CATEGORY_PRIMARY_VOTES_TRACED_PROPORTIONALLY,2368,LNP,364.0,0.15371621621621623,True
WA,238,Curtin,OTH,6,1,ALP>LNP>GRN>ON>IND,1,0,2368,42076,Fred Mulholland,OTH_HMP,CENTRE_LEFT,2368,1.0,1.0,OTH_HMP:2368,CENTRE_LEFT:2368,PROPORTIONAL_PRIMARY_ORIGIN_PASS_THROUGH,ALL_CATEGORY_PRIMARY_VOTES_TRACED_PROPORTIONALLY,2368,ON,348.0,0.14695945945945946,True
WA,312,Durack,ON,3,6,ALP>LNP,1,0,8868,41659,Mark Berry,ON,,8868,1.0,1.0,ON:8868,UNSPECIFIED:8868,OBSERVED_LAST_SURVIVOR_EXIT,LAST_SURVIVOR_TALLY_AT_CATEGORY_EXIT,12739,ALP,1590.0,0.1248135646440066,False
WA,312,Durack,ON,3,6,ALP>LNP,1,0,8868,41659,Mark Berry,ON,,8868,1.0,1.0,ON:8868,UNSPECIFIED:8868,OBSERVED_LAST_SURVIVOR_EXIT,LAST_SURVIVOR_TALLY_AT_CATEGORY_EXIT,12739,LNP,11149.0,0.8751864353559934,False
WA,312,Durack,ON,3,6,ALP>LNP,1,0,8868,41659,Mark Berry,ON,,8868,1.0,1.0,ON:8868,UNSPECIFIED:8868,PROPORTIONAL_PRIMARY_ORIGIN_PASS_THROUGH,ALL_CATEGORY_PRIMARY_VOTES_TRACED_PROPORTIONALLY,8868,ALP,1106.8466912630506,0.12481356464400661,True
WA,312,Durack,ON,3,6,ALP>LNP,1,0,8868,41659,Mark Berry,ON,,8868,1.0,1.0,ON:8868,UNSPECIFIED:8868,PROPORTIONAL_PRIMARY_ORIGIN_PASS_THROUGH,ALL_CATEGORY_PRIMARY_VOTES_TRACED_PROPORTIONALLY,8868,LNP,7761.15330873695,0.8751864353559934,True
WA,312,Durack,GRN,4,5,ALP>LNP>ON,1,0,7196,41758,Brendan Sturcke,GRN,,7196,1.0,1.0,GRN:7196,UNSPECIFIED:7196,OBSERVED_LAST_SURVIVOR_EXIT,LAST_SURVIVOR_TALLY_AT_CATEGORY_EXIT,9362,ALP,6100.0,0.6515701773125401,False
WA,312,Durack,GRN,4,5,ALP>LNP>ON,1,0,7196,41758,Brendan Sturcke,GRN,,7196,1.0,1.0,GRN:7196,UNSPECIFIED:7196,OBSERVED_LAST_SURVIVOR_EXIT,LAST_SURVIVOR_TALLY_AT_CATEGORY_EXIT,9362,LNP,2424.0,0.2589190343943602,False
WA,312,Durack,GRN,4,5,ALP>LNP>ON,1,0,7196,41758,Brendan Sturcke,GRN,,7196,1.0,1.0,GRN:7196,UNSPECIFIED:7196,OBSERVED_LAST_SURVIVOR_EXIT,LAST_SURVIVOR_TALLY_AT_CATEGORY_EXIT,9362,ON,838.0,0.08951078829309976,False
WA,312,Durack,GRN,4,5,ALP>LNP>ON,1,0,7196,41758,Brendan Sturcke,GRN,,7196,1.0,1.0,GRN:7196,UNSPECIFIED:7196,PROPORTIONAL_PRIMARY_ORIGIN_PASS_THROUGH,ALL_CATEGORY_PRIMARY_VOTES_TRACED_PROPORTIONALLY,7196,ALP,4688.698995941038,0.6515701773125401,True
WA,312,Durack,GRN,4,5,ALP>LNP>ON,1,0,7196,41758,Brendan Sturcke,GRN,,7196,1.0,1.0,GRN:7196,UNSPECIFIED:7196,PROPORTIONAL_PRIMARY_ORIGIN_PASS_THROUGH,ALL_CATEGORY_PRIMARY_VOTES_TRACED_PROPORTIONALLY,7196,LNP,1863.1813715018156,0.25891903439436015,True
WA,312,Durack,GRN,4,5,ALP>LNP>ON,1,0,7196,41758,Brendan Sturcke,GRN,,7196,1.0,1.0,GRN:7196,UNSPECIFIED:7196,PROPORTIONAL_PRIMARY_ORIGIN_PASS_THROUGH,ALL_CATEGORY_PRIMARY_VOTES_TRACED_PROPORTIONALLY,7196,ON,644.1196325571459,0.08951078829309976,True
WA,312,Durack,OTH,5,4,ALP>LNP>GRN>ON,4,3,10423,41743,Kat Wright,OTH_HMP,CENTRE_LEFT,5239,0.50263839585532,0.50263839585532,OTH_HMP:5239|OTH_AUC:1880|OTH_IAP:1872|OTH_CYA:1432,CENTRE_LEFT:5239|RIGHT:3312|LEFT:1872,OBSERVED_LAST_SURVIVOR_EXIT,LAST_SURVIVOR_TALLY_AT_CATEGORY_EXIT,5991,ALP,1073.0,0.17910198631280252,False
WA,312,Durack,OTH,5,4,ALP>LNP>GRN>ON,4,3,10423,41743,Kat Wright,OTH_HMP,CENTRE_LEFT,5239,0.50263839585532,0.50263839585532,OTH_HMP:5239|OTH_AUC:1880|OTH_IAP:1872|OTH_CYA:1432,CENTRE_LEFT:5239|RIGHT:3312|LEFT:1872,OBSERVED_LAST_SURVIVOR_EXIT,LAST_SURVIVOR_TALLY_AT_CATEGORY_EXIT,5991,GRN,1466.0,0.24470038390919713,False
WA,312,Durack,OTH,5,4,ALP>LNP>GRN>ON,4,3,10423,41743,Kat Wright,OTH_HMP,CENTRE_LEFT,5239,0.50263839585532,0.50263839585532,OTH_HMP:5239|OTH_AUC:1880|OTH_IAP:1872|OTH_CYA:1432,CENTRE_LEFT:5239|RIGHT:3312|LEFT:1872,OBSERVED_LAST_SURVIVOR_EXIT,LAST_SURVIVOR_TALLY_AT_CATEGORY_EXIT,5991,LNP,2000.0,0.3338340844600234,False
WA,312,Durack,OTH,5,4,ALP>LNP>GRN>ON,4,3,10423,41743,Kat Wright,OTH_HMP,CENTRE_LEFT,5239,0.50263839585532,0.50263839585532,OTH_HMP:5239|OTH_AUC:1880|OTH_IAP:1872|OTH_CYA:1432,CENTRE_LEFT:5239|RIGHT:3312|LEFT:1872,OBSERVED_LAST_SURVIVOR_EXIT,LAST_SURVIVOR_TALLY_AT_CATEGORY_EXIT,5991,ON,1452.0,0.24236354531797696,False
WA,312,Durack,OTH,5,4,ALP>LNP>GRN>ON,4,3,10423,41743,Kat Wright,OTH_HMP,CENTRE_LEFT,5239,0.50263839585532,0.50263839585532,OTH_HMP:5239|OTH_AUC:1880|OTH_IAP:1872|OTH_CYA:1432,CENTRE_LEFT:5239|RIGHT:3312|LEFT:1872,PROPORTIONAL_PRIMARY_ORIGIN_PASS_THROUGH,ALL_CATEGORY_PRIMARY_VOTES_TRACED_PROPORTIONALLY,10423,ALP,1865.0,0.17893120982442676,True
WA,312,Durack,OTH,5,4,ALP>LNP>GRN>ON,4,3,10423,41743,Kat Wright,OTH_HMP,CENTRE_LEFT,5239,0.50263839585532,0.50263839585532,OTH_HMP:5239|OTH_AUC:1880|OTH_IAP:1872|OTH_CYA:1432,CENTRE_LEFT:5239|RIGHT:3312|LEFT:1872,PROPORTIONAL_PRIMARY_ORIGIN_PASS_THROUGH,ALL_CATEGORY_PRIMARY_VOTES_TRACED_PROPORTIONALLY,10423,GRN,2166.0,0.2078096517317471,True
WA,312,Durack,OTH,5,4,ALP>LNP>GRN>ON,4,3,10423,41743,Kat Wright,OTH_HMP,CENTRE_LEFT,5239,0.50263839585532,0.50263839585532,OTH_HMP:5239|OTH_AUC:1880|OTH_IAP:1872|OTH_CYA:1432,CENTRE_LEFT:5239|RIGHT:3312|LEFT:1872,PROPORTIONAL_PRIMARY_ORIGIN_PASS_THROUGH,ALL_CATEGORY_PRIMARY_VOTES_TRACED_PROPORTIONALLY,10423,LNP,3359.0,0.3222680610189005,True
WA,312,Durack,OTH,5,4,ALP>LNP>GRN>ON,4,3,10423,41743,Kat Wright,OTH_HMP,CENTRE_LEFT,5239,0.50263839585532,0.50263839585532,OTH_HMP:5239|OTH_AUC:1880|OTH_IAP:1872|OTH_CYA:1432,CENTRE_LEFT:5239|RIGHT:3312|LEFT:1872,PROPORTIONAL_PRIMARY_ORIGIN_PASS_THROUGH,ALL_CATEGORY_PRIMARY_VOTES_TRACED_PROPORTIONALLY,10423,ON,3033.0,0.29099107742492564,True
WA,239,Forrest,IND,3,6,ALP>LNP,1,0,18206,42105,Sue Chapman,IND_PROMINENT,CENTRE_LEFT,18206,1.0,1.0,IND_PROMINENT:18206,CENTRE_LEFT:18206,OBSERVED_LAST_SURVIVOR_EXIT,LAST_SURVIVOR_TALLY_AT_CATEGORY_EXIT,28233,ALP,18514.0,0.6557574469592321,False
WA,239,Forrest,IND,3,6,ALP>LNP,1,0,18206,42105,Sue Chapman,IND_PROMINENT,CENTRE_LEFT,18206,1.0,1.0,IND_PROMINENT:18206,CENTRE_LEFT:18206,OBSERVED_LAST_SURVIVOR_EXIT,LAST_SURVIVOR_TALLY_AT_CATEGORY_EXIT,28233,LNP,9719.0,0.3442425530407679,False
WA,239,Forrest,IND,3,6,ALP>LNP,1,0,18206,42105,Sue Chapman,IND_PROMINENT,CENTRE_LEFT,18206,1.0,1.0,IND_PROMINENT:18206,CENTRE_LEFT:18206,PROPORTIONAL_PRIMARY_ORIGIN_PASS_THROUGH,ALL_CATEGORY_PRIMARY_VOTES_TRACED_PROPORTIONALLY,18206,ALP,11938.72007933978,0.6557574469592321,True
WA,239,Forrest,IND,3,6,ALP>LNP,1,0,18206,42105,Sue Chapman,IND_PROMINENT,CENTRE_LEFT,18206,1.0,1.0,IND_PROMINENT:18206,CENTRE_LEFT:18206,PROPORTIONAL_PRIMARY_ORIGIN_PASS_THROUGH,ALL_CATEGORY_PRIMARY_VOTES_TRACED_PROPORTIONALLY,18206,LNP,6267.27992066022,0.3442425530407679,True
WA,239,Forrest,ON,4,5,ALP>LNP>IND,1,0,8670,41661,Paul Van Der Mey,ON,,8670,1.0,1.0,ON:8670,UNSPECIFIED:8670,OBSERVED_LAST_SURVIVOR_EXIT,LAST_SURVIVOR_TALLY_AT_CATEGORY_EXIT,12190,ALP,1175.0,0.09639048400328137,False
WA,239,Forrest,ON,4,5,ALP>LNP>IND,1,0,8670,41661,Paul Van Der Mey,ON,,8670,1.0,1.0,ON:8670,UNSPECIFIED:8670,OBSERVED_LAST_SURVIVOR_EXIT,LAST_SURVIVOR_TALLY_AT_CATEGORY_EXIT,12190,IND,4391.0,0.3602132895816243,False
WA,239,Forrest,ON,4,5,ALP>LNP>IND,1,0,8670,41661,Paul Van Der Mey,ON,,8670,1.0,1.0,ON:8670,UNSPECIFIED:8670,OBSERVED_LAST_SURVIVOR_EXIT,LAST_SURVIVOR_TALLY_AT_CATEGORY_EXIT,12190,LNP,6624.0,0.5433962264150943,False
WA,239,Forrest,ON,4,5,ALP>LNP>IND,1,0,8670,41661,Paul Van Der Mey,ON,,8670,1.0,1.0,ON:8670,UNSPECIFIED:8670,PROPORTIONAL_PRIMARY_ORIGIN_PASS_THROUGH,ALL_CATEGORY_PRIMARY_VOTES_TRACED_PROPORTIONALLY,8670,ALP,835.7054963084495,0.09639048400328137,True
WA,239,Forrest,ON,4,5,ALP>LNP>IND,1,0,8670,41661,Paul Van Der Mey,ON,,8670,1.0,1.0,ON:8670,UNSPECIFIED:8670,PROPORTIONAL_PRIMARY_ORIGIN_PASS_THROUGH,ALL_CATEGORY_PRIMARY_VOTES_TRACED_PROPORTIONALLY,8670,IND,3123.0492206726826,0.3602132895816243,True
WA,239,Forrest,ON,4,5,ALP>LNP>IND,1,0,8670,41661,Paul Van Der Mey,ON,,8670,1.0,1.0,ON:8670,UNSPECIFIED:8670,PROPORTIONAL_PRIMARY_ORIGIN_PASS_THROUGH,ALL_CATEGORY_PRIMARY_VOTES_TRACED_PROPORTIONALLY,8670,LNP,4711.245283018868,0.5433962264150943,True
WA,239,Forrest,GRN,5,4,ALP>LNP>ON>IND,1,0,7840,41777,Georgia Beardman,GRN,,7840,1.0,1.0,GRN:7840,UNSPECIFIED:7840,OBSERVED_LAST_SURVIVOR_EXIT,LAST_SURVIVOR_TALLY_AT_CATEGORY_EXIT,9287,ALP,4222.0,0.4546139765263271,False
WA,239,Forrest,GRN,5,4,ALP>LNP>ON>IND,1,0,7840,41777,Georgia Beardman,GRN,,7840,1.0,1.0,GRN:7840,UNSPECIFIED:7840,OBSERVED_LAST_SURVIVOR_EXIT,LAST_SURVIVOR_TALLY_AT_CATEGORY_EXIT,9287,IND,3828.0,0.4121890815117907,False
WA,239,Forrest,GRN,5,4,ALP>LNP>ON>IND,1,0,7840,41777,Georgia Beardman,GRN,,7840,1.0,1.0,GRN:7840,UNSPECIFIED:7840,OBSERVED_LAST_SURVIVOR_EXIT,LAST_SURVIVOR_TALLY_AT_CATEGORY_EXIT,9287,LNP,684.0,0.0736513405836115,False
WA,239,Forrest,GRN,5,4,ALP>LNP>ON>IND,1,0,7840,41777,Georgia Beardman,GRN,,7840,1.0,1.0,GRN:7840,UNSPECIFIED:7840,OBSERVED_LAST_SURVIVOR_EXIT,LAST_SURVIVOR_TALLY_AT_CATEGORY_EXIT,9287,ON,553.0,0.0595456013782707,False
WA,239,Forrest,GRN,5,4,ALP>LNP>ON>IND,1,0,7840,41777,Georgia Beardman,GRN,,7840,1.0,1.0,GRN:7840,UNSPECIFIED:7840,PROPORTIONAL_PRIMARY_ORIGIN_PASS_THROUGH,ALL_CATEGORY_PRIMARY_VOTES_TRACED_PROPORTIONALLY,7840,ALP,3564.1735759664048,0.4546139765263271,True
WA,239,Forrest,GRN,5,4,ALP>LNP>ON>IND,1,0,7840,41777,Georgia Beardman,GRN,,7840,1.0,1.0,GRN:7840,UNSPECIFIED:7840,PROPORTIONAL_PRIMARY_ORIGIN_PASS_THROUGH,ALL_CATEGORY_PRIMARY_VOTES_TRACED_PROPORTIONALLY,7840,IND,3231.562399052439,0.4121890815117907,True
WA,239,Forrest,GRN,5,4,ALP>LNP>ON>IND,1,0,7840,41777,Georgia Beardman,GRN,,7840,1.0,1.0,GRN:7840,UNSPECIFIED:7840,PROPORTIONAL_PRIMARY_ORIGIN_PASS_THROUGH,ALL_CATEGORY_PRIMARY_VOTES_TRACED_PROPORTIONALLY,7840,LNP,577.4265101755142,0.0736513405836115,True
WA,239,Forrest,GRN,5,4,ALP>LNP>ON>IND,1,0,7840,41777,Georgia Beardman,GRN,,7840,1.0,1.0,GRN:7840,UNSPECIFIED:7840,PROPORTIONAL_PRIMARY_ORIGIN_PASS_THROUGH,ALL_CATEGORY_PRIMARY_VOTES_TRACED_PROPORTIONALLY,7840,ON,466.8375148056423,0.0595456013782707,True
WA,239,Forrest,OTH,6,3,ALP>LNP>GRN>ON>IND,2,1,6536,41745,Aaron Peet,OTH_HMP,CENTRE_LEFT,5131,0.7850367197062423,0.7850367197062423,OTH_HMP:5131|OTH_CYA:1405,CENTRE_LEFT:5131|RIGHT:1405,OBSERVED_LAST_SURVIVOR_EXIT,LAST_SURVIVOR_TALLY_AT_CATEGORY_EXIT,5733,ALP,862.0,0.1503575789290075,False
WA,239,Forrest,OTH,6,3,ALP>LNP>GRN>ON>IND,2,1,6536,41745,Aaron Peet,OTH_HMP,CENTRE_LEFT,5131,0.7850367197062423,0.7850367197062423,OTH_HMP:5131|OTH_CYA:1405,CENTRE_LEFT:5131|RIGHT:1405,OBSERVED_LAST_SURVIVOR_EXIT,LAST_SURVIVOR_TALLY_AT_CATEGORY_EXIT,5733,GRN,1209.0,0.2108843537414966,False
WA,239,Forrest,OTH,6,3,ALP>LNP>GRN>ON>IND,2,1,6536,41745,Aaron Peet,OTH_HMP,CENTRE_LEFT,5131,0.7850367197062423,0.7850367197062423,OTH_HMP:5131|OTH_CYA:1405,CENTRE_LEFT:5131|RIGHT:1405,OBSERVED_LAST_SURVIVOR_EXIT,LAST_SURVIVOR_TALLY_AT_CATEGORY_EXIT,5733,IND,1203.0,0.2098377812663527,False
WA,239,Forrest,OTH,6,3,ALP>LNP>GRN>ON>IND,2,1,6536,41745,Aaron Peet,OTH_HMP,CENTRE_LEFT,5131,0.7850367197062423,0.7850367197062423,OTH_HMP:5131|OTH_CYA:1405,CENTRE_LEFT:5131|RIGHT:1405,OBSERVED_LAST_SURVIVOR_EXIT,LAST_SURVIVOR_TALLY_AT_CATEGORY_EXIT,5733,LNP,1039.0,0.18123146694575265,False
WA,239,Forrest,OTH,6,3,ALP>LNP>GRN>ON>IND,2,1,6536,41745,Aaron Peet,OTH_HMP,CENTRE_LEFT,5131,0.7850367197062423,0.7850367197062423,OTH_HMP:5131|OTH_CYA:1405,CENTRE_LEFT:5131|RIGHT:1405,OBSERVED_LAST_SURVIVOR_EXIT,LAST_SURVIVOR_TALLY_AT_CATEGORY_EXIT,5733,ON,1420.0,0.24768881911739055,False
WA,239,Forrest,OTH,6,3,ALP>LNP>GRN>ON>IND,2,1,6536,41745,Aaron Peet,OTH_HMP,CENTRE_LEFT,5131,0.7850367197062423,0.7850367197062423,OTH_HMP:5131|OTH_CYA:1405,CENTRE_LEFT:5131|RIGHT:1405,PROPORTIONAL_PRIMARY_ORIGIN_PASS_THROUGH,ALL_CATEGORY_PRIMARY_VOTES_TRACED_PROPORTIONALLY,6536,ALP,880.7666656469074,0.1347562217942025,True
WA,239,Forrest,OTH,6,3,ALP>LNP>GRN>ON>IND,2,1,6536,41745,Aaron Peet,OTH_HMP,CENTRE_LEFT,5131,0.7850367197062423,0.7850367197062423,OTH_HMP:5131|OTH_CYA:1405,CENTRE_LEFT:5131|RIGHT:1405,PROPORTIONAL_PRIMARY_ORIGIN_PASS_THROUGH,ALL_CATEGORY_PRIMARY_VOTES_TRACED_PROPORTIONALLY,6536,GRN,1200.2710367057698,0.1836399994959868,True
WA,239,Forrest,OTH,6,3,ALP>LNP>GRN>ON>IND,2,1,6536,41745,Aaron Peet,OTH_HMP,CENTRE_LEFT,5131,0.7850367197062423,0.7850367197062423,OTH_HMP:5131|OTH_CYA:1405,CENTRE_LEFT:5131|RIGHT:1405,PROPORTIONAL_PRIMARY_ORIGIN_PASS_THROUGH,ALL_CATEGORY_PRIMARY_VOTES_TRACED_PROPORTIONALLY,6536,IND,1277.880042941134,0.19551408245733384,True
WA,239,Forrest,OTH,6,3,ALP>LNP>GRN>ON>IND,2,1,6536,41745,Aaron Peet,OTH_HMP,CENTRE_LEFT,5131,0.7850367197062423,0.7850367197062423,OTH_HMP:5131|OTH_CYA:1405,CENTRE_LEFT:5131|RIGHT:1405,PROPORTIONAL_PRIMARY_ORIGIN_PASS_THROUGH,ALL_CATEGORY_PRIMARY_VOTES_TRACED_PROPORTIONALLY,6536,LNP,1137.3830544755378,0.1740182151890358,True
WA,239,Forrest,OTH,6,3,ALP>LNP>GRN>ON>IND,2,1,6536,41745,Aaron Peet,OTH_HMP,CENTRE_LEFT,5131,0.7850367197062423,0.7850367197062423,OTH_HMP:5131|OTH_CYA:1405,CENTRE_LEFT:5131|RIGHT:1405,PROPORTIONAL_PRIMARY_ORIGIN_PASS_THROUGH,ALL_CATEGORY_PRIMARY_VOTES_TRACED_PROPORTIONALLY,6536,ON,2039.699200230651,0.3120714810634411,True
WA,240,Fremantle,LNP,3,5,ALP>IND,1,0,19254,41256,Tait Marston,LIB,,19254,1.0,1.0,LIB:19254,UNSPECIFIED:19254,OBSERVED_LAST_SURVIVOR_EXIT,LAST_SURVIVOR_TALLY_AT_CATEGORY_EXIT,23174,ALP,5933.0,0.2560196772244757,False
WA,240,Fremantle,LNP,3,5,ALP>IND,1,0,19254,41256,Tait Marston,LIB,,19254,1.0,1.0,LIB:19254,UNSPECIFIED:19254,OBSERVED_LAST_SURVIVOR_EXIT,LAST_SURVIVOR_TALLY_AT_CATEGORY_EXIT,23174,IND,17241.0,0.7439803227755243,False
WA,240,Fremantle,LNP,3,5,ALP>IND,1,0,19254,41256,Tait Marston,LIB,,19254,1.0,1.0,LIB:19254,UNSPECIFIED:19254,PROPORTIONAL_PRIMARY_ORIGIN_PASS_THROUGH,ALL_CATEGORY_PRIMARY_VOTES_TRACED_PROPORTIONALLY,19254,ALP,4929.402865280055,0.2560196772244757,True
WA,240,Fremantle,LNP,3,5,ALP>IND,1,0,19254,41256,Tait Marston,LIB,,19254,1.0,1.0,LIB:19254,UNSPECIFIED:19254,PROPORTIONAL_PRIMARY_ORIGIN_PASS_THROUGH,ALL_CATEGORY_PRIMARY_VOTES_TRACED_PROPORTIONALLY,19254,IND,14324.597134719945,0.7439803227755243,True
WA,240,Fremantle,GRN,4,4,ALP>LNP>IND,1,0,11802,41789,Amy Warne,GRN,,11802,1.0,1.0,GRN:11802,UNSPECIFIED:11802,OBSERVED_LAST_SURVIVOR_EXIT,LAST_SURVIVOR_TALLY_AT_CATEGORY_EXIT,12788,ALP,5563.0,0.4350172036284016,False
WA,240,Fremantle,GRN,4,4,ALP>LNP>IND,1,0,11802,41789,Amy Warne,GRN,,11802,1.0,1.0,GRN:11802,UNSPECIFIED:11802,OBSERVED_LAST_SURVIVOR_EXIT,LAST_SURVIVOR_TALLY_AT_CATEGORY_EXIT,12788,IND,6565.0,0.5133719111667188,False
WA,240,Fremantle,GRN,4,4,ALP>LNP>IND,1,0,11802,41789,Amy Warne,GRN,,11802,1.0,1.0,GRN:11802,UNSPECIFIED:11802,OBSERVED_LAST_SURVIVOR_EXIT,LAST_SURVIVOR_TALLY_AT_CATEGORY_EXIT,12788,LNP,660.0,0.051610885204879574,False
WA,240,Fremantle,GRN,4,4,ALP>LNP>IND,1,0,11802,41789,Amy Warne,GRN,,11802,1.0,1.0,GRN:11802,UNSPECIFIED:11802,PROPORTIONAL_PRIMARY_ORIGIN_PASS_THROUGH,ALL_CATEGORY_PRIMARY_VOTES_TRACED_PROPORTIONALLY,11802,ALP,5134.073037222396,0.4350172036284016,True
WA,240,Fremantle,GRN,4,4,ALP>LNP>IND,1,0,11802,41789,Amy Warne,GRN,,11802,1.0,1.0,GRN:11802,UNSPECIFIED:11802,PROPORTIONAL_PRIMARY_ORIGIN_PASS_THROUGH,ALL_CATEGORY_PRIMARY_VOTES_TRACED_PROPORTIONALLY,11802,IND,6058.815295589615,0.5133719111667188,True
WA,240,Fremantle,GRN,4,4,ALP>LNP>IND,1,0,11802,41789,Amy Warne,GRN,,11802,1.0,1.0,GRN:11802,UNSPECIFIED:11802,PROPORTIONAL_PRIMARY_ORIGIN_PASS_THROUGH,ALL_CATEGORY_PRIMARY_VOTES_TRACED_PROPORTIONALLY,11802,LNP,609.1116671879887,0.051610885204879574,True
WA,240,Fremantle,ON,5,3,ALP>LNP>GRN>IND,1,0,6245,41708,Hannah Marriner,ON,,6245,1.0,1.0,ON:6245,UNSPECIFIED:6245,OBSERVED_LAST_SURVIVOR_EXIT,LAST_SURVIVOR_TALLY_AT_CATEGORY_EXIT,6604,ALP,558.0,0.08449424591156875,False
WA,240,Fremantle,ON,5,3,ALP>LNP>GRN>IND,1,0,6245,41708,Hannah Marriner,ON,,6245,1.0,1.0,ON:6245,UNSPECIFIED:6245,OBSERVED_LAST_SURVIVOR_EXIT,LAST_SURVIVOR_TALLY_AT_CATEGORY_EXIT,6604,GRN,458.0,0.0693519079345851,False
WA,240,Fremantle,ON,5,3,ALP>LNP>GRN>IND,1,0,6245,41708,Hannah Marriner,ON,,6245,1.0,1.0,ON:6245,UNSPECIFIED:6245,OBSERVED_LAST_SURVIVOR_EXIT,LAST_SURVIVOR_TALLY_AT_CATEGORY_EXIT,6604,IND,2443.0,0.36992731677771046,False
WA,240,Fremantle,ON,5,3,ALP>LNP>GRN>IND,1,0,6245,41708,Hannah Marriner,ON,,6245,1.0,1.0,ON:6245,UNSPECIFIED:6245,OBSERVED_LAST_SURVIVOR_EXIT,LAST_SURVIVOR_TALLY_AT_CATEGORY_EXIT,6604,LNP,3145.0,0.4762265293761357,False
WA,240,Fremantle,ON,5,3,ALP>LNP>GRN>IND,1,0,6245,41708,Hannah Marriner,ON,,6245,1.0,1.0,ON:6245,UNSPECIFIED:6245,PROPORTIONAL_PRIMARY_ORIGIN_PASS_THROUGH,ALL_CATEGORY_PRIMARY_VOTES_TRACED_PROPORTIONALLY,6245,ALP,527.6665657177468,0.08449424591156875,True
WA,240,Fremantle,ON,5,3,ALP>LNP>GRN>IND,1,0,6245,41708,Hannah Marriner,ON,,6245,1.0,1.0,ON:6245,UNSPECIFIED:6245,PROPORTIONAL_PRIMARY_ORIGIN_PASS_THROUGH,ALL_CATEGORY_PRIMARY_VOTES_TRACED_PROPORTIONALLY,6245,GRN,433.10266505148394,0.0693519079345851,True
WA,240,Fremantle,ON,5,3,ALP>LNP>GRN>IND,1,0,6245,41708,Hannah Marriner,ON,,6245,1.0,1.0,ON:6245,UNSPECIFIED:6245,PROPORTIONAL_PRIMARY_ORIGIN_PASS_THROUGH,ALL_CATEGORY_PRIMARY_VOTES_TRACED_PROPORTIONALLY,6245,IND,2310.196093276802,0.3699273167777105,True
WA,240,Fremantle,ON,5,3,ALP>LNP>GRN>IND,1,0,6245,41708,Hannah Marriner,ON,,6245,1.0,1.0,ON:6245,UNSPECIFIED:6245,PROPORTIONAL_PRIMARY_ORIGIN_PASS_THROUGH,ALL_CATEGORY_PRIMARY_VOTES_TRACED_PROPORTIONALLY,6245,LNP,2974.0346759539675,0.4762265293761357,True
WA,240,Fremantle,OTH,6,2,ALP>LNP>GRN>ON>IND,2,1,1902,40671,Joshua Last,OTH_SAL,LEFT,970,0.5099894847528917,0.5099894847528917,OTH_SAL:970|OTH_CEC:932,LEFT:970|CENTRE:932,OBSERVED_LAST_SURVIVOR_EXIT,LAST_SURVIVOR_TALLY_AT_CATEGORY_EXIT,1076,ALP,145.0,0.13475836431226765,False
WA,240,Fremantle,OTH,6,2,ALP>LNP>GRN>ON>IND,2,1,1902,40671,Joshua Last,OTH_SAL,LEFT,970,0.5099894847528917,0.5099894847528917,OTH_SAL:970|OTH_CEC:932,LEFT:970|CENTRE:932,OBSERVED_LAST_SURVIVOR_EXIT,LAST_SURVIVOR_TALLY_AT_CATEGORY_EXIT,1076,GRN,443.0,0.4117100371747212,False
WA,240,Fremantle,OTH,6,2,ALP>LNP>GRN>ON>IND,2,1,1902,40671,Joshua Last,OTH_SAL,LEFT,970,0.5099894847528917,0.5099894847528917,OTH_SAL:970|OTH_CEC:932,LEFT:970|CENTRE:932,OBSERVED_LAST_SURVIVOR_EXIT,LAST_SURVIVOR_TALLY_AT_CATEGORY_EXIT,1076,IND,299.0,0.2778810408921933,False
WA,240,Fremantle,OTH,6,2,ALP>LNP>GRN>ON>IND,2,1,1902,40671,Joshua Last,OTH_SAL,LEFT,970,0.5099894847528917,0.5099894847528917,OTH_SAL:970|OTH_CEC:932,LEFT:970|CENTRE:932,OBSERVED_LAST_SURVIVOR_EXIT,LAST_SURVIVOR_TALLY_AT_CATEGORY_EXIT,1076,LNP,34.0,0.031598513011152414,False
WA,240,Fremantle,OTH,6,2,ALP>LNP>GRN>ON>IND,2,1,1902,40671,Joshua Last,OTH_SAL,LEFT,970,0.5099894847528917,0.5099894847528917,OTH_SAL:970|OTH_CEC:932,LEFT:970|CENTRE:932,OBSERVED_LAST_SURVIVOR_EXIT,LAST_SURVIVOR_TALLY_AT_CATEGORY_EXIT,1076,ON,155.0,0.14405204460966542,False
WA,240,Fremantle,OTH,6,2,ALP>LNP>GRN>ON>IND,2,1,1902,40671,Joshua Last,OTH_SAL,LEFT,970,0.5099894847528917,0.5099894847528917,OTH_SAL:970|OTH_CEC:932,LEFT:970|CENTRE:932,PROPORTIONAL_PRIMARY_ORIGIN_PASS_THROUGH,ALL_CATEGORY_PRIMARY_VOTES_TRACED_PROPORTIONALLY,1902,ALP,284.0,0.14931650893796003,True
WA,240,Fremantle,OTH,6,2,ALP>LNP>GRN>ON>IND,2,1,1902,40671,Joshua Last,OTH_SAL,LEFT,970,0.5099894847528917,0.5099894847528917,OTH_SAL:970|OTH_CEC:932,LEFT:970|CENTRE:932,PROPORTIONAL_PRIMARY_ORIGIN_PASS_THROUGH,ALL_CATEGORY_PRIMARY_VOTES_TRACED_PROPORTIONALLY,1902,GRN,528.0,0.277602523659306,True
WA,240,Fremantle,OTH,6,2,ALP>LNP>GRN>ON>IND,2,1,1902,40671,Joshua Last,OTH_SAL,LEFT,970,0.5099894847528917,0.5099894847528917,OTH_SAL:970|OTH_CEC:932,LEFT:970|CENTRE:932,PROPORTIONAL_PRIMARY_ORIGIN_PASS_THROUGH,ALL_CATEGORY_PRIMARY_VOTES_TRACED_PROPORTIONALLY,1902,IND,616.0,0.323869610935857,True
WA,240,Fremantle,OTH,6,2,ALP>LNP>GRN>ON>IND,2,1,1902,40671,Joshua Last,OTH_SAL,LEFT,970,0.5099894847528917,0.5099894847528917,OTH_SAL:970|OTH_CEC:932,LEFT:970|CENTRE:932,PROPORTIONAL_PRIMARY_ORIGIN_PASS_THROUGH,ALL_CATEGORY_PRIMARY_VOTES_TRACED_PROPORTIONALLY,1902,LNP,115.0,0.06046267087276551,True
WA,240,Fremantle,OTH,6,2,ALP>LNP>GRN>ON>IND,2,1,1902,40671,Joshua Last,OTH_SAL,LEFT,970,0.5099894847528917,0.5099894847528917,OTH_SAL:970|OTH_CEC:932,LEFT:970|CENTRE:932,PROPORTIONAL_PRIMARY_ORIGIN_PASS_THROUGH,ALL_CATEGORY_PRIMARY_VOTES_TRACED_PROPORTIONALLY,1902,ON,359.0,0.18874868559411145,True
WA,305,Hasluck,GRN,3,5,ALP>LNP,1,0,11912,41794,Tamica Matson,GRN,,11912,1.0,1.0,GRN:11912,UNSPECIFIED:11912,OBSERVED_LAST_SURVIVOR_EXIT,LAST_SURVIVOR_TALLY_AT_CATEGORY_EXIT,16796,ALP,12934.0,0.7700643010240533,False
WA,305,Hasluck,GRN,3,5,ALP>LNP,1,0,11912,41794,Tamica Matson,GRN,,11912,1.0,1.0,GRN:11912,UNSPECIFIED:11912,OBSERVED_LAST_SURVIVOR_EXIT,LAST_SURVIVOR_TALLY_AT_CATEGORY_EXIT,16796,LNP,3862.0,0.22993569897594665,False
WA,305,Hasluck,GRN,3,5,ALP>LNP,1,0,11912,41794,Tamica Matson,GRN,,11912,1.0,1.0,GRN:11912,UNSPECIFIED:11912,PROPORTIONAL_PRIMARY_ORIGIN_PASS_THROUGH,ALL_CATEGORY_PRIMARY_VOTES_TRACED_PROPORTIONALLY,11912,ALP,9173.005953798523,0.7700643010240533,True
WA,305,Hasluck,GRN,3,5,ALP>LNP,1,0,11912,41794,Tamica Matson,GRN,,11912,1.0,1.0,GRN:11912,UNSPECIFIED:11912,PROPORTIONAL_PRIMARY_ORIGIN_PASS_THROUGH,ALL_CATEGORY_PRIMARY_VOTES_TRACED_PROPORTIONALLY,11912,LNP,2738.9940462014765,0.22993569897594665,True
WA,305,Hasluck,ON,4,4,ALP>LNP>GRN,1,0,7050,41712,Adrian Deeth,ON,,7050,1.0,1.0,ON:7050,UNSPECIFIED:7050,OBSERVED_LAST_SURVIVOR_EXIT,LAST_SURVIVOR_TALLY_AT_CATEGORY_EXIT,10079,ALP,1840.0,0.18255779343188808,False
WA,305,Hasluck,ON,4,4,ALP>LNP>GRN,1,0,7050,41712,Adrian Deeth,ON,,7050,1.0,1.0,ON:7050,UNSPECIFIED:7050,OBSERVED_LAST_SURVIVOR_EXIT,LAST_SURVIVOR_TALLY_AT_CATEGORY_EXIT,10079,GRN,2606.0,0.25855739656711973,False
WA,305,Hasluck,ON,4,4,ALP>LNP>GRN,1,0,7050,41712,Adrian Deeth,ON,,7050,1.0,1.0,ON:7050,UNSPECIFIED:7050,OBSERVED_LAST_SURVIVOR_EXIT,LAST_SURVIVOR_TALLY_AT_CATEGORY_EXIT,10079,LNP,5633.0,0.5588848100009922,False
WA,305,Hasluck,ON,4,4,ALP>LNP>GRN,1,0,7050,41712,Adrian Deeth,ON,,7050,1.0,1.0,ON:7050,UNSPECIFIED:7050,PROPORTIONAL_PRIMARY_ORIGIN_PASS_THROUGH,ALL_CATEGORY_PRIMARY_VOTES_TRACED_PROPORTIONALLY,7050,ALP,1287.032443694811,0.18255779343188808,True
WA,305,Hasluck,ON,4,4,ALP>LNP>GRN,1,0,7050,41712,Adrian Deeth,ON,,7050,1.0,1.0,ON:7050,UNSPECIFIED:7050,PROPORTIONAL_PRIMARY_ORIGIN_PASS_THROUGH,ALL_CATEGORY_PRIMARY_VOTES_TRACED_PROPORTIONALLY,7050,GRN,1822.8296457981942,0.25855739656711973,True
WA,305,Hasluck,ON,4,4,ALP>LNP>GRN,1,0,7050,41712,Adrian Deeth,ON,,7050,1.0,1.0,ON:7050,UNSPECIFIED:7050,PROPORTIONAL_PRIMARY_ORIGIN_PASS_THROUGH,ALL_CATEGORY_PRIMARY_VOTES_TRACED_PROPORTIONALLY,7050,LNP,3940.137910506995,0.5588848100009922,True
WA,305,Hasluck,OTH,5,3,ALP>LNP>GRN>ON,3,2,9213,41749,Leo Treasure,OTH_HMP,CENTRE_LEFT,4842,0.5255617062845979,0.5255617062845979,OTH_HMP:4842|OTH_AUC:2862|OTH_GAP:1509,CENTRE_LEFT:4842|RIGHT:4371,OBSERVED_LAST_SURVIVOR_EXIT,LAST_SURVIVOR_TALLY_AT_CATEGORY_EXIT,5278,ALP,1371.0,0.2597574838954149,False
WA,305,Hasluck,OTH,5,3,ALP>LNP>GRN>ON,3,2,9213,41749,Leo Treasure,OTH_HMP,CENTRE_LEFT,4842,0.5255617062845979,0.5255617062845979,OTH_HMP:4842|OTH_AUC:2862|OTH_GAP:1509,CENTRE_LEFT:4842|RIGHT:4371,OBSERVED_LAST_SURVIVOR_EXIT,LAST_SURVIVOR_TALLY_AT_CATEGORY_EXIT,5278,GRN,1848.0,0.35013262599469497,False
WA,305,Hasluck,OTH,5,3,ALP>LNP>GRN>ON,3,2,9213,41749,Leo Treasure,OTH_HMP,CENTRE_LEFT,4842,0.5255617062845979,0.5255617062845979,OTH_HMP:4842|OTH_AUC:2862|OTH_GAP:1509,CENTRE_LEFT:4842|RIGHT:4371,OBSERVED_LAST_SURVIVOR_EXIT,LAST_SURVIVOR_TALLY_AT_CATEGORY_EXIT,5278,LNP,835.0,0.1582038651004168,False
WA,305,Hasluck,OTH,5,3,ALP>LNP>GRN>ON,3,2,9213,41749,Leo Treasure,OTH_HMP,CENTRE_LEFT,4842,0.5255617062845979,0.5255617062845979,OTH_HMP:4842|OTH_AUC:2862|OTH_GAP:1509,CENTRE_LEFT:4842|RIGHT:4371,OBSERVED_LAST_SURVIVOR_EXIT,LAST_SURVIVOR_TALLY_AT_CATEGORY_EXIT,5278,ON,1224.0,0.2319060250094733,False
WA,305,Hasluck,OTH,5,3,ALP>LNP>GRN>ON,3,2,9213,41749,Leo Treasure,OTH_HMP,CENTRE_LEFT,4842,0.5255617062845979,0.5255617062845979,OTH_HMP:4842|OTH_AUC:2862|OTH_GAP:1509,CENTRE_LEFT:4842|RIGHT:4371,PROPORTIONAL_PRIMARY_ORIGIN_PASS_THROUGH,ALL_CATEGORY_PRIMARY_VOTES_TRACED_PROPORTIONALLY,9213,ALP,2062.0,0.22381417562140454,True
WA,305,Hasluck,OTH,5,3,ALP>LNP>GRN>ON,3,2,9213,41749,Leo Treasure,OTH_HMP,CENTRE_LEFT,4842,0.5255617062845979,0.5255617062845979,OTH_HMP:4842|OTH_AUC:2862|OTH_GAP:1509,CENTRE_LEFT:4842|RIGHT:4371,PROPORTIONAL_PRIMARY_ORIGIN_PASS_THROUGH,ALL_CATEGORY_PRIMARY_VOTES_TRACED_PROPORTIONALLY,9213,GRN,2278.0,0.24725930750027136,True
WA,305,Hasluck,OTH,5,3,ALP>LNP>GRN>ON,3,2,9213,41749,Leo Treasure,OTH_HMP,CENTRE_LEFT,4842,0.5255617062845979,0.5255617062845979,OTH_HMP:4842|OTH_AUC:2862|OTH_GAP:1509,CENTRE_LEFT:4842|RIGHT:4371,PROPORTIONAL_PRIMARY_ORIGIN_PASS_THROUGH,ALL_CATEGORY_PRIMARY_VOTES_TRACED_PROPORTIONALLY,9213,LNP,1844.0,0.20015195918810377,True
WA,305,Hasluck,OTH,5,3,ALP>LNP>GRN>ON,3,2,9213,41749,Leo Treasure,OTH_HMP,CENTRE_LEFT,4842,0.5255617062845979,0.5255617062845979,OTH_HMP:4842|OTH_AUC:2862|OTH_GAP:1509,CENTRE_LEFT:4842|RIGHT:4371,PROPORTIONAL_PRIMARY_ORIGIN_PASS_THROUGH,ALL_CATEGORY_PRIMARY_VOTES_TRACED_PROPORTIONALLY,9213,ON,3029.0,0.32877455769022035,True
WA,242,Moore,OTH,3,6,ALP>LNP,3,2,15029,36592,Ian Goodenough,OTH_UNAFFILIATED,UNKNOWN,10623,0.7068334553197152,0.7068334553197152,OTH_UNAFFILIATED:10623|OTH_AUC:2347|OTH_CYA:2059,UNKNOWN:10623|RIGHT:4406,OBSERVED_LAST_SURVIVOR_EXIT,LAST_SURVIVOR_TALLY_AT_CATEGORY_EXIT,17560,ALP,7988.0,0.4548974943052392,False
WA,242,Moore,OTH,3,6,ALP>LNP,3,2,15029,36592,Ian Goodenough,OTH_UNAFFILIATED,UNKNOWN,10623,0.7068334553197152,0.7068334553197152,OTH_UNAFFILIATED:10623|OTH_AUC:2347|OTH_CYA:2059,UNKNOWN:10623|RIGHT:4406,OBSERVED_LAST_SURVIVOR_EXIT,LAST_SURVIVOR_TALLY_AT_CATEGORY_EXIT,17560,LNP,9572.0,0.5451025056947608,False
WA,242,Moore,OTH,3,6,ALP>LNP,3,2,15029,36592,Ian Goodenough,OTH_UNAFFILIATED,UNKNOWN,10623,0.7068334553197152,0.7068334553197152,OTH_UNAFFILIATED:10623|OTH_AUC:2347|OTH_CYA:2059,UNKNOWN:10623|RIGHT:4406,PROPORTIONAL_PRIMARY_ORIGIN_PASS_THROUGH,ALL_CATEGORY_PRIMARY_VOTES_TRACED_PROPORTIONALLY,15029,ALP,6513.901324622302,0.43342213883973,True
WA,242,Moore,OTH,3,6,ALP>LNP,3,2,15029,36592,Ian Goodenough,OTH_UNAFFILIATED,UNKNOWN,10623,0.7068334553197152,0.7068334553197152,OTH_UNAFFILIATED:10623|OTH_AUC:2347|OTH_CYA:2059,UNKNOWN:10623|RIGHT:4406,PROPORTIONAL_PRIMARY_ORIGIN_PASS_THROUGH,ALL_CATEGORY_PRIMARY_VOTES_TRACED_PROPORTIONALLY,15029,LNP,8515.098675377698,0.56657786116027,True
WA,242,Moore,GRN,4,5,ALP>LNP>OTH,1,0,11877,41803,Scott Mccarthy,GRN,,11877,1.0,1.0,GRN:11877,UNSPECIFIED:11877,OBSERVED_LAST_SURVIVOR_EXIT,LAST_SURVIVOR_TALLY_AT_CATEGORY_EXIT,14857,ALP,10864.0,0.7312378003634651,False
WA,242,Moore,GRN,4,5,ALP>LNP>OTH,1,0,11877,41803,Scott Mccarthy,GRN,,11877,1.0,1.0,GRN:11877,UNSPECIFIED:11877,OBSERVED_LAST_SURVIVOR_EXIT,LAST_SURVIVOR_TALLY_AT_CATEGORY_EXIT,14857,LNP,1649.0,0.11099145184088309,False
WA,242,Moore,GRN,4,5,ALP>LNP>OTH,1,0,11877,41803,Scott Mccarthy,GRN,,11877,1.0,1.0,GRN:11877,UNSPECIFIED:11877,OBSERVED_LAST_SURVIVOR_EXIT,LAST_SURVIVOR_TALLY_AT_CATEGORY_EXIT,14857,OTH,2344.0,0.1577707477956519,False
WA,242,Moore,GRN,4,5,ALP>LNP>OTH,1,0,11877,41803,Scott Mccarthy,GRN,,11877,1.0,1.0,GRN:11877,UNSPECIFIED:11877,PROPORTIONAL_PRIMARY_ORIGIN_PASS_THROUGH,ALL_CATEGORY_PRIMARY_VOTES_TRACED_PROPORTIONALLY,11877,ALP,8684.911354916874,0.7312378003634651,True
WA,242,Moore,GRN,4,5,ALP>LNP>OTH,1,0,11877,41803,Scott Mccarthy,GRN,,11877,1.0,1.0,GRN:11877,UNSPECIFIED:11877,PROPORTIONAL_PRIMARY_ORIGIN_PASS_THROUGH,ALL_CATEGORY_PRIMARY_VOTES_TRACED_PROPORTIONALLY,11877,LNP,1318.2454735141685,0.11099145184088309,True
WA,242,Moore,GRN,4,5,ALP>LNP>OTH,1,0,11877,41803,Scott Mccarthy,GRN,,11877,1.0,1.0,GRN:11877,UNSPECIFIED:11877,PROPORTIONAL_PRIMARY_ORIGIN_PASS_THROUGH,ALL_CATEGORY_PRIMARY_VOTES_TRACED_PROPORTIONALLY,11877,OTH,1873.8431715689576,0.1577707477956519,True
WA,242,Moore,IND,5,4,ALP>LNP>GRN>OTH,1,0,6762,40666,Nathan Barton,IND_PROMINENT,CENTRE_LEFT,6762,1.0,1.0,IND_PROMINENT:6762,CENTRE_LEFT:6762,OBSERVED_LAST_SURVIVOR_EXIT,LAST_SURVIVOR_TALLY_AT_CATEGORY_EXIT,9115,ALP,2311.0,0.25353812397147557,False
WA,242,Moore,IND,5,4,ALP>LNP>GRN>OTH,1,0,6762,40666,Nathan Barton,IND_PROMINENT,CENTRE_LEFT,6762,1.0,1.0,IND_PROMINENT:6762,CENTRE_LEFT:6762,OBSERVED_LAST_SURVIVOR_EXIT,LAST_SURVIVOR_TALLY_AT_CATEGORY_EXIT,9115,GRN,2270.0,0.24904004388370818,False
WA,242,Moore,IND,5,4,ALP>LNP>GRN>OTH,1,0,6762,40666,Nathan Barton,IND_PROMINENT,CENTRE_LEFT,6762,1.0,1.0,IND_PROMINENT:6762,CENTRE_LEFT:6762,OBSERVED_LAST_SURVIVOR_EXIT,LAST_SURVIVOR_TALLY_AT_CATEGORY_EXIT,9115,LNP,1732.0,0.190016456390565,False
WA,242,Moore,IND,5,4,ALP>LNP>GRN>OTH,1,0,6762,40666,Nathan Barton,IND_PROMINENT,CENTRE_LEFT,6762,1.0,1.0,IND_PROMINENT:6762,CENTRE_LEFT:6762,OBSERVED_LAST_SURVIVOR_EXIT,LAST_SURVIVOR_TALLY_AT_CATEGORY_EXIT,9115,OTH,2802.0,0.30740537575425125,False
WA,242,Moore,IND,5,4,ALP>LNP>GRN>OTH,1,0,6762,40666,Nathan Barton,IND_PROMINENT,CENTRE_LEFT,6762,1.0,1.0,IND_PROMINENT:6762,CENTRE_LEFT:6762,PROPORTIONAL_PRIMARY_ORIGIN_PASS_THROUGH,ALL_CATEGORY_PRIMARY_VOTES_TRACED_PROPORTIONALLY,6762,ALP,1714.4247942951179,0.25353812397147557,True
WA,242,Moore,IND,5,4,ALP>LNP>GRN>OTH,1,0,6762,40666,Nathan Barton,IND_PROMINENT,CENTRE_LEFT,6762,1.0,1.0,IND_PROMINENT:6762,CENTRE_LEFT:6762,PROPORTIONAL_PRIMARY_ORIGIN_PASS_THROUGH,ALL_CATEGORY_PRIMARY_VOTES_TRACED_PROPORTIONALLY,6762,GRN,1684.0087767416346,0.24904004388370818,True
WA,242,Moore,IND,5,4,ALP>LNP>GRN>OTH,1,0,6762,40666,Nathan Barton,IND_PROMINENT,CENTRE_LEFT,6762,1.0,1.0,IND_PROMINENT:6762,CENTRE_LEFT:6762,PROPORTIONAL_PRIMARY_ORIGIN_PASS_THROUGH,ALL_CATEGORY_PRIMARY_VOTES_TRACED_PROPORTIONALLY,6762,LNP,1284.8912781130005,0.190016456390565,True
WA,242,Moore,IND,5,4,ALP>LNP>GRN>OTH,1,0,6762,40666,Nathan Barton,IND_PROMINENT,CENTRE_LEFT,6762,1.0,1.0,IND_PROMINENT:6762,CENTRE_LEFT:6762,PROPORTIONAL_PRIMARY_ORIGIN_PASS_THROUGH,ALL_CATEGORY_PRIMARY_VOTES_TRACED_PROPORTIONALLY,6762,OTH,2078.675150850247,0.30740537575425125,True
WA,242,Moore,ON,6,3,ALP>LNP>GRN>IND>OTH,1,0,4840,41715,Paul Fimognari,ON,,4840,1.0,1.0,ON:4840,UNSPECIFIED:4840,OBSERVED_LAST_SURVIVOR_EXIT,LAST_SURVIVOR_TALLY_AT_CATEGORY_EXIT,6857,ALP,374.0,0.054542802975061984,False
WA,242,Moore,ON,6,3,ALP>LNP>GRN>IND>OTH,1,0,4840,41715,Paul Fimognari,ON,,4840,1.0,1.0,ON:4840,UNSPECIFIED:4840,OBSERVED_LAST_SURVIVOR_EXIT,LAST_SURVIVOR_TALLY_AT_CATEGORY_EXIT,6857,GRN,489.0,0.07131398570803558,False
WA,242,Moore,ON,6,3,ALP>LNP>GRN>IND>OTH,1,0,4840,41715,Paul Fimognari,ON,,4840,1.0,1.0,ON:4840,UNSPECIFIED:4840,OBSERVED_LAST_SURVIVOR_EXIT,LAST_SURVIVOR_TALLY_AT_CATEGORY_EXIT,6857,IND,1814.0,0.2645471780662097,False
WA,242,Moore,ON,6,3,ALP>LNP>GRN>IND>OTH,1,0,4840,41715,Paul Fimognari,ON,,4840,1.0,1.0,ON:4840,UNSPECIFIED:4840,OBSERVED_LAST_SURVIVOR_EXIT,LAST_SURVIVOR_TALLY_AT_CATEGORY_EXIT,6857,LNP,2923.0,0.4262797141607117,False
WA,242,Moore,ON,6,3,ALP>LNP>GRN>IND>OTH,1,0,4840,41715,Paul Fimognari,ON,,4840,1.0,1.0,ON:4840,UNSPECIFIED:4840,OBSERVED_LAST_SURVIVOR_EXIT,LAST_SURVIVOR_TALLY_AT_CATEGORY_EXIT,6857,OTH,1257.0,0.18331631908998103,False
WA,242,Moore,ON,6,3,ALP>LNP>GRN>IND>OTH,1,0,4840,41715,Paul Fimognari,ON,,4840,1.0,1.0,ON:4840,UNSPECIFIED:4840,PROPORTIONAL_PRIMARY_ORIGIN_PASS_THROUGH,ALL_CATEGORY_PRIMARY_VOTES_TRACED_PROPORTIONALLY,4840,ALP,263.9871663993,0.054542802975061984,True
WA,242,Moore,ON,6,3,ALP>LNP>GRN>IND>OTH,1,0,4840,41715,Paul Fimognari,ON,,4840,1.0,1.0,ON:4840,UNSPECIFIED:4840,PROPORTIONAL_PRIMARY_ORIGIN_PASS_THROUGH,ALL_CATEGORY_PRIMARY_VOTES_TRACED_PROPORTIONALLY,4840,GRN,345.15969082689224,0.07131398570803558,True
WA,242,Moore,ON,6,3,ALP>LNP>GRN>IND>OTH,1,0,4840,41715,Paul Fimognari,ON,,4840,1.0,1.0,ON:4840,UNSPECIFIED:4840,PROPORTIONAL_PRIMARY_ORIGIN_PASS_THROUGH,ALL_CATEGORY_PRIMARY_VOTES_TRACED_PROPORTIONALLY,4840,IND,1280.408341840455,0.2645471780662097,True
WA,242,Moore,ON,6,3,ALP>LNP>GRN>IND>OTH,1,0,4840,41715,Paul Fimognari,ON,,4840,1.0,1.0,ON:4840,UNSPECIFIED:4840,PROPORTIONAL_PRIMARY_ORIGIN_PASS_THROUGH,ALL_CATEGORY_PRIMARY_VOTES_TRACED_PROPORTIONALLY,4840,LNP,2063.1938165378447,0.4262797141607117,True
WA,242,Moore,ON,6,3,ALP>LNP>GRN>IND>OTH,1,0,4840,41715,Paul Fimognari,ON,,4840,1.0,1.0,ON:4840,UNSPECIFIED:4840,PROPORTIONAL_PRIMARY_ORIGIN_PASS_THROUGH,ALL_CATEGORY_PRIMARY_VOTES_TRACED_PROPORTIONALLY,4840,OTH,887.2509843955082,0.18331631908998103,True
WA,243,O'Connor,ON,3,5,ALP>LNP,1,0,11053,41717,Gemma Johnston,ON,,11053,1.0,1.0,ON:11053,UNSPECIFIED:11053,OBSERVED_LAST_SURVIVOR_EXIT,LAST_SURVIVOR_TALLY_AT_CATEGORY_EXIT,15936,ALP,1725.0,0.10824548192771084,False
WA,243,O'Connor,ON,3,5,ALP>LNP,1,0,11053,41717,Gemma Johnston,ON,,11053,1.0,1.0,ON:11053,UNSPECIFIED:11053,OBSERVED_LAST_SURVIVOR_EXIT,LAST_SURVIVOR_TALLY_AT_CATEGORY_EXIT,15936,LNP,14211.0,0.8917545180722891,False
WA,243,O'Connor,ON,3,5,ALP>LNP,1,0,11053,41717,Gemma Johnston,ON,,11053,1.0,1.0,ON:11053,UNSPECIFIED:11053,PROPORTIONAL_PRIMARY_ORIGIN_PASS_THROUGH,ALL_CATEGORY_PRIMARY_VOTES_TRACED_PROPORTIONALLY,11053,ALP,1196.437311746988,0.10824548192771084,True
WA,243,O'Connor,ON,3,5,ALP>LNP,1,0,11053,41717,Gemma Johnston,ON,,11053,1.0,1.0,ON:11053,UNSPECIFIED:11053,PROPORTIONAL_PRIMARY_ORIGIN_PASS_THROUGH,ALL_CATEGORY_PRIMARY_VOTES_TRACED_PROPORTIONALLY,11053,LNP,9856.562688253012,0.8917545180722892,True
WA,243,O'Connor,GRN,4,4,ALP>LNP>ON,1,0,10014,41810,Giz Watson,GRN,,10014,1.0,1.0,GRN:10014,UNSPECIFIED:10014,OBSERVED_LAST_SURVIVOR_EXIT,LAST_SURVIVOR_TALLY_AT_CATEGORY_EXIT,12283,ALP,7690.0,0.6260685500284947,False
WA,243,O'Connor,GRN,4,4,ALP>LNP>ON,1,0,10014,41810,Giz Watson,GRN,,10014,1.0,1.0,GRN:10014,UNSPECIFIED:10014,OBSERVED_LAST_SURVIVOR_EXIT,LAST_SURVIVOR_TALLY_AT_CATEGORY_EXIT,12283,LNP,3753.0,0.30554424814784664,False
WA,243,O'Connor,GRN,4,4,ALP>LNP>ON,1,0,10014,41810,Giz Watson,GRN,,10014,1.0,1.0,GRN:10014,UNSPECIFIED:10014,OBSERVED_LAST_SURVIVOR_EXIT,LAST_SURVIVOR_TALLY_AT_CATEGORY_EXIT,12283,ON,840.0,0.06838720182365872,False
WA,243,O'Connor,GRN,4,4,ALP>LNP>ON,1,0,10014,41810,Giz Watson,GRN,,10014,1.0,1.0,GRN:10014,UNSPECIFIED:10014,PROPORTIONAL_PRIMARY_ORIGIN_PASS_THROUGH,ALL_CATEGORY_PRIMARY_VOTES_TRACED_PROPORTIONALLY,10014,ALP,6269.450459985346,0.6260685500284947,True
WA,243,O'Connor,GRN,4,4,ALP>LNP>ON,1,0,10014,41810,Giz Watson,GRN,,10014,1.0,1.0,GRN:10014,UNSPECIFIED:10014,PROPORTIONAL_PRIMARY_ORIGIN_PASS_THROUGH,ALL_CATEGORY_PRIMARY_VOTES_TRACED_PROPORTIONALLY,10014,LNP,3059.720100952536,0.30554424814784664,True
WA,243,O'Connor,GRN,4,4,ALP>LNP>ON,1,0,10014,41810,Giz Watson,GRN,,10014,1.0,1.0,GRN:10014,UNSPECIFIED:10014,PROPORTIONAL_PRIMARY_ORIGIN_PASS_THROUGH,ALL_CATEGORY_PRIMARY_VOTES_TRACED_PROPORTIONALLY,10014,ON,684.8294390621185,0.06838720182365872,True
WA,243,O'Connor,OTH,5,3,ALP>LNP>GRN>ON,3,2,10668,41759,Philip Arnatt,OTH_HMP,CENTRE_LEFT,5394,0.5056242969628797,0.5056242969628797,OTH_HMP:5394|OTH_AUC:3077|OTH_CYA:2197,CENTRE_LEFT:5394|RIGHT:5274,OBSERVED_LAST_SURVIVOR_EXIT,LAST_SURVIVOR_TALLY_AT_CATEGORY_EXIT,5876,ALP,947.0,0.1611640571817563,False
WA,243,O'Connor,OTH,5,3,ALP>LNP>GRN>ON,3,2,10668,41759,Philip Arnatt,OTH_HMP,CENTRE_LEFT,5394,0.5056242969628797,0.5056242969628797,OTH_HMP:5394|OTH_AUC:3077|OTH_CYA:2197,CENTRE_LEFT:5394|RIGHT:5274,OBSERVED_LAST_SURVIVOR_EXIT,LAST_SURVIVOR_TALLY_AT_CATEGORY_EXIT,5876,GRN,1729.0,0.2942477876106195,False
WA,243,O'Connor,OTH,5,3,ALP>LNP>GRN>ON,3,2,10668,41759,Philip Arnatt,OTH_HMP,CENTRE_LEFT,5394,0.5056242969628797,0.5056242969628797,OTH_HMP:5394|OTH_AUC:3077|OTH_CYA:2197,CENTRE_LEFT:5394|RIGHT:5274,OBSERVED_LAST_SURVIVOR_EXIT,LAST_SURVIVOR_TALLY_AT_CATEGORY_EXIT,5876,LNP,1688.0,0.28727025187202176,False
WA,243,O'Connor,OTH,5,3,ALP>LNP>GRN>ON,3,2,10668,41759,Philip Arnatt,OTH_HMP,CENTRE_LEFT,5394,0.5056242969628797,0.5056242969628797,OTH_HMP:5394|OTH_AUC:3077|OTH_CYA:2197,CENTRE_LEFT:5394|RIGHT:5274,OBSERVED_LAST_SURVIVOR_EXIT,LAST_SURVIVOR_TALLY_AT_CATEGORY_EXIT,5876,ON,1512.0,0.25731790333560245,False
WA,243,O'Connor,OTH,5,3,ALP>LNP>GRN>ON,3,2,10668,41759,Philip Arnatt,OTH_HMP,CENTRE_LEFT,5394,0.5056242969628797,0.5056242969628797,OTH_HMP:5394|OTH_AUC:3077|OTH_CYA:2197,CENTRE_LEFT:5394|RIGHT:5274,PROPORTIONAL_PRIMARY_ORIGIN_PASS_THROUGH,ALL_CATEGORY_PRIMARY_VOTES_TRACED_PROPORTIONALLY,10668,ALP,1195.0,0.1120172478440195,True
WA,243,O'Connor,OTH,5,3,ALP>LNP>GRN>ON,3,2,10668,41759,Philip Arnatt,OTH_HMP,CENTRE_LEFT,5394,0.5056242969628797,0.5056242969628797,OTH_HMP:5394|OTH_AUC:3077|OTH_CYA:2197,CENTRE_LEFT:5394|RIGHT:5274,PROPORTIONAL_PRIMARY_ORIGIN_PASS_THROUGH,ALL_CATEGORY_PRIMARY_VOTES_TRACED_PROPORTIONALLY,10668,GRN,2269.0,0.21269216347956504,True
WA,243,O'Connor,OTH,5,3,ALP>LNP>GRN>ON,3,2,10668,41759,Philip Arnatt,OTH_HMP,CENTRE_LEFT,5394,0.5056242969628797,0.5056242969628797,OTH_HMP:5394|OTH_AUC:3077|OTH_CYA:2197,CENTRE_LEFT:5394|RIGHT:5274,PROPORTIONAL_PRIMARY_ORIGIN_PASS_THROUGH,ALL_CATEGORY_PRIMARY_VOTES_TRACED_PROPORTIONALLY,10668,LNP,3161.0,0.2963067116610424,True
WA,243,O'Connor,OTH,5,3,ALP>LNP>GRN>ON,3,2,10668,41759,Philip Arnatt,OTH_HMP,CENTRE_LEFT,5394,0.5056242969628797,0.5056242969628797,OTH_HMP:5394|OTH_AUC:3077|OTH_CYA:2197,CENTRE_LEFT:5394|RIGHT:5274,PROPORTIONAL_PRIMARY_ORIGIN_PASS_THROUGH,ALL_CATEGORY_PRIMARY_VOTES_TRACED_PROPORTIONALLY,10668,ON,4043.0,0.37898387701537306,True
WA,244,Pearce,GRN,3,4,ALP>LNP,1,0,11640,41819,Nicholas D'Alonzo,GRN,,11640,1.0,1.0,GRN:11640,UNSPECIFIED:11640,OBSERVED_LAST_SURVIVOR_EXIT,LAST_SURVIVOR_TALLY_AT_CATEGORY_EXIT,17864,ALP,12271.0,0.6869122257053292,False
WA,244,Pearce,GRN,3,4,ALP>LNP,1,0,11640,41819,Nicholas D'Alonzo,GRN,,11640,1.0,1.0,GRN:11640,UNSPECIFIED:11640,OBSERVED_LAST_SURVIVOR_EXIT,LAST_SURVIVOR_TALLY_AT_CATEGORY_EXIT,17864,LNP,5593.0,0.31308777429467083,False
WA,244,Pearce,GRN,3,4,ALP>LNP,1,0,11640,41819,Nicholas D'Alonzo,GRN,,11640,1.0,1.0,GRN:11640,UNSPECIFIED:11640,PROPORTIONAL_PRIMARY_ORIGIN_PASS_THROUGH,ALL_CATEGORY_PRIMARY_VOTES_TRACED_PROPORTIONALLY,11640,ALP,7995.658307210031,0.6869122257053292,True
WA,244,Pearce,GRN,3,4,ALP>LNP,1,0,11640,41819,Nicholas D'Alonzo,GRN,,11640,1.0,1.0,GRN:11640,UNSPECIFIED:11640,PROPORTIONAL_PRIMARY_ORIGIN_PASS_THROUGH,ALL_CATEGORY_PRIMARY_VOTES_TRACED_PROPORTIONALLY,11640,LNP,3644.3416927899684,0.31308777429467083,True
WA,244,Pearce,ON,4,3,ALP>LNP>GRN,1,0,9089,41723,John Burton,ON,,9089,1.0,1.0,ON:9089,UNSPECIFIED:9089,OBSERVED_LAST_SURVIVOR_EXIT,LAST_SURVIVOR_TALLY_AT_CATEGORY_EXIT,11878,ALP,1967.0,0.16560026940562383,False
WA,244,Pearce,ON,4,3,ALP>LNP>GRN,1,0,9089,41723,John Burton,ON,,9089,1.0,1.0,ON:9089,UNSPECIFIED:9089,OBSERVED_LAST_SURVIVOR_EXIT,LAST_SURVIVOR_TALLY_AT_CATEGORY_EXIT,11878,GRN,3194.0,0.2689004882976932,False
WA,244,Pearce,ON,4,3,ALP>LNP>GRN,1,0,9089,41723,John Burton,ON,,9089,1.0,1.0,ON:9089,UNSPECIFIED:9089,OBSERVED_LAST_SURVIVOR_EXIT,LAST_SURVIVOR_TALLY_AT_CATEGORY_EXIT,11878,LNP,6717.0,0.5654992422966829,False
WA,244,Pearce,ON,4,3,ALP>LNP>GRN,1,0,9089,41723,John Burton,ON,,9089,1.0,1.0,ON:9089,UNSPECIFIED:9089,PROPORTIONAL_PRIMARY_ORIGIN_PASS_THROUGH,ALL_CATEGORY_PRIMARY_VOTES_TRACED_PROPORTIONALLY,9089,ALP,1505.140848627715,0.16560026940562383,True
WA,244,Pearce,ON,4,3,ALP>LNP>GRN,1,0,9089,41723,John Burton,ON,,9089,1.0,1.0,ON:9089,UNSPECIFIED:9089,PROPORTIONAL_PRIMARY_ORIGIN_PASS_THROUGH,ALL_CATEGORY_PRIMARY_VOTES_TRACED_PROPORTIONALLY,9089,GRN,2444.0365381377333,0.2689004882976932,True
WA,244,Pearce,ON,4,3,ALP>LNP>GRN,1,0,9089,41723,John Burton,ON,,9089,1.0,1.0,ON:9089,UNSPECIFIED:9089,PROPORTIONAL_PRIMARY_ORIGIN_PASS_THROUGH,ALL_CATEGORY_PRIMARY_VOTES_TRACED_PROPORTIONALLY,9089,LNP,5139.822613234551,0.5654992422966829,True
WA,244,Pearce,OTH,5,2,ALP>LNP>GRN>ON,2,1,10082,41764,Ramon Granados Rangel,OTH_HMP,CENTRE_LEFT,6777,0.6721880579250149,0.6721880579250149,OTH_HMP:6777|OTH_AUC:3305,CENTRE_LEFT:6777|RIGHT:3305,OBSERVED_LAST_SURVIVOR_EXIT,LAST_SURVIVOR_TALLY_AT_CATEGORY_EXIT,7093,ALP,1474.0,0.2078105174115325,False
WA,244,Pearce,OTH,5,2,ALP>LNP>GRN>ON,2,1,10082,41764,Ramon Granados Rangel,OTH_HMP,CENTRE_LEFT,6777,0.6721880579250149,0.6721880579250149,OTH_HMP:6777|OTH_AUC:3305,CENTRE_LEFT:6777|RIGHT:3305,OBSERVED_LAST_SURVIVOR_EXIT,LAST_SURVIVOR_TALLY_AT_CATEGORY_EXIT,7093,GRN,2815.0,0.396870153672635,False
WA,244,Pearce,OTH,5,2,ALP>LNP>GRN>ON,2,1,10082,41764,Ramon Granados Rangel,OTH_HMP,CENTRE_LEFT,6777,0.6721880579250149,0.6721880579250149,OTH_HMP:6777|OTH_AUC:3305,CENTRE_LEFT:6777|RIGHT:3305,OBSERVED_LAST_SURVIVOR_EXIT,LAST_SURVIVOR_TALLY_AT_CATEGORY_EXIT,7093,LNP,1108.0,0.15621034823064994,False
WA,244,Pearce,OTH,5,2,ALP>LNP>GRN>ON,2,1,10082,41764,Ramon Granados Rangel,OTH_HMP,CENTRE_LEFT,6777,0.6721880579250149,0.6721880579250149,OTH_HMP:6777|OTH_AUC:3305,CENTRE_LEFT:6777|RIGHT:3305,OBSERVED_LAST_SURVIVOR_EXIT,LAST_SURVIVOR_TALLY_AT_CATEGORY_EXIT,7093,ON,1696.0,0.23910898068518258,False
WA,244,Pearce,OTH,5,2,ALP>LNP>GRN>ON,2,1,10082,41764,Ramon Granados Rangel,OTH_HMP,CENTRE_LEFT,6777,0.6721880579250149,0.6721880579250149,OTH_HMP:6777|OTH_AUC:3305,CENTRE_LEFT:6777|RIGHT:3305,PROPORTIONAL_PRIMARY_ORIGIN_PASS_THROUGH,ALL_CATEGORY_PRIMARY_VOTES_TRACED_PROPORTIONALLY,10082,ALP,1819.0,0.18042055147788139,True
WA,244,Pearce,OTH,5,2,ALP>LNP>GRN>ON,2,1,10082,41764,Ramon Granados Rangel,OTH_HMP,CENTRE_LEFT,6777,0.6721880579250149,0.6721880579250149,OTH_HMP:6777|OTH_AUC:3305,CENTRE_LEFT:6777|RIGHT:3305,PROPORTIONAL_PRIMARY_ORIGIN_PASS_THROUGH,ALL_CATEGORY_PRIMARY_VOTES_TRACED_PROPORTIONALLY,10082,GRN,3030.0,0.30053560801428286,True
WA,244,Pearce,OTH,5,2,ALP>LNP>GRN>ON,2,1,10082,41764,Ramon Granados Rangel,OTH_HMP,CENTRE_LEFT,6777,0.6721880579250149,0.6721880579250149,OTH_HMP:6777|OTH_AUC:3305,CENTRE_LEFT:6777|RIGHT:3305,PROPORTIONAL_PRIMARY_ORIGIN_PASS_THROUGH,ALL_CATEGORY_PRIMARY_VOTES_TRACED_PROPORTIONALLY,10082,LNP,2444.0,0.2424122197976592,True
WA,244,Pearce,OTH,5,2,ALP>LNP>GRN>ON,2,1,10082,41764,Ramon Granados Rangel,OTH_HMP,CENTRE_LEFT,6777,0.6721880579250149,0.6721880579250149,OTH_HMP:6777|OTH_AUC:3305,CENTRE_LEFT:6777|RIGHT:3305,PROPORTIONAL_PRIMARY_ORIGIN_PASS_THROUGH,ALL_CATEGORY_PRIMARY_VOTES_TRACED_PROPORTIONALLY,10082,ON,2789.0,0.27663162071017655,True
WA,245,Perth,GRN,3,2,ALP>LNP,1,0,24467,41823,Sophie Greer,GRN,,24467,1.0,1.0,GRN:24467,UNSPECIFIED:24467,OBSERVED_LAST_SURVIVOR_EXIT,LAST_SURVIVOR_TALLY_AT_CATEGORY_EXIT,25654,ALP,22549.0,0.878966243081001,False
WA,245,Perth,GRN,3,2,ALP>LNP,1,0,24467,41823,Sophie Greer,GRN,,24467,1.0,1.0,GRN:24467,UNSPECIFIED:24467,OBSERVED_LAST_SURVIVOR_EXIT,LAST_SURVIVOR_TALLY_AT_CATEGORY_EXIT,25654,LNP,3105.0,0.12103375691899898,False
WA,245,Perth,GRN,3,2,ALP>LNP,1,0,24467,41823,Sophie Greer,GRN,,24467,1.0,1.0,GRN:24467,UNSPECIFIED:24467,PROPORTIONAL_PRIMARY_ORIGIN_PASS_THROUGH,ALL_CATEGORY_PRIMARY_VOTES_TRACED_PROPORTIONALLY,24467,ALP,21505.667069462852,0.878966243081001,True
WA,245,Perth,GRN,3,2,ALP>LNP,1,0,24467,41823,Sophie Greer,GRN,,24467,1.0,1.0,GRN:24467,UNSPECIFIED:24467,PROPORTIONAL_PRIMARY_ORIGIN_PASS_THROUGH,ALL_CATEGORY_PRIMARY_VOTES_TRACED_PROPORTIONALLY,24467,LNP,2961.332930537148,0.12103375691899898,True
WA,245,Perth,ON,4,1,ALP>LNP>GRN,1,0,6316,41725,Peter Hallifax,ON,,6316,1.0,1.0,ON:6316,UNSPECIFIED:6316,OBSERVED_LAST_SURVIVOR_EXIT,LAST_SURVIVOR_TALLY_AT_CATEGORY_EXIT,6316,ALP,854.0,0.13521215959468016,False
WA,245,Perth,ON,4,1,ALP>LNP>GRN,1,0,6316,41725,Peter Hallifax,ON,,6316,1.0,1.0,ON:6316,UNSPECIFIED:6316,OBSERVED_LAST_SURVIVOR_EXIT,LAST_SURVIVOR_TALLY_AT_CATEGORY_EXIT,6316,GRN,1187.0,0.18793540215326157,False
WA,245,Perth,ON,4,1,ALP>LNP>GRN,1,0,6316,41725,Peter Hallifax,ON,,6316,1.0,1.0,ON:6316,UNSPECIFIED:6316,OBSERVED_LAST_SURVIVOR_EXIT,LAST_SURVIVOR_TALLY_AT_CATEGORY_EXIT,6316,LNP,4275.0,0.6768524382520583,False
WA,245,Perth,ON,4,1,ALP>LNP>GRN,1,0,6316,41725,Peter Hallifax,ON,,6316,1.0,1.0,ON:6316,UNSPECIFIED:6316,PROPORTIONAL_PRIMARY_ORIGIN_PASS_THROUGH,ALL_CATEGORY_PRIMARY_VOTES_TRACED_PROPORTIONALLY,6316,ALP,853.9999999999999,0.13521215959468016,True
WA,245,Perth,ON,4,1,ALP>LNP>GRN,1,0,6316,41725,Peter Hallifax,ON,,6316,1.0,1.0,ON:6316,UNSPECIFIED:6316,PROPORTIONAL_PRIMARY_ORIGIN_PASS_THROUGH,ALL_CATEGORY_PRIMARY_VOTES_TRACED_PROPORTIONALLY,6316,GRN,1187.0,0.18793540215326157,True
WA,245,Perth,ON,4,1,ALP>LNP>GRN,1,0,6316,41725,Peter Hallifax,ON,,6316,1.0,1.0,ON:6316,UNSPECIFIED:6316,PROPORTIONAL_PRIMARY_ORIGIN_PASS_THROUGH,ALL_CATEGORY_PRIMARY_VOTES_TRACED_PROPORTIONALLY,6316,LNP,4275.0,0.6768524382520583,True
WA,247,Swan,GRN,3,4,ALP>LNP,1,0,17186,41829,Clint Uink,GRN,,17186,1.0,1.0,GRN:17186,UNSPECIFIED:17186,OBSERVED_LAST_SURVIVOR_EXIT,LAST_SURVIVOR_TALLY_AT_CATEGORY_EXIT,20909,ALP,17974.0,0.8596298244774977,False
WA,247,Swan,GRN,3,4,ALP>LNP,1,0,17186,41829,Clint Uink,GRN,,17186,1.0,1.0,GRN:17186,UNSPECIFIED:17186,OBSERVED_LAST_SURVIVOR_EXIT,LAST_SURVIVOR_TALLY_AT_CATEGORY_EXIT,20909,LNP,2935.0,0.14037017552250228,False
WA,247,Swan,GRN,3,4,ALP>LNP,1,0,17186,41829,Clint Uink,GRN,,17186,1.0,1.0,GRN:17186,UNSPECIFIED:17186,PROPORTIONAL_PRIMARY_ORIGIN_PASS_THROUGH,ALL_CATEGORY_PRIMARY_VOTES_TRACED_PROPORTIONALLY,17186,ALP,14773.598163470275,0.8596298244774977,True
WA,247,Swan,GRN,3,4,ALP>LNP,1,0,17186,41829,Clint Uink,GRN,,17186,1.0,1.0,GRN:17186,UNSPECIFIED:17186,PROPORTIONAL_PRIMARY_ORIGIN_PASS_THROUGH,ALL_CATEGORY_PRIMARY_VOTES_TRACED_PROPORTIONALLY,17186,LNP,2412.4018365297243,0.14037017552250228,True
WA,247,Swan,ON,4,3,ALP>LNP>GRN,1,0,5131,41731,Michael Halley,ON,,5131,1.0,1.0,ON:5131,UNSPECIFIED:5131,OBSERVED_LAST_SURVIVOR_EXIT,LAST_SURVIVOR_TALLY_AT_CATEGORY_EXIT,7151,ALP,1035.0,0.14473500209760873,False
WA,247,Swan,ON,4,3,ALP>LNP>GRN,1,0,5131,41731,Michael Halley,ON,,5131,1.0,1.0,ON:5131,UNSPECIFIED:5131,OBSERVED_LAST_SURVIVOR_EXIT,LAST_SURVIVOR_TALLY_AT_CATEGORY_EXIT,7151,GRN,1630.0,0.22794014823101663,False
WA,247,Swan,ON,4,3,ALP>LNP>GRN,1,0,5131,41731,Michael Halley,ON,,5131,1.0,1.0,ON:5131,UNSPECIFIED:5131,OBSERVED_LAST_SURVIVOR_EXIT,LAST_SURVIVOR_TALLY_AT_CATEGORY_EXIT,7151,LNP,4486.0,0.6273248496713746,False
WA,247,Swan,ON,4,3,ALP>LNP>GRN,1,0,5131,41731,Michael Halley,ON,,5131,1.0,1.0,ON:5131,UNSPECIFIED:5131,PROPORTIONAL_PRIMARY_ORIGIN_PASS_THROUGH,ALL_CATEGORY_PRIMARY_VOTES_TRACED_PROPORTIONALLY,5131,ALP,742.6352957628304,0.14473500209760873,True
WA,247,Swan,ON,4,3,ALP>LNP>GRN,1,0,5131,41731,Michael Halley,ON,,5131,1.0,1.0,ON:5131,UNSPECIFIED:5131,PROPORTIONAL_PRIMARY_ORIGIN_PASS_THROUGH,ALL_CATEGORY_PRIMARY_VOTES_TRACED_PROPORTIONALLY,5131,GRN,1169.5609005733463,0.22794014823101663,True
WA,247,Swan,ON,4,3,ALP>LNP>GRN,1,0,5131,41731,Michael Halley,ON,,5131,1.0,1.0,ON:5131,UNSPECIFIED:5131,PROPORTIONAL_PRIMARY_ORIGIN_PASS_THROUGH,ALL_CATEGORY_PRIMARY_VOTES_TRACED_PROPORTIONALLY,5131,LNP,3218.803803663823,0.6273248496713746,True
WA,247,Swan,OTH,5,2,ALP>LNP>GRN>ON,2,1,7599,41776,Shelley Leech,OTH_HMP,CENTRE_LEFT,4096,0.5390182918805106,0.5390182918805106,OTH_HMP:4096|OTH_AUC:3503,CENTRE_LEFT:4096|RIGHT:3503,OBSERVED_LAST_SURVIVOR_EXIT,LAST_SURVIVOR_TALLY_AT_CATEGORY_EXIT,4327,ALP,1098.0,0.2537554887913104,False
WA,247,Swan,OTH,5,2,ALP>LNP>GRN>ON,2,1,7599,41776,Shelley Leech,OTH_HMP,CENTRE_LEFT,4096,0.5390182918805106,0.5390182918805106,OTH_HMP:4096|OTH_AUC:3503,CENTRE_LEFT:4096|RIGHT:3503,OBSERVED_LAST_SURVIVOR_EXIT,LAST_SURVIVOR_TALLY_AT_CATEGORY_EXIT,4327,GRN,1718.0,0.39704183036746016,False
WA,247,Swan,OTH,5,2,ALP>LNP>GRN>ON,2,1,7599,41776,Shelley Leech,OTH_HMP,CENTRE_LEFT,4096,0.5390182918805106,0.5390182918805106,OTH_HMP:4096|OTH_AUC:3503,CENTRE_LEFT:4096|RIGHT:3503,OBSERVED_LAST_SURVIVOR_EXIT,LAST_SURVIVOR_TALLY_AT_CATEGORY_EXIT,4327,LNP,534.0,0.12341113935752253,False
WA,247,Swan,OTH,5,2,ALP>LNP>GRN>ON,2,1,7599,41776,Shelley Leech,OTH_HMP,CENTRE_LEFT,4096,0.5390182918805106,0.5390182918805106,OTH_HMP:4096|OTH_AUC:3503,CENTRE_LEFT:4096|RIGHT:3503,OBSERVED_LAST_SURVIVOR_EXIT,LAST_SURVIVOR_TALLY_AT_CATEGORY_EXIT,4327,ON,977.0,0.22579154148370695,False
WA,247,Swan,OTH,5,2,ALP>LNP>GRN>ON,2,1,7599,41776,Shelley Leech,OTH_HMP,CENTRE_LEFT,4096,0.5390182918805106,0.5390182918805106,OTH_HMP:4096|OTH_AUC:3503,CENTRE_LEFT:4096|RIGHT:3503,PROPORTIONAL_PRIMARY_ORIGIN_PASS_THROUGH,ALL_CATEGORY_PRIMARY_VOTES_TRACED_PROPORTIONALLY,7599,ALP,1982.0,0.26082379260429006,True
WA,247,Swan,OTH,5,2,ALP>LNP>GRN>ON,2,1,7599,41776,Shelley Leech,OTH_HMP,CENTRE_LEFT,4096,0.5390182918805106,0.5390182918805106,OTH_HMP:4096|OTH_AUC:3503,CENTRE_LEFT:4096|RIGHT:3503,PROPORTIONAL_PRIMARY_ORIGIN_PASS_THROUGH,ALL_CATEGORY_PRIMARY_VOTES_TRACED_PROPORTIONALLY,7599,GRN,2093.0,0.2754309777602316,True
WA,247,Swan,OTH,5,2,ALP>LNP>GRN>ON,2,1,7599,41776,Shelley Leech,OTH_HMP,CENTRE_LEFT,4096,0.5390182918805106,0.5390182918805106,OTH_HMP:4096|OTH_AUC:3503,CENTRE_LEFT:4096|RIGHT:3503,PROPORTIONAL_PRIMARY_ORIGIN_PASS_THROUGH,ALL_CATEGORY_PRIMARY_VOTES_TRACED_PROPORTIONALLY,7599,LNP,1504.0,0.19792077904987498,True
WA,247,Swan,OTH,5,2,ALP>LNP>GRN>ON,2,1,7599,41776,Shelley Leech,OTH_HMP,CENTRE_LEFT,4096,0.5390182918805106,0.5390182918805106,OTH_HMP:4096|OTH_AUC:3503,CENTRE_LEFT:4096|RIGHT:3503,PROPORTIONAL_PRIMARY_ORIGIN_PASS_THROUGH,ALL_CATEGORY_PRIMARY_VOTES_TRACED_PROPORTIONALLY,7599,ON,2020.0,0.2658244505856034,True
WA,248,Tangney,GRN,3,4,ALP>LNP,1,0,14410,41834,Eric Hayward,GRN,,14410,1.0,1.0,GRN:14410,UNSPECIFIED:14410,OBSERVED_LAST_SURVIVOR_EXIT,LAST_SURVIVOR_TALLY_AT_CATEGORY_EXIT,17290,ALP,13696.0,0.7921341816078659,False
WA,248,Tangney,GRN,3,4,ALP>LNP,1,0,14410,41834,Eric Hayward,GRN,,14410,1.0,1.0,GRN:14410,UNSPECIFIED:14410,OBSERVED_LAST_SURVIVOR_EXIT,LAST_SURVIVOR_TALLY_AT_CATEGORY_EXIT,17290,LNP,3594.0,0.2078658183921342,False
WA,248,Tangney,GRN,3,4,ALP>LNP,1,0,14410,41834,Eric Hayward,GRN,,14410,1.0,1.0,GRN:14410,UNSPECIFIED:14410,PROPORTIONAL_PRIMARY_ORIGIN_PASS_THROUGH,ALL_CATEGORY_PRIMARY_VOTES_TRACED_PROPORTIONALLY,14410,ALP,11414.653556969348,0.7921341816078659,True
WA,248,Tangney,GRN,3,4,ALP>LNP,1,0,14410,41834,Eric Hayward,GRN,,14410,1.0,1.0,GRN:14410,UNSPECIFIED:14410,PROPORTIONAL_PRIMARY_ORIGIN_PASS_THROUGH,ALL_CATEGORY_PRIMARY_VOTES_TRACED_PROPORTIONALLY,14410,LNP,2995.3464430306535,0.20786581839213417,True
WA,248,Tangney,ON,4,3,ALP>LNP>GRN,1,0,4520,41736,Steve Kefalinos,ON,,4520,1.0,1.0,ON:4520,UNSPECIFIED:4520,OBSERVED_LAST_SURVIVOR_EXIT,LAST_SURVIVOR_TALLY_AT_CATEGORY_EXIT,6175,ALP,895.0,0.14493927125506073,False
WA,248,Tangney,ON,4,3,ALP>LNP>GRN,1,0,4520,41736,Steve Kefalinos,ON,,4520,1.0,1.0,ON:4520,UNSPECIFIED:4520,OBSERVED_LAST_SURVIVOR_EXIT,LAST_SURVIVOR_TALLY_AT_CATEGORY_EXIT,6175,GRN,1337.0,0.21651821862348178,False
WA,248,Tangney,ON,4,3,ALP>LNP>GRN,1,0,4520,41736,Steve Kefalinos,ON,,4520,1.0,1.0,ON:4520,UNSPECIFIED:4520,OBSERVED_LAST_SURVIVOR_EXIT,LAST_SURVIVOR_TALLY_AT_CATEGORY_EXIT,6175,LNP,3943.0,0.6385425101214575,False
WA,248,Tangney,ON,4,3,ALP>LNP>GRN,1,0,4520,41736,Steve Kefalinos,ON,,4520,1.0,1.0,ON:4520,UNSPECIFIED:4520,PROPORTIONAL_PRIMARY_ORIGIN_PASS_THROUGH,ALL_CATEGORY_PRIMARY_VOTES_TRACED_PROPORTIONALLY,4520,ALP,655.1255060728745,0.14493927125506073,True
WA,248,Tangney,ON,4,3,ALP>LNP>GRN,1,0,4520,41736,Steve Kefalinos,ON,,4520,1.0,1.0,ON:4520,UNSPECIFIED:4520,PROPORTIONAL_PRIMARY_ORIGIN_PASS_THROUGH,ALL_CATEGORY_PRIMARY_VOTES_TRACED_PROPORTIONALLY,4520,GRN,978.6623481781377,0.21651821862348178,True
WA,248,Tangney,ON,4,3,ALP>LNP>GRN,1,0,4520,41736,Steve Kefalinos,ON,,4520,1.0,1.0,ON:4520,UNSPECIFIED:4520,PROPORTIONAL_PRIMARY_ORIGIN_PASS_THROUGH,ALL_CATEGORY_PRIMARY_VOTES_TRACED_PROPORTIONALLY,4520,LNP,2886.212145748988,0.6385425101214575,True
WA,248,Tangney,OTH,5,2,ALP>LNP>GRN>ON,2,1,6859,41193,James Rai,OTH_AUC,RIGHT,3459,0.5043009185012393,0.5043009185012393,OTH_AUC:3459|OTH_HMP:3400,RIGHT:3459|CENTRE_LEFT:3400,OBSERVED_LAST_SURVIVOR_EXIT,LAST_SURVIVOR_TALLY_AT_CATEGORY_EXIT,3691,ALP,664.0,0.17989704687076674,False
WA,248,Tangney,OTH,5,2,ALP>LNP>GRN>ON,2,1,6859,41193,James Rai,OTH_AUC,RIGHT,3459,0.5043009185012393,0.5043009185012393,OTH_AUC:3459|OTH_HMP:3400,RIGHT:3459|CENTRE_LEFT:3400,OBSERVED_LAST_SURVIVOR_EXIT,LAST_SURVIVOR_TALLY_AT_CATEGORY_EXIT,3691,GRN,365.0,0.0988891899214305,False
WA,248,Tangney,OTH,5,2,ALP>LNP>GRN>ON,2,1,6859,41193,James Rai,OTH_AUC,RIGHT,3459,0.5043009185012393,0.5043009185012393,OTH_AUC:3459|OTH_HMP:3400,RIGHT:3459|CENTRE_LEFT:3400,OBSERVED_LAST_SURVIVOR_EXIT,LAST_SURVIVOR_TALLY_AT_CATEGORY_EXIT,3691,LNP,1635.0,0.44296938499051747,False
WA,248,Tangney,OTH,5,2,ALP>LNP>GRN>ON,2,1,6859,41193,James Rai,OTH_AUC,RIGHT,3459,0.5043009185012393,0.5043009185012393,OTH_AUC:3459|OTH_HMP:3400,RIGHT:3459|CENTRE_LEFT:3400,OBSERVED_LAST_SURVIVOR_EXIT,LAST_SURVIVOR_TALLY_AT_CATEGORY_EXIT,3691,ON,1027.0,0.2782443782172853,False
WA,248,Tangney,OTH,5,2,ALP>LNP>GRN>ON,2,1,6859,41193,James Rai,OTH_AUC,RIGHT,3459,0.5043009185012393,0.5043009185012393,OTH_AUC:3459|OTH_HMP:3400,RIGHT:3459|CENTRE_LEFT:3400,PROPORTIONAL_PRIMARY_ORIGIN_PASS_THROUGH,ALL_CATEGORY_PRIMARY_VOTES_TRACED_PROPORTIONALLY,6859,ALP,1487.0,0.216795451231958,True
WA,248,Tangney,OTH,5,2,ALP>LNP>GRN>ON,2,1,6859,41193,James Rai,OTH_AUC,RIGHT,3459,0.5043009185012393,0.5043009185012393,OTH_AUC:3459|OTH_HMP:3400,RIGHT:3459|CENTRE_LEFT:3400,PROPORTIONAL_PRIMARY_ORIGIN_PASS_THROUGH,ALL_CATEGORY_PRIMARY_VOTES_TRACED_PROPORTIONALLY,6859,GRN,1543.0,0.2249599066919376,True
WA,248,Tangney,OTH,5,2,ALP>LNP>GRN>ON,2,1,6859,41193,James Rai,OTH_AUC,RIGHT,3459,0.5043009185012393,0.5043009185012393,OTH_AUC:3459|OTH_HMP:3400,RIGHT:3459|CENTRE_LEFT:3400,PROPORTIONAL_PRIMARY_ORIGIN_PASS_THROUGH,ALL_CATEGORY_PRIMARY_VOTES_TRACED_PROPORTIONALLY,6859,LNP,2174.0,0.3169558244642076,True
WA,248,Tangney,OTH,5,2,ALP>LNP>GRN>ON,2,1,6859,41193,James Rai,OTH_AUC,RIGHT,3459,0.5043009185012393,0.5043009185012393,OTH_AUC:3459|OTH_HMP:3400,RIGHT:3459|CENTRE_LEFT:3400,PROPORTIONAL_PRIMARY_ORIGIN_PASS_THROUGH,ALL_CATEGORY_PRIMARY_VOTES_TRACED_PROPORTIONALLY,6859,ON,1655.0,0.24128881761189677,True
