Seat,Eliminated,AliveSet,Recipient,Votes,Share, ,division_key,ReportedAliveSet,AliveSetSource,AliveSetPositionConflict,RecordedPosition,TopThree
Wentworth*,ALP,IND+LNP,LNP,2962.0,0.1534556004559113, ,WENTWORTH,IND+LNP,positive_recipients_validated_against_3cp,False,3,IND+LNP+ALP
Wentworth*,ALP,IND+LNP,IND,16340.0,0.8465443995440887,,WENTWORTH,IND+LNP,positive_recipients_validated_against_3cp,False,3,IND+LNP+ALP
Wentworth*,GRN,ALP+IND+LNP,ALP,4200.0,0.3546099290780142,,WENTWORTH,ALP+IND+LNP,positive_recipients_validated_against_3cp,False,4,IND+LNP+ALP
Wentworth*,GRN,ALP+IND+LNP,LNP,752.0,0.0634920634920634,,WENTWORTH,ALP+IND+LNP,positive_recipients_validated_against_3cp,False,4,IND+LNP+ALP
Wentworth*,GRN,ALP+IND+LNP,IND,6892.0,0.5818980074299224,,WENTWORTH,ALP+IND+LNP,positive_recipients_validated_against_3cp,False,4,IND+LNP+ALP
Wentworth*,ON,ALP+GRN+IND+LNP,ALP,198.0,0.0702875399361022,,WENTWORTH,ALP+GRN+IND+LNP,positive_recipients_validated_against_3cp,False,5,IND+LNP+ALP
Wentworth*,ON,ALP+GRN+IND+LNP,LNP,1892.0,0.6716364927227547,,WENTWORTH,ALP+GRN+IND+LNP,positive_recipients_validated_against_3cp,False,5,IND+LNP+ALP
Wentworth*,ON,ALP+GRN+IND+LNP,GRN,225.0,0.0798722044728434,,WENTWORTH,ALP+GRN+IND+LNP,positive_recipients_validated_against_3cp,False,5,IND+LNP+ALP
Wentworth*,ON,ALP+GRN+IND+LNP,IND,502.0,0.1782037628682996,,WENTWORTH,ALP+GRN+IND+LNP,positive_recipients_validated_against_3cp,False,5,IND+LNP+ALP
Wentworth*,OTH,ALP+GRN+IND+LNP+ON,ALP,125.0,0.0927988121752041,,WENTWORTH,ALP+GRN+IND+LNP+ON,positive_recipients_validated_against_3cp,False,6,IND+LNP+ALP
Wentworth*,OTH,ALP+GRN+IND+LNP+ON,LNP,241.0,0.1789161098737936,,WENTWORTH,ALP+GRN+IND+LNP+ON,positive_recipients_validated_against_3cp,False,6,IND+LNP+ALP
Wentworth*,OTH,ALP+GRN+IND+LNP+ON,GRN,378.0,0.2806236080178174,,WENTWORTH,ALP+GRN+IND+LNP+ON,positive_recipients_validated_against_3cp,False,6,IND+LNP+ALP
Wentworth*,OTH,ALP+GRN+IND+LNP+ON,ON,192.0,0.1425389755011135,,WENTWORTH,ALP+GRN+IND+LNP+ON,positive_recipients_validated_against_3cp,False,6,IND+LNP+ALP
Wentworth*,OTH,ALP+GRN+IND+LNP+ON,IND,411.0,0.3051224944320713,,WENTWORTH,ALP+GRN+IND+LNP+ON,positive_recipients_validated_against_3cp,False,6,IND+LNP+ALP
Sydney,LNP,ALP+GRN,ALP,15853.0,0.7283712382265104,,SYDNEY,ALP+GRN,positive_recipients_validated_against_3cp,False,3,ALP+GRN+LNP
Sydney,LNP,ALP+GRN,GRN,5912.0,0.2716287617734895,,SYDNEY,ALP+GRN,positive_recipients_validated_against_3cp,False,3,ALP+GRN+LNP
Sydney,ON,ALP+GRN+LNP,ALP,591.0,0.152516129032258,,SYDNEY,ALP+GRN+LNP,positive_recipients_validated_against_3cp,False,4,ALP+GRN+LNP
Sydney,ON,ALP+GRN+LNP,LNP,2745.0,0.7083870967741935,,SYDNEY,ALP+GRN+LNP,positive_recipients_validated_against_3cp,False,4,ALP+GRN+LNP
Sydney,ON,ALP+GRN+LNP,GRN,539.0,0.1390967741935483,,SYDNEY,ALP+GRN+LNP,positive_recipients_validated_against_3cp,False,4,ALP+GRN+LNP
Sydney,OTH,ALP+GRN+LNP+ON,ALP,492.0,0.207070707070707,,SYDNEY,ALP+GRN+LNP+ON,positive_recipients_validated_against_3cp,False,5,ALP+GRN+LNP
Sydney,OTH,ALP+GRN+LNP+ON,LNP,160.0,0.0673400673400673,,SYDNEY,ALP+GRN+LNP+ON,positive_recipients_validated_against_3cp,False,5,ALP+GRN+LNP
Sydney,OTH,ALP+GRN+LNP+ON,GRN,1547.0,0.6510942760942761,,SYDNEY,ALP+GRN+LNP+ON,positive_recipients_validated_against_3cp,False,5,ALP+GRN+LNP
Sydney,OTH,ALP+GRN+LNP+ON,ON,177.0,0.0744949494949494,,SYDNEY,ALP+GRN+LNP+ON,positive_recipients_validated_against_3cp,False,5,ALP+GRN+LNP
Kingsford Smith,GRN,ALP+LNP,ALP,13595.0,0.8709160794362588,,KINGSFORD SMITH,ALP+LNP,positive_recipients_validated_against_3cp,False,3,ALP+LNP+GRN
Kingsford Smith,GRN,ALP+LNP,LNP,2015.0,0.1290839205637411,,KINGSFORD SMITH,ALP+LNP,positive_recipients_validated_against_3cp,False,3,ALP+LNP+GRN
Kingsford Smith,ON,ALP+GRN+LNP,ALP,1654.0,0.256832298136646,,KINGSFORD SMITH,ALP+GRN+LNP,positive_recipients_validated_against_3cp,False,4,ALP+LNP+GRN
Kingsford Smith,ON,ALP+GRN+LNP,LNP,3964.0,0.615527950310559,,KINGSFORD SMITH,ALP+GRN+LNP,positive_recipients_validated_against_3cp,False,4,ALP+LNP+GRN
Kingsford Smith,ON,ALP+GRN+LNP,GRN,822.0,0.127639751552795,,KINGSFORD SMITH,ALP+GRN+LNP,positive_recipients_validated_against_3cp,False,4,ALP+LNP+GRN
Kingsford Smith,IND,ALP+GRN+LNP+ON,ALP,1009.0,0.2836660106831599,,KINGSFORD SMITH,ALP+GRN+LNP+ON,positive_recipients_validated_against_3cp,False,5,ALP+LNP+GRN
Kingsford Smith,IND,ALP+GRN+LNP+ON,LNP,625.0,0.1757098678661793,,KINGSFORD SMITH,ALP+GRN+LNP+ON,positive_recipients_validated_against_3cp,False,5,ALP+LNP+GRN
Kingsford Smith,IND,ALP+GRN+LNP+ON,GRN,1348.0,0.3789710430137756,,KINGSFORD SMITH,ALP+GRN+LNP+ON,positive_recipients_validated_against_3cp,False,5,ALP+LNP+GRN
Kingsford Smith,IND,ALP+GRN+LNP+ON,ON,575.0,0.161653078436885,,KINGSFORD SMITH,ALP+GRN+LNP+ON,positive_recipients_validated_against_3cp,False,5,ALP+LNP+GRN
Bennelong,GRN,ALP+LNP,ALP,13434.0,0.8772365156066344,,BENNELONG,ALP+LNP,positive_recipients_validated_against_3cp,False,3,ALP+LNP+GRN
Bennelong,GRN,ALP+LNP,LNP,1880.0,0.1227634843933655,,BENNELONG,ALP+LNP,positive_recipients_validated_against_3cp,False,3,ALP+LNP+GRN
Bennelong,ON,ALP+GRN+LNP,ALP,636.0,0.1350605224039074,,BENNELONG,ALP+GRN+LNP,positive_recipients_validated_against_3cp,False,4,ALP+LNP+GRN
Bennelong,ON,ALP+GRN+LNP,LNP,3080.0,0.6540666808239541,,BENNELONG,ALP+GRN+LNP,positive_recipients_validated_against_3cp,False,4,ALP+LNP+GRN
Bennelong,ON,ALP+GRN+LNP,GRN,993.0,0.2108727967721384,,BENNELONG,ALP+GRN+LNP,positive_recipients_validated_against_3cp,False,4,ALP+LNP+GRN
Bennelong,OTH,ALP+GRN+LNP+ON,ALP,1205.0,0.1996355202120609,,BENNELONG,ALP+GRN+LNP+ON,positive_recipients_validated_against_3cp,False,5,ALP+LNP+GRN
Bennelong,OTH,ALP+GRN+LNP+ON,LNP,1266.0,0.209741550695825,,BENNELONG,ALP+GRN+LNP+ON,positive_recipients_validated_against_3cp,False,5,ALP+LNP+GRN
Bennelong,OTH,ALP+GRN+LNP+ON,GRN,1390.0,0.2302849569251159,,BENNELONG,ALP+GRN+LNP+ON,positive_recipients_validated_against_3cp,False,5,ALP+LNP+GRN
Bennelong,OTH,ALP+GRN+LNP+ON,ON,2175.0,0.360337972166998,,BENNELONG,ALP+GRN+LNP+ON,positive_recipients_validated_against_3cp,False,5,ALP+LNP+GRN
Bradfield*,ALP,IND+LNP,LNP,9330.0,0.3227926930528647,,BRADFIELD,IND+LNP,positive_recipients_validated_against_3cp,False,3,IND+LNP+ALP
Bradfield*,ALP,IND+LNP,IND,19574.0,0.6772073069471354,,BRADFIELD,IND+LNP,positive_recipients_validated_against_3cp,False,3,IND+LNP+ALP
Bradfield*,GRN,ALP+IND+LNP,ALP,3980.0,0.4629521926253344,,BRADFIELD,ALP+IND+LNP,positive_recipients_validated_against_3cp,False,4,IND+LNP+ALP
Bradfield*,GRN,ALP+IND+LNP,LNP,589.0,0.0685122717226939,,BRADFIELD,ALP+IND+LNP,positive_recipients_validated_against_3cp,False,4,IND+LNP+ALP
Bradfield*,GRN,ALP+IND+LNP,IND,4028.0,0.4685355356519716,,BRADFIELD,ALP+IND+LNP,positive_recipients_validated_against_3cp,False,4,IND+LNP+ALP
Bradfield*,ON,ALP+GRN+IND+LNP+OTH,ALP,158.0,0.061839530332681,,BRADFIELD,ALP+GRN+IND+LNP+OTH,positive_recipients_validated_against_3cp,False,5,IND+LNP+ALP
Bradfield*,ON,ALP+GRN+IND+LNP+OTH,LNP,1532.0,0.5996086105675147,,BRADFIELD,ALP+GRN+IND+LNP+OTH,positive_recipients_validated_against_3cp,False,5,IND+LNP+ALP
Bradfield*,ON,ALP+GRN+IND+LNP+OTH,GRN,109.0,0.0426614481409002,,BRADFIELD,ALP+GRN+IND+LNP+OTH,positive_recipients_validated_against_3cp,False,5,IND+LNP+ALP
Bradfield*,ON,ALP+GRN+IND+LNP+OTH,IND,303.0,0.1185909980430528,,BRADFIELD,ALP+GRN+IND+LNP+OTH,positive_recipients_validated_against_3cp,False,5,IND+LNP+ALP
Bradfield*,ON,ALP+GRN+IND+LNP+OTH,OTH,453.0,0.1772994129158512,,BRADFIELD,ALP+GRN+IND+LNP+OTH,positive_recipients_validated_against_3cp,False,5,IND+LNP+ALP
Bradfield*,OTH,ALP+GRN+IND+LNP+ON,ALP,1998.0,0.2613131048914465,,BRADFIELD,ALP+GRN+IND+LNP+ON,positive_recipients_validated_against_3cp,False,6,IND+LNP+ALP
Bradfield*,OTH,ALP+GRN+IND+LNP+ON,LNP,1961.0,0.2564739733193827,,BRADFIELD,ALP+GRN+IND+LNP+ON,positive_recipients_validated_against_3cp,False,6,IND+LNP+ALP
Bradfield*,OTH,ALP+GRN+IND+LNP+ON,GRN,937.0,0.1225477373790217,,BRADFIELD,ALP+GRN+IND+LNP+ON,positive_recipients_validated_against_3cp,False,6,IND+LNP+ALP
Bradfield*,OTH,ALP+GRN+IND+LNP+ON,ON,850.0,0.1111692388176824,,BRADFIELD,ALP+GRN+IND+LNP+ON,positive_recipients_validated_against_3cp,False,6,IND+LNP+ALP
Bradfield*,OTH,ALP+GRN+IND+LNP+ON,IND,1900.0,0.2484959455924666,,BRADFIELD,ALP+GRN+IND+LNP+ON,positive_recipients_validated_against_3cp,False,6,IND+LNP+ALP
Warringah*,ALP,IND+LNP,LNP,3799.0,0.1849561830574488,,WARRINGAH,IND+LNP,positive_recipients_validated_against_3cp,False,3,IND+LNP+ALP
Warringah*,ALP,IND+LNP,IND,16741.0,0.8150438169425511,,WARRINGAH,IND+LNP,positive_recipients_validated_against_3cp,False,3,IND+LNP+ALP
Warringah*,GRN,ALP+IND+LNP,ALP,3163.0,0.3004369300911854,,WARRINGAH,ALP+IND+LNP,positive_recipients_validated_against_3cp,False,4,IND+LNP+ALP
Warringah*,GRN,ALP+IND+LNP,LNP,787.0,0.0747530395136778,,WARRINGAH,ALP+IND+LNP,positive_recipients_validated_against_3cp,False,4,IND+LNP+ALP
Warringah*,GRN,ALP+IND+LNP,IND,6578.0,0.6248100303951368,,WARRINGAH,ALP+IND+LNP,positive_recipients_validated_against_3cp,False,4,IND+LNP+ALP
Warringah*,ON,ALP+GRN+IND+LNP,ALP,250.0,0.068662455369404,,WARRINGAH,ALP+GRN+IND+LNP,positive_recipients_validated_against_3cp,False,5,IND+LNP+ALP
Warringah*,ON,ALP+GRN+IND+LNP,LNP,2514.0,0.6904696511947267,,WARRINGAH,ALP+GRN+IND+LNP,positive_recipients_validated_against_3cp,False,5,IND+LNP+ALP
Warringah*,ON,ALP+GRN+IND+LNP,GRN,241.0,0.0661906069761054,,WARRINGAH,ALP+GRN+IND+LNP,positive_recipients_validated_against_3cp,False,5,IND+LNP+ALP
Warringah*,ON,ALP+GRN+IND+LNP,IND,636.0,0.1746772864597638,,WARRINGAH,ALP+GRN+IND+LNP,positive_recipients_validated_against_3cp,False,5,IND+LNP+ALP
Warringah*,OTH,ALP+GRN+IND+LNP+ON,ALP,389.0,0.0950635386119257,,WARRINGAH,ALP+GRN+IND+LNP+ON,positive_recipients_validated_against_3cp,False,6,IND+LNP+ALP
Warringah*,OTH,ALP+GRN+IND+LNP+ON,LNP,1031.0,0.2519550342130987,,WARRINGAH,ALP+GRN+IND+LNP+ON,positive_recipients_validated_against_3cp,False,6,IND+LNP+ALP
Warringah*,OTH,ALP+GRN+IND+LNP+ON,GRN,236.0,0.0576735092864125,,WARRINGAH,ALP+GRN+IND+LNP+ON,positive_recipients_validated_against_3cp,False,6,IND+LNP+ALP
Warringah*,OTH,ALP+GRN+IND+LNP+ON,ON,1663.0,0.4064027370478983,,WARRINGAH,ALP+GRN+IND+LNP+ON,positive_recipients_validated_against_3cp,False,6,IND+LNP+ALP
Warringah*,OTH,ALP+GRN+IND+LNP+ON,IND,773.0,0.1889051808406647,,WARRINGAH,ALP+GRN+IND+LNP+ON,positive_recipients_validated_against_3cp,False,6,IND+LNP+ALP
Banks,GRN,ALP+LNP,ALP,13380.0,0.85632,,BANKS,ALP+LNP,positive_recipients_validated_against_3cp,False,3,ALP+LNP+GRN
Banks,GRN,ALP+LNP,LNP,2245.0,0.14368,,BANKS,ALP+LNP,positive_recipients_validated_against_3cp,False,3,ALP+LNP+GRN
Banks,ON,ALP+GRN+LNP,ALP,1122.0,0.1404431092752534,,BANKS,ALP+GRN+LNP,positive_recipients_validated_against_3cp,False,4,ALP+LNP+GRN
Banks,ON,ALP+GRN+LNP,LNP,4554.0,0.5700337964701464,,BANKS,ALP+GRN+LNP,positive_recipients_validated_against_3cp,False,4,ALP+LNP+GRN
Banks,ON,ALP+GRN+LNP,GRN,2313.0,0.2895230942546001,,BANKS,ALP+GRN+LNP,positive_recipients_validated_against_3cp,False,4,ALP+LNP+GRN
Banks,IND,ALP+GRN+LNP+ON+OTH,ALP,484.0,0.2303664921465968,,BANKS,ALP+GRN+LNP+ON+OTH,positive_recipients_validated_against_3cp,False,6,ALP+LNP+GRN
Banks,IND,ALP+GRN+LNP+ON+OTH,LNP,358.0,0.1703950499762018,,BANKS,ALP+GRN+LNP+ON+OTH,positive_recipients_validated_against_3cp,False,6,ALP+LNP+GRN
Banks,IND,ALP+GRN+LNP+ON+OTH,GRN,698.0,0.3322227510709186,,BANKS,ALP+GRN+LNP+ON+OTH,positive_recipients_validated_against_3cp,False,6,ALP+LNP+GRN
Banks,IND,ALP+GRN+LNP+ON+OTH,ON,175.0,0.0832936696811042,,BANKS,ALP+GRN+LNP+ON+OTH,positive_recipients_validated_against_3cp,False,6,ALP+LNP+GRN
Banks,IND,ALP+GRN+LNP+ON+OTH,OTH,386.0,0.1837220371251784,,BANKS,ALP+GRN+LNP+ON+OTH,positive_recipients_validated_against_3cp,False,6,ALP+LNP+GRN
Banks,OTH,ALP+GRN+LNP+ON,ALP,805.0,0.1137648388920294,,BANKS,ALP+GRN+LNP+ON,positive_recipients_validated_against_3cp,False,5,ALP+LNP+GRN
Banks,OTH,ALP+GRN+LNP+ON,LNP,1265.0,0.1787733182589033,,BANKS,ALP+GRN+LNP+ON,positive_recipients_validated_against_3cp,False,5,ALP+LNP+GRN
Banks,OTH,ALP+GRN+LNP+ON,GRN,858.0,0.1212549462973431,,BANKS,ALP+GRN+LNP+ON,positive_recipients_validated_against_3cp,False,5,ALP+LNP+GRN
Banks,OTH,ALP+GRN+LNP+ON,ON,4148.0,0.5862068965517241,,BANKS,ALP+GRN+LNP+ON,positive_recipients_validated_against_3cp,False,5,ALP+LNP+GRN
Cook,GRN,ALP+LNP,ALP,10259.0,0.8167343364381817,,COOK,ALP+LNP,positive_recipients_validated_against_3cp,False,3,LNP+ALP+GRN
Cook,GRN,ALP+LNP,LNP,2302.0,0.1832656635618183,,COOK,ALP+LNP,positive_recipients_validated_against_3cp,False,3,LNP+ALP+GRN
Cook,ON,ALP+GRN+LNP,ALP,946.0,0.1264029930518439,,COOK,ALP+GRN+LNP,positive_recipients_validated_against_3cp,False,4,LNP+ALP+GRN
Cook,ON,ALP+GRN+LNP,LNP,5256.0,0.7022982362373063,,COOK,ALP+GRN+LNP,positive_recipients_validated_against_3cp,False,4,LNP+ALP+GRN
Cook,ON,ALP+GRN+LNP,GRN,1282.0,0.1712987707108498,,COOK,ALP+GRN+LNP,positive_recipients_validated_against_3cp,False,4,LNP+ALP+GRN
Cook,OTH,ALP+GRN+LNP+ON,ALP,851.0,0.1304414469650521,,COOK,ALP+GRN+LNP+ON,positive_recipients_validated_against_3cp,False,5,LNP+ALP+GRN
Cook,OTH,ALP+GRN+LNP+ON,LNP,2155.0,0.3303188228080932,,COOK,ALP+GRN+LNP+ON,positive_recipients_validated_against_3cp,False,5,LNP+ALP+GRN
Cook,OTH,ALP+GRN+LNP+ON,GRN,704.0,0.1079092581238504,,COOK,ALP+GRN+LNP+ON,positive_recipients_validated_against_3cp,False,5,LNP+ALP+GRN
Cook,OTH,ALP+GRN+LNP+ON,ON,2814.0,0.4313304721030043,,COOK,ALP+GRN+LNP+ON,positive_recipients_validated_against_3cp,False,5,LNP+ALP+GRN
Barton,GRN,ALP+LNP,ALP,15134.0,0.8329113924050633,,BARTON,ALP+LNP,positive_recipients_validated_against_3cp,False,3,ALP+LNP+GRN
Barton,GRN,ALP+LNP,LNP,3036.0,0.1670886075949367,,BARTON,ALP+LNP,positive_recipients_validated_against_3cp,False,3,ALP+LNP+GRN
Barton,ON,ALP+GRN+LNP,ALP,2752.0,0.2889542209155817,,BARTON,ALP+GRN+LNP,positive_recipients_validated_against_3cp,False,4,ALP+LNP+GRN
Barton,ON,ALP+GRN+LNP,LNP,5436.0,0.5707685846283075,,BARTON,ALP+GRN+LNP,positive_recipients_validated_against_3cp,False,4,ALP+LNP+GRN
Barton,ON,ALP+GRN+LNP,GRN,1336.0,0.1402771944561108,,BARTON,ALP+GRN+LNP,positive_recipients_validated_against_3cp,False,4,ALP+LNP+GRN
Barton,OTH,ALP+GRN+LNP+ON,ALP,987.0,0.1364579012857735,,BARTON,ALP+GRN+LNP+ON,positive_recipients_validated_against_3cp,False,5,ALP+LNP+GRN
Barton,OTH,ALP+GRN+LNP+ON,LNP,1346.0,0.186091524955067,,BARTON,ALP+GRN+LNP+ON,positive_recipients_validated_against_3cp,False,5,ALP+LNP+GRN
Barton,OTH,ALP+GRN+LNP+ON,GRN,949.0,0.1312042029586617,,BARTON,ALP+GRN+LNP+ON,positive_recipients_validated_against_3cp,False,5,ALP+LNP+GRN
Barton,OTH,ALP+GRN+LNP+ON,ON,3951.0,0.5462463708004978,,BARTON,ALP+GRN+LNP+ON,positive_recipients_validated_against_3cp,False,5,ALP+LNP+GRN
Blaxland,GRN,ALP+IND+LNP,ALP,3638.0,0.4820458460315357,,BLAXLAND,ALP+IND+LNP,positive_recipients_validated_against_3cp,False,4,ALP+LNP+IND
Blaxland,GRN,ALP+IND+LNP,LNP,588.0,0.0779117530144428,,BLAXLAND,ALP+IND+LNP,positive_recipients_validated_against_3cp,False,4,ALP+LNP+IND
Blaxland,GRN,ALP+IND+LNP,IND,3321.0,0.4400424009540215,,BLAXLAND,ALP+IND+LNP,positive_recipients_validated_against_3cp,False,4,ALP+LNP+IND
Blaxland,ON,ALP+GRN+IND+LNP,ALP,686.0,0.1462686567164179,,BLAXLAND,ALP+GRN+IND+LNP,positive_recipients_validated_against_3cp,False,5,ALP+LNP+IND
Blaxland,ON,ALP+GRN+IND+LNP,LNP,2727.0,0.5814498933901919,,BLAXLAND,ALP+GRN+IND+LNP,positive_recipients_validated_against_3cp,False,5,ALP+LNP+IND
Blaxland,ON,ALP+GRN+IND+LNP,GRN,389.0,0.0829424307036247,,BLAXLAND,ALP+GRN+IND+LNP,positive_recipients_validated_against_3cp,False,5,ALP+LNP+IND
Blaxland,ON,ALP+GRN+IND+LNP,IND,888.0,0.1893390191897654,,BLAXLAND,ALP+GRN+IND+LNP,positive_recipients_validated_against_3cp,False,5,ALP+LNP+IND
Blaxland,IND,ALP+LNP,ALP,17692.0,0.840834561095005,,BLAXLAND,ALP+LNP,positive_recipients_validated_against_3cp,False,3,ALP+LNP+IND
Blaxland,IND,ALP+LNP,LNP,3349.0,0.159165438904995,,BLAXLAND,ALP+LNP,positive_recipients_validated_against_3cp,False,3,ALP+LNP+IND
Blaxland,OTH,ALP+GRN+IND+LNP+ON,ALP,457.0,0.1262430939226519,,BLAXLAND,ALP+GRN+IND+LNP+ON,positive_recipients_validated_against_3cp,False,6,ALP+LNP+IND
Blaxland,OTH,ALP+GRN+IND+LNP+ON,LNP,725.0,0.2002762430939226,,BLAXLAND,ALP+GRN+IND+LNP+ON,positive_recipients_validated_against_3cp,False,6,ALP+LNP+IND
Blaxland,OTH,ALP+GRN+IND+LNP+ON,GRN,304.0,0.0839779005524861,,BLAXLAND,ALP+GRN+IND+LNP+ON,positive_recipients_validated_against_3cp,False,6,ALP+LNP+IND
Blaxland,OTH,ALP+GRN+IND+LNP+ON,ON,1604.0,0.4430939226519337,,BLAXLAND,ALP+GRN+IND+LNP+ON,positive_recipients_validated_against_3cp,False,6,ALP+LNP+IND
Blaxland,OTH,ALP+GRN+IND+LNP+ON,IND,530.0,0.1464088397790055,,BLAXLAND,ALP+GRN+IND+LNP+ON,positive_recipients_validated_against_3cp,False,6,ALP+LNP+IND
Grayndler,LNP,ALP+GRN,ALP,13176.0,0.6518577153317172,,GRAYNDLER,ALP+GRN,positive_recipients_validated_against_3cp,False,3,ALP+GRN+LNP
Grayndler,LNP,ALP+GRN,GRN,7037.0,0.3481422846682828,,GRAYNDLER,ALP+GRN,positive_recipients_validated_against_3cp,False,3,ALP+GRN+LNP
Grayndler,ON,ALP+GRN+LNP,ALP,603.0,0.1259398496240601,,GRAYNDLER,ALP+GRN+LNP,positive_recipients_validated_against_3cp,False,4,ALP+GRN+LNP
Grayndler,ON,ALP+GRN+LNP,LNP,3531.0,0.7374686716791979,,GRAYNDLER,ALP+GRN+LNP,positive_recipients_validated_against_3cp,False,4,ALP+GRN+LNP
Grayndler,ON,ALP+GRN+LNP,GRN,654.0,0.1365914786967418,,GRAYNDLER,ALP+GRN+LNP,positive_recipients_validated_against_3cp,False,4,ALP+GRN+LNP
Grayndler,IND,ALP+GRN+LNP+ON,ALP,829.0,0.2954383464005702,,GRAYNDLER,ALP+GRN+LNP+ON,positive_recipients_validated_against_3cp,False,5,ALP+GRN+LNP
Grayndler,IND,ALP+GRN+LNP+ON,LNP,430.0,0.1532430506058446,,GRAYNDLER,ALP+GRN+LNP+ON,positive_recipients_validated_against_3cp,False,5,ALP+GRN+LNP
Grayndler,IND,ALP+GRN+LNP+ON,GRN,1061.0,0.3781183178902352,,GRAYNDLER,ALP+GRN+LNP+ON,positive_recipients_validated_against_3cp,False,5,ALP+GRN+LNP
Grayndler,IND,ALP+GRN+LNP+ON,ON,486.0,0.1732002851033499,,GRAYNDLER,ALP+GRN+LNP+ON,positive_recipients_validated_against_3cp,False,5,ALP+GRN+LNP
Grayndler,OTH,ALP+GRN+IND+LNP+ON,ALP,166.0,0.0960092539039907,,GRAYNDLER,ALP+GRN+IND+LNP+ON,positive_recipients_validated_against_3cp,False,6,ALP+GRN+LNP
Grayndler,OTH,ALP+GRN+IND+LNP+ON,LNP,385.0,0.2226720647773279,,GRAYNDLER,ALP+GRN+IND+LNP+ON,positive_recipients_validated_against_3cp,False,6,ALP+GRN+LNP
Grayndler,OTH,ALP+GRN+IND+LNP+ON,GRN,141.0,0.0815500289184499,,GRAYNDLER,ALP+GRN+IND+LNP+ON,positive_recipients_validated_against_3cp,False,6,ALP+GRN+LNP
Grayndler,OTH,ALP+GRN+IND+LNP+ON,ON,797.0,0.4609600925390399,,GRAYNDLER,ALP+GRN+IND+LNP+ON,positive_recipients_validated_against_3cp,False,6,ALP+GRN+LNP
Grayndler,OTH,ALP+GRN+IND+LNP+ON,IND,240.0,0.1388085598611914,,GRAYNDLER,ALP+GRN+IND+LNP+ON,positive_recipients_validated_against_3cp,False,6,ALP+GRN+LNP
Parramatta*,GRN,ALP+LNP,ALP,12439.0,0.8526871401151631,,PARRAMATTA,ALP+LNP,positive_recipients_validated_against_3cp,False,3,ALP+LNP+GRN
Parramatta*,GRN,ALP+LNP,LNP,2149.0,0.1473128598848368,,PARRAMATTA,ALP+LNP,positive_recipients_validated_against_3cp,False,3,ALP+LNP+GRN
Parramatta*,ON,ALP+GRN+LNP,ALP,665.0,0.1390631534922626,,PARRAMATTA,ALP+GRN+LNP,positive_recipients_validated_against_3cp,False,4,ALP+LNP+GRN
Parramatta*,ON,ALP+GRN+LNP,LNP,3204.0,0.6700125470514429,,PARRAMATTA,ALP+GRN+LNP,positive_recipients_validated_against_3cp,False,4,ALP+LNP+GRN
Parramatta*,ON,ALP+GRN+LNP,GRN,913.0,0.1909242994562944,,PARRAMATTA,ALP+GRN+LNP,positive_recipients_validated_against_3cp,False,4,ALP+LNP+GRN
Parramatta*,IND,ALP+GRN+LNP+ON+OTH,ALP,737.0,0.2670289855072463,,PARRAMATTA,ALP+GRN+LNP+ON+OTH,positive_recipients_validated_against_3cp,False,5,ALP+LNP+GRN
Parramatta*,IND,ALP+GRN+LNP+ON+OTH,LNP,430.0,0.1557971014492753,,PARRAMATTA,ALP+GRN+LNP+ON+OTH,positive_recipients_validated_against_3cp,False,5,ALP+LNP+GRN
Parramatta*,IND,ALP+GRN+LNP+ON+OTH,GRN,790.0,0.286231884057971,,PARRAMATTA,ALP+GRN+LNP+ON+OTH,positive_recipients_validated_against_3cp,False,5,ALP+LNP+GRN
Parramatta*,IND,ALP+GRN+LNP+ON+OTH,ON,407.0,0.147463768115942,,PARRAMATTA,ALP+GRN+LNP+ON+OTH,positive_recipients_validated_against_3cp,False,5,ALP+LNP+GRN
Parramatta*,IND,ALP+GRN+LNP+ON+OTH,OTH,396.0,0.1434782608695652,,PARRAMATTA,ALP+GRN+LNP+ON+OTH,positive_recipients_validated_against_3cp,False,5,ALP+LNP+GRN
Parramatta*,OTH,ALP+GRN+IND+LNP+ON,ALP,522.0,0.1196424478569791,,PARRAMATTA,ALP+GRN+IND+LNP+ON,positive_recipients_validated_against_3cp,False,6,ALP+LNP+GRN
Parramatta*,OTH,ALP+GRN+IND+LNP+ON,LNP,757.0,0.1735044694017877,,PARRAMATTA,ALP+GRN+IND+LNP+ON,positive_recipients_validated_against_3cp,False,6,ALP+LNP+GRN
Parramatta*,OTH,ALP+GRN+IND+LNP+ON,GRN,1119.0,0.256474902589961,,PARRAMATTA,ALP+GRN+IND+LNP+ON,positive_recipients_validated_against_3cp,False,6,ALP+LNP+GRN
Parramatta*,OTH,ALP+GRN+IND+LNP+ON,ON,1722.0,0.3946825578730231,,PARRAMATTA,ALP+GRN+IND+LNP+ON,positive_recipients_validated_against_3cp,False,6,ALP+LNP+GRN
Parramatta*,OTH,ALP+GRN+IND+LNP+ON,IND,243.0,0.0556956222782489,,PARRAMATTA,ALP+GRN+IND+LNP+ON,positive_recipients_validated_against_3cp,False,6,ALP+LNP+GRN
Reid,GRN,ALP+LNP,ALP,11562.0,0.8320978769341489,,REID,ALP+LNP,positive_recipients_validated_against_3cp,False,3,ALP+LNP+GRN
Reid,GRN,ALP+LNP,LNP,2333.0,0.167902123065851,,REID,ALP+LNP,positive_recipients_validated_against_3cp,False,3,ALP+LNP+GRN
Reid,ON,ALP+GRN+LNP,ALP,700.0,0.1653673517599811,,REID,ALP+GRN+LNP,positive_recipients_validated_against_3cp,False,4,ALP+LNP+GRN
Reid,ON,ALP+GRN+LNP,LNP,2855.0,0.6744625561067801,,REID,ALP+GRN+LNP,positive_recipients_validated_against_3cp,False,4,ALP+LNP+GRN
Reid,ON,ALP+GRN+LNP,GRN,678.0,0.1601700921332388,,REID,ALP+GRN+LNP,positive_recipients_validated_against_3cp,False,4,ALP+LNP+GRN
Reid,IND,ALP+GRN+LNP+ON,ALP,1086.0,0.3045429052159282,,REID,ALP+GRN+LNP+ON,positive_recipients_validated_against_3cp,False,4,ALP+LNP+GRN
Reid,IND,ALP+GRN+LNP+ON,LNP,569.0,0.159562535053281,,REID,ALP+GRN+LNP+ON,positive_recipients_validated_against_3cp,False,4,ALP+LNP+GRN
Reid,IND,ALP+GRN+LNP+ON,GRN,1350.0,0.3785754346606842,,REID,ALP+GRN+LNP+ON,positive_recipients_validated_against_3cp,False,4,ALP+LNP+GRN
Reid,IND,ALP+GRN+LNP+ON,ON,561.0,0.1573191250701065,,REID,ALP+GRN+LNP+ON,positive_recipients_validated_against_3cp,False,4,ALP+LNP+GRN
Reid,OTH,ALP+GRN+IND+LNP+ON,ALP,238.0,0.0848787446504992,,REID,ALP+GRN+IND+LNP+ON,positive_recipients_validated_against_3cp,False,6,ALP+LNP+GRN
Reid,OTH,ALP+GRN+IND+LNP+ON,LNP,591.0,0.2107703281027104,,REID,ALP+GRN+IND+LNP+ON,positive_recipients_validated_against_3cp,False,6,ALP+LNP+GRN
Reid,OTH,ALP+GRN+IND+LNP+ON,GRN,187.0,0.0666904422253922,,REID,ALP+GRN+IND+LNP+ON,positive_recipients_validated_against_3cp,False,6,ALP+LNP+GRN
Reid,OTH,ALP+GRN+IND+LNP+ON,ON,1320.0,0.470756062767475,,REID,ALP+GRN+IND+LNP+ON,positive_recipients_validated_against_3cp,False,6,ALP+LNP+GRN
Reid,OTH,ALP+GRN+IND+LNP+ON,IND,468.0,0.1669044222539229,,REID,ALP+GRN+IND+LNP+ON,positive_recipients_validated_against_3cp,False,6,ALP+LNP+GRN
Watson*,LNP,ALP+IND,ALP,8476.0,0.4840109639104614,,WATSON,ALP+IND,positive_recipients_validated_against_3cp,False,3,ALP+IND+LNP
Watson*,LNP,ALP+IND,IND,9036.0,0.5159890360895386,,WATSON,ALP+IND,positive_recipients_validated_against_3cp,False,3,ALP+IND+LNP
Watson*,GRN,ALP+IND+LNP,ALP,4433.0,0.5085465182975795,,WATSON,ALP+IND+LNP,positive_recipients_validated_against_3cp,False,4,ALP+IND+LNP
Watson*,GRN,ALP+IND+LNP,LNP,1042.0,0.1195365377997017,,WATSON,ALP+IND+LNP,positive_recipients_validated_against_3cp,False,4,ALP+IND+LNP
Watson*,GRN,ALP+IND+LNP,IND,3242.0,0.3719169439027188,,WATSON,ALP+IND+LNP,positive_recipients_validated_against_3cp,False,4,ALP+IND+LNP
Watson*,ON,ALP+GRN+IND+LNP+OTH,ALP,520.0,0.1403508771929824,,WATSON,ALP+GRN+IND+LNP+OTH,positive_recipients_validated_against_3cp,False,6,ALP+IND+LNP
Watson*,ON,ALP+GRN+IND+LNP+OTH,LNP,1339.0,0.3614035087719298,,WATSON,ALP+GRN+IND+LNP+OTH,positive_recipients_validated_against_3cp,False,6,ALP+IND+LNP
Watson*,ON,ALP+GRN+IND+LNP+OTH,GRN,339.0,0.091497975708502,,WATSON,ALP+GRN+IND+LNP+OTH,positive_recipients_validated_against_3cp,False,6,ALP+IND+LNP
Watson*,ON,ALP+GRN+IND+LNP+OTH,IND,551.0,0.1487179487179487,,WATSON,ALP+GRN+IND+LNP+OTH,positive_recipients_validated_against_3cp,False,6,ALP+IND+LNP
Watson*,ON,ALP+GRN+IND+LNP+OTH,OTH,956.0,0.258029689608637,,WATSON,ALP+GRN+IND+LNP+OTH,positive_recipients_validated_against_3cp,False,6,ALP+IND+LNP
Watson*,OTH,ALP+GRN+IND+LNP,ALP,1907.0,0.2179677677448851,,WATSON,ALP+GRN+IND+LNP,positive_recipients_validated_against_3cp,False,5,ALP+IND+LNP
Watson*,OTH,ALP+GRN+IND+LNP,LNP,2919.0,0.3336381300720082,,WATSON,ALP+GRN+IND+LNP,positive_recipients_validated_against_3cp,False,5,ALP+IND+LNP
Watson*,OTH,ALP+GRN+IND+LNP,GRN,1073.0,0.1226425877243113,,WATSON,ALP+GRN+IND+LNP,positive_recipients_validated_against_3cp,False,5,ALP+IND+LNP
Watson*,OTH,ALP+GRN+IND+LNP,IND,2850.0,0.3257515144587953,,WATSON,ALP+GRN+IND+LNP,positive_recipients_validated_against_3cp,False,5,ALP+IND+LNP
Berowra*,GRN,ALP+IND+LNP,ALP,7318.0,0.500341856967045,,BEROWRA,ALP+IND+LNP,positive_recipients_validated_against_3cp,False,4,LNP+ALP+IND
Berowra*,GRN,ALP+IND+LNP,LNP,1005.0,0.0687132503760426,,BEROWRA,ALP+IND+LNP,positive_recipients_validated_against_3cp,False,4,LNP+ALP+IND
Berowra*,GRN,ALP+IND+LNP,IND,6303.0,0.4309448926569123,,BEROWRA,ALP+IND+LNP,positive_recipients_validated_against_3cp,False,4,LNP+ALP+IND
Berowra*,ON,ALP+GRN+IND+LNP,ALP,524.0,0.0880080618071884,,BEROWRA,ALP+GRN+IND+LNP,positive_recipients_validated_against_3cp,False,5,LNP+ALP+IND
Berowra*,ON,ALP+GRN+IND+LNP,LNP,3726.0,0.6257977830030231,,BEROWRA,ALP+GRN+IND+LNP,positive_recipients_validated_against_3cp,False,5,LNP+ALP+IND
Berowra*,ON,ALP+GRN+IND+LNP,GRN,336.0,0.0564326503191132,,BEROWRA,ALP+GRN+IND+LNP,positive_recipients_validated_against_3cp,False,5,LNP+ALP+IND
Berowra*,ON,ALP+GRN+IND+LNP,IND,1368.0,0.2297615048706751,,BEROWRA,ALP+GRN+IND+LNP,positive_recipients_validated_against_3cp,False,5,LNP+ALP+IND
Berowra*,IND,ALP+LNP,ALP,16309.0,0.7362979683972912,,BEROWRA,ALP+LNP,positive_recipients_validated_against_3cp,False,3,LNP+ALP+IND
Berowra*,IND,ALP+LNP,LNP,5841.0,0.2637020316027088,,BEROWRA,ALP+LNP,positive_recipients_validated_against_3cp,False,3,LNP+ALP+IND
Berowra*,OTH,ALP+GRN+IND+LNP+ON,ALP,524.0,0.1160061988045162,,BEROWRA,ALP+GRN+IND+LNP+ON,positive_recipients_validated_against_3cp,False,6,LNP+ALP+IND
Berowra*,OTH,ALP+GRN+IND+LNP+ON,LNP,891.0,0.1972548151427939,,BEROWRA,ALP+GRN+IND+LNP+ON,positive_recipients_validated_against_3cp,False,6,LNP+ALP+IND
Berowra*,OTH,ALP+GRN+IND+LNP+ON,GRN,509.0,0.1126854106707992,,BEROWRA,ALP+GRN+IND+LNP+ON,positive_recipients_validated_against_3cp,False,6,LNP+ALP+IND
Berowra*,OTH,ALP+GRN+IND+LNP+ON,ON,1249.0,0.2765109586008412,,BEROWRA,ALP+GRN+IND+LNP+ON,positive_recipients_validated_against_3cp,False,6,LNP+ALP+IND
Berowra*,OTH,ALP+GRN+IND+LNP+ON,IND,1344.0,0.2975426167810494,,BEROWRA,ALP+GRN+IND+LNP+ON,positive_recipients_validated_against_3cp,False,6,LNP+ALP+IND
Mackellar*,ALP,IND+LNP,LNP,3674.0,0.2239015174599305,,MACKELLAR,IND+LNP,positive_recipients_validated_against_3cp,False,3,IND+LNP+ALP
Mackellar*,ALP,IND+LNP,IND,12735.0,0.7760984825400695,,MACKELLAR,IND+LNP,positive_recipients_validated_against_3cp,False,3,IND+LNP+ALP
Mackellar*,GRN,ALP+IND+LNP,ALP,2139.0,0.2592098885118759,,MACKELLAR,ALP+IND+LNP,positive_recipients_validated_against_3cp,False,4,IND+LNP+ALP
Mackellar*,GRN,ALP+IND+LNP,LNP,1419.0,0.1719583131362094,,MACKELLAR,ALP+IND+LNP,positive_recipients_validated_against_3cp,False,4,IND+LNP+ALP
Mackellar*,GRN,ALP+IND+LNP,IND,4694.0,0.5688317983519147,,MACKELLAR,ALP+IND+LNP,positive_recipients_validated_against_3cp,False,4,IND+LNP+ALP
Mackellar*,ON,ALP+GRN+IND+LNP,ALP,332.0,0.0591484054872617,,MACKELLAR,ALP+GRN+IND+LNP,positive_recipients_validated_against_3cp,False,5,IND+LNP+ALP
Mackellar*,ON,ALP+GRN+IND+LNP,LNP,3467.0,0.6176732585070372,,MACKELLAR,ALP+GRN+IND+LNP,positive_recipients_validated_against_3cp,False,5,IND+LNP+ALP
Mackellar*,ON,ALP+GRN+IND+LNP,GRN,857.0,0.1526812756101906,,MACKELLAR,ALP+GRN+IND+LNP,positive_recipients_validated_against_3cp,False,5,IND+LNP+ALP
Mackellar*,ON,ALP+GRN+IND+LNP,IND,957.0,0.1704970603955104,,MACKELLAR,ALP+GRN+IND+LNP,positive_recipients_validated_against_3cp,False,5,IND+LNP+ALP
Mackellar*,OTH,ALP+GRN+IND+LNP+ON,ALP,439.0,0.0671664626682986,,MACKELLAR,ALP+GRN+IND+LNP+ON,positive_recipients_validated_against_3cp,False,6,IND+LNP+ALP
Mackellar*,OTH,ALP+GRN+IND+LNP+ON,LNP,1385.0,0.2119033047735618,,MACKELLAR,ALP+GRN+IND+LNP+ON,positive_recipients_validated_against_3cp,False,6,IND+LNP+ALP
Mackellar*,OTH,ALP+GRN+IND+LNP+ON,GRN,537.0,0.0821603427172582,,MACKELLAR,ALP+GRN+IND+LNP+ON,positive_recipients_validated_against_3cp,False,6,IND+LNP+ALP
Mackellar*,OTH,ALP+GRN+IND+LNP+ON,ON,2788.0,0.4265605875152999,,MACKELLAR,ALP+GRN+IND+LNP+ON,positive_recipients_validated_against_3cp,False,6,IND+LNP+ALP
Mackellar*,OTH,ALP+GRN+IND+LNP+ON,IND,1387.0,0.2122093023255813,,MACKELLAR,ALP+GRN+IND+LNP+ON,positive_recipients_validated_against_3cp,False,6,IND+LNP+ALP
Mitchell,GRN,ALP+LNP,ALP,12795.0,0.7932915865831731,,MITCHELL,ALP+LNP,positive_recipients_validated_against_3cp,False,3,LNP+ALP+GRN
Mitchell,GRN,ALP+LNP,LNP,3334.0,0.2067084134168268,,MITCHELL,ALP+LNP,positive_recipients_validated_against_3cp,False,3,LNP+ALP+GRN
Mitchell,ON,ALP+GRN+LNP,ALP,1051.0,0.1740354363305183,,MITCHELL,ALP+GRN+LNP,positive_recipients_validated_against_3cp,False,4,LNP+ALP+GRN
Mitchell,ON,ALP+GRN+LNP,LNP,4174.0,0.6911740354363305,,MITCHELL,ALP+GRN+LNP,positive_recipients_validated_against_3cp,False,4,LNP+ALP+GRN
Mitchell,ON,ALP+GRN+LNP,GRN,814.0,0.1347905282331511,,MITCHELL,ALP+GRN+LNP,positive_recipients_validated_against_3cp,False,4,LNP+ALP+GRN
Mitchell,OTH,ALP+GRN+LNP+ON,ALP,362.0,0.1353271028037383,,MITCHELL,ALP+GRN+LNP+ON,positive_recipients_validated_against_3cp,False,5,LNP+ALP+GRN
Mitchell,OTH,ALP+GRN+LNP+ON,LNP,683.0,0.2553271028037383,,MITCHELL,ALP+GRN+LNP+ON,positive_recipients_validated_against_3cp,False,5,LNP+ALP+GRN
Mitchell,OTH,ALP+GRN+LNP+ON,GRN,271.0,0.1013084112149532,,MITCHELL,ALP+GRN+LNP+ON,positive_recipients_validated_against_3cp,False,5,LNP+ALP+GRN
Mitchell,OTH,ALP+GRN+LNP+ON,ON,1359.0,0.5080373831775701,,MITCHELL,ALP+GRN+LNP+ON,positive_recipients_validated_against_3cp,False,5,LNP+ALP+GRN
Chifley,GRN,ALP+LNP,ALP,10990.0,0.7911597437189547,,CHIFLEY,ALP+LNP,positive_recipients_validated_against_3cp,False,3,ALP+LNP+GRN
Chifley,GRN,ALP+LNP,LNP,2901.0,0.2088402562810452,,CHIFLEY,ALP+LNP,positive_recipients_validated_against_3cp,False,3,ALP+LNP+GRN
Chifley,ON,ALP+GRN+LNP,ALP,1825.0,0.2230233410729561,,CHIFLEY,ALP+GRN+LNP,positive_recipients_validated_against_3cp,False,4,ALP+LNP+GRN
Chifley,ON,ALP+GRN+LNP,LNP,4629.0,0.5656849566173775,,CHIFLEY,ALP+GRN+LNP,positive_recipients_validated_against_3cp,False,4,ALP+LNP+GRN
Chifley,ON,ALP+GRN+LNP,GRN,1729.0,0.2112917023096663,,CHIFLEY,ALP+GRN+LNP,positive_recipients_validated_against_3cp,False,4,ALP+LNP+GRN
Chifley,IND,ALP+GRN+LNP+ON+OTH,ALP,301.0,0.1981566820276497,,CHIFLEY,ALP+GRN+LNP+ON+OTH,positive_recipients_validated_against_3cp,False,6,ALP+LNP+GRN
Chifley,IND,ALP+GRN+LNP+ON+OTH,LNP,151.0,0.0994075049374588,,CHIFLEY,ALP+GRN+LNP+ON+OTH,positive_recipients_validated_against_3cp,False,6,ALP+LNP+GRN
Chifley,IND,ALP+GRN+LNP+ON+OTH,GRN,214.0,0.140882159315339,,CHIFLEY,ALP+GRN+LNP+ON+OTH,positive_recipients_validated_against_3cp,False,6,ALP+LNP+GRN
Chifley,IND,ALP+GRN+LNP+ON+OTH,ON,151.0,0.0994075049374588,,CHIFLEY,ALP+GRN+LNP+ON+OTH,positive_recipients_validated_against_3cp,False,6,ALP+LNP+GRN
Chifley,IND,ALP+GRN+LNP+ON+OTH,OTH,702.0,0.4621461487820935,,CHIFLEY,ALP+GRN+LNP+ON+OTH,positive_recipients_validated_against_3cp,False,6,ALP+LNP+GRN
Chifley,OTH,ALP+GRN+LNP+ON,ALP,2246.0,0.2281592848435595,,CHIFLEY,ALP+GRN+LNP+ON,positive_recipients_validated_against_3cp,False,5,ALP+LNP+GRN
Chifley,OTH,ALP+GRN+LNP+ON,LNP,1680.0,0.1706623323852092,,CHIFLEY,ALP+GRN+LNP+ON,positive_recipients_validated_against_3cp,False,5,ALP+LNP+GRN
Chifley,OTH,ALP+GRN+LNP+ON,GRN,3224.0,0.3275091426249492,,CHIFLEY,ALP+GRN+LNP+ON,positive_recipients_validated_against_3cp,False,5,ALP+LNP+GRN
Chifley,OTH,ALP+GRN+LNP+ON,ON,2694.0,0.273669240146282,,CHIFLEY,ALP+GRN+LNP+ON,positive_recipients_validated_against_3cp,False,5,ALP+LNP+GRN
Fowler,LNP,ALP+IND,ALP,4183.0,0.304705710955711,,FOWLER,ALP+IND,positive_recipients_validated_against_3cp,False,3,IND+ALP+LNP
Fowler,LNP,ALP+IND,IND,9545.0,0.695294289044289,,FOWLER,ALP+IND,positive_recipients_validated_against_3cp,False,3,IND+ALP+LNP
Fowler,GRN,ALP+IND+LNP,ALP,3760.0,0.5015339469120982,,FOWLER,ALP+IND+LNP,positive_recipients_validated_against_3cp,True,3,IND+ALP+LNP
Fowler,GRN,ALP+IND+LNP,LNP,642.0,0.0856342537014805,,FOWLER,ALP+IND+LNP,positive_recipients_validated_against_3cp,True,3,IND+ALP+LNP
Fowler,GRN,ALP+IND+LNP,IND,3095.0,0.4128317993864212,,FOWLER,ALP+IND+LNP,positive_recipients_validated_against_3cp,True,3,IND+ALP+LNP
Fowler,ON,ALP+GRN+IND+LNP+OTH,ALP,489.0,0.121520874751491,,FOWLER,ALP+GRN+IND+LNP+OTH,positive_recipients_validated_against_3cp,False,6,IND+ALP+LNP
Fowler,ON,ALP+GRN+IND+LNP+OTH,LNP,895.0,0.2224155069582505,,FOWLER,ALP+GRN+IND+LNP+OTH,positive_recipients_validated_against_3cp,False,6,IND+ALP+LNP
Fowler,ON,ALP+GRN+IND+LNP+OTH,GRN,405.0,0.1006461232604373,,FOWLER,ALP+GRN+IND+LNP+OTH,positive_recipients_validated_against_3cp,False,6,IND+ALP+LNP
Fowler,ON,ALP+GRN+IND+LNP+OTH,IND,1165.0,0.2895129224652087,,FOWLER,ALP+GRN+IND+LNP+OTH,positive_recipients_validated_against_3cp,False,6,IND+ALP+LNP
Fowler,ON,ALP+GRN+IND+LNP+OTH,OTH,1070.0,0.2659045725646123,,FOWLER,ALP+GRN+IND+LNP+OTH,positive_recipients_validated_against_3cp,False,6,IND+ALP+LNP
Fowler,OTH,ALP+GRN+IND+LNP,ALP,664.0,0.1035235422513252,,FOWLER,ALP+GRN+IND+LNP,positive_recipients_validated_against_3cp,False,5,IND+ALP+LNP
Fowler,OTH,ALP+GRN+IND+LNP,LNP,829.0,0.1292485188649828,,FOWLER,ALP+GRN+IND+LNP,positive_recipients_validated_against_3cp,False,5,IND+ALP+LNP
Fowler,OTH,ALP+GRN+IND+LNP,GRN,823.0,0.1283130651699407,,FOWLER,ALP+GRN+IND+LNP,positive_recipients_validated_against_3cp,False,5,IND+ALP+LNP
Fowler,OTH,ALP+GRN+IND+LNP,IND,4098.0,0.6389148737137512,,FOWLER,ALP+GRN+IND+LNP,positive_recipients_validated_against_3cp,False,5,IND+ALP+LNP
Greenway,GRN,ALP+LNP,ALP,10609.0,0.7577315906006714,,GREENWAY,ALP+LNP,positive_recipients_validated_against_3cp,False,3,ALP+LNP+GRN
Greenway,GRN,ALP+LNP,LNP,3392.0,0.2422684093993286,,GREENWAY,ALP+LNP,positive_recipients_validated_against_3cp,False,3,ALP+LNP+GRN
Greenway,ON,ALP+GRN+LNP,ALP,1884.0,0.2477317554240631,,GREENWAY,ALP+GRN+LNP,positive_recipients_validated_against_3cp,False,4,ALP+LNP+GRN
Greenway,ON,ALP+GRN+LNP,LNP,4294.0,0.5646285338593031,,GREENWAY,ALP+GRN+LNP,positive_recipients_validated_against_3cp,False,4,ALP+LNP+GRN
Greenway,ON,ALP+GRN+LNP,GRN,1427.0,0.1876397107166338,,GREENWAY,ALP+GRN+LNP,positive_recipients_validated_against_3cp,False,4,ALP+LNP+GRN
Greenway,IND,ALP+GRN+LNP+ON,ALP,696.0,0.2005185825410544,,GREENWAY,ALP+GRN+LNP+ON,positive_recipients_validated_against_3cp,False,5,ALP+LNP+GRN
Greenway,IND,ALP+GRN+LNP+ON,LNP,586.0,0.1688274272543935,,GREENWAY,ALP+GRN+LNP+ON,positive_recipients_validated_against_3cp,False,5,ALP+LNP+GRN
Greenway,IND,ALP+GRN+LNP+ON,GRN,1280.0,0.3687698069720541,,GREENWAY,ALP+GRN+LNP+ON,positive_recipients_validated_against_3cp,False,5,ALP+LNP+GRN
Greenway,IND,ALP+GRN+LNP+ON,ON,909.0,0.2618841832324978,,GREENWAY,ALP+GRN+LNP+ON,positive_recipients_validated_against_3cp,False,5,ALP+LNP+GRN
Greenway,OTH,ALP+GRN+IND+LNP+ON,ALP,527.0,0.1227293898462971,,GREENWAY,ALP+GRN+IND+LNP+ON,positive_recipients_validated_against_3cp,False,6,ALP+LNP+GRN
Greenway,OTH,ALP+GRN+IND+LNP+ON,LNP,735.0,0.1711690731252911,,GREENWAY,ALP+GRN+IND+LNP+ON,positive_recipients_validated_against_3cp,False,6,ALP+LNP+GRN
Greenway,OTH,ALP+GRN+IND+LNP+ON,GRN,276.0,0.0642757335817419,,GREENWAY,ALP+GRN+IND+LNP+ON,positive_recipients_validated_against_3cp,False,6,ALP+LNP+GRN
Greenway,OTH,ALP+GRN+IND+LNP+ON,ON,1996.0,0.4648346530041919,,GREENWAY,ALP+GRN+IND+LNP+ON,positive_recipients_validated_against_3cp,False,6,ALP+LNP+GRN
Greenway,OTH,ALP+GRN+IND+LNP+ON,IND,760.0,0.1769911504424778,,GREENWAY,ALP+GRN+IND+LNP+ON,positive_recipients_validated_against_3cp,False,6,ALP+LNP+GRN
Lindsay,GRN,ALP+LNP+ON,ALP,8585.0,0.7495852615035362,,LINDSAY,ALP+LNP+ON,positive_recipients_validated_against_3cp,False,4,LNP+ALP+ON
Lindsay,GRN,ALP+LNP+ON,LNP,1401.0,0.1223260281149044,,LINDSAY,ALP+LNP+ON,positive_recipients_validated_against_3cp,False,4,LNP+ALP+ON
Lindsay,GRN,ALP+LNP+ON,ON,1467.0,0.1280887103815594,,LINDSAY,ALP+LNP+ON,positive_recipients_validated_against_3cp,False,4,LNP+ALP+ON
Lindsay,ON,ALP+LNP,ALP,4323.0,0.3327432266009852,,LINDSAY,ALP+LNP,positive_recipients_validated_against_3cp,False,3,LNP+ALP+ON
Lindsay,ON,ALP+LNP,LNP,8669.0,0.6672567733990148,,LINDSAY,ALP+LNP,positive_recipients_validated_against_3cp,False,3,LNP+ALP+ON
Lindsay,IND,ALP+GRN+LNP+ON+OTH,ALP,153.0,0.1392174704276615,,LINDSAY,ALP+GRN+LNP+ON+OTH,positive_recipients_validated_against_3cp,False,6,LNP+ALP+ON
Lindsay,IND,ALP+GRN+LNP+ON+OTH,LNP,127.0,0.1155595996360327,,LINDSAY,ALP+GRN+LNP+ON+OTH,positive_recipients_validated_against_3cp,False,6,LNP+ALP+ON
Lindsay,IND,ALP+GRN+LNP+ON+OTH,GRN,123.0,0.1119199272065514,,LINDSAY,ALP+GRN+LNP+ON+OTH,positive_recipients_validated_against_3cp,False,6,LNP+ALP+ON
Lindsay,IND,ALP+GRN+LNP+ON+OTH,ON,115.0,0.1046405823475887,,LINDSAY,ALP+GRN+LNP+ON+OTH,positive_recipients_validated_against_3cp,False,6,LNP+ALP+ON
Lindsay,IND,ALP+GRN+LNP+ON+OTH,OTH,581.0,0.5286624203821656,,LINDSAY,ALP+GRN+LNP+ON+OTH,positive_recipients_validated_against_3cp,False,6,LNP+ALP+ON
Lindsay,OTH,ALP+GRN+LNP+ON,ALP,1779.0,0.1603569497025419,,LINDSAY,ALP+GRN+LNP+ON,positive_recipients_validated_against_3cp,False,5,LNP+ALP+ON
Lindsay,OTH,ALP+GRN+LNP+ON,LNP,2604.0,0.2347214710654407,,LINDSAY,ALP+GRN+LNP+ON,positive_recipients_validated_against_3cp,False,5,LNP+ALP+ON
Lindsay,OTH,ALP+GRN+LNP+ON,GRN,2037.0,0.1836127636560303,,LINDSAY,ALP+GRN+LNP+ON,positive_recipients_validated_against_3cp,False,5,LNP+ALP+ON
Lindsay,OTH,ALP+GRN+LNP+ON,ON,4674.0,0.421308815575987,,LINDSAY,ALP+GRN+LNP+ON,positive_recipients_validated_against_3cp,False,5,LNP+ALP+ON
McMahon,GRN,ALP+IND+LNP,ALP,5867.0,0.6128055149362858,,MCMAHON,ALP+IND+LNP,positive_recipients_validated_against_3cp,False,4,ALP+LNP+IND
McMahon,GRN,ALP+IND+LNP,LNP,787.0,0.0822017965322749,,MCMAHON,ALP+IND+LNP,positive_recipients_validated_against_3cp,False,4,ALP+LNP+IND
McMahon,GRN,ALP+IND+LNP,IND,2920.0,0.3049926885314393,,MCMAHON,ALP+IND+LNP,positive_recipients_validated_against_3cp,False,4,ALP+LNP+IND
McMahon,ON,ALP+GRN+IND+LNP,ALP,1271.0,0.1487593632958801,,MCMAHON,ALP+GRN+IND+LNP,positive_recipients_validated_against_3cp,False,5,ALP+LNP+IND
McMahon,ON,ALP+GRN+IND+LNP,LNP,3646.0,0.4267322097378277,,MCMAHON,ALP+GRN+IND+LNP,positive_recipients_validated_against_3cp,False,5,ALP+LNP+IND
McMahon,ON,ALP+GRN+IND+LNP,GRN,651.0,0.0761938202247191,,MCMAHON,ALP+GRN+IND+LNP,positive_recipients_validated_against_3cp,False,5,ALP+LNP+IND
McMahon,ON,ALP+GRN+IND+LNP,IND,2976.0,0.348314606741573,,MCMAHON,ALP+GRN+IND+LNP,positive_recipients_validated_against_3cp,False,5,ALP+LNP+IND
McMahon,IND,ALP+LNP,ALP,6067.0,0.391192210974273,,MCMAHON,ALP+LNP,positive_recipients_validated_against_3cp,False,3,ALP+LNP+IND
McMahon,IND,ALP+LNP,LNP,9442.0,0.608807789025727,,MCMAHON,ALP+LNP,positive_recipients_validated_against_3cp,False,3,ALP+LNP+IND
Hughes,GRN,ALP+LNP,ALP,11361.0,0.8251743172574085,,HUGHES,ALP+LNP,positive_recipients_validated_against_3cp,False,3,ALP+LNP+GRN
Hughes,GRN,ALP+LNP,LNP,2407.0,0.1748256827425915,,HUGHES,ALP+LNP,positive_recipients_validated_against_3cp,False,3,ALP+LNP+GRN
Hughes,ON,ALP+GRN+LNP,ALP,1325.0,0.1496836873023045,,HUGHES,ALP+GRN+LNP,positive_recipients_validated_against_3cp,False,4,ALP+LNP+GRN
Hughes,ON,ALP+GRN+LNP,LNP,6047.0,0.6831224582015364,,HUGHES,ALP+GRN+LNP,positive_recipients_validated_against_3cp,False,4,ALP+LNP+GRN
Hughes,ON,ALP+GRN+LNP,GRN,1480.0,0.167193854496159,,HUGHES,ALP+GRN+LNP,positive_recipients_validated_against_3cp,False,4,ALP+LNP+GRN
Hughes,OTH,ALP+GRN+LNP+ON,ALP,1135.0,0.1481916699308003,,HUGHES,ALP+GRN+LNP+ON,positive_recipients_validated_against_3cp,False,5,ALP+LNP+GRN
Hughes,OTH,ALP+GRN+LNP+ON,LNP,1858.0,0.2425904165034599,,HUGHES,ALP+GRN+LNP+ON,positive_recipients_validated_against_3cp,False,5,ALP+LNP+GRN
Hughes,OTH,ALP+GRN+LNP+ON,GRN,1067.0,0.139313226269748,,HUGHES,ALP+GRN+LNP+ON,positive_recipients_validated_against_3cp,False,5,ALP+LNP+GRN
Hughes,OTH,ALP+GRN+LNP+ON,ON,3599.0,0.4699046872959916,,HUGHES,ALP+GRN+LNP+ON,positive_recipients_validated_against_3cp,False,5,ALP+LNP+GRN
Hume,GRN,ALP+LNP+ON,ALP,7358.0,0.7062098090027834,,HUME,ALP+LNP+ON,positive_recipients_validated_against_3cp,False,4,LNP+ALP+ON
Hume,GRN,ALP+LNP+ON,LNP,1491.0,0.1431039447163835,,HUME,ALP+LNP+ON,positive_recipients_validated_against_3cp,False,4,LNP+ALP+ON
Hume,GRN,ALP+LNP+ON,ON,1570.0,0.1506862462808331,,HUME,ALP+LNP+ON,positive_recipients_validated_against_3cp,False,4,LNP+ALP+ON
Hume,ON,ALP+LNP,ALP,4652.0,0.3206506754893851,,HUME,ALP+LNP,positive_recipients_validated_against_3cp,False,3,LNP+ALP+ON
Hume,ON,ALP+LNP,LNP,9856.0,0.6793493245106148,,HUME,ALP+LNP,positive_recipients_validated_against_3cp,False,3,LNP+ALP+ON
Hume,IND,ALP+GRN+LNP+ON,ALP,1885.0,0.3357079252003562,,HUME,ALP+GRN+LNP+ON,positive_recipients_validated_against_3cp,False,5,LNP+ALP+ON
Hume,IND,ALP+GRN+LNP+ON,LNP,1065.0,0.1896705253784505,,HUME,ALP+GRN+LNP+ON,positive_recipients_validated_against_3cp,False,5,LNP+ALP+ON
Hume,IND,ALP+GRN+LNP+ON,GRN,1222.0,0.2176313446126447,,HUME,ALP+GRN+LNP+ON,positive_recipients_validated_against_3cp,False,5,LNP+ALP+ON
Hume,IND,ALP+GRN+LNP+ON,ON,1443.0,0.2569902048085485,,HUME,ALP+GRN+LNP+ON,positive_recipients_validated_against_3cp,False,5,LNP+ALP+ON
Hume,OTH,ALP+GRN+IND+LNP+ON,ALP,752.0,0.0949255238576117,,HUME,ALP+GRN+IND+LNP+ON,positive_recipients_validated_against_3cp,False,6,LNP+ALP+ON
Hume,OTH,ALP+GRN+IND+LNP+ON,LNP,1720.0,0.2171168896743246,,HUME,ALP+GRN+IND+LNP+ON,positive_recipients_validated_against_3cp,False,6,LNP+ALP+ON
Hume,OTH,ALP+GRN+IND+LNP+ON,GRN,742.0,0.0936632163595051,,HUME,ALP+GRN+IND+LNP+ON,positive_recipients_validated_against_3cp,False,6,LNP+ALP+ON
Hume,OTH,ALP+GRN+IND+LNP+ON,ON,3528.0,0.4453420853319869,,HUME,ALP+GRN+IND+LNP+ON,positive_recipients_validated_against_3cp,False,6,LNP+ALP+ON
Hume,OTH,ALP+GRN+IND+LNP+ON,IND,1180.0,0.1489522847765715,,HUME,ALP+GRN+IND+LNP+ON,positive_recipients_validated_against_3cp,False,6,LNP+ALP+ON
Macarthur,GRN,ALP+LNP,ALP,12721.0,0.8195464501997165,,MACARTHUR,ALP+LNP,positive_recipients_validated_against_3cp,False,3,ALP+LNP+GRN
Macarthur,GRN,ALP+LNP,LNP,2801.0,0.1804535498002834,,MACARTHUR,ALP+LNP,positive_recipients_validated_against_3cp,False,3,ALP+LNP+GRN
Macarthur,ON,ALP+GRN+LNP,ALP,2168.0,0.2084815847677661,,MACARTHUR,ALP+GRN+LNP,positive_recipients_validated_against_3cp,False,4,ALP+LNP+GRN
Macarthur,ON,ALP+GRN+LNP,LNP,6314.0,0.6071737667083373,,MACARTHUR,ALP+GRN+LNP,positive_recipients_validated_against_3cp,False,4,ALP+LNP+GRN
Macarthur,ON,ALP+GRN+LNP,GRN,1917.0,0.1843446485238965,,MACARTHUR,ALP+GRN+LNP,positive_recipients_validated_against_3cp,False,4,ALP+LNP+GRN
Macarthur,OTH,ALP+GRN+LNP+ON,ALP,1396.0,0.1857618097139055,,MACARTHUR,ALP+GRN+LNP+ON,positive_recipients_validated_against_3cp,False,5,ALP+LNP+GRN
Macarthur,OTH,ALP+GRN+LNP+ON,LNP,1463.0,0.1946773120425815,,MACARTHUR,ALP+GRN+LNP+ON,positive_recipients_validated_against_3cp,False,5,ALP+LNP+GRN
Macarthur,OTH,ALP+GRN+LNP+ON,GRN,1593.0,0.2119760479041916,,MACARTHUR,ALP+GRN+LNP+ON,positive_recipients_validated_against_3cp,False,5,ALP+LNP+GRN
Macarthur,OTH,ALP+GRN+LNP+ON,ON,3063.0,0.4075848303393213,,MACARTHUR,ALP+GRN+LNP+ON,positive_recipients_validated_against_3cp,False,5,ALP+LNP+GRN
Werriwa,GRN,ALP+LNP,ALP,10012.0,0.7268239564428313,,WERRIWA,ALP+LNP,positive_recipients_validated_against_3cp,False,3,ALP+LNP+GRN
Werriwa,GRN,ALP+LNP,LNP,3763.0,0.2731760435571688,,WERRIWA,ALP+LNP,positive_recipients_validated_against_3cp,False,3,ALP+LNP+GRN
Werriwa,ON,ALP+GRN+LNP,ALP,1349.0,0.1920011386279533,,WERRIWA,ALP+GRN+LNP,positive_recipients_validated_against_3cp,False,4,ALP+LNP+GRN
Werriwa,ON,ALP+GRN+LNP,LNP,4132.0,0.5881013378878451,,WERRIWA,ALP+GRN+LNP,positive_recipients_validated_against_3cp,False,4,ALP+LNP+GRN
Werriwa,ON,ALP+GRN+LNP,GRN,1545.0,0.2198975234842015,,WERRIWA,ALP+GRN+LNP,positive_recipients_validated_against_3cp,False,4,ALP+LNP+GRN
Werriwa,IND,ALP+GRN+LNP+ON+OTH,ALP,617.0,0.2380401234567901,,WERRIWA,ALP+GRN+LNP+ON+OTH,positive_recipients_validated_against_3cp,False,6,ALP+LNP+GRN
Werriwa,IND,ALP+GRN+LNP+ON+OTH,LNP,538.0,0.2075617283950617,,WERRIWA,ALP+GRN+LNP+ON+OTH,positive_recipients_validated_against_3cp,False,6,ALP+LNP+GRN
Werriwa,IND,ALP+GRN+LNP+ON+OTH,GRN,690.0,0.2662037037037037,,WERRIWA,ALP+GRN+LNP+ON+OTH,positive_recipients_validated_against_3cp,False,6,ALP+LNP+GRN
Werriwa,IND,ALP+GRN+LNP+ON+OTH,ON,157.0,0.0605709876543209,,WERRIWA,ALP+GRN+LNP+ON+OTH,positive_recipients_validated_against_3cp,False,6,ALP+LNP+GRN
Werriwa,IND,ALP+GRN+LNP+ON+OTH,OTH,590.0,0.2276234567901234,,WERRIWA,ALP+GRN+LNP+ON+OTH,positive_recipients_validated_against_3cp,False,6,ALP+LNP+GRN
Werriwa,OTH,ALP+GRN+LNP+ON,ALP,2065.0,0.2094957897940549,,WERRIWA,ALP+GRN+LNP+ON,positive_recipients_validated_against_3cp,False,5,ALP+LNP+GRN
Werriwa,OTH,ALP+GRN+LNP+ON,LNP,2511.0,0.2547428223597443,,WERRIWA,ALP+GRN+LNP+ON,positive_recipients_validated_against_3cp,False,5,ALP+LNP+GRN
Werriwa,OTH,ALP+GRN+LNP+ON,GRN,1889.0,0.1916404585573703,,WERRIWA,ALP+GRN+LNP+ON,positive_recipients_validated_against_3cp,False,5,ALP+LNP+GRN
Werriwa,OTH,ALP+GRN+LNP+ON,ON,3392.0,0.3441209292888302,,WERRIWA,ALP+GRN+LNP+ON,positive_recipients_validated_against_3cp,False,5,ALP+LNP+GRN
Dobell,GRN,ALP+LNP,ALP,11856.0,0.7429036907074378,,DOBELL,ALP+LNP,positive_recipients_validated_against_3cp,False,3,ALP+LNP+GRN
Dobell,GRN,ALP+LNP,LNP,4103.0,0.2570963092925621,,DOBELL,ALP+LNP,positive_recipients_validated_against_3cp,False,3,ALP+LNP+GRN
Dobell,ON,ALP+GRN+LNP,ALP,2603.0,0.201221397649969,,DOBELL,ALP+GRN+LNP,positive_recipients_validated_against_3cp,False,4,ALP+LNP+GRN
Dobell,ON,ALP+GRN+LNP,LNP,7761.0,0.5999536178107606,,DOBELL,ALP+GRN+LNP,positive_recipients_validated_against_3cp,False,4,ALP+LNP+GRN
Dobell,ON,ALP+GRN+LNP,GRN,2572.0,0.1988249845392702,,DOBELL,ALP+GRN+LNP,positive_recipients_validated_against_3cp,False,4,ALP+LNP+GRN
Dobell,OTH,ALP+GRN+LNP+ON,ALP,2738.0,0.2555296313579094,,DOBELL,ALP+GRN+LNP+ON,positive_recipients_validated_against_3cp,False,5,ALP+LNP+GRN
Dobell,OTH,ALP+GRN+LNP+ON,LNP,1341.0,0.1251516565562296,,DOBELL,ALP+GRN+LNP+ON,positive_recipients_validated_against_3cp,False,5,ALP+LNP+GRN
Dobell,OTH,ALP+GRN+LNP+ON,GRN,2740.0,0.2557162855809612,,DOBELL,ALP+GRN+LNP+ON,positive_recipients_validated_against_3cp,False,5,ALP+LNP+GRN
Dobell,OTH,ALP+GRN+LNP+ON,ON,3896.0,0.3636024265048996,,DOBELL,ALP+GRN+LNP+ON,positive_recipients_validated_against_3cp,False,5,ALP+LNP+GRN
Newcastle,LNP,ALP+GRN,ALP,18788.0,0.691497975708502,,NEWCASTLE,ALP+GRN,positive_recipients_validated_against_3cp,False,3,ALP+GRN+LNP
Newcastle,LNP,ALP+GRN,GRN,8382.0,0.308502024291498,,NEWCASTLE,ALP+GRN,positive_recipients_validated_against_3cp,False,3,ALP+GRN+LNP
Newcastle,ON,ALP+GRN+LNP,ALP,1892.0,0.2145124716553288,,NEWCASTLE,ALP+GRN+LNP,positive_recipients_validated_against_3cp,False,4,ALP+GRN+LNP
Newcastle,ON,ALP+GRN+LNP,LNP,5064.0,0.5741496598639456,,NEWCASTLE,ALP+GRN+LNP,positive_recipients_validated_against_3cp,False,4,ALP+GRN+LNP
Newcastle,ON,ALP+GRN+LNP,GRN,1864.0,0.2113378684807256,,NEWCASTLE,ALP+GRN+LNP,positive_recipients_validated_against_3cp,False,4,ALP+GRN+LNP
Newcastle,IND,ALP+GRN+LNP+ON+OTH,ALP,156.0,0.1756756756756756,,NEWCASTLE,ALP+GRN+LNP+ON+OTH,positive_recipients_validated_against_3cp,False,6,ALP+GRN+LNP
Newcastle,IND,ALP+GRN+LNP+ON+OTH,LNP,92.0,0.1036036036036036,,NEWCASTLE,ALP+GRN+LNP+ON+OTH,positive_recipients_validated_against_3cp,False,6,ALP+GRN+LNP
Newcastle,IND,ALP+GRN+LNP+ON+OTH,GRN,164.0,0.1846846846846846,,NEWCASTLE,ALP+GRN+LNP+ON+OTH,positive_recipients_validated_against_3cp,False,6,ALP+GRN+LNP
Newcastle,IND,ALP+GRN+LNP+ON+OTH,ON,101.0,0.1137387387387387,,NEWCASTLE,ALP+GRN+LNP+ON+OTH,positive_recipients_validated_against_3cp,False,6,ALP+GRN+LNP
Newcastle,IND,ALP+GRN+LNP+ON+OTH,OTH,375.0,0.4222972972972973,,NEWCASTLE,ALP+GRN+LNP+ON+OTH,positive_recipients_validated_against_3cp,False,6,ALP+GRN+LNP
Newcastle,OTH,ALP+GRN+LNP+ON,ALP,1354.0,0.1599149639777961,,NEWCASTLE,ALP+GRN+LNP+ON,positive_recipients_validated_against_3cp,False,6,ALP+GRN+LNP
Newcastle,OTH,ALP+GRN+LNP+ON,LNP,1468.0,0.1733790008267391,,NEWCASTLE,ALP+GRN+LNP+ON,positive_recipients_validated_against_3cp,False,6,ALP+GRN+LNP
Newcastle,OTH,ALP+GRN+LNP+ON,GRN,2715.0,0.3206566670603519,,NEWCASTLE,ALP+GRN+LNP+ON,positive_recipients_validated_against_3cp,False,6,ALP+GRN+LNP
Newcastle,OTH,ALP+GRN+LNP+ON,ON,2930.0,0.3460493681351128,,NEWCASTLE,ALP+GRN+LNP+ON,positive_recipients_validated_against_3cp,False,6,ALP+GRN+LNP
Paterson*,GRN,ALP+IND+LNP+ON,ALP,6916.0,0.686179184442901,,PATERSON,ALP+IND+LNP+ON,positive_recipients_validated_against_3cp,False,5,ALP+LNP+IND
Paterson*,GRN,ALP+IND+LNP+ON,LNP,648.0,0.064292092469491,,PATERSON,ALP+IND+LNP+ON,positive_recipients_validated_against_3cp,False,5,ALP+LNP+IND
Paterson*,GRN,ALP+IND+LNP+ON,ON,669.0,0.0663756325032245,,PATERSON,ALP+IND+LNP+ON,positive_recipients_validated_against_3cp,False,5,ALP+LNP+IND
Paterson*,GRN,ALP+IND+LNP+ON,IND,1846.0,0.1831530905843833,,PATERSON,ALP+IND+LNP+ON,positive_recipients_validated_against_3cp,False,5,ALP+LNP+IND
Paterson*,ON,ALP+IND+LNP,ALP,2040.0,0.1673914827274965,,PATERSON,ALP+IND+LNP,positive_recipients_validated_against_3cp,False,4,ALP+LNP+IND
Paterson*,ON,ALP+IND+LNP,LNP,4658.0,0.3822105522277837,,PATERSON,ALP+IND+LNP,positive_recipients_validated_against_3cp,False,4,ALP+LNP+IND
Paterson*,ON,ALP+IND+LNP,IND,5489.0,0.4503979650447198,,PATERSON,ALP+IND+LNP,positive_recipients_validated_against_3cp,False,4,ALP+LNP+IND
Paterson*,IND,ALP+LNP,ALP,10212.0,0.4985111056870881,,PATERSON,ALP+LNP,positive_recipients_validated_against_3cp,False,3,ALP+LNP+IND
Paterson*,IND,ALP+LNP,LNP,10273.0,0.5014888943129119,,PATERSON,ALP+LNP,positive_recipients_validated_against_3cp,False,3,ALP+LNP+IND
Paterson*,OTH,ALP+GRN+IND+LNP+ON,ALP,2383.0,0.2023951078647868,,PATERSON,ALP+GRN+IND+LNP+ON,positive_recipients_validated_against_3cp,False,6,ALP+LNP+IND
Paterson*,OTH,ALP+GRN+IND+LNP+ON,LNP,1682.0,0.1428571428571428,,PATERSON,ALP+GRN+IND+LNP+ON,positive_recipients_validated_against_3cp,False,6,ALP+LNP+IND
Paterson*,OTH,ALP+GRN+IND+LNP+ON,GRN,1860.0,0.157975199592322,,PATERSON,ALP+GRN+IND+LNP+ON,positive_recipients_validated_against_3cp,False,6,ALP+LNP+IND
Paterson*,OTH,ALP+GRN+IND+LNP+ON,ON,3264.0,0.2772209954136232,,PATERSON,ALP+GRN+IND+LNP+ON,positive_recipients_validated_against_3cp,False,6,ALP+LNP+IND
Paterson*,OTH,ALP+GRN+IND+LNP+ON,IND,2585.0,0.219551554272125,,PATERSON,ALP+GRN+IND+LNP+ON,positive_recipients_validated_against_3cp,False,6,ALP+LNP+IND
Robertson,GRN,ALP+LNP,ALP,10804.0,0.7862028816766119,,ROBERTSON,ALP+LNP,positive_recipients_validated_against_3cp,False,3,ALP+LNP+GRN
Robertson,GRN,ALP+LNP,LNP,2938.0,0.2137971183233881,,ROBERTSON,ALP+LNP,positive_recipients_validated_against_3cp,False,3,ALP+LNP+GRN
Robertson,ON,ALP+GRN+LNP,ALP,1601.0,0.1657693104162352,,ROBERTSON,ALP+GRN+LNP,positive_recipients_validated_against_3cp,False,4,ALP+LNP+GRN
Robertson,ON,ALP+GRN+LNP,LNP,5965.0,0.6176226962103956,,ROBERTSON,ALP+GRN+LNP,positive_recipients_validated_against_3cp,False,4,ALP+LNP+GRN
Robertson,ON,ALP+GRN+LNP,GRN,2092.0,0.2166079933733692,,ROBERTSON,ALP+GRN+LNP,positive_recipients_validated_against_3cp,False,4,ALP+LNP+GRN
Robertson,IND,ALP+GRN+LNP+ON+OTH,ALP,903.0,0.2413793103448276,,ROBERTSON,ALP+GRN+LNP+ON+OTH,positive_recipients_validated_against_3cp,False,6,ALP+LNP+GRN
Robertson,IND,ALP+GRN+LNP+ON+OTH,LNP,428.0,0.1144079123229083,,ROBERTSON,ALP+GRN+LNP+ON+OTH,positive_recipients_validated_against_3cp,False,6,ALP+LNP+GRN
Robertson,IND,ALP+GRN+LNP+ON+OTH,GRN,965.0,0.2579524191392676,,ROBERTSON,ALP+GRN+LNP+ON+OTH,positive_recipients_validated_against_3cp,False,6,ALP+LNP+GRN
Robertson,IND,ALP+GRN+LNP+ON+OTH,ON,642.0,0.1716118684843624,,ROBERTSON,ALP+GRN+LNP+ON+OTH,positive_recipients_validated_against_3cp,False,6,ALP+LNP+GRN
Robertson,IND,ALP+GRN+LNP+ON+OTH,OTH,803.0,0.214648489708634,,ROBERTSON,ALP+GRN+LNP+ON+OTH,positive_recipients_validated_against_3cp,False,6,ALP+LNP+GRN
Robertson,OTH,ALP+GRN+LNP+ON,ALP,1604.0,0.2494944781459014,,ROBERTSON,ALP+GRN+LNP+ON,positive_recipients_validated_against_3cp,False,5,ALP+LNP+GRN
Robertson,OTH,ALP+GRN+LNP+ON,LNP,1108.0,0.1723440659511588,,ROBERTSON,ALP+GRN+LNP+ON,positive_recipients_validated_against_3cp,False,5,ALP+LNP+GRN
Robertson,OTH,ALP+GRN+LNP+ON,GRN,1670.0,0.2597604604137501,,ROBERTSON,ALP+GRN+LNP+ON,positive_recipients_validated_against_3cp,False,5,ALP+LNP+GRN
Robertson,OTH,ALP+GRN+LNP+ON,ON,2047.0,0.3184009954891896,,ROBERTSON,ALP+GRN+LNP+ON,positive_recipients_validated_against_3cp,False,5,ALP+LNP+GRN
Shortland,GRN,ALP+LNP,ALP,12694.0,0.7800172053582402,,SHORTLAND,ALP+LNP,positive_recipients_validated_against_3cp,False,3,ALP+LNP+GRN
Shortland,GRN,ALP+LNP,LNP,3580.0,0.2199827946417598,,SHORTLAND,ALP+LNP,positive_recipients_validated_against_3cp,False,3,ALP+LNP+GRN
Shortland,ON,ALP+GRN+LNP,ALP,2902.0,0.219981807155852,,SHORTLAND,ALP+GRN+LNP,positive_recipients_validated_against_3cp,False,4,ALP+LNP+GRN
Shortland,ON,ALP+GRN+LNP,LNP,8126.0,0.615979381443299,,SHORTLAND,ALP+GRN+LNP,positive_recipients_validated_against_3cp,False,4,ALP+LNP+GRN
Shortland,ON,ALP+GRN+LNP,GRN,2164.0,0.164038811400849,,SHORTLAND,ALP+GRN+LNP,positive_recipients_validated_against_3cp,False,4,ALP+LNP+GRN
Shortland,IND,ALP+GRN+LNP+ON,ALP,2200.0,0.3602423448501719,,SHORTLAND,ALP+GRN+LNP+ON,positive_recipients_validated_against_3cp,False,4,ALP+LNP+GRN
Shortland,IND,ALP+GRN+LNP+ON,LNP,880.0,0.1440969379400687,,SHORTLAND,ALP+GRN+LNP+ON,positive_recipients_validated_against_3cp,False,4,ALP+LNP+GRN
Shortland,IND,ALP+GRN+LNP+ON,GRN,1501.0,0.2457835271000491,,SHORTLAND,ALP+GRN+LNP+ON,positive_recipients_validated_against_3cp,False,4,ALP+LNP+GRN
Shortland,IND,ALP+GRN+LNP+ON,ON,1526.0,0.2498771901097101,,SHORTLAND,ALP+GRN+LNP+ON,positive_recipients_validated_against_3cp,False,4,ALP+LNP+GRN
Shortland,OTH,ALP+GRN+IND+LNP+ON,ALP,476.0,0.1017094017094017,,SHORTLAND,ALP+GRN+IND+LNP+ON,positive_recipients_validated_against_3cp,False,6,ALP+LNP+GRN
Shortland,OTH,ALP+GRN+IND+LNP+ON,LNP,697.0,0.1489316239316239,,SHORTLAND,ALP+GRN+IND+LNP+ON,positive_recipients_validated_against_3cp,False,6,ALP+LNP+GRN
Shortland,OTH,ALP+GRN+IND+LNP+ON,GRN,352.0,0.0752136752136752,,SHORTLAND,ALP+GRN+IND+LNP+ON,positive_recipients_validated_against_3cp,False,6,ALP+LNP+GRN
Shortland,OTH,ALP+GRN+IND+LNP+ON,ON,1853.0,0.3959401709401709,,SHORTLAND,ALP+GRN+IND+LNP+ON,positive_recipients_validated_against_3cp,False,6,ALP+LNP+GRN
Shortland,OTH,ALP+GRN+IND+LNP+ON,IND,1302.0,0.2782051282051282,,SHORTLAND,ALP+GRN+IND+LNP+ON,positive_recipients_validated_against_3cp,False,6,ALP+LNP+GRN
Macquarie,GRN,ALP+LNP,ALP,13794.0,0.8695158850226928,,MACQUARIE,ALP+LNP,positive_recipients_validated_against_3cp,False,3,ALP+LNP+GRN
Macquarie,GRN,ALP+LNP,LNP,2070.0,0.1304841149773071,,MACQUARIE,ALP+LNP,positive_recipients_validated_against_3cp,False,3,ALP+LNP+GRN
Macquarie,ON,ALP+GRN+LNP,ALP,1997.0,0.1621599675192854,,MACQUARIE,ALP+GRN+LNP,positive_recipients_validated_against_3cp,False,4,ALP+LNP+GRN
Macquarie,ON,ALP+GRN+LNP,LNP,8705.0,0.706861550954121,,MACQUARIE,ALP+GRN+LNP,positive_recipients_validated_against_3cp,False,4,ALP+LNP+GRN
Macquarie,ON,ALP+GRN+LNP,GRN,1613.0,0.1309784815265935,,MACQUARIE,ALP+GRN+LNP,positive_recipients_validated_against_3cp,False,4,ALP+LNP+GRN
Macquarie,OTH,ALP+GRN+LNP+ON,ALP,742.0,0.1473391580619539,,MACQUARIE,ALP+GRN+LNP+ON,positive_recipients_validated_against_3cp,False,5,ALP+LNP+GRN
Macquarie,OTH,ALP+GRN+LNP+ON,LNP,981.0,0.1947974583002382,,MACQUARIE,ALP+GRN+LNP+ON,positive_recipients_validated_against_3cp,False,5,ALP+LNP+GRN
Macquarie,OTH,ALP+GRN+LNP+ON,GRN,585.0,0.1161636219221604,,MACQUARIE,ALP+GRN+LNP+ON,positive_recipients_validated_against_3cp,False,5,ALP+LNP+GRN
Macquarie,OTH,ALP+GRN+LNP+ON,ON,2728.0,0.5416997617156474,,MACQUARIE,ALP+GRN+LNP+ON,positive_recipients_validated_against_3cp,False,5,ALP+LNP+GRN
Cowper*,ALP,IND+LNP,LNP,6097.0,0.354353132628153,,COWPER,IND+LNP,positive_recipients_validated_against_3cp,False,3,LNP+IND+ALP
Cowper*,ALP,IND+LNP,IND,11109.0,0.6456468673718471,,COWPER,IND+LNP,positive_recipients_validated_against_3cp,False,3,LNP+IND+ALP
Cowper*,GRN,ALP+IND+LNP+ON+OTH,ALP,1124.0,0.2293409508263619,,COWPER,ALP+IND+LNP+ON+OTH,positive_recipients_validated_against_3cp,False,6,LNP+IND+ALP
Cowper*,GRN,ALP+IND+LNP+ON+OTH,LNP,258.0,0.0526423178943072,,COWPER,ALP+IND+LNP+ON+OTH,positive_recipients_validated_against_3cp,False,6,LNP+IND+ALP
Cowper*,GRN,ALP+IND+LNP+ON+OTH,ON,152.0,0.0310140787594368,,COWPER,ALP+IND+LNP+ON+OTH,positive_recipients_validated_against_3cp,False,6,LNP+IND+ALP
Cowper*,GRN,ALP+IND+LNP+ON+OTH,IND,2577.0,0.5258110589675576,,COWPER,ALP+IND+LNP+ON+OTH,positive_recipients_validated_against_3cp,False,6,LNP+IND+ALP
Cowper*,GRN,ALP+IND+LNP+ON+OTH,OTH,790.0,0.1611915935523362,,COWPER,ALP+IND+LNP+ON+OTH,positive_recipients_validated_against_3cp,False,6,LNP+IND+ALP
Cowper*,ON,ALP+IND+LNP,ALP,1094.0,0.1027616006011647,,COWPER,ALP+IND+LNP,positive_recipients_validated_against_3cp,False,4,LNP+IND+ALP
Cowper*,ON,ALP+IND+LNP,LNP,6714.0,0.6306594025925231,,COWPER,ALP+IND+LNP,positive_recipients_validated_against_3cp,False,4,LNP+IND+ALP
Cowper*,ON,ALP+IND+LNP,IND,2838.0,0.2665789968063122,,COWPER,ALP+IND+LNP,positive_recipients_validated_against_3cp,False,4,LNP+IND+ALP
Cowper*,OTH,ALP+IND+LNP+ON,ALP,2355.0,0.1979657027572293,,COWPER,ALP+IND+LNP+ON,positive_recipients_validated_against_3cp,False,5,LNP+IND+ALP
Cowper*,OTH,ALP+IND+LNP+ON,LNP,2722.0,0.2288164088769334,,COWPER,ALP+IND+LNP+ON,positive_recipients_validated_against_3cp,False,5,LNP+IND+ALP
Cowper*,OTH,ALP+IND+LNP+ON,ON,3649.0,0.3067417619367855,,COWPER,ALP+IND+LNP+ON,positive_recipients_validated_against_3cp,False,5,LNP+IND+ALP
Cowper*,OTH,ALP+IND+LNP+ON,IND,3170.0,0.2664761264290518,,COWPER,ALP+IND+LNP+ON,positive_recipients_validated_against_3cp,False,5,LNP+IND+ALP
Cunningham,GRN,ALP+LNP,ALP,23402.0,0.8520972909991261,,CUNNINGHAM,ALP+LNP,positive_recipients_validated_against_3cp,False,3,ALP+LNP+GRN
Cunningham,GRN,ALP+LNP,LNP,4062.0,0.1479027090008738,,CUNNINGHAM,ALP+LNP,positive_recipients_validated_against_3cp,False,3,ALP+LNP+GRN
Cunningham,ON,ALP+GRN+LNP,ALP,2017.0,0.1999008919722497,,CUNNINGHAM,ALP+GRN+LNP,positive_recipients_validated_against_3cp,False,4,ALP+LNP+GRN
Cunningham,ON,ALP+GRN+LNP,LNP,6046.0,0.599207135777998,,CUNNINGHAM,ALP+GRN+LNP,positive_recipients_validated_against_3cp,False,4,ALP+LNP+GRN
Cunningham,ON,ALP+GRN+LNP,GRN,2027.0,0.2008919722497522,,CUNNINGHAM,ALP+GRN+LNP,positive_recipients_validated_against_3cp,False,4,ALP+LNP+GRN
Cunningham,OTH,ALP+GRN+LNP+ON,ALP,944.0,0.2006376195536663,,CUNNINGHAM,ALP+GRN+LNP+ON,positive_recipients_validated_against_3cp,False,5,ALP+LNP+GRN
Cunningham,OTH,ALP+GRN+LNP+ON,LNP,583.0,0.1239107332624867,,CUNNINGHAM,ALP+GRN+LNP+ON,positive_recipients_validated_against_3cp,False,5,ALP+LNP+GRN
Cunningham,OTH,ALP+GRN+LNP+ON,GRN,1853.0,0.393836344314559,,CUNNINGHAM,ALP+GRN+LNP+ON,positive_recipients_validated_against_3cp,False,5,ALP+LNP+GRN
Cunningham,OTH,ALP+GRN+LNP+ON,ON,1325.0,0.281615302869288,,CUNNINGHAM,ALP+GRN+LNP+ON,positive_recipients_validated_against_3cp,False,5,ALP+LNP+GRN
Whitlam*,GRN,ALP+LNP,ALP,13092.0,0.7113670941099761,,WHITLAM,ALP+LNP,positive_recipients_validated_against_3cp,False,3,ALP+LNP+GRN
Whitlam*,GRN,ALP+LNP,LNP,5312.0,0.2886329058900239,,WHITLAM,ALP+LNP,positive_recipients_validated_against_3cp,False,3,ALP+LNP+GRN
Whitlam*,ON,ALP+GRN+LNP,ALP,3306.0,0.2281101221279238,,WHITLAM,ALP+GRN+LNP,positive_recipients_validated_against_3cp,False,4,ALP+LNP+GRN
Whitlam*,ON,ALP+GRN+LNP,LNP,8588.0,0.5925619264472504,,WHITLAM,ALP+GRN+LNP,positive_recipients_validated_against_3cp,False,4,ALP+LNP+GRN
Whitlam*,ON,ALP+GRN+LNP,GRN,2599.0,0.1793279514248257,,WHITLAM,ALP+GRN+LNP,positive_recipients_validated_against_3cp,False,4,ALP+LNP+GRN
Whitlam*,IND,ALP+GRN+LNP+ON,ALP,1281.0,0.1610712938513768,,WHITLAM,ALP+GRN+LNP+ON,positive_recipients_validated_against_3cp,False,4,ALP+LNP+GRN
Whitlam*,IND,ALP+GRN+LNP+ON,LNP,1843.0,0.2317364516534641,,WHITLAM,ALP+GRN+LNP+ON,positive_recipients_validated_against_3cp,False,4,ALP+LNP+GRN
Whitlam*,IND,ALP+GRN+LNP+ON,GRN,1309.0,0.1645919778699861,,WHITLAM,ALP+GRN+LNP+ON,positive_recipients_validated_against_3cp,False,4,ALP+LNP+GRN
Whitlam*,IND,ALP+GRN+LNP+ON,ON,3520.0,0.4426002766251729,,WHITLAM,ALP+GRN+LNP+ON,positive_recipients_validated_against_3cp,False,4,ALP+LNP+GRN
Whitlam*,OTH,ALP+GRN+IND+LNP+ON,ALP,1050.0,0.1604032997250229,,WHITLAM,ALP+GRN+IND+LNP+ON,positive_recipients_validated_against_3cp,False,6,ALP+LNP+GRN
Whitlam*,OTH,ALP+GRN+IND+LNP+ON,LNP,863.0,0.1318362358692331,,WHITLAM,ALP+GRN+IND+LNP+ON,positive_recipients_validated_against_3cp,False,6,ALP+LNP+GRN
Whitlam*,OTH,ALP+GRN+IND+LNP+ON,GRN,668.0,0.102047051634586,,WHITLAM,ALP+GRN+IND+LNP+ON,positive_recipients_validated_against_3cp,False,6,ALP+LNP+GRN
Whitlam*,OTH,ALP+GRN+IND+LNP+ON,ON,1953.0,0.2983501374885426,,WHITLAM,ALP+GRN+IND+LNP+ON,positive_recipients_validated_against_3cp,False,6,ALP+LNP+GRN
Whitlam*,OTH,ALP+GRN+IND+LNP+ON,IND,2012.0,0.3073632752826153,,WHITLAM,ALP+GRN+IND+LNP+ON,positive_recipients_validated_against_3cp,False,6,ALP+LNP+GRN
Calare*,ALP,IND+LNP+OTH,LNP,2076.0,0.1470879977327476,,CALARE,IND+LNP+OTH,positive_recipients_validated_against_3cp,False,4,IND+LNP+IND
Calare*,ALP,IND+LNP+OTH,IND,6778.0,0.4802323933682868,,CALARE,IND+LNP+OTH,positive_recipients_validated_against_3cp,False,4,IND+LNP+IND
Calare*,ALP,IND+LNP+OTH,OTH,5260.0,0.3726796088989655,,CALARE,IND+LNP+OTH,positive_recipients_validated_against_3cp,False,4,IND+LNP+IND
Calare*,OTH,IND+LNP,LNP,7864.0,0.2342149154157731,,CALARE,IND+LNP,positive_recipients_validated_against_3cp,True,3,IND+LNP+IND
Calare*,OTH,IND+LNP,IND,25712.0,0.7657850845842268,,CALARE,IND+LNP,positive_recipients_validated_against_3cp,True,3,IND+LNP+IND
Eden-Monaro*,GRN,ALP+LNP,ALP,11788.0,0.8537079953650057,,EDEN-MONARO,ALP+LNP,positive_recipients_validated_against_3cp,False,3,ALP+LNP+GRN
Eden-Monaro*,GRN,ALP+LNP,LNP,2020.0,0.1462920046349942,,EDEN-MONARO,ALP+LNP,positive_recipients_validated_against_3cp,False,3,ALP+LNP+GRN
Eden-Monaro*,ON,ALP+GRN+LNP,ALP,1860.0,0.1667114815810702,,EDEN-MONARO,ALP+GRN+LNP,positive_recipients_validated_against_3cp,False,4,ALP+LNP+GRN
Eden-Monaro*,ON,ALP+GRN+LNP,LNP,7520.0,0.6740163126288429,,EDEN-MONARO,ALP+GRN+LNP,positive_recipients_validated_against_3cp,False,4,ALP+LNP+GRN
Eden-Monaro*,ON,ALP+GRN+LNP,GRN,1777.0,0.1592722057900869,,EDEN-MONARO,ALP+GRN+LNP,positive_recipients_validated_against_3cp,False,4,ALP+LNP+GRN
Eden-Monaro*,IND,ALP+GRN+LNP+ON,ALP,837.0,0.1723285978999382,,EDEN-MONARO,ALP+GRN+LNP+ON,positive_recipients_validated_against_3cp,False,5,ALP+LNP+GRN
Eden-Monaro*,IND,ALP+GRN+LNP+ON,LNP,1279.0,0.2633312744492485,,EDEN-MONARO,ALP+GRN+LNP+ON,positive_recipients_validated_against_3cp,False,5,ALP+LNP+GRN
Eden-Monaro*,IND,ALP+GRN+LNP+ON,GRN,764.0,0.1572987440807082,,EDEN-MONARO,ALP+GRN+LNP+ON,positive_recipients_validated_against_3cp,False,5,ALP+LNP+GRN
Eden-Monaro*,IND,ALP+GRN+LNP+ON,ON,1977.0,0.407041383570105,,EDEN-MONARO,ALP+GRN+LNP+ON,positive_recipients_validated_against_3cp,False,5,ALP+LNP+GRN
Eden-Monaro*,OTH,ALP+GRN+IND+LNP+ON,ALP,697.0,0.1294817016533531,,EDEN-MONARO,ALP+GRN+IND+LNP+ON,positive_recipients_validated_against_3cp,False,6,ALP+LNP+GRN
Eden-Monaro*,OTH,ALP+GRN+IND+LNP+ON,LNP,857.0,0.1592049043284414,,EDEN-MONARO,ALP+GRN+IND+LNP+ON,positive_recipients_validated_against_3cp,False,6,ALP+LNP+GRN
Eden-Monaro*,OTH,ALP+GRN+IND+LNP+ON,GRN,528.0,0.0980865688277912,,EDEN-MONARO,ALP+GRN+IND+LNP+ON,positive_recipients_validated_against_3cp,False,6,ALP+LNP+GRN
Eden-Monaro*,OTH,ALP+GRN+IND+LNP+ON,ON,1729.0,0.3211963589076723,,EDEN-MONARO,ALP+GRN+IND+LNP+ON,positive_recipients_validated_against_3cp,False,6,ALP+LNP+GRN
Eden-Monaro*,OTH,ALP+GRN+IND+LNP+ON,IND,1572.0,0.292030466282742,,EDEN-MONARO,ALP+GRN+IND+LNP+ON,positive_recipients_validated_against_3cp,False,6,ALP+LNP+GRN
Gilmore,GRN,ALP+IND+LNP,ALP,4688.0,0.4838476622974507,,GILMORE,ALP+IND+LNP,positive_recipients_validated_against_3cp,False,4,ALP+LNP+IND
Gilmore,GRN,ALP+IND+LNP,LNP,649.0,0.0669831767984312,,GILMORE,ALP+IND+LNP,positive_recipients_validated_against_3cp,False,4,ALP+LNP+IND
Gilmore,GRN,ALP+IND+LNP,IND,4352.0,0.449169160904118,,GILMORE,ALP+IND+LNP,positive_recipients_validated_against_3cp,False,4,ALP+LNP+IND
Gilmore,ON,ALP+GRN+IND+LNP,ALP,947.0,0.1061778226258549,,GILMORE,ALP+GRN+IND+LNP,positive_recipients_validated_against_3cp,False,4,ALP+LNP+IND
Gilmore,ON,ALP+GRN+IND+LNP,LNP,4526.0,0.5074559928243076,,GILMORE,ALP+GRN+IND+LNP,positive_recipients_validated_against_3cp,False,4,ALP+LNP+IND
Gilmore,ON,ALP+GRN+IND+LNP,GRN,592.0,0.0663751541652651,,GILMORE,ALP+GRN+IND+LNP,positive_recipients_validated_against_3cp,False,4,ALP+LNP+IND
Gilmore,ON,ALP+GRN+IND+LNP,IND,2854.0,0.3199910303845723,,GILMORE,ALP+GRN+IND+LNP,positive_recipients_validated_against_3cp,False,4,ALP+LNP+IND
Gilmore,IND,ALP+LNP,ALP,11862.0,0.6990806223479491,,GILMORE,ALP+LNP,positive_recipients_validated_against_3cp,False,3,ALP+LNP+IND
Gilmore,IND,ALP+LNP,LNP,5106.0,0.3009193776520509,,GILMORE,ALP+LNP,positive_recipients_validated_against_3cp,False,3,ALP+LNP+IND
Gilmore,OTH,ALP+GRN+IND+LNP+ON,ALP,1384.0,0.1608554160855416,,GILMORE,ALP+GRN+IND+LNP+ON,positive_recipients_validated_against_3cp,False,6,ALP+LNP+IND
Gilmore,OTH,ALP+GRN+IND+LNP+ON,LNP,1302.0,0.1513249651324965,,GILMORE,ALP+GRN+IND+LNP+ON,positive_recipients_validated_against_3cp,False,6,ALP+LNP+IND
Gilmore,OTH,ALP+GRN+IND+LNP+ON,GRN,1165.0,0.1354021385402138,,GILMORE,ALP+GRN+IND+LNP+ON,positive_recipients_validated_against_3cp,False,6,ALP+LNP+IND
Gilmore,OTH,ALP+GRN+IND+LNP+ON,ON,3362.0,0.3907484890748489,,GILMORE,ALP+GRN+IND+LNP+ON,positive_recipients_validated_against_3cp,False,6,ALP+LNP+IND
Gilmore,OTH,ALP+GRN+IND+LNP+ON,IND,1391.0,0.1616689911668991,,GILMORE,ALP+GRN+IND+LNP+ON,positive_recipients_validated_against_3cp,False,6,ALP+LNP+IND
Hunter,LNP,ALP+ON,ALP,4954.0,0.1991958182549256,,HUNTER,ALP+ON,positive_recipients_validated_against_3cp,False,3,ALP+ON+LNP
Hunter,LNP,ALP+ON,ON,19916.0,0.8008041817450744,,HUNTER,ALP+ON,positive_recipients_validated_against_3cp,False,3,ALP+ON+LNP
Hunter,GRN,ALP+LNP+ON,ALP,8228.0,0.7469813890149796,,HUNTER,ALP+LNP+ON,positive_recipients_validated_against_3cp,False,4,ALP+ON+LNP
Hunter,GRN,ALP+LNP+ON,LNP,1568.0,0.1423513390830685,,HUNTER,ALP+LNP+ON,positive_recipients_validated_against_3cp,False,4,ALP+ON+LNP
Hunter,GRN,ALP+LNP+ON,ON,1219.0,0.1106672719019518,,HUNTER,ALP+LNP+ON,positive_recipients_validated_against_3cp,False,4,ALP+ON+LNP
Hunter,OTH,ALP+GRN+LNP+ON,ALP,4162.0,0.2521965703205477,,HUNTER,ALP+GRN+LNP+ON,positive_recipients_validated_against_3cp,False,5,ALP+ON+LNP
Hunter,OTH,ALP+GRN+LNP+ON,LNP,3012.0,0.1825122704962734,,HUNTER,ALP+GRN+LNP+ON,positive_recipients_validated_against_3cp,False,5,ALP+ON+LNP
Hunter,OTH,ALP+GRN+LNP+ON,GRN,2729.0,0.1653638732351693,,HUNTER,ALP+GRN+LNP+ON,positive_recipients_validated_against_3cp,False,5,ALP+ON+LNP
Hunter,OTH,ALP+GRN+LNP+ON,ON,6600.0,0.3999272859480094,,HUNTER,ALP+GRN+LNP+ON,positive_recipients_validated_against_3cp,False,5,ALP+ON+LNP
Lyne,GRN,ALP+IND+LNP+ON,ALP,4712.0,0.5255995538204127,,LYNE,ALP+IND+LNP+ON,positive_recipients_validated_against_3cp,False,5,LNP+ALP+IND
Lyne,GRN,ALP+IND+LNP+ON,LNP,704.0,0.0785276073619632,,LYNE,ALP+IND+LNP+ON,positive_recipients_validated_against_3cp,False,5,LNP+ALP+IND
Lyne,GRN,ALP+IND+LNP+ON,ON,666.0,0.0742889012827663,,LYNE,ALP+IND+LNP+ON,positive_recipients_validated_against_3cp,False,5,LNP+ALP+IND
Lyne,GRN,ALP+IND+LNP+ON,IND,2883.0,0.3215839375348577,,LYNE,ALP+IND+LNP+ON,positive_recipients_validated_against_3cp,False,5,LNP+ALP+IND
Lyne,ON,ALP+IND+LNP,ALP,1725.0,0.1144050935137286,,LYNE,ALP+IND+LNP,positive_recipients_validated_against_3cp,False,4,LNP+ALP+IND
Lyne,ON,ALP+IND+LNP,LNP,8001.0,0.5306406685236769,,LYNE,ALP+IND+LNP,positive_recipients_validated_against_3cp,False,4,LNP+ALP+IND
Lyne,ON,ALP+IND+LNP,IND,5352.0,0.3549542379625945,,LYNE,ALP+IND+LNP,positive_recipients_validated_against_3cp,False,4,LNP+ALP+IND
Lyne,IND,ALP+LNP,ALP,14310.0,0.5040507220852413,,LYNE,ALP+LNP,positive_recipients_validated_against_3cp,False,3,LNP+ALP+IND
Lyne,IND,ALP+LNP,LNP,14080.0,0.4959492779147587,,LYNE,ALP+LNP,positive_recipients_validated_against_3cp,False,3,LNP+ALP+IND
Lyne,OTH,ALP+GRN+IND+LNP+ON,ALP,1567.0,0.1047459893048128,,LYNE,ALP+GRN+IND+LNP+ON,positive_recipients_validated_against_3cp,False,6,LNP+ALP+IND
Lyne,OTH,ALP+GRN+IND+LNP+ON,LNP,2955.0,0.1975267379679144,,LYNE,ALP+GRN+IND+LNP+ON,positive_recipients_validated_against_3cp,False,6,LNP+ALP+IND
Lyne,OTH,ALP+GRN+IND+LNP+ON,GRN,1988.0,0.1328877005347593,,LYNE,ALP+GRN+IND+LNP+ON,positive_recipients_validated_against_3cp,False,6,LNP+ALP+IND
Lyne,OTH,ALP+GRN+IND+LNP+ON,ON,5238.0,0.3501336898395722,,LYNE,ALP+GRN+IND+LNP+ON,positive_recipients_validated_against_3cp,False,6,LNP+ALP+IND
Lyne,OTH,ALP+GRN+IND+LNP+ON,IND,3212.0,0.2147058823529411,,LYNE,ALP+GRN+IND+LNP+ON,positive_recipients_validated_against_3cp,False,6,LNP+ALP+IND
New England,GRN,ALP+LNP+ON,ALP,7713.0,0.7127807041863045,,NEW ENGLAND,ALP+LNP+ON,positive_recipients_validated_against_3cp,False,4,LNP+ALP+ON
New England,GRN,ALP+LNP+ON,LNP,1956.0,0.1807596340449126,,NEW ENGLAND,ALP+LNP+ON,positive_recipients_validated_against_3cp,False,4,LNP+ALP+ON
New England,GRN,ALP+LNP+ON,ON,1152.0,0.1064596617687829,,NEW ENGLAND,ALP+LNP+ON,positive_recipients_validated_against_3cp,False,4,LNP+ALP+ON
New England,ON,ALP+LNP,ALP,4509.0,0.2664263767430867,,NEW ENGLAND,ALP+LNP,positive_recipients_validated_against_3cp,False,3,LNP+ALP+ON
New England,ON,ALP+LNP,LNP,12415.0,0.7335736232569132,,NEW ENGLAND,ALP+LNP,positive_recipients_validated_against_3cp,False,3,LNP+ALP+ON
New England,IND,ALP+GRN+LNP+ON,ALP,1493.0,0.2809031044214487,,NEW ENGLAND,ALP+GRN+LNP+ON,positive_recipients_validated_against_3cp,False,5,LNP+ALP+ON
New England,IND,ALP+GRN+LNP+ON,LNP,1190.0,0.2238946378174976,,NEW ENGLAND,ALP+GRN+LNP+ON,positive_recipients_validated_against_3cp,False,5,LNP+ALP+ON
New England,IND,ALP+GRN+LNP+ON,GRN,1339.0,0.251928504233302,,NEW ENGLAND,ALP+GRN+LNP+ON,positive_recipients_validated_against_3cp,False,5,LNP+ALP+ON
New England,IND,ALP+GRN+LNP+ON,ON,1293.0,0.2432737535277516,,NEW ENGLAND,ALP+GRN+LNP+ON,positive_recipients_validated_against_3cp,False,5,LNP+ALP+ON
New England,OTH,ALP+GRN+IND+LNP+ON,ALP,718.0,0.1063388625592417,,NEW ENGLAND,ALP+GRN+IND+LNP+ON,positive_recipients_validated_against_3cp,False,6,LNP+ALP+ON
New England,OTH,ALP+GRN+IND+LNP+ON,LNP,1408.0,0.2085308056872037,,NEW ENGLAND,ALP+GRN+IND+LNP+ON,positive_recipients_validated_against_3cp,False,6,LNP+ALP+ON
New England,OTH,ALP+GRN+IND+LNP+ON,GRN,459.0,0.0679798578199052,,NEW ENGLAND,ALP+GRN+IND+LNP+ON,positive_recipients_validated_against_3cp,False,6,LNP+ALP+ON
New England,OTH,ALP+GRN+IND+LNP+ON,ON,3092.0,0.4579383886255924,,NEW ENGLAND,ALP+GRN+IND+LNP+ON,positive_recipients_validated_against_3cp,False,6,LNP+ALP+ON
New England,OTH,ALP+GRN+IND+LNP+ON,IND,1075.0,0.1592120853080568,,NEW ENGLAND,ALP+GRN+IND+LNP+ON,positive_recipients_validated_against_3cp,False,6,LNP+ALP+ON
Page*,GRN,ALP+LNP,ALP,16081.0,0.7767848517051492,,PAGE,ALP+LNP,positive_recipients_validated_against_3cp,False,3,LNP+ALP+GRN
Page*,GRN,ALP+LNP,LNP,4621.0,0.2232151482948507,,PAGE,ALP+LNP,positive_recipients_validated_against_3cp,False,3,LNP+ALP+GRN
Page*,ON,ALP+GRN+LNP,ALP,1453.0,0.1206409830621056,,PAGE,ALP+GRN+LNP,positive_recipients_validated_against_3cp,False,4,LNP+ALP+GRN
Page*,ON,ALP+GRN+LNP,LNP,8239.0,0.6840750581202258,,PAGE,ALP+GRN+LNP,positive_recipients_validated_against_3cp,False,4,LNP+ALP+GRN
Page*,ON,ALP+GRN+LNP,GRN,2352.0,0.1952839588176685,,PAGE,ALP+GRN+LNP,positive_recipients_validated_against_3cp,False,4,LNP+ALP+GRN
Page*,IND,ALP+GRN+LNP+ON+OTH,ALP,836.0,0.2278550013627691,,PAGE,ALP+GRN+LNP+ON+OTH,positive_recipients_validated_against_3cp,False,6,LNP+ALP+GRN
Page*,IND,ALP+GRN+LNP+ON+OTH,LNP,587.0,0.1599890978468247,,PAGE,ALP+GRN+LNP+ON+OTH,positive_recipients_validated_against_3cp,False,6,LNP+ALP+GRN
Page*,IND,ALP+GRN+LNP+ON+OTH,GRN,720.0,0.196238757154538,,PAGE,ALP+GRN+LNP+ON+OTH,positive_recipients_validated_against_3cp,False,6,LNP+ALP+GRN
Page*,IND,ALP+GRN+LNP+ON+OTH,ON,528.0,0.1439084219133279,,PAGE,ALP+GRN+LNP+ON+OTH,positive_recipients_validated_against_3cp,False,6,LNP+ALP+GRN
Page*,IND,ALP+GRN+LNP+ON+OTH,OTH,998.0,0.2720087217225402,,PAGE,ALP+GRN+LNP+ON+OTH,positive_recipients_validated_against_3cp,False,6,LNP+ALP+GRN
Page*,OTH,ALP+GRN+LNP+ON,ALP,2046.0,0.1734486266531027,,PAGE,ALP+GRN+LNP+ON,positive_recipients_validated_against_3cp,False,5,LNP+ALP+GRN
Page*,OTH,ALP+GRN+LNP+ON,LNP,2517.0,0.2133774160732451,,PAGE,ALP+GRN+LNP+ON,positive_recipients_validated_against_3cp,False,5,LNP+ALP+GRN
Page*,OTH,ALP+GRN+LNP+ON,GRN,1641.0,0.1391149542217701,,PAGE,ALP+GRN+LNP+ON,positive_recipients_validated_against_3cp,False,5,LNP+ALP+GRN
Page*,OTH,ALP+GRN+LNP+ON,ON,5592.0,0.474059003051882,,PAGE,ALP+GRN+LNP+ON,positive_recipients_validated_against_3cp,False,5,LNP+ALP+GRN
Parkes,GRN,ALP+LNP+ON+OTH,ALP,4632.0,0.5608427170359608,,PARKES,ALP+LNP+ON+OTH,positive_recipients_validated_against_3cp,False,5,LNP+ALP+ON
Parkes,GRN,ALP+LNP+ON+OTH,LNP,1062.0,0.1285869960043588,,PARKES,ALP+LNP+ON+OTH,positive_recipients_validated_against_3cp,False,5,LNP+ALP+ON
Parkes,GRN,ALP+LNP+ON+OTH,ON,866.0,0.1048553093594866,,PARKES,ALP+LNP+ON+OTH,positive_recipients_validated_against_3cp,False,5,LNP+ALP+ON
Parkes,GRN,ALP+LNP+ON+OTH,OTH,1699.0,0.2057149776001937,,PARKES,ALP+LNP+ON+OTH,positive_recipients_validated_against_3cp,False,5,LNP+ALP+ON
Parkes,ON,ALP+LNP,ALP,8503.0,0.3341586103906311,,PARKES,ALP+LNP,positive_recipients_validated_against_3cp,False,3,LNP+ALP+ON
Parkes,ON,ALP+LNP,LNP,16943.0,0.6658413896093689,,PARKES,ALP+LNP,positive_recipients_validated_against_3cp,False,3,LNP+ALP+ON
Parkes,IND,ALP+GRN+LNP+ON+OTH,ALP,348.0,0.1279411764705882,,PARKES,ALP+GRN+LNP+ON+OTH,positive_recipients_validated_against_3cp,False,6,LNP+ALP+ON
Parkes,IND,ALP+GRN+LNP+ON+OTH,LNP,357.0,0.13125,,PARKES,ALP+GRN+LNP+ON+OTH,positive_recipients_validated_against_3cp,False,6,LNP+ALP+ON
Parkes,IND,ALP+GRN+LNP+ON+OTH,GRN,210.0,0.0772058823529411,,PARKES,ALP+GRN+LNP+ON+OTH,positive_recipients_validated_against_3cp,False,6,LNP+ALP+ON
Parkes,IND,ALP+GRN+LNP+ON+OTH,ON,363.0,0.1334558823529411,,PARKES,ALP+GRN+LNP+ON+OTH,positive_recipients_validated_against_3cp,False,6,LNP+ALP+ON
Parkes,IND,ALP+GRN+LNP+ON+OTH,OTH,1442.0,0.5301470588235294,,PARKES,ALP+GRN+LNP+ON+OTH,positive_recipients_validated_against_3cp,False,6,LNP+ALP+ON
Parkes,OTH,ALP+GRN+LNP+ON,ALP,4743.0,0.2146153846153846,,PARKES,ALP+GRN+LNP+ON,positive_recipients_validated_against_3cp,False,4,LNP+ALP+ON
Parkes,OTH,ALP+GRN+LNP+ON,LNP,5789.0,0.2619457013574661,,PARKES,ALP+GRN+LNP+ON,positive_recipients_validated_against_3cp,False,4,LNP+ALP+ON
Parkes,OTH,ALP+GRN+LNP+ON,GRN,1655.0,0.0748868778280543,,PARKES,ALP+GRN+LNP+ON,positive_recipients_validated_against_3cp,False,4,LNP+ALP+ON
Parkes,OTH,ALP+GRN+LNP+ON,ON,9913.0,0.448552036199095,,PARKES,ALP+GRN+LNP+ON,positive_recipients_validated_against_3cp,False,4,LNP+ALP+ON
Richmond*,GRN,ALP+LNP,ALP,27539.0,0.8598682361757267,,RICHMOND,ALP+LNP,positive_recipients_validated_against_3cp,False,3,ALP+LNP+GRN
Richmond*,GRN,ALP+LNP,LNP,4488.0,0.1401317638242732,,RICHMOND,ALP+LNP,positive_recipients_validated_against_3cp,False,3,ALP+LNP+GRN
Richmond*,ON,ALP+GRN+LNP,ALP,1409.0,0.1222135484430566,,RICHMOND,ALP+GRN+LNP,positive_recipients_validated_against_3cp,False,4,ALP+LNP+GRN
Richmond*,ON,ALP+GRN+LNP,LNP,8732.0,0.757394396738659,,RICHMOND,ALP+GRN+LNP,positive_recipients_validated_against_3cp,False,4,ALP+LNP+GRN
Richmond*,ON,ALP+GRN+LNP,GRN,1388.0,0.1203920548182843,,RICHMOND,ALP+GRN+LNP,positive_recipients_validated_against_3cp,False,4,ALP+LNP+GRN
Richmond*,IND,ALP+GRN+LNP+ON+OTH,ALP,280.0,0.1118657610866959,,RICHMOND,ALP+GRN+LNP+ON+OTH,positive_recipients_validated_against_3cp,False,6,ALP+LNP+GRN
Richmond*,IND,ALP+GRN+LNP+ON+OTH,LNP,394.0,0.1574111066719936,,RICHMOND,ALP+GRN+LNP+ON+OTH,positive_recipients_validated_against_3cp,False,6,ALP+LNP+GRN
Richmond*,IND,ALP+GRN+LNP+ON+OTH,GRN,264.0,0.1054734318817419,,RICHMOND,ALP+GRN+LNP+ON+OTH,positive_recipients_validated_against_3cp,False,6,ALP+LNP+GRN
Richmond*,IND,ALP+GRN+LNP+ON+OTH,ON,369.0,0.1474230922892529,,RICHMOND,ALP+GRN+LNP+ON+OTH,positive_recipients_validated_against_3cp,False,6,ALP+LNP+GRN
Richmond*,IND,ALP+GRN+LNP+ON+OTH,OTH,1196.0,0.4778266080703156,,RICHMOND,ALP+GRN+LNP+ON+OTH,positive_recipients_validated_against_3cp,False,6,ALP+LNP+GRN
Richmond*,OTH,ALP+GRN+LNP+ON,ALP,1891.0,0.1499365683476054,,RICHMOND,ALP+GRN+LNP+ON,positive_recipients_validated_against_3cp,False,5,ALP+LNP+GRN
Richmond*,OTH,ALP+GRN+LNP+ON,LNP,2631.0,0.2086108468125594,,RICHMOND,ALP+GRN+LNP+ON,positive_recipients_validated_against_3cp,False,5,ALP+LNP+GRN
Richmond*,OTH,ALP+GRN+LNP+ON,GRN,2634.0,0.208848715509039,,RICHMOND,ALP+GRN+LNP+ON,positive_recipients_validated_against_3cp,False,5,ALP+LNP+GRN
Richmond*,OTH,ALP+GRN+LNP+ON,ON,5456.0,0.4326038693307961,,RICHMOND,ALP+GRN+LNP+ON,positive_recipients_validated_against_3cp,False,5,ALP+LNP+GRN
Farrer,ALP,IND+LNP,LNP,5137.0,0.2614249363867684,,FARRER,IND+LNP,positive_recipients_validated_against_3cp,False,3,LNP+IND+ALP
Farrer,ALP,IND+LNP,IND,14513.0,0.7385750636132316,,FARRER,IND+LNP,positive_recipients_validated_against_3cp,False,3,LNP+IND+ALP
Farrer,GRN,ALP+IND+LNP+ON,ALP,2301.0,0.4003131524008351,,FARRER,ALP+IND+LNP+ON,positive_recipients_validated_against_3cp,False,5,LNP+IND+ALP
Farrer,GRN,ALP+IND+LNP+ON,LNP,524.0,0.0911621433542101,,FARRER,ALP+IND+LNP+ON,positive_recipients_validated_against_3cp,False,5,LNP+IND+ALP
Farrer,GRN,ALP+IND+LNP+ON,ON,482.0,0.0838552540013918,,FARRER,ALP+IND+LNP+ON,positive_recipients_validated_against_3cp,False,5,LNP+IND+ALP
Farrer,GRN,ALP+IND+LNP+ON,IND,2441.0,0.4246694502435629,,FARRER,ALP+IND+LNP+ON,positive_recipients_validated_against_3cp,False,5,LNP+IND+ALP
Farrer,ON,ALP+IND+LNP,ALP,1006.0,0.0805186489514967,,FARRER,ALP+IND+LNP,positive_recipients_validated_against_3cp,False,4,LNP+IND+ALP
Farrer,ON,ALP+IND+LNP,LNP,5636.0,0.4510965263326397,,FARRER,ALP+IND+LNP,positive_recipients_validated_against_3cp,False,4,LNP+IND+ALP
Farrer,ON,ALP+IND+LNP,IND,5852.0,0.4683848247158636,,FARRER,ALP+IND+LNP,positive_recipients_validated_against_3cp,False,4,LNP+IND+ALP
Farrer,OTH,ALP+GRN+IND+LNP+ON,ALP,792.0,0.0767888307155322,,FARRER,ALP+GRN+IND+LNP+ON,positive_recipients_validated_against_3cp,False,6,LNP+IND+ALP
Farrer,OTH,ALP+GRN+IND+LNP+ON,LNP,1876.0,0.1818886949777002,,FARRER,ALP+GRN+IND+LNP+ON,positive_recipients_validated_against_3cp,False,6,LNP+IND+ALP
Farrer,OTH,ALP+GRN+IND+LNP+ON,GRN,663.0,0.0642815590459569,,FARRER,ALP+GRN+IND+LNP+ON,positive_recipients_validated_against_3cp,False,6,LNP+IND+ALP
Farrer,OTH,ALP+GRN+IND+LNP+ON,ON,5209.0,0.5050416909055653,,FARRER,ALP+GRN+IND+LNP+ON,positive_recipients_validated_against_3cp,False,6,LNP+IND+ALP
Farrer,OTH,ALP+GRN+IND+LNP+ON,IND,1774.0,0.1719992243552453,,FARRER,ALP+GRN+IND+LNP+ON,positive_recipients_validated_against_3cp,False,6,LNP+IND+ALP
Riverina,GRN,ALP+IND+LNP+ON+OTH,ALP,2925.0,0.5011994516792323,,RIVERINA,ALP+IND+LNP+ON+OTH,positive_recipients_validated_against_3cp,False,6,LNP+ALP+ON
Riverina,GRN,ALP+IND+LNP+ON+OTH,LNP,468.0,0.0801919122686771,,RIVERINA,ALP+IND+LNP+ON+OTH,positive_recipients_validated_against_3cp,False,6,LNP+ALP+ON
Riverina,GRN,ALP+IND+LNP+ON+OTH,ON,436.0,0.0747087045921864,,RIVERINA,ALP+IND+LNP+ON+OTH,positive_recipients_validated_against_3cp,False,6,LNP+ALP+ON
Riverina,GRN,ALP+IND+LNP+ON+OTH,IND,1136.0,0.1946538725154215,,RIVERINA,ALP+IND+LNP+ON+OTH,positive_recipients_validated_against_3cp,False,6,LNP+ALP+ON
Riverina,GRN,ALP+IND+LNP+ON+OTH,OTH,871.0,0.1492460589444825,,RIVERINA,ALP+IND+LNP+ON+OTH,positive_recipients_validated_against_3cp,False,6,LNP+ALP+ON
Riverina,ON,ALP+LNP,ALP,7648.0,0.3627739303671378,,RIVERINA,ALP+LNP,positive_recipients_validated_against_3cp,False,3,LNP+ALP+ON
Riverina,ON,ALP+LNP,LNP,13434.0,0.6372260696328621,,RIVERINA,ALP+LNP,positive_recipients_validated_against_3cp,False,3,LNP+ALP+ON
Riverina,IND,ALP+LNP+ON,ALP,6367.0,0.4606424540587469,,RIVERINA,ALP+LNP+ON,positive_recipients_validated_against_3cp,False,4,LNP+ALP+ON
Riverina,IND,ALP+LNP+ON,LNP,4350.0,0.3147156706699464,,RIVERINA,ALP+LNP+ON,positive_recipients_validated_against_3cp,False,4,LNP+ALP+ON
Riverina,IND,ALP+LNP+ON,ON,3105.0,0.2246418752713066,,RIVERINA,ALP+LNP+ON,positive_recipients_validated_against_3cp,False,4,LNP+ALP+ON
Riverina,OTH,ALP+GRN+IND+LNP+ON,ALP,3651.0,0.1766071687708605,,RIVERINA,ALP+GRN+IND+LNP+ON,positive_recipients_validated_against_3cp,False,5,LNP+ALP+ON
Riverina,OTH,ALP+GRN+IND+LNP+ON,LNP,2774.0,0.134184685338364,,RIVERINA,ALP+GRN+IND+LNP+ON,positive_recipients_validated_against_3cp,False,5,LNP+ALP+ON
Riverina,OTH,ALP+GRN+IND+LNP+ON,GRN,1069.0,0.0517099598510134,,RIVERINA,ALP+GRN+IND+LNP+ON,positive_recipients_validated_against_3cp,False,5,LNP+ALP+ON
Riverina,OTH,ALP+GRN+IND+LNP+ON,ON,7194.0,0.3479901320563053,,RIVERINA,ALP+GRN+IND+LNP+ON,positive_recipients_validated_against_3cp,False,5,LNP+ALP+ON
Riverina,OTH,ALP+GRN+IND+LNP+ON,IND,5985.0,0.2895080539834567,,RIVERINA,ALP+GRN+IND+LNP+ON,positive_recipients_validated_against_3cp,False,5,LNP+ALP+ON
Chisholm,GRN,ALP+LNP,ALP,15417.0,0.851250621169455,,CHISHOLM,ALP+LNP,positive_recipients_validated_against_3cp,False,3,ALP+LNP+GRN
Chisholm,GRN,ALP+LNP,LNP,2694.0,0.1487493788305449,,CHISHOLM,ALP+LNP,positive_recipients_validated_against_3cp,False,3,ALP+LNP+GRN
Chisholm,ON,ALP+GRN+IND+LNP,ALP,268.0,0.0716003205984504,,CHISHOLM,ALP+GRN+IND+LNP,positive_recipients_validated_against_3cp,False,5,ALP+LNP+GRN
Chisholm,ON,ALP+GRN+IND+LNP,LNP,2241.0,0.5987176061982367,,CHISHOLM,ALP+GRN+IND+LNP,positive_recipients_validated_against_3cp,False,5,ALP+LNP+GRN
Chisholm,ON,ALP+GRN+IND+LNP,GRN,264.0,0.070531659096981,,CHISHOLM,ALP+GRN+IND+LNP,positive_recipients_validated_against_3cp,False,5,ALP+LNP+GRN
Chisholm,ON,ALP+GRN+IND+LNP,IND,970.0,0.2591504141063318,,CHISHOLM,ALP+GRN+IND+LNP,positive_recipients_validated_against_3cp,False,5,ALP+LNP+GRN
Chisholm,IND,ALP+GRN+LNP,ALP,2978.0,0.3627283800243605,,CHISHOLM,ALP+GRN+LNP,positive_recipients_validated_against_3cp,False,4,ALP+LNP+GRN
Chisholm,IND,ALP+GRN+LNP,LNP,1899.0,0.2313032886723507,,CHISHOLM,ALP+GRN+LNP,positive_recipients_validated_against_3cp,False,4,ALP+LNP+GRN
Chisholm,IND,ALP+GRN+LNP,GRN,3333.0,0.4059683313032887,,CHISHOLM,ALP+GRN+LNP,positive_recipients_validated_against_3cp,False,4,ALP+LNP+GRN
Chisholm,OTH,ALP+GRN+IND+LNP+ON,ALP,455.0,0.1096914175506268,,CHISHOLM,ALP+GRN+IND+LNP+ON,positive_recipients_validated_against_3cp,False,6,ALP+LNP+GRN
Chisholm,OTH,ALP+GRN+IND+LNP+ON,LNP,1123.0,0.2707328833172613,,CHISHOLM,ALP+GRN+IND+LNP+ON,positive_recipients_validated_against_3cp,False,6,ALP+LNP+GRN
Chisholm,OTH,ALP+GRN+IND+LNP+ON,GRN,428.0,0.103182256509161,,CHISHOLM,ALP+GRN+IND+LNP+ON,positive_recipients_validated_against_3cp,False,6,ALP+LNP+GRN
Chisholm,OTH,ALP+GRN+IND+LNP+ON,ON,1587.0,0.3825940212150434,,CHISHOLM,ALP+GRN+IND+LNP+ON,positive_recipients_validated_against_3cp,False,6,ALP+LNP+GRN
Chisholm,OTH,ALP+GRN+IND+LNP+ON,IND,555.0,0.1337994214079074,,CHISHOLM,ALP+GRN+IND+LNP+ON,positive_recipients_validated_against_3cp,False,6,ALP+LNP+GRN
Goldstein,ALP,IND+LNP,LNP,3718.0,0.1932934754354042,,GOLDSTEIN,IND+LNP,positive_recipients_validated_against_3cp,False,3,LNP+IND+ALP
Goldstein,ALP,IND+LNP,IND,15517.0,0.8067065245645958,,GOLDSTEIN,IND+LNP,positive_recipients_validated_against_3cp,False,3,LNP+IND+ALP
Goldstein,GRN,ALP+IND+LNP,ALP,2647.0,0.3032768102658111,,GOLDSTEIN,ALP+IND+LNP,positive_recipients_validated_against_3cp,False,4,LNP+IND+ALP
Goldstein,GRN,ALP+IND+LNP,LNP,441.0,0.0505270394133822,,GOLDSTEIN,ALP+IND+LNP,positive_recipients_validated_against_3cp,False,4,LNP+IND+ALP
Goldstein,GRN,ALP+IND+LNP,IND,5640.0,0.6461961503208066,,GOLDSTEIN,ALP+IND+LNP,positive_recipients_validated_against_3cp,False,4,LNP+IND+ALP
Goldstein,ON,ALP+GRN+IND+LNP,ALP,269.0,0.0699427977119084,,GOLDSTEIN,ALP+GRN+IND+LNP,positive_recipients_validated_against_3cp,False,5,LNP+IND+ALP
Goldstein,ON,ALP+GRN+IND+LNP,LNP,2667.0,0.6934477379095164,,GOLDSTEIN,ALP+GRN+IND+LNP,positive_recipients_validated_against_3cp,False,5,LNP+IND+ALP
Goldstein,ON,ALP+GRN+IND+LNP,GRN,198.0,0.0514820592823713,,GOLDSTEIN,ALP+GRN+IND+LNP,positive_recipients_validated_against_3cp,False,5,LNP+IND+ALP
Goldstein,ON,ALP+GRN+IND+LNP,IND,712.0,0.1851274050962038,,GOLDSTEIN,ALP+GRN+IND+LNP,positive_recipients_validated_against_3cp,False,5,LNP+IND+ALP
Goldstein,OTH,ALP+GRN+IND+LNP+ON,ALP,507.0,0.1354528453112476,,GOLDSTEIN,ALP+GRN+IND+LNP+ON,positive_recipients_validated_against_3cp,False,6,LNP+IND+ALP
Goldstein,OTH,ALP+GRN+IND+LNP+ON,LNP,870.0,0.2324338765695965,,GOLDSTEIN,ALP+GRN+IND+LNP+ON,positive_recipients_validated_against_3cp,False,6,LNP+IND+ALP
Goldstein,OTH,ALP+GRN+IND+LNP+ON,GRN,210.0,0.056104728827144,,GOLDSTEIN,ALP+GRN+IND+LNP+ON,positive_recipients_validated_against_3cp,False,6,LNP+IND+ALP
Goldstein,OTH,ALP+GRN+IND+LNP+ON,ON,1809.0,0.4833021640395404,,GOLDSTEIN,ALP+GRN+IND+LNP+ON,positive_recipients_validated_against_3cp,False,6,LNP+IND+ALP
Goldstein,OTH,ALP+GRN+IND+LNP+ON,IND,347.0,0.0927063852524712,,GOLDSTEIN,ALP+GRN+IND+LNP+ON,positive_recipients_validated_against_3cp,False,6,LNP+IND+ALP
Hotham,GRN,ALP+LNP,ALP,16899.0,0.8765950824774354,,HOTHAM,ALP+LNP,positive_recipients_validated_against_3cp,False,3,ALP+LNP+GRN
Hotham,GRN,ALP+LNP,LNP,2379.0,0.1234049175225645,,HOTHAM,ALP+LNP,positive_recipients_validated_against_3cp,False,3,ALP+LNP+GRN
Hotham,ON,ALP+GRN+LNP,ALP,1165.0,0.1614691614691614,,HOTHAM,ALP+GRN+LNP,positive_recipients_validated_against_3cp,False,4,ALP+LNP+GRN
Hotham,ON,ALP+GRN+LNP,LNP,4285.0,0.5939015939015939,,HOTHAM,ALP+GRN+LNP,positive_recipients_validated_against_3cp,False,4,ALP+LNP+GRN
Hotham,ON,ALP+GRN+LNP,GRN,1765.0,0.2446292446292446,,HOTHAM,ALP+GRN+LNP,positive_recipients_validated_against_3cp,False,4,ALP+LNP+GRN
Hotham,OTH,ALP+GRN+LNP+ON,ALP,1068.0,0.1709894332372718,,HOTHAM,ALP+GRN+LNP+ON,positive_recipients_validated_against_3cp,False,5,ALP+LNP+GRN
Hotham,OTH,ALP+GRN+LNP+ON,LNP,1189.0,0.1903618315722062,,HOTHAM,ALP+GRN+LNP+ON,positive_recipients_validated_against_3cp,False,5,ALP+LNP+GRN
Hotham,OTH,ALP+GRN+LNP+ON,GRN,1733.0,0.2774575728466218,,HOTHAM,ALP+GRN+LNP+ON,positive_recipients_validated_against_3cp,False,5,ALP+LNP+GRN
Hotham,OTH,ALP+GRN+LNP+ON,ON,2256.0,0.3611911623439001,,HOTHAM,ALP+GRN+LNP+ON,positive_recipients_validated_against_3cp,False,5,ALP+LNP+GRN
Kooyong,ALP,IND+LNP,LNP,3864.0,0.2388133498145859,,KOOYONG,IND+LNP,positive_recipients_validated_against_3cp,False,3,IND+LNP+ALP
Kooyong,ALP,IND+LNP,IND,12316.0,0.7611866501854141,,KOOYONG,IND+LNP,positive_recipients_validated_against_3cp,False,3,IND+LNP+ALP
Kooyong,GRN,ALP+IND+LNP,ALP,2189.0,0.2374444082872329,,KOOYONG,ALP+IND+LNP,positive_recipients_validated_against_3cp,False,4,IND+LNP+ALP
Kooyong,GRN,ALP+IND+LNP,LNP,696.0,0.0754962577286039,,KOOYONG,ALP+IND+LNP,positive_recipients_validated_against_3cp,False,4,IND+LNP+ALP
Kooyong,GRN,ALP+IND+LNP,IND,6334.0,0.6870593339841632,,KOOYONG,ALP+IND+LNP,positive_recipients_validated_against_3cp,False,4,IND+LNP+ALP
Kooyong,ON,ALP+GRN+IND+LNP,ALP,156.0,0.0685714285714285,,KOOYONG,ALP+GRN+IND+LNP,positive_recipients_validated_against_3cp,False,5,IND+LNP+ALP
Kooyong,ON,ALP+GRN+IND+LNP,LNP,1650.0,0.7252747252747253,,KOOYONG,ALP+GRN+IND+LNP,positive_recipients_validated_against_3cp,False,5,IND+LNP+ALP
Kooyong,ON,ALP+GRN+IND+LNP,GRN,151.0,0.0663736263736263,,KOOYONG,ALP+GRN+IND+LNP,positive_recipients_validated_against_3cp,False,5,IND+LNP+ALP
Kooyong,ON,ALP+GRN+IND+LNP,IND,318.0,0.1397802197802198,,KOOYONG,ALP+GRN+IND+LNP,positive_recipients_validated_against_3cp,False,5,IND+LNP+ALP
Kooyong,OTH,ALP+GRN+IND+LNP+ON,ALP,164.0,0.0631011927664486,,KOOYONG,ALP+GRN+IND+LNP+ON,positive_recipients_validated_against_3cp,False,6,IND+LNP+ALP
Kooyong,OTH,ALP+GRN+IND+LNP+ON,LNP,916.0,0.3524432474028472,,KOOYONG,ALP+GRN+IND+LNP+ON,positive_recipients_validated_against_3cp,False,6,IND+LNP+ALP
Kooyong,OTH,ALP+GRN+IND+LNP+ON,GRN,168.0,0.0646402462485571,,KOOYONG,ALP+GRN+IND+LNP+ON,positive_recipients_validated_against_3cp,False,6,IND+LNP+ALP
Kooyong,OTH,ALP+GRN+IND+LNP+ON,ON,1074.0,0.4132358599461331,,KOOYONG,ALP+GRN+IND+LNP+ON,positive_recipients_validated_against_3cp,False,6,IND+LNP+ALP
Kooyong,OTH,ALP+GRN+IND+LNP+ON,IND,277.0,0.1065794536360138,,KOOYONG,ALP+GRN+IND+LNP+ON,positive_recipients_validated_against_3cp,False,6,IND+LNP+ALP
Macnamara,GRN,ALP+LNP,ALP,24579.0,0.9188411214953272,,MACNAMARA,ALP+LNP,positive_recipients_validated_against_3cp,False,3,ALP+LNP+GRN
Macnamara,GRN,ALP+LNP,LNP,2171.0,0.0811588785046728,,MACNAMARA,ALP+LNP,positive_recipients_validated_against_3cp,False,3,ALP+LNP+GRN
Macnamara,ON,ALP+GRN+LNP,ALP,594.0,0.1541655852582403,,MACNAMARA,ALP+GRN+LNP,positive_recipients_validated_against_3cp,False,4,ALP+LNP+GRN
Macnamara,ON,ALP+GRN+LNP,LNP,2739.0,0.7108746431352193,,MACNAMARA,ALP+GRN+LNP,positive_recipients_validated_against_3cp,False,4,ALP+LNP+GRN
Macnamara,ON,ALP+GRN+LNP,GRN,520.0,0.1349597716065403,,MACNAMARA,ALP+GRN+LNP,positive_recipients_validated_against_3cp,False,4,ALP+LNP+GRN
Macnamara,IND,ALP+GRN+LNP+ON,ALP,503.0,0.2363721804511278,,MACNAMARA,ALP+GRN+LNP+ON,positive_recipients_validated_against_3cp,False,5,ALP+LNP+GRN
Macnamara,IND,ALP+GRN+LNP+ON,LNP,511.0,0.2401315789473684,,MACNAMARA,ALP+GRN+LNP+ON,positive_recipients_validated_against_3cp,False,5,ALP+LNP+GRN
Macnamara,IND,ALP+GRN+LNP+ON,GRN,582.0,0.2734962406015037,,MACNAMARA,ALP+GRN+LNP+ON,positive_recipients_validated_against_3cp,False,5,ALP+LNP+GRN
Macnamara,IND,ALP+GRN+LNP+ON,ON,532.0,0.25,,MACNAMARA,ALP+GRN+LNP+ON,positive_recipients_validated_against_3cp,False,5,ALP+LNP+GRN
Macnamara,OTH,ALP+GRN+IND+LNP+ON,ALP,100.0,0.0769822940723633,,MACNAMARA,ALP+GRN+IND+LNP+ON,positive_recipients_validated_against_3cp,False,6,ALP+LNP+GRN
Macnamara,OTH,ALP+GRN+IND+LNP+ON,LNP,307.0,0.2363356428021555,,MACNAMARA,ALP+GRN+IND+LNP+ON,positive_recipients_validated_against_3cp,False,6,ALP+LNP+GRN
Macnamara,OTH,ALP+GRN+IND+LNP+ON,GRN,87.0,0.0669745958429561,,MACNAMARA,ALP+GRN+IND+LNP+ON,positive_recipients_validated_against_3cp,False,6,ALP+LNP+GRN
Macnamara,OTH,ALP+GRN+IND+LNP+ON,ON,518.0,0.3987682832948422,,MACNAMARA,ALP+GRN+IND+LNP+ON,positive_recipients_validated_against_3cp,False,6,ALP+LNP+GRN
Macnamara,OTH,ALP+GRN+IND+LNP+ON,IND,287.0,0.2209391839876828,,MACNAMARA,ALP+GRN+IND+LNP+ON,positive_recipients_validated_against_3cp,False,6,ALP+LNP+GRN
Cooper,LNP,ALP+GRN,ALP,15111.0,0.7193658954584404,,COOPER,ALP+GRN,positive_recipients_validated_against_3cp,False,3,ALP+GRN+LNP
Cooper,LNP,ALP+GRN,GRN,5895.0,0.2806341045415595,,COOPER,ALP+GRN,positive_recipients_validated_against_3cp,False,3,ALP+GRN+LNP
Cooper,ON,ALP+GRN+LNP+OTH,ALP,1369.0,0.2214851965701343,,COOPER,ALP+GRN+LNP+OTH,positive_recipients_validated_against_3cp,False,5,ALP+GRN+LNP
Cooper,ON,ALP+GRN+LNP+OTH,LNP,3308.0,0.5351884808283449,,COOPER,ALP+GRN+LNP+OTH,positive_recipients_validated_against_3cp,False,5,ALP+GRN+LNP
Cooper,ON,ALP+GRN+LNP+OTH,GRN,444.0,0.0718330367254489,,COOPER,ALP+GRN+LNP+OTH,positive_recipients_validated_against_3cp,False,5,ALP+GRN+LNP
Cooper,ON,ALP+GRN+LNP+OTH,OTH,1060.0,0.1714932858760718,,COOPER,ALP+GRN+LNP+OTH,positive_recipients_validated_against_3cp,False,5,ALP+GRN+LNP
Cooper,OTH,ALP+GRN+LNP,ALP,2615.0,0.1879807346704047,,COOPER,ALP+GRN+LNP,positive_recipients_validated_against_3cp,True,3,ALP+GRN+LNP
Cooper,OTH,ALP+GRN+LNP,LNP,1418.0,0.1019337215153475,,COOPER,ALP+GRN+LNP,positive_recipients_validated_against_3cp,True,3,ALP+GRN+LNP
Cooper,OTH,ALP+GRN+LNP,GRN,9878.0,0.7100855438142477,,COOPER,ALP+GRN+LNP,positive_recipients_validated_against_3cp,True,3,ALP+GRN+LNP
Melbourne,LNP,ALP+GRN,ALP,18253.0,0.7928158797724015,,MELBOURNE,ALP+GRN,positive_recipients_validated_against_3cp,False,3,ALP+GRN+LNP
Melbourne,LNP,ALP+GRN,GRN,4770.0,0.2071841202275985,,MELBOURNE,ALP+GRN,positive_recipients_validated_against_3cp,False,3,ALP+GRN+LNP
Melbourne,ON,ALP+GRN+IND+LNP,ALP,545.0,0.2076981707317073,,MELBOURNE,ALP+GRN+IND+LNP,positive_recipients_validated_against_3cp,False,5,ALP+GRN+LNP
Melbourne,ON,ALP+GRN+IND+LNP,LNP,1024.0,0.3902439024390244,,MELBOURNE,ALP+GRN+IND+LNP,positive_recipients_validated_against_3cp,False,5,ALP+GRN+LNP
Melbourne,ON,ALP+GRN+IND+LNP,GRN,135.0,0.0514481707317073,,MELBOURNE,ALP+GRN+IND+LNP,positive_recipients_validated_against_3cp,False,5,ALP+GRN+LNP
Melbourne,ON,ALP+GRN+IND+LNP,IND,920.0,0.3506097560975609,,MELBOURNE,ALP+GRN+IND+LNP,positive_recipients_validated_against_3cp,False,5,ALP+GRN+LNP
Melbourne,IND,ALP+GRN+LNP,ALP,1894.0,0.3225476839237057,,MELBOURNE,ALP+GRN+LNP,positive_recipients_validated_against_3cp,False,4,ALP+GRN+LNP
Melbourne,IND,ALP+GRN+LNP,LNP,2515.0,0.4283038147138964,,MELBOURNE,ALP+GRN+LNP,positive_recipients_validated_against_3cp,False,4,ALP+GRN+LNP
Melbourne,IND,ALP+GRN+LNP,GRN,1463.0,0.2491485013623978,,MELBOURNE,ALP+GRN+LNP,positive_recipients_validated_against_3cp,False,4,ALP+GRN+LNP
Melbourne,OTH,ALP+GRN+IND+LNP+ON,ALP,430.0,0.2105778648383937,,MELBOURNE,ALP+GRN+IND+LNP+ON,positive_recipients_validated_against_3cp,False,6,ALP+GRN+LNP
Melbourne,OTH,ALP+GRN+IND+LNP+ON,LNP,217.0,0.1062683643486777,,MELBOURNE,ALP+GRN+IND+LNP+ON,positive_recipients_validated_against_3cp,False,6,ALP+GRN+LNP
Melbourne,OTH,ALP+GRN+IND+LNP+ON,GRN,960.0,0.4701273261508325,,MELBOURNE,ALP+GRN+IND+LNP+ON,positive_recipients_validated_against_3cp,False,6,ALP+GRN+LNP
Melbourne,OTH,ALP+GRN+IND+LNP+ON,ON,87.0,0.0426052889324191,,MELBOURNE,ALP+GRN+IND+LNP+ON,positive_recipients_validated_against_3cp,False,6,ALP+GRN+LNP
Melbourne,OTH,ALP+GRN+IND+LNP+ON,IND,348.0,0.1704211557296767,,MELBOURNE,ALP+GRN+IND+LNP+ON,positive_recipients_validated_against_3cp,False,6,ALP+GRN+LNP
Wills,LNP,ALP+GRN,ALP,13795.0,0.7592602784963399,,WILLS,ALP+GRN,positive_recipients_validated_against_3cp,False,3,ALP+GRN+LNP
Wills,LNP,ALP+GRN,GRN,4374.0,0.24073972150366,,WILLS,ALP+GRN,positive_recipients_validated_against_3cp,False,3,ALP+GRN+LNP
Wills,ON,ALP+GRN+LNP+OTH,ALP,718.0,0.1514767932489451,,WILLS,ALP+GRN+LNP+OTH,positive_recipients_validated_against_3cp,False,5,ALP+GRN+LNP
Wills,ON,ALP+GRN+LNP+OTH,LNP,2812.0,0.5932489451476793,,WILLS,ALP+GRN+LNP+OTH,positive_recipients_validated_against_3cp,False,5,ALP+GRN+LNP
Wills,ON,ALP+GRN+LNP+OTH,GRN,474.0,0.1,,WILLS,ALP+GRN+LNP+OTH,positive_recipients_validated_against_3cp,False,5,ALP+GRN+LNP
Wills,ON,ALP+GRN+LNP+OTH,OTH,736.0,0.1552742616033755,,WILLS,ALP+GRN+LNP+OTH,positive_recipients_validated_against_3cp,False,5,ALP+GRN+LNP
Wills,OTH,ALP+GRN+LNP,ALP,2877.0,0.2091907220242856,,WILLS,ALP+GRN+LNP,positive_recipients_validated_against_3cp,False,4,ALP+GRN+LNP
Wills,OTH,ALP+GRN+LNP,LNP,1236.0,0.0898713008070966,,WILLS,ALP+GRN+LNP,positive_recipients_validated_against_3cp,False,4,ALP+GRN+LNP
Wills,OTH,ALP+GRN+LNP,GRN,9640.0,0.7009379771686177,,WILLS,ALP+GRN+LNP,positive_recipients_validated_against_3cp,False,4,ALP+GRN+LNP
Fraser,LNP,ALP+GRN,ALP,14865.0,0.643868843938147,,FRASER,ALP+GRN,positive_recipients_validated_against_3cp,False,3,ALP+GRN+LNP
Fraser,LNP,ALP+GRN,GRN,8222.0,0.3561311560618529,,FRASER,ALP+GRN,positive_recipients_validated_against_3cp,False,3,ALP+GRN+LNP
Fraser,ON,ALP+GRN+LNP+OTH,ALP,899.0,0.1377777777777777,,FRASER,ALP+GRN+LNP+OTH,positive_recipients_validated_against_3cp,False,5,ALP+GRN+LNP
Fraser,ON,ALP+GRN+LNP+OTH,LNP,3436.0,0.5265900383141763,,FRASER,ALP+GRN+LNP+OTH,positive_recipients_validated_against_3cp,False,5,ALP+GRN+LNP
Fraser,ON,ALP+GRN+LNP+OTH,GRN,943.0,0.1445210727969348,,FRASER,ALP+GRN+LNP+OTH,positive_recipients_validated_against_3cp,False,5,ALP+GRN+LNP
Fraser,ON,ALP+GRN+LNP+OTH,OTH,1247.0,0.1911111111111111,,FRASER,ALP+GRN+LNP+OTH,positive_recipients_validated_against_3cp,False,5,ALP+GRN+LNP
Fraser,OTH,ALP+GRN+LNP+ON,ALP,2099.0,0.1679603104745138,,FRASER,ALP+GRN+LNP+ON,positive_recipients_validated_against_3cp,False,4,ALP+GRN+LNP
Fraser,OTH,ALP+GRN+LNP+ON,LNP,1526.0,0.122109306233496,,FRASER,ALP+GRN+LNP+ON,positive_recipients_validated_against_3cp,False,4,ALP+GRN+LNP
Fraser,OTH,ALP+GRN+LNP+ON,GRN,7482.0,0.5987036888853324,,FRASER,ALP+GRN+LNP+ON,positive_recipients_validated_against_3cp,False,4,ALP+GRN+LNP
Fraser,OTH,ALP+GRN+LNP+ON,ON,1390.0,0.1112266944066576,,FRASER,ALP+GRN+LNP+ON,positive_recipients_validated_against_3cp,False,4,ALP+GRN+LNP
Gellibrand,GRN,ALP+LNP,ALP,16878.0,0.8293449953319247,,GELLIBRAND,ALP+LNP,positive_recipients_validated_against_3cp,False,3,ALP+LNP+GRN
Gellibrand,GRN,ALP+LNP,LNP,3473.0,0.1706550046680753,,GELLIBRAND,ALP+LNP,positive_recipients_validated_against_3cp,False,3,ALP+LNP+GRN
Gellibrand,ON,ALP+GRN+LNP,ALP,1727.0,0.2198319755600814,,GELLIBRAND,ALP+GRN+LNP,positive_recipients_validated_against_3cp,False,4,ALP+LNP+GRN
Gellibrand,ON,ALP+GRN+LNP,LNP,4756.0,0.6053971486761711,,GELLIBRAND,ALP+GRN+LNP,positive_recipients_validated_against_3cp,False,4,ALP+LNP+GRN
Gellibrand,ON,ALP+GRN+LNP,GRN,1373.0,0.1747708757637474,,GELLIBRAND,ALP+GRN+LNP,positive_recipients_validated_against_3cp,False,4,ALP+LNP+GRN
Gellibrand,OTH,ALP+GRN+LNP+ON,ALP,840.0,0.1910828025477707,,GELLIBRAND,ALP+GRN+LNP+ON,positive_recipients_validated_against_3cp,False,5,ALP+LNP+GRN
Gellibrand,OTH,ALP+GRN+LNP+ON,LNP,945.0,0.214968152866242,,GELLIBRAND,ALP+GRN+LNP+ON,positive_recipients_validated_against_3cp,False,5,ALP+LNP+GRN
Gellibrand,OTH,ALP+GRN+LNP+ON,GRN,1045.0,0.2377161055505004,,GELLIBRAND,ALP+GRN+LNP+ON,positive_recipients_validated_against_3cp,False,5,ALP+LNP+GRN
Gellibrand,OTH,ALP+GRN+LNP+ON,ON,1566.0,0.3562329390354868,,GELLIBRAND,ALP+GRN+LNP+ON,positive_recipients_validated_against_3cp,False,5,ALP+LNP+GRN
Maribyrnong,GRN,ALP+LNP,ALP,22247.0,0.8995228853307456,,MARIBYRNONG,ALP+LNP,positive_recipients_validated_against_3cp,False,3,ALP+LNP+GRN
Maribyrnong,GRN,ALP+LNP,LNP,2485.0,0.1004771146692544,,MARIBYRNONG,ALP+LNP,positive_recipients_validated_against_3cp,False,3,ALP+LNP+GRN
Maribyrnong,ON,ALP+GRN+LNP,ALP,1349.0,0.1759947814742335,,MARIBYRNONG,ALP+GRN+LNP,positive_recipients_validated_against_3cp,False,4,ALP+LNP+GRN
Maribyrnong,ON,ALP+GRN+LNP,LNP,5178.0,0.6755381604696673,,MARIBYRNONG,ALP+GRN+LNP,positive_recipients_validated_against_3cp,False,4,ALP+LNP+GRN
Maribyrnong,ON,ALP+GRN+LNP,GRN,1138.0,0.1484670580560991,,MARIBYRNONG,ALP+GRN+LNP,positive_recipients_validated_against_3cp,False,4,ALP+LNP+GRN
Aston,GRN,ALP+LNP,ALP,14423.0,0.844883135141468,,ASTON,ALP+LNP,positive_recipients_validated_against_3cp,False,3,ALP+LNP+GRN
Aston,GRN,ALP+LNP,LNP,2648.0,0.155116864858532,,ASTON,ALP+LNP,positive_recipients_validated_against_3cp,False,3,ALP+LNP+GRN
Aston,ON,ALP+GRN+LNP,ALP,1113.0,0.1468531468531468,,ASTON,ALP+GRN+LNP,positive_recipients_validated_against_3cp,False,4,ALP+LNP+GRN
Aston,ON,ALP+GRN+LNP,LNP,4622.0,0.6098429872014778,,ASTON,ALP+GRN+LNP,positive_recipients_validated_against_3cp,False,4,ALP+LNP+GRN
Aston,ON,ALP+GRN+LNP,GRN,1844.0,0.2433038659453753,,ASTON,ALP+GRN+LNP,positive_recipients_validated_against_3cp,False,4,ALP+LNP+GRN
Aston,IND,ALP+GRN+LNP+ON,ALP,1458.0,0.2658643326039387,,ASTON,ALP+GRN+LNP+ON,positive_recipients_validated_against_3cp,False,5,ALP+LNP+GRN
Aston,IND,ALP+GRN+LNP+ON,LNP,874.0,0.1593727206418672,,ASTON,ALP+GRN+LNP+ON,positive_recipients_validated_against_3cp,False,5,ALP+LNP+GRN
Aston,IND,ALP+GRN+LNP+ON,GRN,2059.0,0.37545587162655,,ASTON,ALP+GRN+LNP+ON,positive_recipients_validated_against_3cp,False,5,ALP+LNP+GRN
Aston,IND,ALP+GRN+LNP+ON,ON,1093.0,0.199307075127644,,ASTON,ALP+GRN+LNP+ON,positive_recipients_validated_against_3cp,False,5,ALP+LNP+GRN
Aston,OTH,ALP+GRN+IND+LNP+ON,ALP,555.0,0.1221928665785997,,ASTON,ALP+GRN+IND+LNP+ON,positive_recipients_validated_against_3cp,False,6,ALP+LNP+GRN
Aston,OTH,ALP+GRN+IND+LNP+ON,LNP,1196.0,0.2633201232937032,,ASTON,ALP+GRN+IND+LNP+ON,positive_recipients_validated_against_3cp,False,6,ALP+LNP+GRN
Aston,OTH,ALP+GRN+IND+LNP+ON,GRN,349.0,0.0768383971818582,,ASTON,ALP+GRN+IND+LNP+ON,positive_recipients_validated_against_3cp,False,6,ALP+LNP+GRN
Aston,OTH,ALP+GRN+IND+LNP+ON,ON,1463.0,0.3221047996477322,,ASTON,ALP+GRN+IND+LNP+ON,positive_recipients_validated_against_3cp,False,6,ALP+LNP+GRN
Aston,OTH,ALP+GRN+IND+LNP+ON,IND,979.0,0.2155438132981065,,ASTON,ALP+GRN+IND+LNP+ON,positive_recipients_validated_against_3cp,False,6,ALP+LNP+GRN
Deakin,GRN,ALP+LNP,ALP,16564.0,0.8572611530897423,,DEAKIN,ALP+LNP,positive_recipients_validated_against_3cp,False,3,ALP+LNP+GRN
Deakin,GRN,ALP+LNP,LNP,2758.0,0.1427388469102577,,DEAKIN,ALP+LNP,positive_recipients_validated_against_3cp,False,3,ALP+LNP+GRN
Deakin,ON,ALP+GRN+IND+LNP,ALP,340.0,0.0627653682850286,,DEAKIN,ALP+GRN+IND+LNP,positive_recipients_validated_against_3cp,False,5,ALP+LNP+GRN
Deakin,ON,ALP+GRN+IND+LNP,LNP,3058.0,0.564519106516522,,DEAKIN,ALP+GRN+IND+LNP,positive_recipients_validated_against_3cp,False,5,ALP+LNP+GRN
Deakin,ON,ALP+GRN+IND+LNP,GRN,295.0,0.0544581871884807,,DEAKIN,ALP+GRN+IND+LNP,positive_recipients_validated_against_3cp,False,5,ALP+LNP+GRN
Deakin,ON,ALP+GRN+IND+LNP,IND,1724.0,0.3182573380099686,,DEAKIN,ALP+GRN+IND+LNP,positive_recipients_validated_against_3cp,False,5,ALP+LNP+GRN
Deakin,IND,ALP+GRN+LNP,ALP,3504.0,0.3264393515930687,,DEAKIN,ALP+GRN+LNP,positive_recipients_validated_against_3cp,False,4,ALP+LNP+GRN
Deakin,IND,ALP+GRN+LNP,LNP,2411.0,0.2246133780510527,,DEAKIN,ALP+GRN+LNP,positive_recipients_validated_against_3cp,False,4,ALP+LNP+GRN
Deakin,IND,ALP+GRN+LNP,GRN,4819.0,0.4489472703558785,,DEAKIN,ALP+GRN+LNP,positive_recipients_validated_against_3cp,False,4,ALP+LNP+GRN
Deakin,OTH,ALP+GRN+IND+LNP+ON,ALP,429.0,0.0773809523809523,,DEAKIN,ALP+GRN+IND+LNP+ON,positive_recipients_validated_against_3cp,False,6,ALP+LNP+GRN
Deakin,OTH,ALP+GRN+IND+LNP+ON,LNP,1534.0,0.2766955266955267,,DEAKIN,ALP+GRN+IND+LNP+ON,positive_recipients_validated_against_3cp,False,6,ALP+LNP+GRN
Deakin,OTH,ALP+GRN+IND+LNP+ON,GRN,450.0,0.0811688311688311,,DEAKIN,ALP+GRN+IND+LNP+ON,positive_recipients_validated_against_3cp,False,6,ALP+LNP+GRN
Deakin,OTH,ALP+GRN+IND+LNP+ON,ON,2374.0,0.4282106782106782,,DEAKIN,ALP+GRN+IND+LNP+ON,positive_recipients_validated_against_3cp,False,6,ALP+LNP+GRN
Deakin,OTH,ALP+GRN+IND+LNP+ON,IND,757.0,0.1365440115440115,,DEAKIN,ALP+GRN+IND+LNP+ON,positive_recipients_validated_against_3cp,False,6,ALP+LNP+GRN
Menzies,GRN,ALP+LNP,ALP,14044.0,0.8317441516138585,,MENZIES,ALP+LNP,positive_recipients_validated_against_3cp,False,3,ALP+LNP+GRN
Menzies,GRN,ALP+LNP,LNP,2841.0,0.1682558483861415,,MENZIES,ALP+LNP,positive_recipients_validated_against_3cp,False,3,ALP+LNP+GRN
Menzies,ON,ALP+GRN+IND+LNP,ALP,398.0,0.0946042310434989,,MENZIES,ALP+GRN+IND+LNP,positive_recipients_validated_against_3cp,False,5,ALP+LNP+GRN
Menzies,ON,ALP+GRN+IND+LNP,LNP,2463.0,0.5854528167340147,,MENZIES,ALP+GRN+IND+LNP,positive_recipients_validated_against_3cp,False,5,ALP+LNP+GRN
Menzies,ON,ALP+GRN+IND+LNP,GRN,233.0,0.0553838840028523,,MENZIES,ALP+GRN+IND+LNP,positive_recipients_validated_against_3cp,False,5,ALP+LNP+GRN
Menzies,ON,ALP+GRN+IND+LNP,IND,1113.0,0.2645590682196339,,MENZIES,ALP+GRN+IND+LNP,positive_recipients_validated_against_3cp,False,5,ALP+LNP+GRN
Menzies,IND,ALP+GRN+LNP,ALP,2907.0,0.3231436193863939,,MENZIES,ALP+GRN+LNP,positive_recipients_validated_against_3cp,False,4,ALP+LNP+GRN
Menzies,IND,ALP+GRN+LNP,LNP,2173.0,0.2415518008003557,,MENZIES,ALP+GRN+LNP,positive_recipients_validated_against_3cp,False,4,ALP+LNP+GRN
Menzies,IND,ALP+GRN+LNP,GRN,3916.0,0.4353045798132503,,MENZIES,ALP+GRN+LNP,positive_recipients_validated_against_3cp,False,4,ALP+LNP+GRN
Menzies,OTH,ALP+GRN+IND+LNP+ON,ALP,542.0,0.0929833590667352,,MENZIES,ALP+GRN+IND+LNP+ON,positive_recipients_validated_against_3cp,False,6,ALP+LNP+GRN
Menzies,OTH,ALP+GRN+IND+LNP+ON,LNP,1586.0,0.2720878366786756,,MENZIES,ALP+GRN+IND+LNP+ON,positive_recipients_validated_against_3cp,False,6,ALP+LNP+GRN
Menzies,OTH,ALP+GRN+IND+LNP+ON,GRN,738.0,0.1266083376222336,,MENZIES,ALP+GRN+IND+LNP+ON,positive_recipients_validated_against_3cp,False,6,ALP+LNP+GRN
Menzies,OTH,ALP+GRN+IND+LNP+ON,ON,2046.0,0.3510036026762738,,MENZIES,ALP+GRN+IND+LNP+ON,positive_recipients_validated_against_3cp,False,6,ALP+LNP+GRN
Menzies,OTH,ALP+GRN+IND+LNP+ON,IND,917.0,0.1573168639560816,,MENZIES,ALP+GRN+IND+LNP+ON,positive_recipients_validated_against_3cp,False,6,ALP+LNP+GRN
Calwell,LNP,ALP+IND,ALP,6345.0,0.3167748377433849,,CALWELL,ALP+IND,positive_recipients_validated_against_3cp,False,3,ALP+IND+LNP
Calwell,LNP,ALP+IND,IND,13685.0,0.6832251622566151,,CALWELL,ALP+IND,positive_recipients_validated_against_3cp,False,3,ALP+IND+LNP
Calwell,GRN,ALP+IND+LNP,ALP,10259.0,0.6864043891342165,,CALWELL,ALP+IND+LNP,positive_recipients_validated_against_3cp,False,4,ALP+IND+LNP
Calwell,GRN,ALP+IND+LNP,LNP,989.0,0.0661715509166332,,CALWELL,ALP+IND+LNP,positive_recipients_validated_against_3cp,False,4,ALP+IND+LNP
Calwell,GRN,ALP+IND+LNP,IND,3698.0,0.2474240599491503,,CALWELL,ALP+IND+LNP,positive_recipients_validated_against_3cp,False,4,ALP+IND+LNP
Calwell,ON,ALP+GRN+IND+LNP+OTH,ALP,498.0,0.0994408945686901,,CALWELL,ALP+GRN+IND+LNP+OTH,positive_recipients_validated_against_3cp,False,6,ALP+IND+LNP
Calwell,ON,ALP+GRN+IND+LNP+OTH,LNP,1261.0,0.2517971246006389,,CALWELL,ALP+GRN+IND+LNP+OTH,positive_recipients_validated_against_3cp,False,6,ALP+IND+LNP
Calwell,ON,ALP+GRN+IND+LNP+OTH,GRN,327.0,0.0652955271565495,,CALWELL,ALP+GRN+IND+LNP+OTH,positive_recipients_validated_against_3cp,False,6,ALP+IND+LNP
Calwell,ON,ALP+GRN+IND+LNP+OTH,IND,1877.0,0.3748003194888178,,CALWELL,ALP+GRN+IND+LNP+OTH,positive_recipients_validated_against_3cp,False,6,ALP+IND+LNP
Calwell,ON,ALP+GRN+IND+LNP+OTH,OTH,1045.0,0.2086661341853035,,CALWELL,ALP+GRN+IND+LNP+OTH,positive_recipients_validated_against_3cp,False,6,ALP+IND+LNP
Calwell,OTH,ALP+GRN+IND+LNP,ALP,5118.0,0.1842133678868373,,CALWELL,ALP+GRN+IND+LNP,positive_recipients_validated_against_3cp,False,5,ALP+IND+LNP
Calwell,OTH,ALP+GRN+IND+LNP,LNP,4089.0,0.1471763308498002,,CALWELL,ALP+GRN+IND+LNP,positive_recipients_validated_against_3cp,False,5,ALP+IND+LNP
Calwell,OTH,ALP+GRN+IND+LNP,GRN,7287.0,0.2622826908541194,,CALWELL,ALP+GRN+IND+LNP,positive_recipients_validated_against_3cp,False,5,ALP+IND+LNP
Calwell,OTH,ALP+GRN+IND+LNP,IND,11289.0,0.4063276104092431,,CALWELL,ALP+GRN+IND+LNP,positive_recipients_validated_against_3cp,False,5,ALP+IND+LNP
Jagajaga,GRN,ALP+LNP,ALP,19024.0,0.9023383768913342,,JAGAJAGA,ALP+LNP,positive_recipients_validated_against_3cp,False,3,ALP+LNP+GRN
Jagajaga,GRN,ALP+LNP,LNP,2059.0,0.0976616231086657,,JAGAJAGA,ALP+LNP,positive_recipients_validated_against_3cp,False,3,ALP+LNP+GRN
Jagajaga,ON,ALP+GRN+IND+LNP,ALP,643.0,0.1195389477598066,,JAGAJAGA,ALP+GRN+IND+LNP,positive_recipients_validated_against_3cp,False,5,ALP+LNP+GRN
Jagajaga,ON,ALP+GRN+IND+LNP,LNP,3003.0,0.558282208588957,,JAGAJAGA,ALP+GRN+IND+LNP,positive_recipients_validated_against_3cp,False,5,ALP+LNP+GRN
Jagajaga,ON,ALP+GRN+IND+LNP,GRN,269.0,0.0500092954080684,,JAGAJAGA,ALP+GRN+IND+LNP,positive_recipients_validated_against_3cp,False,5,ALP+LNP+GRN
Jagajaga,ON,ALP+GRN+IND+LNP,IND,1464.0,0.2721695482431678,,JAGAJAGA,ALP+GRN+IND+LNP,positive_recipients_validated_against_3cp,False,5,ALP+LNP+GRN
Jagajaga,IND,ALP+GRN+LNP,ALP,2626.0,0.3241175018513947,,JAGAJAGA,ALP+GRN+LNP,positive_recipients_validated_against_3cp,False,4,ALP+LNP+GRN
Jagajaga,IND,ALP+GRN+LNP,LNP,2278.0,0.2811651444087879,,JAGAJAGA,ALP+GRN+LNP,positive_recipients_validated_against_3cp,False,4,ALP+LNP+GRN
Jagajaga,IND,ALP+GRN+LNP,GRN,3198.0,0.3947173537398173,,JAGAJAGA,ALP+GRN+LNP,positive_recipients_validated_against_3cp,False,4,ALP+LNP+GRN
Jagajaga,OTH,ALP+GRN+IND+LNP+ON,ALP,281.0,0.0874572051042639,,JAGAJAGA,ALP+GRN+IND+LNP+ON,positive_recipients_validated_against_3cp,False,6,ALP+LNP+GRN
Jagajaga,OTH,ALP+GRN+IND+LNP+ON,LNP,1177.0,0.3663243075007781,,JAGAJAGA,ALP+GRN+IND+LNP+ON,positive_recipients_validated_against_3cp,False,6,ALP+LNP+GRN
Jagajaga,OTH,ALP+GRN+IND+LNP+ON,GRN,282.0,0.0877684407096171,,JAGAJAGA,ALP+GRN+IND+LNP+ON,positive_recipients_validated_against_3cp,False,6,ALP+LNP+GRN
Jagajaga,OTH,ALP+GRN+IND+LNP+ON,ON,1031.0,0.3208839091192032,,JAGAJAGA,ALP+GRN+IND+LNP+ON,positive_recipients_validated_against_3cp,False,6,ALP+LNP+GRN
Jagajaga,OTH,ALP+GRN+IND+LNP+ON,IND,442.0,0.1375661375661375,,JAGAJAGA,ALP+GRN+IND+LNP+ON,positive_recipients_validated_against_3cp,False,6,ALP+LNP+GRN
Scullin,GRN,ALP+LNP,ALP,13295.0,0.6938573143364125,,SCULLIN,ALP+LNP,positive_recipients_validated_against_3cp,False,3,ALP+LNP+GRN
Scullin,GRN,ALP+LNP,LNP,5866.0,0.3061426856635875,,SCULLIN,ALP+LNP,positive_recipients_validated_against_3cp,False,3,ALP+LNP+GRN
Scullin,ON,ALP+GRN+LNP,ALP,2322.0,0.1747835905156191,,SCULLIN,ALP+GRN+LNP,positive_recipients_validated_against_3cp,False,4,ALP+LNP+GRN
Scullin,ON,ALP+GRN+LNP,LNP,6476.0,0.487467068121942,,SCULLIN,ALP+GRN+LNP,positive_recipients_validated_against_3cp,False,4,ALP+LNP+GRN
Scullin,ON,ALP+GRN+LNP,GRN,4487.0,0.3377493413624388,,SCULLIN,ALP+GRN+LNP,positive_recipients_validated_against_3cp,False,4,ALP+LNP+GRN
Scullin,OTH,ALP+GRN+LNP+ON,ALP,3107.0,0.1735851164869545,,SCULLIN,ALP+GRN+LNP+ON,positive_recipients_validated_against_3cp,False,5,ALP+LNP+GRN
Scullin,OTH,ALP+GRN+LNP+ON,LNP,2324.0,0.1298396558466953,,SCULLIN,ALP+GRN+LNP+ON,positive_recipients_validated_against_3cp,False,5,ALP+LNP+GRN
Scullin,OTH,ALP+GRN+LNP+ON,GRN,5584.0,0.3119727359070339,,SCULLIN,ALP+GRN+LNP+ON,positive_recipients_validated_against_3cp,False,5,ALP+LNP+GRN
Scullin,OTH,ALP+GRN+LNP+ON,ON,6884.0,0.3846024917593161,,SCULLIN,ALP+GRN+LNP+ON,positive_recipients_validated_against_3cp,False,5,ALP+LNP+GRN
Bruce,GRN,ALP+LNP,ALP,15869.0,0.8401630664972469,,BRUCE,ALP+LNP,positive_recipients_validated_against_3cp,False,3,ALP+LNP+GRN
Bruce,GRN,ALP+LNP,LNP,3019.0,0.159836933502753,,BRUCE,ALP+LNP,positive_recipients_validated_against_3cp,False,3,ALP+LNP+GRN
Bruce,ON,ALP+GRN+LNP,ALP,2773.0,0.1982271784973908,,BRUCE,ALP+GRN+LNP,positive_recipients_validated_against_3cp,False,4,ALP+LNP+GRN
Bruce,ON,ALP+GRN+LNP,LNP,7828.0,0.5595825291300307,,BRUCE,ALP+GRN+LNP,positive_recipients_validated_against_3cp,False,4,ALP+LNP+GRN
Bruce,ON,ALP+GRN+LNP,GRN,3388.0,0.2421902923725784,,BRUCE,ALP+GRN+LNP,positive_recipients_validated_against_3cp,False,4,ALP+LNP+GRN
Bruce,OTH,ALP+GRN+LNP+ON,ALP,2499.0,0.1996325291580124,,BRUCE,ALP+GRN+LNP+ON,positive_recipients_validated_against_3cp,False,5,ALP+LNP+GRN
Bruce,OTH,ALP+GRN+LNP+ON,LNP,2674.0,0.2136123981466688,,BRUCE,ALP+GRN+LNP+ON,positive_recipients_validated_against_3cp,False,5,ALP+LNP+GRN
Bruce,OTH,ALP+GRN+LNP+ON,GRN,2287.0,0.1826969164403259,,BRUCE,ALP+GRN+LNP+ON,positive_recipients_validated_against_3cp,False,5,ALP+LNP+GRN
Bruce,OTH,ALP+GRN+LNP+ON,ON,5058.0,0.4040581562549928,,BRUCE,ALP+GRN+LNP+ON,positive_recipients_validated_against_3cp,False,5,ALP+LNP+GRN
Dunkley,GRN,ALP+LNP,ALP,15655.0,0.8408529380169728,,DUNKLEY,ALP+LNP,positive_recipients_validated_against_3cp,False,3,ALP+LNP+GRN
Dunkley,GRN,ALP+LNP,LNP,2963.0,0.1591470619830271,,DUNKLEY,ALP+LNP,positive_recipients_validated_against_3cp,False,3,ALP+LNP+GRN
Dunkley,ON,ALP+GRN+LNP,ALP,1834.0,0.1701930215293244,,DUNKLEY,ALP+GRN+LNP,positive_recipients_validated_against_3cp,False,4,ALP+LNP+GRN
Dunkley,ON,ALP+GRN+LNP,LNP,6472.0,0.6005939123979213,,DUNKLEY,ALP+GRN+LNP,positive_recipients_validated_against_3cp,False,4,ALP+LNP+GRN
Dunkley,ON,ALP+GRN+LNP,GRN,2470.0,0.2292130660727542,,DUNKLEY,ALP+GRN+LNP,positive_recipients_validated_against_3cp,False,4,ALP+LNP+GRN
Dunkley,IND,ALP+GRN+LNP+ON+OTH,ALP,748.0,0.1983032873806998,,DUNKLEY,ALP+GRN+LNP+ON+OTH,positive_recipients_validated_against_3cp,False,6,ALP+LNP+GRN
Dunkley,IND,ALP+GRN+LNP+ON+OTH,LNP,661.0,0.1752386002120891,,DUNKLEY,ALP+GRN+LNP+ON+OTH,positive_recipients_validated_against_3cp,False,6,ALP+LNP+GRN
Dunkley,IND,ALP+GRN+LNP+ON+OTH,GRN,687.0,0.1821314952279957,,DUNKLEY,ALP+GRN+LNP+ON+OTH,positive_recipients_validated_against_3cp,False,6,ALP+LNP+GRN
Dunkley,IND,ALP+GRN+LNP+ON+OTH,ON,958.0,0.2539766702014846,,DUNKLEY,ALP+GRN+LNP+ON+OTH,positive_recipients_validated_against_3cp,False,6,ALP+LNP+GRN
Dunkley,IND,ALP+GRN+LNP+ON+OTH,OTH,718.0,0.1903499469777306,,DUNKLEY,ALP+GRN+LNP+ON+OTH,positive_recipients_validated_against_3cp,False,6,ALP+LNP+GRN
Dunkley,OTH,ALP+GRN+LNP+ON,ALP,2285.0,0.2568281443183095,,DUNKLEY,ALP+GRN+LNP+ON,positive_recipients_validated_against_3cp,False,5,ALP+LNP+GRN
Dunkley,OTH,ALP+GRN+LNP+ON,LNP,1476.0,0.1658986175115207,,DUNKLEY,ALP+GRN+LNP+ON,positive_recipients_validated_against_3cp,False,5,ALP+LNP+GRN
Dunkley,OTH,ALP+GRN+LNP+ON,GRN,2812.0,0.3160615937956614,,DUNKLEY,ALP+GRN+LNP+ON,positive_recipients_validated_against_3cp,False,5,ALP+LNP+GRN
Dunkley,OTH,ALP+GRN+LNP+ON,ON,2324.0,0.2612116443745083,,DUNKLEY,ALP+GRN+LNP+ON,positive_recipients_validated_against_3cp,False,5,ALP+LNP+GRN
Holt,GRN,ALP+LNP,ALP,14302.0,0.8262753480848114,,HOLT,ALP+LNP,positive_recipients_validated_against_3cp,False,3,ALP+LNP+GRN
Holt,GRN,ALP+LNP,LNP,3007.0,0.1737246519151886,,HOLT,ALP+LNP,positive_recipients_validated_against_3cp,False,3,ALP+LNP+GRN
Holt,ON,ALP+GRN+LNP,ALP,2314.0,0.1990195235228347,,HOLT,ALP+GRN+LNP,positive_recipients_validated_against_3cp,False,4,ALP+LNP+GRN
Holt,ON,ALP+GRN+LNP,LNP,6315.0,0.5431323643244172,,HOLT,ALP+GRN+LNP,positive_recipients_validated_against_3cp,False,4,ALP+LNP+GRN
Holt,ON,ALP+GRN+LNP,GRN,2998.0,0.2578481121527479,,HOLT,ALP+GRN+LNP,positive_recipients_validated_against_3cp,False,4,ALP+LNP+GRN
Holt,OTH,ALP+GRN+LNP+ON,ALP,2236.0,0.2251762336354481,,HOLT,ALP+GRN+LNP+ON,positive_recipients_validated_against_3cp,False,5,ALP+LNP+GRN
Holt,OTH,ALP+GRN+LNP+ON,LNP,1533.0,0.1543806646525679,,HOLT,ALP+GRN+LNP+ON,positive_recipients_validated_against_3cp,False,5,ALP+LNP+GRN
Holt,OTH,ALP+GRN+LNP+ON,GRN,3189.0,0.3211480362537764,,HOLT,ALP+GRN+LNP+ON,positive_recipients_validated_against_3cp,False,5,ALP+LNP+GRN
Holt,OTH,ALP+GRN+LNP+ON,ON,2972.0,0.2992950654582074,,HOLT,ALP+GRN+LNP+ON,positive_recipients_validated_against_3cp,False,5,ALP+LNP+GRN
Isaacs,GRN,ALP+LNP,ALP,14504.0,0.8472952447715855,,ISAACS,ALP+LNP,positive_recipients_validated_against_3cp,False,3,ALP+LNP+GRN
Isaacs,GRN,ALP+LNP,LNP,2614.0,0.1527047552284145,,ISAACS,ALP+LNP,positive_recipients_validated_against_3cp,False,3,ALP+LNP+GRN
Isaacs,ON,ALP+GRN+LNP,ALP,974.0,0.1513832763444202,,ISAACS,ALP+GRN+LNP,positive_recipients_validated_against_3cp,False,4,ALP+LNP+GRN
Isaacs,ON,ALP+GRN+LNP,LNP,4411.0,0.6855766241840224,,ISAACS,ALP+GRN+LNP,positive_recipients_validated_against_3cp,False,4,ALP+LNP+GRN
Isaacs,ON,ALP+GRN+LNP,GRN,1049.0,0.1630400994715573,,ISAACS,ALP+GRN+LNP,positive_recipients_validated_against_3cp,False,4,ALP+LNP+GRN
Isaacs,OTH,ALP+GRN+LNP+ON,ALP,672.0,0.1732851985559566,,ISAACS,ALP+GRN+LNP+ON,positive_recipients_validated_against_3cp,False,5,ALP+LNP+GRN
Isaacs,OTH,ALP+GRN+LNP+ON,LNP,892.0,0.2300154718927282,,ISAACS,ALP+GRN+LNP+ON,positive_recipients_validated_against_3cp,False,5,ALP+LNP+GRN
Isaacs,OTH,ALP+GRN+LNP+ON,GRN,869.0,0.2240845796802475,,ISAACS,ALP+GRN+LNP+ON,positive_recipients_validated_against_3cp,False,5,ALP+LNP+GRN
Isaacs,OTH,ALP+GRN+LNP+ON,ON,1445.0,0.3726147498710676,,ISAACS,ALP+GRN+LNP+ON,positive_recipients_validated_against_3cp,False,5,ALP+LNP+GRN
Gorton,GRN,ALP+LNP,ALP,13081.0,0.7613199860318939,,GORTON,ALP+LNP,positive_recipients_validated_against_3cp,False,3,ALP+LNP+GRN
Gorton,GRN,ALP+LNP,LNP,4101.0,0.2386800139681061,,GORTON,ALP+LNP,positive_recipients_validated_against_3cp,False,3,ALP+LNP+GRN
Gorton,ON,ALP+GRN+LNP,ALP,2298.0,0.2274797069887151,,GORTON,ALP+GRN+LNP,positive_recipients_validated_against_3cp,False,4,ALP+LNP+GRN
Gorton,ON,ALP+GRN+LNP,LNP,5623.0,0.556622450999802,,GORTON,ALP+GRN+LNP,positive_recipients_validated_against_3cp,False,4,ALP+LNP+GRN
Gorton,ON,ALP+GRN+LNP,GRN,2181.0,0.2158978420114828,,GORTON,ALP+GRN+LNP,positive_recipients_validated_against_3cp,False,4,ALP+LNP+GRN
Gorton,OTH,ALP+GRN+LNP+ON,ALP,3066.0,0.2780447991294096,,GORTON,ALP+GRN+LNP+ON,positive_recipients_validated_against_3cp,False,5,ALP+LNP+GRN
Gorton,OTH,ALP+GRN+LNP+ON,LNP,2239.0,0.2030470662918291,,GORTON,ALP+GRN+LNP+ON,positive_recipients_validated_against_3cp,False,5,ALP+LNP+GRN
Gorton,OTH,ALP+GRN+LNP+ON,GRN,2757.0,0.2500226716241951,,GORTON,ALP+GRN+LNP+ON,positive_recipients_validated_against_3cp,False,5,ALP+LNP+GRN
Gorton,OTH,ALP+GRN+LNP+ON,ON,2965.0,0.268885462954566,,GORTON,ALP+GRN+LNP+ON,positive_recipients_validated_against_3cp,False,5,ALP+LNP+GRN
Lalor,GRN,ALP+LNP,ALP,15785.0,0.824885033444816,,LALOR,ALP+LNP,positive_recipients_validated_against_3cp,False,3,ALP+LNP+GRN
Lalor,GRN,ALP+LNP,LNP,3351.0,0.1751149665551839,,LALOR,ALP+LNP,positive_recipients_validated_against_3cp,False,3,ALP+LNP+GRN
Lalor,ON,ALP+GRN+LNP,ALP,2021.0,0.2161497326203208,,LALOR,ALP+GRN+LNP,positive_recipients_validated_against_3cp,False,4,ALP+LNP+GRN
Lalor,ON,ALP+GRN+LNP,LNP,5367.0,0.5740106951871657,,LALOR,ALP+GRN+LNP,positive_recipients_validated_against_3cp,False,4,ALP+LNP+GRN
Lalor,ON,ALP+GRN+LNP,GRN,1962.0,0.2098395721925133,,LALOR,ALP+GRN+LNP,positive_recipients_validated_against_3cp,False,4,ALP+LNP+GRN
Lalor,IND,ALP+GRN+LNP+ON+OTH,ALP,431.0,0.1818565400843881,,LALOR,ALP+GRN+LNP+ON+OTH,positive_recipients_validated_against_3cp,False,6,ALP+LNP+GRN
Lalor,IND,ALP+GRN+LNP+ON+OTH,LNP,432.0,0.1822784810126582,,LALOR,ALP+GRN+LNP+ON+OTH,positive_recipients_validated_against_3cp,False,6,ALP+LNP+GRN
Lalor,IND,ALP+GRN+LNP+ON+OTH,GRN,752.0,0.3172995780590717,,LALOR,ALP+GRN+LNP+ON+OTH,positive_recipients_validated_against_3cp,False,6,ALP+LNP+GRN
Lalor,IND,ALP+GRN+LNP+ON+OTH,ON,284.0,0.1198312236286919,,LALOR,ALP+GRN+LNP+ON+OTH,positive_recipients_validated_against_3cp,False,6,ALP+LNP+GRN
Lalor,IND,ALP+GRN+LNP+ON+OTH,OTH,471.0,0.1987341772151898,,LALOR,ALP+GRN+LNP+ON+OTH,positive_recipients_validated_against_3cp,False,6,ALP+LNP+GRN
Lalor,OTH,ALP+GRN+IND+LNP+ON,ALP,1240.0,0.1957688664351121,,LALOR,ALP+GRN+IND+LNP+ON,positive_recipients_validated_against_3cp,False,5,ALP+LNP+GRN
Lalor,OTH,ALP+GRN+IND+LNP+ON,LNP,1504.0,0.2374486896116198,,LALOR,ALP+GRN+IND+LNP+ON,positive_recipients_validated_against_3cp,False,5,ALP+LNP+GRN
Lalor,OTH,ALP+GRN+IND+LNP+ON,GRN,1241.0,0.1959267445532049,,LALOR,ALP+GRN+IND+LNP+ON,positive_recipients_validated_against_3cp,False,5,ALP+LNP+GRN
Lalor,OTH,ALP+GRN+IND+LNP+ON,ON,2080.0,0.3283864856330912,,LALOR,ALP+GRN+IND+LNP+ON,positive_recipients_validated_against_3cp,False,5,ALP+LNP+GRN
Lalor,OTH,ALP+GRN+IND+LNP+ON,IND,269.0,0.0424692137669718,,LALOR,ALP+GRN+IND+LNP+ON,positive_recipients_validated_against_3cp,False,5,ALP+LNP+GRN
La Trobe,GRN,ALP+LNP,ALP,12836.0,0.7692676495265492,,LA TROBE,ALP+LNP,positive_recipients_validated_against_3cp,False,3,LNP+ALP+GRN
La Trobe,GRN,ALP+LNP,LNP,3850.0,0.2307323504734508,,LA TROBE,ALP+LNP,positive_recipients_validated_against_3cp,False,3,LNP+ALP+GRN
La Trobe,ON,ALP+GRN+LNP,ALP,1908.0,0.1637206109490303,,LA TROBE,ALP+GRN+LNP,positive_recipients_validated_against_3cp,False,4,LNP+ALP+GRN
La Trobe,ON,ALP+GRN+LNP,LNP,7398.0,0.6348035009438819,,LA TROBE,ALP+GRN+LNP,positive_recipients_validated_against_3cp,False,4,LNP+ALP+GRN
La Trobe,ON,ALP+GRN+LNP,GRN,2348.0,0.2014758881070877,,LA TROBE,ALP+GRN+LNP,positive_recipients_validated_against_3cp,False,4,LNP+ALP+GRN
La Trobe,OTH,ALP+GRN+LNP+ON,ALP,1641.0,0.194431279620853,,LA TROBE,ALP+GRN+LNP+ON,positive_recipients_validated_against_3cp,False,5,LNP+ALP+GRN
La Trobe,OTH,ALP+GRN+LNP+ON,LNP,2149.0,0.2546208530805687,,LA TROBE,ALP+GRN+LNP+ON,positive_recipients_validated_against_3cp,False,5,LNP+ALP+GRN
La Trobe,OTH,ALP+GRN+LNP+ON,GRN,952.0,0.1127962085308056,,LA TROBE,ALP+GRN+LNP+ON,positive_recipients_validated_against_3cp,False,5,LNP+ALP+GRN
La Trobe,OTH,ALP+GRN+LNP+ON,ON,3698.0,0.4381516587677725,,LA TROBE,ALP+GRN+LNP+ON,positive_recipients_validated_against_3cp,False,5,LNP+ALP+GRN
Ballarat,GRN,ALP+LNP,ALP,15209.0,0.8441471943164789,,BALLARAT,ALP+LNP,positive_recipients_validated_against_3cp,False,3,ALP+LNP+GRN
Ballarat,GRN,ALP+LNP,LNP,2808.0,0.1558528056835211,,BALLARAT,ALP+LNP,positive_recipients_validated_against_3cp,False,3,ALP+LNP+GRN
Ballarat,ON,ALP+GRN+LNP,ALP,2313.0,0.2147233568510954,,BALLARAT,ALP+GRN+LNP,positive_recipients_validated_against_3cp,False,4,ALP+LNP+GRN
Ballarat,ON,ALP+GRN+LNP,LNP,6734.0,0.6251392499071667,,BALLARAT,ALP+GRN+LNP,positive_recipients_validated_against_3cp,False,4,ALP+LNP+GRN
Ballarat,ON,ALP+GRN+LNP,GRN,1725.0,0.1601373932417378,,BALLARAT,ALP+GRN+LNP,positive_recipients_validated_against_3cp,False,4,ALP+LNP+GRN
Ballarat,IND,ALP+GRN+LNP+ON+OTH,ALP,609.0,0.1829378191649144,,BALLARAT,ALP+GRN+LNP+ON+OTH,positive_recipients_validated_against_3cp,False,5,ALP+LNP+GRN
Ballarat,IND,ALP+GRN+LNP+ON+OTH,LNP,414.0,0.1243616701712225,,BALLARAT,ALP+GRN+LNP+ON+OTH,positive_recipients_validated_against_3cp,False,5,ALP+LNP+GRN
Ballarat,IND,ALP+GRN+LNP+ON+OTH,GRN,555.0,0.1667167317512766,,BALLARAT,ALP+GRN+LNP+ON+OTH,positive_recipients_validated_against_3cp,False,5,ALP+LNP+GRN
Ballarat,IND,ALP+GRN+LNP+ON+OTH,ON,621.0,0.1865425052568338,,BALLARAT,ALP+GRN+LNP+ON+OTH,positive_recipients_validated_against_3cp,False,5,ALP+LNP+GRN
Ballarat,IND,ALP+GRN+LNP+ON+OTH,OTH,1130.0,0.3394412736557525,,BALLARAT,ALP+GRN+LNP+ON+OTH,positive_recipients_validated_against_3cp,False,5,ALP+LNP+GRN
Ballarat,OTH,ALP+GRN+IND+LNP+ON,ALP,1015.0,0.1823244117118735,,BALLARAT,ALP+GRN+IND+LNP+ON,positive_recipients_validated_against_3cp,False,6,ALP+LNP+GRN
Ballarat,OTH,ALP+GRN+IND+LNP+ON,LNP,1282.0,0.2302856116400215,,BALLARAT,ALP+GRN+IND+LNP+ON,positive_recipients_validated_against_3cp,False,6,ALP+LNP+GRN
Ballarat,OTH,ALP+GRN+IND+LNP+ON,GRN,753.0,0.135261361595114,,BALLARAT,ALP+GRN+IND+LNP+ON,positive_recipients_validated_against_3cp,False,6,ALP+LNP+GRN
Ballarat,OTH,ALP+GRN+IND+LNP+ON,ON,2122.0,0.3811747799532962,,BALLARAT,ALP+GRN+IND+LNP+ON,positive_recipients_validated_against_3cp,False,6,ALP+LNP+GRN
Ballarat,OTH,ALP+GRN+IND+LNP+ON,IND,395.0,0.0709538350996946,,BALLARAT,ALP+GRN+IND+LNP+ON,positive_recipients_validated_against_3cp,False,6,ALP+LNP+GRN
Bendigo**,GRN,ALP+LNP,ALP,14718.0,0.8247688428131129,,BENDIGO,ALP+LNP,positive_recipients_validated_against_3cp,False,3,ALP+LNP+GRN
Bendigo**,GRN,ALP+LNP,LNP,3127.0,0.1752311571868871,,BENDIGO,ALP+LNP,positive_recipients_validated_against_3cp,False,3,ALP+LNP+GRN
Bendigo**,ON,ALP+GRN+LNP+OTH,ALP,1073.0,0.1359949302915082,,BENDIGO,ALP+GRN+LNP+OTH,positive_recipients_validated_against_3cp,False,5,ALP+LNP+GRN
Bendigo**,ON,ALP+GRN+LNP+OTH,LNP,4035.0,0.5114068441064639,,BENDIGO,ALP+GRN+LNP+OTH,positive_recipients_validated_against_3cp,False,5,ALP+LNP+GRN
Bendigo**,ON,ALP+GRN+LNP+OTH,GRN,1092.0,0.138403041825095,,BENDIGO,ALP+GRN+LNP+OTH,positive_recipients_validated_against_3cp,False,5,ALP+LNP+GRN
Bendigo**,ON,ALP+GRN+LNP+OTH,OTH,1690.0,0.2141951837769328,,BENDIGO,ALP+GRN+LNP+OTH,positive_recipients_validated_against_3cp,False,5,ALP+LNP+GRN
Bendigo**,OTH,ALP+GRN+LNP+ON,ALP,3064.0,0.1337582398393504,,BENDIGO,ALP+GRN+LNP+ON,positive_recipients_validated_against_3cp,False,4,ALP+LNP+GRN
Bendigo**,OTH,ALP+GRN+LNP+ON,LNP,12836.0,0.5603527306063648,,BENDIGO,ALP+GRN+LNP+ON,positive_recipients_validated_against_3cp,False,4,ALP+LNP+GRN
Bendigo**,OTH,ALP+GRN+LNP+ON,GRN,4514.0,0.1970576679617584,,BENDIGO,ALP+GRN+LNP+ON,positive_recipients_validated_against_3cp,False,4,ALP+LNP+GRN
Bendigo**,OTH,ALP+GRN+LNP+ON,ON,2493.0,0.1088313615925263,,BENDIGO,ALP+GRN+LNP+ON,positive_recipients_validated_against_3cp,False,4,ALP+LNP+GRN
Corangamite,GRN,ALP+LNP,ALP,17831.0,0.8811524016604072,,CORANGAMITE,ALP+LNP,positive_recipients_validated_against_3cp,False,3,ALP+LNP+GRN
Corangamite,GRN,ALP+LNP,LNP,2405.0,0.1188475983395928,,CORANGAMITE,ALP+LNP,positive_recipients_validated_against_3cp,False,3,ALP+LNP+GRN
Corangamite,ON,ALP+GRN+IND+LNP,ALP,606.0,0.1109890109890109,,CORANGAMITE,ALP+GRN+IND+LNP,positive_recipients_validated_against_3cp,False,5,ALP+LNP+GRN
Corangamite,ON,ALP+GRN+IND+LNP,LNP,2721.0,0.4983516483516483,,CORANGAMITE,ALP+GRN+IND+LNP,positive_recipients_validated_against_3cp,False,5,ALP+LNP+GRN
Corangamite,ON,ALP+GRN+IND+LNP,GRN,350.0,0.0641025641025641,,CORANGAMITE,ALP+GRN+IND+LNP,positive_recipients_validated_against_3cp,False,5,ALP+LNP+GRN
Corangamite,ON,ALP+GRN+IND+LNP,IND,1783.0,0.3265567765567765,,CORANGAMITE,ALP+GRN+IND+LNP,positive_recipients_validated_against_3cp,False,5,ALP+LNP+GRN
Corangamite,IND,ALP+GRN+LNP,ALP,1935.0,0.2551424050632911,,CORANGAMITE,ALP+GRN+LNP,positive_recipients_validated_against_3cp,False,4,ALP+LNP+GRN
Corangamite,IND,ALP+GRN+LNP,LNP,1793.0,0.236418776371308,,CORANGAMITE,ALP+GRN+LNP,positive_recipients_validated_against_3cp,False,4,ALP+LNP+GRN
Corangamite,IND,ALP+GRN+LNP,GRN,3856.0,0.5084388185654009,,CORANGAMITE,ALP+GRN+LNP,positive_recipients_validated_against_3cp,False,4,ALP+LNP+GRN
Corangamite,OTH,ALP+GRN+IND+LNP+ON,ALP,1195.0,0.1735909355026147,,CORANGAMITE,ALP+GRN+IND+LNP+ON,positive_recipients_validated_against_3cp,False,6,ALP+LNP+GRN
Corangamite,OTH,ALP+GRN+IND+LNP+ON,LNP,1232.0,0.178965717606043,,CORANGAMITE,ALP+GRN+IND+LNP+ON,positive_recipients_validated_against_3cp,False,6,ALP+LNP+GRN
Corangamite,OTH,ALP+GRN+IND+LNP+ON,GRN,1105.0,0.1605171411969785,,CORANGAMITE,ALP+GRN+IND+LNP+ON,positive_recipients_validated_against_3cp,False,6,ALP+LNP+GRN
Corangamite,OTH,ALP+GRN+IND+LNP+ON,ON,2116.0,0.3073794305636258,,CORANGAMITE,ALP+GRN+IND+LNP+ON,positive_recipients_validated_against_3cp,False,6,ALP+LNP+GRN
Corangamite,OTH,ALP+GRN+IND+LNP+ON,IND,1236.0,0.1795467751307379,,CORANGAMITE,ALP+GRN+IND+LNP+ON,positive_recipients_validated_against_3cp,False,6,ALP+LNP+GRN
Corio,GRN,ALP+LNP,ALP,18638.0,0.7718876832601673,,CORIO,ALP+LNP,positive_recipients_validated_against_3cp,False,3,ALP+LNP+GRN
Corio,GRN,ALP+LNP,LNP,5508.0,0.2281123167398326,,CORIO,ALP+LNP,positive_recipients_validated_against_3cp,False,3,ALP+LNP+GRN
Corio,ON,ALP+GRN+LNP,ALP,2470.0,0.1917701863354037,,CORIO,ALP+GRN+LNP,positive_recipients_validated_against_3cp,False,4,ALP+LNP+GRN
Corio,ON,ALP+GRN+LNP,LNP,6766.0,0.5253105590062112,,CORIO,ALP+GRN+LNP,positive_recipients_validated_against_3cp,False,4,ALP+LNP+GRN
Corio,ON,ALP+GRN+LNP,GRN,3644.0,0.2829192546583851,,CORIO,ALP+GRN+LNP,positive_recipients_validated_against_3cp,False,4,ALP+LNP+GRN
Corio,IND,ALP+GRN+LNP+ON,ALP,919.0,0.2060538116591928,,CORIO,ALP+GRN+LNP+ON,positive_recipients_validated_against_3cp,False,5,ALP+LNP+GRN
Corio,IND,ALP+GRN+LNP+ON,LNP,715.0,0.1603139013452914,,CORIO,ALP+GRN+LNP+ON,positive_recipients_validated_against_3cp,False,5,ALP+LNP+GRN
Corio,IND,ALP+GRN+LNP+ON,GRN,1271.0,0.2849775784753363,,CORIO,ALP+GRN+LNP+ON,positive_recipients_validated_against_3cp,False,5,ALP+LNP+GRN
Corio,IND,ALP+GRN+LNP+ON,ON,1555.0,0.3486547085201794,,CORIO,ALP+GRN+LNP+ON,positive_recipients_validated_against_3cp,False,5,ALP+LNP+GRN
Corio,OTH,ALP+GRN+IND+LNP+ON,ALP,450.0,0.1402306014334683,,CORIO,ALP+GRN+IND+LNP+ON,positive_recipients_validated_against_3cp,False,6,ALP+LNP+GRN
Corio,OTH,ALP+GRN+IND+LNP+ON,LNP,117.0,0.0364599563727017,,CORIO,ALP+GRN+IND+LNP+ON,positive_recipients_validated_against_3cp,False,6,ALP+LNP+GRN
Corio,OTH,ALP+GRN+IND+LNP+ON,GRN,1740.0,0.542224992209411,,CORIO,ALP+GRN+IND+LNP+ON,positive_recipients_validated_against_3cp,False,6,ALP+LNP+GRN
Corio,OTH,ALP+GRN+IND+LNP+ON,ON,372.0,0.1159239638516671,,CORIO,ALP+GRN+IND+LNP+ON,positive_recipients_validated_against_3cp,False,6,ALP+LNP+GRN
Corio,OTH,ALP+GRN+IND+LNP+ON,IND,530.0,0.1651604861327516,,CORIO,ALP+GRN+IND+LNP+ON,positive_recipients_validated_against_3cp,False,6,ALP+LNP+GRN
Hawke,GRN,ALP+LNP,ALP,14126.0,0.8177134587554269,,HAWKE,ALP+LNP,positive_recipients_validated_against_3cp,False,3,ALP+LNP+GRN
Hawke,GRN,ALP+LNP,LNP,3149.0,0.182286541244573,,HAWKE,ALP+LNP,positive_recipients_validated_against_3cp,False,3,ALP+LNP+GRN
Hawke,ON,ALP+GRN+LNP,ALP,2589.0,0.1983148219073152,,HAWKE,ALP+GRN+LNP,positive_recipients_validated_against_3cp,False,4,ALP+LNP+GRN
Hawke,ON,ALP+GRN+LNP,LNP,7621.0,0.5837610111068556,,HAWKE,ALP+GRN+LNP,positive_recipients_validated_against_3cp,False,4,ALP+LNP+GRN
Hawke,ON,ALP+GRN+LNP,GRN,2845.0,0.2179241669858291,,HAWKE,ALP+GRN+LNP,positive_recipients_validated_against_3cp,False,4,ALP+LNP+GRN
Hawke,OTH,ALP+GRN+LNP+ON,ALP,2496.0,0.2151353214962937,,HAWKE,ALP+GRN+LNP+ON,positive_recipients_validated_against_3cp,False,5,ALP+LNP+GRN
Hawke,OTH,ALP+GRN+LNP+ON,LNP,1834.0,0.1580761937596966,,HAWKE,ALP+GRN+LNP+ON,positive_recipients_validated_against_3cp,False,5,ALP+LNP+GRN
Hawke,OTH,ALP+GRN+LNP+ON,GRN,4252.0,0.3664885364592312,,HAWKE,ALP+GRN+LNP+ON,positive_recipients_validated_against_3cp,False,5,ALP+LNP+GRN
Hawke,OTH,ALP+GRN+LNP+ON,ON,3020.0,0.2602999482847785,,HAWKE,ALP+GRN+LNP+ON,positive_recipients_validated_against_3cp,False,5,ALP+LNP+GRN
Casey,GRN,ALP+IND+LNP,ALP,6227.0,0.4289453743886477,,CASEY,ALP+IND+LNP,positive_recipients_validated_against_3cp,False,4,LNP+ALP+IND
Casey,GRN,ALP+IND+LNP,LNP,874.0,0.0602052765722945,,CASEY,ALP+IND+LNP,positive_recipients_validated_against_3cp,False,4,LNP+ALP+IND
Casey,GRN,ALP+IND+LNP,IND,7416.0,0.5108493490390577,,CASEY,ALP+IND+LNP,positive_recipients_validated_against_3cp,False,4,LNP+ALP+IND
Casey,ON,ALP+GRN+IND+LNP,ALP,887.0,0.0922804827299209,,CASEY,ALP+GRN+IND+LNP,positive_recipients_validated_against_3cp,False,5,LNP+ALP+IND
Casey,ON,ALP+GRN+IND+LNP,LNP,5144.0,0.5351643778610071,,CASEY,ALP+GRN+IND+LNP,positive_recipients_validated_against_3cp,False,5,LNP+ALP+IND
Casey,ON,ALP+GRN+IND+LNP,GRN,1032.0,0.1073657927590511,,CASEY,ALP+GRN+IND+LNP,positive_recipients_validated_against_3cp,False,5,LNP+ALP+IND
Casey,ON,ALP+GRN+IND+LNP,IND,2549.0,0.2651893466500208,,CASEY,ALP+GRN+IND+LNP,positive_recipients_validated_against_3cp,False,5,LNP+ALP+IND
Casey,IND,ALP+LNP,ALP,17374.0,0.7613496932515338,,CASEY,ALP+LNP,positive_recipients_validated_against_3cp,False,3,LNP+ALP+IND
Casey,IND,ALP+LNP,LNP,5446.0,0.2386503067484662,,CASEY,ALP+LNP,positive_recipients_validated_against_3cp,False,3,LNP+ALP+IND
Casey,OTH,ALP+GRN+IND+LNP+ON,ALP,776.0,0.0839009622661909,,CASEY,ALP+GRN+IND+LNP+ON,positive_recipients_validated_against_3cp,False,6,LNP+ALP+IND
Casey,OTH,ALP+GRN+IND+LNP+ON,LNP,1821.0,0.1968861498540382,,CASEY,ALP+GRN+IND+LNP+ON,positive_recipients_validated_against_3cp,False,6,LNP+ALP+IND
Casey,OTH,ALP+GRN+IND+LNP+ON,GRN,1378.0,0.1489890799005297,,CASEY,ALP+GRN+IND+LNP+ON,positive_recipients_validated_against_3cp,False,6,LNP+ALP+IND
Casey,OTH,ALP+GRN+IND+LNP+ON,ON,4009.0,0.4334522651097416,,CASEY,ALP+GRN+IND+LNP+ON,positive_recipients_validated_against_3cp,False,6,LNP+ALP+IND
Casey,OTH,ALP+GRN+IND+LNP+ON,IND,1265.0,0.1367715428694994,,CASEY,ALP+GRN+IND+LNP+ON,positive_recipients_validated_against_3cp,False,6,LNP+ALP+IND
Flinders*,ALP,IND+LNP,LNP,23548.0,0.7798900443796781,,FLINDERS,IND+LNP,positive_recipients_validated_against_3cp,False,3,LNP+IND+ALP
Flinders*,ALP,IND+LNP,IND,6646.0,0.2201099556203219,,FLINDERS,IND+LNP,positive_recipients_validated_against_3cp,False,3,LNP+IND+ALP
Flinders*,GRN,ALP+IND+LNP,ALP,3525.0,0.4422280767783214,,FLINDERS,ALP+IND+LNP,positive_recipients_validated_against_3cp,False,4,LNP+IND+ALP
Flinders*,GRN,ALP+IND+LNP,LNP,572.0,0.0717601304729644,,FLINDERS,ALP+IND+LNP,positive_recipients_validated_against_3cp,False,4,LNP+IND+ALP
Flinders*,GRN,ALP+IND+LNP,IND,3874.0,0.4860117927487141,,FLINDERS,ALP+IND+LNP,positive_recipients_validated_against_3cp,False,4,LNP+IND+ALP
Flinders*,ON,ALP+GRN+IND+LNP,ALP,696.0,0.093560962494959,,FLINDERS,ALP+GRN+IND+LNP,positive_recipients_validated_against_3cp,False,5,LNP+IND+ALP
Flinders*,ON,ALP+GRN+IND+LNP,LNP,4656.0,0.6258905766904154,,FLINDERS,ALP+GRN+IND+LNP,positive_recipients_validated_against_3cp,False,5,LNP+IND+ALP
Flinders*,ON,ALP+GRN+IND+LNP,GRN,360.0,0.048393601290496,,FLINDERS,ALP+GRN+IND+LNP,positive_recipients_validated_against_3cp,False,5,LNP+IND+ALP
Flinders*,ON,ALP+GRN+IND+LNP,IND,1727.0,0.2321548595241296,,FLINDERS,ALP+GRN+IND+LNP,positive_recipients_validated_against_3cp,False,5,LNP+IND+ALP
Flinders*,OTH,ALP+GRN+IND+LNP+ON,ALP,351.0,0.0851115421920465,,FLINDERS,ALP+GRN+IND+LNP+ON,positive_recipients_validated_against_3cp,False,6,LNP+IND+ALP
Flinders*,OTH,ALP+GRN+IND+LNP+ON,LNP,841.0,0.2039282250242483,,FLINDERS,ALP+GRN+IND+LNP+ON,positive_recipients_validated_against_3cp,False,6,LNP+IND+ALP
Flinders*,OTH,ALP+GRN+IND+LNP+ON,GRN,306.0,0.074199806013579,,FLINDERS,ALP+GRN+IND+LNP+ON,positive_recipients_validated_against_3cp,False,6,LNP+IND+ALP
Flinders*,OTH,ALP+GRN+IND+LNP+ON,ON,1348.0,0.3268671193016489,,FLINDERS,ALP+GRN+IND+LNP+ON,positive_recipients_validated_against_3cp,False,6,LNP+IND+ALP
Flinders*,OTH,ALP+GRN+IND+LNP+ON,IND,1278.0,0.3098933074684772,,FLINDERS,ALP+GRN+IND+LNP+ON,positive_recipients_validated_against_3cp,False,6,LNP+IND+ALP
Gippsland,GRN,ALP+LNP+ON,ALP,6844.0,0.7429439861050803,,GIPPSLAND,ALP+LNP+ON,positive_recipients_validated_against_3cp,False,4,LNP+ALP+ON
Gippsland,GRN,ALP+LNP+ON,LNP,1710.0,0.1856274424663482,,GIPPSLAND,ALP+LNP+ON,positive_recipients_validated_against_3cp,False,4,LNP+ALP+ON
Gippsland,GRN,ALP+LNP+ON,ON,658.0,0.0714285714285714,,GIPPSLAND,ALP+LNP+ON,positive_recipients_validated_against_3cp,False,4,LNP+ALP+ON
Gippsland,ON,ALP+LNP,ALP,2626.0,0.1527010525091585,,GIPPSLAND,ALP+LNP,positive_recipients_validated_against_3cp,False,3,LNP+ALP+ON
Gippsland,ON,ALP+LNP,LNP,14571.0,0.8472989474908414,,GIPPSLAND,ALP+LNP,positive_recipients_validated_against_3cp,False,3,LNP+ALP+ON
Gippsland,OTH,ALP+GRN+LNP+ON,ALP,341.0,0.0998243559718969,,GIPPSLAND,ALP+GRN+LNP+ON,positive_recipients_validated_against_3cp,False,5,LNP+ALP+ON
Gippsland,OTH,ALP+GRN+LNP+ON,LNP,1339.0,0.3919789227166276,,GIPPSLAND,ALP+GRN+LNP+ON,positive_recipients_validated_against_3cp,False,5,LNP+ALP+ON
Gippsland,OTH,ALP+GRN+LNP+ON,GRN,315.0,0.0922131147540983,,GIPPSLAND,ALP+GRN+LNP+ON,positive_recipients_validated_against_3cp,False,5,LNP+ALP+ON
Gippsland,OTH,ALP+GRN+LNP+ON,ON,1421.0,0.415983606557377,,GIPPSLAND,ALP+GRN+LNP+ON,positive_recipients_validated_against_3cp,False,5,LNP+ALP+ON
Monash*,GRN,ALP+IND+LNP+ON+OTH,ALP,2238.0,0.3611424883007907,,MONASH,ALP+IND+LNP+ON+OTH,positive_recipients_validated_against_3cp,False,6,LNP+ALP+IND
Monash*,GRN,ALP+IND+LNP+ON+OTH,LNP,307.0,0.0495401000484105,,MONASH,ALP+IND+LNP+ON+OTH,positive_recipients_validated_against_3cp,False,6,LNP+ALP+IND
Monash*,GRN,ALP+IND+LNP+ON+OTH,ON,295.0,0.0476036791996127,,MONASH,ALP+IND+LNP+ON+OTH,positive_recipients_validated_against_3cp,False,6,LNP+ALP+IND
Monash*,GRN,ALP+IND+LNP+ON+OTH,IND,2968.0,0.4789414232693239,,MONASH,ALP+IND+LNP+ON+OTH,positive_recipients_validated_against_3cp,False,6,LNP+ALP+IND
Monash*,GRN,ALP+IND+LNP+ON+OTH,OTH,389.0,0.0627723091818621,,MONASH,ALP+IND+LNP+ON+OTH,positive_recipients_validated_against_3cp,False,6,LNP+ALP+IND
Monash*,ON,ALP+IND+LNP+OTH,ALP,1641.0,0.1539110861001688,,MONASH,ALP+IND+LNP+OTH,positive_recipients_validated_against_3cp,False,5,LNP+ALP+IND
Monash*,ON,ALP+IND+LNP+OTH,LNP,3191.0,0.2992871881448133,,MONASH,ALP+IND+LNP+OTH,positive_recipients_validated_against_3cp,False,5,LNP+ALP+IND
Monash*,ON,ALP+IND+LNP+OTH,IND,1390.0,0.1303695366722941,,MONASH,ALP+IND+LNP+OTH,positive_recipients_validated_against_3cp,False,5,LNP+ALP+IND
Monash*,ON,ALP+IND+LNP+OTH,OTH,4440.0,0.4164321890827236,,MONASH,ALP+IND+LNP+OTH,positive_recipients_validated_against_3cp,False,5,LNP+ALP+IND
Monash*,OTH,ALP+GRN+IND+LNP+ON,ALP,3776.0,0.1747662686290845,,MONASH,ALP+GRN+IND+LNP+ON,positive_recipients_validated_against_3cp,True,3,LNP+ALP+IND
Monash*,OTH,ALP+GRN+IND+LNP+ON,LNP,10947.0,0.5066648153290753,,MONASH,ALP+GRN+IND+LNP+ON,positive_recipients_validated_against_3cp,True,3,LNP+ALP+IND
Monash*,OTH,ALP+GRN+IND+LNP+ON,GRN,1135.0,0.0525317041562528,,MONASH,ALP+GRN+IND+LNP+ON,positive_recipients_validated_against_3cp,True,3,LNP+ALP+IND
Monash*,OTH,ALP+GRN+IND+LNP+ON,ON,1421.0,0.0657687679348329,,MONASH,ALP+GRN+IND+LNP+ON,positive_recipients_validated_against_3cp,True,3,LNP+ALP+IND
Monash*,OTH,ALP+GRN+IND+LNP+ON,IND,4327.0,0.2002684439507544,,MONASH,ALP+GRN+IND+LNP+ON,positive_recipients_validated_against_3cp,True,3,LNP+ALP+IND
Indi*,ALP,IND+LNP+ON,LNP,1528.0,0.1427237063328974,,INDI,IND+LNP+ON,positive_recipients_validated_against_3cp,False,4,IND+LNP+ON
Indi*,ALP,IND+LNP+ON,ON,1359.0,0.1269381655146646,,INDI,IND+LNP+ON,positive_recipients_validated_against_3cp,False,4,IND+LNP+ON
Indi*,ALP,IND+LNP+ON,IND,7819.0,0.7303381281524379,,INDI,IND+LNP+ON,positive_recipients_validated_against_3cp,False,4,IND+LNP+ON
Indi*,GRN,ALP+IND+LNP+ON,ALP,1237.0,0.2469061876247505,,INDI,ALP+IND+LNP+ON,positive_recipients_validated_against_3cp,False,5,IND+LNP+ON
Indi*,GRN,ALP+IND+LNP+ON,LNP,300.0,0.059880239520958,,INDI,ALP+IND+LNP+ON,positive_recipients_validated_against_3cp,False,5,IND+LNP+ON
Indi*,GRN,ALP+IND+LNP+ON,ON,668.0,0.1333333333333333,,INDI,ALP+IND+LNP+ON,positive_recipients_validated_against_3cp,False,5,IND+LNP+ON
Indi*,GRN,ALP+IND+LNP+ON,IND,2805.0,0.5598802395209581,,INDI,ALP+IND+LNP+ON,positive_recipients_validated_against_3cp,False,5,IND+LNP+ON
Indi*,ON,IND+LNP,LNP,8018.0,0.6334834478944458,,INDI,IND+LNP,positive_recipients_validated_against_3cp,False,3,IND+LNP+ON
Indi*,ON,IND+LNP,IND,4639.0,0.3665165521055542,,INDI,IND+LNP,positive_recipients_validated_against_3cp,False,3,IND+LNP+ON
Indi*,OTH,ALP+GRN+IND+LNP+ON,ALP,645.0,0.0778139703221136,,INDI,ALP+GRN+IND+LNP+ON,positive_recipients_validated_against_3cp,False,6,IND+LNP+ON
Indi*,OTH,ALP+GRN+IND+LNP+ON,LNP,1426.0,0.1720352274098202,,INDI,ALP+GRN+IND+LNP+ON,positive_recipients_validated_against_3cp,False,6,IND+LNP+ON
Indi*,OTH,ALP+GRN+IND+LNP+ON,GRN,1171.0,0.1412715647243334,,INDI,ALP+GRN+IND+LNP+ON,positive_recipients_validated_against_3cp,False,6,IND+LNP+ON
Indi*,OTH,ALP+GRN+IND+LNP+ON,ON,3019.0,0.364217637833273,,INDI,ALP+GRN+IND+LNP+ON,positive_recipients_validated_against_3cp,False,6,IND+LNP+ON
Indi*,OTH,ALP+GRN+IND+LNP+ON,IND,2028.0,0.2446615997104596,,INDI,ALP+GRN+IND+LNP+ON,positive_recipients_validated_against_3cp,False,6,IND+LNP+ON
McEwen,GRN,ALP+LNP,ALP,13788.0,0.7558381756386361,,MCEWEN,ALP+LNP,positive_recipients_validated_against_3cp,False,3,ALP+LNP+GRN
McEwen,GRN,ALP+LNP,LNP,4454.0,0.2441618243613638,,MCEWEN,ALP+LNP,positive_recipients_validated_against_3cp,False,3,ALP+LNP+GRN
McEwen,ON,ALP+GRN+LNP,ALP,2064.0,0.1818662437219138,,MCEWEN,ALP+GRN+LNP,positive_recipients_validated_against_3cp,False,4,ALP+LNP+GRN
McEwen,ON,ALP+GRN+LNP,LNP,6963.0,0.6135342320909332,,MCEWEN,ALP+GRN+LNP,positive_recipients_validated_against_3cp,False,4,ALP+LNP+GRN
McEwen,ON,ALP+GRN+LNP,GRN,2322.0,0.204599524187153,,MCEWEN,ALP+GRN+LNP,positive_recipients_validated_against_3cp,False,4,ALP+LNP+GRN
McEwen,OTH,ALP+GRN+LNP+ON,ALP,2357.0,0.180834739911002,,MCEWEN,ALP+GRN+LNP+ON,positive_recipients_validated_against_3cp,False,5,ALP+LNP+GRN
McEwen,OTH,ALP+GRN+LNP+ON,LNP,1888.0,0.1448519257326991,,MCEWEN,ALP+GRN+LNP+ON,positive_recipients_validated_against_3cp,False,5,ALP+LNP+GRN
McEwen,OTH,ALP+GRN+LNP+ON,GRN,4309.0,0.330596900414301,,MCEWEN,ALP+GRN+LNP+ON,positive_recipients_validated_against_3cp,False,5,ALP+LNP+GRN
McEwen,OTH,ALP+GRN+LNP+ON,ON,4480.0,0.3437164339419978,,MCEWEN,ALP+GRN+LNP+ON,positive_recipients_validated_against_3cp,False,5,ALP+LNP+GRN
Nicholls,GRN,ALP+LNP+ON,ALP,6303.0,0.6829558998808105,,NICHOLLS,ALP+LNP+ON,positive_recipients_validated_against_3cp,False,4,LNP+ALP+ON
Nicholls,GRN,ALP+LNP+ON,LNP,2053.0,0.2224509697692057,,NICHOLLS,ALP+LNP+ON,positive_recipients_validated_against_3cp,False,4,LNP+ALP+ON
Nicholls,GRN,ALP+LNP+ON,ON,873.0,0.0945931303499837,,NICHOLLS,ALP+LNP+ON,positive_recipients_validated_against_3cp,False,4,LNP+ALP+ON
Nicholls,ON,ALP+LNP,ALP,3885.0,0.2142384471159148,,NICHOLLS,ALP+LNP,positive_recipients_validated_against_3cp,False,3,LNP+ALP+ON
Nicholls,ON,ALP+LNP,LNP,14249.0,0.7857615528840851,,NICHOLLS,ALP+LNP,positive_recipients_validated_against_3cp,False,3,LNP+ALP+ON
Nicholls,OTH,ALP+GRN+LNP+ON,ALP,1815.0,0.168086682719022,,NICHOLLS,ALP+GRN+LNP+ON,positive_recipients_validated_against_3cp,False,5,LNP+ALP+ON
Nicholls,OTH,ALP+GRN+LNP+ON,LNP,2823.0,0.2614373032042971,,NICHOLLS,ALP+GRN+LNP+ON,positive_recipients_validated_against_3cp,False,5,LNP+ALP+ON
Nicholls,OTH,ALP+GRN+LNP+ON,GRN,994.0,0.0920540840896462,,NICHOLLS,ALP+GRN+LNP+ON,positive_recipients_validated_against_3cp,False,5,LNP+ALP+ON
Nicholls,OTH,ALP+GRN+LNP+ON,ON,5166.0,0.4784219299870346,,NICHOLLS,ALP+GRN+LNP+ON,positive_recipients_validated_against_3cp,False,5,LNP+ALP+ON
Mallee,GRN,ALP+LNP+ON,ALP,6473.0,0.5928741527752336,,MALLEE,ALP+LNP+ON,positive_recipients_validated_against_3cp,False,4,LNP+ALP+ON
Mallee,GRN,ALP+LNP+ON,LNP,3498.0,0.3203883495145631,,MALLEE,ALP+LNP+ON,positive_recipients_validated_against_3cp,False,4,LNP+ALP+ON
Mallee,GRN,ALP+LNP+ON,ON,947.0,0.0867374977102033,,MALLEE,ALP+LNP+ON,positive_recipients_validated_against_3cp,False,4,LNP+ALP+ON
Mallee,ON,ALP+LNP,ALP,4200.0,0.2398766348734936,,MALLEE,ALP+LNP,positive_recipients_validated_against_3cp,False,3,LNP+ALP+ON
Mallee,ON,ALP+LNP,LNP,13309.0,0.7601233651265064,,MALLEE,ALP+LNP,positive_recipients_validated_against_3cp,False,3,LNP+ALP+ON
Mallee,OTH,ALP+GRN+LNP+ON,ALP,1598.0,0.1398809523809523,,MALLEE,ALP+GRN+LNP+ON,positive_recipients_validated_against_3cp,False,5,LNP+ALP+ON
Mallee,OTH,ALP+GRN+LNP+ON,LNP,3237.0,0.2833508403361344,,MALLEE,ALP+GRN+LNP+ON,positive_recipients_validated_against_3cp,False,5,LNP+ALP+ON
Mallee,OTH,ALP+GRN+LNP+ON,GRN,1441.0,0.1261379551820728,,MALLEE,ALP+GRN+LNP+ON,positive_recipients_validated_against_3cp,False,5,LNP+ALP+ON
Mallee,OTH,ALP+GRN+LNP+ON,ON,5148.0,0.4506302521008403,,MALLEE,ALP+GRN+LNP+ON,positive_recipients_validated_against_3cp,False,5,LNP+ALP+ON
Wannon,ALP,IND+LNP,LNP,4341.0,0.2967596390484003,,WANNON,IND+LNP,positive_recipients_validated_against_3cp,False,3,LNP+IND+ALP
Wannon,ALP,IND+LNP,IND,10287.0,0.7032403609515997,,WANNON,IND+LNP,positive_recipients_validated_against_3cp,False,3,LNP+IND+ALP
Wannon,GRN,ALP+IND+LNP+ON,ALP,1262.0,0.291320406278855,,WANNON,ALP+IND+LNP+ON,positive_recipients_validated_against_3cp,False,5,LNP+IND+ALP
Wannon,GRN,ALP+IND+LNP+ON,LNP,347.0,0.080101569713758,,WANNON,ALP+IND+LNP+ON,positive_recipients_validated_against_3cp,False,5,LNP+IND+ALP
Wannon,GRN,ALP+IND+LNP+ON,ON,341.0,0.0787165281625115,,WANNON,ALP+IND+LNP+ON,positive_recipients_validated_against_3cp,False,5,LNP+IND+ALP
Wannon,GRN,ALP+IND+LNP+ON,IND,2382.0,0.5498614958448753,,WANNON,ALP+IND+LNP+ON,positive_recipients_validated_against_3cp,False,5,LNP+IND+ALP
Wannon,ON,ALP+IND+LNP,ALP,996.0,0.1346127855115556,,WANNON,ALP+IND+LNP,positive_recipients_validated_against_3cp,False,4,LNP+IND+ALP
Wannon,ON,ALP+IND+LNP,LNP,4302.0,0.5814299229625625,,WANNON,ALP+IND+LNP,positive_recipients_validated_against_3cp,False,4,LNP+IND+ALP
Wannon,ON,ALP+IND+LNP,IND,2101.0,0.2839572915258819,,WANNON,ALP+IND+LNP,positive_recipients_validated_against_3cp,False,4,LNP+IND+ALP
Wannon,OTH,ALP+GRN+IND+LNP+ON,ALP,748.0,0.1054412179306456,,WANNON,ALP+GRN+IND+LNP+ON,positive_recipients_validated_against_3cp,False,6,LNP+IND+ALP
Wannon,OTH,ALP+GRN+IND+LNP+ON,LNP,1349.0,0.1901606991824076,,WANNON,ALP+GRN+IND+LNP+ON,positive_recipients_validated_against_3cp,False,6,LNP+IND+ALP
Wannon,OTH,ALP+GRN+IND+LNP+ON,GRN,863.0,0.1216521003665069,,WANNON,ALP+GRN+IND+LNP+ON,positive_recipients_validated_against_3cp,False,6,LNP+IND+ALP
Wannon,OTH,ALP+GRN+IND+LNP+ON,ON,2447.0,0.3449393853961094,,WANNON,ALP+GRN+IND+LNP+ON,positive_recipients_validated_against_3cp,False,6,LNP+IND+ALP
Wannon,OTH,ALP+GRN+IND+LNP+ON,IND,1687.0,0.2378065971243304,,WANNON,ALP+GRN+IND+LNP+ON,positive_recipients_validated_against_3cp,False,6,LNP+IND+ALP
Brisbane,GRN,ALP+LNP,ALP,27897.0,0.9140563564875492,,BRISBANE,ALP+LNP,positive_recipients_validated_against_3cp,False,3,ALP+LNP+GRN
Brisbane,GRN,ALP+LNP,LNP,2623.0,0.0859436435124508,,BRISBANE,ALP+LNP,positive_recipients_validated_against_3cp,False,3,ALP+LNP+GRN
Brisbane,ON,ALP+GRN+LNP,ALP,966.0,0.1802575107296137,,BRISBANE,ALP+GRN+LNP,positive_recipients_validated_against_3cp,False,4,ALP+LNP+GRN
Brisbane,ON,ALP+GRN+LNP,LNP,3649.0,0.6809106176525471,,BRISBANE,ALP+GRN+LNP,positive_recipients_validated_against_3cp,False,4,ALP+LNP+GRN
Brisbane,ON,ALP+GRN+LNP,GRN,744.0,0.1388318716178391,,BRISBANE,ALP+GRN+LNP,positive_recipients_validated_against_3cp,False,4,ALP+LNP+GRN
Brisbane,OTH,ALP+GRN+LNP+ON,ALP,825.0,0.1440796367446734,,BRISBANE,ALP+GRN+LNP+ON,positive_recipients_validated_against_3cp,False,5,ALP+LNP+GRN
Brisbane,OTH,ALP+GRN+LNP+ON,LNP,1227.0,0.2142857142857142,,BRISBANE,ALP+GRN+LNP+ON,positive_recipients_validated_against_3cp,False,5,ALP+LNP+GRN
Brisbane,OTH,ALP+GRN+LNP+ON,GRN,1113.0,0.1943765281173594,,BRISBANE,ALP+GRN+LNP+ON,positive_recipients_validated_against_3cp,False,5,ALP+LNP+GRN
Brisbane,OTH,ALP+GRN+LNP+ON,ON,2561.0,0.4472581208522528,,BRISBANE,ALP+GRN+LNP+ON,positive_recipients_validated_against_3cp,False,5,ALP+LNP+GRN
Lilley,GRN,ALP+LNP,ALP,17163.0,0.884189377157282,,LILLEY,ALP+LNP,positive_recipients_validated_against_3cp,False,3,ALP+LNP+GRN
Lilley,GRN,ALP+LNP,LNP,2248.0,0.115810622842718,,LILLEY,ALP+LNP,positive_recipients_validated_against_3cp,False,3,ALP+LNP+GRN
Lilley,ON,ALP+GRN+LNP,ALP,1195.0,0.1598020861192832,,LILLEY,ALP+GRN+LNP,positive_recipients_validated_against_3cp,False,4,ALP+LNP+GRN
Lilley,ON,ALP+GRN+LNP,LNP,4929.0,0.6591334581438888,,LILLEY,ALP+GRN+LNP,positive_recipients_validated_against_3cp,False,4,ALP+LNP+GRN
Lilley,ON,ALP+GRN+LNP,GRN,1354.0,0.181064455736828,,LILLEY,ALP+GRN+LNP,positive_recipients_validated_against_3cp,False,4,ALP+LNP+GRN
Lilley,OTH,ALP+GRN+LNP+ON,ALP,1090.0,0.1855635001702417,,LILLEY,ALP+GRN+LNP+ON,positive_recipients_validated_against_3cp,False,5,ALP+LNP+GRN
Lilley,OTH,ALP+GRN+LNP+ON,LNP,1028.0,0.1750085120871637,,LILLEY,ALP+GRN+LNP+ON,positive_recipients_validated_against_3cp,False,5,ALP+LNP+GRN
Lilley,OTH,ALP+GRN+LNP+ON,GRN,763.0,0.1298944501191692,,LILLEY,ALP+GRN+LNP+ON,positive_recipients_validated_against_3cp,False,5,ALP+LNP+GRN
Lilley,OTH,ALP+GRN+LNP+ON,ON,2993.0,0.5095335376234252,,LILLEY,ALP+GRN+LNP+ON,positive_recipients_validated_against_3cp,False,5,ALP+LNP+GRN
Griffith,LNP,ALP+GRN,ALP,27110.0,0.7946651033269823,,GRIFFITH,ALP+GRN,positive_recipients_validated_against_3cp,False,3,ALP+GRN+LNP
Griffith,LNP,ALP+GRN,GRN,7005.0,0.2053348966730177,,GRIFFITH,ALP+GRN,positive_recipients_validated_against_3cp,False,3,ALP+GRN+LNP
Griffith,ON,ALP+GRN+LNP,ALP,747.0,0.1458984375,,GRIFFITH,ALP+GRN+LNP,positive_recipients_validated_against_3cp,False,4,ALP+GRN+LNP
Griffith,ON,ALP+GRN+LNP,LNP,3512.0,0.6859375,,GRIFFITH,ALP+GRN+LNP,positive_recipients_validated_against_3cp,False,4,ALP+GRN+LNP
Griffith,ON,ALP+GRN+LNP,GRN,861.0,0.1681640625,,GRIFFITH,ALP+GRN+LNP,positive_recipients_validated_against_3cp,False,4,ALP+GRN+LNP
Griffith,OTH,ALP+GRN+LNP+ON,ALP,611.0,0.1164474938059843,,GRIFFITH,ALP+GRN+LNP+ON,positive_recipients_validated_against_3cp,False,5,ALP+GRN+LNP
Griffith,OTH,ALP+GRN+LNP+ON,LNP,1578.0,0.3007432818753573,,GRIFFITH,ALP+GRN+LNP+ON,positive_recipients_validated_against_3cp,False,5,ALP+GRN+LNP
Griffith,OTH,ALP+GRN+LNP+ON,GRN,622.0,0.1185439298646845,,GRIFFITH,ALP+GRN+LNP+ON,positive_recipients_validated_against_3cp,False,5,ALP+GRN+LNP
Griffith,OTH,ALP+GRN+LNP+ON,ON,2436.0,0.4642652944539737,,GRIFFITH,ALP+GRN+LNP+ON,positive_recipients_validated_against_3cp,False,5,ALP+GRN+LNP
Moreton,GRN,ALP+LNP,ALP,19772.0,0.8856042282540536,,MORETON,ALP+LNP,positive_recipients_validated_against_3cp,False,3,ALP+LNP+GRN
Moreton,GRN,ALP+LNP,LNP,2554.0,0.1143957717459464,,MORETON,ALP+LNP,positive_recipients_validated_against_3cp,False,3,ALP+LNP+GRN
Moreton,ON,ALP+GRN+LNP,ALP,925.0,0.1642400568181818,,MORETON,ALP+GRN+LNP,positive_recipients_validated_against_3cp,False,4,ALP+LNP+GRN
Moreton,ON,ALP+GRN+LNP,LNP,3698.0,0.6566051136363636,,MORETON,ALP+GRN+LNP,positive_recipients_validated_against_3cp,False,4,ALP+LNP+GRN
Moreton,ON,ALP+GRN+LNP,GRN,1009.0,0.1791548295454545,,MORETON,ALP+GRN+LNP,positive_recipients_validated_against_3cp,False,4,ALP+LNP+GRN
Moreton,OTH,ALP+GRN+LNP+ON,ALP,1620.0,0.2319587628865979,,MORETON,ALP+GRN+LNP+ON,positive_recipients_validated_against_3cp,False,5,ALP+LNP+GRN
Moreton,OTH,ALP+GRN+LNP+ON,LNP,1433.0,0.2051832760595647,,MORETON,ALP+GRN+LNP+ON,positive_recipients_validated_against_3cp,False,5,ALP+LNP+GRN
Moreton,OTH,ALP+GRN+LNP+ON,GRN,985.0,0.1410366552119129,,MORETON,ALP+GRN+LNP+ON,positive_recipients_validated_against_3cp,False,5,ALP+LNP+GRN
Moreton,OTH,ALP+GRN+LNP+ON,ON,2946.0,0.4218213058419244,,MORETON,ALP+GRN+LNP+ON,positive_recipients_validated_against_3cp,False,5,ALP+LNP+GRN
Bonner,GRN,ALP+LNP,ALP,12790.0,0.8433893834487306,,BONNER,ALP+LNP,positive_recipients_validated_against_3cp,False,3,ALP+LNP+GRN
Bonner,GRN,ALP+LNP,LNP,2375.0,0.1566106165512693,,BONNER,ALP+LNP,positive_recipients_validated_against_3cp,False,3,ALP+LNP+GRN
Bonner,ON,ALP+GRN+LNP,ALP,1150.0,0.1624982337148509,,BONNER,ALP+GRN+LNP,positive_recipients_validated_against_3cp,False,4,ALP+LNP+GRN
Bonner,ON,ALP+GRN+LNP,LNP,4760.0,0.6726013847675568,,BONNER,ALP+GRN+LNP,positive_recipients_validated_against_3cp,False,4,ALP+LNP+GRN
Bonner,ON,ALP+GRN+LNP,GRN,1167.0,0.1649003815175922,,BONNER,ALP+GRN+LNP,positive_recipients_validated_against_3cp,False,4,ALP+LNP+GRN
Bonner,OTH,ALP+GRN+LNP+ON,ALP,1412.0,0.1623361692343067,,BONNER,ALP+GRN+LNP+ON,positive_recipients_validated_against_3cp,False,5,ALP+LNP+GRN
Bonner,OTH,ALP+GRN+LNP+ON,LNP,2309.0,0.2654633249022763,,BONNER,ALP+GRN+LNP+ON,positive_recipients_validated_against_3cp,False,5,ALP+LNP+GRN
Bonner,OTH,ALP+GRN+LNP+ON,GRN,1684.0,0.1936077259140032,,BONNER,ALP+GRN+LNP+ON,positive_recipients_validated_against_3cp,False,5,ALP+LNP+GRN
Bonner,OTH,ALP+GRN+LNP+ON,ON,3293.0,0.3785927799494136,,BONNER,ALP+GRN+LNP+ON,positive_recipients_validated_against_3cp,False,5,ALP+LNP+GRN
Bowman,GRN,ALP+LNP,ALP,13094.0,0.7700541049164903,,BOWMAN,ALP+LNP,positive_recipients_validated_against_3cp,False,3,LNP+ALP+GRN
Bowman,GRN,ALP+LNP,LNP,3910.0,0.2299458950835097,,BOWMAN,ALP+LNP,positive_recipients_validated_against_3cp,False,3,LNP+ALP+GRN
Bowman,ON,ALP+GRN+LNP,ALP,2105.0,0.1695119987115477,,BOWMAN,ALP+GRN+LNP,positive_recipients_validated_against_3cp,False,4,LNP+ALP+GRN
Bowman,ON,ALP+GRN+LNP,LNP,7832.0,0.6306973747785473,,BOWMAN,ALP+GRN+LNP,positive_recipients_validated_against_3cp,False,4,LNP+ALP+GRN
Bowman,ON,ALP+GRN+LNP,GRN,2481.0,0.1997906265099049,,BOWMAN,ALP+GRN+LNP,positive_recipients_validated_against_3cp,False,4,LNP+ALP+GRN
Bowman,IND,ALP+GRN+LNP+ON+OTH,ALP,964.0,0.23837784371909,,BOWMAN,ALP+GRN+LNP+ON+OTH,positive_recipients_validated_against_3cp,False,6,LNP+ALP+GRN
Bowman,IND,ALP+GRN+LNP+ON+OTH,LNP,484.0,0.1196834817012858,,BOWMAN,ALP+GRN+LNP+ON+OTH,positive_recipients_validated_against_3cp,False,6,LNP+ALP+GRN
Bowman,IND,ALP+GRN+LNP+ON+OTH,GRN,1058.0,0.26162215628091,,BOWMAN,ALP+GRN+LNP+ON+OTH,positive_recipients_validated_against_3cp,False,6,LNP+ALP+GRN
Bowman,IND,ALP+GRN+LNP+ON+OTH,ON,920.0,0.2274975272007913,,BOWMAN,ALP+GRN+LNP+ON+OTH,positive_recipients_validated_against_3cp,False,6,LNP+ALP+GRN
Bowman,IND,ALP+GRN+LNP+ON+OTH,OTH,618.0,0.1528189910979228,,BOWMAN,ALP+GRN+LNP+ON+OTH,positive_recipients_validated_against_3cp,False,6,LNP+ALP+GRN
Bowman,OTH,ALP+GRN+LNP+ON,ALP,1121.0,0.1443843379701185,,BOWMAN,ALP+GRN+LNP+ON,positive_recipients_validated_against_3cp,False,5,LNP+ALP+GRN
Bowman,OTH,ALP+GRN+LNP+ON,LNP,1692.0,0.2179289026275115,,BOWMAN,ALP+GRN+LNP+ON,positive_recipients_validated_against_3cp,False,5,LNP+ALP+GRN
Bowman,OTH,ALP+GRN+LNP+ON,GRN,951.0,0.1224884080370942,,BOWMAN,ALP+GRN+LNP+ON,positive_recipients_validated_against_3cp,False,5,LNP+ALP+GRN
Bowman,OTH,ALP+GRN+LNP+ON,ON,4000.0,0.5151983513652756,,BOWMAN,ALP+GRN+LNP+ON,positive_recipients_validated_against_3cp,False,5,LNP+ALP+GRN
Dickson,GRN,ALP+IND+LNP,ALP,5138.0,0.5312241521918941,,DICKSON,ALP+IND+LNP,positive_recipients_validated_against_3cp,False,4,ALP+LNP+IND
Dickson,GRN,ALP+IND+LNP,LNP,420.0,0.043424317617866,,DICKSON,ALP+IND+LNP,positive_recipients_validated_against_3cp,False,4,ALP+LNP+IND
Dickson,GRN,ALP+IND+LNP,IND,4114.0,0.4253515301902398,,DICKSON,ALP+IND+LNP,positive_recipients_validated_against_3cp,False,4,ALP+LNP+IND
Dickson,ON,ALP+GRN+IND+LNP,ALP,594.0,0.0888423571642237,,DICKSON,ALP+GRN+IND+LNP,positive_recipients_validated_against_3cp,False,5,ALP+LNP+IND
Dickson,ON,ALP+GRN+IND+LNP,LNP,3365.0,0.503290457672749,,DICKSON,ALP+GRN+IND+LNP,positive_recipients_validated_against_3cp,False,5,ALP+LNP+IND
Dickson,ON,ALP+GRN+IND+LNP,GRN,403.0,0.0602752019144481,,DICKSON,ALP+GRN+IND+LNP,positive_recipients_validated_against_3cp,False,5,ALP+LNP+IND
Dickson,ON,ALP+GRN+IND+LNP,IND,2324.0,0.3475919832485791,,DICKSON,ALP+GRN+IND+LNP,positive_recipients_validated_against_3cp,False,5,ALP+LNP+IND
Dickson,IND,ALP+LNP,ALP,16545.0,0.7697138869504536,,DICKSON,ALP+LNP,positive_recipients_validated_against_3cp,False,3,ALP+LNP+IND
Dickson,IND,ALP+LNP,LNP,4950.0,0.2302861130495464,,DICKSON,ALP+LNP,positive_recipients_validated_against_3cp,False,3,ALP+LNP+IND
Dickson,OTH,ALP+GRN+IND+LNP+ON,ALP,1336.0,0.1652442795299938,,DICKSON,ALP+GRN+IND+LNP+ON,positive_recipients_validated_against_3cp,False,6,ALP+LNP+IND
Dickson,OTH,ALP+GRN+IND+LNP+ON,LNP,1101.0,0.136178107606679,,DICKSON,ALP+GRN+IND+LNP+ON,positive_recipients_validated_against_3cp,False,6,ALP+LNP+IND
Dickson,OTH,ALP+GRN+IND+LNP+ON,GRN,1208.0,0.1494124922696351,,DICKSON,ALP+GRN+IND+LNP+ON,positive_recipients_validated_against_3cp,False,6,ALP+LNP+IND
Dickson,OTH,ALP+GRN+IND+LNP+ON,ON,2257.0,0.2791589363017934,,DICKSON,ALP+GRN+IND+LNP+ON,positive_recipients_validated_against_3cp,False,6,ALP+LNP+IND
Dickson,OTH,ALP+GRN+IND+LNP+ON,IND,2183.0,0.2700061842918986,,DICKSON,ALP+GRN+IND+LNP+ON,positive_recipients_validated_against_3cp,False,6,ALP+LNP+IND
Petrie,GRN,ALP+LNP,ALP,13684.0,0.7748584371460928,,PETRIE,ALP+LNP,positive_recipients_validated_against_3cp,False,3,ALP+LNP+GRN
Petrie,GRN,ALP+LNP,LNP,3976.0,0.2251415628539071,,PETRIE,ALP+LNP,positive_recipients_validated_against_3cp,False,3,ALP+LNP+GRN
Petrie,ON,ALP+GRN+LNP,ALP,2573.0,0.2085089141004862,,PETRIE,ALP+GRN+LNP,positive_recipients_validated_against_3cp,False,4,ALP+LNP+GRN
Petrie,ON,ALP+GRN+LNP,LNP,7365.0,0.596839546191248,,PETRIE,ALP+GRN+LNP,positive_recipients_validated_against_3cp,False,4,ALP+LNP+GRN
Petrie,ON,ALP+GRN+LNP,GRN,2402.0,0.1946515397082658,,PETRIE,ALP+GRN+LNP,positive_recipients_validated_against_3cp,False,4,ALP+LNP+GRN
Petrie,OTH,ALP+GRN+LNP+ON,ALP,966.0,0.1148905803996194,,PETRIE,ALP+GRN+LNP+ON,positive_recipients_validated_against_3cp,False,5,ALP+LNP+GRN
Petrie,OTH,ALP+GRN+LNP+ON,LNP,1494.0,0.1776879162702188,,PETRIE,ALP+GRN+LNP+ON,positive_recipients_validated_against_3cp,False,5,ALP+LNP+GRN
Petrie,OTH,ALP+GRN+LNP+ON,GRN,1456.0,0.1731684110371075,,PETRIE,ALP+GRN+LNP+ON,positive_recipients_validated_against_3cp,False,5,ALP+LNP+GRN
Petrie,OTH,ALP+GRN+LNP+ON,ON,4492.0,0.5342530922930543,,PETRIE,ALP+GRN+LNP+ON,positive_recipients_validated_against_3cp,False,5,ALP+LNP+GRN
Fadden,GRN,ALP+LNP+ON,ALP,9334.0,0.6989142643204792,,FADDEN,ALP+LNP+ON,positive_recipients_validated_against_3cp,False,4,LNP+ALP+ON
Fadden,GRN,ALP+LNP+ON,LNP,1967.0,0.147285660801198,,FADDEN,ALP+LNP+ON,positive_recipients_validated_against_3cp,False,4,LNP+ALP+ON
Fadden,GRN,ALP+LNP+ON,ON,2054.0,0.1538000748783227,,FADDEN,ALP+LNP+ON,positive_recipients_validated_against_3cp,False,4,LNP+ALP+ON
Fadden,ON,ALP+LNP,ALP,5521.0,0.2983840458304059,,FADDEN,ALP+LNP,positive_recipients_validated_against_3cp,False,3,LNP+ALP+ON
Fadden,ON,ALP+LNP,LNP,12982.0,0.7016159541695941,,FADDEN,ALP+LNP,positive_recipients_validated_against_3cp,False,3,LNP+ALP+ON
Fadden,IND,ALP+GRN+LNP+ON+OTH,ALP,649.0,0.1893232205367561,,FADDEN,ALP+GRN+LNP+ON+OTH,positive_recipients_validated_against_3cp,False,6,LNP+ALP+ON
Fadden,IND,ALP+GRN+LNP+ON+OTH,LNP,361.0,0.1053092182030338,,FADDEN,ALP+GRN+LNP+ON+OTH,positive_recipients_validated_against_3cp,False,6,LNP+ALP+ON
Fadden,IND,ALP+GRN+LNP+ON+OTH,GRN,1243.0,0.3626021003500583,,FADDEN,ALP+GRN+LNP+ON+OTH,positive_recipients_validated_against_3cp,False,6,LNP+ALP+ON
Fadden,IND,ALP+GRN+LNP+ON+OTH,ON,354.0,0.1032672112018669,,FADDEN,ALP+GRN+LNP+ON+OTH,positive_recipients_validated_against_3cp,False,6,LNP+ALP+ON
Fadden,IND,ALP+GRN+LNP+ON+OTH,OTH,821.0,0.2394982497082847,,FADDEN,ALP+GRN+LNP+ON+OTH,positive_recipients_validated_against_3cp,False,6,LNP+ALP+ON
Fadden,OTH,ALP+GRN+LNP+ON,ALP,2061.0,0.1526327482781604,,FADDEN,ALP+GRN+LNP+ON,positive_recipients_validated_against_3cp,False,5,LNP+ALP+ON
Fadden,OTH,ALP+GRN+LNP+ON,LNP,2459.0,0.1821076797748648,,FADDEN,ALP+GRN+LNP+ON,positive_recipients_validated_against_3cp,False,5,LNP+ALP+ON
Fadden,OTH,ALP+GRN+LNP+ON,GRN,1853.0,0.1372287639783751,,FADDEN,ALP+GRN+LNP+ON,positive_recipients_validated_against_3cp,False,5,LNP+ALP+ON
Fadden,OTH,ALP+GRN+LNP+ON,ON,7130.0,0.5280308079685996,,FADDEN,ALP+GRN+LNP+ON,positive_recipients_validated_against_3cp,False,5,LNP+ALP+ON
Forde,GRN,ALP+LNP+ON,ALP,10357.0,0.6969717362045761,,FORDE,ALP+LNP+ON,positive_recipients_validated_against_3cp,False,4,LNP+ALP+ON
Forde,GRN,ALP+LNP+ON,LNP,2238.0,0.1506056527590848,,FORDE,ALP+LNP+ON,positive_recipients_validated_against_3cp,False,4,LNP+ALP+ON
Forde,GRN,ALP+LNP+ON,ON,2265.0,0.1524226110363391,,FORDE,ALP+LNP+ON,positive_recipients_validated_against_3cp,False,4,LNP+ALP+ON
Forde,ON,ALP+LNP,ALP,6491.0,0.3259843310566492,,FORDE,ALP+LNP,positive_recipients_validated_against_3cp,False,3,LNP+ALP+ON
Forde,ON,ALP+LNP,LNP,13421.0,0.6740156689433507,,FORDE,ALP+LNP,positive_recipients_validated_against_3cp,False,3,LNP+ALP+ON
Forde,IND,ALP+GRN+LNP+ON+OTH,ALP,571.0,0.1690849866745632,,FORDE,ALP+GRN+LNP+ON+OTH,positive_recipients_validated_against_3cp,False,6,LNP+ALP+ON
Forde,IND,ALP+GRN+LNP+ON+OTH,LNP,336.0,0.0994965946106011,,FORDE,ALP+GRN+LNP+ON+OTH,positive_recipients_validated_against_3cp,False,6,LNP+ALP+ON
Forde,IND,ALP+GRN+LNP+ON+OTH,GRN,595.0,0.1761918862896061,,FORDE,ALP+GRN+LNP+ON+OTH,positive_recipients_validated_against_3cp,False,6,LNP+ALP+ON
Forde,IND,ALP+GRN+LNP+ON+OTH,ON,730.0,0.2161681966242226,,FORDE,ALP+GRN+LNP+ON+OTH,positive_recipients_validated_against_3cp,False,6,LNP+ALP+ON
Forde,IND,ALP+GRN+LNP+ON+OTH,OTH,1145.0,0.3390583358010068,,FORDE,ALP+GRN+LNP+ON+OTH,positive_recipients_validated_against_3cp,False,6,LNP+ALP+ON
Forde,OTH,ALP+GRN+LNP+ON,ALP,1454.0,0.1187035676381745,,FORDE,ALP+GRN+LNP+ON,positive_recipients_validated_against_3cp,False,5,LNP+ALP+ON
Forde,OTH,ALP+GRN+LNP+ON,LNP,2867.0,0.2340599232590415,,FORDE,ALP+GRN+LNP+ON,positive_recipients_validated_against_3cp,False,5,LNP+ALP+ON
Forde,OTH,ALP+GRN+LNP+ON,GRN,2019.0,0.1648297820230223,,FORDE,ALP+GRN+LNP+ON,positive_recipients_validated_against_3cp,False,5,LNP+ALP+ON
Forde,OTH,ALP+GRN+LNP+ON,ON,5909.0,0.4824067270797616,,FORDE,ALP+GRN+LNP+ON,positive_recipients_validated_against_3cp,False,5,LNP+ALP+ON
Oxley,GRN,ALP+LNP,ALP,13879.0,0.797689522386344,,OXLEY,ALP+LNP,positive_recipients_validated_against_3cp,False,3,ALP+LNP+GRN
Oxley,GRN,ALP+LNP,LNP,3520.0,0.2023104776136559,,OXLEY,ALP+LNP,positive_recipients_validated_against_3cp,False,3,ALP+LNP+GRN
Oxley,ON,ALP+GRN+LNP,ALP,1995.0,0.2211261361117268,,OXLEY,ALP+GRN+LNP,positive_recipients_validated_against_3cp,False,4,ALP+LNP+GRN
Oxley,ON,ALP+GRN+LNP,LNP,5248.0,0.5816892041675903,,OXLEY,ALP+GRN+LNP,positive_recipients_validated_against_3cp,False,4,ALP+LNP+GRN
Oxley,ON,ALP+GRN+LNP,GRN,1779.0,0.1971846597206827,,OXLEY,ALP+GRN+LNP,positive_recipients_validated_against_3cp,False,4,ALP+LNP+GRN
Oxley,IND,ALP+GRN+LNP+ON+OTH,ALP,223.0,0.1554006968641115,,OXLEY,ALP+GRN+LNP+ON+OTH,positive_recipients_validated_against_3cp,False,6,ALP+LNP+GRN
Oxley,IND,ALP+GRN+LNP+ON+OTH,LNP,93.0,0.0648083623693379,,OXLEY,ALP+GRN+LNP+ON+OTH,positive_recipients_validated_against_3cp,False,6,ALP+LNP+GRN
Oxley,IND,ALP+GRN+LNP+ON+OTH,GRN,508.0,0.3540069686411149,,OXLEY,ALP+GRN+LNP+ON+OTH,positive_recipients_validated_against_3cp,False,6,ALP+LNP+GRN
Oxley,IND,ALP+GRN+LNP+ON+OTH,ON,168.0,0.1170731707317073,,OXLEY,ALP+GRN+LNP+ON+OTH,positive_recipients_validated_against_3cp,False,6,ALP+LNP+GRN
Oxley,IND,ALP+GRN+LNP+ON+OTH,OTH,443.0,0.3087108013937282,,OXLEY,ALP+GRN+LNP+ON+OTH,positive_recipients_validated_against_3cp,False,6,ALP+LNP+GRN
Oxley,OTH,ALP+GRN+LNP+ON,ALP,1015.0,0.156490903484428,,OXLEY,ALP+GRN+LNP+ON,positive_recipients_validated_against_3cp,False,5,ALP+LNP+GRN
Oxley,OTH,ALP+GRN+LNP+ON,LNP,1222.0,0.1884057971014492,,OXLEY,ALP+GRN+LNP+ON,positive_recipients_validated_against_3cp,False,5,ALP+LNP+GRN
Oxley,OTH,ALP+GRN+LNP+ON,GRN,1133.0,0.1746839346284304,,OXLEY,ALP+GRN+LNP+ON,positive_recipients_validated_against_3cp,False,5,ALP+LNP+GRN
Oxley,OTH,ALP+GRN+LNP+ON,ON,3116.0,0.4804193647856922,,OXLEY,ALP+GRN+LNP+ON,positive_recipients_validated_against_3cp,False,5,ALP+LNP+GRN
Rankin,GRN,ALP+LNP,ALP,10931.0,0.7128603104212861,,RANKIN,ALP+LNP,positive_recipients_validated_against_3cp,False,3,ALP+LNP+GRN
Rankin,GRN,ALP+LNP,LNP,4403.0,0.2871396895787139,,RANKIN,ALP+LNP,positive_recipients_validated_against_3cp,False,3,ALP+LNP+GRN
Rankin,ON,ALP+GRN+LNP,ALP,2271.0,0.2053531060674563,,RANKIN,ALP+GRN+LNP,positive_recipients_validated_against_3cp,False,4,ALP+LNP+GRN
Rankin,ON,ALP+GRN+LNP,LNP,6311.0,0.5706664255357627,,RANKIN,ALP+GRN+LNP,positive_recipients_validated_against_3cp,False,4,ALP+LNP+GRN
Rankin,ON,ALP+GRN+LNP,GRN,2477.0,0.2239804683967809,,RANKIN,ALP+GRN+LNP,positive_recipients_validated_against_3cp,False,4,ALP+LNP+GRN
Rankin,OTH,ALP+GRN+LNP+ON,ALP,1587.0,0.1299541434654438,,RANKIN,ALP+GRN+LNP+ON,positive_recipients_validated_against_3cp,False,5,ALP+LNP+GRN
Rankin,OTH,ALP+GRN+LNP+ON,LNP,2762.0,0.2261709793645594,,RANKIN,ALP+GRN+LNP+ON,positive_recipients_validated_against_3cp,False,5,ALP+LNP+GRN
Rankin,OTH,ALP+GRN+LNP+ON,GRN,2825.0,0.231329839502129,,RANKIN,ALP+GRN+LNP+ON,positive_recipients_validated_against_3cp,False,5,ALP+LNP+GRN
Rankin,OTH,ALP+GRN+LNP+ON,ON,5038.0,0.4125450376678676,,RANKIN,ALP+GRN+LNP+ON,positive_recipients_validated_against_3cp,False,5,ALP+LNP+GRN
Ryan,ALP,GRN+LNP,LNP,7486.0,0.2423202667270902,,RYAN,GRN+LNP,positive_recipients_validated_against_3cp,False,3,GRN+LNP+ALP
Ryan,ALP,GRN+LNP,GRN,23407.0,0.7576797332729097,,RYAN,GRN+LNP,positive_recipients_validated_against_3cp,False,3,GRN+LNP+ALP
Ryan,ON,ALP+GRN+LNP,ALP,740.0,0.1405508072174738,,RYAN,ALP+GRN+LNP,positive_recipients_validated_against_3cp,False,4,GRN+LNP+ALP
Ryan,ON,ALP+GRN+LNP,LNP,3852.0,0.7316239316239316,,RYAN,ALP+GRN+LNP,positive_recipients_validated_against_3cp,False,4,GRN+LNP+ALP
Ryan,ON,ALP+GRN+LNP,GRN,673.0,0.1278252611585945,,RYAN,ALP+GRN+LNP,positive_recipients_validated_against_3cp,False,4,GRN+LNP+ALP
Ryan,OTH,ALP+GRN+LNP+ON,ALP,936.0,0.1527913809990205,,RYAN,ALP+GRN+LNP+ON,positive_recipients_validated_against_3cp,False,5,GRN+LNP+ALP
Ryan,OTH,ALP+GRN+LNP+ON,LNP,1206.0,0.1968658178256611,,RYAN,ALP+GRN+LNP+ON,positive_recipients_validated_against_3cp,False,5,GRN+LNP+ALP
Ryan,OTH,ALP+GRN+LNP+ON,GRN,1046.0,0.1707476330395037,,RYAN,ALP+GRN+LNP+ON,positive_recipients_validated_against_3cp,False,5,GRN+LNP+ALP
Ryan,OTH,ALP+GRN+LNP+ON,ON,2938.0,0.4795951681358145,,RYAN,ALP+GRN+LNP+ON,positive_recipients_validated_against_3cp,False,5,GRN+LNP+ALP
Blair,GRN,ALP+LNP+ON,ALP,11592.0,0.7225581250389578,,BLAIR,ALP+LNP+ON,positive_recipients_validated_against_3cp,True,3,ALP+LNP+ON
Blair,GRN,ALP+LNP+ON,LNP,1621.0,0.1010409524403166,,BLAIR,ALP+LNP+ON,positive_recipients_validated_against_3cp,True,3,ALP+LNP+ON
Blair,GRN,ALP+LNP+ON,ON,2830.0,0.1764009225207255,,BLAIR,ALP+LNP+ON,positive_recipients_validated_against_3cp,True,3,ALP+LNP+ON
Blair,ON,ALP+LNP,ALP,7593.0,0.3336849044166117,,BLAIR,ALP+LNP,positive_recipients_validated_against_3cp,False,3,ALP+LNP+ON
Blair,ON,ALP+LNP,LNP,15162.0,0.6663150955833883,,BLAIR,ALP+LNP,positive_recipients_validated_against_3cp,False,3,ALP+LNP+ON
Blair,OTH,ALP+GRN+LNP+ON,ALP,3146.0,0.1666048826987237,,BLAIR,ALP+GRN+LNP+ON,positive_recipients_validated_against_3cp,False,5,ALP+LNP+ON
Blair,OTH,ALP+GRN+LNP+ON,LNP,3217.0,0.1703648784621087,,BLAIR,ALP+GRN+LNP+ON,positive_recipients_validated_against_3cp,False,5,ALP+LNP+ON
Blair,OTH,ALP+GRN+LNP+ON,GRN,3939.0,0.2086003283376582,,BLAIR,ALP+GRN+LNP+ON,positive_recipients_validated_against_3cp,False,5,ALP+LNP+ON
Blair,OTH,ALP+GRN+LNP+ON,ON,8581.0,0.4544299105015092,,BLAIR,ALP+GRN+LNP+ON,positive_recipients_validated_against_3cp,False,5,ALP+LNP+ON
Capricornia,GRN,ALP+LNP+ON+OTH,ALP,4453.0,0.6837095040687855,,CAPRICORNIA,ALP+LNP+ON+OTH,positive_recipients_validated_against_3cp,False,5,LNP+ALP+ON
Capricornia,GRN,ALP+LNP+ON+OTH,LNP,863.0,0.1325042223245816,,CAPRICORNIA,ALP+LNP+ON+OTH,positive_recipients_validated_against_3cp,False,5,LNP+ALP+ON
Capricornia,GRN,ALP+LNP+ON+OTH,ON,756.0,0.1160755412252418,,CAPRICORNIA,ALP+LNP+ON+OTH,positive_recipients_validated_against_3cp,False,5,LNP+ALP+ON
Capricornia,GRN,ALP+LNP+ON+OTH,OTH,441.0,0.067710732381391,,CAPRICORNIA,ALP+LNP+ON+OTH,positive_recipients_validated_against_3cp,False,5,LNP+ALP+ON
Capricornia,ON,ALP+LNP,ALP,6032.0,0.2704690162317281,,CAPRICORNIA,ALP+LNP,positive_recipients_validated_against_3cp,False,3,LNP+ALP+ON
Capricornia,ON,ALP+LNP,LNP,16270.0,0.7295309837682719,,CAPRICORNIA,ALP+LNP,positive_recipients_validated_against_3cp,False,3,LNP+ALP+ON
Capricornia,OTH,ALP+LNP+ON,ALP,1887.0,0.185929648241206,,CAPRICORNIA,ALP+LNP+ON,positive_recipients_validated_against_3cp,False,4,LNP+ALP+ON
Capricornia,OTH,ALP+LNP+ON,LNP,1933.0,0.1904621144940388,,CAPRICORNIA,ALP+LNP+ON,positive_recipients_validated_against_3cp,False,4,LNP+ALP+ON
Capricornia,OTH,ALP+LNP+ON,ON,6329.0,0.6236082372647551,,CAPRICORNIA,ALP+LNP+ON,positive_recipients_validated_against_3cp,False,4,LNP+ALP+ON
Herbert,GRN,ALP+LNP+OTH,ALP,7304.0,0.7024427774572033,,HERBERT,ALP+LNP+OTH,positive_recipients_validated_against_3cp,False,4,LNP+ALP+OTH
Herbert,GRN,ALP+LNP+OTH,LNP,1328.0,0.1277168686285824,,HERBERT,ALP+LNP+OTH,positive_recipients_validated_against_3cp,False,4,LNP+ALP+OTH
Herbert,GRN,ALP+LNP+OTH,OTH,1766.0,0.1698403539142142,,HERBERT,ALP+LNP+OTH,positive_recipients_validated_against_3cp,False,4,LNP+ALP+OTH
Herbert,ON,ALP+GRN+LNP+OTH,ALP,336.0,0.0479041916167664,,HERBERT,ALP+GRN+LNP+OTH,positive_recipients_validated_against_3cp,False,5,LNP+ALP+OTH
Herbert,ON,ALP+GRN+LNP+OTH,LNP,1668.0,0.2378100940975192,,HERBERT,ALP+GRN+LNP+OTH,positive_recipients_validated_against_3cp,False,5,LNP+ALP+OTH
Herbert,ON,ALP+GRN+LNP+OTH,GRN,451.0,0.0642999714856002,,HERBERT,ALP+GRN+LNP+OTH,positive_recipients_validated_against_3cp,False,5,LNP+ALP+OTH
Herbert,ON,ALP+GRN+LNP+OTH,OTH,4559.0,0.649985742800114,,HERBERT,ALP+GRN+LNP+OTH,positive_recipients_validated_against_3cp,False,5,LNP+ALP+OTH
Herbert,OTH,ALP+LNP,ALP,18073.0,0.4493535554450522,,HERBERT,ALP+LNP,positive_recipients_validated_against_3cp,False,3,LNP+ALP+OTH
Herbert,OTH,ALP+LNP,LNP,22147.0,0.5506464445549478,,HERBERT,ALP+LNP,positive_recipients_validated_against_3cp,False,3,LNP+ALP+OTH
Hinkler,GRN,ALP+LNP+ON,ALP,5430.0,0.558699454676407,,HINKLER,ALP+LNP+ON,positive_recipients_validated_against_3cp,False,4,LNP+ALP+ON
Hinkler,GRN,ALP+LNP+ON,LNP,2438.0,0.2508488527626299,,HINKLER,ALP+LNP+ON,positive_recipients_validated_against_3cp,False,4,LNP+ALP+ON
Hinkler,GRN,ALP+LNP+ON,ON,1851.0,0.190451692560963,,HINKLER,ALP+LNP+ON,positive_recipients_validated_against_3cp,False,4,LNP+ALP+ON
Hinkler,ON,ALP+LNP,ALP,6811.0,0.3027380211574362,,HINKLER,ALP+LNP,positive_recipients_validated_against_3cp,False,3,LNP+ALP+ON
Hinkler,ON,ALP+LNP,LNP,15687.0,0.6972619788425638,,HINKLER,ALP+LNP,positive_recipients_validated_against_3cp,False,3,LNP+ALP+ON
Hinkler,IND,ALP+GRN+LNP+ON+OTH,ALP,558.0,0.1743205248359887,,HINKLER,ALP+GRN+LNP+ON+OTH,positive_recipients_validated_against_3cp,False,6,LNP+ALP+ON
Hinkler,IND,ALP+GRN+LNP+ON+OTH,LNP,517.0,0.1615120274914089,,HINKLER,ALP+GRN+LNP+ON+OTH,positive_recipients_validated_against_3cp,False,6,LNP+ALP+ON
Hinkler,IND,ALP+GRN+LNP+ON+OTH,GRN,593.0,0.1852546079350203,,HINKLER,ALP+GRN+LNP+ON+OTH,positive_recipients_validated_against_3cp,False,6,LNP+ALP+ON
Hinkler,IND,ALP+GRN+LNP+ON+OTH,ON,507.0,0.1583880037488285,,HINKLER,ALP+GRN+LNP+ON+OTH,positive_recipients_validated_against_3cp,False,6,LNP+ALP+ON
Hinkler,IND,ALP+GRN+LNP+ON+OTH,OTH,1026.0,0.3205248359887535,,HINKLER,ALP+GRN+LNP+ON+OTH,positive_recipients_validated_against_3cp,False,6,LNP+ALP+ON
Hinkler,OTH,ALP+GRN+LNP+ON,ALP,933.0,0.1033909574468085,,HINKLER,ALP+GRN+LNP+ON,positive_recipients_validated_against_3cp,False,5,LNP+ALP+ON
Hinkler,OTH,ALP+GRN+LNP+ON,LNP,1323.0,0.1466090425531915,,HINKLER,ALP+GRN+LNP+ON,positive_recipients_validated_against_3cp,False,5,LNP+ALP+ON
Hinkler,OTH,ALP+GRN+LNP+ON,GRN,1126.0,0.1247783687943262,,HINKLER,ALP+GRN+LNP+ON,positive_recipients_validated_against_3cp,False,5,LNP+ALP+ON
Hinkler,OTH,ALP+GRN+LNP+ON,ON,5642.0,0.6252216312056738,,HINKLER,ALP+GRN+LNP+ON,positive_recipients_validated_against_3cp,False,5,LNP+ALP+ON
Longman,GRN,ALP+LNP+ON,ALP,9250.0,0.6916922156584162,,LONGMAN,ALP+LNP+ON,positive_recipients_validated_against_3cp,False,4,LNP+ALP+ON
Longman,GRN,ALP+LNP+ON,LNP,1572.0,0.1175502878935167,,LONGMAN,ALP+LNP+ON,positive_recipients_validated_against_3cp,False,4,LNP+ALP+ON
Longman,GRN,ALP+LNP+ON,ON,2551.0,0.190757496448067,,LONGMAN,ALP+LNP+ON,positive_recipients_validated_against_3cp,False,4,LNP+ALP+ON
Longman,ON,ALP+LNP,ALP,6872.0,0.3374914055593753,,LONGMAN,ALP+LNP,positive_recipients_validated_against_3cp,False,3,LNP+ALP+ON
Longman,ON,ALP+LNP,LNP,13490.0,0.6625085944406247,,LONGMAN,ALP+LNP,positive_recipients_validated_against_3cp,False,3,LNP+ALP+ON
Longman,OTH,ALP+GRN+LNP+ON,ALP,1470.0,0.1379633974659784,,LONGMAN,ALP+GRN+LNP+ON,positive_recipients_validated_against_3cp,False,5,LNP+ALP+ON
Longman,OTH,ALP+GRN+LNP+ON,LNP,2077.0,0.1949319568277804,,LONGMAN,ALP+GRN+LNP+ON,positive_recipients_validated_against_3cp,False,5,LNP+ALP+ON
Longman,OTH,ALP+GRN+LNP+ON,GRN,1359.0,0.1275457531675269,,LONGMAN,ALP+GRN+LNP+ON,positive_recipients_validated_against_3cp,False,5,LNP+ALP+ON
Longman,OTH,ALP+GRN+LNP+ON,ON,5749.0,0.5395588925387143,,LONGMAN,ALP+GRN+LNP+ON,positive_recipients_validated_against_3cp,False,5,LNP+ALP+ON
Groom,ALP,IND+LNP,LNP,5469.0,0.2504006226821116,,GROOM,IND+LNP,positive_recipients_validated_against_3cp,False,3,LNP+IND+ALP
Groom,ALP,IND+LNP,IND,16372.0,0.7495993773178884,,GROOM,IND+LNP,positive_recipients_validated_against_3cp,False,3,LNP+IND+ALP
Groom,GRN,ALP+IND+LNP+ON,ALP,2741.0,0.420850606479349,,GROOM,ALP+IND+LNP+ON,positive_recipients_validated_against_3cp,False,5,LNP+IND+ALP
Groom,GRN,ALP+IND+LNP+ON,LNP,497.0,0.0763089206202978,,GROOM,ALP+IND+LNP+ON,positive_recipients_validated_against_3cp,False,5,LNP+IND+ALP
Groom,GRN,ALP+IND+LNP+ON,ON,614.0,0.0942729924765852,,GROOM,ALP+IND+LNP+ON,positive_recipients_validated_against_3cp,False,5,LNP+IND+ALP
Groom,GRN,ALP+IND+LNP+ON,IND,2661.0,0.4085674804237678,,GROOM,ALP+IND+LNP+ON,positive_recipients_validated_against_3cp,False,5,LNP+IND+ALP
Groom,ON,ALP+IND+LNP,ALP,1001.0,0.0696057297823517,,GROOM,ALP+IND+LNP,positive_recipients_validated_against_3cp,False,4,LNP+IND+ALP
Groom,ON,ALP+IND+LNP,LNP,7472.0,0.5195744384952368,,GROOM,ALP+IND+LNP,positive_recipients_validated_against_3cp,False,4,LNP+IND+ALP
Groom,ON,ALP+IND+LNP,IND,5908.0,0.4108198317224115,,GROOM,ALP+IND+LNP,positive_recipients_validated_against_3cp,False,4,LNP+IND+ALP
Groom,OTH,ALP+GRN+IND+LNP+ON,ALP,927.0,0.0888441633122484,,GROOM,ALP+GRN+IND+LNP+ON,positive_recipients_validated_against_3cp,False,6,LNP+IND+ALP
Groom,OTH,ALP+GRN+IND+LNP+ON,LNP,1727.0,0.1655165804101974,,GROOM,ALP+GRN+IND+LNP+ON,positive_recipients_validated_against_3cp,False,6,LNP+IND+ALP
Groom,OTH,ALP+GRN+IND+LNP+ON,GRN,756.0,0.0724554341575618,,GROOM,ALP+GRN+IND+LNP+ON,positive_recipients_validated_against_3cp,False,6,LNP+IND+ALP
Groom,OTH,ALP+GRN+IND+LNP+ON,ON,3907.0,0.3744489170021085,,GROOM,ALP+GRN+IND+LNP+ON,positive_recipients_validated_against_3cp,False,6,LNP+IND+ALP
Groom,OTH,ALP+GRN+IND+LNP+ON,IND,3117.0,0.2987349051178838,,GROOM,ALP+GRN+IND+LNP+ON,positive_recipients_validated_against_3cp,False,6,LNP+IND+ALP
McPherson,GRN,ALP+IND+LNP,ALP,4938.0,0.4532770332293005,,MCPHERSON,ALP+IND+LNP,positive_recipients_validated_against_3cp,False,4,LNP+ALP+IND
McPherson,GRN,ALP+IND+LNP,LNP,1075.0,0.0986781714705342,,MCPHERSON,ALP+IND+LNP,positive_recipients_validated_against_3cp,False,4,LNP+ALP+IND
McPherson,GRN,ALP+IND+LNP,IND,4881.0,0.4480447953001652,,MCPHERSON,ALP+IND+LNP,positive_recipients_validated_against_3cp,False,4,LNP+ALP+IND
McPherson,ON,ALP+GRN+IND+LNP,ALP,695.0,0.0734361792054099,,MCPHERSON,ALP+GRN+IND+LNP,positive_recipients_validated_against_3cp,False,5,LNP+ALP+IND
McPherson,ON,ALP+GRN+IND+LNP,LNP,5155.0,0.5446956889264581,,MCPHERSON,ALP+GRN+IND+LNP,positive_recipients_validated_against_3cp,False,5,LNP+ALP+IND
McPherson,ON,ALP+GRN+IND+LNP,GRN,742.0,0.0784023668639053,,MCPHERSON,ALP+GRN+IND+LNP,positive_recipients_validated_against_3cp,False,5,LNP+ALP+IND
McPherson,ON,ALP+GRN+IND+LNP,IND,2872.0,0.3034657650042265,,MCPHERSON,ALP+GRN+IND+LNP,positive_recipients_validated_against_3cp,False,5,LNP+ALP+IND
McPherson,IND,ALP+LNP,ALP,14208.0,0.5950247089370969,,MCPHERSON,ALP+LNP,positive_recipients_validated_against_3cp,False,3,LNP+ALP+IND
McPherson,IND,ALP+LNP,LNP,9670.0,0.4049752910629031,,MCPHERSON,ALP+LNP,positive_recipients_validated_against_3cp,False,3,LNP+ALP+IND
McPherson,OTH,ALP+GRN+IND+LNP+ON,ALP,1676.0,0.1218997745290566,,MCPHERSON,ALP+GRN+IND+LNP+ON,positive_recipients_validated_against_3cp,False,6,LNP+ALP+IND
McPherson,OTH,ALP+GRN+IND+LNP+ON,LNP,2102.0,0.152883846097898,,MCPHERSON,ALP+GRN+IND+LNP+ON,positive_recipients_validated_against_3cp,False,6,LNP+ALP+IND
McPherson,OTH,ALP+GRN+IND+LNP+ON,GRN,1977.0,0.1437922758018765,,MCPHERSON,ALP+GRN+IND+LNP+ON,positive_recipients_validated_against_3cp,False,6,LNP+ALP+IND
McPherson,OTH,ALP+GRN+IND+LNP+ON,ON,5235.0,0.3807549639973816,,MCPHERSON,ALP+GRN+IND+LNP+ON,positive_recipients_validated_against_3cp,False,6,LNP+ALP+IND
McPherson,OTH,ALP+GRN+IND+LNP+ON,IND,2759.0,0.2006691395737871,,MCPHERSON,ALP+GRN+IND+LNP+ON,positive_recipients_validated_against_3cp,False,6,LNP+ALP+IND
Moncrieff,GRN,ALP+LNP,ALP,11632.0,0.6727977326623865,,MONCRIEFF,ALP+LNP,positive_recipients_validated_against_3cp,False,3,LNP+ALP+GRN
Moncrieff,GRN,ALP+LNP,LNP,5657.0,0.3272022673376135,,MONCRIEFF,ALP+LNP,positive_recipients_validated_against_3cp,False,3,LNP+ALP+GRN
Moncrieff,ON,ALP+GRN+LNP,ALP,1663.0,0.1353242737407437,,MONCRIEFF,ALP+GRN+LNP,positive_recipients_validated_against_3cp,False,4,LNP+ALP+GRN
Moncrieff,ON,ALP+GRN+LNP,LNP,7874.0,0.6407356172186508,,MONCRIEFF,ALP+GRN+LNP,positive_recipients_validated_against_3cp,False,4,LNP+ALP+GRN
Moncrieff,ON,ALP+GRN+LNP,GRN,2752.0,0.2239401090406054,,MONCRIEFF,ALP+GRN+LNP,positive_recipients_validated_against_3cp,False,4,LNP+ALP+GRN
Moncrieff,IND,ALP+GRN+LNP+ON,ALP,2347.0,0.2348174087043521,,MONCRIEFF,ALP+GRN+LNP+ON,positive_recipients_validated_against_3cp,False,5,LNP+ALP+GRN
Moncrieff,IND,ALP+GRN+LNP+ON,LNP,1938.0,0.1938969484742371,,MONCRIEFF,ALP+GRN+LNP+ON,positive_recipients_validated_against_3cp,False,5,LNP+ALP+GRN
Moncrieff,IND,ALP+GRN+LNP+ON,GRN,3895.0,0.3896948474237118,,MONCRIEFF,ALP+GRN+LNP+ON,positive_recipients_validated_against_3cp,False,5,LNP+ALP+GRN
Moncrieff,IND,ALP+GRN+LNP+ON,ON,1815.0,0.1815907953976988,,MONCRIEFF,ALP+GRN+LNP+ON,positive_recipients_validated_against_3cp,False,5,LNP+ALP+GRN
Moncrieff,OTH,ALP+GRN+IND+LNP+ON,ALP,1157.0,0.1086384976525821,,MONCRIEFF,ALP+GRN+IND+LNP+ON,positive_recipients_validated_against_3cp,False,6,LNP+ALP+GRN
Moncrieff,OTH,ALP+GRN+IND+LNP+ON,LNP,1475.0,0.1384976525821596,,MONCRIEFF,ALP+GRN+IND+LNP+ON,positive_recipients_validated_against_3cp,False,6,LNP+ALP+GRN
Moncrieff,OTH,ALP+GRN+IND+LNP+ON,GRN,1084.0,0.1017840375586854,,MONCRIEFF,ALP+GRN+IND+LNP+ON,positive_recipients_validated_against_3cp,False,6,LNP+ALP+GRN
Moncrieff,OTH,ALP+GRN+IND+LNP+ON,ON,4580.0,0.4300469483568075,,MONCRIEFF,ALP+GRN+IND+LNP+ON,positive_recipients_validated_against_3cp,False,6,LNP+ALP+GRN
Moncrieff,OTH,ALP+GRN+IND+LNP+ON,IND,2354.0,0.2210328638497652,,MONCRIEFF,ALP+GRN+IND+LNP+ON,positive_recipients_validated_against_3cp,False,6,LNP+ALP+GRN
Dawson,GRN,ALP+LNP+ON+OTH,ALP,4783.0,0.6321702352630187,,DAWSON,ALP+LNP+ON+OTH,positive_recipients_validated_against_3cp,False,5,LNP+ALP+ON
Dawson,GRN,ALP+LNP+ON+OTH,LNP,749.0,0.098995506212001,,DAWSON,ALP+LNP+ON+OTH,positive_recipients_validated_against_3cp,False,5,LNP+ALP+ON
Dawson,GRN,ALP+LNP+ON+OTH,ON,805.0,0.1063970393867301,,DAWSON,ALP+LNP+ON+OTH,positive_recipients_validated_against_3cp,False,5,LNP+ALP+ON
Dawson,GRN,ALP+LNP+ON+OTH,OTH,1229.0,0.16243721913825,,DAWSON,ALP+LNP+ON+OTH,positive_recipients_validated_against_3cp,False,5,LNP+ALP+ON
Dawson,ON,ALP+LNP,ALP,5031.0,0.2544507384179648,,DAWSON,ALP+LNP,positive_recipients_validated_against_3cp,False,3,LNP+ALP+ON
Dawson,ON,ALP+LNP,LNP,14741.0,0.7455492615820352,,DAWSON,ALP+LNP,positive_recipients_validated_against_3cp,False,3,LNP+ALP+ON
Dawson,OTH,ALP+LNP+ON,ALP,2361.0,0.1623126632751272,,DAWSON,ALP+LNP+ON,positive_recipients_validated_against_3cp,False,4,LNP+ALP+ON
Dawson,OTH,ALP+LNP+ON,LNP,4410.0,0.3031761308950914,,DAWSON,ALP+LNP+ON,positive_recipients_validated_against_3cp,False,4,LNP+ALP+ON
Dawson,OTH,ALP+LNP+ON,ON,7775.0,0.5345112058297814,,DAWSON,ALP+LNP+ON,positive_recipients_validated_against_3cp,False,4,LNP+ALP+ON
Kennedy,ALP,LNP+OTH,LNP,6391.0,0.2973802987297008,,KENNEDY,LNP+OTH,positive_recipients_validated_against_3cp,False,3,OTH+LNP+ALP
Kennedy,ALP,LNP+OTH,OTH,15100.0,0.7026197012702992,,KENNEDY,LNP+OTH,positive_recipients_validated_against_3cp,False,3,OTH+LNP+ALP
Kennedy,GRN,ALP+LNP+ON+OTH,ALP,4101.0,0.6145661621459614,,KENNEDY,ALP+LNP+ON+OTH,positive_recipients_validated_against_3cp,False,5,OTH+LNP+ALP
Kennedy,GRN,ALP+LNP+ON+OTH,LNP,768.0,0.1150906638693241,,KENNEDY,ALP+LNP+ON+OTH,positive_recipients_validated_against_3cp,False,5,OTH+LNP+ALP
Kennedy,GRN,ALP+LNP+ON+OTH,ON,733.0,0.109845646635696,,KENNEDY,ALP+LNP+ON+OTH,positive_recipients_validated_against_3cp,False,5,OTH+LNP+ALP
Kennedy,GRN,ALP+LNP+ON+OTH,OTH,1071.0,0.1604975273490184,,KENNEDY,ALP+LNP+ON+OTH,positive_recipients_validated_against_3cp,False,5,OTH+LNP+ALP
Kennedy,ON,ALP+LNP+OTH,ALP,933.0,0.0972584175961638,,KENNEDY,ALP+LNP+OTH,positive_recipients_validated_against_3cp,False,4,OTH+LNP+ALP
Kennedy,ON,ALP+LNP+OTH,LNP,2256.0,0.2351714792035859,,KENNEDY,ALP+LNP+OTH,positive_recipients_validated_against_3cp,False,4,OTH+LNP+ALP
Kennedy,ON,ALP+LNP+OTH,OTH,6404.0,0.6675701032002502,,KENNEDY,ALP+LNP+OTH,positive_recipients_validated_against_3cp,False,4,OTH+LNP+ALP
Leichhardt,GRN,ALP+LNP+ON,ALP,8621.0,0.7289253403229897,,LEICHHARDT,ALP+LNP+ON,positive_recipients_validated_against_3cp,False,4,ALP+LNP+ON
Leichhardt,GRN,ALP+LNP+ON,LNP,1419.0,0.1199797074490572,,LEICHHARDT,ALP+LNP+ON,positive_recipients_validated_against_3cp,False,4,ALP+LNP+ON
Leichhardt,GRN,ALP+LNP+ON,ON,1787.0,0.151094952227953,,LEICHHARDT,ALP+LNP+ON,positive_recipients_validated_against_3cp,False,4,ALP+LNP+ON
Leichhardt,ON,ALP+LNP,ALP,6553.0,0.358970145165708,,LEICHHARDT,ALP+LNP,positive_recipients_validated_against_3cp,False,3,ALP+LNP+ON
Leichhardt,ON,ALP+LNP,LNP,11702.0,0.641029854834292,,LEICHHARDT,ALP+LNP,positive_recipients_validated_against_3cp,False,3,ALP+LNP+ON
Leichhardt,IND,ALP+GRN+LNP+ON+OTH,ALP,251.0,0.1477339611536197,,LEICHHARDT,ALP+GRN+LNP+ON+OTH,positive_recipients_validated_against_3cp,False,6,ALP+LNP+ON
Leichhardt,IND,ALP+GRN+LNP+ON+OTH,LNP,244.0,0.1436138905238375,,LEICHHARDT,ALP+GRN+LNP+ON+OTH,positive_recipients_validated_against_3cp,False,6,ALP+LNP+ON
Leichhardt,IND,ALP+GRN+LNP+ON+OTH,GRN,336.0,0.1977633902295467,,LEICHHARDT,ALP+GRN+LNP+ON+OTH,positive_recipients_validated_against_3cp,False,6,ALP+LNP+ON
Leichhardt,IND,ALP+GRN+LNP+ON+OTH,ON,106.0,0.0623896409652736,,LEICHHARDT,ALP+GRN+LNP+ON+OTH,positive_recipients_validated_against_3cp,False,6,ALP+LNP+ON
Leichhardt,IND,ALP+GRN+LNP+ON+OTH,OTH,762.0,0.4484991171277221,,LEICHHARDT,ALP+GRN+LNP+ON+OTH,positive_recipients_validated_against_3cp,False,6,ALP+LNP+ON
Leichhardt,OTH,ALP+GRN+LNP+ON,ALP,3060.0,0.1801377523988932,,LEICHHARDT,ALP+GRN+LNP+ON,positive_recipients_validated_against_3cp,False,5,ALP+LNP+ON
Leichhardt,OTH,ALP+GRN+LNP+ON,LNP,2408.0,0.1417554600576911,,LEICHHARDT,ALP+GRN+LNP+ON,positive_recipients_validated_against_3cp,False,5,ALP+LNP+ON
Leichhardt,OTH,ALP+GRN+LNP+ON,GRN,2723.0,0.1602990522164007,,LEICHHARDT,ALP+GRN+LNP+ON,positive_recipients_validated_against_3cp,False,5,ALP+LNP+ON
Leichhardt,OTH,ALP+GRN+LNP+ON,ON,8796.0,0.5178077353270147,,LEICHHARDT,ALP+GRN+LNP+ON,positive_recipients_validated_against_3cp,False,5,ALP+LNP+ON
Flynn,GRN,ALP+LNP+ON+OTH,ALP,4129.0,0.5960733362205861,,FLYNN,ALP+LNP+ON+OTH,positive_recipients_validated_against_3cp,False,5,LNP+ALP+ON
Flynn,GRN,ALP+LNP+ON+OTH,LNP,613.0,0.0884942976757615,,FLYNN,ALP+LNP+ON+OTH,positive_recipients_validated_against_3cp,False,5,LNP+ALP+ON
Flynn,GRN,ALP+LNP+ON+OTH,ON,771.0,0.1113035946297098,,FLYNN,ALP+LNP+ON+OTH,positive_recipients_validated_against_3cp,False,5,LNP+ALP+ON
Flynn,GRN,ALP+LNP+ON+OTH,OTH,1414.0,0.2041287714739425,,FLYNN,ALP+LNP+ON+OTH,positive_recipients_validated_against_3cp,False,5,LNP+ALP+ON
Flynn,ON,ALP+LNP,ALP,6522.0,0.2619066741627178,,FLYNN,ALP+LNP,positive_recipients_validated_against_3cp,False,3,LNP+ALP+ON
Flynn,ON,ALP+LNP,LNP,18380.0,0.7380933258372822,,FLYNN,ALP+LNP,positive_recipients_validated_against_3cp,False,3,LNP+ALP+ON
Flynn,IND,ALP+GRN+LNP+ON+OTH,ALP,1553.0,0.3091777822018713,,FLYNN,ALP+GRN+LNP+ON+OTH,positive_recipients_validated_against_3cp,False,6,LNP+ALP+ON
Flynn,IND,ALP+GRN+LNP+ON+OTH,LNP,547.0,0.1088990643042006,,FLYNN,ALP+GRN+LNP+ON+OTH,positive_recipients_validated_against_3cp,False,6,LNP+ALP+ON
Flynn,IND,ALP+GRN+LNP+ON+OTH,GRN,727.0,0.1447342225761497,,FLYNN,ALP+GRN+LNP+ON+OTH,positive_recipients_validated_against_3cp,False,6,LNP+ALP+ON
Flynn,IND,ALP+GRN+LNP+ON+OTH,ON,1141.0,0.2271550866016325,,FLYNN,ALP+GRN+LNP+ON+OTH,positive_recipients_validated_against_3cp,False,6,LNP+ALP+ON
Flynn,IND,ALP+GRN+LNP+ON+OTH,OTH,1055.0,0.2100338443161457,,FLYNN,ALP+GRN+LNP+ON+OTH,positive_recipients_validated_against_3cp,False,6,LNP+ALP+ON
Flynn,OTH,ALP+LNP+ON,ALP,3121.0,0.2050321902509525,,FLYNN,ALP+LNP+ON,positive_recipients_validated_against_3cp,False,4,LNP+ALP+ON
Flynn,OTH,ALP+LNP+ON,LNP,2985.0,0.1960977532518723,,FLYNN,ALP+LNP+ON,positive_recipients_validated_against_3cp,False,4,LNP+ALP+ON
Flynn,OTH,ALP+LNP+ON,ON,9116.0,0.5988700564971752,,FLYNN,ALP+LNP+ON,positive_recipients_validated_against_3cp,False,4,LNP+ALP+ON
Fairfax,GRN,ALP+IND+LNP+ON,ALP,5493.0,0.4585907497077976,,FAIRFAX,ALP+IND+LNP+ON,positive_recipients_validated_against_3cp,False,5,LNP+ALP+IND
Fairfax,GRN,ALP+IND+LNP+ON,LNP,813.0,0.0678744364668559,,FAIRFAX,ALP+IND+LNP+ON,positive_recipients_validated_against_3cp,False,5,LNP+ALP+IND
Fairfax,GRN,ALP+IND+LNP+ON,ON,633.0,0.0528468859575889,,FAIRFAX,ALP+IND+LNP+ON,positive_recipients_validated_against_3cp,False,5,LNP+ALP+IND
Fairfax,GRN,ALP+IND+LNP+ON,IND,5039.0,0.4206879278677575,,FAIRFAX,ALP+IND+LNP+ON,positive_recipients_validated_against_3cp,False,5,LNP+ALP+IND
Fairfax,ON,ALP+IND+LNP,ALP,1013.0,0.0791097227645451,,FAIRFAX,ALP+IND+LNP,positive_recipients_validated_against_3cp,False,4,LNP+ALP+IND
Fairfax,ON,ALP+IND+LNP,LNP,5950.0,0.4646622413119875,,FAIRFAX,ALP+IND+LNP,positive_recipients_validated_against_3cp,False,4,LNP+ALP+IND
Fairfax,ON,ALP+IND+LNP,IND,5842.0,0.4562280359234674,,FAIRFAX,ALP+IND+LNP,positive_recipients_validated_against_3cp,False,4,LNP+ALP+IND
Fairfax,IND,ALP+LNP,ALP,17237.0,0.6629105453426659,,FAIRFAX,ALP+LNP,positive_recipients_validated_against_3cp,False,3,LNP+ALP+IND
Fairfax,IND,ALP+LNP,LNP,8765.0,0.337089454657334,,FAIRFAX,ALP+LNP,positive_recipients_validated_against_3cp,False,3,LNP+ALP+IND
Fairfax,OTH,ALP+GRN+IND+LNP+ON,ALP,588.0,0.0676017475281673,,FAIRFAX,ALP+GRN+IND+LNP+ON,positive_recipients_validated_against_3cp,False,6,LNP+ALP+IND
Fairfax,OTH,ALP+GRN+IND+LNP+ON,LNP,1507.0,0.1732582202805242,,FAIRFAX,ALP+GRN+IND+LNP+ON,positive_recipients_validated_against_3cp,False,6,LNP+ALP+IND
Fairfax,OTH,ALP+GRN+IND+LNP+ON,GRN,627.0,0.0720855369050356,,FAIRFAX,ALP+GRN+IND+LNP+ON,positive_recipients_validated_against_3cp,False,6,LNP+ALP+IND
Fairfax,OTH,ALP+GRN+IND+LNP+ON,ON,3940.0,0.452977696022074,,FAIRFAX,ALP+GRN+IND+LNP+ON,positive_recipients_validated_against_3cp,False,6,LNP+ALP+IND
Fairfax,OTH,ALP+GRN+IND+LNP+ON,IND,2036.0,0.2340767992641986,,FAIRFAX,ALP+GRN+IND+LNP+ON,positive_recipients_validated_against_3cp,False,6,LNP+ALP+IND
Fisher,GRN,ALP+IND+LNP+ON,ALP,4784.0,0.4000334476126766,,FISHER,ALP+IND+LNP+ON,positive_recipients_validated_against_3cp,False,5,LNP+ALP+IND
Fisher,GRN,ALP+IND+LNP+ON,LNP,790.0,0.0660590350363742,,FISHER,ALP+IND+LNP+ON,positive_recipients_validated_against_3cp,False,5,LNP+ALP+IND
Fisher,GRN,ALP+IND+LNP+ON,ON,591.0,0.0494188477297432,,FISHER,ALP+IND+LNP+ON,positive_recipients_validated_against_3cp,False,5,LNP+ALP+IND
Fisher,GRN,ALP+IND+LNP+ON,IND,5794.0,0.4844886696212058,,FISHER,ALP+IND+LNP+ON,positive_recipients_validated_against_3cp,False,5,LNP+ALP+IND
Fisher,ON,ALP+IND+LNP,ALP,1448.0,0.1040005745888098,,FISHER,ALP+IND+LNP,positive_recipients_validated_against_3cp,False,4,LNP+ALP+IND
Fisher,ON,ALP+IND+LNP,LNP,6624.0,0.4757595345830639,,FISHER,ALP+IND+LNP,positive_recipients_validated_against_3cp,False,4,LNP+ALP+IND
Fisher,ON,ALP+IND+LNP,IND,5851.0,0.4202398908281261,,FISHER,ALP+IND+LNP,positive_recipients_validated_against_3cp,False,4,LNP+ALP+IND
Fisher,IND,ALP+LNP,ALP,18862.0,0.5800301362280513,,FISHER,ALP+LNP,positive_recipients_validated_against_3cp,False,3,LNP+ALP+IND
Fisher,IND,ALP+LNP,LNP,13657.0,0.4199698637719487,,FISHER,ALP+LNP,positive_recipients_validated_against_3cp,False,3,LNP+ALP+IND
Fisher,OTH,ALP+GRN+IND+LNP+ON,ALP,613.0,0.0606870606870606,,FISHER,ALP+GRN+IND+LNP+ON,positive_recipients_validated_against_3cp,False,6,LNP+ALP+IND
Fisher,OTH,ALP+GRN+IND+LNP+ON,LNP,1214.0,0.1201861201861201,,FISHER,ALP+GRN+IND+LNP+ON,positive_recipients_validated_against_3cp,False,6,LNP+ALP+IND
Fisher,OTH,ALP+GRN+IND+LNP+ON,GRN,563.0,0.0557370557370557,,FISHER,ALP+GRN+IND+LNP+ON,positive_recipients_validated_against_3cp,False,6,LNP+ALP+IND
Fisher,OTH,ALP+GRN+IND+LNP+ON,ON,6133.0,0.6071676071676072,,FISHER,ALP+GRN+IND+LNP+ON,positive_recipients_validated_against_3cp,False,6,LNP+ALP+IND
Fisher,OTH,ALP+GRN+IND+LNP+ON,IND,1578.0,0.1562221562221562,,FISHER,ALP+GRN+IND+LNP+ON,positive_recipients_validated_against_3cp,False,6,LNP+ALP+IND
Maranoa,ALP,LNP+ON,LNP,12116.0,0.5890990421549084,,MARANOA,LNP+ON,positive_recipients_validated_against_3cp,False,3,LNP+ON+ALP
Maranoa,ALP,LNP+ON,ON,8451.0,0.4109009578450917,,MARANOA,LNP+ON,positive_recipients_validated_against_3cp,False,3,LNP+ON+ALP
Maranoa,GRN,ALP+LNP+ON+OTH,ALP,3275.0,0.5847170148187824,,MARANOA,ALP+LNP+ON+OTH,positive_recipients_validated_against_3cp,False,5,LNP+ON+ALP
Maranoa,GRN,ALP+LNP+ON+OTH,LNP,831.0,0.1483663631494376,,MARANOA,ALP+LNP+ON+OTH,positive_recipients_validated_against_3cp,False,5,LNP+ON+ALP
Maranoa,GRN,ALP+LNP+ON+OTH,ON,507.0,0.0905195500803427,,MARANOA,ALP+LNP+ON+OTH,positive_recipients_validated_against_3cp,False,5,LNP+ON+ALP
Maranoa,GRN,ALP+LNP+ON+OTH,OTH,988.0,0.1763970719514372,,MARANOA,ALP+LNP+ON+OTH,positive_recipients_validated_against_3cp,False,5,LNP+ON+ALP
Maranoa,OTH,ALP+GRN+LNP+ON,ALP,1950.0,0.1347522631469836,,MARANOA,ALP+GRN+LNP+ON,positive_recipients_validated_against_3cp,False,4,LNP+ON+ALP
Maranoa,OTH,ALP+GRN+LNP+ON,LNP,3666.0,0.2533342547163292,,MARANOA,ALP+GRN+LNP+ON,positive_recipients_validated_against_3cp,False,4,LNP+ON+ALP
Maranoa,OTH,ALP+GRN+LNP+ON,GRN,569.0,0.0393200193490429,,MARANOA,ALP+GRN+LNP+ON,positive_recipients_validated_against_3cp,False,4,LNP+ON+ALP
Maranoa,OTH,ALP+GRN+LNP+ON,ON,8286.0,0.5725934627876442,,MARANOA,ALP+GRN+LNP+ON,positive_recipients_validated_against_3cp,False,4,LNP+ON+ALP
Wide Bay,GRN,ALP+LNP+ON,ALP,8197.0,0.6887077802050076,,WIDE BAY,ALP+LNP+ON,positive_recipients_validated_against_3cp,True,3,LNP+ALP+ON
Wide Bay,GRN,ALP+LNP+ON,LNP,1827.0,0.1535036128381784,,WIDE BAY,ALP+LNP+ON,positive_recipients_validated_against_3cp,True,3,LNP+ALP+ON
Wide Bay,GRN,ALP+LNP+ON,ON,1878.0,0.157788606956814,,WIDE BAY,ALP+LNP+ON,positive_recipients_validated_against_3cp,True,3,LNP+ALP+ON
Wide Bay,ON,ALP+LNP,ALP,6337.0,0.2926344954975756,,WIDE BAY,ALP+LNP,positive_recipients_validated_against_3cp,False,3,LNP+ALP+ON
Wide Bay,ON,ALP+LNP,LNP,15318.0,0.7073655045024244,,WIDE BAY,ALP+LNP,positive_recipients_validated_against_3cp,False,3,LNP+ALP+ON
Wide Bay,IND,ALP+GRN+LNP+ON+OTH,ALP,1164.0,0.19188921859545,,WIDE BAY,ALP+GRN+LNP+ON+OTH,positive_recipients_validated_against_3cp,False,6,LNP+ALP+ON
Wide Bay,IND,ALP+GRN+LNP+ON+OTH,LNP,769.0,0.126772172766238,,WIDE BAY,ALP+GRN+LNP+ON+OTH,positive_recipients_validated_against_3cp,False,6,LNP+ALP+ON
Wide Bay,IND,ALP+GRN+LNP+ON+OTH,GRN,1560.0,0.2571711177052423,,WIDE BAY,ALP+GRN+LNP+ON+OTH,positive_recipients_validated_against_3cp,False,6,LNP+ALP+ON
Wide Bay,IND,ALP+GRN+LNP+ON+OTH,ON,1063.0,0.1752390372568414,,WIDE BAY,ALP+GRN+LNP+ON+OTH,positive_recipients_validated_against_3cp,False,6,LNP+ALP+ON
Wide Bay,IND,ALP+GRN+LNP+ON+OTH,OTH,1510.0,0.2489284536762281,,WIDE BAY,ALP+GRN+LNP+ON+OTH,positive_recipients_validated_against_3cp,False,6,LNP+ALP+ON
Wide Bay,OTH,ALP+GRN+LNP+ON,ALP,1730.0,0.154699096843423,,WIDE BAY,ALP+GRN+LNP+ON,positive_recipients_validated_against_3cp,False,5,LNP+ALP+ON
Wide Bay,OTH,ALP+GRN+LNP+ON,LNP,1701.0,0.1521058749888223,,WIDE BAY,ALP+GRN+LNP+ON,positive_recipients_validated_against_3cp,False,5,LNP+ALP+ON
Wide Bay,OTH,ALP+GRN+LNP+ON,GRN,1513.0,0.1352946436555486,,WIDE BAY,ALP+GRN+LNP+ON,positive_recipients_validated_against_3cp,False,5,LNP+ALP+ON
Wide Bay,OTH,ALP+GRN+LNP+ON,ON,6239.0,0.557900384512206,,WIDE BAY,ALP+GRN+LNP+ON,positive_recipients_validated_against_3cp,False,5,LNP+ALP+ON
Wright,GRN,ALP+LNP+ON,ALP,9322.0,0.6735549132947977,,WRIGHT,ALP+LNP+ON,positive_recipients_validated_against_3cp,False,4,LNP+ALP+ON
Wright,GRN,ALP+LNP+ON,LNP,1619.0,0.1169797687861271,,WRIGHT,ALP+LNP+ON,positive_recipients_validated_against_3cp,False,4,LNP+ALP+ON
Wright,GRN,ALP+LNP+ON,ON,2899.0,0.2094653179190751,,WRIGHT,ALP+LNP+ON,positive_recipients_validated_against_3cp,False,4,LNP+ALP+ON
Wright,ON,ALP+LNP,ALP,8137.0,0.2549984330930743,,WRIGHT,ALP+LNP,positive_recipients_validated_against_3cp,False,3,LNP+ALP+ON
Wright,ON,ALP+LNP,LNP,23773.0,0.7450015669069258,,WRIGHT,ALP+LNP,positive_recipients_validated_against_3cp,False,3,LNP+ALP+ON
Wright,OTH,ALP+GRN+LNP+ON,ALP,1949.0,0.1130707199628705,,WRIGHT,ALP+GRN+LNP+ON,positive_recipients_validated_against_3cp,False,5,LNP+ALP+ON
Wright,OTH,ALP+GRN+LNP+ON,LNP,2563.0,0.148691767708998,,WRIGHT,ALP+GRN+LNP+ON,positive_recipients_validated_against_3cp,False,5,LNP+ALP+ON
Wright,OTH,ALP+GRN+LNP+ON,GRN,2712.0,0.157335963334687,,WRIGHT,ALP+GRN+LNP+ON,positive_recipients_validated_against_3cp,False,5,LNP+ALP+ON
Wright,OTH,ALP+GRN+LNP+ON,ON,10013.0,0.5809015489934444,,WRIGHT,ALP+GRN+LNP+ON,positive_recipients_validated_against_3cp,False,5,LNP+ALP+ON
Cowan,GRN,ALP+LNP,ALP,12292.0,0.7526328679892236,,COWAN,ALP+LNP,positive_recipients_validated_against_3cp,False,3,ALP+LNP+GRN
Cowan,GRN,ALP+LNP,LNP,4040.0,0.2473671320107764,,COWAN,ALP+LNP,positive_recipients_validated_against_3cp,False,3,ALP+LNP+GRN
Cowan,ON,ALP+GRN+LNP,ALP,1516.0,0.1815786321715175,,COWAN,ALP+GRN+LNP,positive_recipients_validated_against_3cp,False,4,ALP+LNP+GRN
Cowan,ON,ALP+GRN+LNP,LNP,4772.0,0.5715654569409511,,COWAN,ALP+GRN+LNP,positive_recipients_validated_against_3cp,False,4,ALP+LNP+GRN
Cowan,ON,ALP+GRN+LNP,GRN,2061.0,0.2468559108875314,,COWAN,ALP+GRN+LNP,positive_recipients_validated_against_3cp,False,4,ALP+LNP+GRN
Cowan,IND,ALP+GRN+LNP+ON+OTH,ALP,690.0,0.1750824663790916,,COWAN,ALP+GRN+LNP+ON+OTH,positive_recipients_validated_against_3cp,False,6,ALP+LNP+GRN
Cowan,IND,ALP+GRN+LNP+ON+OTH,LNP,398.0,0.1009895965490992,,COWAN,ALP+GRN+LNP+ON+OTH,positive_recipients_validated_against_3cp,False,6,ALP+LNP+GRN
Cowan,IND,ALP+GRN+LNP+ON+OTH,GRN,1635.0,0.4148693225069779,,COWAN,ALP+GRN+LNP+ON+OTH,positive_recipients_validated_against_3cp,False,6,ALP+LNP+GRN
Cowan,IND,ALP+GRN+LNP+ON+OTH,ON,621.0,0.1575742197411824,,COWAN,ALP+GRN+LNP+ON+OTH,positive_recipients_validated_against_3cp,False,6,ALP+LNP+GRN
Cowan,IND,ALP+GRN+LNP+ON+OTH,OTH,597.0,0.1514843948236488,,COWAN,ALP+GRN+LNP+ON+OTH,positive_recipients_validated_against_3cp,False,6,ALP+LNP+GRN
Cowan,OTH,ALP+GRN+LNP+ON,ALP,1947.0,0.1957374082637981,,COWAN,ALP+GRN+LNP+ON,positive_recipients_validated_against_3cp,False,5,ALP+LNP+GRN
Cowan,OTH,ALP+GRN+LNP+ON,LNP,2572.0,0.2585704232431889,,COWAN,ALP+GRN+LNP+ON,positive_recipients_validated_against_3cp,False,5,ALP+LNP+GRN
Cowan,OTH,ALP+GRN+LNP+ON,GRN,2486.0,0.2499246003820247,,COWAN,ALP+GRN+LNP+ON,positive_recipients_validated_against_3cp,False,5,ALP+LNP+GRN
Cowan,OTH,ALP+GRN+LNP+ON,ON,2942.0,0.2957675681109882,,COWAN,ALP+GRN+LNP+ON,positive_recipients_validated_against_3cp,False,5,ALP+LNP+GRN
Curtin,ALP,IND+LNP,LNP,4050.0,0.2033234600130528,,CURTIN,IND+LNP,positive_recipients_validated_against_3cp,False,3,IND+LNP+ALP
Curtin,ALP,IND+LNP,IND,15869.0,0.7966765399869471,,CURTIN,IND+LNP,positive_recipients_validated_against_3cp,False,3,IND+LNP+ALP
Curtin,GRN,ALP+IND+LNP,ALP,3575.0,0.396297527990245,,CURTIN,ALP+IND+LNP,positive_recipients_validated_against_3cp,False,4,IND+LNP+ALP
Curtin,GRN,ALP+IND+LNP,LNP,562.0,0.0622990799246203,,CURTIN,ALP+IND+LNP,positive_recipients_validated_against_3cp,False,4,IND+LNP+ALP
Curtin,GRN,ALP+IND+LNP,IND,4884.0,0.5414033920851347,,CURTIN,ALP+IND+LNP,positive_recipients_validated_against_3cp,False,4,IND+LNP+ALP
Curtin,ON,ALP+GRN+IND+LNP,ALP,235.0,0.0763234816498863,,CURTIN,ALP+GRN+IND+LNP,positive_recipients_validated_against_3cp,False,5,IND+LNP+ALP
Curtin,ON,ALP+GRN+IND+LNP,LNP,1818.0,0.5904514452744397,,CURTIN,ALP+GRN+IND+LNP,positive_recipients_validated_against_3cp,False,5,IND+LNP+ALP
Curtin,ON,ALP+GRN+IND+LNP,GRN,197.0,0.0639818122767132,,CURTIN,ALP+GRN+IND+LNP,positive_recipients_validated_against_3cp,False,5,IND+LNP+ALP
Curtin,ON,ALP+GRN+IND+LNP,IND,829.0,0.2692432607989607,,CURTIN,ALP+GRN+IND+LNP,positive_recipients_validated_against_3cp,False,5,IND+LNP+ALP
Curtin,OTH,ALP+GRN+IND+LNP+ON,ALP,483.0,0.2039695945945946,,CURTIN,ALP+GRN+IND+LNP+ON,positive_recipients_validated_against_3cp,False,6,IND+LNP+ALP
Curtin,OTH,ALP+GRN+IND+LNP+ON,LNP,364.0,0.1537162162162162,,CURTIN,ALP+GRN+IND+LNP+ON,positive_recipients_validated_against_3cp,False,6,IND+LNP+ALP
Curtin,OTH,ALP+GRN+IND+LNP+ON,GRN,589.0,0.2487331081081081,,CURTIN,ALP+GRN+IND+LNP+ON,positive_recipients_validated_against_3cp,False,6,IND+LNP+ALP
Curtin,OTH,ALP+GRN+IND+LNP+ON,ON,348.0,0.1469594594594594,,CURTIN,ALP+GRN+IND+LNP+ON,positive_recipients_validated_against_3cp,False,6,IND+LNP+ALP
Curtin,OTH,ALP+GRN+IND+LNP+ON,IND,584.0,0.2466216216216216,,CURTIN,ALP+GRN+IND+LNP+ON,positive_recipients_validated_against_3cp,False,6,IND+LNP+ALP
Perth,GRN,ALP+LNP,ALP,22549.0,0.878966243081001,,PERTH,ALP+LNP,positive_recipients_validated_against_3cp,False,3,ALP+LNP+GRN
Perth,GRN,ALP+LNP,LNP,3105.0,0.1210337569189989,,PERTH,ALP+LNP,positive_recipients_validated_against_3cp,False,3,ALP+LNP+GRN
Perth,ON,ALP+GRN+LNP,ALP,854.0,0.1352121595946801,,PERTH,ALP+GRN+LNP,positive_recipients_validated_against_3cp,False,4,ALP+LNP+GRN
Perth,ON,ALP+GRN+LNP,LNP,4275.0,0.6768524382520583,,PERTH,ALP+GRN+LNP,positive_recipients_validated_against_3cp,False,4,ALP+LNP+GRN
Perth,ON,ALP+GRN+LNP,GRN,1187.0,0.1879354021532615,,PERTH,ALP+GRN+LNP,positive_recipients_validated_against_3cp,False,4,ALP+LNP+GRN
Fremantle,LNP,ALP+IND,ALP,5933.0,0.2560196772244757,,FREMANTLE,ALP+IND,positive_recipients_validated_against_3cp,False,3,ALP+IND+LNP
Fremantle,LNP,ALP+IND,IND,17241.0,0.7439803227755243,,FREMANTLE,ALP+IND,positive_recipients_validated_against_3cp,False,3,ALP+IND+LNP
Fremantle,GRN,ALP+IND+LNP,ALP,5563.0,0.4350172036284016,,FREMANTLE,ALP+IND+LNP,positive_recipients_validated_against_3cp,False,4,ALP+IND+LNP
Fremantle,GRN,ALP+IND+LNP,LNP,660.0,0.0516108852048795,,FREMANTLE,ALP+IND+LNP,positive_recipients_validated_against_3cp,False,4,ALP+IND+LNP
Fremantle,GRN,ALP+IND+LNP,IND,6565.0,0.5133719111667188,,FREMANTLE,ALP+IND+LNP,positive_recipients_validated_against_3cp,False,4,ALP+IND+LNP
Fremantle,ON,ALP+GRN+IND+LNP,ALP,558.0,0.0844942459115687,,FREMANTLE,ALP+GRN+IND+LNP,positive_recipients_validated_against_3cp,False,5,ALP+IND+LNP
Fremantle,ON,ALP+GRN+IND+LNP,LNP,3145.0,0.4762265293761357,,FREMANTLE,ALP+GRN+IND+LNP,positive_recipients_validated_against_3cp,False,5,ALP+IND+LNP
Fremantle,ON,ALP+GRN+IND+LNP,GRN,458.0,0.0693519079345851,,FREMANTLE,ALP+GRN+IND+LNP,positive_recipients_validated_against_3cp,False,5,ALP+IND+LNP
Fremantle,ON,ALP+GRN+IND+LNP,IND,2443.0,0.3699273167777104,,FREMANTLE,ALP+GRN+IND+LNP,positive_recipients_validated_against_3cp,False,5,ALP+IND+LNP
Fremantle,OTH,ALP+GRN+IND+LNP+ON,ALP,284.0,0.14931650893796,,FREMANTLE,ALP+GRN+IND+LNP+ON,positive_recipients_validated_against_3cp,False,6,ALP+IND+LNP
Fremantle,OTH,ALP+GRN+IND+LNP+ON,LNP,115.0,0.0604626708727655,,FREMANTLE,ALP+GRN+IND+LNP+ON,positive_recipients_validated_against_3cp,False,6,ALP+IND+LNP
Fremantle,OTH,ALP+GRN+IND+LNP+ON,GRN,528.0,0.277602523659306,,FREMANTLE,ALP+GRN+IND+LNP+ON,positive_recipients_validated_against_3cp,False,6,ALP+IND+LNP
Fremantle,OTH,ALP+GRN+IND+LNP+ON,ON,359.0,0.1887486855941114,,FREMANTLE,ALP+GRN+IND+LNP+ON,positive_recipients_validated_against_3cp,False,6,ALP+IND+LNP
Fremantle,OTH,ALP+GRN+IND+LNP+ON,IND,616.0,0.323869610935857,,FREMANTLE,ALP+GRN+IND+LNP+ON,positive_recipients_validated_against_3cp,False,6,ALP+IND+LNP
Swan,GRN,ALP+LNP,ALP,17974.0,0.8596298244774977,,SWAN,ALP+LNP,positive_recipients_validated_against_3cp,False,3,ALP+LNP+GRN
Swan,GRN,ALP+LNP,LNP,2935.0,0.1403701755225022,,SWAN,ALP+LNP,positive_recipients_validated_against_3cp,False,3,ALP+LNP+GRN
Swan,ON,ALP+GRN+LNP,ALP,1035.0,0.1447350020976087,,SWAN,ALP+GRN+LNP,positive_recipients_validated_against_3cp,False,4,ALP+LNP+GRN
Swan,ON,ALP+GRN+LNP,LNP,4486.0,0.6273248496713746,,SWAN,ALP+GRN+LNP,positive_recipients_validated_against_3cp,False,4,ALP+LNP+GRN
Swan,ON,ALP+GRN+LNP,GRN,1630.0,0.2279401482310166,,SWAN,ALP+GRN+LNP,positive_recipients_validated_against_3cp,False,4,ALP+LNP+GRN
Swan,OTH,ALP+GRN+LNP+ON,ALP,1982.0,0.26082379260429,,SWAN,ALP+GRN+LNP+ON,positive_recipients_validated_against_3cp,False,5,ALP+LNP+GRN
Swan,OTH,ALP+GRN+LNP+ON,LNP,1504.0,0.1979207790498749,,SWAN,ALP+GRN+LNP+ON,positive_recipients_validated_against_3cp,False,5,ALP+LNP+GRN
Swan,OTH,ALP+GRN+LNP+ON,GRN,2093.0,0.2754309777602316,,SWAN,ALP+GRN+LNP+ON,positive_recipients_validated_against_3cp,False,5,ALP+LNP+GRN
Swan,OTH,ALP+GRN+LNP+ON,ON,2020.0,0.2658244505856034,,SWAN,ALP+GRN+LNP+ON,positive_recipients_validated_against_3cp,False,5,ALP+LNP+GRN
Tangney,GRN,ALP+LNP,ALP,13696.0,0.7921341816078659,,TANGNEY,ALP+LNP,positive_recipients_validated_against_3cp,False,3,ALP+LNP+GRN
Tangney,GRN,ALP+LNP,LNP,3594.0,0.2078658183921342,,TANGNEY,ALP+LNP,positive_recipients_validated_against_3cp,False,3,ALP+LNP+GRN
Tangney,ON,ALP+GRN+LNP,ALP,895.0,0.1449392712550607,,TANGNEY,ALP+GRN+LNP,positive_recipients_validated_against_3cp,False,4,ALP+LNP+GRN
Tangney,ON,ALP+GRN+LNP,LNP,3943.0,0.6385425101214575,,TANGNEY,ALP+GRN+LNP,positive_recipients_validated_against_3cp,False,4,ALP+LNP+GRN
Tangney,ON,ALP+GRN+LNP,GRN,1337.0,0.2165182186234817,,TANGNEY,ALP+GRN+LNP,positive_recipients_validated_against_3cp,False,4,ALP+LNP+GRN
Tangney,OTH,ALP+GRN+LNP+ON,ALP,1487.0,0.216795451231958,,TANGNEY,ALP+GRN+LNP+ON,positive_recipients_validated_against_3cp,False,5,ALP+LNP+GRN
Tangney,OTH,ALP+GRN+LNP+ON,LNP,2174.0,0.3169558244642076,,TANGNEY,ALP+GRN+LNP+ON,positive_recipients_validated_against_3cp,False,5,ALP+LNP+GRN
Tangney,OTH,ALP+GRN+LNP+ON,GRN,1543.0,0.2249599066919376,,TANGNEY,ALP+GRN+LNP+ON,positive_recipients_validated_against_3cp,False,5,ALP+LNP+GRN
Tangney,OTH,ALP+GRN+LNP+ON,ON,1655.0,0.2412888176118967,,TANGNEY,ALP+GRN+LNP+ON,positive_recipients_validated_against_3cp,False,5,ALP+LNP+GRN
Bullwinkel**,GRN,ALP+LNP,ALP,10275.0,0.687935190144617,,BULLWINKEL,ALP+LNP,positive_recipients_validated_against_3cp,False,3,ALP+LNP+GRN
Bullwinkel**,GRN,ALP+LNP,LNP,4661.0,0.312064809855383,,BULLWINKEL,ALP+LNP,positive_recipients_validated_against_3cp,False,3,ALP+LNP+GRN
Bullwinkel**,ON,ALP+GRN+LNP,ALP,1150.0,0.0950256156007271,,BULLWINKEL,ALP+GRN+LNP,positive_recipients_validated_against_3cp,False,4,ALP+LNP+GRN
Bullwinkel**,ON,ALP+GRN+LNP,LNP,9527.0,0.7872252520244588,,BULLWINKEL,ALP+GRN+LNP,positive_recipients_validated_against_3cp,False,4,ALP+LNP+GRN
Bullwinkel**,ON,ALP+GRN+LNP,GRN,1425.0,0.117749132374814,,BULLWINKEL,ALP+GRN+LNP,positive_recipients_validated_against_3cp,False,4,ALP+LNP+GRN
Bullwinkel**,OTH,ALP+GRN+LNP+ON,ALP,1345.0,0.1573283424961984,,BULLWINKEL,ALP+GRN+LNP+ON,positive_recipients_validated_against_3cp,False,5,ALP+LNP+GRN
Bullwinkel**,OTH,ALP+GRN+LNP+ON,LNP,2330.0,0.2725464966662768,,BULLWINKEL,ALP+GRN+LNP+ON,positive_recipients_validated_against_3cp,False,5,ALP+LNP+GRN
Bullwinkel**,OTH,ALP+GRN+LNP+ON,GRN,1783.0,0.2085624049596444,,BULLWINKEL,ALP+GRN+LNP+ON,positive_recipients_validated_against_3cp,False,5,ALP+LNP+GRN
Bullwinkel**,OTH,ALP+GRN+LNP+ON,ON,3091.0,0.3615627558778804,,BULLWINKEL,ALP+GRN+LNP+ON,positive_recipients_validated_against_3cp,False,5,ALP+LNP+GRN
Hasluck,GRN,ALP+LNP,ALP,12934.0,0.7700643010240533,,HASLUCK,ALP+LNP,positive_recipients_validated_against_3cp,False,3,ALP+LNP+GRN
Hasluck,GRN,ALP+LNP,LNP,3862.0,0.2299356989759466,,HASLUCK,ALP+LNP,positive_recipients_validated_against_3cp,False,3,ALP+LNP+GRN
Hasluck,ON,ALP+GRN+LNP,ALP,1840.0,0.182557793431888,,HASLUCK,ALP+GRN+LNP,positive_recipients_validated_against_3cp,False,4,ALP+LNP+GRN
Hasluck,ON,ALP+GRN+LNP,LNP,5633.0,0.5588848100009922,,HASLUCK,ALP+GRN+LNP,positive_recipients_validated_against_3cp,False,4,ALP+LNP+GRN
Hasluck,ON,ALP+GRN+LNP,GRN,2606.0,0.2585573965671197,,HASLUCK,ALP+GRN+LNP,positive_recipients_validated_against_3cp,False,4,ALP+LNP+GRN
Hasluck,OTH,ALP+GRN+LNP+ON,ALP,2062.0,0.2238141756214045,,HASLUCK,ALP+GRN+LNP+ON,positive_recipients_validated_against_3cp,False,5,ALP+LNP+GRN
Hasluck,OTH,ALP+GRN+LNP+ON,LNP,1844.0,0.2001519591881037,,HASLUCK,ALP+GRN+LNP+ON,positive_recipients_validated_against_3cp,False,5,ALP+LNP+GRN
Hasluck,OTH,ALP+GRN+LNP+ON,GRN,2278.0,0.2472593075002713,,HASLUCK,ALP+GRN+LNP+ON,positive_recipients_validated_against_3cp,False,5,ALP+LNP+GRN
Hasluck,OTH,ALP+GRN+LNP+ON,ON,3029.0,0.3287745576902203,,HASLUCK,ALP+GRN+LNP+ON,positive_recipients_validated_against_3cp,False,5,ALP+LNP+GRN
Pearce,GRN,ALP+LNP,ALP,12271.0,0.6869122257053292,,PEARCE,ALP+LNP,positive_recipients_validated_against_3cp,False,3,ALP+LNP+GRN
Pearce,GRN,ALP+LNP,LNP,5593.0,0.3130877742946708,,PEARCE,ALP+LNP,positive_recipients_validated_against_3cp,False,3,ALP+LNP+GRN
Pearce,ON,ALP+GRN+LNP,ALP,1967.0,0.1656002694056238,,PEARCE,ALP+GRN+LNP,positive_recipients_validated_against_3cp,False,4,ALP+LNP+GRN
Pearce,ON,ALP+GRN+LNP,LNP,6717.0,0.5654992422966829,,PEARCE,ALP+GRN+LNP,positive_recipients_validated_against_3cp,False,4,ALP+LNP+GRN
Pearce,ON,ALP+GRN+LNP,GRN,3194.0,0.2689004882976932,,PEARCE,ALP+GRN+LNP,positive_recipients_validated_against_3cp,False,4,ALP+LNP+GRN
Pearce,OTH,ALP+GRN+LNP+ON,ALP,1819.0,0.1804205514778813,,PEARCE,ALP+GRN+LNP+ON,positive_recipients_validated_against_3cp,False,5,ALP+LNP+GRN
Pearce,OTH,ALP+GRN+LNP+ON,LNP,2444.0,0.2424122197976592,,PEARCE,ALP+GRN+LNP+ON,positive_recipients_validated_against_3cp,False,5,ALP+LNP+GRN
Pearce,OTH,ALP+GRN+LNP+ON,GRN,3030.0,0.3005356080142828,,PEARCE,ALP+GRN+LNP+ON,positive_recipients_validated_against_3cp,False,5,ALP+LNP+GRN
Pearce,OTH,ALP+GRN+LNP+ON,ON,2789.0,0.2766316207101765,,PEARCE,ALP+GRN+LNP+ON,positive_recipients_validated_against_3cp,False,5,ALP+LNP+GRN
Moore,GRN,ALP+IND+LNP,ALP,10864.0,0.7312378003634651,,MOORE,ALP+IND+LNP,positive_recipients_validated_against_3cp,False,4,ALP+LNP+IND
Moore,GRN,ALP+IND+LNP,LNP,1649.0,0.110991451840883,,MOORE,ALP+IND+LNP,positive_recipients_validated_against_3cp,False,4,ALP+LNP+IND
Moore,GRN,ALP+IND+LNP,IND,2344.0,0.1577707477956519,,MOORE,ALP+IND+LNP,positive_recipients_validated_against_3cp,False,4,ALP+LNP+IND
Moore,ON,ALP+GRN+IND+LNP+OTH,ALP,374.0,0.0545428029750619,,MOORE,ALP+GRN+IND+LNP+OTH,positive_recipients_validated_against_3cp,False,6,ALP+LNP+IND
Moore,ON,ALP+GRN+IND+LNP+OTH,LNP,2923.0,0.4262797141607117,,MOORE,ALP+GRN+IND+LNP+OTH,positive_recipients_validated_against_3cp,False,6,ALP+LNP+IND
Moore,ON,ALP+GRN+IND+LNP+OTH,GRN,489.0,0.0713139857080355,,MOORE,ALP+GRN+IND+LNP+OTH,positive_recipients_validated_against_3cp,False,6,ALP+LNP+IND
Moore,ON,ALP+GRN+IND+LNP+OTH,IND,1257.0,0.183316319089981,,MOORE,ALP+GRN+IND+LNP+OTH,positive_recipients_validated_against_3cp,False,6,ALP+LNP+IND
Moore,ON,ALP+GRN+IND+LNP+OTH,OTH,1814.0,0.2645471780662097,,MOORE,ALP+GRN+IND+LNP+OTH,positive_recipients_validated_against_3cp,False,6,ALP+LNP+IND
Moore,IND,ALP+LNP,ALP,7988.0,0.4548974943052392,,MOORE,ALP+LNP,positive_recipients_validated_against_3cp,False,3,ALP+LNP+IND
Moore,IND,ALP+LNP,LNP,9572.0,0.5451025056947608,,MOORE,ALP+LNP,positive_recipients_validated_against_3cp,False,3,ALP+LNP+IND
Moore,OTH,ALP+GRN+IND+LNP+ON,ALP,2311.0,0.1636106194690265,,MOORE,ALP+GRN+IND+LNP+ON,positive_recipients_validated_against_3cp,False,5,ALP+LNP+IND
Moore,OTH,ALP+GRN+IND+LNP+ON,LNP,3456.0,0.2446725663716814,,MOORE,ALP+GRN+IND+LNP+ON,positive_recipients_validated_against_3cp,False,5,ALP+LNP+IND
Moore,OTH,ALP+GRN+IND+LNP+ON,GRN,2635.0,0.1865486725663716,,MOORE,ALP+GRN+IND+LNP+ON,positive_recipients_validated_against_3cp,False,5,ALP+LNP+IND
Moore,OTH,ALP+GRN+IND+LNP+ON,ON,2017.0,0.1427964601769911,,MOORE,ALP+GRN+IND+LNP+ON,positive_recipients_validated_against_3cp,False,5,ALP+LNP+IND
Moore,OTH,ALP+GRN+IND+LNP+ON,IND,3706.0,0.2623716814159292,,MOORE,ALP+GRN+IND+LNP+ON,positive_recipients_validated_against_3cp,False,5,ALP+LNP+IND
Brand,GRN,ALP+LNP,ALP,14796.0,0.7811213177066836,,BRAND,ALP+LNP,positive_recipients_validated_against_3cp,False,3,ALP+LNP+GRN
Brand,GRN,ALP+LNP,LNP,4146.0,0.2188786822933164,,BRAND,ALP+LNP,positive_recipients_validated_against_3cp,False,3,ALP+LNP+GRN
Brand,ON,ALP+GRN+LNP,ALP,2828.0,0.199675210054367,,BRAND,ALP+GRN+LNP,positive_recipients_validated_against_3cp,False,4,ALP+LNP+GRN
Brand,ON,ALP+GRN+LNP,LNP,7404.0,0.5227705994492692,,BRAND,ALP+GRN+LNP,positive_recipients_validated_against_3cp,False,4,ALP+LNP+GRN
Brand,ON,ALP+GRN+LNP,GRN,3931.0,0.2775541904963637,,BRAND,ALP+GRN+LNP,positive_recipients_validated_against_3cp,False,4,ALP+LNP+GRN
Brand,OTH,ALP+GRN+LNP+ON,ALP,2128.0,0.2681789540012602,,BRAND,ALP+GRN+LNP+ON,positive_recipients_validated_against_3cp,False,5,ALP+LNP+GRN
Brand,OTH,ALP+GRN+LNP+ON,LNP,1005.0,0.1266540642722117,,BRAND,ALP+GRN+LNP+ON,positive_recipients_validated_against_3cp,False,5,ALP+LNP+GRN
Brand,OTH,ALP+GRN+LNP+ON,GRN,2599.0,0.3275362318840579,,BRAND,ALP+GRN+LNP+ON,positive_recipients_validated_against_3cp,False,5,ALP+LNP+GRN
Brand,OTH,ALP+GRN+LNP+ON,ON,2203.0,0.27763074984247,,BRAND,ALP+GRN+LNP+ON,positive_recipients_validated_against_3cp,False,5,ALP+LNP+GRN
Burt,GRN,ALP+LNP+ON,ALP,10696.0,0.763781776635247,,BURT,ALP+LNP+ON,positive_recipients_validated_against_3cp,False,4,ALP+LNP+ON
Burt,GRN,ALP+LNP+ON,LNP,1535.0,0.1096115395601256,,BURT,ALP+LNP+ON,positive_recipients_validated_against_3cp,False,4,ALP+LNP+ON
Burt,GRN,ALP+LNP+ON,ON,1773.0,0.1266066838046272,,BURT,ALP+LNP+ON,positive_recipients_validated_against_3cp,False,4,ALP+LNP+ON
Burt,ON,ALP+LNP,ALP,4653.0,0.2932871099905452,,BURT,ALP+LNP,positive_recipients_validated_against_3cp,False,3,ALP+LNP+ON
Burt,ON,ALP+LNP,LNP,11212.0,0.7067128900094548,,BURT,ALP+LNP,positive_recipients_validated_against_3cp,False,3,ALP+LNP+ON
Burt,IND,ALP+GRN+LNP+ON+OTH,ALP,521.0,0.2423255813953488,,BURT,ALP+GRN+LNP+ON+OTH,positive_recipients_validated_against_3cp,False,6,ALP+LNP+ON
Burt,IND,ALP+GRN+LNP+ON+OTH,LNP,227.0,0.1055813953488372,,BURT,ALP+GRN+LNP+ON+OTH,positive_recipients_validated_against_3cp,False,6,ALP+LNP+ON
Burt,IND,ALP+GRN+LNP+ON+OTH,GRN,340.0,0.1581395348837209,,BURT,ALP+GRN+LNP+ON+OTH,positive_recipients_validated_against_3cp,False,6,ALP+LNP+ON
Burt,IND,ALP+GRN+LNP+ON+OTH,ON,279.0,0.1297674418604651,,BURT,ALP+GRN+LNP+ON+OTH,positive_recipients_validated_against_3cp,False,6,ALP+LNP+ON
Burt,IND,ALP+GRN+LNP+ON+OTH,OTH,783.0,0.3641860465116279,,BURT,ALP+GRN+LNP+ON+OTH,positive_recipients_validated_against_3cp,False,6,ALP+LNP+ON
Burt,OTH,ALP+GRN+LNP+ON,ALP,2852.0,0.2547110833258909,,BURT,ALP+GRN+LNP+ON,positive_recipients_validated_against_3cp,False,5,ALP+LNP+ON
Burt,OTH,ALP+GRN+LNP+ON,LNP,1993.0,0.1779941055639903,,BURT,ALP+GRN+LNP+ON,positive_recipients_validated_against_3cp,False,5,ALP+LNP+ON
Burt,OTH,ALP+GRN+LNP+ON,GRN,2328.0,0.2079128337947664,,BURT,ALP+GRN+LNP+ON,positive_recipients_validated_against_3cp,False,5,ALP+LNP+ON
Burt,OTH,ALP+GRN+LNP+ON,ON,4024.0,0.3593819773153523,,BURT,ALP+GRN+LNP+ON,positive_recipients_validated_against_3cp,False,5,ALP+LNP+ON
Canning,GRN,ALP+LNP+ON,ALP,7708.0,0.6877230549607424,,CANNING,ALP+LNP+ON,positive_recipients_validated_against_3cp,False,4,LNP+ALP+ON
Canning,GRN,ALP+LNP+ON,LNP,1427.0,0.1273197715917202,,CANNING,ALP+LNP+ON,positive_recipients_validated_against_3cp,False,4,LNP+ALP+ON
Canning,GRN,ALP+LNP+ON,ON,2073.0,0.1849571734475374,,CANNING,ALP+LNP+ON,positive_recipients_validated_against_3cp,False,4,LNP+ALP+ON
Canning,ON,ALP+LNP,ALP,4330.0,0.273721474176623,,CANNING,ALP+LNP,positive_recipients_validated_against_3cp,False,3,LNP+ALP+ON
Canning,ON,ALP+LNP,LNP,11489.0,0.7262785258233769,,CANNING,ALP+LNP,positive_recipients_validated_against_3cp,False,3,LNP+ALP+ON
Canning,OTH,ALP+GRN+LNP+ON,ALP,1594.0,0.2183561643835616,,CANNING,ALP+GRN+LNP+ON,positive_recipients_validated_against_3cp,False,5,LNP+ALP+ON
Canning,OTH,ALP+GRN+LNP+ON,LNP,1207.0,0.1653424657534246,,CANNING,ALP+GRN+LNP+ON,positive_recipients_validated_against_3cp,False,5,LNP+ALP+ON
Canning,OTH,ALP+GRN+LNP+ON,GRN,2241.0,0.306986301369863,,CANNING,ALP+GRN+LNP+ON,positive_recipients_validated_against_3cp,False,5,LNP+ALP+ON
Canning,OTH,ALP+GRN+LNP+ON,ON,2258.0,0.3093150684931506,,CANNING,ALP+GRN+LNP+ON,positive_recipients_validated_against_3cp,False,5,LNP+ALP+ON
Durack,GRN,ALP+LNP+ON,ALP,6100.0,0.6515701773125401,,DURACK,ALP+LNP+ON,positive_recipients_validated_against_3cp,False,4,LNP+ALP+ON
Durack,GRN,ALP+LNP+ON,LNP,2424.0,0.2589190343943602,,DURACK,ALP+LNP+ON,positive_recipients_validated_against_3cp,False,4,LNP+ALP+ON
Durack,GRN,ALP+LNP+ON,ON,838.0,0.0895107882930997,,DURACK,ALP+LNP+ON,positive_recipients_validated_against_3cp,False,4,LNP+ALP+ON
Durack,ON,ALP+LNP,ALP,1590.0,0.1248135646440066,,DURACK,ALP+LNP,positive_recipients_validated_against_3cp,False,3,LNP+ALP+ON
Durack,ON,ALP+LNP,LNP,11149.0,0.8751864353559934,,DURACK,ALP+LNP,positive_recipients_validated_against_3cp,False,3,LNP+ALP+ON
Durack,OTH,ALP+GRN+LNP+ON,ALP,1865.0,0.1789312098244267,,DURACK,ALP+GRN+LNP+ON,positive_recipients_validated_against_3cp,False,5,LNP+ALP+ON
Durack,OTH,ALP+GRN+LNP+ON,LNP,3359.0,0.3222680610189005,,DURACK,ALP+GRN+LNP+ON,positive_recipients_validated_against_3cp,False,5,LNP+ALP+ON
Durack,OTH,ALP+GRN+LNP+ON,GRN,2166.0,0.2078096517317471,,DURACK,ALP+GRN+LNP+ON,positive_recipients_validated_against_3cp,False,5,LNP+ALP+ON
Durack,OTH,ALP+GRN+LNP+ON,ON,3033.0,0.2909910774249256,,DURACK,ALP+GRN+LNP+ON,positive_recipients_validated_against_3cp,False,5,LNP+ALP+ON
O'Connor,GRN,ALP+LNP+ON,ALP,7690.0,0.6260685500284947,,O'CONNOR,ALP+LNP+ON,positive_recipients_validated_against_3cp,False,4,LNP+ALP+ON
O'Connor,GRN,ALP+LNP+ON,LNP,3753.0,0.3055442481478466,,O'CONNOR,ALP+LNP+ON,positive_recipients_validated_against_3cp,False,4,LNP+ALP+ON
O'Connor,GRN,ALP+LNP+ON,ON,840.0,0.0683872018236587,,O'CONNOR,ALP+LNP+ON,positive_recipients_validated_against_3cp,False,4,LNP+ALP+ON
O'Connor,ON,ALP+LNP,ALP,1725.0,0.1082454819277108,,O'CONNOR,ALP+LNP,positive_recipients_validated_against_3cp,False,3,LNP+ALP+ON
O'Connor,ON,ALP+LNP,LNP,14211.0,0.8917545180722891,,O'CONNOR,ALP+LNP,positive_recipients_validated_against_3cp,False,3,LNP+ALP+ON
O'Connor,OTH,ALP+GRN+LNP+ON,ALP,1195.0,0.1120172478440195,,O'CONNOR,ALP+GRN+LNP+ON,positive_recipients_validated_against_3cp,False,5,LNP+ALP+ON
O'Connor,OTH,ALP+GRN+LNP+ON,LNP,3161.0,0.2963067116610424,,O'CONNOR,ALP+GRN+LNP+ON,positive_recipients_validated_against_3cp,False,5,LNP+ALP+ON
O'Connor,OTH,ALP+GRN+LNP+ON,GRN,2269.0,0.212692163479565,,O'CONNOR,ALP+GRN+LNP+ON,positive_recipients_validated_against_3cp,False,5,LNP+ALP+ON
O'Connor,OTH,ALP+GRN+LNP+ON,ON,4043.0,0.378983877015373,,O'CONNOR,ALP+GRN+LNP+ON,positive_recipients_validated_against_3cp,False,5,LNP+ALP+ON
Forrest,GRN,ALP+IND+LNP+ON,ALP,4222.0,0.4546139765263271,,FORREST,ALP+IND+LNP+ON,positive_recipients_validated_against_3cp,False,5,LNP+ALP+IND
Forrest,GRN,ALP+IND+LNP+ON,LNP,684.0,0.0736513405836115,,FORREST,ALP+IND+LNP+ON,positive_recipients_validated_against_3cp,False,5,LNP+ALP+IND
Forrest,GRN,ALP+IND+LNP+ON,ON,553.0,0.0595456013782707,,FORREST,ALP+IND+LNP+ON,positive_recipients_validated_against_3cp,False,5,LNP+ALP+IND
Forrest,GRN,ALP+IND+LNP+ON,IND,3828.0,0.4121890815117907,,FORREST,ALP+IND+LNP+ON,positive_recipients_validated_against_3cp,False,5,LNP+ALP+IND
Forrest,ON,ALP+IND+LNP,ALP,1175.0,0.0963904840032813,,FORREST,ALP+IND+LNP,positive_recipients_validated_against_3cp,False,4,LNP+ALP+IND
Forrest,ON,ALP+IND+LNP,LNP,6624.0,0.5433962264150943,,FORREST,ALP+IND+LNP,positive_recipients_validated_against_3cp,False,4,LNP+ALP+IND
Forrest,ON,ALP+IND+LNP,IND,4391.0,0.3602132895816243,,FORREST,ALP+IND+LNP,positive_recipients_validated_against_3cp,False,4,LNP+ALP+IND
Forrest,IND,ALP+LNP,ALP,18514.0,0.6557574469592321,,FORREST,ALP+LNP,positive_recipients_validated_against_3cp,False,3,LNP+ALP+IND
Forrest,IND,ALP+LNP,LNP,9719.0,0.3442425530407679,,FORREST,ALP+LNP,positive_recipients_validated_against_3cp,False,3,LNP+ALP+IND
Forrest,OTH,ALP+GRN+IND+LNP+ON,ALP,934.0,0.1346015275976365,,FORREST,ALP+GRN+IND+LNP+ON,positive_recipients_validated_against_3cp,False,6,LNP+ALP+IND
Forrest,OTH,ALP+GRN+IND+LNP+ON,LNP,1261.0,0.1817264735552673,,FORREST,ALP+GRN+IND+LNP+ON,positive_recipients_validated_against_3cp,False,6,LNP+ALP+IND
Forrest,OTH,ALP+GRN+IND+LNP+ON,GRN,1279.0,0.1843205072777057,,FORREST,ALP+GRN+IND+LNP+ON,positive_recipients_validated_against_3cp,False,6,LNP+ALP+IND
Forrest,OTH,ALP+GRN+IND+LNP+ON,ON,2116.0,0.3049430753710909,,FORREST,ALP+GRN+IND+LNP+ON,positive_recipients_validated_against_3cp,False,6,LNP+ALP+IND
Forrest,OTH,ALP+GRN+IND+LNP+ON,IND,1349.0,0.1944084161982994,,FORREST,ALP+GRN+IND+LNP+ON,positive_recipients_validated_against_3cp,False,6,LNP+ALP+IND
Adelaide,GRN,ALP+LNP,ALP,22560.0,0.8917348511798885,,ADELAIDE,ALP+LNP,positive_recipients_validated_against_3cp,False,3,ALP+LNP+GRN
Adelaide,GRN,ALP+LNP,LNP,2739.0,0.1082651488201114,,ADELAIDE,ALP+LNP,positive_recipients_validated_against_3cp,False,3,ALP+LNP+GRN
Adelaide,ON,ALP+GRN+LNP,ALP,1164.0,0.176443838108231,,ADELAIDE,ALP+GRN+LNP,positive_recipients_validated_against_3cp,False,4,ALP+LNP+GRN
Adelaide,ON,ALP+GRN+LNP,LNP,4102.0,0.621797786872821,,ADELAIDE,ALP+GRN+LNP,positive_recipients_validated_against_3cp,False,4,ALP+LNP+GRN
Adelaide,ON,ALP+GRN+LNP,GRN,1331.0,0.201758375018948,,ADELAIDE,ALP+GRN+LNP,positive_recipients_validated_against_3cp,False,4,ALP+LNP+GRN
Adelaide,OTH,ALP+GRN+LNP+ON,ALP,2036.0,0.2805953693495038,,ADELAIDE,ALP+GRN+LNP+ON,positive_recipients_validated_against_3cp,False,5,ALP+LNP+GRN
Adelaide,OTH,ALP+GRN+LNP+ON,LNP,881.0,0.1214167585446527,,ADELAIDE,ALP+GRN+LNP+ON,positive_recipients_validated_against_3cp,False,5,ALP+LNP+GRN
Adelaide,OTH,ALP+GRN+LNP+ON,GRN,2326.0,0.3205622932745314,,ADELAIDE,ALP+GRN+LNP+ON,positive_recipients_validated_against_3cp,False,5,ALP+LNP+GRN
Adelaide,OTH,ALP+GRN+LNP+ON,ON,2013.0,0.277425578831312,,ADELAIDE,ALP+GRN+LNP+ON,positive_recipients_validated_against_3cp,False,5,ALP+LNP+GRN
Hindmarsh,GRN,ALP+LNP,ALP,16588.0,0.8414751686704205,,HINDMARSH,ALP+LNP,positive_recipients_validated_against_3cp,False,3,ALP+LNP+GRN
Hindmarsh,GRN,ALP+LNP,LNP,3125.0,0.1585248313295794,,HINDMARSH,ALP+LNP,positive_recipients_validated_against_3cp,False,3,ALP+LNP+GRN
Hindmarsh,ON,ALP+GRN+LNP,ALP,1900.0,0.1756981690401331,,HINDMARSH,ALP+GRN+LNP,positive_recipients_validated_against_3cp,False,4,ALP+LNP+GRN
Hindmarsh,ON,ALP+GRN+LNP,LNP,6818.0,0.6304790086924358,,HINDMARSH,ALP+GRN+LNP,positive_recipients_validated_against_3cp,False,4,ALP+LNP+GRN
Hindmarsh,ON,ALP+GRN+LNP,GRN,2096.0,0.1938228222674311,,HINDMARSH,ALP+GRN+LNP,positive_recipients_validated_against_3cp,False,4,ALP+LNP+GRN
Hindmarsh,IND,ALP+GRN+LNP+ON+OTH,ALP,500.0,0.2347417840375587,,HINDMARSH,ALP+GRN+LNP+ON+OTH,positive_recipients_validated_against_3cp,False,6,ALP+LNP+GRN
Hindmarsh,IND,ALP+GRN+LNP+ON+OTH,LNP,287.0,0.1347417840375586,,HINDMARSH,ALP+GRN+LNP+ON+OTH,positive_recipients_validated_against_3cp,False,6,ALP+LNP+GRN
Hindmarsh,IND,ALP+GRN+LNP+ON+OTH,GRN,608.0,0.2854460093896713,,HINDMARSH,ALP+GRN+LNP+ON+OTH,positive_recipients_validated_against_3cp,False,6,ALP+LNP+GRN
Hindmarsh,IND,ALP+GRN+LNP+ON+OTH,ON,240.0,0.1126760563380281,,HINDMARSH,ALP+GRN+LNP+ON+OTH,positive_recipients_validated_against_3cp,False,6,ALP+LNP+GRN
Hindmarsh,IND,ALP+GRN+LNP+ON+OTH,OTH,495.0,0.2323943661971831,,HINDMARSH,ALP+GRN+LNP+ON+OTH,positive_recipients_validated_against_3cp,False,6,ALP+LNP+GRN
Hindmarsh,OTH,ALP+GRN+IND+LNP+ON,ALP,877.0,0.1864767169891558,,HINDMARSH,ALP+GRN+IND+LNP+ON,positive_recipients_validated_against_3cp,False,5,ALP+LNP+GRN
Hindmarsh,OTH,ALP+GRN+IND+LNP+ON,LNP,719.0,0.152881139698065,,HINDMARSH,ALP+GRN+IND+LNP+ON,positive_recipients_validated_against_3cp,False,5,ALP+LNP+GRN
Hindmarsh,OTH,ALP+GRN+IND+LNP+ON,GRN,1324.0,0.2815224324899,,HINDMARSH,ALP+GRN+IND+LNP+ON,positive_recipients_validated_against_3cp,False,5,ALP+LNP+GRN
Hindmarsh,OTH,ALP+GRN+IND+LNP+ON,ON,1439.0,0.3059749096321497,,HINDMARSH,ALP+GRN+IND+LNP+ON,positive_recipients_validated_against_3cp,False,5,ALP+LNP+GRN
Hindmarsh,OTH,ALP+GRN+IND+LNP+ON,IND,344.0,0.0731448011907293,,HINDMARSH,ALP+GRN+IND+LNP+ON,positive_recipients_validated_against_3cp,False,5,ALP+LNP+GRN
Sturt,GRN,ALP+LNP,ALP,20452.0,0.8559470996902988,,STURT,ALP+LNP,positive_recipients_validated_against_3cp,False,3,ALP+LNP+GRN
Sturt,GRN,ALP+LNP,LNP,3442.0,0.1440529003097012,,STURT,ALP+LNP,positive_recipients_validated_against_3cp,False,3,ALP+LNP+GRN
Sturt,ON,ALP+GRN+IND+LNP,ALP,507.0,0.0842052815146985,,STURT,ALP+GRN+IND+LNP,positive_recipients_validated_against_3cp,False,5,ALP+LNP+GRN
Sturt,ON,ALP+GRN+IND+LNP,LNP,3119.0,0.5180202624148812,,STURT,ALP+GRN+IND+LNP,positive_recipients_validated_against_3cp,False,5,ALP+LNP+GRN
Sturt,ON,ALP+GRN+IND+LNP,GRN,556.0,0.0923434645407739,,STURT,ALP+GRN+IND+LNP,positive_recipients_validated_against_3cp,False,5,ALP+LNP+GRN
Sturt,ON,ALP+GRN+IND+LNP,IND,1839.0,0.3054309915296462,,STURT,ALP+GRN+IND+LNP,positive_recipients_validated_against_3cp,False,5,ALP+LNP+GRN
Sturt,IND,ALP+GRN+LNP,ALP,3485.0,0.3143037518037518,,STURT,ALP+GRN+LNP,positive_recipients_validated_against_3cp,False,4,ALP+LNP+GRN
Sturt,IND,ALP+GRN+LNP,LNP,3036.0,0.2738095238095238,,STURT,ALP+GRN+LNP,positive_recipients_validated_against_3cp,False,4,ALP+LNP+GRN
Sturt,IND,ALP+GRN+LNP,GRN,4567.0,0.4118867243867244,,STURT,ALP+GRN+LNP,positive_recipients_validated_against_3cp,False,4,ALP+LNP+GRN
Sturt,OTH,ALP+GRN+IND+LNP+ON,ALP,549.0,0.1135940409683426,,STURT,ALP+GRN+IND+LNP+ON,positive_recipients_validated_against_3cp,False,6,ALP+LNP+GRN
Sturt,OTH,ALP+GRN+IND+LNP+ON,LNP,986.0,0.2040140699358576,,STURT,ALP+GRN+IND+LNP+ON,positive_recipients_validated_against_3cp,False,6,ALP+LNP+GRN
Sturt,OTH,ALP+GRN+IND+LNP+ON,GRN,476.0,0.0984895510035174,,STURT,ALP+GRN+IND+LNP+ON,positive_recipients_validated_against_3cp,False,6,ALP+LNP+GRN
Sturt,OTH,ALP+GRN+IND+LNP+ON,ON,1986.0,0.4109248913718187,,STURT,ALP+GRN+IND+LNP+ON,positive_recipients_validated_against_3cp,False,6,ALP+LNP+GRN
Sturt,OTH,ALP+GRN+IND+LNP+ON,IND,836.0,0.1729774467204634,,STURT,ALP+GRN+IND+LNP+ON,positive_recipients_validated_against_3cp,False,6,ALP+LNP+GRN
Boothby,GRN,ALP+LNP,ALP,19444.0,0.8808952113441761,,BOOTHBY,ALP+LNP,positive_recipients_validated_against_3cp,False,3,ALP+LNP+GRN
Boothby,GRN,ALP+LNP,LNP,2629.0,0.1191047886558238,,BOOTHBY,ALP+LNP,positive_recipients_validated_against_3cp,False,3,ALP+LNP+GRN
Boothby,ON,ALP+GRN+LNP,ALP,1565.0,0.2376974483596597,,BOOTHBY,ALP+GRN+LNP,positive_recipients_validated_against_3cp,False,4,ALP+LNP+GRN
Boothby,ON,ALP+GRN+LNP,LNP,3628.0,0.5510328068043743,,BOOTHBY,ALP+GRN+LNP,positive_recipients_validated_against_3cp,False,4,ALP+LNP+GRN
Boothby,ON,ALP+GRN+LNP,GRN,1391.0,0.2112697448359659,,BOOTHBY,ALP+GRN+LNP,positive_recipients_validated_against_3cp,False,4,ALP+LNP+GRN
Boothby,OTH,ALP+GRN+LNP+ON,ALP,674.0,0.1203356543474379,,BOOTHBY,ALP+GRN+LNP+ON,positive_recipients_validated_against_3cp,False,5,ALP+LNP+GRN
Boothby,OTH,ALP+GRN+LNP+ON,LNP,1267.0,0.2262096054276022,,BOOTHBY,ALP+GRN+LNP+ON,positive_recipients_validated_against_3cp,False,5,ALP+LNP+GRN
Boothby,OTH,ALP+GRN+LNP+ON,GRN,636.0,0.1135511515800749,,BOOTHBY,ALP+GRN+LNP+ON,positive_recipients_validated_against_3cp,False,5,ALP+LNP+GRN
Boothby,OTH,ALP+GRN+LNP+ON,ON,3024.0,0.5399035886448849,,BOOTHBY,ALP+GRN+LNP+ON,positive_recipients_validated_against_3cp,False,5,ALP+LNP+GRN
Kingston,GRN,ALP+LNP,ALP,16069.0,0.8216915524647167,,KINGSTON,ALP+LNP,positive_recipients_validated_against_3cp,False,3,ALP+LNP+GRN
Kingston,GRN,ALP+LNP,LNP,3487.0,0.1783084475352833,,KINGSTON,ALP+LNP,positive_recipients_validated_against_3cp,False,3,ALP+LNP+GRN
Kingston,ON,ALP+GRN+LNP,ALP,2245.0,0.1967572304995617,,KINGSTON,ALP+GRN+LNP,positive_recipients_validated_against_3cp,False,4,ALP+LNP+GRN
Kingston,ON,ALP+GRN+LNP,LNP,6759.0,0.5923751095530236,,KINGSTON,ALP+GRN+LNP,positive_recipients_validated_against_3cp,False,4,ALP+LNP+GRN
Kingston,ON,ALP+GRN+LNP,GRN,2406.0,0.2108676599474145,,KINGSTON,ALP+GRN+LNP,positive_recipients_validated_against_3cp,False,4,ALP+LNP+GRN
Kingston,OTH,ALP+GRN+LNP+ON,ALP,1649.0,0.1686783960720131,,KINGSTON,ALP+GRN+LNP+ON,positive_recipients_validated_against_3cp,False,5,ALP+LNP+GRN
Kingston,OTH,ALP+GRN+LNP+ON,LNP,1734.0,0.1773731587561375,,KINGSTON,ALP+GRN+LNP+ON,positive_recipients_validated_against_3cp,False,5,ALP+LNP+GRN
Kingston,OTH,ALP+GRN+LNP+ON,GRN,2001.0,0.2046849427168576,,KINGSTON,ALP+GRN+LNP+ON,positive_recipients_validated_against_3cp,False,5,ALP+LNP+GRN
Kingston,OTH,ALP+GRN+LNP+ON,ON,4392.0,0.4492635024549918,,KINGSTON,ALP+GRN+LNP+ON,positive_recipients_validated_against_3cp,False,5,ALP+LNP+GRN
Makin,GRN,ALP+LNP,ALP,13992.0,0.7122423008399084,,MAKIN,ALP+LNP,positive_recipients_validated_against_3cp,False,3,ALP+LNP+GRN
Makin,GRN,ALP+LNP,LNP,5653.0,0.2877576991600916,,MAKIN,ALP+LNP,positive_recipients_validated_against_3cp,False,3,ALP+LNP+GRN
Makin,ON,ALP+GRN+LNP,ALP,2104.0,0.1786381389030395,,MAKIN,ALP+GRN+LNP,positive_recipients_validated_against_3cp,False,4,ALP+LNP+GRN
Makin,ON,ALP+GRN+LNP,LNP,6477.0,0.5499235863474274,,MAKIN,ALP+GRN+LNP,positive_recipients_validated_against_3cp,False,4,ALP+LNP+GRN
Makin,ON,ALP+GRN+LNP,GRN,3197.0,0.271438274749533,,MAKIN,ALP+GRN+LNP,positive_recipients_validated_against_3cp,False,4,ALP+LNP+GRN
Makin,OTH,ALP+GRN+LNP+ON,ALP,1773.0,0.1579228645230248,,MAKIN,ALP+GRN+LNP+ON,positive_recipients_validated_against_3cp,False,5,ALP+LNP+GRN
Makin,OTH,ALP+GRN+LNP+ON,LNP,1514.0,0.134853478222143,,MAKIN,ALP+GRN+LNP+ON,positive_recipients_validated_against_3cp,False,5,ALP+LNP+GRN
Makin,OTH,ALP+GRN+LNP+ON,GRN,3314.0,0.2951812594637926,,MAKIN,ALP+GRN+LNP+ON,positive_recipients_validated_against_3cp,False,5,ALP+LNP+GRN
Makin,OTH,ALP+GRN+LNP+ON,ON,4626.0,0.4120423977910394,,MAKIN,ALP+GRN+LNP+ON,positive_recipients_validated_against_3cp,False,5,ALP+LNP+GRN
Spence,GRN,ALP+LNP,ALP,16460.0,0.6697591145833334,,SPENCE,ALP+LNP,positive_recipients_validated_against_3cp,False,3,ALP+LNP+GRN
Spence,GRN,ALP+LNP,LNP,8116.0,0.3302408854166667,,SPENCE,ALP+LNP,positive_recipients_validated_against_3cp,False,3,ALP+LNP+GRN
Spence,ON,ALP+GRN+LNP,ALP,4164.0,0.2467994310099573,,SPENCE,ALP+GRN+LNP,positive_recipients_validated_against_3cp,False,4,ALP+LNP+GRN
Spence,ON,ALP+GRN+LNP,LNP,7835.0,0.4643788525367472,,SPENCE,ALP+GRN+LNP,positive_recipients_validated_against_3cp,False,4,ALP+LNP+GRN
Spence,ON,ALP+GRN+LNP,GRN,4873.0,0.2888217164532954,,SPENCE,ALP+GRN+LNP,positive_recipients_validated_against_3cp,False,4,ALP+LNP+GRN
Spence,IND,ALP+GRN+LNP+ON+OTH,ALP,705.0,0.2291937581274382,,SPENCE,ALP+GRN+LNP+ON+OTH,positive_recipients_validated_against_3cp,False,6,ALP+LNP+GRN
Spence,IND,ALP+GRN+LNP+ON+OTH,LNP,360.0,0.1170351105331599,,SPENCE,ALP+GRN+LNP+ON+OTH,positive_recipients_validated_against_3cp,False,6,ALP+LNP+GRN
Spence,IND,ALP+GRN+LNP+ON+OTH,GRN,642.0,0.2087126137841352,,SPENCE,ALP+GRN+LNP+ON+OTH,positive_recipients_validated_against_3cp,False,6,ALP+LNP+GRN
Spence,IND,ALP+GRN+LNP+ON+OTH,ON,540.0,0.1755526657997399,,SPENCE,ALP+GRN+LNP+ON+OTH,positive_recipients_validated_against_3cp,False,6,ALP+LNP+GRN
Spence,IND,ALP+GRN+LNP+ON+OTH,OTH,829.0,0.2695058517555266,,SPENCE,ALP+GRN+LNP+ON+OTH,positive_recipients_validated_against_3cp,False,6,ALP+LNP+GRN
Spence,OTH,ALP+GRN+LNP+ON,ALP,2186.0,0.1757517285737256,,SPENCE,ALP+GRN+LNP+ON,positive_recipients_validated_against_3cp,False,5,ALP+LNP+GRN
Spence,OTH,ALP+GRN+LNP+ON,LNP,1554.0,0.124939700916546,,SPENCE,ALP+GRN+LNP+ON,positive_recipients_validated_against_3cp,False,5,ALP+LNP+GRN
Spence,OTH,ALP+GRN+LNP+ON,GRN,2963.0,0.2382215790319987,,SPENCE,ALP+GRN+LNP+ON,positive_recipients_validated_against_3cp,False,5,ALP+LNP+GRN
Spence,OTH,ALP+GRN+LNP+ON,ON,5735.0,0.4610869914777295,,SPENCE,ALP+GRN+LNP+ON,positive_recipients_validated_against_3cp,False,5,ALP+LNP+GRN
Barker*(**),GRN,ALP+LNP+ON,ALP,7337.0,0.6224654280139136,,BARKER*(**),ALP+LNP+ON,positive_recipients_validated_against_3cp,False,4,LNP+ALP+ON
Barker*(**),GRN,ALP+LNP+ON,LNP,1750.0,0.1484686519046407,,BARKER*(**),ALP+LNP+ON,positive_recipients_validated_against_3cp,False,4,LNP+ALP+ON
Barker*(**),GRN,ALP+LNP+ON,ON,2700.0,0.2290659200814456,,BARKER*(**),ALP+LNP+ON,positive_recipients_validated_against_3cp,False,4,LNP+ALP+ON
Barker*(**),ON,ALP+LNP,ALP,6288.0,0.3815070986530761,,BARKER*(**),ALP+LNP,positive_recipients_validated_against_3cp,False,3,LNP+ALP+ON
Barker*(**),ON,ALP+LNP,LNP,10194.0,0.6184929013469239,,BARKER*(**),ALP+LNP,positive_recipients_validated_against_3cp,False,3,LNP+ALP+ON
Barker*(**),IND,ALP+GRN+LNP+ON,ALP,872.0,0.1617510665924689,,BARKER*(**),ALP+GRN+LNP+ON,positive_recipients_validated_against_3cp,False,5,LNP+ALP+ON
Barker*(**),IND,ALP+GRN+LNP+ON,LNP,1053.0,0.1953255425709515,,BARKER*(**),ALP+GRN+LNP+ON,positive_recipients_validated_against_3cp,False,5,LNP+ALP+ON
Barker*(**),IND,ALP+GRN+LNP+ON,GRN,1614.0,0.2993878686700055,,BARKER*(**),ALP+GRN+LNP+ON,positive_recipients_validated_against_3cp,False,5,LNP+ALP+ON
Barker*(**),IND,ALP+GRN+LNP+ON,ON,1852.0,0.3435355221665739,,BARKER*(**),ALP+GRN+LNP+ON,positive_recipients_validated_against_3cp,False,5,LNP+ALP+ON
Barker*(**),OTH,ALP+GRN+IND+LNP+ON,ALP,1299.0,0.117407809110629,,BARKER*(**),ALP+GRN+IND+LNP+ON,positive_recipients_validated_against_3cp,False,5,LNP+ALP+ON
Barker*(**),OTH,ALP+GRN+IND+LNP+ON,LNP,3008.0,0.2718727404193781,,BARKER*(**),ALP+GRN+IND+LNP+ON,positive_recipients_validated_against_3cp,False,5,LNP+ALP+ON
Barker*(**),OTH,ALP+GRN+IND+LNP+ON,GRN,1307.0,0.1181308749096167,,BARKER*(**),ALP+GRN+IND+LNP+ON,positive_recipients_validated_against_3cp,False,5,LNP+ALP+ON
Barker*(**),OTH,ALP+GRN+IND+LNP+ON,ON,3022.0,0.2731381055676066,,BARKER*(**),ALP+GRN+IND+LNP+ON,positive_recipients_validated_against_3cp,False,5,LNP+ALP+ON
Barker*(**),OTH,ALP+GRN+IND+LNP+ON,IND,2428.0,0.2194504699927693,,BARKER*(**),ALP+GRN+IND+LNP+ON,positive_recipients_validated_against_3cp,False,5,LNP+ALP+ON
Grey**,GRN,ALP+IND+LNP+ON,ALP,3086.0,0.429864883688536,,GREY,ALP+IND+LNP+ON,positive_recipients_validated_against_3cp,False,5,LNP+ALP+IND
Grey**,GRN,ALP+IND+LNP+ON,LNP,740.0,0.1030784231787157,,GREY,ALP+IND+LNP+ON,positive_recipients_validated_against_3cp,False,5,LNP+ALP+IND
Grey**,GRN,ALP+IND+LNP+ON,ON,818.0,0.1139434461624181,,GREY,ALP+IND+LNP+ON,positive_recipients_validated_against_3cp,False,5,LNP+ALP+IND
Grey**,GRN,ALP+IND+LNP+ON,IND,2535.0,0.3531132469703301,,GREY,ALP+IND+LNP+ON,positive_recipients_validated_against_3cp,False,5,LNP+ALP+IND
Grey**,ON,ALP+IND+LNP,ALP,3253.0,0.2105365348521131,,GREY,ALP+IND+LNP,positive_recipients_validated_against_3cp,False,4,LNP+ALP+IND
Grey**,ON,ALP+IND+LNP,LNP,5898.0,0.3817228658339266,,GREY,ALP+IND+LNP,positive_recipients_validated_against_3cp,False,4,LNP+ALP+IND
Grey**,ON,ALP+IND+LNP,IND,6300.0,0.4077405993139603,,GREY,ALP+IND+LNP,positive_recipients_validated_against_3cp,False,4,LNP+ALP+IND
Grey**,IND,ALP+LNP,ALP,16748.0,0.5684803638708802,,GREY,ALP+LNP,positive_recipients_validated_against_3cp,False,3,LNP+ALP+IND
Grey**,IND,ALP+LNP,LNP,12713.0,0.4315196361291198,,GREY,ALP+LNP,positive_recipients_validated_against_3cp,False,3,LNP+ALP+IND
Grey**,OTH,ALP+GRN+IND+LNP+ON,ALP,1339.0,0.1363404948579574,,GREY,ALP+GRN+IND+LNP+ON,positive_recipients_validated_against_3cp,False,5,LNP+ALP+IND
Grey**,OTH,ALP+GRN+IND+LNP+ON,LNP,1764.0,0.1796151104775481,,GREY,ALP+GRN+IND+LNP+ON,positive_recipients_validated_against_3cp,False,5,LNP+ALP+IND
Grey**,OTH,ALP+GRN+IND+LNP+ON,GRN,856.0,0.0871601669891049,,GREY,ALP+GRN+IND+LNP+ON,positive_recipients_validated_against_3cp,False,5,LNP+ALP+IND
Grey**,OTH,ALP+GRN+IND+LNP+ON,ON,3981.0,0.4053558700743305,,GREY,ALP+GRN+IND+LNP+ON,positive_recipients_validated_against_3cp,False,5,LNP+ALP+IND
Grey**,OTH,ALP+GRN+IND+LNP+ON,IND,1881.0,0.1915283576010589,,GREY,ALP+GRN+IND+LNP+ON,positive_recipients_validated_against_3cp,False,5,LNP+ALP+IND
Mayo,LNP,ALP+OTH,ALP,6291.0,0.1711790155369922,,MAYO,ALP+OTH,positive_recipients_validated_against_3cp,False,3,OTH+ALP+LNP
Mayo,LNP,ALP+OTH,OTH,30460.0,0.8288209844630078,,MAYO,ALP+OTH,positive_recipients_validated_against_3cp,False,3,OTH+ALP+LNP
Mayo,GRN,ALP+LNP+OTH,ALP,9235.0,0.491380227732255,,MAYO,ALP+LNP+OTH,positive_recipients_validated_against_3cp,False,4,OTH+ALP+LNP
Mayo,GRN,ALP+LNP+OTH,LNP,1140.0,0.0606576566989464,,MAYO,ALP+LNP+OTH,positive_recipients_validated_against_3cp,False,4,OTH+ALP+LNP
Mayo,GRN,ALP+LNP+OTH,OTH,8419.0,0.4479621155687985,,MAYO,ALP+LNP+OTH,positive_recipients_validated_against_3cp,False,4,OTH+ALP+LNP
Mayo,ON,ALP+GRN+LNP+OTH,ALP,1203.0,0.1081542749258293,,MAYO,ALP+GRN+LNP+OTH,positive_recipients_validated_against_3cp,False,5,OTH+ALP+LNP
Mayo,ON,ALP+GRN+LNP+OTH,LNP,4881.0,0.438820462105547,,MAYO,ALP+GRN+LNP+OTH,positive_recipients_validated_against_3cp,False,5,OTH+ALP+LNP
Mayo,ON,ALP+GRN+LNP+OTH,GRN,1108.0,0.0996134136473972,,MAYO,ALP+GRN+LNP+OTH,positive_recipients_validated_against_3cp,False,5,OTH+ALP+LNP
Mayo,ON,ALP+GRN+LNP+OTH,OTH,3931.0,0.3534118493212262,,MAYO,ALP+GRN+LNP+OTH,positive_recipients_validated_against_3cp,False,5,OTH+ALP+LNP
Clark,LNP,ALP+IND,ALP,3622.0,0.3404135338345864,,CLARK,ALP+IND,positive_recipients_validated_against_3cp,False,3,IND+ALP+LNP
Clark,LNP,ALP+IND,IND,7018.0,0.6595864661654135,,CLARK,ALP+IND,positive_recipients_validated_against_3cp,False,3,IND+ALP+LNP
Clark,GRN,ALP+IND+LNP,ALP,2371.0,0.2612960105796782,,CLARK,ALP+IND+LNP,positive_recipients_validated_against_3cp,False,4,IND+ALP+LNP
Clark,GRN,ALP+IND+LNP,LNP,306.0,0.0337227242671368,,CLARK,ALP+IND+LNP,positive_recipients_validated_against_3cp,False,4,IND+ALP+LNP
Clark,GRN,ALP+IND+LNP,IND,6397.0,0.7049812651531849,,CLARK,ALP+IND+LNP,positive_recipients_validated_against_3cp,False,4,IND+ALP+LNP
Clark,ON,ALP+GRN+IND+LNP,ALP,468.0,0.1651376146788991,,CLARK,ALP+GRN+IND+LNP,positive_recipients_validated_against_3cp,False,5,IND+ALP+LNP
Clark,ON,ALP+GRN+IND+LNP,LNP,1095.0,0.386379675370501,,CLARK,ALP+GRN+IND+LNP,positive_recipients_validated_against_3cp,False,5,IND+ALP+LNP
Clark,ON,ALP+GRN+IND+LNP,GRN,166.0,0.0585744530698659,,CLARK,ALP+GRN+IND+LNP,positive_recipients_validated_against_3cp,False,5,IND+ALP+LNP
Clark,ON,ALP+GRN+IND+LNP,IND,1105.0,0.3899082568807339,,CLARK,ALP+GRN+IND+LNP,positive_recipients_validated_against_3cp,False,5,IND+ALP+LNP
Franklin,LNP,ALP+IND,ALP,9091.0,0.5104435710275126,,FRANKLIN,ALP+IND,positive_recipients_validated_against_3cp,False,3,ALP+IND+LNP
Franklin,LNP,ALP+IND,IND,8719.0,0.4895564289724873,,FRANKLIN,ALP+IND,positive_recipients_validated_against_3cp,False,3,ALP+IND+LNP
Franklin,GRN,ALP+IND+LNP,ALP,3731.0,0.4430064117786749,,FRANKLIN,ALP+IND+LNP,positive_recipients_validated_against_3cp,False,4,ALP+IND+LNP
Franklin,GRN,ALP+IND+LNP,LNP,335.0,0.0397767751127998,,FRANKLIN,ALP+IND+LNP,positive_recipients_validated_against_3cp,False,4,ALP+IND+LNP
Franklin,GRN,ALP+IND+LNP,IND,4356.0,0.5172168131085253,,FRANKLIN,ALP+IND+LNP,positive_recipients_validated_against_3cp,False,4,ALP+IND+LNP
Franklin,ON,ALP+GRN+IND+LNP+OTH,ALP,466.0,0.1228578961244397,,FRANKLIN,ALP+GRN+IND+LNP+OTH,positive_recipients_validated_against_3cp,False,6,ALP+IND+LNP
Franklin,ON,ALP+GRN+IND+LNP+OTH,LNP,1433.0,0.377801212760348,,FRANKLIN,ALP+GRN+IND+LNP+OTH,positive_recipients_validated_against_3cp,False,6,ALP+IND+LNP
Franklin,ON,ALP+GRN+IND+LNP+OTH,GRN,219.0,0.0577379383074083,,FRANKLIN,ALP+GRN+IND+LNP+OTH,positive_recipients_validated_against_3cp,False,6,ALP+IND+LNP
Franklin,ON,ALP+GRN+IND+LNP+OTH,IND,683.0,0.1800685473240179,,FRANKLIN,ALP+GRN+IND+LNP+OTH,positive_recipients_validated_against_3cp,False,6,ALP+IND+LNP
Franklin,ON,ALP+GRN+IND+LNP+OTH,OTH,992.0,0.2615344054837859,,FRANKLIN,ALP+GRN+IND+LNP+OTH,positive_recipients_validated_against_3cp,False,6,ALP+IND+LNP
Franklin,OTH,ALP+GRN+IND+LNP,ALP,1049.0,0.2179061071873701,,FRANKLIN,ALP+GRN+IND+LNP,positive_recipients_validated_against_3cp,False,5,ALP+IND+LNP
Franklin,OTH,ALP+GRN+IND+LNP,LNP,1639.0,0.3404653095139177,,FRANKLIN,ALP+GRN+IND+LNP,positive_recipients_validated_against_3cp,False,5,ALP+IND+LNP
Franklin,OTH,ALP+GRN+IND+LNP,GRN,187.0,0.0388450353136684,,FRANKLIN,ALP+GRN+IND+LNP,positive_recipients_validated_against_3cp,False,5,ALP+IND+LNP
Franklin,OTH,ALP+GRN+IND+LNP,IND,1939.0,0.4027835479850436,,FRANKLIN,ALP+GRN+IND+LNP,positive_recipients_validated_against_3cp,False,5,ALP+IND+LNP
Bass,GRN,ALP+LNP,ALP,9772.0,0.8180143981248954,,BASS,ALP+LNP,positive_recipients_validated_against_3cp,False,3,ALP+LNP+GRN
Bass,GRN,ALP+LNP,LNP,2174.0,0.1819856018751046,,BASS,ALP+LNP,positive_recipients_validated_against_3cp,False,3,ALP+LNP+GRN
Bass,ON,ALP+GRN+LNP,ALP,1644.0,0.2364106988783434,,BASS,ALP+GRN+LNP,positive_recipients_validated_against_3cp,False,4,ALP+LNP+GRN
Bass,ON,ALP+GRN+LNP,LNP,3931.0,0.5652861662352603,,BASS,ALP+GRN+LNP,positive_recipients_validated_against_3cp,False,4,ALP+LNP+GRN
Bass,ON,ALP+GRN+LNP,GRN,1379.0,0.1983031348863963,,BASS,ALP+GRN+LNP,positive_recipients_validated_against_3cp,False,4,ALP+LNP+GRN
Bass,IND,ALP+GRN+LNP+ON,ALP,1307.0,0.2762629465229338,,BASS,ALP+GRN+LNP+ON,positive_recipients_validated_against_3cp,False,4,ALP+LNP+GRN
Bass,IND,ALP+GRN+LNP+ON,LNP,1015.0,0.2145423800465018,,BASS,ALP+GRN+LNP+ON,positive_recipients_validated_against_3cp,False,4,ALP+LNP+GRN
Bass,IND,ALP+GRN+LNP+ON,GRN,1149.0,0.2428662016487,,BASS,ALP+GRN+LNP+ON,positive_recipients_validated_against_3cp,False,4,ALP+LNP+GRN
Bass,IND,ALP+GRN+LNP+ON,ON,1260.0,0.2663284717818643,,BASS,ALP+GRN+LNP+ON,positive_recipients_validated_against_3cp,False,4,ALP+LNP+GRN
Bass,OTH,ALP+GRN+IND+LNP+ON,ALP,434.0,0.14524765729585,,BASS,ALP+GRN+IND+LNP+ON,positive_recipients_validated_against_3cp,False,6,ALP+LNP+GRN
Bass,OTH,ALP+GRN+IND+LNP+ON,LNP,431.0,0.144243641231593,,BASS,ALP+GRN+IND+LNP+ON,positive_recipients_validated_against_3cp,False,6,ALP+LNP+GRN
Bass,OTH,ALP+GRN+IND+LNP+ON,GRN,189.0,0.0632530120481927,,BASS,ALP+GRN+IND+LNP+ON,positive_recipients_validated_against_3cp,False,6,ALP+LNP+GRN
Bass,OTH,ALP+GRN+IND+LNP+ON,ON,1055.0,0.3530789825970549,,BASS,ALP+GRN+IND+LNP+ON,positive_recipients_validated_against_3cp,False,6,ALP+LNP+GRN
Bass,OTH,ALP+GRN+IND+LNP+ON,IND,879.0,0.2941767068273092,,BASS,ALP+GRN+IND+LNP+ON,positive_recipients_validated_against_3cp,False,6,ALP+LNP+GRN
Braddon,GRN,ALP+LNP+ON,ALP,6118.0,0.7145526746087363,,BRADDON,ALP+LNP+ON,positive_recipients_validated_against_3cp,True,3,ALP+LNP+ON
Braddon,GRN,ALP+LNP+ON,LNP,624.0,0.0728801681850035,,BRADDON,ALP+LNP+ON,positive_recipients_validated_against_3cp,True,3,ALP+LNP+ON
Braddon,GRN,ALP+LNP+ON,ON,1820.0,0.2125671572062602,,BRADDON,ALP+LNP+ON,positive_recipients_validated_against_3cp,True,3,ALP+LNP+ON
Braddon,ON,ALP+LNP,ALP,5032.0,0.460300036589828,,BRADDON,ALP+LNP,positive_recipients_validated_against_3cp,False,3,ALP+LNP+ON
Braddon,ON,ALP+LNP,LNP,5900.0,0.539699963410172,,BRADDON,ALP+LNP,positive_recipients_validated_against_3cp,False,3,ALP+LNP+ON
Braddon,IND,ALP+GRN+LNP+ON,ALP,1720.0,0.2525326677433563,,BRADDON,ALP+GRN+LNP+ON,positive_recipients_validated_against_3cp,False,5,ALP+LNP+ON
Braddon,IND,ALP+GRN+LNP+ON,LNP,1307.0,0.1918954632212597,,BRADDON,ALP+GRN+LNP+ON,positive_recipients_validated_against_3cp,False,5,ALP+LNP+ON
Braddon,IND,ALP+GRN+LNP+ON,GRN,1736.0,0.2548818088386433,,BRADDON,ALP+GRN+LNP+ON,positive_recipients_validated_against_3cp,False,5,ALP+LNP+ON
Braddon,IND,ALP+GRN+LNP+ON,ON,2048.0,0.3006900601967405,,BRADDON,ALP+GRN+LNP+ON,positive_recipients_validated_against_3cp,False,5,ALP+LNP+ON
Braddon,OTH,ALP+GRN+IND+LNP+ON,ALP,360.0,0.1071428571428571,,BRADDON,ALP+GRN+IND+LNP+ON,positive_recipients_validated_against_3cp,False,6,ALP+LNP+ON
Braddon,OTH,ALP+GRN+IND+LNP+ON,LNP,500.0,0.1488095238095238,,BRADDON,ALP+GRN+IND+LNP+ON,positive_recipients_validated_against_3cp,False,6,ALP+LNP+ON
Braddon,OTH,ALP+GRN+IND+LNP+ON,GRN,508.0,0.1511904761904761,,BRADDON,ALP+GRN+IND+LNP+ON,positive_recipients_validated_against_3cp,False,6,ALP+LNP+ON
Braddon,OTH,ALP+GRN+IND+LNP+ON,ON,1355.0,0.4032738095238095,,BRADDON,ALP+GRN+IND+LNP+ON,positive_recipients_validated_against_3cp,False,6,ALP+LNP+ON
Braddon,OTH,ALP+GRN+IND+LNP+ON,IND,637.0,0.1895833333333333,,BRADDON,ALP+GRN+IND+LNP+ON,positive_recipients_validated_against_3cp,False,6,ALP+LNP+ON
Lyons,GRN,ALP+LNP,ALP,9194.0,0.7680227215771448,,LYONS,ALP+LNP,positive_recipients_validated_against_3cp,False,3,ALP+LNP+GRN
Lyons,GRN,ALP+LNP,LNP,2777.0,0.2319772784228552,,LYONS,ALP+LNP,positive_recipients_validated_against_3cp,False,3,ALP+LNP+GRN
Lyons,ON,ALP+GRN+LNP,ALP,2499.0,0.2832690999773294,,LYONS,ALP+GRN+LNP,positive_recipients_validated_against_3cp,False,4,ALP+LNP+GRN
Lyons,ON,ALP+GRN+LNP,LNP,4632.0,0.5250510088415326,,LYONS,ALP+GRN+LNP,positive_recipients_validated_against_3cp,False,4,ALP+LNP+GRN
Lyons,ON,ALP+GRN+LNP,GRN,1691.0,0.191679891181138,,LYONS,ALP+GRN+LNP,positive_recipients_validated_against_3cp,False,4,ALP+LNP+GRN
Lyons,IND,ALP+GRN+LNP+ON+OTH,ALP,566.0,0.2223968565815324,,LYONS,ALP+GRN+LNP+ON+OTH,positive_recipients_validated_against_3cp,False,6,ALP+LNP+GRN
Lyons,IND,ALP+GRN+LNP+ON+OTH,LNP,273.0,0.1072691552062868,,LYONS,ALP+GRN+LNP+ON+OTH,positive_recipients_validated_against_3cp,False,6,ALP+LNP+GRN
Lyons,IND,ALP+GRN+LNP+ON+OTH,GRN,668.0,0.262475442043222,,LYONS,ALP+GRN+LNP+ON+OTH,positive_recipients_validated_against_3cp,False,6,ALP+LNP+GRN
Lyons,IND,ALP+GRN+LNP+ON+OTH,ON,339.0,0.1332023575638506,,LYONS,ALP+GRN+LNP+ON+OTH,positive_recipients_validated_against_3cp,False,6,ALP+LNP+GRN
Lyons,IND,ALP+GRN+LNP+ON+OTH,OTH,699.0,0.274656188605108,,LYONS,ALP+GRN+LNP+ON+OTH,positive_recipients_validated_against_3cp,False,6,ALP+LNP+GRN
Lyons,OTH,ALP+GRN+LNP+ON,ALP,1975.0,0.2384113954611298,,LYONS,ALP+GRN+LNP+ON,positive_recipients_validated_against_3cp,False,5,ALP+LNP+GRN
Lyons,OTH,ALP+GRN+LNP+ON,LNP,1708.0,0.2061805890873974,,LYONS,ALP+GRN+LNP+ON,positive_recipients_validated_against_3cp,False,5,ALP+LNP+GRN
Lyons,OTH,ALP+GRN+LNP+ON,GRN,1272.0,0.1535490101400289,,LYONS,ALP+GRN+LNP+ON,positive_recipients_validated_against_3cp,False,5,ALP+LNP+GRN
Lyons,OTH,ALP+GRN+LNP+ON,ON,3329.0,0.4018590053114437,,LYONS,ALP+GRN+LNP+ON,positive_recipients_validated_against_3cp,False,5,ALP+LNP+GRN
Bean,LNP,ALP+IND,ALP,4841.0,0.202053508076297,,BEAN,ALP+IND,positive_recipients_validated_against_3cp,False,3,ALP+IND+LNP
Bean,LNP,ALP+IND,IND,19118.0,0.797946491923703,,BEAN,ALP+IND,positive_recipients_validated_against_3cp,False,3,ALP+IND+LNP
Bean,GRN,ALP+IND+LNP,ALP,4701.0,0.4818079327662191,,BEAN,ALP+IND+LNP,positive_recipients_validated_against_3cp,False,4,ALP+IND+LNP
Bean,GRN,ALP+IND+LNP,LNP,294.0,0.0301322127703187,,BEAN,ALP+IND+LNP,positive_recipients_validated_against_3cp,False,4,ALP+IND+LNP
Bean,GRN,ALP+IND+LNP,IND,4762.0,0.4880598544634621,,BEAN,ALP+IND+LNP,positive_recipients_validated_against_3cp,False,4,ALP+IND+LNP
Canberra,LNP,ALP+GRN,ALP,14900.0,0.7330873308733087,,CANBERRA,ALP+GRN,positive_recipients_validated_against_3cp,False,3,ALP+GRN+LNP
Canberra,LNP,ALP+GRN,GRN,5425.0,0.2669126691266912,,CANBERRA,ALP+GRN,positive_recipients_validated_against_3cp,False,3,ALP+GRN+LNP
Canberra,IND,ALP+GRN+LNP,ALP,4488.0,0.4030172413793103,,CANBERRA,ALP+GRN+LNP,positive_recipients_validated_against_3cp,False,4,ALP+GRN+LNP
Canberra,IND,ALP+GRN+LNP,LNP,2715.0,0.2438038793103448,,CANBERRA,ALP+GRN+LNP,positive_recipients_validated_against_3cp,False,4,ALP+GRN+LNP
Canberra,IND,ALP+GRN+LNP,GRN,3933.0,0.3531788793103448,,CANBERRA,ALP+GRN+LNP,positive_recipients_validated_against_3cp,False,4,ALP+GRN+LNP
Canberra,OTH,ALP+GRN+IND+LNP,ALP,415.0,0.1673387096774193,,CANBERRA,ALP+GRN+IND+LNP,positive_recipients_validated_against_3cp,False,5,ALP+GRN+LNP
Canberra,OTH,ALP+GRN+IND+LNP,LNP,509.0,0.2052419354838709,,CANBERRA,ALP+GRN+IND+LNP,positive_recipients_validated_against_3cp,False,5,ALP+GRN+LNP
Canberra,OTH,ALP+GRN+IND+LNP,GRN,607.0,0.244758064516129,,CANBERRA,ALP+GRN+IND+LNP,positive_recipients_validated_against_3cp,False,5,ALP+GRN+LNP
Canberra,OTH,ALP+GRN+IND+LNP,IND,949.0,0.3826612903225806,,CANBERRA,ALP+GRN+IND+LNP,positive_recipients_validated_against_3cp,False,5,ALP+GRN+LNP
Fenner,GRN,ALP+LNP,ALP,15063.0,0.8926222222222222,,FENNER,ALP+LNP,positive_recipients_validated_against_3cp,False,3,ALP+LNP+GRN
Fenner,GRN,ALP+LNP,LNP,1812.0,0.1073777777777777,,FENNER,ALP+LNP,positive_recipients_validated_against_3cp,False,3,ALP+LNP+GRN
Fenner,OTH,ALP+GRN+LNP,ALP,2206.0,0.2970643684352276,,FENNER,ALP+GRN+LNP,positive_recipients_validated_against_3cp,False,4,ALP+LNP+GRN
Fenner,OTH,ALP+GRN+LNP,LNP,3837.0,0.5166980877996229,,FENNER,ALP+GRN+LNP,positive_recipients_validated_against_3cp,False,4,ALP+LNP+GRN
Fenner,OTH,ALP+GRN+LNP,GRN,1383.0,0.1862375437651494,,FENNER,ALP+GRN+LNP,positive_recipients_validated_against_3cp,False,4,ALP+LNP+GRN
Solomon*,GRN,ALP+IND+LNP,ALP,2536.0,0.3884803921568627,,SOLOMON,ALP+IND+LNP,positive_recipients_validated_against_3cp,False,4,ALP+IND
Solomon*,GRN,ALP+IND+LNP,LNP,989.0,0.151501225490196,,SOLOMON,ALP+IND+LNP,positive_recipients_validated_against_3cp,False,4,ALP+IND
Solomon*,GRN,ALP+IND+LNP,IND,3003.0,0.4600183823529412,,SOLOMON,ALP+IND+LNP,positive_recipients_validated_against_3cp,False,4,ALP+IND
Solomon*,ON,ALP+GRN+IND+LNP,ALP,322.0,0.0761769576531819,,SOLOMON,ALP+GRN+IND+LNP,positive_recipients_validated_against_3cp,False,5,ALP+IND
Solomon*,ON,ALP+GRN+IND+LNP,LNP,2265.0,0.5358410220014195,,SOLOMON,ALP+GRN+IND+LNP,positive_recipients_validated_against_3cp,False,5,ALP+IND
Solomon*,ON,ALP+GRN+IND+LNP,GRN,244.0,0.0577241542465105,,SOLOMON,ALP+GRN+IND+LNP,positive_recipients_validated_against_3cp,False,5,ALP+IND
Solomon*,ON,ALP+GRN+IND+LNP,IND,1396.0,0.3302578660988881,,SOLOMON,ALP+GRN+IND+LNP,positive_recipients_validated_against_3cp,False,5,ALP+IND
Solomon*,IND,ALP+LNP,ALP,8076.0,0.6534509264503601,,SOLOMON,ALP+LNP,positive_recipients_validated_against_3cp,False,3,ALP+IND
Solomon*,IND,ALP+LNP,LNP,4283.0,0.3465490735496399,,SOLOMON,ALP+LNP,positive_recipients_validated_against_3cp,False,3,ALP+IND
Solomon*,OTH,ALP+GRN+IND+LNP+ON,ALP,168.0,0.1621621621621621,,SOLOMON,ALP+GRN+IND+LNP+ON,positive_recipients_validated_against_3cp,False,6,ALP+IND
Solomon*,OTH,ALP+GRN+IND+LNP+ON,LNP,98.0,0.0945945945945946,,SOLOMON,ALP+GRN+IND+LNP+ON,positive_recipients_validated_against_3cp,False,6,ALP+IND
Solomon*,OTH,ALP+GRN+IND+LNP+ON,GRN,117.0,0.1129343629343629,,SOLOMON,ALP+GRN+IND+LNP+ON,positive_recipients_validated_against_3cp,False,6,ALP+IND
Solomon*,OTH,ALP+GRN+IND+LNP+ON,ON,194.0,0.1872586872586872,,SOLOMON,ALP+GRN+IND+LNP+ON,positive_recipients_validated_against_3cp,False,6,ALP+IND
Solomon*,OTH,ALP+GRN+IND+LNP+ON,IND,459.0,0.443050193050193,,SOLOMON,ALP+GRN+IND+LNP+ON,positive_recipients_validated_against_3cp,False,6,ALP+IND
Lingiari,GRN,ALP+LNP,ALP,4706.0,0.763465282284231,,LINGIARI,ALP+LNP,positive_recipients_validated_against_3cp,False,3,ALP+GRN
Lingiari,GRN,ALP+LNP,LNP,1458.0,0.2365347177157689,,LINGIARI,ALP+LNP,positive_recipients_validated_against_3cp,False,3,ALP+GRN
Lingiari,ON,ALP+GRN+LNP,ALP,626.0,0.1371904448827526,,LINGIARI,ALP+GRN+LNP,positive_recipients_validated_against_3cp,False,4,ALP+GRN
Lingiari,ON,ALP+GRN+LNP,LNP,3209.0,0.7032653955730879,,LINGIARI,ALP+GRN+LNP,positive_recipients_validated_against_3cp,False,4,ALP+GRN
Lingiari,ON,ALP+GRN+LNP,GRN,728.0,0.1595441595441595,,LINGIARI,ALP+GRN+LNP,positive_recipients_validated_against_3cp,False,4,ALP+GRN
Lingiari,OTH,ALP+GRN+LNP+ON,ALP,820.0,0.3505771697306541,,LINGIARI,ALP+GRN+LNP+ON,positive_recipients_validated_against_3cp,False,5,ALP+GRN
Lingiari,OTH,ALP+GRN+LNP+ON,LNP,298.0,0.1274048738777255,,LINGIARI,ALP+GRN+LNP+ON,positive_recipients_validated_against_3cp,False,5,ALP+GRN
Lingiari,OTH,ALP+GRN+LNP+ON,GRN,790.0,0.337751175716118,,LINGIARI,ALP+GRN+LNP+ON,positive_recipients_validated_against_3cp,False,5,ALP+GRN
Lingiari,OTH,ALP+GRN+LNP+ON,ON,431.0,0.1842667806755023,,LINGIARI,ALP+GRN+LNP+ON,positive_recipients_validated_against_3cp,False,5,ALP+GRN
