division,division_key,state,classification,scenario,eliminated,alive_set,historical_votes_at_elimination,position_conflict,current_seat_evidence_weight,flow_total_variation_pp,max_recipient_shift_pp,largest_shift_recipient,largest_shift_direction,largest_shift_signed_pp,encountered_current_path,encountered_unshrunk_path,current_model_transfer_pct,estimated_current_round_effect_pp,local_ALP,local_LNP,local_GRN,local_ON,local_IND,local_OTH,current_ALP,current_LNP,current_GRN,current_ON,current_IND,current_OTH
Flinders,FLINDERS,VIC,Rural,ALP|IND+LNP,ALP,IND+LNP,30194.0,False,0.47404403337557105,23.872819732948642,23.872819732948646,LNP,away from local history,-23.872819732948646,False,False,,0.0,0.0,0.7798900443796781,0.0,0.0,0.2201099556203219,0.0,0.0,0.5411618470501917,0.0,0.0,0.4588381529498083,0.0
Sydney,SYDNEY,NSW,Inner metro,OTH|ALP+GRN+LNP+ON,OTH,ALP+GRN+LNP+ON,2376.0,False,0.49210290739708495,22.28556945701345,21.052402810829207,GRN,away from local history,-21.052402810829207,True,True,1.959614681019596,0.43671129082845467,0.207070707070707,0.0673400673400673,0.6510942760942761,0.0744949494949494,0.0,0.0,0.1947390406088646,0.13783291629713418,0.4405702479859842,0.22685779510801707,0.0,0.0
Corio,CORIO,VIC,Provincial,OTH|ALP+GRN+IND+LNP+ON,OTH,ALP+GRN+IND+LNP+ON,3209.0,False,0.4928760932248753,20.467710509938396,20.167449648691477,GRN,away from local history,-20.167449648691477,False,False,,0.0,0.1402306014334683,0.0364599563727017,0.542224992209411,0.1159239638516671,0.1651604861327516,0.0,0.13722799282099912,0.10501390739643808,0.34055049572249646,0.2283677807824972,0.18883982327756915,0.0
Melbourne,MELBOURNE,VIC,Inner metro,OTH|ALP+GRN+IND+LNP+ON,OTH,ALP+GRN+IND+LNP+ON,2042.0,False,0.4928760932248753,20.22568823042473,16.211451541823706,GRN,away from local history,-16.211451541823706,True,True,2.8764375561150577,0.5817792922426799,0.2105778648383937,0.1062683643486777,0.4701273261508325,0.0426052889324191,0.1704211557296767,0.0,0.17043549795238355,0.152171530281678,0.3080128107325956,0.18692242401889034,0.18245773701445256,0.0
Herbert,HERBERT,QLD,Provincial,ON|ALP+GRN+LNP+OTH,ON,ALP+GRN+LNP+OTH,7014.0,False,0.48628650106215887,19.000811385202798,19.000811385202798,OTH,away from local history,-19.000811385202798,False,False,,0.0,0.0479041916167664,0.2378100940975192,0.0642999714856002,0.0,0.0,0.649985742800114,0.08824271017986848,0.37115118469560465,0.0806284761764407,0.0,0.0,0.45997762894808614
Monash,MONASH,VIC,Rural,OTH|ALP+GRN+IND+LNP+ON,OTH,ALP+GRN+IND+LNP+ON,21606.0,True,0.4928760932248753,18.729287816978488,15.822045969796338,LNP,away from local history,-15.822045969796338,True,True,6.839674245341984,1.2810222751538516,0.1747662686290845,0.5066648153290753,0.0525317041562528,0.0657687679348329,0.2002684439507544,0.0,0.14569385015726305,0.348444355631112,0.08407500593630651,0.21798841255381318,0.20379837572150533,0.0
Fraser,FRASER,VIC,Inner metro,OTH|ALP+GRN+LNP+ON,OTH,ALP+GRN+LNP+ON,12497.0,False,0.49210290739708495,18.391500118511004,18.391500118511004,GRN,away from local history,-18.391500118511004,False,False,,0.0,0.1679603104745138,0.122109306233496,0.5987036888853324,0.1112266944066576,0.0,0.0,0.17549270073442486,0.16478501799251594,0.4147886877002225,0.24493359357283673,0.0,0.0
Bendigo,BENDIGO,VIC,Provincial,OTH|ALP+GRN+LNP+ON,OTH,ALP+GRN+LNP+ON,22907.0,False,0.49210290739708495,17.954340999859888,17.954340999859888,LNP,away from local history,-17.954340999859888,True,True,8.601857939086019,1.5444069067070239,0.1337582398393504,0.5603527306063648,0.1970576679617584,0.1088313615925263,0.0,0.0,0.15698095494175238,0.38080932060776607,0.20903206038553795,0.2531776640649437,0.0,0.0
Fenner,FENNER,ACT,Inner metro,OTH|ALP+GRN+LNP,OTH,ALP+GRN+LNP,7426.0,False,0.45391071729031285,17.247924192667192,17.24792419266719,GRN,toward pooled evidence,17.24792419266719,True,True,7.979041169996565,1.3762189723027127,0.2970643684352276,0.5166980877996229,0.1862375437651494,0.0,0.0,0.0,0.2697935256911873,0.3714896886169914,0.3587167856918213,0.0,0.0,0.0
Lingiari,LINGIARI,NT,Rural,OTH|ALP+GRN+LNP+ON,OTH,ALP+GRN+LNP+ON,2339.0,False,0.49210290739708495,16.51815130402413,11.927794960165027,ON,toward pooled evidence,11.927794960165027,True,True,6.257372163466444,1.0336022016172755,0.3505771697306541,0.1274048738777255,0.337751175716118,0.1842667806755023,0.0,0.0,0.2632837075426691,0.17330843731631654,0.25986312486386176,0.3035447302771526,0.0,0.0
Solomon,SOLOMON,NT,Inner metro,OTH|ALP+GRN+IND+LNP+ON,OTH,ALP+GRN+IND+LNP+ON,1036.0,False,0.4928760932248753,14.180972781712248,12.622012122154569,IND,away from local history,-12.622012122154569,True,True,3.1669782448416512,0.4491083229037428,0.1621621621621621,0.0945945945945946,0.1129343629343629,0.1872586872586872,0.443050193050193,0.0,0.14657255556658538,0.1464178082520788,0.1319609384950454,0.2582186258576431,0.3168300718286474,0.0
Kennedy,KENNEDY,QLD,Rural,ON|ALP+LNP+OTH,ON,ALP+LNP+OTH,9593.0,False,0.5,13.975875551201863,13.975875551201867,OTH,away from local history,-13.975875551201867,False,False,,0.0,0.0972584175961638,0.2351714792035859,0.0,0.0,0.0,0.6675701032002502,0.10505853799894957,0.3671301143128188,0.0,0.0,0.0,0.5278113476882317
Fremantle,FREMANTLE,WA,Inner metro,OTH|ALP+GRN+IND+LNP+ON,OTH,ALP+GRN+IND+LNP+ON,1902.0,False,0.4928760932248753,13.93366529830558,7.020432482200703,ON,toward pooled evidence,7.020432482200703,True,True,2.869154306143458,0.39977835790995125,0.14931650893796,0.0604626708727655,0.277602523659306,0.1887486855941114,0.323869610935857,0.0,0.1402412401905191,0.12959499903381422,0.21312193823168119,0.25895301041611846,0.25808881212786694,0.0
Moore,MOORE,WA,Outer metro,GRN|ALP+IND+LNP,GRN,ALP+IND+LNP,14857.0,False,0.4891380938285854,13.774806761258107,13.77480676125811,IND,toward pooled evidence,13.77480676125811,False,False,,0.0,0.7312378003634651,0.110991451840883,0.0,0.0,0.1577707477956519,0.0,0.6090577088980125,0.09542347569375456,0.0,0.0,0.295518815408233,0.0
Cowper,COWPER,NSW,Provincial,GRN|ALP+IND+LNP+ON+OTH,GRN,ALP+IND+LNP+ON+OTH,4901.0,False,0.4893801277488708,12.878046903317438,11.230368691186337,ALP,toward pooled evidence,11.230368691186337,False,False,,0.0,0.2293409508263619,0.0526423178943072,0.0,0.0310140787594368,0.5258110589675576,0.1611915935523362,0.34164463773822534,0.06351755430398473,0.0,0.03661562447107035,0.4254159892375886,0.132806194249131
Bradfield,BRADFIELD,NSW,Inner metro,OTH|ALP+GRN+IND+LNP+ON,OTH,ALP+GRN+IND+LNP+ON,7646.0,False,0.4928760932248753,12.36981205117376,10.954671695672264,ON,toward pooled evidence,10.954671695672264,True,True,4.123107562587689,0.5100206561598287,0.2613131048914465,0.2564739733193827,0.1225477373790217,0.1111692388176824,0.2484959455924666,0.0,0.19544168485855842,0.2262042840116224,0.13669914093403668,0.22071595577440506,0.22093893442137755,0.0
Kooyong,KOOYONG,VIC,Inner metro,OTH|ALP+GRN+IND+LNP+ON,OTH,ALP+GRN+IND+LNP+ON,2599.0,False,0.4928760932248753,12.257649056763842,7.893800251133964,LNP,away from local history,-7.893800251133964,True,True,1.8240606158540749,0.22358694887403774,0.0631011927664486,0.3524432474028472,0.0646402462485571,0.4132358599461331,0.1065794536360138,0.0,0.09774777197975716,0.2735052448915076,0.10815792293719917,0.36959737188983444,0.15099168830170165,0.0
Fisher,FISHER,QLD,Rural,OTH|ALP+GRN+IND+LNP+ON,OTH,ALP+GRN+IND+LNP+ON,10101.0,False,0.4928760932248753,12.233664985626195,12.233664985626191,ON,away from local history,-12.233664985626191,True,True,7.395687336295826,0.9047636121068132,0.0606870606870606,0.1201861201861201,0.0557370557370557,0.6071676071676072,0.1562221562221562,0.0,0.08946693582861015,0.15795824625440463,0.08565484710086482,0.4848309573113454,0.18208901350477508,0.0
Wentworth,WENTWORTH,NSW,Inner metro,OTH|ALP+GRN+IND+LNP+ON,OTH,ALP+GRN+IND+LNP+ON,1347.0,False,0.4928760932248753,12.228633737603218,9.363837353531409,ON,toward pooled evidence,9.363837353531409,False,False,,0.0,0.0927988121752041,0.1789161098737936,0.2806236080178174,0.1425389755011135,0.3051224944320713,0.0,0.1123850186120238,0.18797786727769206,0.21461095848760708,0.23617734903642762,0.24884880658624953,0.0
Mackellar,MACKELLAR,NSW,Outer metro,GRN|ALP+IND+LNP,GRN,ALP+IND+LNP,8252.0,False,0.4891380938285854,11.896098734916267,11.896098734916272,ALP,toward pooled evidence,11.896098734916272,False,False,,0.0,0.2592098885118759,0.1719583131362094,0.0,0.0,0.5688317983519147,0.0,0.3781708758610386,0.1252446900144623,0.0,0.0,0.49658443412449915,0.0
Lindsay,LINDSAY,NSW,Outer metro,IND|ALP+GRN+LNP+ON+OTH,IND,ALP+GRN+LNP+ON+OTH,1099.0,False,0.49468416109185825,11.804062444565433,11.804062444565433,OTH,away from local history,-11.804062444565433,False,False,,0.0,0.1392174704276615,0.1155595996360327,0.1119199272065514,0.1046405823475887,0.0,0.5286624203821656,0.16989582072995818,0.12271212267330579,0.17168963586002542,0.12508062480019932,0.0,0.4106217959365114
Hinkler,HINKLER,QLD,Provincial,OTH|ALP+GRN+LNP+ON,OTH,ALP+GRN+LNP+ON,9024.0,False,0.49210290739708495,11.79268141125357,11.79268141125357,ON,away from local history,-11.79268141125357,False,False,,0.0,0.1033909574468085,0.1466090425531915,0.1247783687943262,0.6252216312056738,0.0,0.0,0.14203712698663418,0.17720484879960685,0.17346320712062085,0.5072948170931381,0.0,0.0
Fowler,FOWLER,NSW,Outer metro,OTH|ALP+GRN+IND+LNP,OTH,ALP+GRN+IND+LNP,6414.0,False,0.49126663521074854,11.776713068903632,11.776713068903632,IND,away from local history,-11.776713068903632,False,False,,0.0,0.1035235422513252,0.1292485188649828,0.1283130651699407,0.0,0.6389148737137512,0.0,0.14529042944084852,0.17948065022608534,0.15408117730835125,0.0,0.521147743024715,0.0
McMahon,MCMAHON,NSW,Outer metro,IND|ALP+LNP,IND,ALP+LNP,15509.0,False,0.4842595328516168,11.381620102383138,11.381620102383144,ALP,toward pooled evidence,11.381620102383144,False,False,,0.0,0.391192210974273,0.608807789025727,0.0,0.0,0.0,0.0,0.5050084119981044,0.49499158800189563,0.0,0.0,0.0,0.0
Cooper,COOPER,VIC,Inner metro,OTH|ALP+GRN+LNP,OTH,ALP+GRN+LNP,13911.0,True,0.45391071729031285,11.358853666904443,11.358853666904444,GRN,away from local history,-11.358853666904444,False,False,,0.0,0.1879807346704047,0.1019337215153475,0.7100855438142477,0.0,0.0,0.0,0.22027929524436274,0.1832236976104339,0.5964970071452034,0.0,0.0,0.0
Curtin,CURTIN,WA,Inner metro,OTH|ALP+GRN+IND+LNP+ON,OTH,ALP+GRN+IND+LNP+ON,2368.0,False,0.4928760932248753,11.323786636636772,9.139664044052099,ON,toward pooled evidence,9.139664044052099,True,True,1.614392040064576,0.1828103100957602,0.2039695945945946,0.1537162162162162,0.2487331081081081,0.1469594594594594,0.2466216216216216,0.0,0.16717843953164563,0.17555744214206298,0.19889289348112132,0.2383560998999804,0.2200151249451897,0.0
Mayo,MAYO,SA,Rural,GRN|ALP+LNP+OTH,GRN,ALP+LNP+OTH,18794.0,False,0.4797856621489635,11.17581102600875,11.175811026008752,OTH,away from local history,-11.175811026008752,False,False,,0.0,0.491380227732255,0.0606576566989464,0.0,0.0,0.0,0.4479621155687985,0.5814883118424427,0.08230768284884626,0.0,0.0,0.0,0.33620400530871103
Wills,WILLS,VIC,Inner metro,OTH|ALP+GRN+LNP,OTH,ALP+GRN+LNP,13753.0,False,0.45391071729031285,10.859314856099328,10.859314856099333,GRN,away from local history,-10.859314856099333,False,False,,0.0,0.2091907220242856,0.0898713008070966,0.7009379771686177,0.0,0.0,0.0,0.2299067358178813,0.17774843557449418,0.5923448286076245,0.0,0.0,0.0
Parkes,PARKES,NSW,Rural,IND|ALP+GRN+LNP+ON+OTH,IND,ALP+GRN+LNP+ON+OTH,2720.0,False,0.49468416109185825,10.82058818092734,10.820588180927338,OTH,away from local history,-10.820588180927338,True,True,2.5571779339232847,0.27670169328338484,0.1279411764705882,0.13125,0.0772058823529411,0.1334558823529411,0.0,0.5301470588235294,0.1631246845246539,0.1322954775394405,0.1434392219799786,0.13919943894167092,0.0,0.42194117701425615
Banks,BANKS,NSW,Inner metro,OTH|ALP+GRN+LNP+ON,OTH,ALP+GRN+LNP+ON,7076.0,False,0.49210290739708495,10.753416454724507,10.753416454724507,ON,away from local history,-10.753416454724507,True,True,6.406929749608535,0.6889638379370439,0.1137648388920294,0.1787733182589033,0.1212549462973431,0.5862068965517241,0.0,0.0,0.14882295160092818,0.19266954305500228,0.17983477333959047,0.47867273200447913,0.0,0.0
Whitlam,WHITLAM,NSW,Provincial,IND|ALP+GRN+LNP+ON,IND,ALP+GRN+LNP+ON,7953.0,False,0.49547153734336485,10.65168856425299,8.657172891598714,ON,away from local history,-8.657172891598714,True,True,9.450863440429332,1.0066765403073776,0.1610712938513768,0.2317364516534641,0.1645919778699861,0.4426002766251729,0.0,0.0,0.2068394711907871,0.21179129492692136,0.22534068617310576,0.3560285477091858,0.0,0.0
Indi,INDI,VIC,Rural,GRN|ALP+IND+LNP+ON,GRN,ALP+IND+LNP+ON,5010.0,False,0.4931708529322558,10.63598360440673,9.65604985089447,ALP,toward pooled evidence,9.65604985089447,False,False,,0.0,0.2469061876247505,0.059880239520958,0.0,0.1333333333333333,0.5598802395209581,0.0,0.34346668613369524,0.06967957705608054,0.0,0.10506842188837257,0.4817853149218516,0.0
Paterson,PATERSON,NSW,Provincial,GRN|ALP+IND+LNP+ON,GRN,ALP+IND+LNP+ON,10079.0,False,0.4931708529322558,10.449062603446995,10.44906260344699,ALP,away from local history,-10.44906260344699,True,True,10.149432339295313,1.0605205390274621,0.686179184442901,0.064292092469491,0.0,0.0663756325032245,0.1831530905843833,0.0,0.5816885584084313,0.07170018484337083,0.0,0.07120213902146419,0.2754091177267338,0.0
Blaxland,BLAXLAND,NSW,Inner metro,IND|ALP+LNP,IND,ALP+LNP,21041.0,False,0.4842595328516168,10.348899478500494,10.348899478500496,ALP,away from local history,-10.348899478500496,False,False,,0.0,0.840834561095005,0.159165438904995,0.0,0.0,0.0,0.0,0.73734556631,0.2626544336899999,0.0,0.0,0.0,0.0
Moore,MOORE,WA,Outer metro,OTH|ALP+GRN+IND+LNP+ON,OTH,ALP+GRN+IND+LNP+ON,14125.0,False,0.4928760932248753,10.20035132844819,10.20035132844819,ON,toward pooled evidence,10.20035132844819,True,True,4.18952902191621,0.42734667924275255,0.1636106194690265,0.2446725663716814,0.1865486725663716,0.1427964601769911,0.2623716814159292,0.0,0.14268842948029384,0.23036859328542164,0.15469105611598932,0.24479997346147303,0.22745194765682214,0.0
Clark,CLARK,TAS,Inner metro,GRN|ALP+IND+LNP,GRN,ALP+IND+LNP,9074.0,False,0.4891380938285854,10.182082769337404,10.182082769337397,IND,away from local history,-10.182082769337397,False,False,,0.0,0.2612960105796782,0.0337227242671368,0.0,0.0,0.7049812651531849,0.0,0.34220967168214617,0.054629890858042957,0.0,0.0,0.603160437459811,0.0
Brand,BRAND,WA,Outer metro,OTH|ALP+GRN+LNP+ON,OTH,ALP+GRN+LNP+ON,7935.0,False,0.49210290739708495,9.981123922773898,6.183739312660041,ON,toward pooled evidence,6.183739312660041,True,True,7.994820783760155,0.7979729698307845,0.2681789540012602,0.1266540642722117,0.3275362318840579,0.27763074984247,0.0,0.0,0.22384872452558008,0.16462791037335026,0.2720552221319992,0.3394681429690705,0.0,0.0
Eden-Monaro,EDEN-MONARO,NSW,Rural,IND|ALP+GRN+LNP+ON,IND,ALP+GRN+LNP+ON,4857.0,False,0.49547153734336485,9.975728336484266,6.843129780774465,ON,away from local history,-6.843129780774465,False,False,,0.0,0.1723285978999382,0.2633312744492485,0.1572987440807082,0.407041383570105,0.0,0.0,0.21129250698548185,0.2320052888921505,0.21809211836000728,0.3386100857623604,0.0,0.0
Goldstein,GOLDSTEIN,VIC,Inner metro,OTH|ALP+GRN+IND+LNP+ON,OTH,ALP+GRN+IND+LNP+ON,3743.0,False,0.4928760932248753,9.929384093304458,7.917078592144139,ON,away from local history,-7.917078592144139,True,True,2.822021866,0.28020939027217767,0.1354528453112476,0.2324338765695965,0.056104728827144,0.4833021640395404,0.0927063852524712,0.0,0.13340817182440132,0.21435549504483975,0.10395097045688022,0.4041313781180992,0.14415398455577963,0.0
Calwell,CALWELL,VIC,Outer metro,GRN|ALP+IND+LNP,GRN,ALP+IND+LNP,14946.0,False,0.4891380938285854,9.927640954471181,9.927640954471183,ALP,away from local history,-9.927640954471183,False,False,,0.0,0.6864043891342165,0.0661715509166332,0.0,0.0,0.2474240599491503,0.0,0.5871279795895047,0.07350035479008095,0.0,0.0,0.3393716656204143,0.0
Cunningham,CUNNINGHAM,NSW,Provincial,OTH|ALP+GRN+LNP+ON,OTH,ALP+GRN+LNP+ON,4705.0,False,0.49210290739708495,9.871405259164336,8.796892518205784,GRN,away from local history,-8.796892518205784,True,True,3.0641910909693584,0.30247872050479424,0.2006376195536663,0.1239107332624867,0.393836344314559,0.281615302869288,0.0,0.0,0.18989249214408083,0.16603494480465275,0.30586741913250115,0.3382051439187653,0.0,0.0
Flynn,FLYNN,QLD,Rural,IND|ALP+GRN+LNP+ON+OTH,IND,ALP+GRN+LNP+ON+OTH,5023.0,False,0.49468416109185825,9.800235482312484,5.639821941190181,ALP,away from local history,-5.639821941190181,True,True,4.931102928901378,0.48325969890754306,0.3091777822018713,0.1088990643042006,0.1447342225761497,0.2271550866016325,0.0,0.2100338443161457,0.25277956278996955,0.12123882366514588,0.17684442231322217,0.18555095119040954,0.0,0.2635862400412529
Melbourne,MELBOURNE,VIC,Inner metro,ON|ALP+GRN+IND+LNP,ON,ALP+GRN+IND+LNP,2624.0,False,0.49624702142853383,9.798557098298662,8.955964409971601,LNP,toward pooled evidence,8.955964409971601,False,False,,0.0,0.2076981707317073,0.3902439024390244,0.0514481707317073,0.0,0.3506097560975609,0.0,0.15257111718260724,0.47980354653874047,0.05987409761497794,0.0,0.30775123866367443,0.0
Monash,MONASH,VIC,Rural,ON|ALP+IND+LNP+OTH,ON,ALP+IND+LNP+OTH,10662.0,False,0.5,9.64795322385362,8.517398236728567,OTH,away from local history,-8.517398236728567,False,False,,0.0,0.1539110861001688,0.2992871881448133,0.0,0.0,0.1303695366722941,0.4164321890827236,0.14260553622891833,0.37804767568765885,0.0,0.0,0.14808858136798486,0.33125820671543804
Clark,CLARK,TAS,Inner metro,ON|ALP+GRN+IND+LNP,ON,ALP+GRN+IND+LNP,2834.0,False,0.49624702142853383,9.634230092464314,9.150625999536116,LNP,toward pooled evidence,9.150625999536116,False,False,,0.0,0.1651376146788991,0.386379675370501,0.0585744530698659,0.0,0.3899082568807339,0.0,0.131450568011059,0.4778859353658622,0.06341049399914792,0.0,0.3272530026239309,0.0
Maranoa,MARANOA,QLD,Rural,OTH|ALP+GRN+LNP+ON,OTH,ALP+GRN+LNP+ON,14471.0,False,0.49210290739708495,9.600764618586402,7.795204322324295,ON,away from local history,-7.795204322324295,False,False,,0.0,0.1347522631469836,0.2533342547163292,0.0393200193490429,0.5725934627876442,0.0,0.0,0.1570756435241406,0.23527865175370818,0.11300428515774998,0.4946414195644013,0.0,0.0
Braddon,BRADDON,TAS,Rural,ON|ALP+LNP,ON,ALP+LNP,10932.0,False,0.49385098454142856,9.600344269557398,9.600344269557404,LNP,toward pooled evidence,9.600344269557404,False,False,,0.0,0.460300036589828,0.539699963410172,0.0,0.0,0.0,0.0,0.36429659389425406,0.635703406105746,0.0,0.0,0.0,0.0
Richmond,RICHMOND,NSW,Rural,IND|ALP+GRN+LNP+ON+OTH,IND,ALP+GRN+LNP+ON+OTH,2503.0,False,0.49468416109185825,9.525596918758811,8.176752934486098,OTH,away from local history,-8.176752934486098,False,False,,0.0,0.1118657610866959,0.1574111066719936,0.1054734318817419,0.1474230922892529,0.0,0.4778266080703156,0.15517243115127,0.14523696264671024,0.15742273100475598,0.14610879647180922,0.0,0.39605907872545465
Hindmarsh,HINDMARSH,SA,Inner metro,OTH|ALP+GRN+IND+LNP+ON,OTH,ALP+GRN+IND+LNP+ON,4703.0,False,0.4928760932248753,9.438856353893776,6.646846490799802,GRN,away from local history,-6.646846490799802,False,False,,0.0,0.1864767169891558,0.152881139698065,0.2815224324899,0.3059749096321497,0.0731448011907293,0.0,0.15855661835821605,0.1751458528902528,0.2150539675819021,0.3167310137434908,0.1345125474261383,0.0
Griffith,GRIFFITH,QLD,Inner metro,OTH|ALP+GRN+LNP+ON,OTH,ALP+GRN+LNP+ON,5247.0,False,0.49210290739708495,9.365234448403752,5.9956744406393385,GRN,toward pooled evidence,5.9956744406393385,True,True,3.3031787958018097,0.3093504384767993,0.1164474938059843,0.3007432818753573,0.1185439298646845,0.4642652944539737,0.0,0.0,0.15014309388362845,0.25269131676577594,0.1785006742710779,0.4186649150795177,0.0,0.0
Kooyong,KOOYONG,VIC,Inner metro,GRN|ALP+IND+LNP,GRN,ALP+IND+LNP,9219.0,False,0.4891380938285854,9.3098536114829,9.309853611482898,ALP,toward pooled evidence,9.309853611482898,False,False,,0.0,0.2374444082872329,0.0754962577286039,0.0,0.0,0.6870593339841632,0.0,0.3305429444020619,0.07506291738786959,0.0,0.0,0.5943941382100685,0.0
Bullwinkel,BULLWINKEL,WA,Outer metro,ON|ALP+GRN+LNP,ON,ALP+GRN+LNP,12102.0,False,0.4973863553484676,9.234312365696647,9.23431236569665,LNP,away from local history,-9.23431236569665,False,False,,0.0,0.0950256156007271,0.7872252520244588,0.117749132374814,0.0,0.0,0.0,0.14108856302995698,0.6948821283674924,0.16402930860255058,0.0,0.0,0.0
Adelaide,ADELAIDE,SA,Inner metro,OTH|ALP+GRN+LNP+ON,OTH,ALP+GRN+LNP+ON,7256.0,False,0.49210290739708495,9.232242368972157,4.967462866785458,ALP,away from local history,-4.967462866785458,True,True,5.064865080949351,0.467600619934682,0.2805953693495038,0.1214167585446527,0.3205622932745314,0.277425578831312,0.0,0.0,0.23092074068164928,0.16444421326132502,0.27791449825266445,0.3267205478043613,0.0,0.0
Hawke,HAWKE,VIC,Provincial,OTH|ALP+GRN+LNP+ON,OTH,ALP+GRN+LNP+ON,11602.0,False,0.49210290739708495,9.218752115894327,7.407905308327373,GRN,away from local history,-7.407905308327373,False,False,,0.0,0.2151353214962937,0.1580761937596966,0.3664885364592312,0.2602999482847785,0.0,0.0,0.19702685342062415,0.18284786724788998,0.29240948337595746,0.32771579595552836,0.0,0.0
Cook,COOK,NSW,Inner metro,OTH|ALP+GRN+LNP+ON,OTH,ALP+GRN+LNP+ON,6524.0,False,0.49210290739708495,9.194617521848167,6.535806326434944,GRN,toward pooled evidence,6.535806326434944,True,True,5.892642783764294,0.5418059658959133,0.1304414469650521,0.3303188228080932,0.1079092581238504,0.4313304721030043,0.0,0.0,0.15702955891918435,0.2672455264466168,0.17326732138819984,0.40245759324599906,0.0,0.0
Bradfield,BRADFIELD,NSW,Inner metro,ON|ALP+GRN+IND+LNP+OTH,ON,ALP+GRN+IND+LNP+OTH,2555.0,False,0.49390997044238744,9.048540584432935,9.04854058443293,LNP,away from local history,-9.04854058443293,False,False,,0.0,0.061839530332681,0.5996086105675147,0.0426614481409002,0.0,0.1185909980430528,0.1772994129158512,0.08127570632041896,0.5091232047231855,0.05495457608120694,0.0,0.16005854416911686,0.1945879687060719
Cowan,COWAN,WA,Inner metro,IND|ALP+GRN+LNP+ON+OTH,IND,ALP+GRN+LNP+ON+OTH,3941.0,False,0.49468416109185825,8.886230979995553,7.928856744076795,GRN,away from local history,-7.928856744076795,True,True,3.3033630639339324,0.2935444719690274,0.1750824663790916,0.1009895965490992,0.4148693225069779,0.1575742197411824,0.0,0.1514843948236488,0.1922034373696336,0.11828527164036978,0.33558075506621,0.14800047738199487,0.0,0.20593005854179183
Gippsland,GIPPSLAND,VIC,Rural,OTH|ALP+GRN+LNP+ON,OTH,ALP+GRN+LNP+ON,3416.0,False,0.49210290739708495,8.847282674486904,8.847282674486905,LNP,away from local history,-8.847282674486905,True,True,3.5642421309643577,0.3153385765295724,0.0998243559718969,0.3919789227166276,0.0922131147540983,0.415983606557377,0.0,0.0,0.13988751885398493,0.30350609597175865,0.13903313118780913,0.4175732539864473,0.0,0.0
Dunkley,DUNKLEY,VIC,Outer metro,OTH|ALP+GRN+LNP+ON,OTH,ALP+GRN+LNP+ON,8897.0,False,0.49210290739708495,8.821826066731202,7.01766090569188,ON,toward pooled evidence,7.01766090569188,True,True,9.170738823674684,0.8090266280587717,0.2568281443183095,0.1658986175115207,0.3160615937956614,0.2612116443745083,0.0,0.0,0.21826295807928903,0.18394026912191389,0.2664085193673699,0.33138825343142714,0.0,0.0
Parramatta,PARRAMATTA,NSW,Inner metro,OTH|ALP+GRN+IND+LNP+ON,OTH,ALP+GRN+IND+LNP+ON,4363.0,False,0.4928760932248753,8.799592871547837,7.021664201552416,IND,toward pooled evidence,7.021664201552416,False,False,,0.0,0.1196424478569791,0.1735044694017877,0.256474902589961,0.3946825578730231,0.0556956222782489,0.0,0.12561560489480894,0.18531059906391217,0.20270863889988688,0.360452892847619,0.12591226429377309,0.0
Barton,BARTON,NSW,Inner metro,OTH|ALP+GRN+LNP+ON,OTH,ALP+GRN+LNP+ON,7233.0,False,0.49210290739708495,8.723832969931324,8.723832969931323,ON,away from local history,-8.723832969931323,True,True,5.89991441870799,0.5146986792569797,0.1364579012857735,0.186091524955067,0.1312042029586617,0.5462463708004978,0.0,0.0,0.1599902735826331,0.19627085384711723,0.18473083146906516,0.45900804110118454,0.0,0.0
Monash,MONASH,VIC,Rural,GRN|ALP+IND+LNP+ON+OTH,GRN,ALP+IND+LNP+ON+OTH,6197.0,False,0.4893801277488708,8.50889242030766,8.426367804824169,IND,away from local history,-8.426367804824169,False,False,,0.0,0.3611424883007907,0.0495401000484105,0.0,0.0476036791996127,0.4789414232693239,0.0627723091818621,0.4140837197138947,0.06216700079886642,0.0,0.04677843304477779,0.39467774522108223,0.08229310122137887
Lalor,LALOR,VIC,Outer metro,OTH|ALP+GRN+IND+LNP+ON,OTH,ALP+GRN+IND+LNP+ON,6334.0,False,0.4928760932248753,8.448443926121227,7.659806474452266,IND,toward pooled evidence,7.659806474452266,False,False,,0.0,0.1957688664351121,0.2374486896116198,0.1959267445532049,0.3283864856330912,0.0424692137669718,0.0,0.15853846060989882,0.22680811712998447,0.15931328359884137,0.3362728601497808,0.11906727851149446,0.0
Chifley,CHIFLEY,NSW,Outer metro,IND|ALP+GRN+LNP+ON+OTH,IND,ALP+GRN+LNP+ON+OTH,1519.0,False,0.49468416109185825,8.442889886102213,8.442889886102211,OTH,away from local history,-8.442889886102211,False,False,,0.0,0.1981566820276497,0.0994075049374588,0.140882159315339,0.0994075049374588,0.0,0.4621461487820935,0.1990521151757139,0.11472193725746552,0.1860167933541087,0.12249190429164047,0.0,0.3777172499210715
Boothby,BOOTHBY,SA,Outer metro,OTH|ALP+GRN+LNP+ON,OTH,ALP+GRN+LNP+ON,5601.0,False,0.49210290739708495,8.396034297405327,7.137021916985908,ON,away from local history,-7.137021916985908,False,False,,0.0,0.1203356543474379,0.2262096054276022,0.1135511515800749,0.5399035886448849,0.0,0.0,0.15109460692675564,0.21361948162340805,0.16675254197481046,0.4685333694750259,0.0,0.0
Calare,CALARE,NSW,Rural,OTH|IND+LNP,OTH,IND+LNP,33576.0,True,0.5,8.313297376914251,8.313297376914253,IND,away from local history,-8.313297376914253,False,False,,0.0,0.0,0.2342149154157731,0.0,0.0,0.7657850845842268,0.0,0.0,0.31734788918491563,0.0,0.0,0.6826521108150844,0.0
Mitchell,MITCHELL,NSW,Outer metro,OTH|ALP+GRN+LNP+ON,OTH,ALP+GRN+LNP+ON,2675.0,False,0.49210290739708495,8.256428212612956,5.941944263167318,GRN,toward pooled evidence,5.941944263167318,True,True,2.226224273910951,0.1838066090272217,0.1353271028037383,0.2553271028037383,0.1013084112149532,0.5080373831775701,0.0,0.0,0.15847194229819458,0.2279482867383316,0.16072785384662638,0.4528519171168473,0.0,0.0
O'Connor,O'CONNOR,WA,Rural,ON|ALP+LNP,ON,ALP+LNP,15936.0,False,0.49385098454142856,8.21886235343625,8.218862353436252,ALP,toward pooled evidence,8.218862353436252,False,False,,0.0,0.1082454819277108,0.8917545180722891,0.0,0.0,0.0,0.0,0.19043410546207334,0.8095658945379267,0.0,0.0,0.0,0.0
Wright,WRIGHT,QLD,Rural,OTH|ALP+GRN+LNP+ON,OTH,ALP+GRN+LNP+ON,17237.0,False,0.49210290739708495,8.217169605226331,8.217169605226331,ON,away from local history,-8.217169605226331,False,False,,0.0,0.1130707199628705,0.148691767708998,0.157335963334687,0.5809015489934444,0.0,0.0,0.14640609308638308,0.1837837796601388,0.17108027431229697,0.49872985294118116,0.0,0.0
Fowler,FOWLER,NSW,Outer metro,ON|ALP+GRN+IND+LNP+OTH,ON,ALP+GRN+IND+LNP+OTH,4024.0,False,0.49390997044238744,8.172547154614872,8.17254715461487,LNP,toward pooled evidence,8.17254715461487,False,False,,0.0,0.121520874751491,0.2224155069582505,0.1006461232604373,0.0,0.2895129224652087,0.2659045725646123,0.11059944757324155,0.30414097850439925,0.08455614161915134,0.0,0.25725889526107526,0.2434445370421326
Dickson,DICKSON,QLD,Outer metro,IND|ALP+LNP,IND,ALP+LNP,21495.0,False,0.4842595328516168,8.140274496991289,8.140274496991292,LNP,toward pooled evidence,8.140274496991292,False,False,,0.0,0.7697138869504536,0.2302861130495464,0.0,0.0,0.0,0.0,0.6883111419805408,0.31168885801945934,0.0,0.0,0.0,0.0
Grayndler,GRAYNDLER,NSW,Inner metro,OTH|ALP+GRN+IND+LNP+ON,OTH,ALP+GRN+IND+LNP+ON,1729.0,False,0.4928760932248753,8.096852072811652,6.784058733665843,ON,away from local history,-6.784058733665843,True,True,1.270250319,0.10285028928384812,0.0960092539039907,0.2226720647773279,0.0815500289184499,0.4609600925390399,0.1388085598611914,0.0,0.11396736858883427,0.20954413138586986,0.11649235055681763,0.3931195052023816,0.1668766442660967,0.0
Moore,MOORE,WA,Outer metro,IND|ALP+LNP,IND,ALP+LNP,17560.0,False,0.4842595328516168,8.096080843889874,8.096080843889874,ALP,toward pooled evidence,8.096080843889874,False,True,,0.0,0.4548974943052392,0.5451025056947608,0.0,0.0,0.0,0.0,0.5358583027441379,0.4641416972558621,0.0,0.0,0.0,0.0
Reid,REID,NSW,Inner metro,OTH|ALP+GRN+IND+LNP+ON,OTH,ALP+GRN+IND+LNP+ON,2804.0,False,0.4928760932248753,7.990063622117255,7.280835802955527,ON,away from local history,-7.280835802955527,False,False,,0.0,0.0848787446504992,0.2107703281027104,0.0666904422253922,0.470756062767475,0.1669044222539229,0.0,0.10848140667237004,0.20367804991109317,0.109168415520607,0.3979477047379199,0.1807244231580099,0.0
Chifley,CHIFLEY,NSW,Outer metro,OTH|ALP+GRN+LNP+ON,OTH,ALP+GRN+LNP+ON,9844.0,False,0.49210290739708495,7.947160705967008,6.384943238361257,ON,toward pooled evidence,6.384943238361257,False,False,,0.0,0.2281592848435595,0.1706623323852092,0.3275091426249492,0.273669240146282,0.0,0.0,0.2041549289800061,0.18628450706126676,0.2720418914288326,0.33751867252989465,0.0,0.0
Kooyong,KOOYONG,VIC,Inner metro,ON|ALP+GRN+IND+LNP,ON,ALP+GRN+IND+LNP,2275.0,False,0.49624702142853383,7.9213130817017525,7.9213130817017525,LNP,away from local history,-7.9213130817017525,False,False,,0.0,0.0685714285714285,0.7252747252747253,0.0663736263736263,0.0,0.1397802197802198,0.0,0.08352988578451326,0.6460615944577078,0.06728081052074394,0.0,0.203127709237035,0.0
Franklin,FRANKLIN,TAS,Outer metro,LNP|ALP+IND,LNP,ALP+IND,17810.0,False,0.48741049589258173,7.829611210165605,7.829611210165605,ALP,away from local history,-7.829611210165605,False,False,,0.0,0.5104435710275126,0.0,0.0,0.0,0.4895564289724873,0.0,0.43214745892585665,0.0,0.0,0.0,0.5678525410741434,0.0
Dunkley,DUNKLEY,VIC,Outer metro,IND|ALP+GRN+LNP+ON+OTH,IND,ALP+GRN+LNP+ON+OTH,3772.0,False,0.49468416109185825,7.802606926455711,5.502184806054078,ON,away from local history,-5.502184806054078,True,True,2.6948160548113624,0.2102659041479519,0.1983032873806998,0.1752386002120891,0.1821314952279957,0.2539766702014846,0.0,0.1903499469777306,0.19912463852179907,0.1522343790080728,0.20642218648565752,0.1989548221409439,0.0,0.2432639738435268
Bowman,BOWMAN,QLD,Outer metro,IND|ALP+GRN+LNP+ON+OTH,IND,ALP+GRN+LNP+ON+OTH,4044.0,False,0.49468416109185825,7.694767343313716,7.187901332122568,OTH,toward pooled evidence,7.187901332122568,False,False,,0.0,0.23837784371909,0.1196834817012858,0.26162215628091,0.2274975272007913,0.0,0.1528189910979228,0.218948886805184,0.12475214181319728,0.2457449574632557,0.18585600949921455,0.0,0.2246980044191485
Werriwa,WERRIWA,NSW,Outer metro,IND|ALP+GRN+LNP+ON+OTH,IND,ALP+GRN+LNP+ON+OTH,2592.0,False,0.49468416109185825,7.678823865127707,4.270910666538104,ON,toward pooled evidence,4.270910666538104,True,True,2.3080937368384333,0.1772344526938675,0.2380401234567901,0.2075617283950617,0.2662037037037037,0.0605709876543209,0.0,0.2276234567901234,0.21878182194054446,0.1682241185571312,0.24801137640660298,0.10328009431970195,0.0,0.2617025887760195
Melbourne,MELBOURNE,VIC,Inner metro,IND|ALP+GRN+LNP,IND,ALP+GRN+LNP,5872.0,False,0.4960167318320175,7.643111666000581,7.643111666000579,LNP,away from local history,-7.643111666000579,False,False,,0.0,0.3225476839237057,0.4283038147138964,0.2491485013623978,0.0,0.0,0.0,0.32902550243101664,0.35187269805389065,0.31910179951509277,0.0,0.0,0.0
Ballarat,BALLARAT,VIC,Provincial,OTH|ALP+GRN+IND+LNP+ON,OTH,ALP+GRN+IND+LNP+ON,5567.0,False,0.4928760932248753,7.616027184649862,7.145378206090223,IND,toward pooled evidence,7.145378206090223,False,False,,0.0,0.1823244117118735,0.2302856116400215,0.135261361595114,0.3811747799532962,0.0709538350996946,0.0,0.15797502557996856,0.20054593913134616,0.13996785138071044,0.35910356674737803,0.14240761716059686,0.0
Jagajaga,JAGAJAGA,VIC,Outer metro,OTH|ALP+GRN+IND+LNP+ON,OTH,ALP+GRN+IND+LNP+ON,3213.0,False,0.4928760932248753,7.599647931364345,7.599647931364345,LNP,away from local history,-7.599647931364345,True,True,3.6282067681088472,0.27573094059820513,0.0874572051042639,0.3663243075007781,0.0877684407096171,0.3208839091192032,0.1375661375661375,0.0,0.10515423212245456,0.2903278281871347,0.1060046413505848,0.332575019548495,0.16593827879133094,0.0
Macquarie,MACQUARIE,NSW,Provincial,OTH|ALP+GRN+LNP+ON,OTH,ALP+GRN+LNP+ON,5036.0,False,0.49210290739708495,7.550629942979118,7.550629942979114,ON,away from local history,-7.550629942979114,True,True,4.070887177122126,0.3073776261406806,0.1473391580619539,0.1947974583002382,0.1161636219221604,0.5416997617156474,0.0,0.0,0.16366416428421762,0.20091850829158803,0.16922386513833812,0.46619346228585634,0.0,0.0
Calwell,CALWELL,VIC,Outer metro,ON|ALP+GRN+IND+LNP+OTH,ON,ALP+GRN+IND+LNP+OTH,5008.0,False,0.49390997044238744,7.541712848470369,7.541712848470372,IND,away from local history,-7.541712848470372,False,False,,0.0,0.0994408945686901,0.2517971246006389,0.0652955271565495,0.0,0.3748003194888178,0.2086661341853035,0.09969392521378587,0.31865285240570085,0.06709612974235935,0.0,0.29938319100411415,0.21517390163403977
McEwen,MCEWEN,VIC,Rural,OTH|ALP+GRN+LNP+ON,OTH,ALP+GRN+LNP+ON,13034.0,False,0.49210290739708495,7.5336190818011985,7.425441522678261,GRN,away from local history,-7.425441522678261,True,True,10.9181769,0.8225338583232106,0.180834739911002,0.1448519257326991,0.330596900414301,0.3437164339419978,0.0,0.0,0.17975296431977267,0.18189418225965676,0.25634248518751845,0.38201036823305223,0.0,0.0
Holt,HOLT,VIC,Outer metro,OTH|ALP+GRN+LNP+ON,OTH,ALP+GRN+LNP+ON,9930.0,False,0.49210290739708495,7.47257365923282,5.223646376446012,GRN,away from local history,-5.223646376446012,True,True,10.48790597,0.7837164989193264,0.2251762336354481,0.1543806646525679,0.3211480362537764,0.2992950654582074,0.0,0.0,0.20268696080758009,0.17827225103276065,0.26891157248931635,0.35012921567034294,0.0,0.0
Longman,LONGMAN,QLD,Provincial,OTH|ALP+GRN+LNP+ON,OTH,ALP+GRN+LNP+ON,10655.0,False,0.49210290739708495,7.441895819918365,7.441895819918365,ON,away from local history,-7.441895819918365,True,True,9.136291670903645,0.6799133079525281,0.1379633974659784,0.1949319568277804,0.1275457531675269,0.5395588925387143,0.0,0.0,0.15905032523587903,0.20098469540803215,0.17482504501655816,0.4651399343395306,0.0,0.0
Wannon,WANNON,VIC,Rural,GRN|ALP+IND+LNP+ON,GRN,ALP+IND+LNP+ON,4332.0,False,0.4931708529322558,7.405007795080467,7.405007795080465,ALP,toward pooled evidence,7.405007795080465,False,False,,0.0,0.291320406278855,0.080101569713758,0.0,0.0787165281625115,0.5498614958448753,0.0,0.36537048422965973,0.07965214771468848,0.0,0.07813300549784352,0.47684436255780827,0.0
Durack,DURACK,WA,Rural,ON|ALP+LNP,ON,ALP+LNP,12739.0,False,0.49385098454142856,7.380270477947318,7.380270477947322,ALP,toward pooled evidence,7.380270477947322,False,False,,0.0,0.1248135646440066,0.8751864353559934,0.0,0.0,0.0,0.0,0.19861626942347982,0.8013837305765202,0.0,0.0,0.0,0.0
Franklin,FRANKLIN,TAS,Outer metro,OTH|ALP+GRN+IND+LNP,OTH,ALP+GRN+IND+LNP,4814.0,False,0.49126663521074854,7.3644237189332955,7.128348400825716,GRN,toward pooled evidence,7.128348400825716,False,False,,0.0,0.2179061071873701,0.3404653095139177,0.0388450353136684,0.0,0.4027835479850436,0.0,0.20148276724375427,0.2832444122682007,0.11012851932192555,0.0,0.40514430116611955,0.0
Dickson,DICKSON,QLD,Outer metro,OTH|ALP+GRN+IND+LNP+ON,OTH,ALP+GRN+IND+LNP+ON,8085.0,False,0.4928760932248753,7.35670023606434,4.07161607061009,LNP,toward pooled evidence,4.07161607061009,True,True,6.708387622268336,0.4935159680435256,0.1652442795299938,0.136178107606679,0.1494124922696351,0.2791589363017934,0.2700061842918986,0.0,0.14349362146880093,0.17689426831277993,0.13638752065403925,0.31200977795633594,0.23121481160804402,0.0
Tangney,TANGNEY,WA,Inner metro,OTH|ALP+GRN+LNP+ON,OTH,ALP+GRN+LNP+ON,6859.0,False,0.49210290739708495,7.355710410180842,6.764872493247612,ON,toward pooled evidence,6.764872493247612,True,True,5.685350100943146,0.41819788923030204,0.216795451231958,0.3169558244642076,0.2249599066919376,0.2412888176118967,0.0,0.0,0.19952461548430903,0.2606695561100483,0.23086828586127,0.3089375425443728,0.0,0.0
Deakin,DEAKIN,VIC,Outer metro,OTH|ALP+GRN+IND+LNP+ON,OTH,ALP+GRN+IND+LNP+ON,5544.0,False,0.4928760932248753,7.328044184612184,4.273686001392879,ON,away from local history,-4.273686001392879,True,True,4.943797684752811,0.3622836787365201,0.0773809523809523,0.2766955266955267,0.0811688311688311,0.4282106782106782,0.1365440115440115,0.0,0.10018788804584222,0.2461519448633337,0.10275185158331257,0.38547381819674953,0.16543449731076199,0.0
Bean,BEAN,ACT,Inner metro,LNP|ALP+IND,LNP,ALP+IND,23959.0,False,0.48741049589258173,7.249770811691432,7.249770811691436,IND,away from local history,-7.249770811691436,True,True,18.800379415705518,1.3629844193670628,0.202053508076297,0.0,0.0,0.0,0.797946491923703,0.0,0.27455121619321127,0.0,0.0,0.0,0.7254487838067887,0.0
Leichhardt,LEICHHARDT,QLD,Rural,IND|ALP+GRN+LNP+ON+OTH,IND,ALP+GRN+LNP+ON+OTH,1699.0,False,0.49468416109185825,7.21500758289145,6.694788365613352,OTH,away from local history,-6.694788365613352,False,False,,0.0,0.1477339611536197,0.1436138905238375,0.1977633902295467,0.0623896409652736,0.0,0.4484991171277221,0.17291586161125114,0.1384116983510566,0.2030771116272424,0.10404409493886115,0.0,0.3815512334715888
Watson,WATSON,NSW,Inner metro,LNP|ALP+IND,LNP,ALP+IND,17512.0,False,0.48741049589258173,7.203072434850933,7.203072434850933,ALP,away from local history,-7.203072434850933,False,False,,0.0,0.4840109639104614,0.0,0.0,0.0,0.5159890360895386,0.0,0.41198023956195207,0.0,0.0,0.0,0.5880197604380479,0.0
Mallee,MALLEE,VIC,Rural,GRN|ALP+LNP+ON,GRN,ALP+LNP+ON,10918.0,False,0.4967857809627051,7.193110585518209,7.193110585518209,LNP,away from local history,-7.193110585518209,False,False,,0.0,0.5928741527752336,0.3203883495145631,0.0,0.0867374977102033,0.0,0.0,0.6425117461160912,0.248457243659381,0.0,0.1090310102245278,0.0,0.0
Goldstein,GOLDSTEIN,VIC,Inner metro,GRN|ALP+IND+LNP,GRN,ALP+IND+LNP,8728.0,False,0.4891380938285854,7.178975187559978,7.178975187559978,IND,away from local history,-7.178975187559978,False,False,,0.0,0.3032768102658111,0.0505270394133822,0.0,0.0,0.6461961503208066,0.0,0.3627440800180209,0.06284952153677226,0.0,0.0,0.5744063984452069,0.0
Riverina,RIVERINA,NSW,Rural,OTH|ALP+GRN+IND+LNP+ON,OTH,ALP+GRN+IND+LNP+ON,20673.0,False,0.4928760932248753,7.17315908518235,4.172560790812171,IND,away from local history,-4.172560790812171,False,False,,0.0,0.1766071687708605,0.134184685338364,0.0517099598510134,0.3479901320563053,0.2895080539834567,0.0,0.14660118582715873,0.16485780435739647,0.08366998781351032,0.3570885759265995,0.24778244607533503,0.0
Lalor,LALOR,VIC,Outer metro,IND|ALP+GRN+LNP+ON+OTH,IND,ALP+GRN+LNP+ON+OTH,2370.0,False,0.49468416109185825,7.057346638829788,4.867734252975545,OTH,toward pooled evidence,4.867734252975545,True,True,2.508418764250842,0.17702780734663248,0.1818565400843881,0.1822784810126582,0.3172995780590717,0.1198312236286919,0.0,0.1987341772151898,0.19098869313283331,0.155716896536089,0.2732876961473432,0.13259519443878923,0.0,0.2474115197449453
Farrer,FARRER,NSW,Rural,OTH|ALP+GRN+IND+LNP+ON,OTH,ALP+GRN+IND+LNP+ON,10314.0,False,0.4928760932248753,7.054615621846602,7.054615621846599,ON,away from local history,-7.054615621846599,False,False,,0.0,0.0767888307155322,0.1818886949777002,0.0642815590459569,0.5050416909055653,0.1719992243552453,0.0,0.09740311333424861,0.1883699702595943,0.08986622851030307,0.4344955346870994,0.18986515320875474,0.0
Mackellar,MACKELLAR,NSW,Outer metro,ON|ALP+GRN+IND+LNP,ON,ALP+GRN+IND+LNP,5613.0,False,0.49624702142853383,7.05339468400269,5.18959021540994,IND,toward pooled evidence,5.18959021540994,False,False,,0.0,0.0591484054872617,0.6176732585070372,0.1526812756101906,0.0,0.1704970603955104,0.0,0.07778645017318928,0.5886676456198208,0.11115294165738025,0.0,0.2223929625496098,0.0
Wide Bay,WIDE BAY,QLD,Rural,OTH|ALP+GRN+LNP+ON,OTH,ALP+GRN+LNP+ON,11183.0,False,0.49210290739708495,7.048947148576085,7.048947148576085,ON,away from local history,-7.048947148576085,True,True,11.016838602546867,0.7765711305374569,0.154699096843423,0.1521058749888223,0.1352946436555486,0.557900384512206,0.0,0.0,0.16689153837952453,0.18546387177870588,0.16023367681532436,0.4874109130264452,0.0,0.0
Casey,CASEY,VIC,Rural,IND|ALP+LNP,IND,ALP+LNP,22820.0,False,0.4842595328516168,7.011176550980758,7.011176550980758,ALP,away from local history,-7.011176550980758,False,False,,0.0,0.7613496932515338,0.2386503067484662,0.0,0.0,0.0,0.0,0.6912379277417262,0.3087620722582738,0.0,0.0,0.0,0.0
Lilley,LILLEY,QLD,Inner metro,OTH|ALP+GRN+LNP+ON,OTH,ALP+GRN+LNP+ON,5874.0,False,0.49210290739708495,7.000020707454907,6.859198846746228,ON,away from local history,-6.859198846746228,True,True,5.004442072400356,0.3503119813606104,0.1855635001702417,0.1750085120871637,0.1298944501191692,0.5095335376234252,0.0,0.0,0.18415528156315497,0.1908168709921027,0.18408629828877934,0.44094154915596306,0.0,0.0
Macnamara,MACNAMARA,VIC,Inner metro,OTH|ALP+GRN+IND+LNP+ON,OTH,ALP+GRN+IND+LNP+ON,1299.0,False,0.4928760932248753,6.9941013091263295,4.23338722025515,GRN,toward pooled evidence,4.23338722025515,False,False,,0.0,0.0769822940723633,0.2363356428021555,0.0669745958429561,0.3987682832948422,0.2209391839876828,0.0,0.10458943496107512,0.21627858234222014,0.10930846804550762,0.3624666492315147,0.20735686541968246,0.0
Spence,SPENCE,SA,Outer metro,ON|ALP+GRN+LNP,ON,ALP+GRN+LNP,16872.0,False,0.4973863553484676,6.992388185217692,6.99238818521769,LNP,toward pooled evidence,6.99238818521769,False,False,,0.0,0.2467994310099573,0.4643788525367472,0.2888217164532954,0.0,0.0,0.0,0.2165787879136851,0.5343027343889242,0.24911847769739076,0.0,0.0,0.0
Oxley,OXLEY,QLD,Outer metro,IND|ALP+GRN+LNP+ON+OTH,IND,ALP+GRN+LNP+ON+OTH,1435.0,False,0.49468416109185825,6.9456295355130715,6.2560707777822575,GRN,away from local history,-6.2560707777822575,False,False,,0.0,0.1554006968641115,0.0648083623693379,0.3540069686411149,0.1170731707317073,0.0,0.3087108013937282,0.17790140652343306,0.09760628944165703,0.2914462608632924,0.13123082935519742,0.0,0.3018152138164201
Petrie,PETRIE,QLD,Outer metro,OTH|ALP+GRN+LNP+ON,OTH,ALP+GRN+LNP+ON,8408.0,False,0.49210290739708495,6.8500348501000925,6.85003485010009,ON,away from local history,-6.85003485010009,True,True,6.8108124100000005,0.466543023659942,0.1148905803996194,0.1776879162702188,0.1731684110371075,0.5342530922930543,0.0,0.0,0.14841507020604203,0.18974181731724205,0.19609036868466256,0.4657527437920534,0.0,0.0
Watson,WATSON,NSW,Inner metro,GRN|ALP+IND+LNP,GRN,ALP+IND+LNP,8717.0,False,0.4891380938285854,6.8329046338327455,6.832904633832748,IND,toward pooled evidence,6.832904633832748,False,False,,0.0,0.5085465182975795,0.1195365377997017,0.0,0.0,0.3719169439027188,0.0,0.46314931372543033,0.09660469603352342,0.0,0.0,0.44024599024104627,0.0
Warringah,WARRINGAH,NSW,Inner metro,OTH|ALP+GRN+IND+LNP+ON,OTH,ALP+GRN+IND+LNP+ON,4092.0,False,0.4928760932248753,6.81512753303741,4.705067555435949,GRN,toward pooled evidence,4.705067555435949,True,True,3.708380772888749,0.2527308790830066,0.0950635386119257,0.2519550342130987,0.0576735092864125,0.4064027370478983,0.1889051808406647,0.0,0.11350124813037822,0.22397700695939599,0.10472418484077199,0.366229488971227,0.19156807109822682,0.0
Bowman,BOWMAN,QLD,Outer metro,OTH|ALP+GRN+LNP+ON,OTH,ALP+GRN+LNP+ON,7764.0,False,0.49210290739708495,6.7206879910799735,5.882250098348046,ON,away from local history,-5.882250098348046,True,True,8.214780161835705,0.5520897438301122,0.1443843379701185,0.2179289026275115,0.1224884080370942,0.5151983513652756,0.0,0.0,0.1629290340565494,0.20954452370019222,0.171150591861463,0.45637585038179523,0.0,0.0
McMahon,MCMAHON,NSW,Outer metro,ON|ALP+GRN+IND+LNP,ON,ALP+GRN+IND+LNP,8544.0,False,0.49624702142853383,6.718150916183227,6.71815091618323,LNP,toward pooled evidence,6.71815091618323,False,False,,0.0,0.1487593632958801,0.4267322097378277,0.0761938202247191,0.0,0.348314606741573,0.0,0.1222556210730742,0.49391371889966007,0.07319626974569216,0.0,0.3106343902815737,0.0
Fadden,FADDEN,QLD,Outer metro,IND|ALP+GRN+LNP+ON+OTH,IND,ALP+GRN+LNP+ON+OTH,3428.0,False,0.49468416109185825,6.690396396785328,6.690396396785325,GRN,away from local history,-6.690396396785325,True,True,3.3463922879999997,0.22388690905865408,0.1893232205367561,0.1053092182030338,0.3626021003500583,0.1032672112018669,0.0,0.2394982497082847,0.19468234168855397,0.11764142133325117,0.2956981363822051,0.12440123984711018,0.0,0.26757686074887965
Gorton,GORTON,VIC,Outer metro,OTH|ALP+GRN+LNP+ON,OTH,ALP+GRN+LNP+ON,11027.0,False,0.49210290739708495,6.627909891094529,6.62790989109453,ON,toward pooled evidence,6.62790989109453,True,True,10.71247087,0.7100129163733501,0.2780447991294096,0.2030470662918291,0.2500226716241951,0.268885462954566,0.0,0.0,0.22870373559707174,0.20222112877199536,0.2339105737654216,0.33516456186551136,0.0,0.0
Banks,BANKS,NSW,Inner metro,IND|ALP+GRN+LNP+ON+OTH,IND,ALP+GRN+LNP+ON+OTH,2101.0,False,0.49468416109185825,6.6116868563104045,3.815547245412501,OTH,toward pooled evidence,3.815547245412501,True,True,1.7797190478576224,0.1176694503664551,0.2303664921465968,0.1703950499762018,0.3322227510709186,0.0832936696811042,0.0,0.1837220371251784,0.21955156927821262,0.1526190501441561,0.2946968052082446,0.11125506579008329,0.0,0.22187750957930344
Moncrieff,MONCRIEFF,QLD,Provincial,GRN|ALP+LNP,GRN,ALP+LNP,17289.0,False,0.49623399434240484,6.585446139295023,6.585446139295026,ALP,toward pooled evidence,6.585446139295026,False,False,,0.0,0.6727977326623865,0.3272022673376135,0.0,0.0,0.0,0.0,0.7386521940553368,0.2613478059446633,0.0,0.0,0.0,0.0
Chisholm,CHISHOLM,VIC,Inner metro,OTH|ALP+GRN+IND+LNP+ON,OTH,ALP+GRN+IND+LNP+ON,4148.0,False,0.4928760932248753,6.560000254045466,3.7500723452239453,LNP,away from local history,-3.7500723452239453,True,True,4.676219637,0.306760020066924,0.1096914175506268,0.2707328833172613,0.103182256509161,0.3825940212150434,0.1337994214079074,0.0,0.12071097995385166,0.2332321598650219,0.1271543583794787,0.35449474212682824,0.16440775967481958,0.0
Paterson,PATERSON,NSW,Provincial,ON|ALP+IND+LNP,ON,ALP+IND+LNP,12187.0,False,0.49557127547287594,6.5546910048855604,6.5546910048855604,LNP,toward pooled evidence,6.5546910048855604,False,False,,0.0,0.1673914827274965,0.3822105522277837,0.0,0.0,0.4503979650447198,0.0,0.14086940894531302,0.4477574622766393,0.0,0.0,0.41137312877804766,0.0
Fadden,FADDEN,QLD,Outer metro,OTH|ALP+GRN+LNP+ON,OTH,ALP+GRN+LNP+ON,13503.0,False,0.49210290739708495,6.534006838326169,6.534006838326167,ON,away from local history,-6.534006838326167,True,True,10.788498495257299,0.7049212294328278,0.1526327482781604,0.1821076797748648,0.1372287639783751,0.5280308079685996,0.0,0.0,0.16698810075054094,0.1919167957878859,0.17840436387623526,0.462690739585338,0.0,0.0
Durack,DURACK,WA,Rural,OTH|ALP+GRN+LNP+ON,OTH,ALP+GRN+LNP+ON,10423.0,False,0.49210290739708495,6.507298957252745,6.507298957252744,ON,toward pooled evidence,6.507298957252744,False,False,,0.0,0.1789312098244267,0.3222680610189005,0.2078096517317471,0.2909910774249256,0.0,0.0,0.1788162316298511,0.26920117825315104,0.19591852311954477,0.3560640669974531,0.0,0.0
Hinkler,HINKLER,QLD,Provincial,GRN|ALP+LNP+ON,GRN,ALP+LNP+ON,9719.0,False,0.4967857809627051,6.4673039176950535,6.467303917695055,ALP,toward pooled evidence,6.467303917695055,False,False,,0.0,0.558699454676407,0.2508488527626299,0.0,0.190451692560963,0.0,0.0,0.6233724938533576,0.2066299241555608,0.0,0.1699975819910816,0.0,0.0
O'Connor,O'CONNOR,WA,Rural,GRN|ALP+LNP+ON,GRN,ALP+LNP+ON,12283.0,False,0.4967857809627051,6.446134297861943,6.4461342978619385,LNP,away from local history,-6.4461342978619385,False,False,,0.0,0.6260685500284947,0.3055442481478466,0.0,0.0683872018236587,0.0,0.0,0.6590022506791389,0.2410829051692272,0.0,0.09991484415163401,0.0,0.0
Ryan,RYAN,QLD,Outer metro,ON|ALP+GRN+LNP,ON,ALP+GRN+LNP,5265.0,False,0.4973863553484676,6.43971413630199,6.439714136301989,LNP,away from local history,-6.439714136301989,True,True,17.780948882292858,1.1450422787416437,0.1405508072174738,0.7316239316239316,0.1278252611585945,0.0,0.0,0.0,0.16373217216475128,0.6672267902609118,0.16904103757433697,0.0,0.0,0.0
Scullin,SCULLIN,VIC,Outer metro,ON|ALP+GRN+LNP,ON,ALP+GRN+LNP,13285.0,False,0.4973863553484676,6.429493063563231,6.4294930635632355,GRN,away from local history,-6.4294930635632355,False,False,,0.0,0.1747835905156191,0.487467068121942,0.3377493413624388,0.0,0.0,0.0,0.18075909148284963,0.5457864977903438,0.2734544107268065,0.0,0.0,0.0
Berowra,BEROWRA,NSW,Outer metro,IND|ALP+LNP,IND,ALP+LNP,22150.0,False,0.4842595328516168,6.416880352511267,6.416880352511267,ALP,away from local history,-6.416880352511267,False,False,,0.0,0.7362979683972912,0.2637020316027088,0.0,0.0,0.0,0.0,0.6721291648721786,0.32787083512782145,0.0,0.0,0.0,0.0
Canning,CANNING,WA,Outer metro,OTH|ALP+GRN+LNP+ON,OTH,ALP+GRN+LNP+ON,7300.0,False,0.49210290739708495,6.406913927419161,4.574501980281548,ON,toward pooled evidence,4.574501980281548,True,True,6.99948708441997,0.4484511128596084,0.2183561643835616,0.1653424657534246,0.306986301369863,0.3093150684931506,0.0,0.0,0.19933078490007727,0.1836665852248008,0.26194254157915586,0.35506008829596614,0.0,0.0
Spence,SPENCE,SA,Outer metro,GRN|ALP+LNP,GRN,ALP+LNP,24576.0,False,0.49623399434240484,6.357075150029664,6.357075150029667,ALP,toward pooled evidence,6.357075150029667,False,False,,0.0,0.6697591145833334,0.3302408854166667,0.0,0.0,0.0,0.0,0.73332986608363,0.26667013391637007,0.0,0.0,0.0,0.0
Shortland,SHORTLAND,NSW,Provincial,OTH|ALP+GRN+IND+LNP+ON,OTH,ALP+GRN+IND+LNP+ON,4680.0,False,0.4928760932248753,6.3207399351166025,3.51581070961591,GRN,toward pooled evidence,3.51581070961591,False,False,,0.0,0.1017094017094017,0.1489316239316239,0.0752136752136752,0.3959401709401709,0.2782051282051282,0.0,0.118241814394666,0.1604485035013666,0.1103717823098343,0.3663810749719266,0.24455682482220653,0.0
Goldstein,GOLDSTEIN,VIC,Inner metro,ON|ALP+GRN+IND+LNP,ON,ALP+GRN+IND+LNP,3846.0,False,0.49624702142853383,6.318019113283715,6.318019113283713,LNP,away from local history,-6.318019113283713,False,False,,0.0,0.0699427977119084,0.6934477379095164,0.0514820592823713,0.0,0.1851274050962038,0.0,0.08421042363575541,0.6302675467766794,0.05989091470730548,0.0,0.2256311148802598,0.0
Groom,GROOM,QLD,Provincial,OTH|ALP+GRN+IND+LNP+ON,OTH,ALP+GRN+IND+LNP+ON,10434.0,False,0.4928760932248753,6.271981136581795,4.40594440561401,IND,away from local history,-4.40594440561401,True,True,5.468445100109369,0.3429798451431911,0.0888441633122484,0.1655165804101974,0.0724554341575618,0.3744489170021085,0.2987349051178838,0.0,0.11190084595507041,0.16862283205683049,0.10901231123392469,0.3557885496924307,0.25467546106174377,0.0
Lyne,LYNE,NSW,Rural,IND|ALP+LNP,IND,ALP+LNP,28390.0,False,0.4842595328516168,6.258772607629451,6.258772607629459,ALP,toward pooled evidence,6.258772607629459,False,False,,0.0,0.5040507220852413,0.4959492779147587,0.0,0.0,0.0,0.0,0.5666384481615359,0.43336155183846425,0.0,0.0,0.0,0.0
Pearce,PEARCE,WA,Outer metro,OTH|ALP+GRN+LNP+ON,OTH,ALP+GRN+LNP+ON,10082.0,False,0.49210290739708495,6.258685592544746,6.2344847908027194,ON,toward pooled evidence,6.2344847908027194,True,True,9.523042309095231,0.5960172769712837,0.1804205514778813,0.2424122197976592,0.3005356080142828,0.2766316207101765,0.0,0.0,0.18066255949530163,0.2215928352623469,0.25876813662414777,0.33897646861820374,0.0,0.0
McMahon,MCMAHON,NSW,Outer metro,GRN|ALP+IND+LNP,GRN,ALP+IND+LNP,9574.0,False,0.4891380938285854,6.253798633804165,6.25379863380417,IND,toward pooled evidence,6.25379863380417,False,False,,0.0,0.6128055149362858,0.0822017965322749,0.0,0.0,0.3049926885314393,0.0,0.5511279665563991,0.08134135857411999,0.0,0.0,0.367530674869481,0.0
Warringah,WARRINGAH,NSW,Inner metro,ON|ALP+GRN+IND+LNP,ON,ALP+GRN+IND+LNP,3641.0,False,0.49624702142853383,6.167997107981772,6.167997107981771,LNP,away from local history,-6.167997107981771,False,False,,0.0,0.068662455369404,0.6904696511947267,0.0661906069761054,0.0,0.1746772864597638,0.0,0.08357505756187877,0.6287896801149091,0.06718998768986056,0.0,0.22044527463335165,0.0
Whitlam,WHITLAM,NSW,Provincial,OTH|ALP+GRN+IND+LNP+ON,OTH,ALP+GRN+IND+LNP+ON,6546.0,False,0.4928760932248753,6.166776302345898,4.8435096843180645,IND,away from local history,-4.8435096843180645,True,True,5.162227612948377,0.31834302910845685,0.1604032997250229,0.1318362358692331,0.102047051634586,0.2983501374885426,0.3073632752826153,0.0,0.14717063354474463,0.15202259542101226,0.12359731204820532,0.31828128054660315,0.25892817843943466,0.0
Greenway,GREENWAY,NSW,Outer metro,OTH|ALP+GRN+IND+LNP+ON,OTH,ALP+GRN+IND+LNP+ON,4294.0,False,0.4928760932248753,6.150009430153236,6.130975319284914,ON,away from local history,-6.130975319284914,False,False,,0.0,0.1227293898462971,0.1711690731252911,0.0642757335817419,0.4648346530041919,0.1769911504424778,0.0,0.12253904873761394,0.1941404786957598,0.09442564764212148,0.4035248998113429,0.18536992511316197,0.0
Newcastle,NEWCASTLE,NSW,Provincial,IND|ALP+GRN+LNP+ON+OTH,IND,ALP+GRN+LNP+ON+OTH,888.0,False,0.49468416109185825,6.1368968645170225,6.136896864517022,OTH,away from local history,-6.136896864517022,False,False,,0.0,0.1756756756756756,0.1036036036036036,0.1846846846846846,0.1137387387387387,0.0,0.4222972972972973,0.18772574388951924,0.11749567477880521,0.20289500450670628,0.13095524817284213,0.0,0.3609283286521272
Watson,WATSON,NSW,Inner metro,OTH|ALP+GRN+IND+LNP,OTH,ALP+GRN+IND+LNP,8749.0,False,0.49126663521074854,6.1354789820898485,4.756538265174886,LNP,away from local history,-4.756538265174886,False,False,,0.0,0.2179677677448851,0.3336381300720082,0.1226425877243113,0.0,0.3257515144587953,0.0,0.20417836057573552,0.2860727474202594,0.15605037087191773,0.0,0.35369852113208744,0.0
Grey,GREY,SA,Rural,ON|ALP+IND+LNP,ON,ALP+IND+LNP,15451.0,False,0.49557127547287594,6.130757021759539,6.130757021759542,LNP,toward pooled evidence,6.130757021759542,False,False,,0.0,0.2105365348521131,0.3817228658339266,0.0,0.0,0.4077405993139603,0.0,0.16285297025811968,0.44303043605152204,0.0,0.0,0.39411659369035834,0.0
Warringah,WARRINGAH,NSW,Inner metro,GRN|ALP+IND+LNP,GRN,ALP+IND+LNP,10528.0,False,0.4891380938285854,6.0918056351517444,6.091805635151743,ALP,toward pooled evidence,6.091805635151743,False,False,,0.0,0.3004369300911854,0.0747530395136778,0.0,0.0,0.6248100303951368,0.0,0.3613549864427028,0.07469938104692195,0.0,0.0,0.5639456325103752,0.0
Riverina,RIVERINA,NSW,Rural,GRN|ALP+IND+LNP+ON+OTH,GRN,ALP+IND+LNP+ON+OTH,5836.0,False,0.4893801277488708,6.089919480030237,6.089919480030237,IND,toward pooled evidence,6.089919480030237,True,True,6.530602936261225,0.397708460378799,0.5011994516792323,0.0801919122686771,0.0,0.0747087045921864,0.1946538725154215,0.1492460589444825,0.4826248143441554,0.07716738857895489,0.0,0.06004309383403189,0.2555530673157239,0.12461163592713394
Blaxland,BLAXLAND,NSW,Inner metro,OTH|ALP+GRN+IND+LNP+ON,OTH,ALP+GRN+IND+LNP+ON,3620.0,False,0.4928760932248753,6.05507022683316,5.8780225464401035,ON,away from local history,-5.8780225464401035,True,True,4.890142317706592,0.29610155152922085,0.1262430939226519,0.2002762430939226,0.0839779005524861,0.4430939226519337,0.1464088397790055,0.0,0.12886890554041788,0.19850576628999209,0.11768899044265288,0.3843136971875328,0.1706226405394044,0.0
Richmond,RICHMOND,NSW,Rural,ON|ALP+GRN+LNP,ON,ALP+GRN+LNP,11529.0,False,0.4973863553484676,6.048065896870079,6.048065896870081,LNP,away from local history,-6.048065896870081,False,False,,0.0,0.1222135484430566,0.757394396738659,0.1203920548182843,0.0,0.0,0.0,0.14929419532188257,0.6969137377699584,0.15379206690815914,0.0,0.0,0.0
Wentworth,WENTWORTH,NSW,Inner metro,ALP|IND+LNP,ALP,IND+LNP,19302.0,False,0.47404403337557105,6.035411345920825,6.035411345920827,IND,away from local history,-6.035411345920827,False,False,,0.0,0.0,0.1534556004559113,0.0,0.0,0.8465443995440887,0.0,0.0,0.21380971391511955,0.0,0.0,0.7861902860848804,0.0
Cowper,COWPER,NSW,Provincial,ON|ALP+IND+LNP,ON,ALP+IND+LNP,10646.0,False,0.49557127547287594,5.977782665086018,5.977782665086018,LNP,away from local history,-5.977782665086018,False,False,,0.0,0.1027616006011647,0.6306594025925231,0.0,0.0,0.2665789968063122,0.0,0.10884069582630514,0.5708815759416629,0.0,0.0,0.32027772823203193,0.0
Gippsland,GIPPSLAND,VIC,Rural,ON|ALP+LNP,ON,ALP+LNP,17197.0,False,0.49385098454142856,5.968748025291373,5.968748025291376,ALP,toward pooled evidence,5.968748025291376,False,False,,0.0,0.1527010525091585,0.8472989474908414,0.0,0.0,0.0,0.0,0.21238853276207226,0.7876114672379277,0.0,0.0,0.0,0.0
Swan,SWAN,WA,Inner metro,OTH|ALP+GRN+LNP+ON,OTH,ALP+GRN+LNP+ON,7599.0,False,0.49210290739708495,5.935843340959435,5.518714827995819,ON,toward pooled evidence,5.518714827995819,True,True,7.566494086470346,0.4491352353758395,0.26082379260429,0.1979207790498749,0.2754309777602316,0.2658244505856034,0.0,0.0,0.22119109028150497,0.2020920641795111,0.2557052466734224,0.32101159886556163,0.0,0.0
Barton,BARTON,NSW,Inner metro,ON|ALP+GRN+LNP,ON,ALP+GRN+LNP,9524.0,False,0.4973863553484676,5.908031504583324,5.908031504583319,ALP,away from local history,-5.908031504583319,False,False,,0.0,0.2889542209155817,0.5707685846283075,0.1402771944561108,0.0,0.0,0.0,0.2298739058697485,0.6063907505306981,0.16373534359955344,0.0,0.0,0.0
Forde,FORDE,QLD,Outer metro,OTH|ALP+GRN+LNP+ON,OTH,ALP+GRN+LNP+ON,12249.0,False,0.49210290739708495,5.874500775393169,4.216773034714066,ON,away from local history,-4.216773034714066,True,True,11.165451407679,0.6559145295202504,0.1187035676381745,0.2340599232590415,0.1648297820230223,0.4824067270797616,0.0,0.0,0.15029145231200297,0.21748264585225052,0.19198690510312555,0.440238996732621,0.0,0.0
Parramatta,PARRAMATTA,NSW,Inner metro,IND|ALP+GRN+LNP+ON+OTH,IND,ALP+GRN+LNP+ON+OTH,2760.0,False,0.49468416109185825,5.849129001356178,5.849129001356171,OTH,toward pooled evidence,5.849129001356171,False,False,,0.0,0.2670289855072463,0.1557971014492753,0.286231884057971,0.147463768115942,0.0,0.1434782608695652,0.23768792404986128,0.14539767622345132,0.2719458517420574,0.14299899710150296,0.0,0.20196955088312693
Forde,FORDE,QLD,Outer metro,IND|ALP+GRN+LNP+ON+OTH,IND,ALP+GRN+LNP+ON+OTH,3377.0,False,0.49468416109185825,5.814730490212612,3.591662751701033,ON,away from local history,-3.591662751701033,True,True,3.200112871935998,0.18607793888568094,0.1690849866745632,0.0994965946106011,0.1761918862896061,0.2161681966242226,0.0,0.3390583358010068,0.18467080794845417,0.11476600850768584,0.20348395602075653,0.18025156910721232,0.0,0.316827658415891
Wentworth,WENTWORTH,NSW,Inner metro,ON|ALP+GRN+IND+LNP,ON,ALP+GRN+IND+LNP,2817.0,False,0.49624702142853383,5.808547618049596,5.219271140365345,LNP,away from local history,-5.219271140365345,False,False,,0.0,0.0702875399361022,0.6716364927227547,0.0798722044728434,0.0,0.1782037628682996,0.0,0.08438150093767224,0.6194437813191014,0.07397943969600088,0.0,0.22219527804722553,0.0
Fairfax,FAIRFAX,QLD,Rural,OTH|ALP+GRN+IND+LNP+ON,OTH,ALP+GRN+IND+LNP+ON,8698.0,False,0.4928760932248753,5.775835318827427,4.414325973082972,ON,away from local history,-4.414325973082972,True,True,6.705236962798843,0.38728344470840703,0.0676017475281673,0.1732582202805242,0.0720855369050356,0.452977696022074,0.2340767992641986,0.0,0.09287501966472828,0.18411621560817407,0.09371262262909921,0.40883443629124433,0.2204617058067542,0.0
Flinders,FLINDERS,VIC,Rural,OTH|ALP+GRN+IND+LNP+ON,OTH,ALP+GRN+IND+LNP+ON,4124.0,False,0.4928760932248753,5.6758954594845665,5.206345729604656,IND,away from local history,-5.206345729604656,True,True,5.994489807059946,0.3402409747781806,0.0851115421920465,0.2039282250242483,0.074199806013579,0.3268671193016489,0.3098933074684772,0.0,0.1015051788518308,0.19923272772544912,0.09475469532734408,0.3466775479229452,0.2578298501724307,0.0
Hughes,HUGHES,NSW,Outer metro,OTH|ALP+GRN+LNP+ON,OTH,ALP+GRN+LNP+ON,7659.0,False,0.49210290739708495,5.672787081345784,4.011690756043143,GRN,toward pooled evidence,4.011690756043143,True,True,10.91664113,0.6192778077395205,0.1481916699308003,0.2425904165034599,0.139313226269748,0.4699046872959916,0.0,0.0,0.1648026331838268,0.22168052637936003,0.17943013383017944,0.43408670660663384,0.0,0.0
Paterson,PATERSON,NSW,Provincial,IND|ALP+LNP,IND,ALP+LNP,20485.0,False,0.4842595328516168,5.653730046171818,5.653730046171823,ALP,toward pooled evidence,5.653730046171823,False,False,,0.0,0.4985111056870881,0.5014888943129119,0.0,0.0,0.0,0.0,0.5550484061488064,0.44495159385119376,0.0,0.0,0.0,0.0
Dobell,DOBELL,NSW,Provincial,OTH|ALP+GRN+LNP+ON,OTH,ALP+GRN+LNP+ON,10715.0,False,0.49210290739708495,5.644276953320518,4.149395020913079,LNP,toward pooled evidence,4.149395020913079,True,True,7.94227829012635,0.44828418309818047,0.2555296313579094,0.1251516565562296,0.2557162855809612,0.3636024265048996,0.0,0.0,0.21690501074582402,0.16664560676536042,0.23789813665984152,0.37855124582897404,0.0,0.0
Burt,BURT,WA,Outer metro,IND|ALP+GRN+LNP+ON+OTH,IND,ALP+GRN+LNP+ON+OTH,2150.0,False,0.49468416109185825,5.635191889226844,3.6414208826079904,GRN,toward pooled evidence,3.6414208826079904,True,True,1.8961521741327307,0.10685181352412611,0.2423255813953488,0.1055813953488372,0.1581395348837209,0.1297674418604651,0.0,0.3641860465116279,0.22090177010577483,0.1177760630562913,0.19455374370980083,0.1375104842191996,0.0,0.3292579389089335
Lyons,LYONS,TAS,Rural,ON|ALP+GRN+LNP,ON,ALP+GRN+LNP,8822.0,False,0.4973863553484676,5.629829803295877,5.629829803295882,LNP,toward pooled evidence,5.629829803295882,False,False,,0.0,0.2832690999773294,0.5250510088415326,0.191679891181138,0.0,0.0,0.0,0.2294010291081518,0.5813493068744914,0.1892496640173569,0.0,0.0,0.0
Watson,WATSON,NSW,Inner metro,ON|ALP+GRN+IND+LNP+OTH,ON,ALP+GRN+IND+LNP+OTH,3705.0,False,0.49390997044238744,5.628841793269757,3.0067821164172335,LNP,toward pooled evidence,3.0067821164172335,False,False,,0.0,0.1403508771929824,0.3614035087719298,0.091497975708502,0.0,0.1487179487179487,0.258029689608637,0.12005324332758244,0.3914713299361022,0.07907542396862999,0.0,0.17493854548647392,0.23446145728121146
Reid,REID,NSW,Inner metro,IND|ALP+GRN+LNP+ON,IND,ALP+GRN+LNP+ON,3566.0,False,0.49547153734336485,5.598511313609716,4.037711502898936,ON,toward pooled evidence,4.037711502898936,False,False,,0.0,0.3045429052159282,0.159562535053281,0.3785754346606842,0.1573191250701065,0.0,0.0,0.2826950642940953,0.17517053316038877,0.34443816244642,0.1976962400990959,0.0,0.0
Parkes,PARKES,NSW,Rural,OTH|ALP+GRN+LNP+ON,OTH,ALP+GRN+LNP+ON,22100.0,False,0.49210290739708495,5.561996179419782,5.561996179419785,GRN,toward pooled evidence,5.561996179419785,False,False,,0.0,0.2146153846153846,0.2619457013574661,0.0748868778280543,0.448552036199095,0.0,0.0,0.19637651779254725,0.2395163696827065,0.13050683962225215,0.43360027290249414,0.0,0.0
Robertson,ROBERTSON,NSW,Provincial,OTH|ALP+GRN+LNP+ON,OTH,ALP+GRN+LNP+ON,6429.0,False,0.49210290739708495,5.543155740296451,3.790649471844476,ON,toward pooled evidence,3.790649471844476,True,True,5.204228073253255,0.28847846718065717,0.2494944781459014,0.1723440659511588,0.2597604604137501,0.3184009954891896,0.0,0.0,0.213935094303608,0.1898691286356786,0.23988828685307909,0.3563074902076344,0.0,0.0
Bass,BASS,TAS,Provincial,OTH|ALP+GRN+IND+LNP+ON,OTH,ALP+GRN+IND+LNP+ON,2988.0,False,0.4928760932248753,5.511791299973651,4.174787273116825,IND,away from local history,-4.174787273116825,True,True,4.793605899085772,0.2642135529008333,0.14524765729585,0.144243641231593,0.0632530120481927,0.3530789825970549,0.2941767068273092,0.0,0.13970077971394074,0.15813790890306959,0.10447665737645262,0.345255819910396,0.25242883409614103,0.0
Pearce,PEARCE,WA,Outer metro,GRN|ALP+LNP,GRN,ALP+LNP,17864.0,False,0.49623399434240484,5.49295972257679,5.492959722576796,ALP,toward pooled evidence,5.492959722576796,False,False,,0.0,0.6869122257053292,0.3130877742946708,0.0,0.0,0.0,0.0,0.7418418229310971,0.2581581770689029,0.0,0.0,0.0,0.0
La Trobe,LA TROBE,VIC,Provincial,OTH|ALP+GRN+LNP+ON,OTH,ALP+GRN+LNP+ON,8440.0,False,0.49210290739708495,5.477054268723893,5.477054268723891,GRN,toward pooled evidence,5.477054268723891,True,True,8.209513391014859,0.44963950362403887,0.194431279620853,0.2546208530805687,0.1127962085308056,0.4381516587677725,0.0,0.0,0.18683833421884882,0.23035777479335226,0.16756675121804454,0.4152371397697544,0.0,0.0
Shortland,SHORTLAND,NSW,Provincial,IND|ALP+GRN+LNP+ON,IND,ALP+GRN+LNP+ON,6107.0,False,0.49547153734336485,5.471928682671812,5.471928682671812,ALP,away from local history,-5.471928682671812,False,False,,0.0,0.3602423448501719,0.1440969379400687,0.2457835271000491,0.2498771901097101,0.0,0.0,0.30552305802345386,0.16836841033532043,0.2655687878894146,0.2605397437518111,0.0,0.0
Bullwinkel,BULLWINKEL,WA,Outer metro,GRN|ALP+LNP,GRN,ALP+LNP,14936.0,False,0.49623399434240484,5.441426251625811,5.441426251625813,ALP,toward pooled evidence,5.441426251625813,False,False,,0.0,0.687935190144617,0.312064809855383,0.0,0.0,0.0,0.0,0.7423494526608752,0.2576505473391249,0.0,0.0,0.0,0.0
O'Connor,O'CONNOR,WA,Rural,OTH|ALP+GRN+LNP+ON,OTH,ALP+GRN+LNP+ON,10668.0,False,0.49210290739708495,5.425213104036349,3.9881188906844836,LNP,away from local history,-3.9881188906844836,False,False,,0.0,0.1120172478440195,0.2963067116610424,0.212692163479565,0.378983877015373,0.0,0.0,0.1458876763938347,0.2564255227541976,0.19832122134604635,0.39936557950592133,0.0,0.0
New England,NEW ENGLAND,NSW,Rural,OTH|ALP+GRN+IND+LNP+ON,OTH,ALP+GRN+IND+LNP+ON,6752.0,False,0.4928760932248753,5.368852153008128,4.66589455442365,ON,away from local history,-4.66589455442365,False,False,,0.0,0.1063388625592417,0.2085308056872037,0.0679798578199052,0.4579383886255924,0.1592120853080568,0.0,0.11196761758404683,0.201501229701359,0.09168903156158505,0.411279443081356,0.18356267807165322,0.0
Moncrieff,MONCRIEFF,QLD,Provincial,IND|ALP+GRN+LNP+ON,IND,ALP+GRN+LNP+ON,9995.0,False,0.49547153734336485,5.367614677225522,5.282209641241869,GRN,away from local history,-5.282209641241869,False,False,,0.0,0.2348174087043521,0.1938969484742371,0.3896948474237118,0.1815907953976988,0.0,0.0,0.24337857209009114,0.19304289811440062,0.3368727510112932,0.22670577878421505,0.0,0.0
Jagajaga,JAGAJAGA,VIC,Outer metro,GRN|ALP+LNP,GRN,ALP+LNP,21083.0,False,0.49623399434240484,5.359477447139508,5.35947744713951,LNP,toward pooled evidence,5.35947744713951,False,False,,0.0,0.9023383768913342,0.0976616231086657,0.0,0.0,0.0,0.0,0.8487436024199393,0.15125639758006082,0.0,0.0,0.0,0.0
Fremantle,FREMANTLE,WA,Inner metro,ON|ALP+GRN+IND+LNP,ON,ALP+GRN+IND+LNP,6604.0,False,0.49624702142853383,5.318293022548672,5.258979616524684,IND,away from local history,-5.258979616524684,False,False,,0.0,0.0844942459115687,0.4762265293761357,0.0693519079345851,0.0,0.3699273167777104,0.0,0.09143153646230846,0.5224721690508828,0.0687587738743453,0.0,0.3173375206124636,0.0
Berowra,BEROWRA,NSW,Outer metro,OTH|ALP+GRN+IND+LNP+ON,OTH,ALP+GRN+IND+LNP+ON,4517.0,False,0.4928760932248753,5.275575590640223,5.275575590640225,IND,away from local history,-5.275575590640225,True,True,2.9542655312067985,0.15585451124704358,0.1160061988045162,0.1972548151427939,0.1126854106707992,0.2765109586008412,0.2975426167810494,0.0,0.11922534860293649,0.20699751731021854,0.1182856201600538,0.310704653052144,0.24478686087464718,0.0
Casey,CASEY,VIC,Rural,OTH|ALP+GRN+IND+LNP+ON,OTH,ALP+GRN+IND+LNP+ON,9249.0,False,0.4928760932248753,5.273827899643831,3.5730728315190587,IND,toward pooled evidence,3.5730728315190587,True,True,8.803884301823922,0.4643017065619535,0.0839009622661909,0.1968861498540382,0.1489890799005297,0.4334522651097416,0.1367715428694994,0.0,0.10090851294743866,0.19576185722736014,0.13161654045586957,0.3992108181846417,0.17250227118469003,0.0
Braddon,BRADDON,TAS,Rural,GRN|ALP+LNP+ON,GRN,ALP+LNP+ON,8562.0,True,0.4967857809627051,5.261853031791341,5.261853031791343,LNP,toward pooled evidence,5.261853031791343,True,True,13.10133811191517,0.6893731566470428,0.7145526746087363,0.0728801681850035,0.0,0.2125671572062602,0.0,0.0,0.7029599056115354,0.12549869850291692,0.0,0.17154139588554768,0.0,0.0
Indi,INDI,VIC,Rural,ALP|IND+LNP+ON,ALP,IND+LNP+ON,10706.0,False,0.5,5.234957458009953,5.234957458009948,IND,away from local history,-5.234957458009948,False,False,,0.0,0.0,0.1427237063328974,0.0,0.1269381655146646,0.7303381281524379,0.0,0.0,0.18983195489360255,0.0,0.13217949153405906,0.6779885535723384,0.0
Nicholls,NICHOLLS,VIC,Rural,OTH|ALP+GRN+LNP+ON,OTH,ALP+GRN+LNP+ON,10798.0,False,0.49210290739708495,5.22937132387337,4.690078764582076,GRN,toward pooled evidence,4.690078764582076,False,False,,0.0,0.168086682719022,0.2614373032042971,0.0920540840896462,0.4784219299870346,0.0,0.0,0.17347960831193499,0.23926618547341674,0.13895487173546697,0.44829933447918136,0.0,0.0
Mayo,MAYO,SA,Rural,LNP|ALP+OTH,LNP,ALP+OTH,36751.0,False,0.5,5.200476919613815,5.200476919613816,OTH,away from local history,-5.200476919613816,False,False,,0.0,0.1711790155369922,0.0,0.0,0.0,0.0,0.8288209844630078,0.22318378473313033,0.0,0.0,0.0,0.0,0.7768162152668696
Robertson,ROBERTSON,NSW,Provincial,IND|ALP+GRN+LNP+ON+OTH,IND,ALP+GRN+LNP+ON+OTH,3741.0,False,0.49468416109185825,5.1991745610654085,4.355926275977051,OTH,toward pooled evidence,4.355926275977051,True,True,3.032158511,0.15764721395509168,0.2413793103448276,0.1144079123229083,0.2579524191392676,0.1716118684843624,0.0,0.214648489708634,0.22022829128651464,0.12284039517379189,0.2391393922604727,0.15958416881081627,0.0,0.25820775246840455
Hume,HUME,NSW,Outer metro,OTH|ALP+GRN+IND+LNP+ON,OTH,ALP+GRN+IND+LNP+ON,7922.0,False,0.4928760932248753,5.175443678750598,5.142460612184202,ON,away from local history,-5.142460612184202,False,False,,0.0,0.0949255238576117,0.2171168896743246,0.0936632163595051,0.4453420853319869,0.1489522847765715,0.0,0.10883518789256269,0.2167870590086607,0.10891003534333871,0.39391747921014497,0.17155023854529294,0.0
Banks,BANKS,NSW,Inner metro,ON|ALP+GRN+LNP,ON,ALP+GRN+LNP,7989.0,False,0.4973863553484676,5.155487650357352,5.155487650357352,GRN,away from local history,-5.155487650357352,False,False,,0.0,0.1404431092752534,0.5700337964701464,0.2895230942546001,0.0,0.0,0.0,0.15600650532221624,0.6060252769267572,0.23796821775102664,0.0,0.0,0.0
Moncrieff,MONCRIEFF,QLD,Provincial,OTH|ALP+GRN+IND+LNP+ON,OTH,ALP+GRN+IND+LNP+ON,10650.0,False,0.4928760932248753,5.151033950312856,4.685545817927872,ON,away from local history,-4.685545817927872,False,False,,0.0,0.1086384976525821,0.1384976525821596,0.1017840375586854,0.4300469483568075,0.2210328638497652,0.0,0.12165700013272109,0.15530584846582235,0.12346767869801228,0.3831914901775289,0.2163779825259154,0.0
Scullin,SCULLIN,VIC,Outer metro,GRN|ALP+LNP,GRN,ALP+LNP,19161.0,False,0.49623399434240484,5.1430897667149065,5.143089766714909,LNP,away from local history,-5.143089766714909,False,False,,0.0,0.6938573143364125,0.3061426856635875,0.0,0.0,0.0,0.0,0.7452882120035615,0.2547117879964384,0.0,0.0,0.0,0.0
Mackellar,MACKELLAR,NSW,Outer metro,OTH|ALP+GRN+IND+LNP+ON,OTH,ALP+GRN+IND+LNP+ON,6536.0,False,0.4928760932248753,5.1381251675630315,4.190005957395526,ON,away from local history,-4.190005957395526,True,True,4.010695935919786,0.20607457727792222,0.0671664626682986,0.2119033047735618,0.0821603427172582,0.4265605875152999,0.2122093023255813,0.0,0.09515341026198379,0.21421740765107655,0.10324054392168866,0.38466052794134475,0.2027281102239063,0.0
Grayndler,GRAYNDLER,NSW,Inner metro,IND|ALP+GRN+LNP+ON,IND,ALP+GRN+LNP+ON,2806.0,False,0.49547153734336485,5.116097565236844,3.3906643792814997,GRN,away from local history,-3.3906643792814997,True,True,2.2944002736126587,0.11738375653508472,0.2954383464005702,0.1532430506058446,0.3781183178902352,0.1732002851033499,0.0,0.0,0.2781840145410168,0.17203940848599997,0.34421167409742026,0.205564902875563,0.0,0.0
Leichhardt,LEICHHARDT,QLD,Rural,OTH|ALP+GRN+LNP+ON,OTH,ALP+GRN+LNP+ON,16987.0,False,0.49210290739708495,5.085430919010242,5.012653152985363,ON,away from local history,-5.012653152985363,False,False,,0.0,0.1801377523988932,0.1417554600576911,0.1602990522164007,0.5178077353270147,0.0,0.0,0.17940997473864445,0.18037040249833003,0.17253841896586425,0.4676812037971612,0.0,0.0
Newcastle,NEWCASTLE,NSW,Provincial,OTH|ALP+GRN+LNP+ON,OTH,ALP+GRN+LNP+ON,8467.0,False,0.49210290739708495,5.080117986702644,5.080117986702643,GRN,away from local history,-5.080117986702643,True,True,6.374854170617509,0.32385011334760366,0.1599149639777961,0.1733790008267391,0.3206566670603519,0.3460493681351128,0.0,0.0,0.16985275493826502,0.19037842309691827,0.2698554871933255,0.36991333477149124,0.0,0.0
Mallee,MALLEE,VIC,Rural,OTH|ALP+GRN+LNP+ON,OTH,ALP+GRN+LNP+ON,11424.0,False,0.49210290739708495,4.930822263968507,3.3300939528786544,LNP,away from local history,-3.3300939528786544,False,False,,0.0,0.1398809523809523,0.2833508403361344,0.1261379551820728,0.4506302521008403,0.0,0.0,0.1595994864073127,0.2500499008073479,0.15572764379539755,0.4346229689899419,0.0,0.0
Corangamite,CORANGAMITE,VIC,Provincial,IND|ALP+GRN+LNP,IND,ALP+GRN+LNP,7584.0,False,0.4960167318320175,4.929732342854011,4.92973234285401,GRN,away from local history,-4.92973234285401,False,False,,0.0,0.2551424050632911,0.236418776371308,0.5084388185654009,0.0,0.0,0.0,0.2891767706024825,0.25168173426065676,0.45914149513686076,0.0,0.0,0.0
Eden-Monaro,EDEN-MONARO,NSW,Rural,OTH|ALP+GRN+IND+LNP+ON,OTH,ALP+GRN+IND+LNP+ON,5383.0,False,0.4928760932248753,4.911231543830167,4.300478348783285,IND,away from local history,-4.300478348783285,False,False,,0.0,0.1294817016533531,0.1592049043284414,0.0980865688277912,0.3211963589076723,0.292030466282742,0.0,0.12337416970288435,0.17718967214485665,0.10652790966300224,0.3438825656943477,0.24902568279490914,0.0
Moreton,MORETON,QLD,Inner metro,OTH|ALP+GRN+LNP+ON,OTH,ALP+GRN+LNP+ON,6984.0,False,0.49210290739708495,4.901543861119754,4.853275459782022,GRN,toward pooled evidence,4.853275459782022,True,True,5.944568892475566,0.2913756516191707,0.2319587628865979,0.2051832760595647,0.1410366552119129,0.4218213058419244,0.0,0.0,0.2069865252353254,0.20566596007294208,0.18956940980973314,0.39777810488199944,0.0,0.0
Wannon,WANNON,VIC,Rural,ON|ALP+IND+LNP,ON,ALP+IND+LNP,7399.0,False,0.49557127547287594,4.881585044168682,4.88158504416869,IND,toward pooled evidence,4.88158504416869,False,False,,0.0,0.1346127855115556,0.5814299229625625,0.0,0.0,0.2839572915258819,0.0,0.12522734095873667,0.5419995170736946,0.0,0.0,0.3327731419675688,0.0
Mayo,MAYO,SA,Rural,ON|ALP+GRN+LNP+OTH,ON,ALP+GRN+LNP+OTH,11123.0,False,0.48628650106215887,4.877312715748163,4.669355809915182,OTH,away from local history,-4.669355809915182,False,False,,0.0,0.1081542749258293,0.438820462105547,0.0996134136473972,0.0,0.0,0.3534118493212262,0.11951543397238228,0.4762324302164759,0.09753384458906746,0.0,0.0,0.3067182912220745
Grayndler,GRAYNDLER,NSW,Inner metro,ON|ALP+GRN+LNP,ON,ALP+GRN+LNP,4788.0,False,0.4973863553484676,4.816357241398525,4.816357241398528,LNP,away from local history,-4.816357241398528,False,False,,0.0,0.1259398496240601,0.7374686716791979,0.1365914786967418,0.0,0.0,0.0,0.1487927818636367,0.6893050992652128,0.16190211887115047,0.0,0.0,0.0
Scullin,SCULLIN,VIC,Outer metro,OTH|ALP+GRN+LNP+ON,OTH,ALP+GRN+LNP+ON,17899.0,False,0.49210290739708495,4.757635539459113,4.75763553945911,GRN,away from local history,-4.75763553945911,False,False,,0.0,0.1735851164869545,0.1298396558466953,0.3119727359070339,0.3846024917593161,0.0,0.0,0.17729882206294278,0.1661955492489333,0.26439638051244285,0.39210924817568116,0.0,0.0
Cowan,COWAN,WA,Inner metro,GRN|ALP+LNP,GRN,ALP+LNP,16332.0,False,0.49623399434240484,4.680167434047862,4.680167434047866,ALP,toward pooled evidence,4.680167434047866,False,False,,0.0,0.7526328679892236,0.2473671320107764,0.0,0.0,0.0,0.0,0.7994345423297022,0.20056545767029782,0.0,0.0,0.0,0.0
Macquarie,MACQUARIE,NSW,Provincial,ON|ALP+GRN+LNP,ON,ALP+GRN+LNP,12315.0,False,0.4973863553484676,4.672660565554096,4.672660565554098,LNP,away from local history,-4.672660565554098,False,False,,0.0,0.1621599675192854,0.706861550954121,0.1309784815265935,0.0,0.0,0.0,0.1754188112358597,0.6601349452985801,0.1644462434655602,0.0,0.0,0.0
Riverina,RIVERINA,NSW,Rural,ON|ALP+LNP,ON,ALP+LNP,21082.0,False,0.49385098454142856,4.6640700049451285,4.664070004945131,LNP,toward pooled evidence,4.664070004945131,False,False,,0.0,0.3627739303671378,0.6372260696328621,0.0,0.0,0.0,0.0,0.3161332303176866,0.6838667696823135,0.0,0.0,0.0,0.0
Whitlam,WHITLAM,NSW,Provincial,GRN|ALP+LNP,GRN,ALP+LNP,18404.0,False,0.49623399434240484,4.642452823573392,4.642452823573395,ALP,toward pooled evidence,4.642452823573395,False,False,,0.0,0.7113670941099761,0.2886329058900239,0.0,0.0,0.0,0.0,0.7577916223457101,0.24220837765428999,0.0,0.0,0.0,0.0
Sturt,STURT,SA,Inner metro,OTH|ALP+GRN+IND+LNP+ON,OTH,ALP+GRN+IND+LNP+ON,4833.0,False,0.4928760932248753,4.613255879931947,4.246654064445793,ON,away from local history,-4.246654064445793,True,True,3.9060712861171827,0.18019706328113436,0.1135940409683426,0.2040140699358576,0.0984895510035174,0.4109248913718187,0.1729774467204634,0.0,0.12263448973730334,0.20034805178099613,0.1248414360232022,0.3684583507273609,0.18371767173113746,0.0
Franklin,FRANKLIN,TAS,Outer metro,GRN|ALP+IND+LNP,GRN,ALP+IND+LNP,8422.0,False,0.4891380938285854,4.587923447896822,4.587923447896819,IND,away from local history,-4.587923447896819,False,False,,0.0,0.4430064117786749,0.0397767751127998,0.0,0.0,0.5172168131085253,0.0,0.4680727569040819,0.060589664466361035,0.0,0.0,0.4713375786295571,0.0
Cooper,COOPER,VIC,Inner metro,ON|ALP+GRN+LNP+OTH,ON,ALP+GRN+LNP+OTH,6181.0,False,0.48628650106215887,4.574768925396529,4.126247668539418,ALP,away from local history,-4.126247668539418,False,False,,0.0,0.2214851965701343,0.5351884808283449,0.0718330367254489,0.0,0.0,0.1714932858760718,0.18022271988474015,0.5307032682597739,0.08503197102114834,0.0,0.0,0.20404204083433763
Kingsford Smith,KINGSFORD SMITH,NSW,Inner metro,IND|ALP+GRN+LNP+ON,IND,ALP+GRN+LNP+ON,3557.0,False,0.49547153734336485,4.56517213066342,3.8190512199623052,ON,toward pooled evidence,3.8190512199623052,True,True,3.3208784051660443,0.15160381544586013,0.2836660106831599,0.1757098678661793,0.3789710430137756,0.161653078436885,0.0,0.0,0.2723511572649893,0.18317107697319046,0.34463417512531214,0.19984359063650808,0.0,0.0
Makin,MAKIN,SA,Outer metro,OTH|ALP+GRN+LNP+ON,OTH,ALP+GRN+LNP+ON,11227.0,False,0.49210290739708495,4.547790540700306,3.9048013328558504,GRN,away from local history,-3.9048013328558504,True,True,8.421552219084216,0.3829945551996487,0.1579228645230248,0.134853478222143,0.2951812594637926,0.4120423977910394,0.0,0.0,0.16959138233510726,0.16866286581706366,0.25613324613523414,0.405612505712595,0.0,0.0
Paterson,PATERSON,NSW,Provincial,OTH|ALP+GRN+IND+LNP+ON,OTH,ALP+GRN+IND+LNP+ON,11774.0,False,0.4928760932248753,4.524363027776534,3.452771597666679,ALP,away from local history,-3.452771597666679,True,True,7.0617703088587644,0.31950012496050667,0.2023951078647868,0.1428571428571428,0.157975199592322,0.2772209954136232,0.219551554272125,0.0,0.16786739188812,0.15745453700100792,0.15116295911491703,0.30786723154752355,0.21564788044843153,0.0
Gilmore,GILMORE,NSW,Rural,OTH|ALP+GRN+IND+LNP+ON,OTH,ALP+GRN+IND+LNP+ON,8604.0,False,0.4928760932248753,4.508551043249486,2.3104637065881564,IND,toward pooled evidence,2.3104637065881564,True,True,7.127789017857446,0.3213600061252342,0.1608554160855416,0.1513249651324965,0.1354021385402138,0.3907484890748489,0.1616689911668991,0.0,0.1388375235021743,0.17330583849910974,0.12491986187932155,0.3781631478866136,0.18477362823278068,0.0
Fremantle,FREMANTLE,WA,Inner metro,LNP|ALP+IND,LNP,ALP+IND,23174.0,False,0.48741049589258173,4.483521623467227,4.4835216234672295,ALP,toward pooled evidence,4.4835216234672295,False,False,,0.0,0.2560196772244757,0.0,0.0,0.0,0.7439803227755243,0.0,0.300854893459148,0.0,0.0,0.0,0.699145106540852,0.0
Leichhardt,LEICHHARDT,QLD,Rural,ON|ALP+LNP,ON,ALP+LNP,18255.0,False,0.49385098454142856,4.471541791473166,4.471541791473166,ALP,away from local history,-4.471541791473166,False,False,,0.0,0.358970145165708,0.641029854834292,0.0,0.0,0.0,0.0,0.31425472725097636,0.6857452727490236,0.0,0.0,0.0,0.0
Lyne,LYNE,NSW,Rural,GRN|ALP+IND+LNP+ON,GRN,ALP+IND+LNP+ON,8965.0,False,0.4931708529322558,4.4689422573441195,4.468942257344121,ALP,away from local history,-4.468942257344121,False,False,,0.0,0.5255995538204127,0.0785276073619632,0.0,0.0742889012827663,0.3215839375348577,0.0,0.4809101312469716,0.07887591535917059,0.0,0.0759494289730938,0.36426452442076407,0.0
Corio,CORIO,VIC,Provincial,ON|ALP+GRN+LNP,ON,ALP+GRN+LNP,12880.0,False,0.4973863553484676,4.452340009749897,4.4523400097499,LNP,toward pooled evidence,4.4523400097499,False,False,,0.0,0.1917701863354037,0.5253105590062112,0.2829192546583851,0.0,0.0,0.0,0.19014653005387938,0.5698339591037102,0.2400195108424104,0.0,0.0,0.0
Moore,MOORE,WA,Outer metro,ON|ALP+GRN+IND+LNP+OTH,ON,ALP+GRN+IND+LNP+OTH,6857.0,False,0.49390997044238744,4.446652208374899,2.297550714679545,ALP,toward pooled evidence,2.297550714679545,False,False,,0.0,0.0545428029750619,0.4262797141607117,0.0713139857080355,0.0,0.183316319089981,0.2645471780662097,0.07751831012185736,0.40483154305802765,0.07006870642763252,0.0,0.20480733402693457,0.24277410636554791
Farrer,FARRER,NSW,Rural,ON|ALP+IND+LNP,ON,ALP+IND+LNP,12494.0,False,0.49557127547287594,4.421469489301946,4.421469489301943,IND,away from local history,-4.421469489301943,False,False,,0.0,0.0805186489514967,0.4510965263326397,0.0,0.0,0.4683848247158636,0.0,0.09841984070806437,0.4774100294690915,0.0,0.0,0.4241701298228442,0.0
Mitchell,MITCHELL,NSW,Outer metro,ON|ALP+GRN+LNP,ON,ALP+GRN+LNP,6039.0,False,0.4973863553484676,4.406647161439356,4.406647161439359,LNP,away from local history,-4.406647161439359,False,False,,0.0,0.1740354363305183,0.6911740354363305,0.1347905282331511,0.0,0.0,0.0,0.18038696979948365,0.647107563821937,0.17250546637857933,0.0,0.0,0.0
Forrest,FORREST,WA,Rural,OTH|ALP+GRN+IND+LNP+ON,OTH,ALP+GRN+IND+LNP+ON,6939.0,False,0.4928760932248753,4.3993869013457685,3.5289950928115266,GRN,away from local history,-3.5289950928115266,True,True,9.692818650969281,0.42642459410194217,0.1346015275976365,0.1817264735552673,0.1843205072777057,0.3049430753710909,0.1944084161982994,0.0,0.12589760951229412,0.18829001519866817,0.14903055634959045,0.3358717108027613,0.20091010813668597,0.0
Cowper,COWPER,NSW,Provincial,OTH|ALP+IND+LNP+ON,OTH,ALP+IND+LNP+ON,11896.0,False,0.5,4.392232683254872,4.392232683254877,ON,toward pooled evidence,4.392232683254877,False,False,,0.0,0.1979657027572293,0.2288164088769334,0.0,0.3067417619367855,0.2664761264290518,0.0,0.19558713394876812,0.21942631595035766,0.0,0.35066408876933425,0.23432246133154003,0.0
Warringah,WARRINGAH,NSW,Inner metro,ALP|IND+LNP,ALP,IND+LNP,20540.0,False,0.47404403337557105,4.378619408778392,4.378619408778395,IND,away from local history,-4.378619408778395,False,False,,0.0,0.0,0.1849561830574488,0.0,0.0,0.8150438169425511,0.0,0.0,0.2287423771452327,0.0,0.0,0.7712576228547673,0.0
Kingsford Smith,KINGSFORD SMITH,NSW,Inner metro,ON|ALP+GRN+LNP,ON,ALP+GRN+LNP,6440.0,False,0.4973863553484676,4.293539836469728,4.293539836469723,ALP,away from local history,-4.293539836469723,False,False,,0.0,0.256832298136646,0.615527950310559,0.127639751552795,0.0,0.0,0.0,0.21389689977194876,0.6286534482951025,0.1574496519329488,0.0,0.0,0.0
Boothby,BOOTHBY,SA,Outer metro,GRN|ALP+LNP,GRN,ALP+LNP,22073.0,False,0.49623399434240484,4.279243661504872,4.279243661504872,ALP,away from local history,-4.279243661504872,True,True,25.02986703511749,1.0710889985833627,0.8808952113441761,0.1191047886558238,0.0,0.0,0.0,0.0,0.8381027747291274,0.16189722527087252,0.0,0.0,0.0,0.0
Calwell,CALWELL,VIC,Outer metro,OTH|ALP+GRN+IND+LNP,OTH,ALP+GRN+IND+LNP,27783.0,False,0.49126663521074854,4.238670631545826,4.238670631545824,GRN,away from local history,-4.238670631545824,False,False,,0.0,0.1842133678868373,0.1471763308498002,0.2622826908541194,0.0,0.4063276104092431,0.0,0.18493064857654853,0.1882879860965575,0.2198959845386612,0.0,0.40688538078823283,0.0
Aston,ASTON,VIC,Outer metro,IND|ALP+GRN+LNP+ON,IND,ALP+GRN+LNP+ON,5484.0,False,0.49547153734336485,4.237307224008601,3.784343335556961,GRN,away from local history,-3.784343335556961,False,False,,0.0,0.2658643326039387,0.1593727206418672,0.37545587162655,0.199307075127644,0.0,0.0,0.2613346937194223,0.17430656573968595,0.3376124382709804,0.22674630226991127,0.0,0.0
Makin,MAKIN,SA,Outer metro,GRN|ALP+LNP,GRN,ALP+LNP,19645.0,False,0.49623399434240484,4.2169166452214135,4.2169166452214135,ALP,toward pooled evidence,4.2169166452214135,False,False,,0.0,0.7122423008399084,0.2877576991600916,0.0,0.0,0.0,0.0,0.7544114672921225,0.24558853270787745,0.0,0.0,0.0,0.0
Rankin,RANKIN,QLD,Outer metro,GRN|ALP+LNP,GRN,ALP+LNP,15334.0,False,0.49623399434240484,4.185783423394546,4.185783423394551,ALP,toward pooled evidence,4.185783423394551,False,False,,0.0,0.7128603104212861,0.2871396895787139,0.0,0.0,0.0,0.0,0.7547181446552316,0.24528185534476848,0.0,0.0,0.0,0.0
Hume,HUME,NSW,Outer metro,IND|ALP+GRN+LNP+ON,IND,ALP+GRN+LNP+ON,5615.0,False,0.49547153734336485,4.178353262826659,4.1783532628266675,GRN,toward pooled evidence,4.1783532628266675,False,False,,0.0,0.3357079252003562,0.1896705253784505,0.2176313446126447,0.2569902048085485,0.0,0.0,0.29594020591675296,0.18931826563064996,0.25941487724091133,0.25532665121168574,0.0,0.0
Werriwa,WERRIWA,NSW,Outer metro,OTH|ALP+GRN+LNP+ON,OTH,ALP+GRN+LNP+ON,9857.0,False,0.49210290739708495,4.160728271673866,2.806722429914804,ON,toward pooled evidence,2.806722429914804,False,True,,0.0,0.2094957897940549,0.2547428223597443,0.1916404585573703,0.3441209292888302,0.0,0.0,0.19497056880395378,0.22766076063310695,0.20518051697496104,0.3721881535879783,0.0,0.0
Spence,SPENCE,SA,Outer metro,OTH|ALP+GRN+LNP+ON,OTH,ALP+GRN+LNP+ON,12438.0,False,0.49210290739708495,4.145785586146497,3.884456626514611,LNP,toward pooled evidence,3.884456626514611,False,False,,0.0,0.1757517285737256,0.124939700916546,0.2382215790319987,0.4610869914777295,0.0,0.0,0.1783650181700445,0.16378426718169214,0.22810322179033954,0.4297474928579239,0.0,0.0
Isaacs,ISAACS,VIC,Outer metro,ON|ALP+GRN+LNP,ON,ALP+GRN+LNP,6434.0,False,0.4973863553484676,4.1253136344257495,4.125313634425753,LNP,away from local history,-4.125313634425753,False,False,,0.0,0.1513832763444202,0.6855766241840224,0.1630400994715573,0.0,0.0,0.0,0.1691200945032279,0.644323487839765,0.1865564176570071,0.0,0.0,0.0
Oxley,OXLEY,QLD,Outer metro,OTH|ALP+GRN+LNP+ON,OTH,ALP+GRN+LNP+ON,6486.0,False,0.49210290739708495,4.115835481603419,4.115835481603419,ON,away from local history,-4.115835481603419,True,True,4.733065635236653,0.19480519478264843,0.156490903484428,0.1884057971014492,0.1746839346284304,0.4804193647856922,0.0,0.0,0.16888671014473444,0.19501611763542603,0.19683616225018144,0.4392610099696581,0.0,0.0
Brisbane,BRISBANE,QLD,Inner metro,OTH|ALP+GRN+LNP+ON,OTH,ALP+GRN+LNP+ON,5726.0,False,0.49210290739708495,4.110290324603068,3.696248534874902,ON,away from local history,-3.696248534874902,True,True,4.393952798527274,0.18060421674549226,0.1440796367446734,0.2142857142857142,0.1943765281173594,0.4472581208522528,0.0,0.0,0.1637409517613692,0.2101452963884326,0.21581811634669434,0.4102956355035039,0.0,0.0
Durack,DURACK,WA,Rural,GRN|ALP+LNP+ON,GRN,ALP+LNP+ON,9362.0,False,0.4967857809627051,4.099887245221183,4.099887245221182,LNP,away from local history,-4.099887245221182,False,False,,0.0,0.6515701773125401,0.2589190343943602,0.0,0.0895107882930997,0.0,0.0,0.6716710965052631,0.2179201619421484,0.0,0.1104087415525885,0.0,0.0
Wills,WILLS,VIC,Inner metro,ON|ALP+GRN+LNP+OTH,ON,ALP+GRN+LNP+OTH,4740.0,False,0.48628650106215887,4.088068666675036,4.08806866667504,OTH,toward pooled evidence,4.08806866667504,False,False,,0.0,0.1514767932489451,0.5932489451476793,0.1,0.0,0.0,0.1552742616033755,0.1461785783887306,0.5589372883036674,0.09872918503747613,0.0,0.0,0.19615494827012592
Ryan,RYAN,QLD,Outer metro,OTH|ALP+GRN+LNP+ON,OTH,ALP+GRN+LNP+ON,6126.0,False,0.49210290739708495,4.073974773382825,4.0739747733828215,ON,away from local history,-4.0739747733828215,True,True,5.296357720417401,0.21577227743791857,0.1527913809990205,0.1968658178256611,0.1707476330395037,0.4795951681358145,0.0,0.0,0.16706616437368452,0.19917931843045034,0.19489909679387885,0.4388554204019864,0.0,0.0
Brand,BRAND,WA,Outer metro,ON|ALP+GRN+LNP,ON,ALP+GRN+LNP,14163.0,False,0.4973863553484676,4.057539311890437,4.057539311890435,LNP,toward pooled evidence,4.057539311890435,False,False,,0.0,0.199675210054367,0.5227705994492692,0.2775541904963637,0.0,0.0,0.0,0.19313984340394816,0.5633459925681736,0.24351416402787823,0.0,0.0,0.0
Wide Bay,WIDE BAY,QLD,Rural,IND|ALP+GRN+LNP+ON+OTH,IND,ALP+GRN+LNP+ON+OTH,6066.0,False,0.49468416109185825,4.00760776330752,3.389833356731267,OTH,toward pooled evidence,3.389833356731267,True,True,4.486241999955137,0.17979098267096466,0.19188921859545,0.126772172766238,0.2571711177052423,0.1752390372568414,0.0,0.2489284536762281,0.19475876809665799,0.13008036733079265,0.2324651734559306,0.159868903873078,0.0,0.2828267872435408
Hughes,HUGHES,NSW,Outer metro,ON|ALP+GRN+LNP,ON,ALP+GRN+LNP,8852.0,False,0.4973863553484676,4.00196390352204,4.001963903522043,LNP,away from local history,-4.001963903522043,False,False,,0.0,0.1496836873023045,0.6831224582015364,0.167193854496159,0.0,0.0,0.0,0.1682747421039798,0.6431028191663161,0.18862243872970413,0.0,0.0,0.0
Cowan,COWAN,WA,Inner metro,OTH|ALP+GRN+LNP+ON,OTH,ALP+GRN+LNP+ON,9947.0,False,0.49210290739708495,3.9979125945347844,3.997912594534786,ON,toward pooled evidence,3.997912594534786,True,True,9.651178916961289,0.3858456974422812,0.1957374082637981,0.2585704232431889,0.2499246003820247,0.2957675681109882,0.0,0.0,0.1891618913155848,0.23193793041963964,0.24315348420843952,0.3357466940563361,0.0,0.0
Lyons,LYONS,TAS,Rural,IND|ALP+GRN+LNP+ON+OTH,IND,ALP+GRN+LNP+ON+OTH,2545.0,False,0.49468416109185825,3.9932746532834047,2.7386303351998817,GRN,away from local history,-2.7386303351998817,True,True,2.9135705070874076,0.11634687256506221,0.2223968565815324,0.1072691552062868,0.262475442043222,0.1332023575638506,0.0,0.274656188605108,0.20985041340069727,0.1204325334503884,0.23508913869122322,0.13907402424406373,0.0,0.29555389021362743
Fisher,FISHER,QLD,Rural,GRN|ALP+IND+LNP+ON,GRN,ALP+IND+LNP+ON,11959.0,False,0.4931708529322558,3.9884279530716866,3.988427953071688,IND,away from local history,-3.988427953071688,True,True,12.61693563847556,0.5032173878260229,0.4000334476126766,0.0660590350363742,0.0,0.0494188477297432,0.4844886696212058,0.0,0.41898458754912016,0.07272677891051234,0.0,0.06368424344987851,0.444604390090489,0.0
Fraser,FRASER,VIC,Inner metro,LNP|ALP+GRN,LNP,ALP+GRN,23087.0,False,0.497045392941384,3.9508166944721146,3.9508166944721146,ALP,toward pooled evidence,3.9508166944721146,False,False,,0.0,0.643868843938147,0.0,0.3561311560618529,0.0,0.0,0.0,0.6833770108828682,0.0,0.31662298911713177,0.0,0.0,0.0
Wright,WRIGHT,QLD,Rural,GRN|ALP+LNP+ON,GRN,ALP+LNP+ON,13840.0,False,0.4967857809627051,3.94648716862325,3.946487168623247,ON,away from local history,-3.946487168623247,False,False,,0.0,0.6735549132947977,0.1169797687861271,0.0,0.2094653179190751,0.0,0.0,0.6825928007394679,0.1474067530276895,0.0,0.17000044623284266,0.0,0.0
Goldstein,GOLDSTEIN,VIC,Inner metro,ALP|IND+LNP,ALP,IND+LNP,19235.0,False,0.47404403337557105,3.9401145416105927,3.9401145416105954,IND,away from local history,-3.9401145416105954,False,False,,0.0,0.0,0.1932934754354042,0.0,0.0,0.8067065245645958,0.0,0.0,0.2326946208515101,0.0,0.0,0.7673053791484898,0.0
Solomon,SOLOMON,NT,Inner metro,GRN|ALP+IND+LNP,GRN,ALP+IND+LNP,6528.0,False,0.4891380938285854,3.926138304991817,3.926138304991818,LNP,away from local history,-3.926138304991818,False,False,,0.0,0.3884803921568627,0.151501225490196,0.0,0.0,0.4600183823529412,0.0,0.4044203976515776,0.11223984244027786,0.0,0.0,0.48333975990814454,0.0
Corio,CORIO,VIC,Provincial,IND|ALP+GRN+LNP+ON,IND,ALP+GRN+LNP+ON,4460.0,False,0.49547153734336485,3.9173515866570585,3.9173515866570585,ON,away from local history,-3.9173515866570585,False,False,,0.0,0.2060538116591928,0.1603139013452914,0.2849775784753363,0.3486547085201794,0.0,0.0,0.229127028442601,0.17640345412474723,0.28498832477904296,0.30948119265360885,0.0,0.0
Corangamite,CORANGAMITE,VIC,Provincial,GRN|ALP+LNP,GRN,ALP+LNP,20236.0,False,0.49623399434240484,3.910753796829311,3.910753796829314,ALP,away from local history,-3.910753796829314,False,False,,0.0,0.8811524016604072,0.1188475983395928,0.0,0.0,0.0,0.0,0.8420448636921141,0.15795513630788588,0.0,0.0,0.0,0.0
Ballarat,BALLARAT,VIC,Provincial,IND|ALP+GRN+LNP+ON+OTH,IND,ALP+GRN+LNP+ON+OTH,3329.0,False,0.49468416109185825,3.9072894469810513,2.728981103202874,GRN,toward pooled evidence,2.728981103202874,True,True,2.534205094923974,0.09901872823882057,0.1829378191649144,0.1243616701712225,0.1667167317512766,0.1865425052568338,0.0,0.3394412736557525,0.19131821124922205,0.12776436152469672,0.19400654278330537,0.1669701183371735,0.0,0.3199407661056024
Wentworth,WENTWORTH,NSW,Inner metro,GRN|ALP+IND+LNP,GRN,ALP+IND+LNP,11844.0,False,0.4891380938285854,3.8942280035080636,3.89422800350806,IND,away from local history,-3.89422800350806,False,False,,0.0,0.3546099290780142,0.0634920634920634,0.0,0.0,0.5818980074299224,0.0,0.3878530639040982,0.06919120870106009,0.0,0.0,0.5429557273948418,0.0
Greenway,GREENWAY,NSW,Outer metro,IND|ALP+GRN+LNP+ON,IND,ALP+GRN+LNP+ON,3471.0,False,0.49547153734336485,3.860282844158662,3.447012343421391,GRN,away from local history,-3.447012343421391,False,False,,0.0,0.2005185825410544,0.1688274272543935,0.3687698069720541,0.2618841832324978,0.0,0.0,0.22895773447690976,0.17899110376012484,0.33429968353784023,0.2577514782251251,0.0,0.0
Blaxland,BLAXLAND,NSW,Inner metro,ON|ALP+GRN+IND+LNP,ON,ALP+GRN+IND+LNP,4690.0,False,0.49624702142853383,3.838209663983081,3.8382096639830774,IND,toward pooled evidence,3.8382096639830774,False,False,,0.0,0.1462686567164179,0.5814498933901919,0.0829424307036247,0.0,0.1893390191897654,0.0,0.12208690382471749,0.5746889500275485,0.07550303031813785,0.0,0.2277211158295962,0.0
Fairfax,FAIRFAX,QLD,Rural,ON|ALP+IND+LNP,ON,ALP+IND+LNP,12805.0,False,0.49557127547287594,3.80824614281254,3.8082461428125383,IND,away from local history,-3.8082461428125383,False,False,,0.0,0.0791097227645451,0.4646622413119875,0.0,0.0,0.4562280359234674,0.0,0.09772161736054963,0.4841328081441084,0.0,0.0,0.418145574495342,0.0
Gilmore,GILMORE,NSW,Rural,IND|ALP+LNP,IND,ALP+LNP,16968.0,False,0.4842595328516168,3.799708579309696,3.799708579309702,LNP,toward pooled evidence,3.799708579309702,False,False,,0.0,0.6990806223479491,0.3009193776520509,0.0,0.0,0.0,0.0,0.6610835365548522,0.3389164634451479,0.0,0.0,0.0,0.0
Burt,BURT,WA,Outer metro,OTH|ALP+GRN+LNP+ON,OTH,ALP+GRN+LNP+ON,11197.0,False,0.49210290739708495,3.7489937116108054,3.748993711610804,ALP,away from local history,-3.748993711610804,False,False,,0.0,0.2547110833258909,0.1779941055639903,0.2079128337947664,0.3593819773153523,0.0,0.0,0.2172211462097829,0.18989249395892088,0.21318820013953999,0.37969815969175635,0.0,0.0
Braddon,BRADDON,TAS,Rural,OTH|ALP+GRN+IND+LNP+ON,OTH,ALP+GRN+IND+LNP+ON,3360.0,False,0.4928760932248753,3.74261507595006,2.325651379758273,LNP,toward pooled evidence,2.325651379758273,True,True,5.936876173,0.22219442269118495,0.1071428571428571,0.1488095238095238,0.1511904761904761,0.4032738095238095,0.1895833333333333,0.0,0.11236388729339314,0.1720660376071066,0.13270155605889808,0.38433657889588707,0.1985319401447152,0.0
Hunter,HUNTER,NSW,Rural,OTH|ALP+GRN+LNP+ON,OTH,ALP+GRN+LNP+ON,16503.0,False,0.49210290739708495,3.7326241779059925,3.732624177905994,ALP,away from local history,-3.732624177905994,False,False,,0.0,0.2521965703205477,0.1825122704962734,0.1653638732351693,0.3999272859480094,0.0,0.0,0.21487032854148783,0.20042694741138825,0.17503083211464615,0.40967189193247777,0.0,0.0
Dickson,DICKSON,QLD,Outer metro,ON|ALP+GRN+IND+LNP,ON,ALP+GRN+IND+LNP,6686.0,False,0.49624702142853383,3.731619272301802,3.7316192723018005,IND,away from local history,-3.7316192723018005,False,False,,0.0,0.0888423571642237,0.503290457672749,0.0602752019144481,0.0,0.3475919832485791,0.0,0.09252198524732448,0.531905521403152,0.06529670282396245,0.0,0.3102757905255611,0.0
Macnamara,MACNAMARA,VIC,Inner metro,GRN|ALP+LNP,GRN,ALP+LNP,26750.0,False,0.49623399434240484,3.692839363561619,3.69283936356162,LNP,toward pooled evidence,3.69283936356162,True,True,33.10422412274678,1.222485819406454,0.9188411214953272,0.0811588785046728,0.0,0.0,0.0,0.0,0.881912727859711,0.118087272140289,0.0,0.0,0.0,0.0
Dawson,DAWSON,QLD,Rural,OTH|ALP+LNP+ON,OTH,ALP+LNP+ON,14546.0,False,0.4978073281835432,3.6806403335564912,3.6806403335564895,LNP,away from local history,-3.6806403335564895,True,True,14.114004914402011,0.5194857575596258,0.1623126632751272,0.3031761308950914,0.0,0.5345112058297814,0.0,0.0,0.1765056395853679,0.2663697275595265,0.0,0.5571246328551056,0.0,0.0
Hasluck,HASLUCK,WA,Outer metro,OTH|ALP+GRN+LNP+ON,OTH,ALP+GRN+LNP+ON,9213.0,False,0.49210290739708495,3.6506080777008316,3.5861601816085944,ON,toward pooled evidence,3.5861601816085944,True,True,9.04232786818619,0.33009995156819844,0.2238141756214045,0.2001519591881037,0.2472593075002713,0.3287745576902203,0.0,0.0,0.20201668809882573,0.20079643814902615,0.2325507142458419,0.3646361595063063,0.0,0.0
Griffith,GRIFFITH,QLD,Inner metro,LNP|ALP+GRN,LNP,ALP+GRN,34115.0,False,0.497045392941384,3.6335506442099583,3.6335506442099597,ALP,away from local history,-3.6335506442099597,False,False,,0.0,0.7946651033269823,0.0,0.2053348966730177,0.0,0.0,0.0,0.7583295968848827,0.0,0.24167040311511728,0.0,0.0,0.0
Bullwinkel,BULLWINKEL,WA,Outer metro,OTH|ALP+GRN+LNP+ON,OTH,ALP+GRN+LNP+ON,8549.0,False,0.49210290739708495,3.6124496144574496,3.612449614457447,LNP,away from local history,-3.612449614457447,True,True,10.735175781073519,0.3878028161147198,0.1573283424961984,0.2725464966662768,0.2085624049596444,0.3615627558778804,0.0,0.0,0.16929881631719437,0.2364220005217023,0.21350785599833771,0.3807713271627656,0.0,0.0
Mackellar,MACKELLAR,NSW,Outer metro,ALP|IND+LNP,ALP,IND+LNP,16409.0,False,0.47404403337557105,3.5925159437802514,3.5925159437802527,LNP,toward pooled evidence,3.5925159437802527,False,False,,0.0,0.0,0.2239015174599305,0.0,0.0,0.7760984825400695,0.0,0.0,0.25982667689773303,0.0,0.0,0.740173323102267,0.0
Grayndler,GRAYNDLER,NSW,Inner metro,LNP|ALP+GRN,LNP,ALP+GRN,20213.0,False,0.497045392941384,3.5490127272126277,3.5490127272126304,ALP,toward pooled evidence,3.5490127272126304,False,False,,0.0,0.6518577153317172,0.0,0.3481422846682828,0.0,0.0,0.0,0.6873478426038435,0.0,0.31265215739615654,0.0,0.0,0.0
Melbourne,MELBOURNE,VIC,Inner metro,LNP|ALP+GRN,LNP,ALP+GRN,23023.0,False,0.497045392941384,3.5405430935841893,3.540543093584192,ALP,away from local history,-3.540543093584192,False,False,,0.0,0.7928158797724015,0.0,0.2071841202275985,0.0,0.0,0.0,0.7574104488365596,0.0,0.24258955116344036,0.0,0.0,0.0
Cowan,COWAN,WA,Inner metro,ON|ALP+GRN+LNP,ON,ALP+GRN+LNP,8349.0,False,0.4973863553484676,3.5221647005010945,3.522164700501096,LNP,toward pooled evidence,3.522164700501096,False,False,,0.0,0.1815786321715175,0.5715654569409511,0.2468559108875314,0.0,0.0,0.0,0.17646675313094246,0.606787103945962,0.21674614292309552,0.0,0.0,0.0
Aston,ASTON,VIC,Outer metro,OTH|ALP+GRN+IND+LNP+ON,OTH,ALP+GRN+IND+LNP+ON,4542.0,False,0.4928760932248753,3.4932797337613564,2.3779087015986926,GRN,toward pooled evidence,2.3779087015986926,False,False,,0.0,0.1221928665785997,0.2633201232937032,0.0768383971818582,0.3221047996477322,0.2155438132981065,0.0,0.12227460924550701,0.23955952828933624,0.10061748419784514,0.3331767673024516,0.20437161096486,0.0
Werriwa,WERRIWA,NSW,Outer metro,GRN|ALP+LNP,GRN,ALP+LNP,13775.0,False,0.49623399434240484,3.4823424053255088,3.4823424053255114,ALP,toward pooled evidence,3.4823424053255114,False,False,,0.0,0.7268239564428313,0.2731760435571688,0.0,0.0,0.0,0.0,0.7616473804960864,0.23835261950391373,0.0,0.0,0.0,0.0
Macnamara,MACNAMARA,VIC,Inner metro,ON|ALP+GRN+LNP,ON,ALP+GRN+LNP,3853.0,False,0.4973863553484676,3.4797050801529243,3.4797050801529283,LNP,away from local history,-3.4797050801529283,True,True,16.645576455006516,0.5792169695256009,0.1541655852582403,0.7108746431352193,0.1349597716065403,0.0,0.0,0.0,0.16283187763775098,0.6760775923336901,0.1610905300285589,0.0,0.0,0.0
Capricornia,CAPRICORNIA,QLD,Provincial,GRN|ALP+LNP+ON+OTH,GRN,ALP+LNP+ON+OTH,6513.0,False,0.49876212563918376,3.475675545967701,3.4756755459677033,OTH,toward pooled evidence,3.4756755459677033,True,True,7.82911296762633,0.2721145648819745,0.6837095040687855,0.1325042223245816,0.0,0.1160755412252418,0.0,0.067710732381391,0.6647050269201353,0.12670137042317475,0.0,0.10612611481562197,0.0,0.10246748784106804
Bonner,BONNER,QLD,Outer metro,ON|ALP+GRN+LNP,ON,ALP+GRN+LNP,7077.0,False,0.4973863553484676,3.4731603970921525,3.4731603970921565,LNP,away from local history,-3.4731603970921565,False,False,,0.0,0.1624982337148509,0.6726013847675568,0.1649003815175922,0.0,0.0,0.0,0.17464852263956004,0.6378697807966354,0.1874816965638046,0.0,0.0,0.0
Brisbane,BRISBANE,QLD,Inner metro,GRN|ALP+LNP,GRN,ALP+LNP,30520.0,False,0.49623399434240484,3.451799167963765,3.451799167963765,ALP,away from local history,-3.451799167963765,False,False,,0.0,0.9140563564875492,0.0859436435124508,0.0,0.0,0.0,0.0,0.8795383648079116,0.12046163519208845,0.0,0.0,0.0,0.0
Ryan,RYAN,QLD,Outer metro,ALP|GRN+LNP,ALP,GRN+LNP,30893.0,False,0.5,3.4411630867727054,3.4411630867727085,LNP,away from local history,-3.4411630867727085,True,True,25.36217678077704,0.8727538653821376,0.0,0.2423202667270902,0.7576797332729097,0.0,0.0,0.0,0.0,0.20790863585936314,0.7920913641406369,0.0,0.0,0.0
Curtin,CURTIN,WA,Inner metro,ALP|IND+LNP,ALP,IND+LNP,19919.0,False,0.47404403337557105,3.4125815182340604,3.4125815182340618,LNP,toward pooled evidence,3.4125815182340618,False,False,,0.0,0.0,0.2033234600130528,0.0,0.0,0.7966765399869471,0.0,0.0,0.23744927519539344,0.0,0.0,0.7625507248046066,0.0
Canberra,CANBERRA,ACT,Inner metro,IND|ALP+GRN+LNP,IND,ALP+GRN+LNP,11136.0,False,0.4960167318320175,3.4077492047196,3.407749204719596,ALP,away from local history,-3.407749204719596,False,False,,0.0,0.4030172413793103,0.2438038793103448,0.3531788793103448,0.0,0.0,0.0,0.3689397493321144,0.26035764307180265,0.3707026075960831,0.0,0.0,0.0
Farrer,FARRER,NSW,Rural,ALP|IND+LNP,ALP,IND+LNP,19650.0,False,0.47404403337557105,3.396161970596334,3.396161970596334,IND,away from local history,-3.396161970596334,False,False,,0.0,0.0,0.2614249363867684,0.0,0.0,0.7385750636132316,0.0,0.0,0.29538655609273173,0.0,0.0,0.7046134439072682,0.0
Bendigo,BENDIGO,VIC,Provincial,ON|ALP+GRN+LNP+OTH,ON,ALP+GRN+LNP+OTH,7890.0,False,0.48628650106215887,3.3863379027848333,3.386337902784828,OTH,toward pooled evidence,3.386337902784828,False,False,,0.0,0.1359949302915082,0.5114068441064639,0.138403041825095,0.0,0.0,0.2141951837769328,0.13108004726598965,0.5041975909594325,0.11666379896979667,0.0,0.0,0.2480585628047811
Sydney,SYDNEY,NSW,Inner metro,ON|ALP+GRN+LNP,ON,ALP+GRN+LNP,3875.0,False,0.4973863553484676,3.354677605877439,3.354677605877432,LNP,away from local history,-3.354677605877432,False,False,,0.0,0.152516129032258,0.7083870967741935,0.1390967741935483,0.0,0.0,0.0,0.1620114606172028,0.6748403207154193,0.163148218667378,0.0,0.0,0.0
Blaxland,BLAXLAND,NSW,Inner metro,GRN|ALP+IND+LNP,GRN,ALP+IND+LNP,7547.0,False,0.4891380938285854,3.3526345490300167,3.3526345490300202,IND,toward pooled evidence,3.3526345490300202,False,False,,0.0,0.4820458460315357,0.0779117530144428,0.0,0.0,0.4400424009540215,0.0,0.4501868254080416,0.07624442814763677,0.0,0.0,0.4735687464443217,0.0
Parkes,PARKES,NSW,Rural,GRN|ALP+LNP+ON+OTH,GRN,ALP+LNP+ON+OTH,8259.0,False,0.49876212563918376,3.328329553556833,3.3283295535568302,ALP,toward pooled evidence,3.3283295535568302,True,True,7.818860552082764,0.2602374465063676,0.5608427170359608,0.1285869960043588,0.0,0.1048553093594866,0.0,0.2057149776001937,0.5941260125715292,0.12352274325396792,0.0,0.10126096280550714,0.0,0.18109028136899574
Lingiari,LINGIARI,NT,Rural,ON|ALP+GRN+LNP,ON,ALP+GRN+LNP,4563.0,False,0.4973863553484676,3.3274684411526008,3.3274684411526034,LNP,away from local history,-3.3274684411526034,False,False,,0.0,0.1371904448827526,0.7032653955730879,0.1595441595441595,0.0,0.0,0.0,0.1567434992564544,0.669990711161562,0.17326578958198371,0.0,0.0,0.0
Menzies,MENZIES,VIC,Outer metro,OTH|ALP+GRN+IND+LNP+ON,OTH,ALP+GRN+IND+LNP+ON,5829.0,False,0.4928760932248753,3.325065792797975,2.8206912069638768,LNP,away from local history,-2.8206912069638768,True,True,6.262513697812124,0.20823270073523847,0.0929833590667352,0.2720878366786756,0.1266083376222336,0.3510036026762738,0.1573168639560816,0.0,0.10787794129803657,0.24388092460903688,0.1251478980021321,0.3474202964380344,0.17567293965276004,0.0
Macquarie,MACQUARIE,NSW,Provincial,GRN|ALP+LNP,GRN,ALP+LNP,15864.0,False,0.49623399434240484,3.324545646194357,3.32454564619436,LNP,toward pooled evidence,3.32454564619436,False,False,,0.0,0.8695158850226928,0.1304841149773071,0.0,0.0,0.0,0.0,0.8362704285607493,0.1637295714392507,0.0,0.0,0.0,0.0
Berowra,BEROWRA,NSW,Outer metro,ON|ALP+GRN+IND+LNP,ON,ALP+GRN+IND+LNP,5954.0,False,0.49624702142853383,3.309836630154635,3.309836630154639,LNP,away from local history,-3.309836630154639,False,False,,0.0,0.0880080618071884,0.6257977830030231,0.0564326503191132,0.0,0.2297615048706751,0.0,0.09210796866140404,0.5926994167014769,0.06338984804009204,0.0,0.251802766597027,0.0
Solomon,SOLOMON,NT,Inner metro,ON|ALP+GRN+IND+LNP,ON,ALP+GRN+IND+LNP,4227.0,False,0.49624702142853383,3.2606192227496216,3.260619222749628,IND,away from local history,-3.260619222749628,False,False,,0.0,0.0761769576531819,0.5358410220014195,0.0577241542465105,0.0,0.3302578660988881,0.0,0.08730410693772146,0.5520556834501531,0.0629885357407336,0.0,0.29765167387139185,0.0
Bonner,BONNER,QLD,Outer metro,OTH|ALP+GRN+LNP+ON,OTH,ALP+GRN+LNP+ON,8698.0,False,0.49210290739708495,3.2526973799231627,3.252697379923158,LNP,away from local history,-3.252697379923158,True,True,6.459112111870817,0.21009537042912171,0.1623361692343067,0.2654633249022763,0.1936077259140032,0.3785927799494136,0.0,0.0,0.17176318241475835,0.23293635110304478,0.20614861496078746,0.3891518515214095,0.0,0.0
Indi,INDI,VIC,Rural,OTH|ALP+GRN+IND+LNP+ON,OTH,ALP+GRN+IND+LNP+ON,8289.0,False,0.4928760932248753,3.2441701810098635,2.009440981643694,ALP,toward pooled evidence,2.009440981643694,False,False,,0.0,0.0778139703221136,0.1720352274098202,0.1412715647243334,0.364217637833273,0.2446615997104596,0.0,0.09790838013855055,0.1835134316600196,0.12781276172642225,0.36508672557673544,0.22567870089827222,0.0
Sturt,STURT,SA,Inner metro,ON|ALP+GRN+IND+LNP,ON,ALP+GRN+IND+LNP,6021.0,False,0.49624702142853383,3.227477939722239,2.5191922170858194,LNP,toward pooled evidence,2.5191922170858194,False,False,,0.0,0.0842052815146985,0.5180202624148812,0.0923434645407739,0.0,0.3054309915296462,0.0,0.09128813874106269,0.5432121845857395,0.080168265358172,0.0,0.28533141131502576,0.0
Parkes,PARKES,NSW,Rural,ON|ALP+LNP,ON,ALP+LNP,25446.0,False,0.49385098454142856,3.2157084016310398,3.2157084016310455,LNP,toward pooled evidence,3.2157084016310455,False,False,,0.0,0.3341586103906311,0.6658413896093689,0.0,0.0,0.0,0.0,0.30200152637432076,0.6979984736256793,0.0,0.0,0.0,0.0
Flinders,FLINDERS,VIC,Rural,ON|ALP+GRN+IND+LNP,ON,ALP+GRN+IND+LNP,7439.0,False,0.49624702142853383,3.2105758252379752,3.2105758252379712,LNP,away from local history,-3.2105758252379712,False,False,,0.0,0.093560962494959,0.6258905766904154,0.048393601290496,0.0,0.2321548595241296,0.0,0.09543748576529648,0.5937848184380357,0.05931324430311977,0.0,0.2514644514935481,0.0
Corangamite,CORANGAMITE,VIC,Provincial,ON|ALP+GRN+IND+LNP,ON,ALP+GRN+IND+LNP,5460.0,False,0.49624702142853383,3.2094009037354065,2.9486087074083125,LNP,toward pooled evidence,2.9486087074083125,False,False,,0.0,0.1109890109890109,0.4983516483516483,0.0641025641025641,0.0,0.3265567765567765,0.0,0.10365418208312929,0.5278377354257315,0.06671048606583505,0.0,0.3017975964253041,0.0
Franklin,FRANKLIN,TAS,Outer metro,ON|ALP+GRN+IND+LNP+OTH,ON,ALP+GRN+IND+LNP+OTH,3793.0,False,0.49390997044238744,3.1846417899776864,2.313467984598619,IND,toward pooled evidence,2.313467984598619,False,False,,0.0,0.1228578961244397,0.377801212760348,0.0577379383074083,0.0,0.1800685473240179,0.2615344054837859,0.1112598157600355,0.3808875278642828,0.0633633612572643,0.0,0.2032032271700041,0.24128606794841334
Bean,BEAN,ACT,Inner metro,GRN|ALP+IND+LNP,GRN,ALP+IND+LNP,9757.0,False,0.4891380938285854,3.1737479799271036,3.1737479799270996,ALP,away from local history,-3.1737479799270996,True,True,14.76066808338331,0.46846640512012255,0.4818079327662191,0.0301322127703187,0.0,0.0,0.4880598544634621,0.0,0.45007045296694814,0.052873634908619724,0.0,0.0,0.49705591212443223,0.0
Corangamite,CORANGAMITE,VIC,Provincial,OTH|ALP+GRN+IND+LNP+ON,OTH,ALP+GRN+IND+LNP+ON,6884.0,False,0.4928760932248753,3.1735878742569446,1.9920431556938039,ALP,away from local history,-1.9920431556938039,False,False,,0.0,0.1735909355026147,0.178965717606043,0.1605171411969785,0.3073794305636258,0.1795467751307379,0.0,0.15367050394567666,0.17525159025516424,0.1524158213622259,0.3227316032420326,0.19593048119490064,0.0
Macnamara,MACNAMARA,VIC,Inner metro,IND|ALP+GRN+LNP+ON,IND,ALP+GRN+LNP+ON,2128.0,False,0.49547153734336485,3.1424402063552805,2.504137774649112,LNP,away from local history,-2.504137774649112,False,False,,0.0,0.2363721804511278,0.2401315789473684,0.2734962406015037,0.25,0.0,0.0,0.24891841049306826,0.2150902012008773,0.2923744126231161,0.24361697568293836,0.0,0.0
Groom,GROOM,QLD,Provincial,GRN|ALP+IND+LNP+ON,GRN,ALP+IND+LNP+ON,6513.0,False,0.4931708529322558,3.1303244439241373,2.9985630827494614,ALP,toward pooled evidence,2.9985630827494614,True,True,7.941745507365666,0.24860240089131444,0.420850606479349,0.0763089206202978,0.0,0.0942729924765852,0.4085674804237678,0.0,0.45083623730684375,0.07762653423204458,0.0,0.08496030383408466,0.3865769246270271,0.0
Blair,BLAIR,QLD,Provincial,OTH|ALP+GRN+LNP+ON,OTH,ALP+GRN+LNP+ON,18883.0,False,0.49210290739708495,3.1182195726241426,3.1182195726241426,ON,away from local history,-3.1182195726241426,False,False,,0.0,0.1666048826987237,0.1703648784621087,0.2086003283376582,0.4544299105015092,0.0,0.0,0.1731448833910837,0.18889516471803308,0.21471223711561538,0.4232477147752679,0.0,0.0
Blair,BLAIR,QLD,Provincial,GRN|ALP+LNP+ON,GRN,ALP+LNP+ON,16043.0,True,0.4967857809627051,3.1166536959240743,3.1166536959240725,LNP,toward pooled evidence,3.1166536959240725,False,False,,0.0,0.7225581250389578,0.1010409524403166,0.0,0.1764009225207255,0.0,0.0,0.7047751513769278,0.13220748939955734,0.0,0.16301735922351485,0.0,0.0
Makin,MAKIN,SA,Outer metro,ON|ALP+GRN+LNP,ON,ALP+GRN+LNP,11778.0,False,0.4973863553484676,3.0966083764589274,3.096608376458923,GRN,away from local history,-3.096608376458923,False,False,,0.0,0.1786381389030395,0.5499235863474274,0.271438274749533,0.0,0.0,0.0,0.182676291256783,0.5768515177582733,0.2404721909849438,0.0,0.0,0.0
Deakin,DEAKIN,VIC,Outer metro,GRN|ALP+LNP,GRN,ALP+LNP,19322.0,False,0.49623399434240484,3.088640149073357,3.088640149073363,LNP,toward pooled evidence,3.088640149073363,False,False,,0.0,0.8572611530897423,0.1427388469102577,0.0,0.0,0.0,0.0,0.8263747515990087,0.17362524840099133,0.0,0.0,0.0,0.0
Greenway,GREENWAY,NSW,Outer metro,ON|ALP+GRN+LNP,ON,ALP+GRN+LNP,7605.0,False,0.4973863553484676,3.068924206804355,3.0689242068043523,ALP,away from local history,-3.0689242068043523,False,False,,0.0,0.2477317554240631,0.5646285338593031,0.1876397107166338,0.0,0.0,0.0,0.21704251335601957,0.5841655580067956,0.1987919286371849,0.0,0.0,0.0
Hinkler,HINKLER,QLD,Provincial,IND|ALP+GRN+LNP+ON+OTH,IND,ALP+GRN+LNP+ON+OTH,3201.0,False,0.49468416109185825,3.0657175973912056,1.7922328576665008,GRN,toward pooled evidence,1.7922328576665008,True,True,2.389963339143398,0.07326952665931762,0.1743205248359887,0.1615120274914089,0.1852546079350203,0.1583880037488285,0.0,0.3205248359887535,0.18705537223323582,0.1461420548698959,0.20317693651168534,0.15304253237772647,0.0,0.3105831040074566
Flynn,FLYNN,QLD,Rural,GRN|ALP+LNP+ON+OTH,GRN,ALP+LNP+ON+OTH,6927.0,False,0.49876212563918376,3.065610100027604,2.382962964417765,OTH,away from local history,-2.382962964417765,True,True,7.932255621687398,0.2431720294984563,0.5960733362205861,0.0884942976757615,0.0,0.1113035946297098,0.0,0.2041287714739425,0.6116977110836376,0.1035260238129862,0.0,0.10447712327361151,0.0,0.18029914182976484
Dobell,DOBELL,NSW,Provincial,GRN|ALP+LNP,GRN,ALP+LNP,15959.0,False,0.49623399434240484,3.0537462935795734,3.0537462935795734,ALP,toward pooled evidence,3.0537462935795734,False,False,,0.0,0.7429036907074378,0.2570963092925621,0.0,0.0,0.0,0.0,0.7734411536432336,0.22655884635676643,0.0,0.0,0.0,0.0
Grey,GREY,SA,Rural,GRN|ALP+IND+LNP+ON,GRN,ALP+IND+LNP+ON,7179.0,False,0.4931708529322558,3.0532312511400566,2.6700613877090884,IND,toward pooled evidence,2.6700613877090884,True,True,8.620738753881918,0.2632110897126646,0.429864883688536,0.1030784231787157,0.0,0.1139434461624181,0.3531132469703301,0.0,0.4336965823228457,0.09098366213570114,0.0,0.09550589469403209,0.379813860847421,0.0
Cook,COOK,NSW,Inner metro,ON|ALP+GRN+LNP,ON,ALP+GRN+LNP,7484.0,False,0.4973863553484676,3.048643167255455,3.0486431672554493,LNP,away from local history,-3.0486431672554493,False,False,,0.0,0.1264029930518439,0.7022982362373063,0.1712987707108498,0.0,0.0,0.0,0.1490231430851857,0.6718118045647518,0.17916505235006264,0.0,0.0,0.0
Holt,HOLT,VIC,Outer metro,ON|ALP+GRN+LNP,ON,ALP+GRN+LNP,11627.0,False,0.4973863553484676,3.0341292263468627,3.03412922634686,LNP,toward pooled evidence,3.03412922634686,False,False,,0.0,0.1990195235228347,0.5431323643244172,0.2578481121527479,0.0,0.0,0.0,0.19281371386977825,0.573473656587886,0.2337126295423358,0.0,0.0,0.0
Lyons,LYONS,TAS,Rural,OTH|ALP+GRN+LNP+ON,OTH,ALP+GRN+LNP+ON,8284.0,False,0.49210290739708495,3.032479154693879,3.032479154693879,ALP,away from local history,-3.032479154693879,True,True,11.428651358098401,0.3465714700969729,0.2384113954611298,0.2061805890873974,0.1535490101400289,0.4018590053114437,0.0,0.0,0.20808660391419107,0.21207419580328085,0.16921670363502905,0.41062249664749906,0.0,0.0
Spence,SPENCE,SA,Outer metro,IND|ALP+GRN+LNP+ON+OTH,IND,ALP+GRN+LNP+ON+OTH,3076.0,False,0.49468416109185825,3.018104948429369,1.5392956485737352,ON,away from local history,-1.5392956485737352,True,True,2.1599751581079984,0.06519031713170259,0.2291937581274382,0.1170351105331599,0.2087126137841352,0.1755526657997399,0.0,0.2695058517555266,0.21440566512888193,0.12344203454363306,0.21957144481948465,0.16015970931400259,0.0,0.28242114619399783
Burt,BURT,WA,Outer metro,GRN|ALP+LNP+ON,GRN,ALP+LNP+ON,14004.0,False,0.4967857809627051,3.013852518313684,3.0138525183136866,ALP,away from local history,-3.0138525183136866,False,False,,0.0,0.763781776635247,0.1096115395601256,0.0,0.1266066838046272,0.0,0.0,0.7336432514521103,0.1314892712340947,0.0,0.13486747731379495,0.0,0.0
Gippsland,GIPPSLAND,VIC,Rural,GRN|ALP+LNP+ON,GRN,ALP+LNP+ON,9212.0,False,0.4967857809627051,2.999718189743541,2.99971818974354,ON,toward pooled evidence,2.99971818974354,True,True,10.678513123677655,0.32032530056510977,0.7429439861050803,0.1856274424663482,0.0,0.0714285714285714,0.0,0.0,0.7170643054658021,0.18150994120819108,0.0,0.10142575332600681,0.0,0.0
Canberra,CANBERRA,ACT,Inner metro,OTH|ALP+GRN+IND+LNP,OTH,ALP+GRN+IND+LNP,2480.0,False,0.49126663521074854,2.9721329344832377,2.8716434253538785,GRN,away from local history,-2.8716434253538785,False,False,,0.0,0.1673387096774193,0.2052419354838709,0.244758064516129,0.0,0.3826612903225806,0.0,0.17930599357504196,0.2229959809310807,0.21604163026259027,0.0,0.38165639523128714,0.0
Pearce,PEARCE,WA,Outer metro,ON|ALP+GRN+LNP,ON,ALP+GRN+LNP,11878.0,False,0.4973863553484676,2.9690557666682773,2.9690557666682715,GRN,away from local history,-2.9690557666682715,False,False,,0.0,0.1656002694056238,0.5654992422966829,0.2689004882976932,0.0,0.0,0.0,0.17619143286595443,0.5845986365030351,0.23920993063101048,0.0,0.0,0.0
Grey,GREY,SA,Rural,OTH|ALP+GRN+IND+LNP+ON,OTH,ALP+GRN+IND+LNP+ON,9821.0,False,0.4928760932248753,2.9578883264595484,1.999309330844512,ON,away from local history,-1.999309330844512,True,True,7.703264844154066,0.22785397158149545,0.1363404948579574,0.1796151104775481,0.0871601669891049,0.4053558700743305,0.1915283576010589,0.0,0.12675470490180707,0.1872493748135427,0.10114254741174544,0.3853627767658855,0.19949059610701936,0.0
Gilmore,GILMORE,NSW,Rural,ON|ALP+GRN+IND+LNP,ON,ALP+GRN+IND+LNP,8919.0,False,0.49624702142853383,2.9417398328662623,2.755601613604408,LNP,toward pooled evidence,2.755601613604408,False,False,,0.0,0.1061778226258549,0.5074559928243076,0.0663751541652651,0.0,0.3199910303845723,0.0,0.10169856502503401,0.5350120089603518,0.06823653635788364,0.0,0.2950528896567306,0.0
Grey,GREY,SA,Rural,IND|ALP+LNP,IND,ALP+LNP,29461.0,False,0.4842595328516168,2.9358752523566096,2.9358752523566123,ALP,toward pooled evidence,2.9358752523566123,False,False,,0.0,0.5684803638708802,0.4315196361291198,0.0,0.0,0.0,0.0,0.5978391163944463,0.40216088360555374,0.0,0.0,0.0,0.0
Hotham,HOTHAM,VIC,Inner metro,ON|ALP+GRN+LNP,ON,ALP+GRN+LNP,7215.0,False,0.4973863553484676,2.8990615120935743,2.899061512093576,GRN,away from local history,-2.899061512093576,False,False,,0.0,0.1614691614691614,0.5939015939015939,0.2446292446292446,0.0,0.0,0.0,0.1664645767903108,0.6178967937013804,0.21563862950830887,0.0,0.0,0.0
Leichhardt,LEICHHARDT,QLD,Rural,GRN|ALP+LNP+ON,GRN,ALP+LNP+ON,11827.0,False,0.4967857809627051,2.8917372450136236,2.8917372450136187,LNP,toward pooled evidence,2.8917372450136187,False,False,,0.0,0.7289253403229897,0.1199797074490572,0.0,0.151094952227953,0.0,0.0,0.7101000415729067,0.1488970798991934,0.0,0.14100287852789983,0.0,0.0
Cowper,COWPER,NSW,Provincial,ALP|IND+LNP,ALP,IND+LNP,17206.0,False,0.47404403337557105,2.8806492295084167,2.8806492295084194,LNP,away from local history,-2.8806492295084194,False,False,,0.0,0.0,0.354353132628153,0.0,0.0,0.6456468673718471,0.0,0.0,0.3255466403330688,0.0,0.0,0.6744533596669312,0.0
Page,PAGE,NSW,Rural,IND|ALP+GRN+LNP+ON+OTH,IND,ALP+GRN+LNP+ON+OTH,3669.0,False,0.49468416109185825,2.878137398833884,2.223550855726569,OTH,toward pooled evidence,2.223550855726569,True,True,3.228654712903141,0.09292511877127806,0.2278550013627691,0.1599890978468247,0.196238757154538,0.1439084219133279,0.0,0.2720087217225402,0.21255047117292125,0.14651225404833376,0.20232289979355877,0.14437014470538034,0.0,0.29424423027980595
Bradfield,BRADFIELD,NSW,Inner metro,ALP|IND+LNP,ALP,IND+LNP,28904.0,False,0.47404403337557105,2.8709740762992793,2.870974076299282,IND,toward pooled evidence,2.870974076299282,True,True,21.683208879641942,0.6225193058443436,0.0,0.3227926930528647,0.0,0.0,0.6772073069471354,0.0,0.0,0.2940829522898719,0.0,0.0,0.7059170477101282,0.0
Nicholls,NICHOLLS,VIC,Rural,ON|ALP+LNP,ON,ALP+LNP,18134.0,False,0.49385098454142856,2.854038855881838,2.854038855881841,ALP,toward pooled evidence,2.854038855881841,False,False,,0.0,0.2142384471159148,0.7857615528840851,0.0,0.0,0.0,0.0,0.24277883567473324,0.7572211643252669,0.0,0.0,0.0,0.0
Lindsay,LINDSAY,NSW,Outer metro,OTH|ALP+GRN+LNP+ON,OTH,ALP+GRN+LNP+ON,11094.0,False,0.49210290739708495,2.8049554344542313,1.7617301318284513,GRN,toward pooled evidence,1.7617301318284513,True,True,9.15471657272536,0.2567857200155421,0.1603569497025419,0.2347214710654407,0.1836127636560303,0.421308815575987,0.0,0.0,0.17078920272879977,0.21780819545116173,0.20123006497431484,0.41017253684572375,0.0,0.0
Hunter,HUNTER,NSW,Rural,GRN|ALP+LNP+ON,GRN,ALP+LNP+ON,11015.0,False,0.4967857809627051,2.791135919152211,2.79113591915221,ALP,away from local history,-2.79113591915221,False,False,,0.0,0.7469813890149796,0.1423513390830685,0.0,0.1106672719019518,0.0,0.0,0.7190700298234576,0.1600109883919057,0.0,0.12091898178463675,0.0,0.0
Page,PAGE,NSW,Rural,OTH|ALP+GRN+LNP+ON,OTH,ALP+GRN+LNP+ON,11796.0,False,0.49210290739708495,2.790667760225035,2.790667760225035,ON,away from local history,-2.790667760225035,True,True,13.614948480457507,0.3799479778153759,0.1734486266531027,0.2133774160732451,0.1391149542217701,0.474059003051882,0.0,0.0,0.17611823651119624,0.21561577528705028,0.1621136627521218,0.4461523254496317,0.0,0.0
Page,PAGE,NSW,Rural,ON|ALP+GRN+LNP,ON,ALP+GRN+LNP,12044.0,False,0.4973863553484676,2.7871039696398583,2.787103969639855,ALP,toward pooled evidence,2.787103969639855,False,False,,0.0,0.1206409830621056,0.6840750581202258,0.1952839588176685,0.0,0.0,0.0,0.14851202275850417,0.6604456991579757,0.19104227808352017,0.0,0.0,0.0
Indi,INDI,VIC,Rural,ON|IND+LNP,ON,IND+LNP,12657.0,False,0.5,2.7866843882082715,2.7866843882082715,IND,away from local history,-2.7866843882082715,False,False,,0.0,0.0,0.6334834478944458,0.0,0.0,0.3665165521055542,0.0,0.0,0.6613502917765285,0.0,0.0,0.3386497082234715,0.0
New England,NEW ENGLAND,NSW,Rural,IND|ALP+GRN+LNP+ON,IND,ALP+GRN+LNP+ON,5315.0,False,0.49547153734336485,2.7244099678389295,1.581501977345684,ALP,away from local history,-1.581501977345684,False,False,,0.0,0.2809031044214487,0.2238946378174976,0.251928504233302,0.2432737535277516,0.0,0.0,0.2650880846479919,0.21246555791256522,0.26497847110124684,0.2574678863381961,0.0,0.0
Maribyrnong,MARIBYRNONG,VIC,Inner metro,GRN|ALP+LNP,GRN,ALP+LNP,24732.0,False,0.49623399434240484,2.719652296663481,2.7196522966634844,LNP,toward pooled evidence,2.7196522966634844,False,False,,0.0,0.8995228853307456,0.1004771146692544,0.0,0.0,0.0,0.0,0.8723263623641109,0.12767363763588924,0.0,0.0,0.0,0.0
Fowler,FOWLER,NSW,Outer metro,LNP|ALP+IND,LNP,ALP+IND,13728.0,False,0.48741049589258173,2.716295556867021,2.716295556867021,ALP,toward pooled evidence,2.716295556867021,False,False,,0.0,0.304705710955711,0.0,0.0,0.0,0.695294289044289,0.0,0.3318686665243812,0.0,0.0,0.0,0.6681313334756188,0.0
Hindmarsh,HINDMARSH,SA,Inner metro,IND|ALP+GRN+LNP+ON+OTH,IND,ALP+GRN+LNP+ON+OTH,2130.0,False,0.49468416109185825,2.6914744559358788,1.3888917398625078,GRN,away from local history,-1.3888917398625078,False,False,,0.0,0.2347417840375587,0.1347417840375586,0.2854460093896713,0.1126760563380281,0.0,0.2323943661971831,0.2217159568768251,0.13498194419311346,0.2715570919910463,0.12579006708434032,0.0,0.24595493985467498
Tangney,TANGNEY,WA,Inner metro,GRN|ALP+LNP,GRN,ALP+LNP,17290.0,False,0.49623399434240484,2.6902255360587226,2.690225536058724,LNP,away from local history,-2.690225536058724,False,False,,0.0,0.7921341816078659,0.2078658183921342,0.0,0.0,0.0,0.0,0.8190364369684531,0.18096356303154695,0.0,0.0,0.0,0.0
Moncrieff,MONCRIEFF,QLD,Provincial,ON|ALP+GRN+LNP,ON,ALP+GRN+LNP,12289.0,False,0.4973863553484676,2.6746829573359596,2.6746829573359583,ALP,toward pooled evidence,2.6746829573359583,False,False,,0.0,0.1353242737407437,0.6407356172186508,0.2239401090406054,0.0,0.0,0.0,0.16207110331410332,0.6272448081238803,0.21068408856201645,0.0,0.0,0.0
Richmond,RICHMOND,NSW,Rural,GRN|ALP+LNP,GRN,ALP+LNP,32027.0,False,0.49623399434240484,2.639903796381973,2.639903796381976,LNP,toward pooled evidence,2.639903796381976,False,False,,0.0,0.8598682361757267,0.1401317638242732,0.0,0.0,0.0,0.0,0.8334691982119071,0.16653080178809299,0.0,0.0,0.0,0.0
Boothby,BOOTHBY,SA,Outer metro,ON|ALP+GRN+LNP,ON,ALP+GRN+LNP,6584.0,False,0.4973863553484676,2.6370422074257633,2.637042207425766,LNP,toward pooled evidence,2.637042207425766,True,True,19.212007413656785,0.5066287443918962,0.2376974483596597,0.5510328068043743,0.2112697448359659,0.0,0.0,0.0,0.21205158593680862,0.577403228878632,0.21054518518455942,0.0,0.0,0.0
McEwen,MCEWEN,VIC,Rural,GRN|ALP+LNP,GRN,ALP+LNP,18242.0,False,0.49623399434240484,2.6007770101268273,2.6007770101268313,ALP,toward pooled evidence,2.6007770101268313,False,False,,0.0,0.7558381756386361,0.2441618243613638,0.0,0.0,0.0,0.0,0.7818459457399045,0.2181540542600956,0.0,0.0,0.0,0.0
Kennedy,KENNEDY,QLD,Rural,ALP|LNP+OTH,ALP,LNP+OTH,21491.0,False,0.5,2.5996456171057307,2.5996456171057334,LNP,toward pooled evidence,2.5996456171057334,False,False,,0.0,0.0,0.2973802987297008,0.0,0.0,0.0,0.7026197012702992,0.0,0.3233767549007581,0.0,0.0,0.0,0.6766232450992419
Rankin,RANKIN,QLD,Outer metro,OTH|ALP+GRN+LNP+ON,OTH,ALP+GRN+LNP+ON,12212.0,False,0.49210290739708495,2.587374992104974,2.5873749921049765,ALP,toward pooled evidence,2.5873749921049765,False,False,,0.0,0.1299541434654438,0.2261709793645594,0.231329839502129,0.4125450376678676,0.0,0.0,0.15582789338649358,0.2136004736254834,0.22471177673066722,0.4058598562573559,0.0,0.0
Groom,GROOM,QLD,Provincial,ALP|IND+LNP,ALP,IND+LNP,21841.0,False,0.47404403337557105,2.5867950556621584,2.586795055662161,IND,away from local history,-2.586795055662161,False,False,,0.0,0.0,0.2504006226821116,0.0,0.0,0.7495993773178884,0.0,0.0,0.27626857323873316,0.0,0.0,0.7237314267612668,0.0
Isaacs,ISAACS,VIC,Outer metro,GRN|ALP+LNP,GRN,ALP+LNP,17118.0,False,0.49623399434240484,2.586591566454592,2.5865915664545964,LNP,toward pooled evidence,2.5865915664545964,False,False,,0.0,0.8472952447715855,0.1527047552284145,0.0,0.0,0.0,0.0,0.8214293291070396,0.17857067089296047,0.0,0.0,0.0,0.0
Calare,CALARE,NSW,Rural,ALP|IND+LNP+OTH,ALP,IND+LNP+OTH,14114.0,False,0.5,2.5493468528752645,2.549346852875267,LNP,toward pooled evidence,2.549346852875267,False,False,,0.0,0.0,0.1470879977327476,0.0,0.0,0.4802323933682868,0.3726796088989655,0.0,0.17258146626150028,0.0,0.0,0.4552637517778513,0.37215478196064844
Kingston,KINGSTON,SA,Outer metro,OTH|ALP+GRN+LNP+ON,OTH,ALP+GRN+LNP+ON,9776.0,False,0.49210290739708495,2.533438292073473,2.5334382920734697,ON,away from local history,-2.5334382920734697,True,True,7.761140261936676,0.19662369929743517,0.1686783960720131,0.1773731587561375,0.2046849427168576,0.4492635024549918,0.0,0.0,0.17488421068096546,0.18958692422943757,0.21159974555533992,0.4239291195342571,0.0,0.0
Maranoa,MARANOA,QLD,Rural,ALP|LNP+ON,ALP,LNP+ON,20567.0,False,0.5,2.520476314661177,2.5204763146611797,LNP,toward pooled evidence,2.5204763146611797,True,True,16.233676486992575,0.4091659708533685,0.0,0.5890990421549084,0.0,0.4109009578450917,0.0,0.0,0.0,0.6143038053015202,0.0,0.38569619469847993,0.0,0.0
Maranoa,MARANOA,QLD,Rural,GRN|ALP+LNP+ON+OTH,GRN,ALP+LNP+ON+OTH,5601.0,False,0.49876212563918376,2.4907872217496663,2.131659326304969,ALP,toward pooled evidence,2.131659326304969,True,True,6.784274343339214,0.16898183843233422,0.5847170148187824,0.1483663631494376,0.0,0.0905195500803427,0.0,0.1763970719514372,0.6060336080818322,0.13338794245504526,0.0,0.09411082903478966,0.0,0.1664676204283329
Deakin,DEAKIN,VIC,Outer metro,ON|ALP+GRN+IND+LNP,ON,ALP+GRN+IND+LNP,5417.0,False,0.49624702142853383,2.4767828307284807,2.253877780873065,IND,away from local history,-2.253877780873065,False,False,,0.0,0.0627653682850286,0.564519106516522,0.0544581871884807,0.0,0.3182573380099686,0.0,0.0795813571881989,0.5622900560179679,0.0624100265925952,0.0,0.29571856020123793,0.0
Aston,ASTON,VIC,Outer metro,GRN|ALP+LNP,GRN,ALP+LNP,17071.0,False,0.49623399434240484,2.4650776830973427,2.465077683097347,LNP,toward pooled evidence,2.465077683097347,False,False,,0.0,0.844883135141468,0.155116864858532,0.0,0.0,0.0,0.0,0.8202323583104946,0.17976764168950546,0.0,0.0,0.0,0.0
Hasluck,HASLUCK,WA,Outer metro,ON|ALP+GRN+LNP,ON,ALP+GRN+LNP,10079.0,False,0.4973863553484676,2.4491978635014027,2.4491978635014067,GRN,away from local history,-2.4491978635014067,False,False,,0.0,0.182557793431888,0.5588848100009922,0.2585573965671197,0.0,0.0,0.0,0.18462587393711205,0.5813087081307823,0.23406541793210567,0.0,0.0,0.0
Cunningham,CUNNINGHAM,NSW,Provincial,GRN|ALP+LNP,GRN,ALP+LNP,27464.0,False,0.49623399434240484,2.4470560926520113,2.4470560926520113,ALP,away from local history,-2.4470560926520113,False,False,,0.0,0.8520972909991261,0.1479027090008738,0.0,0.0,0.0,0.0,0.8276267300726061,0.17237326992739394,0.0,0.0,0.0,0.0
Longman,LONGMAN,QLD,Provincial,ON|ALP+LNP,ON,ALP+LNP,20362.0,False,0.49385098454142856,2.444055682430074,2.4440556824300796,LNP,toward pooled evidence,2.4440556824300796,False,False,,0.0,0.3374914055593753,0.6625085944406247,0.0,0.0,0.0,0.0,0.3130508487350746,0.6869491512649255,0.0,0.0,0.0,0.0
Bass,BASS,TAS,Provincial,ON|ALP+GRN+LNP,ON,ALP+GRN+LNP,6954.0,False,0.4973863553484676,2.443111445094849,2.4431114450948477,LNP,toward pooled evidence,2.4431114450948477,False,False,,0.0,0.2364106988783434,0.5652861662352603,0.1983031348863963,0.0,0.0,0.0,0.21235011188849973,0.5897172806862088,0.19793260742529148,0.0,0.0,0.0
Gellibrand,GELLIBRAND,VIC,Inner metro,ON|ALP+GRN+LNP,ON,ALP+GRN+LNP,7856.0,False,0.4973863553484676,2.4338531381207757,2.4338531381207784,ALP,away from local history,-2.4338531381207784,False,False,,0.0,0.2198319755600814,0.6053971486761711,0.1747708757637474,0.0,0.0,0.0,0.19549344417887365,0.623614525793416,0.18089203002771034,0.0,0.0,0.0
Fraser,FRASER,VIC,Inner metro,ON|ALP+GRN+LNP+OTH,ON,ALP+GRN+LNP+OTH,6525.0,False,0.48628650106215887,2.4209967624705215,2.41418910455036,GRN,away from local history,-2.41418910455036,False,False,,0.0,0.1377777777777777,0.5265900383141763,0.1445210727969348,0.0,0.0,0.1911111111111111,0.13951693208726024,0.5265219617349748,0.12037918175143122,0.0,0.0,0.21358192442633384
Brisbane,BRISBANE,QLD,Inner metro,ON|ALP+GRN+LNP,ON,ALP+GRN+LNP,5359.0,False,0.4973863553484676,2.418458812288443,2.418458812288443,GRN,toward pooled evidence,2.418458812288443,True,True,17.780344597761452,0.43001031077981394,0.1802575107296137,0.6809106176525471,0.1388318716178391,0.0,0.0,0.0,0.17580964535198124,0.6611738949072952,0.16301645974072354,0.0,0.0,0.0
Bonner,BONNER,QLD,Outer metro,GRN|ALP+LNP,GRN,ALP+LNP,15165.0,False,0.49623399434240484,2.389827550727895,2.3898275507278965,ALP,away from local history,-2.3898275507278965,False,False,,0.0,0.8433893834487306,0.1566106165512693,0.0,0.0,0.0,0.0,0.8194911079414517,0.18050889205854825,0.0,0.0,0.0,0.0
Fenner,FENNER,ACT,Inner metro,GRN|ALP+LNP,GRN,ALP+LNP,16875.0,False,0.49623399434240484,2.3720203476065307,2.372020347606532,LNP,toward pooled evidence,2.372020347606532,False,False,,0.0,0.8926222222222222,0.1073777777777777,0.0,0.0,0.0,0.0,0.868902018746157,0.13109798125384303,0.0,0.0,0.0,0.0
Bass,BASS,TAS,Provincial,IND|ALP+GRN+LNP+ON,IND,ALP+GRN+LNP+ON,4731.0,False,0.49547153734336485,2.361954830572145,2.125713451440367,GRN,toward pooled evidence,2.125713451440367,True,True,6.725089842260525,0.15884358438958912,0.2762629465229338,0.2145423800465018,0.2428662016487,0.2663284717818643,0.0,0.0,0.2639136564290864,0.20327212183462784,0.2641233361631037,0.2686908855731821,0.0,0.0
Gorton,GORTON,VIC,Outer metro,ON|ALP+GRN+LNP,ON,ALP+GRN+LNP,10102.0,False,0.4973863553484676,2.3560990632888426,2.3560990632888412,LNP,toward pooled evidence,2.3560990632888412,False,False,,0.0,0.2274797069887151,0.556622450999802,0.2158978420114828,0.0,0.0,0.0,0.20696942079642122,0.5801834416326905,0.2128471375708883,0.0,0.0,0.0
Fisher,FISHER,QLD,Rural,IND|ALP+LNP,IND,ALP+LNP,32519.0,False,0.4842595328516168,2.340206753262117,2.3402067532621196,ALP,toward pooled evidence,2.3402067532621196,False,False,,0.0,0.5800301362280513,0.4199698637719487,0.0,0.0,0.0,0.0,0.6034322037606725,0.3965677962393276,0.0,0.0,0.0,0.0
Eden-Monaro,EDEN-MONARO,NSW,Rural,GRN|ALP+LNP,GRN,ALP+LNP,13808.0,False,0.49623399434240484,2.329571805671388,2.329571805671393,LNP,toward pooled evidence,2.329571805671393,False,False,,0.0,0.8537079953650057,0.1462920046349942,0.0,0.0,0.0,0.0,0.8304122773082919,0.16958772269170813,0.0,0.0,0.0,0.0
Adelaide,ADELAIDE,SA,Inner metro,GRN|ALP+LNP,GRN,ALP+LNP,25299.0,False,0.49623399434240484,2.3273176110532625,2.327317611053266,LNP,toward pooled evidence,2.327317611053266,False,False,,0.0,0.8917348511798885,0.1082651488201114,0.0,0.0,0.0,0.0,0.868461675069356,0.13153832493064407,0.0,0.0,0.0,0.0
Casey,CASEY,VIC,Rural,GRN|ALP+IND+LNP,GRN,ALP+IND+LNP,14517.0,False,0.4891380938285854,2.3037361609946823,2.303736160994685,IND,away from local history,-2.303736160994685,False,False,,0.0,0.4289453743886477,0.0602052765722945,0.0,0.0,0.5108493490390577,0.0,0.44419700018522573,0.06799101238566334,0.0,0.0,0.4878119874291109,0.0
Lindsay,LINDSAY,NSW,Outer metro,GRN|ALP+LNP+ON,GRN,ALP+LNP+ON,11453.0,False,0.4967857809627051,2.2994636908081736,2.299463690808168,ALP,away from local history,-2.299463690808168,True,True,12.907874900418989,0.29681189659007634,0.7495852615035362,0.1223260281149044,0.0,0.1280887103815594,0.0,0.0,0.7265906245954545,0.1378056483603219,0.0,0.1356037270442237,0.0,0.0
Longman,LONGMAN,QLD,Provincial,GRN|ALP+LNP+ON,GRN,ALP+LNP+ON,13373.0,False,0.4967857809627051,2.285880461233389,2.285880461233389,LNP,toward pooled evidence,2.285880461233389,True,True,12.480933161344094,0.28529921251476337,0.6916922156584162,0.1175502878935167,0.0,0.190757496448067,0.0,0.0,0.6894414064801915,0.1404090925058506,0.0,0.17014950101395798,0.0,0.0
Chisholm,CHISHOLM,VIC,Inner metro,IND|ALP+GRN+LNP,IND,ALP+GRN+LNP,8210.0,False,0.4960167318320175,2.285385228522413,2.2853852285224185,LNP,toward pooled evidence,2.2853852285224185,False,False,,0.0,0.3627283800243605,0.2313032886723507,0.4059683313032887,0.0,0.0,0.0,0.34895579999359894,0.2541571409575749,0.39688705904882626,0.0,0.0,0.0
Groom,GROOM,QLD,Provincial,ON|ALP+IND+LNP,ON,ALP+IND+LNP,14381.0,False,0.49557127547287594,2.2803868852860414,2.280386885286037,ALP,toward pooled evidence,2.280386885286037,False,False,,0.0,0.0696057297823517,0.5195744384952368,0.0,0.0,0.4108198317224115,0.0,0.09240959863521207,0.5158310585981121,0.0,0.0,0.39175934276667573,0.0
Nicholls,NICHOLLS,VIC,Rural,GRN|ALP+LNP+ON,GRN,ALP+LNP+ON,9229.0,False,0.4967857809627051,2.2647623792063096,2.2647623792063114,LNP,away from local history,-2.2647623792063114,False,False,,0.0,0.6829558998808105,0.2224509697692057,0.0,0.0945931303499837,0.0,0.0,0.6872630772024202,0.1998033459771426,0.0,0.11293357682043723,0.0,0.0
Dunkley,DUNKLEY,VIC,Outer metro,GRN|ALP+LNP,GRN,ALP+LNP,18618.0,False,0.49623399434240484,2.2620500523553813,2.2620500523553826,LNP,toward pooled evidence,2.2620500523553826,False,False,,0.0,0.8408529380169728,0.1591470619830271,0.0,0.0,0.0,0.0,0.8182324374934191,0.18176756250658097,0.0,0.0,0.0,0.0
Blair,BLAIR,QLD,Provincial,ON|ALP+LNP,ON,ALP+LNP,22755.0,False,0.49385098454142856,2.2513900018548973,2.2513900018549027,LNP,toward pooled evidence,2.2513900018549027,False,False,,0.0,0.3336849044166117,0.6663150955833883,0.0,0.0,0.0,0.0,0.3111710043980628,0.6888289956019373,0.0,0.0,0.0,0.0
Bruce,BRUCE,VIC,Outer metro,GRN|ALP+LNP,GRN,ALP+LNP,18888.0,False,0.49623399434240484,2.2272966703644563,2.227296670364459,LNP,toward pooled evidence,2.227296670364459,False,False,,0.0,0.8401630664972469,0.159836933502753,0.0,0.0,0.0,0.0,0.8178900997936025,0.1821099002063976,0.0,0.0,0.0,0.0
Griffith,GRIFFITH,QLD,Inner metro,ON|ALP+GRN+LNP,ON,ALP+GRN+LNP,5120.0,False,0.4973863553484676,2.2263302403139633,2.226330240313956,LNP,away from local history,-2.226330240313956,False,False,,0.0,0.1458984375,0.6859375,0.1681640625,0.0,0.0,0.0,0.15871991114515258,0.6636741975968604,0.17760589125798712,0.0,0.0,0.0
Lingiari,LINGIARI,NT,Rural,GRN|ALP+LNP,GRN,ALP+LNP,6164.0,False,0.49623399434240484,2.2165493051692406,2.2165493051692464,ALP,toward pooled evidence,2.2165493051692464,False,False,,0.0,0.763465282284231,0.2365347177157689,0.0,0.0,0.0,0.0,0.7856307753359235,0.21436922466407654,0.0,0.0,0.0,0.0
Bradfield,BRADFIELD,NSW,Inner metro,GRN|ALP+IND+LNP,GRN,ALP+IND+LNP,8597.0,False,0.4891380938285854,2.210480044862583,2.210480044862578,ALP,away from local history,-2.210480044862578,False,False,,0.0,0.4629521926253344,0.0685122717226939,0.0,0.0,0.4685355356519716,0.0,0.44084739217670865,0.07164678378561327,0.0,0.0,0.48750582403767817,0.0
Bruce,BRUCE,VIC,Outer metro,ON|ALP+GRN+LNP,ON,ALP+GRN+LNP,13989.0,False,0.4973863553484676,2.2073214975400863,2.2073214975400823,LNP,toward pooled evidence,2.2073214975400823,False,False,,0.0,0.1982271784973908,0.5595825291300307,0.2421902923725784,0.0,0.0,0.0,0.1924196122653942,0.5816557441054316,0.22592464362917414,0.0,0.0,0.0
McPherson,MCPHERSON,QLD,Provincial,OTH|ALP+GRN+IND+LNP+ON,OTH,ALP+GRN+IND+LNP+ON,13749.0,False,0.4928760932248753,2.1858314498228335,2.1858314498228335,ON,away from local history,-2.1858314498228335,True,True,11.285530051128555,0.24668266513677486,0.1218997745290566,0.152883846097898,0.1437922758018765,0.3807549639973816,0.2006691395737871,0.0,0.12819316647077122,0.16239645932223656,0.14417253504657612,0.35889664949915334,0.20634118966126275,0.0
Lindsay,LINDSAY,NSW,Outer metro,ON|ALP+LNP,ON,ALP+LNP,12992.0,False,0.49385098454142856,2.1337794143791724,2.1337794143791777,LNP,toward pooled evidence,2.1337794143791777,True,True,28.711293804759574,0.6126356768078824,0.3327432266009852,0.6672567733990148,0.0,0.0,0.0,0.0,0.31140543245719354,0.6885945675428066,0.0,0.0,0.0,0.0
Deakin,DEAKIN,VIC,Outer metro,IND|ALP+GRN+LNP,IND,ALP+GRN+LNP,10734.0,False,0.4960167318320175,2.128573071523758,2.128573071523754,GRN,away from local history,-2.128573071523754,False,False,,0.0,0.3264393515930687,0.2246133780510527,0.4489472703558785,0.0,0.0,0.0,0.3273804682984763,0.2449579920608828,0.427661539640641,0.0,0.0,0.0
Canning,CANNING,WA,Outer metro,GRN|ALP+LNP+ON,GRN,ALP+LNP+ON,11208.0,False,0.4967857809627051,2.110200256693308,2.110200256693309,ON,away from local history,-2.110200256693309,True,True,12.33991211727383,0.26039685717444094,0.6877230549607424,0.1273197715917202,0.0,0.1849571734475374,0.0,0.0,0.6958583600060165,0.14028646911337925,0.0,0.16385517088060433,0.0,0.0
Calwell,CALWELL,VIC,Outer metro,LNP|ALP+IND,LNP,ALP+IND,20030.0,False,0.48741049589258173,2.0976447853566866,2.0976447853566893,IND,away from local history,-2.0976447853566893,False,False,,0.0,0.3167748377433849,0.0,0.0,0.0,0.6832251622566151,0.0,0.3377512855969517,0.0,0.0,0.0,0.6622487144030482,0.0
Hotham,HOTHAM,VIC,Inner metro,OTH|ALP+GRN+LNP+ON,OTH,ALP+GRN+LNP+ON,6246.0,False,0.49210290739708495,2.075503283907021,2.075503283907021,GRN,away from local history,-2.075503283907021,True,True,6.315054683747398,0.13106916734170138,0.1709894332372718,0.1903618315722062,0.2774575728466218,0.3611911623439001,0.0,0.0,0.17698334085284076,0.19837228414888847,0.25670254000755166,0.3679418349907192,0.0,0.0
Swan,SWAN,WA,Inner metro,ON|ALP+GRN+LNP,ON,ALP+GRN+LNP,7151.0,False,0.4973863553484676,2.060244755428159,2.0602447554281618,GRN,away from local history,-2.0602447554281618,False,False,,0.0,0.1447350020976087,0.6273248496713746,0.2279401482310166,0.0,0.0,0.0,0.15814123425067378,0.6345210650725912,0.20733770067673502,0.0,0.0,0.0
Ballarat,BALLARAT,VIC,Provincial,GRN|ALP+LNP,GRN,ALP+LNP,18017.0,False,0.49623399434240484,2.0465572476111165,2.046557247611119,LNP,toward pooled evidence,2.046557247611119,False,False,,0.0,0.8441471943164789,0.1558528056835211,0.0,0.0,0.0,0.0,0.8236816218403678,0.1763183781596323,0.0,0.0,0.0,0.0
Forrest,FORREST,WA,Rural,ON|ALP+IND+LNP,ON,ALP+IND+LNP,12190.0,False,0.49557127547287594,2.024511685037696,2.0245116850377,LNP,away from local history,-2.0245116850377,False,False,,0.0,0.0963904840032813,0.5433962264150943,0.0,0.0,0.3602132895816243,0.0,0.10628546624877236,0.5231511095647174,0.0,0.0,0.3705634241865102,0.0
Moreton,MORETON,QLD,Inner metro,GRN|ALP+LNP,GRN,ALP+LNP,22326.0,False,0.49623399434240484,2.018477668699184,2.0184776686991865,LNP,toward pooled evidence,2.0184776686991865,False,False,,0.0,0.8856042282540536,0.1143957717459464,0.0,0.0,0.0,0.0,0.8654194515670618,0.13458054843293826,0.0,0.0,0.0,0.0
Aston,ASTON,VIC,Outer metro,ON|ALP+GRN+LNP,ON,ALP+GRN+LNP,7579.0,False,0.4973863553484676,2.001372305316003,2.0013723053160044,ALP,toward pooled evidence,2.0013723053160044,False,False,,0.0,0.1468531468531468,0.6098429872014778,0.2433038659453753,0.0,0.0,0.0,0.16686686990630686,0.6066546101637332,0.22647851992996,0.0,0.0,0.0
Dickson,DICKSON,QLD,Outer metro,GRN|ALP+IND+LNP,GRN,ALP+IND+LNP,9672.0,False,0.4891380938285854,2.0000737900225265,2.0000737900225274,ALP,away from local history,-2.0000737900225274,False,False,,0.0,0.5312241521918941,0.043424317617866,0.0,0.0,0.4253515301902398,0.0,0.511223414291669,0.06237381645444786,0.0,0.0,0.42640276925388326,0.0
Newcastle,NEWCASTLE,NSW,Provincial,ON|ALP+GRN+LNP,ON,ALP+GRN+LNP,8820.0,False,0.4973863553484676,1.9976201613889328,1.9976201613889355,LNP,toward pooled evidence,1.9976201613889355,False,False,,0.0,0.2145124716553288,0.5741496598639456,0.2113378684807256,0.0,0.0,0.0,0.20145823246145192,0.594125861477835,0.2044159060607132,0.0,0.0,0.0
Fisher,FISHER,QLD,Rural,ON|ALP+IND+LNP,ON,ALP+IND+LNP,13923.0,False,0.49557127547287594,1.9929007299585362,1.9929007299585355,IND,away from local history,-1.9929007299585355,False,False,,0.0,0.1040005745888098,0.4757595345830639,0.0,0.0,0.4202398908281261,0.0,0.11005680854670685,0.4896323079247524,0.0,0.0,0.40031088352854083,0.0
Whitlam,WHITLAM,NSW,Provincial,ON|ALP+GRN+LNP,ON,ALP+GRN+LNP,14493.0,False,0.4973863553484676,1.98886038566055,1.988860385660554,ALP,away from local history,-1.988860385660554,False,False,,0.0,0.2281101221279238,0.5925619264472504,0.1793279514248257,0.0,0.0,0.0,0.2082215182713183,0.6032838716474093,0.18849461008127238,0.0,0.0,0.0
Lyons,LYONS,TAS,Rural,GRN|ALP+LNP,GRN,ALP+LNP,11971.0,False,0.49623399434240484,1.986961006307428,1.9869610063074306,ALP,toward pooled evidence,1.9869610063074306,False,False,,0.0,0.7680227215771448,0.2319772784228552,0.0,0.0,0.0,0.0,0.7878923316402191,0.21210766835978095,0.0,0.0,0.0,0.0
Herbert,HERBERT,QLD,Provincial,GRN|ALP+LNP+OTH,GRN,ALP+LNP+OTH,10398.0,False,0.4797856621489635,1.9771824359097385,1.9771824359097385,OTH,toward pooled evidence,1.9771824359097385,False,False,,0.0,0.7024427774572033,0.1277168686285824,0.0,0.0,0.0,0.1698403539142142,0.6927347119761952,0.11765310975049326,0.0,0.0,0.0,0.18961217827331162
Lilley,LILLEY,QLD,Inner metro,GRN|ALP+LNP,GRN,ALP+LNP,19411.0,False,0.49623399434240484,1.9472022801370967,1.947202280137099,LNP,toward pooled evidence,1.947202280137099,False,False,,0.0,0.884189377157282,0.115810622842718,0.0,0.0,0.0,0.0,0.864717354355911,0.13528264564408898,0.0,0.0,0.0,0.0
Fairfax,FAIRFAX,QLD,Rural,IND|ALP+LNP,IND,ALP+LNP,26002.0,False,0.4842595328516168,1.934271338159932,1.934271338159932,ALP,away from local history,-1.934271338159932,False,False,,0.0,0.6629105453426659,0.337089454657334,0.0,0.0,0.0,0.0,0.6435678319610667,0.35643216803893335,0.0,0.0,0.0,0.0
Maribyrnong,MARIBYRNONG,VIC,Inner metro,ON|ALP+GRN+LNP,ON,ALP+GRN+LNP,7665.0,False,0.4973863553484676,1.9341811950253571,1.9341811950253556,GRN,toward pooled evidence,1.9341811950253556,False,False,,0.0,0.1759947814742335,0.6755381604696673,0.1484670580560991,0.0,0.0,0.0,0.17368942198381038,0.658501708009837,0.1678088700063527,0.0,0.0,0.0
Richmond,RICHMOND,NSW,Rural,OTH|ALP+GRN+LNP+ON,OTH,ALP+GRN+LNP+ON,12612.0,False,0.49210290739708495,1.9270601795563682,1.4611315912565814,ALP,toward pooled evidence,1.4611315912565814,True,True,13.90903043,0.26803538677890787,0.1499365683476054,0.2086108468125594,0.208848715509039,0.4326038693307961,0.0,0.0,0.16454788426017125,0.21327013269555728,0.1964298494253211,0.42575213361895037,0.0,0.0
Greenway,GREENWAY,NSW,Outer metro,GRN|ALP+LNP,GRN,ALP+LNP,14001.0,False,0.49623399434240484,1.9253208649233633,1.9253208649233633,ALP,toward pooled evidence,1.9253208649233633,False,False,,0.0,0.7577315906006714,0.2422684093993286,0.0,0.0,0.0,0.0,0.776984799249905,0.22301520075009496,0.0,0.0,0.0,0.0
Wannon,WANNON,VIC,Rural,OTH|ALP+GRN+IND+LNP+ON,OTH,ALP+GRN+IND+LNP+ON,7094.0,False,0.4928760932248753,1.9015866703690896,1.5506563119755983,IND,away from local history,-1.5506563119755983,False,False,,0.0,0.1054412179306456,0.1901606991824076,0.1216521003665069,0.3449393853961094,0.2378065971243304,0.0,0.11152519000640007,0.19244704337515023,0.11814279678257203,0.35558493583130335,0.22230003400457443,0.0
Chifley,CHIFLEY,NSW,Outer metro,ON|ALP+GRN+LNP,ON,ALP+GRN+LNP,8183.0,False,0.4973863553484676,1.9006051654763851,1.9006051654763878,LNP,toward pooled evidence,1.9006051654763878,False,False,,0.0,0.2230233410729561,0.5656849566173775,0.2112917023096663,0.0,0.0,0.0,0.2047528851954827,0.5846910082721415,0.21055610653237591,0.0,0.0,0.0
Capricornia,CAPRICORNIA,QLD,Provincial,OTH|ALP+LNP+ON,OTH,ALP+LNP+ON,10149.0,False,0.4978073281835432,1.8958768522970515,1.8958768522970515,ON,away from local history,-1.8958768522970515,True,True,10.029515613554786,0.19014726491490377,0.185929648241206,0.1904621144940388,0.0,0.6236082372647551,0.0,0.0,0.18867327290697525,0.20667725835124012,0.0,0.6046494687417847,0.0,0.0
Ballarat,BALLARAT,VIC,Provincial,ON|ALP+GRN+LNP,ON,ALP+GRN+LNP,10772.0,False,0.4973863553484676,1.8812095047745738,1.881209504774578,GRN,toward pooled evidence,1.881209504774578,False,False,,0.0,0.2147233568510954,0.6251392499071667,0.1601373932417378,0.0,0.0,0.0,0.2015631238803712,0.6194873878301452,0.1789494882894836,0.0,0.0,0.0
Farrer,FARRER,NSW,Rural,GRN|ALP+IND+LNP+ON,GRN,ALP+IND+LNP+ON,5748.0,False,0.4931708529322558,1.8809377397230307,1.8809377397230265,ALP,toward pooled evidence,1.8809377397230265,False,False,,0.0,0.4003131524008351,0.0911621433542101,0.0,0.0838552540013918,0.4246694502435629,0.0,0.4191225297980654,0.08510690025087028,0.0,0.08066727530278914,0.4151032946482751,0.0
Casey,CASEY,VIC,Rural,ON|ALP+GRN+IND+LNP,ON,ALP+GRN+IND+LNP,9612.0,False,0.49624702142853383,1.8787774092547629,1.8787774092547658,GRN,away from local history,-1.8787774092547658,False,False,,0.0,0.0922804827299209,0.5351643778610071,0.1073657927590511,0.0,0.2651893466500208,0.0,0.09480205149589682,0.5487622125034088,0.08857801866650344,0.0,0.26785771733419095,0.0
Eden-Monaro,EDEN-MONARO,NSW,Rural,ON|ALP+GRN+LNP,ON,ALP+GRN+LNP,11157.0,False,0.4973863553484676,1.8573696230204022,1.8573696230203995,LNP,away from local history,-1.8573696230203995,False,False,,0.0,0.1667114815810702,0.6740163126288429,0.1592722057900869,0.0,0.0,0.0,0.17142686010593894,0.6554426163986389,0.1731305234954222,0.0,0.0,0.0
Wills,WILLS,VIC,Inner metro,LNP|ALP+GRN,LNP,ALP+GRN,18169.0,False,0.497045392941384,1.852848668142479,1.8528486681424816,ALP,away from local history,-1.8528486681424816,False,False,,0.0,0.7592602784963399,0.0,0.24073972150366,0.0,0.0,0.0,0.7407317918149152,0.0,0.2592682081850848,0.0,0.0,0.0
Fairfax,FAIRFAX,QLD,Rural,GRN|ALP+IND+LNP+ON,GRN,ALP+IND+LNP+ON,11978.0,False,0.4931708529322558,1.8275611544542194,1.252796602900065,ON,toward pooled evidence,1.252796602900065,True,True,13.004588370762168,0.23766680536072024,0.4585907497077976,0.0678744364668559,0.0,0.0528468859575889,0.4206879278677575,0.0,0.4478633421687827,0.07362208198239743,0.0,0.06537485198658956,0.4131397238622303,0.0
Bennelong,BENNELONG,NSW,Inner metro,ON|ALP+GRN+LNP,ON,ALP+GRN+LNP,4709.0,False,0.4973863553484676,1.8268757652023502,1.8268757652023515,ALP,toward pooled evidence,1.8268757652023515,False,False,,0.0,0.1350605224039074,0.6540666808239541,0.2108727967721384,0.0,0.0,0.0,0.1533292800559309,0.6478220870049168,0.19884863293915223,0.0,0.0,0.0
Curtin,CURTIN,WA,Inner metro,GRN|ALP+IND+LNP,GRN,ALP+IND+LNP,9021.0,False,0.4891380938285854,1.8255123650364211,1.8255123650364302,IND,away from local history,-1.8255123650364302,False,False,,0.0,0.396297527990245,0.0622990799246203,0.0,0.0,0.5414033920851347,0.0,0.4082440565723173,0.06860767499291213,0.0,0.0,0.5231482684347705,0.0
Perth,PERTH,WA,Inner metro,ON|ALP+GRN+LNP,ON,ALP+GRN+LNP,6316.0,False,0.4973863553484676,1.819254273090451,1.819254273090451,ALP,toward pooled evidence,1.819254273090451,False,False,,0.0,0.1352121595946801,0.6768524382520583,0.1879354021532615,0.0,0.0,0.0,0.15340470232558465,0.659155411845936,0.18743988582847948,0.0,0.0,0.0
Bruce,BRUCE,VIC,Outer metro,OTH|ALP+GRN+LNP+ON,OTH,ALP+GRN+LNP+ON,12518.0,False,0.49210290739708495,1.808245745640924,1.808245745640924,GRN,toward pooled evidence,1.808245745640924,True,True,10.97019388,0.198368064123661,0.1996325291580124,0.2136123981466688,0.1826969164403259,0.4040581562549928,0.0,0.0,0.19011682956854203,0.207420359295377,0.20077937389673517,0.40168343723934585,0.0,0.0
Menzies,MENZIES,VIC,Outer metro,GRN|ALP+LNP,GRN,ALP+LNP,16885.0,False,0.49623399434240484,1.803180358086867,1.80318035808687,LNP,toward pooled evidence,1.80318035808687,False,False,,0.0,0.8317441516138585,0.1682558483861415,0.0,0.0,0.0,0.0,0.8137123480329899,0.1862876519670102,0.0,0.0,0.0,0.0
Forde,FORDE,QLD,Outer metro,ON|ALP+LNP,ON,ALP+LNP,19912.0,False,0.49385098454142856,1.7916785818438752,1.7916785818438807,LNP,toward pooled evidence,1.7916785818438807,False,False,,0.0,0.3259843310566492,0.6740156689433507,0.0,0.0,0.0,0.0,0.3080675452382105,0.6919324547617896,0.0,0.0,0.0,0.0
McPherson,MCPHERSON,QLD,Provincial,ON|ALP+GRN+IND+LNP,ON,ALP+GRN+IND+LNP,9464.0,False,0.49624702142853383,1.7722660554386378,1.312701428364721,IND,away from local history,-1.312701428364721,False,False,,0.0,0.0734361792054099,0.5446956889264581,0.0784023668639053,0.0,0.3034657650042265,0.0,0.08501870116431051,0.550835827521944,0.07380672059316615,0.0,0.29033875072057935,0.0
Isaacs,ISAACS,VIC,Outer metro,OTH|ALP+GRN+LNP+ON,OTH,ALP+GRN+LNP+ON,3878.0,False,0.49210290739708495,1.7461328689442126,1.4523112316666613,LNP,away from local history,-1.4523112316666613,True,True,4.871687639048716,0.08506613913772193,0.1732851985559566,0.2300154718927282,0.2240845796802475,0.3726147498710676,0.0,0.0,0.17715123157711818,0.2154923595760616,0.22114636330747206,0.38621004553934823,0.0,0.0
Gorton,GORTON,VIC,Outer metro,GRN|ALP+LNP,GRN,ALP+LNP,17182.0,False,0.49623399434240484,1.744549701612673,1.7445497016126743,ALP,toward pooled evidence,1.7445497016126743,False,False,,0.0,0.7613199860318939,0.2386800139681061,0.0,0.0,0.0,0.0,0.7787654830480206,0.22123451695197938,0.0,0.0,0.0,0.0
Oxley,OXLEY,QLD,Outer metro,ON|ALP+GRN+LNP,ON,ALP+GRN+LNP,9022.0,False,0.4973863553484676,1.7316894777259035,1.7316894777259006,ALP,away from local history,-1.7316894777259006,False,False,,0.0,0.2211261361117268,0.5816892041675903,0.1971846597206827,0.0,0.0,0.0,0.20380924133446784,0.5926513026312364,0.20353945603429577,0.0,0.0,0.0
La Trobe,LA TROBE,VIC,Provincial,GRN|ALP+LNP,GRN,ALP+LNP,16686.0,False,0.49623399434240484,1.725619670817069,1.725619670817069,ALP,toward pooled evidence,1.725619670817069,False,False,,0.0,0.7692676495265492,0.2307323504734508,0.0,0.0,0.0,0.0,0.7865238462347199,0.21347615376528012,0.0,0.0,0.0,0.0
Flynn,FLYNN,QLD,Rural,OTH|ALP+LNP+ON,OTH,ALP+LNP+ON,15222.0,False,0.4978073281835432,1.6967573226854853,1.6967573226854853,LNP,toward pooled evidence,1.6967573226854853,True,True,13.228070661440128,0.22444825759799567,0.2050321902509525,0.1960977532518723,0.0,0.5988700564971752,0.0,0.0,0.1977717331704683,0.21306532647872714,0.0,0.5891629403508045,0.0,0.0
Shortland,SHORTLAND,NSW,Provincial,ON|ALP+GRN+LNP,ON,ALP+GRN+LNP,13192.0,False,0.4973863553484676,1.6851189047485213,1.6851189047485227,GRN,toward pooled evidence,1.6851189047485227,False,False,,0.0,0.219981807155852,0.615979381443299,0.164038811400849,0.0,0.0,0.0,0.20417860531223514,0.6149313942394307,0.18089000044833423,0.0,0.0,0.0
Perth,PERTH,WA,Inner metro,GRN|ALP+LNP,GRN,ALP+LNP,25654.0,False,0.49623399434240484,1.6840785410748855,1.6840785410748862,LNP,toward pooled evidence,1.6840785410748862,False,False,,0.0,0.878966243081001,0.1210337569189989,0.0,0.0,0.0,0.0,0.8621254576702523,0.13787454232974777,0.0,0.0,0.0,0.0
Chisholm,CHISHOLM,VIC,Inner metro,ON|ALP+GRN+IND+LNP,ON,ALP+GRN+IND+LNP,3743.0,False,0.49624702142853383,1.664704234508265,1.5459605122812747,LNP,away from local history,-1.5459605122812747,False,False,,0.0,0.0716003205984504,0.5987176061982367,0.070531659096981,0.0,0.2591504141063318,0.0,0.0850329644311515,0.583258001075424,0.06934422187471109,0.0,0.26236481261871336,0.0
Rankin,RANKIN,QLD,Outer metro,ON|ALP+GRN+LNP,ON,ALP+GRN+LNP,11059.0,False,0.4973863553484676,1.6502297405975876,1.6502297405975863,LNP,toward pooled evidence,1.6502297405975863,False,False,,0.0,0.2053531060674563,0.5706664255357627,0.2239804683967809,0.0,0.0,0.0,0.19596395140794626,0.5871687229417387,0.2168673256503151,0.0,0.0,0.0
Reid,REID,NSW,Inner metro,ON|ALP+GRN+LNP,ON,ALP+GRN+LNP,4233.0,False,0.4973863553484676,1.6495839030796544,1.6495839030796544,LNP,away from local history,-1.6495839030796544,False,False,,0.0,0.1653673517599811,0.6744625561067801,0.1601700921332388,0.0,0.0,0.0,0.16840348345151634,0.6579667170759835,0.1736297994725001,0.0,0.0,0.0
Braddon,BRADDON,TAS,Rural,IND|ALP+GRN+LNP+ON,IND,ALP+GRN+LNP+ON,6811.0,False,0.49547153734336485,1.62753550960439,1.477402812468237,ON,away from local history,-1.477402812468237,True,True,9.529376367024621,0.15509398421717446,0.2525326677433563,0.1918954632212597,0.2548818088386433,0.3006900601967405,0.0,0.0,0.25103134077199485,0.19661087768164848,0.26644174947429855,0.2859160320720582,0.0,0.0
Parramatta,PARRAMATTA,NSW,Inner metro,ON|ALP+GRN+LNP,ON,ALP+GRN+LNP,4782.0,False,0.4973863553484676,1.62569806525098,1.6256980652509774,ALP,toward pooled evidence,1.6256980652509774,False,False,,0.0,0.1390631534922626,0.6700125470514429,0.1909242994562944,0.0,0.0,0.0,0.1553201341447724,0.6557533432906817,0.1889265225645459,0.0,0.0,0.0
Bennelong,BENNELONG,NSW,Inner metro,GRN|ALP+LNP,GRN,ALP+LNP,15314.0,False,0.49623399434240484,1.5969407510111013,1.5969407510111027,LNP,toward pooled evidence,1.5969407510111027,False,False,,0.0,0.8772365156066344,0.1227634843933655,0.0,0.0,0.0,0.0,0.8612671080965235,0.13873289190347654,0.0,0.0,0.0,0.0
Corio,CORIO,VIC,Provincial,GRN|ALP+LNP,GRN,ALP+LNP,24146.0,False,0.49623399434240484,1.5936312779497697,1.5936312779497697,ALP,toward pooled evidence,1.5936312779497697,False,False,,0.0,0.7718876832601673,0.2281123167398326,0.0,0.0,0.0,0.0,0.7878239960396651,0.21217600396033492,0.0,0.0,0.0,0.0
Forrest,FORREST,WA,Rural,IND|ALP+LNP,IND,ALP+LNP,28233.0,False,0.4842595328516168,1.565357107976878,1.5653571079768835,LNP,toward pooled evidence,1.5653571079768835,False,False,,0.0,0.6557574469592321,0.3442425530407679,0.0,0.0,0.0,0.0,0.6401038758794634,0.35989612412053673,0.0,0.0,0.0,0.0
Hotham,HOTHAM,VIC,Inner metro,GRN|ALP+LNP,GRN,ALP+LNP,19278.0,False,0.49623399434240484,1.5646275304717918,1.5646275304717987,LNP,toward pooled evidence,1.5646275304717987,False,False,,0.0,0.8765950824774354,0.1234049175225645,0.0,0.0,0.0,0.0,0.8609488071727176,0.13905119282728248,0.0,0.0,0.0,0.0
Mallee,MALLEE,VIC,Rural,ON|ALP+LNP,ON,ALP+LNP,17509.0,False,0.49385098454142856,1.5563645067177863,1.5563645067177945,ALP,toward pooled evidence,1.5563645067177945,False,False,,0.0,0.2398766348734936,0.7601233651265064,0.0,0.0,0.0,0.0,0.25544027994067153,0.7445597200593286,0.0,0.0,0.0,0.0
Kooyong,KOOYONG,VIC,Inner metro,ALP|IND+LNP,ALP,IND+LNP,16180.0,False,0.47404403337557105,1.5459695886380826,1.5459695886380853,IND,away from local history,-1.5459695886380853,False,False,,0.0,0.0,0.2388133498145859,0.0,0.0,0.7611866501854141,0.0,0.0,0.2542730457009667,0.0,0.0,0.7457269542990332,0.0
Page,PAGE,NSW,Rural,GRN|ALP+LNP,GRN,ALP+LNP,20702.0,False,0.49623399434240484,1.5455546767437407,1.5455546767437434,ALP,toward pooled evidence,1.5455546767437434,False,False,,0.0,0.7767848517051492,0.2232151482948507,0.0,0.0,0.0,0.0,0.7922403984725868,0.20775960152741335,0.0,0.0,0.0,0.0
Wannon,WANNON,VIC,Rural,ALP|IND+LNP,ALP,IND+LNP,14628.0,False,0.47404403337557105,1.5377122012177975,1.5377122012178002,IND,away from local history,-1.5377122012178002,False,False,,0.0,0.0,0.2967596390484003,0.0,0.0,0.7032403609515997,0.0,0.0,0.31213676106057825,0.0,0.0,0.6878632389394217,0.0
Holt,HOLT,VIC,Outer metro,GRN|ALP+LNP,GRN,ALP+LNP,17309.0,False,0.49623399434240484,1.527680627131446,1.5276806271314474,LNP,toward pooled evidence,1.5276806271314474,False,False,,0.0,0.8262753480848114,0.1737246519151886,0.0,0.0,0.0,0.0,0.810998541813497,0.18900145818650307,0.0,0.0,0.0,0.0
Hume,HUME,NSW,Outer metro,ON|ALP+LNP,ON,ALP+LNP,14508.0,False,0.49385098454142856,1.521716130427289,1.521716130427292,ALP,away from local history,-1.521716130427292,False,False,,0.0,0.3206506754893851,0.6793493245106148,0.0,0.0,0.0,0.0,0.3054335141851122,0.6945664858148878,0.0,0.0,0.0,0.0
Hawke,HAWKE,VIC,Provincial,ON|ALP+GRN+LNP,ON,ALP+GRN+LNP,13055.0,False,0.4973863553484676,1.5145405335664262,1.514540533566422,LNP,toward pooled evidence,1.514540533566422,False,False,,0.0,0.1983148219073152,0.5837610111068556,0.2179241669858291,0.0,0.0,0.0,0.1934017424880764,0.59890641644252,0.20769184106940364,0.0,0.0,0.0
Tangney,TANGNEY,WA,Inner metro,ON|ALP+GRN+LNP,ON,ALP+GRN+LNP,6175.0,False,0.4973863553484676,1.4861629885285208,1.486162988528525,GRN,away from local history,-1.486162988528525,False,False,,0.0,0.1449392712550607,0.6385425101214575,0.2165182186234817,0.0,0.0,0.0,0.15824283494240893,0.6401005763193945,0.20165658873819647,0.0,0.0,0.0
Lalor,LALOR,VIC,Outer metro,ON|ALP+GRN+LNP,ON,ALP+GRN+LNP,9350.0,False,0.4973863553484676,1.4821421847786702,1.4821421847786675,LNP,toward pooled evidence,1.4821421847786675,False,False,,0.0,0.2161497326203208,0.5740106951871657,0.2098395721925133,0.0,0.0,0.0,0.201334046139134,0.5888321170349525,0.20983383682591344,0.0,0.0,0.0
Hughes,HUGHES,NSW,Outer metro,GRN|ALP+LNP,GRN,ALP+LNP,13768.0,False,0.49623399434240484,1.4722144369287857,1.472214436928787,ALP,away from local history,-1.472214436928787,False,False,,0.0,0.8251743172574085,0.1748256827425915,0.0,0.0,0.0,0.0,0.8104521728881207,0.18954782711187934,0.0,0.0,0.0,0.0
Lalor,LALOR,VIC,Outer metro,GRN|ALP+LNP,GRN,ALP+LNP,19136.0,False,0.49623399434240484,1.4576413018516754,1.4576413018516754,ALP,away from local history,-1.4576413018516754,False,False,,0.0,0.824885033444816,0.1751149665551839,0.0,0.0,0.0,0.0,0.8103086204262994,0.1896913795737007,0.0,0.0,0.0,0.0
Cook,COOK,NSW,Inner metro,GRN|ALP+LNP,GRN,ALP+LNP,12561.0,False,0.49623399434240484,1.450953362316064,1.4509533623160653,ALP,toward pooled evidence,1.4509533623160653,False,False,,0.0,0.8167343364381817,0.1832656635618183,0.0,0.0,0.0,0.0,0.8312438700613424,0.16875612993865768,0.0,0.0,0.0,0.0
Lyne,LYNE,NSW,Rural,OTH|ALP+GRN+IND+LNP+ON,OTH,ALP+GRN+IND+LNP+ON,14960.0,False,0.4928760932248753,1.4447933605434262,0.9207145036222288,GRN,away from local history,-0.9207145036222288,False,False,,0.0,0.1047459893048128,0.1975267379679144,0.1328877005347593,0.3501336898395722,0.2147058823529411,0.0,0.1111825284374015,0.19607758779429374,0.12368055549853703,0.35814508431241787,0.21091424395734992,0.0
Menzies,MENZIES,VIC,Outer metro,IND|ALP+GRN+LNP,IND,ALP+GRN+LNP,8996.0,False,0.4960167318320175,1.441004294895938,1.4410042948959367,GRN,away from local history,-1.4410042948959367,False,False,,0.0,0.3231436193863939,0.2415518008003557,0.4353045798132503,0.0,0.0,0.0,0.3257457299803279,0.2533597331553812,0.420894536864291,0.0,0.0,0.0
Lyne,LYNE,NSW,Rural,ON|ALP+IND+LNP,ON,ALP+IND+LNP,15078.0,False,0.49557127547287594,1.3810847052577304,1.381084705257729,LNP,away from local history,-1.381084705257729,False,False,,0.0,0.1144050935137286,0.5306406685236769,0.0,0.0,0.3549542379625945,0.0,0.11521298926101053,0.5168298214710996,0.0,0.0,0.3679571892678899,0.0
Bowman,BOWMAN,QLD,Outer metro,ON|ALP+GRN+LNP,ON,ALP+GRN+LNP,12418.0,False,0.4973863553484676,1.3670076784831189,1.367007678483123,LNP,away from local history,-1.367007678483123,False,False,,0.0,0.1695119987115477,0.6306973747785473,0.1997906265099049,0.0,0.0,0.0,0.1781370736485377,0.6170272979937161,0.2048356283577461,0.0,0.0,0.0
Wide Bay,WIDE BAY,QLD,Rural,GRN|ALP+LNP+ON,GRN,ALP+LNP+ON,11902.0,True,0.4967857809627051,1.3460415936942223,1.346041593694225,ON,away from local history,-1.346041593694225,True,True,13.224849970747771,0.17801198130992318,0.6887077802050076,0.1535036128381784,0.0,0.157788606956814,0.0,0.0,0.6901205295612804,0.16555127941884784,0.0,0.14432819101987177,0.0,0.0
Curtin,CURTIN,WA,Inner metro,ON|ALP+GRN+IND+LNP,ON,ALP+GRN+IND+LNP,3079.0,False,0.49624702142853383,1.316540500739432,1.129550193609885,LNP,away from local history,-1.129550193609885,False,False,,0.0,0.0763234816498863,0.5904514452744397,0.0639818122767132,0.0,0.2692432607989607,0.0,0.08737681903465383,0.5791559433383409,0.06609387989934004,0.0,0.2673733577276653,0.0
Bowman,BOWMAN,QLD,Outer metro,GRN|ALP+LNP,GRN,ALP+LNP,17004.0,False,0.49623399434240484,1.304554483269503,1.3045544832695044,ALP,toward pooled evidence,1.3045544832695044,False,False,,0.0,0.7700541049164903,0.2299458950835097,0.0,0.0,0.0,0.0,0.7830996497491853,0.2169003502508147,0.0,0.0,0.0,0.0
Hasluck,HASLUCK,WA,Outer metro,GRN|ALP+LNP,GRN,ALP+LNP,16796.0,False,0.49623399434240484,1.3040408380314714,1.3040408380314727,ALP,toward pooled evidence,1.3040408380314727,False,False,,0.0,0.7700643010240533,0.2299356989759466,0.0,0.0,0.0,0.0,0.7831047094043682,0.21689529059563192,0.0,0.0,0.0,0.0
Kingston,KINGSTON,SA,Outer metro,GRN|ALP+LNP,GRN,ALP+LNP,19556.0,False,0.49623399434240484,1.296764586102854,1.2967645861028583,LNP,toward pooled evidence,1.2967645861028583,False,False,,0.0,0.8216915524647167,0.1783084475352833,0.0,0.0,0.0,0.0,0.8087239066036882,0.19127609339631188,0.0,0.0,0.0,0.0
Macarthur,MACARTHUR,NSW,Outer metro,ON|ALP+GRN+LNP,ON,ALP+GRN+LNP,10399.0,False,0.4973863553484676,1.2808361138596207,1.2808361138596265,GRN,toward pooled evidence,1.2808361138596265,False,False,,0.0,0.2084815847677661,0.6071737667083373,0.1843446485238965,0.0,0.0,0.0,0.19752001402647867,0.6053269763110286,0.19715300966249277,0.0,0.0,0.0
Gilmore,GILMORE,NSW,Rural,GRN|ALP+IND+LNP,GRN,ALP+IND+LNP,9689.0,False,0.4891380938285854,1.2795861657684897,1.2795861657684926,ALP,away from local history,-1.2795861657684926,False,False,,0.0,0.4838476622974507,0.0669831767984312,0.0,0.0,0.449169160904118,0.0,0.4710518006397658,0.07130634158243618,0.0,0.0,0.457641857777798,0.0
Kingsford Smith,KINGSFORD SMITH,NSW,Inner metro,GRN|ALP+LNP,GRN,ALP+LNP,15610.0,False,0.49623399434240484,1.2785386626547073,1.2785386626547102,LNP,toward pooled evidence,1.2785386626547102,False,False,,0.0,0.8709160794362588,0.1290839205637411,0.0,0.0,0.0,0.0,0.8581306928097119,0.14186930719028823,0.0,0.0,0.0,0.0
Menzies,MENZIES,VIC,Outer metro,ON|ALP+GRN+IND+LNP,ON,ALP+GRN+IND+LNP,4207.0,False,0.49624702142853383,1.2774469373168058,1.2774469373168063,LNP,away from local history,-1.2774469373168063,False,False,,0.0,0.0946042310434989,0.5854528167340147,0.0553838840028523,0.0,0.2645590682196339,0.0,0.09538129799776168,0.5726783473608468,0.06286940087947301,0.0,0.26907095376191853,0.0
La Trobe,LA TROBE,VIC,Provincial,ON|ALP+GRN+LNP,ON,ALP+GRN+LNP,11654.0,False,0.4973863553484676,1.247444303434879,1.2474443034348721,ALP,toward pooled evidence,1.2474443034348721,False,False,,0.0,0.1637206109490303,0.6348035009438819,0.2014758881070877,0.0,0.0,0.0,0.17619505398337904,0.6242942544304696,0.1995106915861513,0.0,0.0,0.0
New England,NEW ENGLAND,NSW,Rural,GRN|ALP+LNP+ON,GRN,ALP+LNP+ON,10821.0,False,0.4967857809627051,1.2369039129861001,1.2369039129860913,ON,toward pooled evidence,1.2369039129860913,True,True,11.479434352341727,0.14198957269278542,0.7127807041863045,0.1807596340449126,0.0,0.1064596617687829,0.0,0.0,0.7020796159013848,0.17909168319997132,0.0,0.11882870089864382,0.0,0.0
Newcastle,NEWCASTLE,NSW,Provincial,LNP|ALP+GRN,LNP,ALP+GRN,27170.0,False,0.497045392941384,1.2156224461306042,1.2156224461306042,ALP,toward pooled evidence,1.2156224461306042,False,False,,0.0,0.691497975708502,0.0,0.308502024291498,0.0,0.0,0.0,0.7036542001698081,0.0,0.29634579983019194,0.0,0.0,0.0
Sturt,STURT,SA,Inner metro,IND|ALP+GRN+LNP,IND,ALP+GRN+LNP,11088.0,False,0.4960167318320175,1.2064043342955215,1.2064043342955189,GRN,away from local history,-1.2064043342955189,False,False,,0.0,0.3143037518037518,0.2738095238095238,0.4118867243867244,0.0,0.0,0.0,0.3249363741634321,0.27524094479279876,0.3998226810437692,0.0,0.0,0.0
Forrest,FORREST,WA,Rural,GRN|ALP+IND+LNP+ON,GRN,ALP+IND+LNP+ON,9287.0,False,0.4931708529322558,1.1952603935241108,0.9132861805886954,ON,toward pooled evidence,0.9132861805886954,True,True,12.005150267205702,0.1434928063269637,0.4546139765263271,0.0736513405836115,0.0,0.0595456013782707,0.4121890815117907,0.0,0.44590211354695874,0.07647108271296565,0.0,0.06867846318415766,0.40894834055591794,0.0
Macarthur,MACARTHUR,NSW,Outer metro,GRN|ALP+LNP,GRN,ALP+LNP,15522.0,False,0.49623399434240484,1.1887016261262415,1.1887016261262429,ALP,away from local history,-1.1887016261262429,False,False,,0.0,0.8195464501997165,0.1804535498002834,0.0,0.0,0.0,0.0,0.8076594339384542,0.19234056606154584,0.0,0.0,0.0,0.0
Shortland,SHORTLAND,NSW,Provincial,GRN|ALP+LNP,GRN,ALP+LNP,16274.0,False,0.49623399434240484,1.1840935904246397,1.1840935904246397,ALP,toward pooled evidence,1.1840935904246397,False,False,,0.0,0.7800172053582402,0.2199827946417598,0.0,0.0,0.0,0.0,0.7918581412624865,0.2081418587375134,0.0,0.0,0.0,0.0
McEwen,MCEWEN,VIC,Rural,ON|ALP+GRN+LNP,ON,ALP+GRN+LNP,11349.0,False,0.4973863553484676,1.1825422705062303,1.1825422705062372,LNP,toward pooled evidence,1.1825422705062372,False,False,,0.0,0.1818662437219138,0.6135342320909332,0.204599524187153,0.0,0.0,0.0,0.1789646320133461,0.6253596547959955,0.19567571319065846,0.0,0.0,0.0
Jagajaga,JAGAJAGA,VIC,Outer metro,ON|ALP+GRN+IND+LNP,ON,ALP+GRN+IND+LNP,5379.0,False,0.49624702142853383,1.1783870861412977,1.178387086141297,ALP,away from local history,-1.178387086141297,False,False,,0.0,0.1195389477598066,0.558282208588957,0.0500092954080684,0.0,0.2721695482431678,0.0,0.10775507689839364,0.55919501399846,0.060202277297907725,0.0,0.27284763180523863,0.0
Fremantle,FREMANTLE,WA,Inner metro,GRN|ALP+IND+LNP,GRN,ALP+IND+LNP,12788.0,False,0.4891380938285854,1.1768786596349858,1.1768786596349883,LNP,toward pooled evidence,1.1768786596349883,False,False,,0.0,0.4350172036284016,0.0516108852048795,0.0,0.0,0.5133719111667188,0.0,0.42718332490762645,0.06337967180122939,0.0,0.0,0.5094370032911443,0.0
Herbert,HERBERT,QLD,Provincial,OTH|ALP+LNP,OTH,ALP+LNP,40220.0,False,0.5,1.151055558066996,1.151055558066999,ALP,toward pooled evidence,1.151055558066999,False,False,,0.0,0.4493535554450522,0.5506464445549478,0.0,0.0,0.0,0.0,0.46086411102572217,0.5391358889742779,0.0,0.0,0.0,0.0
Robertson,ROBERTSON,NSW,Provincial,ON|ALP+GRN+LNP,ON,ALP+GRN+LNP,9658.0,False,0.4973863553484676,1.1444738728341175,1.144473872834126,ALP,toward pooled evidence,1.144473872834126,False,False,,0.0,0.1657693104162352,0.6176226962103956,0.2166079933733692,0.0,0.0,0.0,0.17721404914457645,0.6157487565821272,0.20703719427329642,0.0,0.0,0.0
Wide Bay,WIDE BAY,QLD,Rural,ON|ALP+LNP,ON,ALP+LNP,21655.0,False,0.49385098454142856,1.1139694145401724,1.1139694145401724,ALP,away from local history,-1.1139694145401724,False,False,,0.0,0.2926344954975756,0.7073655045024244,0.0,0.0,0.0,0.0,0.28149480135217386,0.7185051986478261,0.0,0.0,0.0,0.0
Petrie,PETRIE,QLD,Outer metro,ON|ALP+GRN+LNP,ON,ALP+GRN+LNP,12340.0,False,0.4973863553484676,1.0975306836811805,1.0975306836811778,ALP,away from local history,-1.0975306836811778,False,False,,0.0,0.2085089141004862,0.596839546191248,0.1946515397082658,0.0,0.0,0.0,0.19753360726367442,0.6001868760326662,0.20227951670365946,0.0,0.0,0.0
Bendigo,BENDIGO,VIC,Provincial,GRN|ALP+LNP,GRN,ALP+LNP,17845.0,False,0.49623399434240484,1.0703417743031656,1.0703417743031685,LNP,toward pooled evidence,1.0703417743031685,False,False,,0.0,0.8247688428131129,0.1752311571868871,0.0,0.0,0.0,0.0,0.8140654250700813,0.18593457492991877,0.0,0.0,0.0,0.0
Petrie,PETRIE,QLD,Outer metro,GRN|ALP+LNP,GRN,ALP+LNP,17660.0,False,0.49623399434240484,1.062528557553609,1.0625285575536103,ALP,toward pooled evidence,1.0625285575536103,False,False,,0.0,0.7748584371460928,0.2251415628539071,0.0,0.0,0.0,0.0,0.785483722721629,0.21451627727837105,0.0,0.0,0.0,0.0
Bennelong,BENNELONG,NSW,Inner metro,OTH|ALP+GRN+LNP+ON,OTH,ALP+GRN+LNP+ON,6036.0,False,0.49210290739708495,1.0387807095041626,0.855535667337673,ALP,away from local history,-0.855535667337673,True,True,7.24026027628961,0.07521042706798925,0.1996355202120609,0.209741550695825,0.2302849569251159,0.360337972166998,0.0,0.0,0.19108016353868423,0.20790910027416015,0.23348875856305257,0.36752197762410305,0.0,0.0
Flinders,FLINDERS,VIC,Rural,GRN|ALP+IND+LNP,GRN,ALP+IND+LNP,7971.0,False,0.4891380938285854,1.0348800258822086,1.0348800258822066,IND,away from local history,-1.0348800258822066,False,False,,0.0,0.4422280767783214,0.0717601304729644,0.0,0.0,0.4860117927487141,0.0,0.45069407591300314,0.0736429315971048,0.0,0.0,0.4756629924898921,0.0
Hunter,HUNTER,NSW,Rural,LNP|ALP+ON,LNP,ALP+ON,24870.0,False,0.5,1.0306741911084494,1.0306741911084494,ALP,away from local history,-1.0306741911084494,False,False,,0.0,0.1991958182549256,0.0,0.0,0.8008041817450744,0.0,0.0,0.1888890763438411,0.0,0.0,0.8111109236561589,0.0,0.0
Adelaide,ADELAIDE,SA,Inner metro,ON|ALP+GRN+LNP,ON,ALP+GRN+LNP,6597.0,False,0.4973863553484676,0.9974192578615537,0.9974192578615537,LNP,toward pooled evidence,0.9974192578615537,False,False,,0.0,0.176443838108231,0.621797786872821,0.201758375018948,0.0,0.0,0.0,0.17391277662633942,0.6317719794514365,0.19431524392222405,0.0,0.0,0.0
Dawson,DAWSON,QLD,Rural,GRN|ALP+LNP+ON+OTH,GRN,ALP+LNP+ON+OTH,7566.0,False,0.49876212563918376,0.976812269230034,0.9768122692300318,LNP,toward pooled evidence,0.9768122692300318,True,True,8.792545041791328,0.08588665874579472,0.6321702352630187,0.098995506212001,0.0,0.1063970393867301,0.0,0.16243721913825,0.6297014771790242,0.10876362890430134,0.0,0.10202991935105687,0.0,0.15950497456561752
Dunkley,DUNKLEY,VIC,Outer metro,ON|ALP+GRN+LNP,ON,ALP+GRN+LNP,10776.0,False,0.4973863553484676,0.9743117735381945,0.9743117735381918,GRN,away from local history,-0.9743117735381918,False,False,,0.0,0.1701930215293244,0.6005939123979213,0.2292130660727542,0.0,0.0,0.0,0.17847580510578084,0.6020542465568469,0.21946994833737232,0.0,0.0,0.0
McPherson,MCPHERSON,QLD,Provincial,GRN|ALP+IND+LNP,GRN,ALP+IND+LNP,10894.0,False,0.4891380938285854,0.9520738683503838,0.9520738683503838,LNP,away from local history,-0.9520738683503838,False,False,,0.0,0.4532770332293005,0.0986781714705342,0.0,0.0,0.4480447953001652,0.0,0.45683252820090714,0.08915743278703037,0.0,0.0,0.45401003901206244,0.0
Capricornia,CAPRICORNIA,QLD,Provincial,ON|ALP+LNP,ON,ALP+LNP,22302.0,False,0.49385098454142856,0.948275954756897,0.9482759547568997,ALP,toward pooled evidence,0.9482759547568997,False,False,,0.0,0.2704690162317281,0.7295309837682719,0.0,0.0,0.0,0.0,0.2799517757792971,0.7200482242207029,0.0,0.0,0.0,0.0
Gellibrand,GELLIBRAND,VIC,Inner metro,OTH|ALP+GRN+LNP+ON,OTH,ALP+GRN+LNP+ON,4396.0,False,0.49210290739708495,0.9268939849638183,0.9268939849638169,ON,toward pooled evidence,0.9268939849638169,True,True,4.964006913801439,0.04601108149721361,0.1910828025477707,0.214968152866242,0.2377161055505004,0.3562329390354868,0.0,0.0,0.18687134630994062,0.21048112639803027,0.2371456484069041,0.36550187888512503,0.0,0.0
Lilley,LILLEY,QLD,Inner metro,ON|ALP+GRN+LNP,ON,ALP+GRN+LNP,7478.0,False,0.4973863553484676,0.8791225234447336,0.8791225234447309,LNP,away from local history,-0.8791225234447309,False,False,,0.0,0.1598020861192832,0.6591334581438888,0.181064455736828,0.0,0.0,0.0,0.16563539625794357,0.6503422329094415,0.184022370832615,0.0,0.0,0.0
Robertson,ROBERTSON,NSW,Provincial,GRN|ALP+LNP,GRN,ALP+LNP,13742.0,False,0.49623399434240484,0.8724802453049505,0.8724802453049518,ALP,toward pooled evidence,0.8724802453049518,False,False,,0.0,0.7862028816766119,0.2137971183233881,0.0,0.0,0.0,0.0,0.7949276841296614,0.2050723158703386,0.0,0.0,0.0,0.0
Canning,CANNING,WA,Outer metro,ON|ALP+LNP,ON,ALP+LNP,15819.0,False,0.49385098454142856,0.8536007736438728,0.8536007736438755,ALP,toward pooled evidence,0.8536007736438755,True,True,31.128521992445453,0.26571330455141745,0.273721474176623,0.7262785258233769,0.0,0.0,0.0,0.0,0.28225748191306177,0.7177425180869382,0.0,0.0,0.0,0.0
Dawson,DAWSON,QLD,Rural,ON|ALP+LNP,ON,ALP+LNP,19772.0,False,0.49385098454142856,0.8186976906952498,0.8186976906952526,ALP,toward pooled evidence,0.8186976906952526,False,False,,0.0,0.2544507384179648,0.7455492615820352,0.0,0.0,0.0,0.0,0.2626377153249173,0.7373622846750827,0.0,0.0,0.0,0.0
Gellibrand,GELLIBRAND,VIC,Inner metro,GRN|ALP+LNP,GRN,ALP+LNP,20351.0,False,0.49623399434240484,0.8156712363549299,0.8156712363549312,ALP,toward pooled evidence,0.8156712363549312,False,False,,0.0,0.8293449953319247,0.1706550046680753,0.0,0.0,0.0,0.0,0.837501707695474,0.162498292304526,0.0,0.0,0.0,0.0
Jagajaga,JAGAJAGA,VIC,Outer metro,IND|ALP+GRN+LNP,IND,ALP+GRN+LNP,8102.0,False,0.4960167318320175,0.8156530019813479,0.8156530019813479,LNP,away from local history,-0.8156530019813479,False,False,,0.0,0.3241175018513947,0.2811651444087879,0.3947173537398173,0.0,0.0,0.0,0.3262287919778061,0.2730086143889745,0.40076259363321953,0.0,0.0,0.0
Kennedy,KENNEDY,QLD,Rural,GRN|ALP+LNP+ON+OTH,GRN,ALP+LNP+ON+OTH,6673.0,False,0.49876212563918376,0.8055690185933169,0.6355070105291682,ALP,toward pooled evidence,0.6355070105291682,True,True,8.592963615429648,0.06922225266489741,0.6145661621459614,0.1150906638693241,0.0,0.109845646635696,0.0,0.1604975273490184,0.6209212322512532,0.1167912839499656,0.0,0.1037499540330458,0.0,0.15853752976573549
Wright,WRIGHT,QLD,Rural,ON|ALP+LNP,ON,ALP+LNP,31910.0,False,0.49385098454142856,0.7909761786373953,0.7909761786373981,ALP,toward pooled evidence,0.7909761786373981,False,False,,0.0,0.2549984330930743,0.7450015669069258,0.0,0.0,0.0,0.0,0.2629081948794483,0.7370918051205518,0.0,0.0,0.0,0.0
Werriwa,WERRIWA,NSW,Outer metro,ON|ALP+GRN+LNP,ON,ALP+GRN+LNP,7026.0,False,0.4973863553484676,0.7739272564515718,0.7739272564515676,LNP,toward pooled evidence,0.7739272564515676,False,False,,0.0,0.1920011386279533,0.5881013378878451,0.2198975234842015,0.0,0.0,0.0,0.18932286498648043,0.5958406104523609,0.21483652456115865,0.0,0.0,0.0
Riverina,RIVERINA,NSW,Rural,IND|ALP+LNP+ON,IND,ALP+LNP+ON,13822.0,False,0.5,0.7525094610585328,0.7525094610585314,LNP,toward pooled evidence,0.7525094610585314,False,False,,0.0,0.4606424540587469,0.3147156706699464,0.0,0.2246418752713066,0.0,0.0,0.45476521647622536,0.32224076528053175,0.0,0.22299401824324286,0.0,0.0
Moreton,MORETON,QLD,Inner metro,ON|ALP+GRN+LNP,ON,ALP+GRN+LNP,5632.0,False,0.4973863553484676,0.7520444786585492,0.7520444786585534,LNP,away from local history,-0.7520444786585534,False,False,,0.0,0.1642400568181818,0.6566051136363636,0.1791548295454545,0.0,0.0,0.0,0.16784278232901204,0.6490846688497782,0.18307254882120977,0.0,0.0,0.0
Brand,BRAND,WA,Outer metro,GRN|ALP+LNP,GRN,ALP+LNP,18942.0,False,0.49623399434240484,0.7470259251616693,0.7470259251616707,ALP,toward pooled evidence,0.7470259251616707,False,False,,0.0,0.7811213177066836,0.2188786822933164,0.0,0.0,0.0,0.0,0.7885915769583003,0.2114084230416997,0.0,0.0,0.0,0.0
Fowler,FOWLER,NSW,Outer metro,GRN|ALP+IND+LNP,GRN,ALP+IND+LNP,7497.0,True,0.4891380938285854,0.7447092606835133,0.7447092606835126,IND,toward pooled evidence,0.7447092606835126,False,False,,0.0,0.5015339469120982,0.0856342537014805,0.0,0.0,0.4128317993864212,0.0,0.4967008038757302,0.0830203041310135,0.0,0.0,0.4202788919932564,0.0
Cunningham,CUNNINGHAM,NSW,Provincial,ON|ALP+GRN+LNP,ON,ALP+GRN+LNP,10090.0,False,0.4973863553484676,0.7381972318959416,0.7381972318959429,LNP,toward pooled evidence,0.7381972318959429,False,False,,0.0,0.1999008919722497,0.599207135777998,0.2008919722497522,0.0,0.0,0.0,0.1941906320970015,0.6065891080969575,0.19922025980604105,0.0,0.0,0.0
Bass,BASS,TAS,Provincial,GRN|ALP+LNP,GRN,ALP+LNP,11946.0,False,0.49623399434240484,0.7300758122013168,0.7300758122013196,LNP,toward pooled evidence,0.7300758122013196,False,False,,0.0,0.8180143981248954,0.1819856018751046,0.0,0.0,0.0,0.0,0.8107136400028823,0.1892863599971178,0.0,0.0,0.0,0.0
Hawke,HAWKE,VIC,Provincial,GRN|ALP+LNP,GRN,ALP+LNP,17275.0,False,0.49623399434240484,0.7149155097910933,0.7149155097910947,LNP,toward pooled evidence,0.7149155097910947,False,False,,0.0,0.8177134587554269,0.182286541244573,0.0,0.0,0.0,0.0,0.8105643036575161,0.18943569634248397,0.0,0.0,0.0,0.0
Swan,SWAN,WA,Inner metro,GRN|ALP+LNP,GRN,ALP+LNP,20909.0,False,0.49623399434240484,0.7099755047138792,0.7099755047138806,LNP,toward pooled evidence,0.7099755047138806,False,False,,0.0,0.8596298244774977,0.1403701755225022,0.0,0.0,0.0,0.0,0.852530069430359,0.14746993056964103,0.0,0.0,0.0,0.0
Dobell,DOBELL,NSW,Provincial,ON|ALP+GRN+LNP,ON,ALP+GRN+LNP,12936.0,False,0.4973863553484676,0.7006780263805718,0.7006780263805745,LNP,toward pooled evidence,0.7006780263805745,False,False,,0.0,0.201221397649969,0.5999536178107606,0.1988249845392702,0.0,0.0,0.0,0.19484743360325926,0.6069603980745665,0.19819216832217434,0.0,0.0,0.0
Hinkler,HINKLER,QLD,Provincial,ON|ALP+LNP,ON,ALP+LNP,22498.0,False,0.49385098454142856,0.6850165525406016,0.6850165525406071,LNP,toward pooled evidence,0.6850165525406071,False,False,,0.0,0.3027380211574362,0.6972619788425638,0.0,0.0,0.0,0.0,0.29588785563203024,0.7041121443679699,0.0,0.0,0.0,0.0
Solomon,SOLOMON,NT,Inner metro,IND|ALP+LNP,IND,ALP+LNP,12359.0,False,0.4842595328516168,0.684767151741375,0.6847671517413778,LNP,toward pooled evidence,0.6847671517413778,False,False,,0.0,0.6534509264503601,0.3465490735496399,0.0,0.0,0.0,0.0,0.6466032549329463,0.35339674506705365,0.0,0.0,0.0,0.0
Reid,REID,NSW,Inner metro,GRN|ALP+LNP,GRN,ALP+LNP,13895.0,False,0.49623399434240484,0.6769904194748502,0.6769904194748544,ALP,toward pooled evidence,0.6769904194748544,False,False,,0.0,0.8320978769341489,0.167902123065851,0.0,0.0,0.0,0.0,0.8388677811288975,0.16113221887110254,0.0,0.0,0.0,0.0
McPherson,MCPHERSON,QLD,Provincial,IND|ALP+LNP,IND,ALP+LNP,23878.0,False,0.4842595328516168,0.6761329635384894,0.6761329635384894,ALP,toward pooled evidence,0.6761329635384894,False,False,,0.0,0.5950247089370969,0.4049752910629031,0.0,0.0,0.0,0.0,0.6017860385724818,0.3982139614275182,0.0,0.0,0.0,0.0
Macarthur,MACARTHUR,NSW,Outer metro,OTH|ALP+GRN+LNP+ON,OTH,ALP+GRN+LNP+ON,7515.0,False,0.49210290739708495,0.6636708041133255,0.41659065296354436,ON,away from local history,-0.41659065296354436,True,True,6.999441807209983,0.04645325172535477,0.1857618097139055,0.1946773120425815,0.2119760479041916,0.4075848303393213,0.0,0.0,0.18329100820240773,0.1981023483717415,0.21518771961616495,0.4034189238096859,0.0,0.0
Barton,BARTON,NSW,Inner metro,GRN|ALP+LNP,GRN,ALP+LNP,18170.0,False,0.49623399434240484,0.6360082755425323,0.6360082755425323,ALP,toward pooled evidence,0.6360082755425323,False,False,,0.0,0.8329113924050633,0.1670886075949367,0.0,0.0,0.0,0.0,0.8392714751604886,0.1607285248395114,0.0,0.0,0.0,0.0
Berowra,BEROWRA,NSW,Outer metro,GRN|ALP+IND+LNP,GRN,ALP+IND+LNP,14626.0,False,0.4891380938285854,0.6030346442698987,0.6030346442699022,LNP,toward pooled evidence,0.6030346442699022,False,False,,0.0,0.500341856967045,0.0687132503760426,0.0,0.0,0.4309448926569123,0.0,0.4961177072723346,0.07474359681874163,0.0,0.0,0.4291386959089238,0.0
Hindmarsh,HINDMARSH,SA,Inner metro,ON|ALP+GRN+LNP,ON,ALP+GRN+LNP,10814.0,False,0.4973863553484676,0.561089203983052,0.5610892039830562,LNP,toward pooled evidence,0.5610892039830562,False,False,,0.0,0.1756981690401331,0.6304790086924358,0.1938228222674311,0.0,0.0,0.0,0.17354189100626216,0.6360899007322663,0.19036820826147158,0.0,0.0,0.0
Kingston,KINGSTON,SA,Outer metro,ON|ALP+GRN+LNP,ON,ALP+GRN+LNP,11410.0,False,0.4973863553484676,0.5591216611471911,0.5591216611471883,LNP,toward pooled evidence,0.5591216611471883,False,False,,0.0,0.1967572304995617,0.5923751095530236,0.2108676599474145,0.0,0.0,0.0,0.19168848018820223,0.5979663261644956,0.21034519364730214,0.0,0.0,0.0
Banks,BANKS,NSW,Inner metro,GRN|ALP+LNP,GRN,ALP+LNP,15625.0,False,0.49623399434240484,0.5432377990681982,0.5432377990681997,LNP,toward pooled evidence,0.5432377990681997,False,False,,0.0,0.85632,0.14368,0.0,0.0,0.0,0.0,0.850887622009318,0.149112377990682,0.0,0.0,0.0,0.0
Fadden,FADDEN,QLD,Outer metro,GRN|ALP+LNP+ON,GRN,ALP+LNP+ON,13355.0,False,0.4967857809627051,0.5423307542957736,0.5423307542957667,ON,away from local history,-0.5423307542957667,True,True,14.244051454391482,0.07724987169487943,0.6989142643204792,0.147285660801198,0.0,0.1538000748783227,0.0,0.0,0.7014179936877105,0.1502052389769245,0.0,0.14837676733536503,0.0,0.0
Canberra,CANBERRA,ACT,Inner metro,LNP|ALP+GRN,LNP,ALP+GRN,20325.0,False,0.497045392941384,0.536468209411739,0.5364682094117446,ALP,away from local history,-0.5364682094117446,False,False,,0.0,0.7330873308733087,0.0,0.2669126691266912,0.0,0.0,0.0,0.7277226487791914,0.0,0.2722773512208086,0.0,0.0,0.0
Sturt,STURT,SA,Inner metro,GRN|ALP+LNP,GRN,ALP+LNP,23894.0,False,0.49623399434240484,0.5244523491155284,0.524452349115534,LNP,toward pooled evidence,0.524452349115534,False,False,,0.0,0.8559470996902988,0.1440529003097012,0.0,0.0,0.0,0.0,0.8507025761991436,0.14929742380085653,0.0,0.0,0.0,0.0
Hume,HUME,NSW,Outer metro,GRN|ALP+LNP+ON,GRN,ALP+LNP+ON,10419.0,False,0.4967857809627051,0.5023877169582108,0.5023877169582136,LNP,toward pooled evidence,0.5023877169582136,False,False,,0.0,0.7062098090027834,0.1431039447163835,0.0,0.1506862462808331,0.0,0.0,0.7050423165502573,0.14812782188596563,0.0,0.14682986156377714,0.0,0.0
Forde,FORDE,QLD,Outer metro,GRN|ALP+LNP+ON,GRN,ALP+LNP+ON,14860.0,False,0.4967857809627051,0.4730148151461805,0.4730148151461805,ON,away from local history,-0.4730148151461805,True,True,15.449281866481021,0.07307739206214758,0.6969717362045761,0.1506056527590848,0.0,0.1524226110363391,0.0,0.0,0.7004529733406095,0.15185456377451317,0.0,0.1476924628848773,0.0,0.0
Flynn,FLYNN,QLD,Rural,ON|ALP+LNP,ON,ALP+LNP,24902.0,False,0.49385098454142856,0.44131623704234124,0.44131623704234957,ALP,toward pooled evidence,0.44131623704234957,False,False,,0.0,0.2619066741627178,0.7380933258372822,0.0,0.0,0.0,0.0,0.2663198365331413,0.7336801634668588,0.0,0.0,0.0,0.0
Fadden,FADDEN,QLD,Outer metro,ON|ALP+LNP,ON,ALP+LNP,18503.0,False,0.49385098454142856,0.39469286247999225,0.394692862479995,LNP,toward pooled evidence,0.394692862479995,False,False,,0.0,0.2983840458304059,0.7016159541695941,0.0,0.0,0.0,0.0,0.294437117205606,0.705562882794394,0.0,0.0,0.0,0.0
Parramatta,PARRAMATTA,NSW,Inner metro,GRN|ALP+LNP,GRN,ALP+LNP,14588.0,False,0.49623399434240484,0.36022666773840584,0.36022666773840584,ALP,away from local history,-0.36022666773840584,False,False,,0.0,0.8526871401151631,0.1473128598848368,0.0,0.0,0.0,0.0,0.8490848734377792,0.1509151265622209,0.0,0.0,0.0,0.0
Sydney,SYDNEY,NSW,Inner metro,LNP|ALP+GRN,LNP,ALP+GRN,21765.0,False,0.497045392941384,0.29927015700948745,0.2992701570094902,ALP,away from local history,-0.2992701570094902,False,False,,0.0,0.7283712382265104,0.0,0.2716287617734895,0.0,0.0,0.0,0.7253785366564156,0.0,0.2746214633435844,0.0,0.0,0.0
Chisholm,CHISHOLM,VIC,Inner metro,GRN|ALP+LNP,GRN,ALP+LNP,18111.0,False,0.49623399434240484,0.2878597266053218,0.2878597266053218,ALP,away from local history,-0.2878597266053218,True,True,21.109191853871085,0.06076486195914616,0.851250621169455,0.1487493788305449,0.0,0.0,0.0,0.0,0.8483720239034018,0.15162797609659812,0.0,0.0,0.0,0.0
Chifley,CHIFLEY,NSW,Outer metro,GRN|ALP+LNP,GRN,ALP+LNP,13891.0,False,0.49623399434240484,0.24132414763255589,0.24132414763256005,ALP,toward pooled evidence,0.24132414763256005,False,False,,0.0,0.7911597437189547,0.2088402562810452,0.0,0.0,0.0,0.0,0.7935729851952804,0.2064270148047197,0.0,0.0,0.0,0.0
New England,NEW ENGLAND,NSW,Rural,ON|ALP+LNP,ON,ALP+LNP,16924.0,False,0.49385098454142856,0.21255193592041033,0.21255193592041866,ALP,toward pooled evidence,0.21255193592041866,False,False,,0.0,0.2664263767430867,0.7335736232569132,0.0,0.0,0.0,0.0,0.2685518961022909,0.7314481038977092,0.0,0.0,0.0,0.0
Hindmarsh,HINDMARSH,SA,Inner metro,GRN|ALP+LNP,GRN,ALP+LNP,19713.0,False,0.49623399434240484,0.20459433928809723,0.2045943392881,ALP,toward pooled evidence,0.2045943392881,False,False,,0.0,0.8414751686704205,0.1585248313295794,0.0,0.0,0.0,0.0,0.8435211120633016,0.15647888793669848,0.0,0.0,0.0,0.0
Clark,CLARK,TAS,Inner metro,LNP|ALP+IND,LNP,ALP+IND,10640.0,False,0.48741049589258173,0.15758111251830964,0.15758111251831242,IND,away from local history,-0.15758111251831242,False,False,,0.0,0.3404135338345864,0.0,0.0,0.0,0.6595864661654135,0.0,0.3419893449597695,0.0,0.0,0.0,0.6580106550402305,0.0
Cooper,COOPER,VIC,Inner metro,LNP|ALP+GRN,LNP,ALP+GRN,21006.0,False,0.497045392941384,0.15365770632478903,0.15365770632479459,ALP,toward pooled evidence,0.15365770632479459,False,False,,0.0,0.7193658954584404,0.0,0.2806341045415595,0.0,0.0,0.0,0.7209024725216884,0.0,0.2790975274783117,0.0,0.0,0.0
Burt,BURT,WA,Outer metro,ON|ALP+LNP,ON,ALP+LNP,15865.0,False,0.49385098454142856,0.136711956759894,0.136711956759894,ALP,away from local history,-0.136711956759894,False,False,,0.0,0.2932871099905452,0.7067128900094548,0.0,0.0,0.0,0.0,0.29191999042294625,0.7080800095770537,0.0,0.0,0.0,0.0
Mitchell,MITCHELL,NSW,Outer metro,GRN|ALP+LNP,GRN,ALP+LNP,16129.0,False,0.49623399434240484,0.13392915119285753,0.13392915119285753,ALP,toward pooled evidence,0.13392915119285753,False,False,,0.0,0.7932915865831731,0.2067084134168268,0.0,0.0,0.0,0.0,0.7946308780951018,0.20536912190489826,0.0,0.0,0.0,0.0
Oxley,OXLEY,QLD,Outer metro,GRN|ALP+LNP,GRN,ALP+LNP,17399.0,False,0.49623399434240484,0.087623904077333,0.08762390407733855,LNP,toward pooled evidence,0.08762390407733855,False,False,,0.0,0.797689522386344,0.2023104776136559,0.0,0.0,0.0,0.0,0.7968132833455708,0.20318671665442928,0.0,0.0,0.0,0.0
