State,DivisionID,Electorate,EliminatedModelCategory,FinishPosition,CategoryExitCount,AliveModelCategoriesAfter,RecipientModelCategory,ObservedExitShare,PassThroughShare,ShareDelta,AbsoluteShareDelta
ACT,101,Canberra,IND,4,3,ALP>LNP>GRN,ALP,0.40301724137931033,0.40301724137931033,0.0,0.0
ACT,101,Canberra,IND,4,3,ALP>LNP>GRN,GRN,0.3531788793103448,0.3531788793103448,0.0,0.0
ACT,101,Canberra,IND,4,3,ALP>LNP>GRN,LNP,0.24380387931034483,0.24380387931034483,0.0,0.0
ACT,101,Canberra,LNP,3,4,ALP>GRN,ALP,0.7330873308733087,0.7330873308733087,0.0,0.0
ACT,101,Canberra,LNP,3,4,ALP>GRN,GRN,0.26691266912669126,0.26691266912669126,0.0,0.0
ACT,101,Canberra,OTH,5,2,ALP>LNP>GRN>IND,ALP,0.23893805309734514,0.16733870967741934,-0.0715993434199258,0.0715993434199258
ACT,101,Canberra,OTH,5,2,ALP>LNP>GRN>IND,GRN,0.35176991150442477,0.24475806451612903,-0.10701184698829574,0.10701184698829574
ACT,101,Canberra,OTH,5,2,ALP>LNP>GRN>IND,IND,0.31047197640117996,0.38266129032258067,0.07218931392140071,0.07218931392140071
ACT,101,Canberra,OTH,5,2,ALP>LNP>GRN>IND,LNP,0.09882005899705015,0.20524193548387096,0.1064218764868208,0.1064218764868208
ACT,102,Fenner,GRN,3,2,ALP>LNP,ALP,0.8926222222222222,0.8926222222222222,0.0,0.0
ACT,102,Fenner,GRN,3,2,ALP>LNP,LNP,0.10737777777777778,0.10737777777777778,0.0,0.0
ACT,102,Fenner,OTH,4,1,ALP>LNP>GRN,ALP,0.2970643684352276,0.2970643684352276,0.0,0.0
ACT,102,Fenner,OTH,4,1,ALP>LNP>GRN,GRN,0.18623754376514948,0.18623754376514948,0.0,0.0
ACT,102,Fenner,OTH,4,1,ALP>LNP>GRN,LNP,0.5166980877996229,0.5166980877996229,0.0,0.0
ACT,318,Bean,GRN,4,1,ALP>LNP>IND,ALP,0.48180793276621914,0.48180793276621914,0.0,0.0
ACT,318,Bean,GRN,4,1,ALP>LNP>IND,IND,0.4880598544634621,0.4880598544634621,0.0,0.0
ACT,318,Bean,GRN,4,1,ALP>LNP>IND,LNP,0.030132212770318745,0.030132212770318745,0.0,0.0
ACT,318,Bean,LNP,3,2,ALP>IND,ALP,0.20205350807629702,0.20205350807629702,0.0,0.0
ACT,318,Bean,LNP,3,2,ALP>IND,IND,0.797946491923703,0.7979464919237031,1.1102230246251565e-16,1.1102230246251565e-16
NSW,103,Banks,GRN,3,6,ALP>LNP,ALP,0.85632,0.85632,0.0,0.0
NSW,103,Banks,GRN,3,6,ALP>LNP,LNP,0.14368,0.14368,0.0,0.0
NSW,103,Banks,ON,4,5,ALP>LNP>GRN,ALP,0.14044310927525347,0.14044310927525347,0.0,0.0
NSW,103,Banks,ON,4,5,ALP>LNP>GRN,GRN,0.2895230942546001,0.2895230942546001,0.0,0.0
NSW,103,Banks,ON,4,5,ALP>LNP>GRN,LNP,0.5700337964701464,0.5700337964701464,0.0,0.0
NSW,103,Banks,OTH,5,4,ALP>LNP>GRN>ON,ALP,0.0899096017591009,0.14662723239676942,0.05671763063766852,0.05671763063766852
NSW,103,Banks,OTH,5,4,ALP>LNP>GRN>ON,GRN,0.08575616906914243,0.1769992037310886,0.09124303466194617,0.09124303466194617
NSW,103,Banks,OTH,5,4,ALP>LNP>GRN>ON,LNP,0.16711458587832886,0.1846206347400751,0.017506048861746226,0.017506048861746226
NSW,103,Banks,OTH,5,4,ALP>LNP>GRN>ON,ON,0.6572196432934279,0.49175292913206686,-0.165466714161361,0.165466714161361
NSW,104,Barton,GRN,3,4,ALP>LNP,ALP,0.8329113924050633,0.8329113924050633,0.0,0.0
NSW,104,Barton,GRN,3,4,ALP>LNP,LNP,0.1670886075949367,0.1670886075949367,0.0,0.0
NSW,104,Barton,ON,4,3,ALP>LNP>GRN,ALP,0.2889542209155817,0.2889542209155817,0.0,0.0
NSW,104,Barton,ON,4,3,ALP>LNP>GRN,GRN,0.14027719445611087,0.14027719445611087,0.0,0.0
NSW,104,Barton,ON,4,3,ALP>LNP>GRN,LNP,0.5707685846283075,0.5707685846283075,0.0,0.0
NSW,104,Barton,OTH,5,2,ALP>LNP>GRN>ON,ALP,0.13080771979985703,0.13645790128577354,0.005650181485916506,0.005650181485916506
NSW,104,Barton,OTH,5,2,ALP>LNP>GRN>ON,GRN,0.16988324994043363,0.13120420295866167,-0.038679046981771964,0.038679046981771964
NSW,104,Barton,OTH,5,2,ALP>LNP>GRN>ON,LNP,0.2194424588992137,0.18609152495506706,-0.03335093394414665,0.03335093394414665
NSW,104,Barton,OTH,5,2,ALP>LNP>GRN>ON,ON,0.4798665713604956,0.5462463708004978,0.06637979944000216,0.06637979944000216
NSW,105,Bennelong,GRN,3,6,ALP>LNP,ALP,0.8772365156066344,0.8772365156066344,0.0,0.0
NSW,105,Bennelong,GRN,3,6,ALP>LNP,LNP,0.12276348439336555,0.12276348439336555,0.0,0.0
NSW,105,Bennelong,ON,4,5,ALP>LNP>GRN,ALP,0.13506052240390742,0.13506052240390742,0.0,0.0
NSW,105,Bennelong,ON,4,5,ALP>LNP>GRN,GRN,0.21087279677213847,0.21087279677213844,-2.7755575615628914e-17,2.7755575615628914e-17
NSW,105,Bennelong,ON,4,5,ALP>LNP>GRN,LNP,0.6540666808239541,0.6540666808239541,0.0,0.0
NSW,105,Bennelong,OTH,5,4,ALP>LNP>GRN>ON,ALP,0.16578947368421051,0.19963552021206096,0.03384604652785045,0.03384604652785045
NSW,105,Bennelong,OTH,5,4,ALP>LNP>GRN>ON,GRN,0.16390977443609023,0.23028495692511597,0.06637518248902574,0.06637518248902574
NSW,105,Bennelong,OTH,5,4,ALP>LNP>GRN>ON,LNP,0.21842105263157896,0.20974155069582506,-0.008679501935753897,0.008679501935753897
NSW,105,Bennelong,OTH,5,4,ALP>LNP>GRN>ON,ON,0.4518796992481203,0.36033797216699803,-0.09154172708112229,0.09154172708112229
NSW,106,Berowra,GRN,4,5,ALP>LNP>IND,ALP,0.500341856967045,0.500341856967045,0.0,0.0
NSW,106,Berowra,GRN,4,5,ALP>LNP>IND,IND,0.4309448926569123,0.43094489265691227,-5.551115123125783e-17,5.551115123125783e-17
NSW,106,Berowra,GRN,4,5,ALP>LNP>IND,LNP,0.06871325037604266,0.06871325037604266,0.0,0.0
NSW,106,Berowra,IND,3,6,ALP>LNP,ALP,0.7362979683972912,0.7362979683972912,0.0,0.0
NSW,106,Berowra,IND,3,6,ALP>LNP,LNP,0.26370203160270883,0.26370203160270883,0.0,0.0
NSW,106,Berowra,ON,5,4,ALP>LNP>GRN>IND,ALP,0.08800806180718844,0.08800806180718844,0.0,0.0
NSW,106,Berowra,ON,5,4,ALP>LNP>GRN>IND,GRN,0.0564326503191132,0.0564326503191132,0.0,0.0
NSW,106,Berowra,ON,5,4,ALP>LNP>GRN>IND,IND,0.22976150487067518,0.22976150487067515,-2.7755575615628914e-17,2.7755575615628914e-17
NSW,106,Berowra,ON,5,4,ALP>LNP>GRN>IND,LNP,0.6257977830030231,0.6257977830030231,0.0,0.0
NSW,106,Berowra,OTH,6,3,ALP>LNP>GRN>ON>IND,ALP,0.05254016500217108,0.11600619880451628,0.0634660338023452,0.0634660338023452
NSW,106,Berowra,OTH,6,3,ALP>LNP>GRN>ON>IND,GRN,0.052105948762483714,0.11268541067079921,0.06057946190831549,0.06057946190831549
NSW,106,Berowra,OTH,6,3,ALP>LNP>GRN>ON>IND,IND,0.15023881893182806,0.2975426167810494,0.14730379784922132,0.14730379784922132
NSW,106,Berowra,OTH,6,3,ALP>LNP>GRN>ON>IND,LNP,0.2718193660442901,0.1972548151427939,-0.07456455090149619,0.07456455090149619
NSW,106,Berowra,OTH,6,3,ALP>LNP>GRN>ON>IND,ON,0.4732957012592271,0.27651095860084124,-0.19678474265838586,0.19678474265838586
NSW,107,Blaxland,GRN,4,4,ALP>LNP>IND,ALP,0.4820458460315357,0.4820458460315357,0.0,0.0
NSW,107,Blaxland,GRN,4,4,ALP>LNP>IND,IND,0.4400424009540215,0.4400424009540215,0.0,0.0
NSW,107,Blaxland,GRN,4,4,ALP>LNP>IND,LNP,0.07791175301444282,0.07791175301444282,0.0,0.0
NSW,107,Blaxland,IND,3,5,ALP>LNP,ALP,0.840834561095005,0.840834561095005,0.0,0.0
NSW,107,Blaxland,IND,3,5,ALP>LNP,LNP,0.15916543890499502,0.15916543890499502,0.0,0.0
NSW,107,Blaxland,ON,5,3,ALP>LNP>GRN>IND,ALP,0.14626865671641792,0.14626865671641792,0.0,0.0
NSW,107,Blaxland,ON,5,3,ALP>LNP>GRN>IND,GRN,0.08294243070362474,0.08294243070362474,0.0,0.0
NSW,107,Blaxland,ON,5,3,ALP>LNP>GRN>IND,IND,0.18933901918976545,0.18933901918976542,-2.7755575615628914e-17,2.7755575615628914e-17
NSW,107,Blaxland,ON,5,3,ALP>LNP>GRN>IND,LNP,0.5814498933901919,0.5814498933901919,0.0,0.0
NSW,107,Blaxland,OTH,6,2,ALP>LNP>GRN>ON>IND,ALP,0.10944595821980019,0.12624309392265193,0.01679713570285174,0.01679713570285174
NSW,107,Blaxland,OTH,6,2,ALP>LNP>GRN>ON>IND,GRN,0.062216167120799276,0.08397790055248619,0.021761733431686914,0.021761733431686914
NSW,107,Blaxland,OTH,6,2,ALP>LNP>GRN>ON>IND,IND,0.11035422343324251,0.1464088397790055,0.036054616345763,0.036054616345763
NSW,107,Blaxland,OTH,6,2,ALP>LNP>GRN>ON>IND,LNP,0.1784741144414169,0.20027624309392264,0.021802128652505748,0.021802128652505748
NSW,107,Blaxland,OTH,6,2,ALP>LNP>GRN>ON>IND,ON,0.5395095367847411,0.4430939226519337,-0.09641561413280741,0.09641561413280741
NSW,108,Bradfield,ALP,3,6,LNP>IND,IND,0.6772073069471354,0.6772073069471354,0.0,0.0
NSW,108,Bradfield,ALP,3,6,LNP>IND,LNP,0.3227926930528647,0.3227926930528647,0.0,0.0
NSW,108,Bradfield,GRN,4,5,ALP>LNP>IND,ALP,0.46295219262533444,0.46295219262533444,0.0,0.0
NSW,108,Bradfield,GRN,4,5,ALP>LNP>IND,IND,0.4685355356519716,0.4685355356519716,0.0,0.0
NSW,108,Bradfield,GRN,4,5,ALP>LNP>IND,LNP,0.06851227172269396,0.06851227172269396,0.0,0.0
NSW,108,Bradfield,ON,6,3,ALP>LNP>GRN>IND>OTH,ALP,0.06183953033268102,0.06183953033268101,-6.938893903907228e-18,6.938893903907228e-18
NSW,108,Bradfield,ON,6,3,ALP>LNP>GRN>IND>OTH,GRN,0.0426614481409002,0.042661448140900206,6.938893903907228e-18,6.938893903907228e-18
NSW,108,Bradfield,ON,6,3,ALP>LNP>GRN>IND>OTH,IND,0.11859099804305284,0.11859099804305284,0.0,0.0
NSW,108,Bradfield,ON,6,3,ALP>LNP>GRN>IND>OTH,LNP,0.5996086105675147,0.5996086105675147,0.0,0.0
NSW,108,Bradfield,ON,6,3,ALP>LNP>GRN>IND>OTH,OTH,0.17729941291585127,0.17729941291585125,-2.7755575615628914e-17,2.7755575615628914e-17
NSW,108,Bradfield,OTH,5,4,ALP>LNP>GRN>IND,ALP,0.3385185185185185,0.27126638826162724,-0.06725213025689125,0.06725213025689125
NSW,108,Bradfield,OTH,5,4,ALP>LNP>GRN>IND,GRN,0.11314814814814815,0.13074077848102017,0.01759263033287202,0.01759263033287202
NSW,108,Bradfield,OTH,5,4,ALP>LNP>GRN>IND,IND,0.2922222222222222,0.26614482773108444,-0.026077394491137773,0.026077394491137773
NSW,108,Bradfield,OTH,5,4,ALP>LNP>GRN>IND,LNP,0.2561111111111111,0.3318480055262682,0.07573689441515707,0.07573689441515707
NSW,109,Calare,ALP,3,7,LNP>IND,IND,0.8529120022672524,0.8529120022672524,0.0,0.0
NSW,109,Calare,ALP,3,7,LNP>IND,LNP,0.14708799773274764,0.14708799773274764,0.0,0.0
NSW,109,Calare,GRN,6,4,ALP>LNP>ON>IND>OTH,ALP,0.27763627101375443,0.27763627101375443,0.0,0.0
NSW,109,Calare,GRN,6,4,ALP>LNP>ON>IND>OTH,IND,0.4431991849210392,0.4431991849210392,0.0,0.0
NSW,109,Calare,GRN,6,4,ALP>LNP>ON>IND>OTH,LNP,0.03769740193581253,0.03769740193581253,0.0,0.0
NSW,109,Calare,GRN,6,4,ALP>LNP>ON>IND>OTH,ON,0.03107488537952114,0.03107488537952114,0.0,0.0
NSW,109,Calare,GRN,6,4,ALP>LNP>ON>IND>OTH,OTH,0.21039225674987264,0.21039225674987264,0.0,0.0
NSW,109,Calare,ON,4,6,ALP>LNP>IND,ALP,0.06026956005764177,0.06026956005764177,0.0,0.0
NSW,109,Calare,ON,4,6,ALP>LNP>IND,IND,0.5139442231075697,0.5139442231075697,0.0,0.0
NSW,109,Calare,ON,4,6,ALP>LNP>IND,LNP,0.4257862168347885,0.4257862168347885,0.0,0.0
NSW,109,Calare,OTH,5,5,ALP>LNP>ON>IND,ALP,0.16187489109600975,0.11798974745771086,-0.04388514363829889,0.04388514363829889
NSW,109,Calare,OTH,5,5,ALP>LNP>ON>IND,IND,0.46454086077713885,0.38669865282303,-0.07784220795410884,0.07784220795410884
NSW,109,Calare,OTH,5,5,ALP>LNP>ON>IND,LNP,0.1134343962362781,0.15848540661981972,0.04505101038354162,0.04505101038354162
NSW,109,Calare,OTH,5,5,ALP>LNP>ON>IND,ON,0.26014985189057327,0.33682619309943934,0.07667634120886607,0.07667634120886607
NSW,111,Chifley,GRN,3,6,ALP>LNP,ALP,0.7911597437189547,0.7911597437189547,0.0,0.0
NSW,111,Chifley,GRN,3,6,ALP>LNP,LNP,0.20884025628104527,0.20884025628104527,0.0,0.0
NSW,111,Chifley,ON,4,5,ALP>LNP>GRN,ALP,0.22302334107295613,0.22302334107295613,0.0,0.0
NSW,111,Chifley,ON,4,5,ALP>LNP>GRN,GRN,0.21129170230966637,0.21129170230966635,-2.7755575615628914e-17,2.7755575615628914e-17
NSW,111,Chifley,ON,4,5,ALP>LNP>GRN,LNP,0.5656849566173775,0.5656849566173775,0.0,0.0
NSW,111,Chifley,OTH,5,4,ALP>LNP>GRN>ON,ALP,0.23223596007746164,0.23890816996529407,0.006672209887832431,0.006672209887832431
NSW,111,Chifley,OTH,5,4,ALP>LNP>GRN>ON,GRN,0.39862952480262176,0.3224838195291248,-0.07614570527349696,0.07614570527349696
NSW,111,Chifley,OTH,5,4,ALP>LNP>GRN>ON,LNP,0.17160732906301207,0.17174749085451646,0.00014016179150438957,0.00014016179150438957
NSW,111,Chifley,OTH,5,4,ALP>LNP>GRN>ON,ON,0.1975271860569045,0.2668605196510646,0.06933333359416011,0.06933333359416011
NSW,112,Cook,GRN,3,4,ALP>LNP,ALP,0.8167343364381817,0.8167343364381817,0.0,0.0
NSW,112,Cook,GRN,3,4,ALP>LNP,LNP,0.18326566356181834,0.18326566356181834,0.0,0.0
NSW,112,Cook,ON,4,3,ALP>LNP>GRN,ALP,0.12640299305184394,0.12640299305184394,0.0,0.0
NSW,112,Cook,ON,4,3,ALP>LNP>GRN,GRN,0.1712987707108498,0.1712987707108498,0.0,0.0
NSW,112,Cook,ON,4,3,ALP>LNP>GRN,LNP,0.7022982362373063,0.7022982362373063,0.0,0.0
NSW,112,Cook,OTH,5,2,ALP>LNP>GRN>ON,ALP,0.1359147609147609,0.12980475899938987,-0.006110001915371033,0.006110001915371033
NSW,112,Cook,OTH,5,2,ALP>LNP>GRN>ON,GRN,0.12370062370062371,0.10738255033557047,-0.01631807336505324,0.01631807336505324
NSW,112,Cook,OTH,5,2,ALP>LNP>GRN>ON,LNP,0.33497920997921,0.32870652837095793,-0.006272681608252062,0.006272681608252062
NSW,112,Cook,OTH,5,2,ALP>LNP>GRN>ON,ON,0.40540540540540543,0.4341061622940818,0.02870075688867635,0.02870075688867635
NSW,113,Cowper,ALP,3,9,LNP>IND,IND,0.6456468673718471,0.6456468673718471,0.0,0.0
NSW,113,Cowper,ALP,3,9,LNP>IND,LNP,0.354353132628153,0.354353132628153,0.0,0.0
NSW,113,Cowper,GRN,6,6,ALP>LNP>ON>IND>OTH,ALP,0.22934095082636197,0.22934095082636197,0.0,0.0
NSW,113,Cowper,GRN,6,6,ALP>LNP>ON>IND>OTH,IND,0.5258110589675576,0.5258110589675576,0.0,0.0
NSW,113,Cowper,GRN,6,6,ALP>LNP>ON>IND>OTH,LNP,0.05264231789430728,0.05264231789430728,0.0,0.0
NSW,113,Cowper,GRN,6,6,ALP>LNP>ON>IND>OTH,ON,0.03101407875943685,0.03101407875943685,0.0,0.0
NSW,113,Cowper,GRN,6,6,ALP>LNP>ON>IND>OTH,OTH,0.16119159355233625,0.16119159355233625,0.0,0.0
NSW,113,Cowper,ON,4,8,ALP>LNP>IND,ALP,0.10276160060116475,0.10276160060116475,0.0,0.0
NSW,113,Cowper,ON,4,8,ALP>LNP>IND,IND,0.26657899680631225,0.26657899680631225,0.0,0.0
NSW,113,Cowper,ON,4,8,ALP>LNP>IND,LNP,0.6306594025925231,0.6306594025925231,0.0,0.0
NSW,113,Cowper,OTH,5,7,ALP>LNP>ON>IND,ALP,0.2700610391543844,0.19323457163388036,-0.07682646752050404,0.07682646752050404
NSW,113,Cowper,OTH,5,7,ALP>LNP>ON>IND,IND,0.32097662647015035,0.26285552255905453,-0.05812110391109582,0.05812110391109582
NSW,113,Cowper,OTH,5,7,ALP>LNP>ON>IND,LNP,0.21929432782492184,0.22948093910741324,0.010186611282491403,0.010186611282491403
NSW,113,Cowper,OTH,5,7,ALP>LNP>ON>IND,ON,0.1896680065505434,0.31442896669965187,0.12476096014910848,0.12476096014910848
NSW,114,Cunningham,GRN,3,4,ALP>LNP,ALP,0.8520972909991261,0.8520972909991261,0.0,0.0
NSW,114,Cunningham,GRN,3,4,ALP>LNP,LNP,0.14790270900087388,0.14790270900087388,0.0,0.0
NSW,114,Cunningham,ON,4,3,ALP>LNP>GRN,ALP,0.19990089197224975,0.19990089197224975,0.0,0.0
NSW,114,Cunningham,ON,4,3,ALP>LNP>GRN,GRN,0.20089197224975222,0.20089197224975222,0.0,0.0
NSW,114,Cunningham,ON,4,3,ALP>LNP>GRN,LNP,0.599207135777998,0.599207135777998,0.0,0.0
NSW,114,Cunningham,OTH,5,2,ALP>LNP>GRN>ON,ALP,0.18421824581988852,0.20063761955366632,0.016419373733777803,0.016419373733777803
NSW,114,Cunningham,OTH,5,2,ALP>LNP>GRN>ON,GRN,0.4878263420357876,0.393836344314559,-0.09398999772122862,0.09398999772122862
NSW,114,Cunningham,OTH,5,2,ALP>LNP>GRN>ON,LNP,0.10208272220592549,0.12391073326248672,0.021828011056561236,0.021828011056561236
NSW,114,Cunningham,OTH,5,2,ALP>LNP>GRN>ON,ON,0.22587268993839835,0.281615302869288,0.05574261293088964,0.05574261293088964
NSW,115,Dobell,GRN,3,6,ALP>LNP,ALP,0.7429036907074378,0.7429036907074378,0.0,0.0
NSW,115,Dobell,GRN,3,6,ALP>LNP,LNP,0.25709630929256216,0.25709630929256216,0.0,0.0
NSW,115,Dobell,ON,4,5,ALP>LNP>GRN,ALP,0.20122139764996907,0.20122139764996907,0.0,0.0
NSW,115,Dobell,ON,4,5,ALP>LNP>GRN,GRN,0.19882498453927025,0.19882498453927025,0.0,0.0
NSW,115,Dobell,ON,4,5,ALP>LNP>GRN,LNP,0.5999536178107606,0.5999536178107606,0.0,0.0
NSW,115,Dobell,OTH,5,4,ALP>LNP>GRN>ON,ALP,0.30253042921204354,0.25552963135790946,-0.04700079785413408,0.04700079785413408
NSW,115,Dobell,OTH,5,4,ALP>LNP>GRN>ON,GRN,0.29980781550288277,0.25571628558096127,-0.0440915299219215,0.0440915299219215
NSW,115,Dobell,OTH,5,4,ALP>LNP>GRN>ON,LNP,0.10682254964766176,0.1251516565562296,0.01832910690856783,0.01832910690856783
NSW,115,Dobell,OTH,5,4,ALP>LNP>GRN>ON,ON,0.2908392056374119,0.36360242650489966,0.07276322086748777,0.07276322086748777
NSW,117,Eden-Monaro,GRN,3,6,ALP>LNP,ALP,0.8537079953650057,0.8537079953650059,1.1102230246251565e-16,1.1102230246251565e-16
NSW,117,Eden-Monaro,GRN,3,6,ALP>LNP,LNP,0.1462920046349942,0.1462920046349942,0.0,0.0
NSW,117,Eden-Monaro,ON,4,5,ALP>LNP>GRN,ALP,0.1667114815810702,0.1667114815810702,0.0,0.0
NSW,117,Eden-Monaro,ON,4,5,ALP>LNP>GRN,GRN,0.15927220579008694,0.15927220579008694,0.0,0.0
NSW,117,Eden-Monaro,ON,4,5,ALP>LNP>GRN,LNP,0.6740163126288429,0.6740163126288429,0.0,0.0
NSW,117,Eden-Monaro,OTH,5,4,ALP>LNP>GRN>ON,ALP,0.17232859789993824,0.17697277341947393,0.004644175519535693,0.004644175519535693
NSW,117,Eden-Monaro,OTH,5,4,ALP>LNP>GRN>ON,GRN,0.15729874408070826,0.1490539916935856,-0.008244752387122661,0.008244752387122661
NSW,117,Eden-Monaro,OTH,5,4,ALP>LNP>GRN>ON,LNP,0.26333127444924853,0.24642362713428703,-0.0169076473149615,0.0169076473149615
NSW,117,Eden-Monaro,OTH,5,4,ALP>LNP>GRN>ON,ON,0.407041383570105,0.4275496077526534,0.020508224182548385,0.020508224182548385
NSW,118,Farrer,ALP,3,7,LNP>IND,IND,0.7385750636132316,0.7385750636132316,0.0,0.0
NSW,118,Farrer,ALP,3,7,LNP>IND,LNP,0.26142493638676845,0.26142493638676845,0.0,0.0
NSW,118,Farrer,GRN,5,5,ALP>LNP>ON>IND,ALP,0.4003131524008351,0.4003131524008351,0.0,0.0
NSW,118,Farrer,GRN,5,5,ALP>LNP>ON>IND,IND,0.42466945024356295,0.42466945024356295,0.0,0.0
NSW,118,Farrer,GRN,5,5,ALP>LNP>ON>IND,LNP,0.09116214335421016,0.09116214335421016,0.0,0.0
NSW,118,Farrer,GRN,5,5,ALP>LNP>ON>IND,ON,0.0838552540013918,0.0838552540013918,0.0,0.0
NSW,118,Farrer,ON,4,6,ALP>LNP>IND,ALP,0.08051864895149671,0.08051864895149671,0.0,0.0
NSW,118,Farrer,ON,4,6,ALP>LNP>IND,IND,0.4683848247158636,0.4683848247158636,0.0,0.0
NSW,118,Farrer,ON,4,6,ALP>LNP>IND,LNP,0.4510965263326397,0.45109652633263964,-5.551115123125783e-17,5.551115123125783e-17
NSW,118,Farrer,OTH,6,4,ALP>LNP>GRN>ON>IND,ALP,0.08720112517580872,0.07678883071553229,-0.01041229446027643,0.01041229446027643
NSW,118,Farrer,OTH,6,4,ALP>LNP>GRN>ON>IND,GRN,0.07554751858549327,0.06428155904595695,-0.011265959539536324,0.011265959539536324
NSW,118,Farrer,OTH,6,4,ALP>LNP>GRN>ON>IND,IND,0.20675105485232068,0.1719992243552453,-0.034751830497075364,0.034751830497075364
NSW,118,Farrer,OTH,6,4,ALP>LNP>GRN>ON>IND,LNP,0.1908780389793048,0.18188869497770022,-0.008989344001604588,0.008989344001604588
NSW,118,Farrer,OTH,6,4,ALP>LNP>GRN>ON>IND,ON,0.43962226240707253,0.5050416909055653,0.06541942849849275,0.06541942849849275
NSW,119,Fowler,GRN,4,4,ALP>LNP>IND,ALP,0.5015339469120982,0.5015339469120982,0.0,0.0
NSW,119,Fowler,GRN,4,4,ALP>LNP>IND,IND,0.4128317993864212,0.4128317993864212,0.0,0.0
NSW,119,Fowler,GRN,4,4,ALP>LNP>IND,LNP,0.08563425370148059,0.08563425370148059,0.0,0.0
NSW,119,Fowler,LNP,3,5,ALP>IND,ALP,0.304705710955711,0.304705710955711,0.0,0.0
NSW,119,Fowler,LNP,3,5,ALP>IND,IND,0.695294289044289,0.695294289044289,0.0,0.0
NSW,119,Fowler,ON,6,2,ALP>LNP>GRN>IND>OTH,ALP,0.12152087475149105,0.12152087475149105,0.0,0.0
NSW,119,Fowler,ON,6,2,ALP>LNP>GRN>IND>OTH,GRN,0.10064612326043737,0.10064612326043737,0.0,0.0
NSW,119,Fowler,ON,6,2,ALP>LNP>GRN>IND>OTH,IND,0.28951292246520877,0.28951292246520877,0.0,0.0
NSW,119,Fowler,ON,6,2,ALP>LNP>GRN>IND>OTH,LNP,0.2224155069582505,0.2224155069582505,0.0,0.0
NSW,119,Fowler,ON,6,2,ALP>LNP>GRN>IND>OTH,OTH,0.2659045725646123,0.2659045725646123,0.0,0.0
NSW,119,Fowler,OTH,5,3,ALP>LNP>GRN>IND,ALP,0.09823772028496439,0.10452171226887207,0.00628399198390768,0.00628399198390768
NSW,119,Fowler,OTH,5,3,ALP>LNP>GRN>IND,GRN,0.12635920509936258,0.12869263469217235,0.0023334295928097715,0.0023334295928097715
NSW,119,Fowler,OTH,5,3,ALP>LNP>GRN>IND,IND,0.6621672290963629,0.6344970077460952,-0.027670221350267754,0.027670221350267754
NSW,119,Fowler,OTH,5,3,ALP>LNP>GRN>IND,LNP,0.11323584551931008,0.13228864529286033,0.019052799773550247,0.019052799773550247
NSW,120,Gilmore,GRN,4,5,ALP>LNP>IND,ALP,0.48384766229745074,0.48384766229745074,0.0,0.0
NSW,120,Gilmore,GRN,4,5,ALP>LNP>IND,IND,0.44916916090411807,0.44916916090411807,0.0,0.0
NSW,120,Gilmore,GRN,4,5,ALP>LNP>IND,LNP,0.06698317679843122,0.06698317679843122,0.0,0.0
NSW,120,Gilmore,IND,3,6,ALP>LNP,ALP,0.6990806223479491,0.6990806223479491,0.0,0.0
NSW,120,Gilmore,IND,3,6,ALP>LNP,LNP,0.3009193776520509,0.3009193776520509,0.0,0.0
NSW,120,Gilmore,ON,5,4,ALP>LNP>GRN>IND,ALP,0.10617782262585491,0.10617782262585491,0.0,0.0
NSW,120,Gilmore,ON,5,4,ALP>LNP>GRN>IND,GRN,0.06637515416526517,0.06637515416526517,0.0,0.0
NSW,120,Gilmore,ON,5,4,ALP>LNP>GRN>IND,IND,0.3199910303845723,0.3199910303845723,0.0,0.0
NSW,120,Gilmore,ON,5,4,ALP>LNP>GRN>IND,LNP,0.5074559928243076,0.5074559928243076,0.0,0.0
NSW,120,Gilmore,OTH,6,3,ALP>LNP>GRN>ON>IND,ALP,0.21912966644576984,0.1608554160855416,-0.058274250360228236,0.058274250360228236
NSW,120,Gilmore,OTH,6,3,ALP>LNP>GRN>ON>IND,GRN,0.2078639275458361,0.13540213854021385,-0.07246178900562225,0.07246178900562225
NSW,120,Gilmore,OTH,6,3,ALP>LNP>GRN>ON>IND,IND,0.17229953611663354,0.16166899116689912,-0.010630544949734422,0.010630544949734422
NSW,120,Gilmore,OTH,6,3,ALP>LNP>GRN>ON>IND,LNP,0.1265738899933731,0.15132496513249652,0.02475107513912342,0.02475107513912342
NSW,120,Gilmore,OTH,6,3,ALP>LNP>GRN>ON>IND,ON,0.2741329798983875,0.3907484890748489,0.11661550917646141,0.11661550917646141
NSW,121,Grayndler,LNP,3,4,ALP>GRN,ALP,0.6518577153317172,0.6518577153317172,0.0,0.0
NSW,121,Grayndler,LNP,3,4,ALP>GRN,GRN,0.3481422846682828,0.3481422846682828,0.0,0.0
NSW,121,Grayndler,ON,4,3,ALP>LNP>GRN,ALP,0.12593984962406016,0.12593984962406016,0.0,0.0
NSW,121,Grayndler,ON,4,3,ALP>LNP>GRN,GRN,0.13659147869674185,0.13659147869674185,0.0,0.0
NSW,121,Grayndler,ON,4,3,ALP>LNP>GRN,LNP,0.7374686716791979,0.7374686716791979,0.0,0.0
NSW,121,Grayndler,OTH,5,2,ALP>LNP>GRN>ON,ALP,0.2954383464005702,0.23166472642607683,-0.06377361997449338,0.06377361997449338
NSW,121,Grayndler,OTH,5,2,ALP>LNP>GRN>ON,GRN,0.3781183178902352,0.27986030267753204,-0.09825801521270316,0.09825801521270316
NSW,121,Grayndler,OTH,5,2,ALP>LNP>GRN>ON,LNP,0.15324305060584462,0.18975552968568102,0.0365124790798364,0.0365124790798364
NSW,121,Grayndler,OTH,5,2,ALP>LNP>GRN>ON,ON,0.17320028510334998,0.29871944121071015,0.12551915610736017,0.12551915610736017
NSW,122,Greenway,GRN,3,5,ALP>LNP,ALP,0.7577315906006714,0.7577315906006714,0.0,0.0
NSW,122,Greenway,GRN,3,5,ALP>LNP,LNP,0.24226840939932862,0.24226840939932862,0.0,0.0
NSW,122,Greenway,ON,4,4,ALP>LNP>GRN,ALP,0.24773175542406312,0.24773175542406312,0.0,0.0
NSW,122,Greenway,ON,4,4,ALP>LNP>GRN,GRN,0.1876397107166338,0.1876397107166338,0.0,0.0
NSW,122,Greenway,ON,4,4,ALP>LNP>GRN,LNP,0.5646285338593031,0.5646285338593031,0.0,0.0
NSW,122,Greenway,OTH,5,3,ALP>LNP>GRN>ON,ALP,0.20051858254105445,0.1745895788722341,-0.02592900366882034,0.02592900366882034
NSW,122,Greenway,OTH,5,3,ALP>LNP>GRN>ON,GRN,0.36876980697205414,0.22212705210563882,-0.14664275486641531,0.14664275486641531
NSW,122,Greenway,OTH,5,3,ALP>LNP>GRN>ON,LNP,0.16882742725439354,0.18857958600999286,0.019752158755599325,0.019752158755599325
NSW,122,Greenway,OTH,5,3,ALP>LNP>GRN>ON,ON,0.26188418323249785,0.4147037830121342,0.15281959977963633,0.15281959977963633
NSW,124,Hughes,GRN,3,6,ALP>LNP,ALP,0.8251743172574085,0.8251743172574085,0.0,0.0
NSW,124,Hughes,GRN,3,6,ALP>LNP,LNP,0.17482568274259153,0.17482568274259153,0.0,0.0
NSW,124,Hughes,ON,4,5,ALP>LNP>GRN,ALP,0.14968368730230455,0.14968368730230455,0.0,0.0
NSW,124,Hughes,ON,4,5,ALP>LNP>GRN,GRN,0.16719385449615906,0.16719385449615906,0.0,0.0
NSW,124,Hughes,ON,4,5,ALP>LNP>GRN,LNP,0.6831224582015364,0.6831224582015364,0.0,0.0
NSW,124,Hughes,OTH,5,4,ALP>LNP>GRN>ON,ALP,0.12248490945674044,0.14819166993080038,0.02570676047405994,0.02570676047405994
NSW,124,Hughes,OTH,5,4,ALP>LNP>GRN>ON,GRN,0.14612676056338028,0.13931322626974801,-0.006813534293632267,0.006813534293632267
NSW,124,Hughes,OTH,5,4,ALP>LNP>GRN>ON,LNP,0.23314889336016095,0.24259041650345997,0.009441523143299019,0.009441523143299019
NSW,124,Hughes,OTH,5,4,ALP>LNP>GRN>ON,ON,0.4982394366197183,0.46990468729599166,-0.02833474932372665,0.02833474932372665
NSW,125,Hume,GRN,4,5,ALP>LNP>ON,ALP,0.7062098090027834,0.7062098090027834,0.0,0.0
NSW,125,Hume,GRN,4,5,ALP>LNP>ON,LNP,0.14310394471638352,0.14310394471638352,0.0,0.0
NSW,125,Hume,GRN,4,5,ALP>LNP>ON,ON,0.1506862462808331,0.1506862462808331,0.0,0.0
NSW,125,Hume,ON,3,6,ALP>LNP,ALP,0.32065067548938514,0.3206506754893851,-5.551115123125783e-17,5.551115123125783e-17
NSW,125,Hume,ON,3,6,ALP>LNP,LNP,0.6793493245106148,0.6793493245106148,0.0,0.0
NSW,125,Hume,OTH,5,4,ALP>LNP>GRN>ON,ALP,0.3357079252003562,0.213401310997815,-0.12230661420254119,0.12230661420254119
NSW,125,Hume,OTH,5,4,ALP>LNP>GRN>ON,GRN,0.2176313446126447,0.15893825362142916,-0.05869309099121553,0.05869309099121553
NSW,125,Hume,OTH,5,4,ALP>LNP>GRN>ON,LNP,0.18967052537845058,0.2253783280731569,0.03570780269470633,0.03570780269470633
NSW,125,Hume,OTH,5,4,ALP>LNP>GRN>ON,ON,0.2569902048085485,0.40228210730759895,0.14529190249905044,0.14529190249905044
NSW,126,Hunter,GRN,4,6,ALP>LNP>ON,ALP,0.7469813890149796,0.7469813890149796,0.0,0.0
NSW,126,Hunter,GRN,4,6,ALP>LNP>ON,LNP,0.14235133908306855,0.14235133908306855,0.0,0.0
NSW,126,Hunter,GRN,4,6,ALP>LNP>ON,ON,0.11066727190195189,0.11066727190195189,0.0,0.0
NSW,126,Hunter,LNP,3,7,ALP>ON,ALP,0.1991958182549256,0.1991958182549256,0.0,0.0
NSW,126,Hunter,LNP,3,7,ALP>ON,ON,0.8008041817450744,0.8008041817450744,0.0,0.0
NSW,126,Hunter,OTH,5,5,ALP>LNP>GRN>ON,ALP,0.27243629201034103,0.25219657032054776,-0.020239721689793266,0.020239721689793266
NSW,126,Hunter,OTH,5,5,ALP>LNP>GRN>ON,GRN,0.21851532684968608,0.16536387323516935,-0.05315145361451673,0.05315145361451673
NSW,126,Hunter,OTH,5,5,ALP>LNP>GRN>ON,LNP,0.18810784193032132,0.18251227049627342,-0.005595571434047902,0.005595571434047902
NSW,126,Hunter,OTH,5,5,ALP>LNP>GRN>ON,ON,0.3209405392096516,0.39992728594800947,0.07898674673835787,0.07898674673835787
NSW,127,Kingsford Smith,GRN,3,3,ALP>LNP,ALP,0.8709160794362588,0.8709160794362589,1.1102230246251565e-16,1.1102230246251565e-16
NSW,127,Kingsford Smith,GRN,3,3,ALP>LNP,LNP,0.12908392056374118,0.12908392056374118,0.0,0.0
NSW,127,Kingsford Smith,ON,4,2,ALP>LNP>GRN,ALP,0.256832298136646,0.256832298136646,0.0,0.0
NSW,127,Kingsford Smith,ON,4,2,ALP>LNP>GRN,GRN,0.12763975155279503,0.12763975155279503,0.0,0.0
NSW,127,Kingsford Smith,ON,4,2,ALP>LNP>GRN,LNP,0.615527950310559,0.615527950310559,0.0,0.0
NSW,127,Kingsford Smith,OTH,5,1,ALP>LNP>GRN>ON,ALP,0.28366601068315994,0.28366601068315994,0.0,0.0
NSW,127,Kingsford Smith,OTH,5,1,ALP>LNP>GRN>ON,GRN,0.37897104301377565,0.37897104301377565,0.0,0.0
NSW,127,Kingsford Smith,OTH,5,1,ALP>LNP>GRN>ON,LNP,0.17570986786617937,0.17570986786617937,0.0,0.0
NSW,127,Kingsford Smith,OTH,5,1,ALP>LNP>GRN>ON,ON,0.161653078436885,0.161653078436885,0.0,0.0
NSW,128,Lindsay,GRN,4,7,ALP>LNP>ON,ALP,0.7495852615035362,0.7495852615035362,0.0,0.0
NSW,128,Lindsay,GRN,4,7,ALP>LNP>ON,LNP,0.1223260281149044,0.1223260281149044,0.0,0.0
NSW,128,Lindsay,GRN,4,7,ALP>LNP>ON,ON,0.12808871038155942,0.12808871038155942,0.0,0.0
NSW,128,Lindsay,ON,3,8,ALP>LNP,ALP,0.3327432266009852,0.3327432266009852,0.0,0.0
NSW,128,Lindsay,ON,3,8,ALP>LNP,LNP,0.6672567733990148,0.6672567733990148,0.0,0.0
NSW,128,Lindsay,OTH,5,6,ALP>LNP>GRN>ON,ALP,0.11545711592836946,0.1681608495082252,0.05270373357985575,0.05270373357985575
NSW,128,Lindsay,OTH,5,6,ALP>LNP>GRN>ON,GRN,0.1701225259189444,0.17730002611193316,0.007177500192988767,0.007177500192988767
NSW,128,Lindsay,OTH,5,6,ALP>LNP>GRN>ON,LNP,0.29688972667295005,0.23770563147358342,-0.059184095199366626,0.059184095199366626
NSW,128,Lindsay,OTH,5,6,ALP>LNP>GRN>ON,ON,0.4175306314797361,0.41683349290625815,-0.0006971385734779734,0.0006971385734779734
NSW,130,Lyne,GRN,5,6,ALP>LNP>ON>IND,ALP,0.5255995538204127,0.5255995538204127,0.0,0.0
NSW,130,Lyne,GRN,5,6,ALP>LNP>ON>IND,IND,0.32158393753485776,0.32158393753485776,0.0,0.0
NSW,130,Lyne,GRN,5,6,ALP>LNP>ON>IND,LNP,0.0785276073619632,0.0785276073619632,0.0,0.0
NSW,130,Lyne,GRN,5,6,ALP>LNP>ON>IND,ON,0.07428890128276631,0.07428890128276631,0.0,0.0
NSW,130,Lyne,IND,3,8,ALP>LNP,ALP,0.5040507220852413,0.5040507220852413,0.0,0.0
NSW,130,Lyne,IND,3,8,ALP>LNP,LNP,0.49594927791475873,0.4959492779147587,-5.551115123125783e-17,5.551115123125783e-17
NSW,130,Lyne,ON,4,7,ALP>LNP>IND,ALP,0.11440509351372861,0.11440509351372861,0.0,0.0
NSW,130,Lyne,ON,4,7,ALP>LNP>IND,IND,0.3549542379625945,0.3549542379625945,0.0,0.0
NSW,130,Lyne,ON,4,7,ALP>LNP>IND,LNP,0.5306406685236769,0.5306406685236769,0.0,0.0
NSW,130,Lyne,OTH,6,5,ALP>LNP>GRN>ON>IND,ALP,0.14755003450655624,0.10474598930481284,-0.0428040452017434,0.0428040452017434
NSW,130,Lyne,OTH,6,5,ALP>LNP>GRN>ON>IND,GRN,0.22015182884748102,0.13288770053475935,-0.08726412831272168,0.08726412831272168
NSW,130,Lyne,OTH,6,5,ALP>LNP>GRN>ON>IND,IND,0.2846100759144237,0.21470588235294116,-0.06990419356148256,0.06990419356148256
NSW,130,Lyne,OTH,6,5,ALP>LNP>GRN>ON>IND,LNP,0.13278122843340234,0.19752673796791445,0.06474550953451211,0.06474550953451211
NSW,130,Lyne,OTH,6,5,ALP>LNP>GRN>ON>IND,ON,0.21490683229813665,0.3501336898395722,0.13522685754143557,0.13522685754143557
NSW,131,Macarthur,GRN,3,5,ALP>LNP,ALP,0.8195464501997165,0.8195464501997165,0.0,0.0
NSW,131,Macarthur,GRN,3,5,ALP>LNP,LNP,0.18045354980028347,0.1804535498002835,2.7755575615628914e-17,2.7755575615628914e-17
NSW,131,Macarthur,ON,4,4,ALP>LNP>GRN,ALP,0.20848158476776613,0.20848158476776615,2.7755575615628914e-17,2.7755575615628914e-17
NSW,131,Macarthur,ON,4,4,ALP>LNP>GRN,GRN,0.18434464852389654,0.18434464852389654,0.0,0.0
NSW,131,Macarthur,ON,4,4,ALP>LNP>GRN,LNP,0.6071737667083373,0.6071737667083373,0.0,0.0
NSW,131,Macarthur,OTH,5,3,ALP>LNP>GRN>ON,ALP,0.14549752847625189,0.18576180971390552,0.04026428123765363,0.04026428123765363
NSW,131,Macarthur,OTH,5,3,ALP>LNP>GRN>ON,GRN,0.18289275736084246,0.21197604790419158,0.029083290543349127,0.029083290543349127
NSW,131,Macarthur,OTH,5,3,ALP>LNP>GRN>ON,LNP,0.20502901353965183,0.1946773120425815,-0.01035170149707032,0.01035170149707032
NSW,131,Macarthur,OTH,5,3,ALP>LNP>GRN>ON,ON,0.4665807006232538,0.40758483033932136,-0.05899587028393244,0.05899587028393244
NSW,132,Mackellar,ALP,3,7,LNP>IND,IND,0.7760984825400695,0.7760984825400695,0.0,0.0
NSW,132,Mackellar,ALP,3,7,LNP>IND,LNP,0.22390151745993053,0.22390151745993053,0.0,0.0
NSW,132,Mackellar,GRN,4,6,ALP>LNP>IND,ALP,0.25920988851187593,0.25920988851187593,0.0,0.0
NSW,132,Mackellar,GRN,4,6,ALP>LNP>IND,IND,0.5688317983519147,0.5688317983519147,0.0,0.0
NSW,132,Mackellar,GRN,4,6,ALP>LNP>IND,LNP,0.1719583131362094,0.17195831313620938,-2.7755575615628914e-17,2.7755575615628914e-17
NSW,132,Mackellar,ON,5,5,ALP>LNP>GRN>IND,ALP,0.05914840548726171,0.05914840548726171,0.0,0.0
NSW,132,Mackellar,ON,5,5,ALP>LNP>GRN>IND,GRN,0.15268127561019063,0.15268127561019063,0.0,0.0
NSW,132,Mackellar,ON,5,5,ALP>LNP>GRN>IND,IND,0.17049706039551044,0.17049706039551044,0.0,0.0
NSW,132,Mackellar,ON,5,5,ALP>LNP>GRN>IND,LNP,0.6176732585070372,0.6176732585070372,0.0,0.0
NSW,132,Mackellar,OTH,6,4,ALP>LNP>GRN>ON>IND,ALP,0.08642419877565719,0.06716646266829865,-0.019257736107358536,0.019257736107358536
NSW,132,Mackellar,OTH,6,4,ALP>LNP>GRN>ON>IND,GRN,0.11991357580122435,0.08216034271725826,-0.03775323308396608,0.03775323308396608
NSW,132,Mackellar,OTH,6,4,ALP>LNP>GRN>ON>IND,IND,0.2996038890889449,0.21220930232558144,-0.08739458676336348,0.08739458676336348
NSW,132,Mackellar,OTH,6,4,ALP>LNP>GRN>ON>IND,LNP,0.18617212819589485,0.2119033047735618,0.025731176577666964,0.025731176577666964
NSW,132,Mackellar,OTH,6,4,ALP>LNP>GRN>ON>IND,ON,0.3078862081382787,0.4265605875152999,0.11867437937702119,0.11867437937702119
NSW,133,Macquarie,GRN,3,4,ALP>LNP,ALP,0.8695158850226928,0.8695158850226928,0.0,0.0
NSW,133,Macquarie,GRN,3,4,ALP>LNP,LNP,0.1304841149773071,0.1304841149773071,0.0,0.0
NSW,133,Macquarie,ON,4,3,ALP>LNP>GRN,ALP,0.16215996751928544,0.16215996751928544,0.0,0.0
NSW,133,Macquarie,ON,4,3,ALP>LNP>GRN,GRN,0.13097848152659358,0.13097848152659358,0.0,0.0
NSW,133,Macquarie,ON,4,3,ALP>LNP>GRN,LNP,0.706861550954121,0.706861550954121,0.0,0.0
NSW,133,Macquarie,OTH,5,2,ALP>LNP>GRN>ON,ALP,0.1621770203408466,0.14733915806195394,-0.014837862278892666,0.014837862278892666
NSW,133,Macquarie,OTH,5,2,ALP>LNP>GRN>ON,GRN,0.11847168774051677,0.11616362192216044,-0.002308065818356325,0.002308065818356325
NSW,133,Macquarie,OTH,5,2,ALP>LNP>GRN>ON,LNP,0.20148433205057725,0.19479745830023829,-0.0066868737503389675,0.0066868737503389675
NSW,133,Macquarie,OTH,5,2,ALP>LNP>GRN>ON,ON,0.5178669598680594,0.5416997617156474,0.02383280184758796,0.02383280184758796
NSW,134,Mitchell,GRN,3,3,ALP>LNP,ALP,0.7932915865831731,0.7932915865831731,0.0,0.0
NSW,134,Mitchell,GRN,3,3,ALP>LNP,LNP,0.20670841341682683,0.20670841341682683,0.0,0.0
NSW,134,Mitchell,ON,4,2,ALP>LNP>GRN,ALP,0.1740354363305183,0.1740354363305183,0.0,0.0
NSW,134,Mitchell,ON,4,2,ALP>LNP>GRN,GRN,0.13479052823315119,0.13479052823315119,0.0,0.0
NSW,134,Mitchell,ON,4,2,ALP>LNP>GRN,LNP,0.6911740354363305,0.6911740354363305,0.0,0.0
NSW,134,Mitchell,OTH,5,1,ALP>LNP>GRN>ON,ALP,0.13532710280373833,0.13532710280373833,0.0,0.0
NSW,134,Mitchell,OTH,5,1,ALP>LNP>GRN>ON,GRN,0.10130841121495326,0.10130841121495326,0.0,0.0
NSW,134,Mitchell,OTH,5,1,ALP>LNP>GRN>ON,LNP,0.2553271028037383,0.2553271028037383,0.0,0.0
NSW,134,Mitchell,OTH,5,1,ALP>LNP>GRN>ON,ON,0.5080373831775701,0.5080373831775701,0.0,0.0
NSW,135,New England,GRN,4,4,ALP>LNP>ON,ALP,0.7127807041863045,0.7127807041863045,0.0,0.0
NSW,135,New England,GRN,4,4,ALP>LNP>ON,LNP,0.18075963404491266,0.18075963404491266,0.0,0.0
NSW,135,New England,GRN,4,4,ALP>LNP>ON,ON,0.10645966176878292,0.10645966176878292,0.0,0.0
NSW,135,New England,ON,3,5,ALP>LNP,ALP,0.2664263767430867,0.2664263767430867,0.0,0.0
NSW,135,New England,ON,3,5,ALP>LNP,LNP,0.7335736232569132,0.7335736232569132,0.0,0.0
NSW,135,New England,OTH,5,3,ALP>LNP>GRN>ON,ALP,0.2809031044214487,0.20114628820960698,-0.07975681621184175,0.07975681621184175
NSW,135,New England,OTH,5,3,ALP>LNP>GRN>ON,GRN,0.251928504233302,0.1635735080058224,-0.08835499622747958,0.08835499622747958
NSW,135,New England,OTH,5,3,ALP>LNP>GRN>ON,LNP,0.22389463781749766,0.23635371179039302,0.012459073972895363,0.012459073972895363
NSW,135,New England,OTH,5,3,ALP>LNP>GRN>ON,ON,0.24327375352775166,0.39892649199417757,0.1556527384664259,0.1556527384664259
NSW,136,Newcastle,LNP,3,6,ALP>GRN,ALP,0.691497975708502,0.691497975708502,0.0,0.0
NSW,136,Newcastle,LNP,3,6,ALP>GRN,GRN,0.308502024291498,0.308502024291498,0.0,0.0
NSW,136,Newcastle,ON,4,5,ALP>LNP>GRN,ALP,0.2145124716553288,0.2145124716553288,0.0,0.0
NSW,136,Newcastle,ON,4,5,ALP>LNP>GRN,GRN,0.2113378684807256,0.21133786848072558,-2.7755575615628914e-17,2.7755575615628914e-17
NSW,136,Newcastle,ON,4,5,ALP>LNP>GRN,LNP,0.5741496598639456,0.5741496598639456,0.0,0.0
NSW,136,Newcastle,OTH,5,4,ALP>LNP>GRN>ON,ALP,0.14031531531531533,0.17308574048601558,0.03277042517070025,0.03277042517070025
NSW,136,Newcastle,OTH,5,4,ALP>LNP>GRN>ON,GRN,0.24256756756756756,0.31121045392022006,0.0686428863526525,0.0686428863526525
NSW,136,Newcastle,OTH,5,4,ALP>LNP>GRN>ON,LNP,0.17612612612612613,0.1682714351215039,-0.007854691004622244,0.007854691004622244
NSW,136,Newcastle,OTH,5,4,ALP>LNP>GRN>ON,ON,0.440990990990991,0.34743237047226044,-0.09355862051873054,0.09355862051873054
NSW,138,Page,GRN,3,9,ALP>LNP,ALP,0.7767848517051492,0.7767848517051492,0.0,0.0
NSW,138,Page,GRN,3,9,ALP>LNP,LNP,0.22321514829485073,0.22321514829485073,0.0,0.0
NSW,138,Page,ON,4,8,ALP>LNP>GRN,ALP,0.12064098306210562,0.1206409830621056,-1.3877787807814457e-17,1.3877787807814457e-17
NSW,138,Page,ON,4,8,ALP>LNP>GRN,GRN,0.19528395881766855,0.19528395881766855,0.0,0.0
NSW,138,Page,ON,4,8,ALP>LNP>GRN,LNP,0.6840750581202258,0.6840750581202257,-1.1102230246251565e-16,1.1102230246251565e-16
NSW,138,Page,OTH,5,7,ALP>LNP>GRN>ON,ALP,0.20637979019481908,0.19059313834933392,-0.015786651845485167,0.015786651845485167
NSW,138,Page,OTH,5,7,ALP>LNP>GRN>ON,GRN,0.07364590023549561,0.15516856441169904,0.08152266417620344,0.08152266417620344
NSW,138,Page,OTH,5,7,ALP>LNP>GRN>ON,LNP,0.21901091843288376,0.21425913522363624,-0.004751783209247518,0.004751783209247518
NSW,138,Page,OTH,5,7,ALP>LNP>GRN>ON,ON,0.5009633911368016,0.4399791620153308,-0.06098422912147072,0.06098422912147072
NSW,139,Parkes,GRN,5,6,ALP>LNP>ON>OTH,ALP,0.5608427170359608,0.5608427170359608,0.0,0.0
NSW,139,Parkes,GRN,5,6,ALP>LNP>ON>OTH,LNP,0.12858699600435888,0.12858699600435888,0.0,0.0
NSW,139,Parkes,GRN,5,6,ALP>LNP>ON>OTH,ON,0.10485530935948661,0.10485530935948661,0.0,0.0
NSW,139,Parkes,GRN,5,6,ALP>LNP>ON>OTH,OTH,0.20571497760019372,0.20571497760019372,0.0,0.0
NSW,139,Parkes,ON,3,8,ALP>LNP,ALP,0.33415861039063116,0.33415861039063116,0.0,0.0
NSW,139,Parkes,ON,3,8,ALP>LNP,LNP,0.6658413896093689,0.6658413896093689,0.0,0.0
NSW,139,Parkes,OTH,4,7,ALP>LNP>ON,ALP,0.22876676308177754,0.26890459275834144,0.0401378296765639,0.0401378296765639
NSW,139,Parkes,OTH,4,7,ALP>LNP>ON,LNP,0.25032868787799106,0.2793000409537748,0.028971353075783746,0.028971353075783746
NSW,139,Parkes,OTH,4,7,ALP>LNP>ON,ON,0.5209045490402314,0.4517953662878838,-0.06910918275234762,0.06910918275234762
NSW,140,Parramatta,GRN,3,6,ALP>LNP,ALP,0.8526871401151631,0.8526871401151631,0.0,0.0
NSW,140,Parramatta,GRN,3,6,ALP>LNP,LNP,0.14731285988483686,0.14731285988483686,0.0,0.0
NSW,140,Parramatta,ON,4,5,ALP>LNP>GRN,ALP,0.13906315349226264,0.13906315349226264,0.0,0.0
NSW,140,Parramatta,ON,4,5,ALP>LNP>GRN,GRN,0.19092429945629444,0.19092429945629444,0.0,0.0
NSW,140,Parramatta,ON,4,5,ALP>LNP>GRN,LNP,0.6700125470514429,0.6700125470514429,0.0,0.0
NSW,140,Parramatta,OTH,5,4,ALP>LNP>GRN>ON,ALP,0.13198959687906373,0.19417026526835288,0.06218066838928915,0.06218066838928915
NSW,140,Parramatta,OTH,5,4,ALP>LNP>GRN>ON,GRN,0.3254226267880364,0.29441702652683527,-0.03100560026120114,0.03100560026120114
NSW,140,Parramatta,OTH,5,4,ALP>LNP>GRN>ON,LNP,0.1755526657997399,0.18306600863664405,0.0075133428369041355,0.0075133428369041355
NSW,140,Parramatta,OTH,5,4,ALP>LNP>GRN>ON,ON,0.36703511053315996,0.3283466995681678,-0.03868841096499215,0.03868841096499215
NSW,144,Reid,GRN,3,5,ALP>LNP,ALP,0.8320978769341489,0.8320978769341489,0.0,0.0
NSW,144,Reid,GRN,3,5,ALP>LNP,LNP,0.16790212306585103,0.16790212306585103,0.0,0.0
NSW,144,Reid,ON,4,4,ALP>LNP>GRN,ALP,0.1653673517599811,0.1653673517599811,0.0,0.0
NSW,144,Reid,ON,4,4,ALP>LNP>GRN,GRN,0.16017009213323885,0.16017009213323885,0.0,0.0
NSW,144,Reid,ON,4,4,ALP>LNP>GRN,LNP,0.6744625561067801,0.6744625561067801,0.0,0.0
NSW,144,Reid,OTH,5,3,ALP>LNP>GRN>ON,ALP,0.3045429052159282,0.2256427604871448,-0.0789001447287834,0.0789001447287834
NSW,144,Reid,OTH,5,3,ALP>LNP>GRN>ON,GRN,0.3785754346606842,0.25997970230040596,-0.11859573236027826,0.11859573236027826
NSW,144,Reid,OTH,5,3,ALP>LNP>GRN>ON,LNP,0.159562535053281,0.19621109607577808,0.036648561022497084,0.036648561022497084
NSW,144,Reid,OTH,5,3,ALP>LNP>GRN>ON,ON,0.15731912507010656,0.3181664411366712,0.16084731606656463,0.16084731606656463
NSW,145,Richmond,GRN,3,8,ALP>LNP,ALP,0.8598682361757267,0.8598682361757267,0.0,0.0
NSW,145,Richmond,GRN,3,8,ALP>LNP,LNP,0.14013176382427328,0.14013176382427328,0.0,0.0
NSW,145,Richmond,ON,4,7,ALP>LNP>GRN,ALP,0.12221354844305664,0.12221354844305665,1.3877787807814457e-17,1.3877787807814457e-17
NSW,145,Richmond,ON,4,7,ALP>LNP>GRN,GRN,0.12039205481828433,0.12039205481828433,0.0,0.0
NSW,145,Richmond,ON,4,7,ALP>LNP>GRN,LNP,0.757394396738659,0.757394396738659,0.0,0.0
NSW,145,Richmond,OTH,5,6,ALP>LNP>GRN>ON,ALP,0.2018661403193971,0.15446091252542865,-0.04740522779396844,0.04740522779396844
NSW,145,Richmond,OTH,5,6,ALP>LNP>GRN>ON,GRN,0.3525928584245469,0.2074978204010462,-0.1450950380235007,0.1450950380235007
NSW,145,Richmond,OTH,5,6,ALP>LNP>GRN>ON,LNP,0.17477121837430468,0.21519907003777972,0.04042785166347504,0.04042785166347504
NSW,145,Richmond,OTH,5,6,ALP>LNP>GRN>ON,ON,0.2707697828817513,0.42284219703574544,0.15207241415399414,0.15207241415399414
NSW,146,Robertson,GRN,3,5,ALP>LNP,ALP,0.7862028816766119,0.7862028816766119,0.0,0.0
NSW,146,Robertson,GRN,3,5,ALP>LNP,LNP,0.21379711832338816,0.21379711832338816,0.0,0.0
NSW,146,Robertson,ON,4,4,ALP>LNP>GRN,ALP,0.16576931041623524,0.16576931041623524,0.0,0.0
NSW,146,Robertson,ON,4,4,ALP>LNP>GRN,GRN,0.21660799337336922,0.21660799337336925,2.7755575615628914e-17,2.7755575615628914e-17
NSW,146,Robertson,ON,4,4,ALP>LNP>GRN,LNP,0.6176226962103956,0.6176226962103956,0.0,0.0
NSW,146,Robertson,OTH,5,3,ALP>LNP>GRN>ON,ALP,0.2728869374313941,0.2667034178610805,-0.0061835195703136,0.0061835195703136
NSW,146,Robertson,OTH,5,3,ALP>LNP>GRN>ON,GRN,0.3244785949506037,0.2790518191841235,-0.04542677576648024,0.04542677576648024
NSW,146,Robertson,OTH,5,3,ALP>LNP>GRN>ON,LNP,0.15675082327113063,0.16471885336273429,0.007968030091603656,0.007968030091603656
NSW,146,Robertson,OTH,5,3,ALP>LNP>GRN>ON,ON,0.24588364434687157,0.28952590959206176,0.04364226524519019,0.04364226524519019
NSW,148,Shortland,GRN,3,5,ALP>LNP,ALP,0.7800172053582402,0.7800172053582402,0.0,0.0
NSW,148,Shortland,GRN,3,5,ALP>LNP,LNP,0.21998279464175985,0.21998279464175985,0.0,0.0
NSW,148,Shortland,ON,4,4,ALP>LNP>GRN,ALP,0.21998180715585203,0.21998180715585203,0.0,0.0
NSW,148,Shortland,ON,4,4,ALP>LNP>GRN,GRN,0.164038811400849,0.164038811400849,0.0,0.0
NSW,148,Shortland,ON,4,4,ALP>LNP>GRN,LNP,0.615979381443299,0.615979381443299,0.0,0.0
NSW,148,Shortland,OTH,5,3,ALP>LNP>GRN>ON,ALP,0.3602423448501719,0.28212967843964154,-0.07811266641053038,0.07811266641053038
NSW,148,Shortland,OTH,5,3,ALP>LNP>GRN>ON,GRN,0.24578352710004914,0.19536109646810754,-0.0504224306319416,0.0504224306319416
NSW,148,Shortland,OTH,5,3,ALP>LNP>GRN>ON,LNP,0.14409693794006878,0.1662625197680548,0.02216558182798603,0.02216558182798603
NSW,148,Shortland,OTH,5,3,ALP>LNP>GRN>ON,ON,0.24987719010971016,0.3562467053241961,0.10636951521448595,0.10636951521448595
NSW,149,Sydney,LNP,3,3,ALP>GRN,ALP,0.7283712382265104,0.7283712382265104,0.0,0.0
NSW,149,Sydney,LNP,3,3,ALP>GRN,GRN,0.27162876177348955,0.27162876177348955,0.0,0.0
NSW,149,Sydney,ON,4,2,ALP>LNP>GRN,ALP,0.15251612903225806,0.15251612903225806,0.0,0.0
NSW,149,Sydney,ON,4,2,ALP>LNP>GRN,GRN,0.13909677419354838,0.13909677419354838,0.0,0.0
NSW,149,Sydney,ON,4,2,ALP>LNP>GRN,LNP,0.7083870967741935,0.7083870967741935,0.0,0.0
NSW,149,Sydney,OTH,5,1,ALP>LNP>GRN>ON,ALP,0.20707070707070707,0.20707070707070707,0.0,0.0
NSW,149,Sydney,OTH,5,1,ALP>LNP>GRN>ON,GRN,0.6510942760942761,0.6510942760942761,0.0,0.0
NSW,149,Sydney,OTH,5,1,ALP>LNP>GRN>ON,LNP,0.06734006734006734,0.06734006734006734,0.0,0.0
NSW,149,Sydney,OTH,5,1,ALP>LNP>GRN>ON,ON,0.07449494949494949,0.07449494949494949,0.0,0.0
NSW,150,Whitlam,GRN,3,8,ALP>LNP,ALP,0.7113670941099761,0.7113670941099761,0.0,0.0
NSW,150,Whitlam,GRN,3,8,ALP>LNP,LNP,0.2886329058900239,0.2886329058900239,0.0,0.0
NSW,150,Whitlam,ON,4,7,ALP>LNP>GRN,ALP,0.22811012212792384,0.22811012212792384,0.0,0.0
NSW,150,Whitlam,ON,4,7,ALP>LNP>GRN,GRN,0.17932795142482577,0.17932795142482577,0.0,0.0
NSW,150,Whitlam,ON,4,7,ALP>LNP>GRN,LNP,0.5925619264472504,0.5925619264472504,0.0,0.0
NSW,150,Whitlam,OTH,5,6,ALP>LNP>GRN>ON,ALP,0.16107129385137683,0.20068815392177516,0.03961686007039833,0.03961686007039833
NSW,150,Whitlam,OTH,5,6,ALP>LNP>GRN>ON,GRN,0.16459197786998617,0.15778386349273224,-0.0068081143772539265,0.0068081143772539265
NSW,150,Whitlam,OTH,5,6,ALP>LNP>GRN>ON,LNP,0.2317364516534641,0.2122041991433186,-0.01953225251014551,0.01953225251014551
NSW,150,Whitlam,OTH,5,6,ALP>LNP>GRN>ON,ON,0.4426002766251729,0.4293237834421739,-0.01327649318299895,0.01327649318299895
NSW,151,Warringah,ALP,3,6,LNP>IND,IND,0.8150438169425511,0.8150438169425511,0.0,0.0
NSW,151,Warringah,ALP,3,6,LNP>IND,LNP,0.18495618305744888,0.18495618305744888,0.0,0.0
NSW,151,Warringah,GRN,4,5,ALP>LNP>IND,ALP,0.3004369300911854,0.3004369300911854,0.0,0.0
NSW,151,Warringah,GRN,4,5,ALP>LNP>IND,IND,0.6248100303951368,0.6248100303951368,0.0,0.0
NSW,151,Warringah,GRN,4,5,ALP>LNP>IND,LNP,0.07475303951367782,0.07475303951367782,0.0,0.0
NSW,151,Warringah,ON,5,4,ALP>LNP>GRN>IND,ALP,0.068662455369404,0.068662455369404,0.0,0.0
NSW,151,Warringah,ON,5,4,ALP>LNP>GRN>IND,GRN,0.06619060697610546,0.06619060697610546,0.0,0.0
NSW,151,Warringah,ON,5,4,ALP>LNP>GRN>IND,IND,0.1746772864597638,0.1746772864597638,0.0,0.0
NSW,151,Warringah,ON,5,4,ALP>LNP>GRN>IND,LNP,0.6904696511947267,0.6904696511947267,0.0,0.0
NSW,151,Warringah,OTH,6,3,ALP>LNP>GRN>ON>IND,ALP,0.05682421667551779,0.09506353861192571,0.038239321936407916,0.038239321936407916
NSW,151,Warringah,OTH,6,3,ALP>LNP>GRN>ON>IND,GRN,0.04779607010090282,0.05767350928641251,0.009877439185509693,0.009877439185509693
NSW,151,Warringah,OTH,6,3,ALP>LNP>GRN>ON>IND,IND,0.10249601699415826,0.18890518084066474,0.08640916384650647,0.08640916384650647
NSW,151,Warringah,OTH,6,3,ALP>LNP>GRN>ON>IND,LNP,0.23579394583112057,0.2519550342130987,0.01616108838197816,0.01616108838197816
NSW,151,Warringah,OTH,6,3,ALP>LNP>GRN>ON>IND,ON,0.5570897503983006,0.40640273704789837,-0.1506870133504022,0.1506870133504022
NSW,152,Wentworth,ALP,3,4,LNP>IND,IND,0.8465443995440887,0.8465443995440887,0.0,0.0
NSW,152,Wentworth,ALP,3,4,LNP>IND,LNP,0.1534556004559113,0.1534556004559113,0.0,0.0
NSW,152,Wentworth,GRN,4,3,ALP>LNP>IND,ALP,0.3546099290780142,0.3546099290780142,0.0,0.0
NSW,152,Wentworth,GRN,4,3,ALP>LNP>IND,IND,0.5818980074299224,0.5818980074299224,0.0,0.0
NSW,152,Wentworth,GRN,4,3,ALP>LNP>IND,LNP,0.06349206349206349,0.06349206349206349,0.0,0.0
NSW,152,Wentworth,ON,5,2,ALP>LNP>GRN>IND,ALP,0.07028753993610223,0.07028753993610223,0.0,0.0
NSW,152,Wentworth,ON,5,2,ALP>LNP>GRN>IND,GRN,0.07987220447284345,0.07987220447284345,0.0,0.0
NSW,152,Wentworth,ON,5,2,ALP>LNP>GRN>IND,IND,0.17820376286829961,0.17820376286829961,0.0,0.0
NSW,152,Wentworth,ON,5,2,ALP>LNP>GRN>IND,LNP,0.6716364927227547,0.6716364927227547,0.0,0.0
NSW,152,Wentworth,OTH,6,1,ALP>LNP>GRN>ON>IND,ALP,0.09279881217520415,0.09279881217520415,0.0,0.0
NSW,152,Wentworth,OTH,6,1,ALP>LNP>GRN>ON>IND,GRN,0.2806236080178174,0.2806236080178174,0.0,0.0
NSW,152,Wentworth,OTH,6,1,ALP>LNP>GRN>ON>IND,IND,0.3051224944320713,0.3051224944320713,0.0,0.0
NSW,152,Wentworth,OTH,6,1,ALP>LNP>GRN>ON>IND,LNP,0.1789161098737936,0.1789161098737936,0.0,0.0
NSW,152,Wentworth,OTH,6,1,ALP>LNP>GRN>ON>IND,ON,0.14253897550111358,0.14253897550111358,0.0,0.0
NSW,153,Werriwa,GRN,3,7,ALP>LNP,ALP,0.7268239564428313,0.7268239564428313,0.0,0.0
NSW,153,Werriwa,GRN,3,7,ALP>LNP,LNP,0.2731760435571688,0.2731760435571688,0.0,0.0
NSW,153,Werriwa,ON,4,6,ALP>LNP>GRN,ALP,0.19200113862795332,0.19200113862795332,0.0,0.0
NSW,153,Werriwa,ON,4,6,ALP>LNP>GRN,GRN,0.21989752348420152,0.21989752348420152,0.0,0.0
NSW,153,Werriwa,ON,4,6,ALP>LNP>GRN,LNP,0.5881013378878451,0.5881013378878451,0.0,0.0
NSW,153,Werriwa,OTH,5,5,ALP>LNP>GRN>ON,ALP,0.2433821639681316,0.2241796200345423,-0.019202543933589278,0.019202543933589278
NSW,153,Werriwa,OTH,5,5,ALP>LNP>GRN>ON,GRN,0.30300693909020815,0.21442141623488772,-0.08858552285532043,0.08858552285532043
NSW,153,Werriwa,OTH,5,5,ALP>LNP>GRN>ON,LNP,0.20226162940118222,0.2568221070811744,0.0545604776799922,0.0545604776799922
NSW,153,Werriwa,OTH,5,5,ALP>LNP>GRN>ON,ON,0.25134926754047804,0.3045768566493955,0.05322758910891745,0.05322758910891745
NSW,249,Paterson,GRN,5,6,ALP>LNP>ON>IND,ALP,0.686179184442901,0.686179184442901,0.0,0.0
NSW,249,Paterson,GRN,5,6,ALP>LNP>ON>IND,IND,0.18315309058438337,0.18315309058438337,0.0,0.0
NSW,249,Paterson,GRN,5,6,ALP>LNP>ON>IND,LNP,0.06429209246949102,0.06429209246949102,0.0,0.0
NSW,249,Paterson,GRN,5,6,ALP>LNP>ON>IND,ON,0.06637563250322452,0.06637563250322452,0.0,0.0
NSW,249,Paterson,IND,3,8,ALP>LNP,ALP,0.4985111056870881,0.4985111056870881,0.0,0.0
NSW,249,Paterson,IND,3,8,ALP>LNP,LNP,0.5014888943129119,0.5014888943129119,0.0,0.0
NSW,249,Paterson,ON,4,7,ALP>LNP>IND,ALP,0.16739148272749652,0.16739148272749652,0.0,0.0
NSW,249,Paterson,ON,4,7,ALP>LNP>IND,IND,0.4503979650447198,0.4503979650447198,0.0,0.0
NSW,249,Paterson,ON,4,7,ALP>LNP>IND,LNP,0.3822105522277837,0.3822105522277837,0.0,0.0
NSW,249,Paterson,OTH,6,5,ALP>LNP>GRN>ON>IND,ALP,0.2241603265912043,0.20239510786478682,-0.021765218726417485,0.021765218726417485
NSW,249,Paterson,OTH,6,5,ALP>LNP>GRN>ON>IND,GRN,0.23547968083132306,0.15797519959232206,-0.077504481239001,0.077504481239001
NSW,249,Paterson,OTH,6,5,ALP>LNP>GRN>ON>IND,IND,0.20263499721655223,0.21955155427212503,0.016916557055572795,0.016916557055572795
NSW,249,Paterson,OTH,6,5,ALP>LNP>GRN>ON>IND,LNP,0.16106884394136203,0.14285714285714285,-0.018211701084219184,0.018211701084219184
NSW,249,Paterson,OTH,6,5,ALP>LNP>GRN>ON>IND,ON,0.17665615141955837,0.2772209954136232,0.10056484399406485,0.10056484399406485
NSW,250,Riverina,GRN,6,8,ALP>LNP>ON>IND>OTH,ALP,0.5011994516792323,0.5011994516792323,0.0,0.0
NSW,250,Riverina,GRN,6,8,ALP>LNP>ON>IND>OTH,IND,0.19465387251542152,0.19465387251542152,0.0,0.0
NSW,250,Riverina,GRN,6,8,ALP>LNP>ON>IND>OTH,LNP,0.08019191226867718,0.08019191226867718,0.0,0.0
NSW,250,Riverina,GRN,6,8,ALP>LNP>ON>IND>OTH,ON,0.07470870459218643,0.07470870459218643,0.0,0.0
NSW,250,Riverina,GRN,6,8,ALP>LNP>ON>IND>OTH,OTH,0.14924605894448253,0.14924605894448253,0.0,0.0
NSW,250,Riverina,IND,4,10,ALP>LNP>ON,ALP,0.46064245405874693,0.46064245405874693,0.0,0.0
NSW,250,Riverina,IND,4,10,ALP>LNP>ON,LNP,0.31471567066994643,0.31471567066994643,0.0,0.0
NSW,250,Riverina,IND,4,10,ALP>LNP>ON,ON,0.2246418752713066,0.2246418752713066,0.0,0.0
NSW,250,Riverina,ON,3,11,ALP>LNP,ALP,0.36277393036713784,0.36277393036713784,0.0,0.0
NSW,250,Riverina,ON,3,11,ALP>LNP,LNP,0.6372260696328621,0.6372260696328621,0.0,0.0
NSW,250,Riverina,OTH,5,9,ALP>LNP>ON>IND,ALP,0.10535886191036474,0.1659315092011742,0.06057264729080945,0.06057264729080945
NSW,250,Riverina,OTH,5,9,ALP>LNP>ON>IND,IND,0.3556530110172211,0.2659885630754535,-0.08966444794176759,0.08966444794176759
NSW,250,Riverina,OTH,5,9,ALP>LNP>ON>IND,LNP,0.2843084821906086,0.24266599485997867,-0.041642487330629946,0.041642487330629946
NSW,250,Riverina,OTH,5,9,ALP>LNP>ON>IND,ON,0.25467964488180556,0.32541393286339365,0.0707342879815881,0.0707342879815881
NSW,251,Watson,GRN,4,6,ALP>LNP>IND,ALP,0.5085465182975795,0.5085465182975795,0.0,0.0
NSW,251,Watson,GRN,4,6,ALP>LNP>IND,IND,0.37191694390271884,0.3719169439027188,-5.551115123125783e-17,5.551115123125783e-17
NSW,251,Watson,GRN,4,6,ALP>LNP>IND,LNP,0.11953653779970173,0.11953653779970173,0.0,0.0
NSW,251,Watson,LNP,3,7,ALP>IND,ALP,0.4840109639104614,0.4840109639104614,0.0,0.0
NSW,251,Watson,LNP,3,7,ALP>IND,IND,0.5159890360895386,0.5159890360895386,0.0,0.0
NSW,251,Watson,ON,6,4,ALP>LNP>GRN>IND>OTH,ALP,0.14035087719298245,0.14035087719298245,0.0,0.0
NSW,251,Watson,ON,6,4,ALP>LNP>GRN>IND>OTH,GRN,0.09149797570850203,0.09149797570850203,0.0,0.0
NSW,251,Watson,ON,6,4,ALP>LNP>GRN>IND>OTH,IND,0.14871794871794872,0.14871794871794872,0.0,0.0
NSW,251,Watson,ON,6,4,ALP>LNP>GRN>IND>OTH,LNP,0.36140350877192984,0.36140350877192984,0.0,0.0
NSW,251,Watson,ON,6,4,ALP>LNP>GRN>IND>OTH,OTH,0.258029689608637,0.258029689608637,0.0,0.0
NSW,251,Watson,OTH,5,5,ALP>LNP>GRN>IND,ALP,0.22712933753943218,0.23098354578876626,0.003854208249334079,0.003854208249334079
NSW,251,Watson,OTH,5,5,ALP>LNP>GRN>IND,GRN,0.0569794952681388,0.12603854112665047,0.06905904585851166,0.06905904585851166
NSW,251,Watson,OTH,5,5,ALP>LNP>GRN>IND,IND,0.37795741324921134,0.31564461279165545,-0.062312800457555884,0.062312800457555884
NSW,251,Watson,OTH,5,5,ALP>LNP>GRN>IND,LNP,0.3379337539432177,0.32733330029292773,-0.010600453650289943,0.010600453650289943
NSW,315,McMahon,GRN,4,2,ALP>LNP>IND,ALP,0.6128055149362858,0.6128055149362858,0.0,0.0
NSW,315,McMahon,GRN,4,2,ALP>LNP>IND,IND,0.3049926885314393,0.3049926885314393,0.0,0.0
NSW,315,McMahon,GRN,4,2,ALP>LNP>IND,LNP,0.08220179653227491,0.08220179653227491,0.0,0.0
NSW,315,McMahon,IND,3,3,ALP>LNP,ALP,0.391192210974273,0.391192210974273,0.0,0.0
NSW,315,McMahon,IND,3,3,ALP>LNP,LNP,0.608807789025727,0.608807789025727,0.0,0.0
NSW,315,McMahon,ON,5,1,ALP>LNP>GRN>IND,ALP,0.14875936329588016,0.14875936329588016,0.0,0.0
NSW,315,McMahon,ON,5,1,ALP>LNP>GRN>IND,GRN,0.0761938202247191,0.0761938202247191,0.0,0.0
NSW,315,McMahon,ON,5,1,ALP>LNP>GRN>IND,IND,0.34831460674157305,0.34831460674157305,0.0,0.0
NSW,315,McMahon,ON,5,1,ALP>LNP>GRN>IND,LNP,0.4267322097378277,0.4267322097378277,0.0,0.0
NT,306,Lingiari,GRN,3,4,ALP>LNP,ALP,0.763465282284231,0.763465282284231,0.0,0.0
NT,306,Lingiari,GRN,3,4,ALP>LNP,LNP,0.23653471771576898,0.23653471771576895,-2.7755575615628914e-17,2.7755575615628914e-17
NT,306,Lingiari,ON,4,3,ALP>LNP>GRN,ALP,0.1371904448827526,0.1371904448827526,0.0,0.0
NT,306,Lingiari,ON,4,3,ALP>LNP>GRN,GRN,0.15954415954415954,0.15954415954415954,0.0,0.0
NT,306,Lingiari,ON,4,3,ALP>LNP>GRN,LNP,0.7032653955730879,0.7032653955730879,0.0,0.0
NT,306,Lingiari,OTH,5,2,ALP>LNP>GRN>ON,ALP,0.3648293963254593,0.3505771697306541,-0.014252226594805184,0.014252226594805184
NT,306,Lingiari,OTH,5,2,ALP>LNP>GRN>ON,GRN,0.3989501312335958,0.337751175716118,-0.06119895551747778,0.06119895551747778
NT,306,Lingiari,OTH,5,2,ALP>LNP>GRN>ON,LNP,0.10695538057742782,0.12740487387772553,0.020449493300297716,0.020449493300297716
NT,306,Lingiari,OTH,5,2,ALP>LNP>GRN>ON,ON,0.12926509186351706,0.18426678067550234,0.05500168881198528,0.05500168881198528
NT,307,Solomon,GRN,4,4,ALP>LNP>IND,ALP,0.38848039215686275,0.3884803921568627,-5.551115123125783e-17,5.551115123125783e-17
NT,307,Solomon,GRN,4,4,ALP>LNP>IND,IND,0.4600183823529412,0.4600183823529412,0.0,0.0
NT,307,Solomon,GRN,4,4,ALP>LNP>IND,LNP,0.15150122549019607,0.15150122549019607,0.0,0.0
NT,307,Solomon,IND,3,5,ALP>LNP,ALP,0.6534509264503601,0.6534509264503601,0.0,0.0
NT,307,Solomon,IND,3,5,ALP>LNP,LNP,0.34654907354963993,0.34654907354963993,0.0,0.0
NT,307,Solomon,ON,5,3,ALP>LNP>GRN>IND,ALP,0.07617695765318193,0.07617695765318193,0.0,0.0
NT,307,Solomon,ON,5,3,ALP>LNP>GRN>IND,GRN,0.05772415424651053,0.05772415424651053,0.0,0.0
NT,307,Solomon,ON,5,3,ALP>LNP>GRN>IND,IND,0.3302578660988881,0.3302578660988881,0.0,0.0
NT,307,Solomon,ON,5,3,ALP>LNP>GRN>IND,LNP,0.5358410220014195,0.5358410220014195,0.0,0.0
NT,307,Solomon,OTH,6,2,ALP>LNP>GRN>ON>IND,ALP,0.16180371352785147,0.16216216216216217,0.0003584486343106985,0.0003584486343106985
NT,307,Solomon,OTH,6,2,ALP>LNP>GRN>ON>IND,GRN,0.10079575596816977,0.11293436293436293,0.012138606966193163,0.012138606966193163
NT,307,Solomon,OTH,6,2,ALP>LNP>GRN>ON>IND,IND,0.513262599469496,0.44305019305019305,-0.07021240641930299,0.07021240641930299
NT,307,Solomon,OTH,6,2,ALP>LNP>GRN>ON>IND,LNP,0.08090185676392574,0.0945945945945946,0.013692737830668864,0.013692737830668864
NT,307,Solomon,OTH,6,2,ALP>LNP>GRN>ON>IND,ON,0.14323607427055704,0.18725868725868725,0.044022612988130205,0.044022612988130205
QLD,155,Bowman,GRN,3,5,ALP>LNP,ALP,0.7700541049164903,0.7700541049164903,0.0,0.0
QLD,155,Bowman,GRN,3,5,ALP>LNP,LNP,0.22994589508350977,0.22994589508350977,0.0,0.0
QLD,155,Bowman,ON,4,4,ALP>LNP>GRN,ALP,0.16951199871154776,0.16951199871154776,0.0,0.0
QLD,155,Bowman,ON,4,4,ALP>LNP>GRN,GRN,0.19979062650990498,0.19979062650990498,0.0,0.0
QLD,155,Bowman,ON,4,4,ALP>LNP>GRN,LNP,0.6306973747785473,0.6306973747785473,0.0,0.0
QLD,155,Bowman,OTH,5,3,ALP>LNP>GRN>ON,ALP,0.11446028513238289,0.18128765060240964,0.06682736547002675,0.06682736547002675
QLD,155,Bowman,OTH,5,3,ALP>LNP>GRN>ON,GRN,0.1065173116089613,0.17262801204819278,0.06611070043923148,0.06611070043923148
QLD,155,Bowman,OTH,5,3,ALP>LNP>GRN>ON,LNP,0.21507128309572301,0.19728915662650603,-0.01778212646921698,0.01778212646921698
QLD,155,Bowman,OTH,5,3,ALP>LNP>GRN>ON,ON,0.5639511201629328,0.44879518072289154,-0.11515593944004127,0.11515593944004127
QLD,156,Brisbane,GRN,3,6,ALP>LNP,ALP,0.9140563564875491,0.9140563564875491,0.0,0.0
QLD,156,Brisbane,GRN,3,6,ALP>LNP,LNP,0.08594364351245085,0.08594364351245083,-1.3877787807814457e-17,1.3877787807814457e-17
QLD,156,Brisbane,ON,4,5,ALP>LNP>GRN,ALP,0.18025751072961374,0.18025751072961374,0.0,0.0
QLD,156,Brisbane,ON,4,5,ALP>LNP>GRN,GRN,0.13883187161783914,0.13883187161783914,0.0,0.0
QLD,156,Brisbane,ON,4,5,ALP>LNP>GRN,LNP,0.6809106176525471,0.6809106176525471,0.0,0.0
QLD,156,Brisbane,OTH,5,4,ALP>LNP>GRN>ON,ALP,0.1037584323803405,0.14407963674467342,0.04032120436433291,0.04032120436433291
QLD,156,Brisbane,OTH,5,4,ALP>LNP>GRN>ON,GRN,0.13780918727915195,0.19437652811735942,0.05656734083820747,0.05656734083820747
QLD,156,Brisbane,OTH,5,4,ALP>LNP>GRN>ON,LNP,0.18535175072277546,0.21428571428571427,0.028933963562938814,0.028933963562938814
QLD,156,Brisbane,OTH,5,4,ALP>LNP>GRN>ON,ON,0.5730806296177321,0.44725812085225286,-0.12582250876547924,0.12582250876547924
QLD,157,Capricornia,GRN,5,2,ALP>LNP>ON>OTH,ALP,0.6837095040687855,0.6837095040687855,0.0,0.0
QLD,157,Capricornia,GRN,5,2,ALP>LNP>ON>OTH,LNP,0.13250422232458162,0.13250422232458162,0.0,0.0
QLD,157,Capricornia,GRN,5,2,ALP>LNP>ON>OTH,ON,0.11607554122524183,0.11607554122524183,0.0,0.0
QLD,157,Capricornia,GRN,5,2,ALP>LNP>ON>OTH,OTH,0.06771073238139107,0.06771073238139107,0.0,0.0
QLD,157,Capricornia,ON,3,4,ALP>LNP,ALP,0.2704690162317281,0.2704690162317281,0.0,0.0
QLD,157,Capricornia,ON,3,4,ALP>LNP,LNP,0.7295309837682719,0.7295309837682719,0.0,0.0
QLD,157,Capricornia,OTH,4,3,ALP>LNP>ON,ALP,0.17046885934219735,0.18831177688832704,0.017842917546129683,0.017842917546129683
QLD,157,Capricornia,OTH,4,3,ALP>LNP>ON,LNP,0.17578726382085375,0.19284328275955448,0.017056018938700734,0.017056018938700734
QLD,157,Capricornia,OTH,4,3,ALP>LNP>ON,ON,0.6537438768369489,0.6188449403521185,-0.034898936484830445,0.034898936484830445
QLD,158,Dawson,GRN,5,3,ALP>LNP>ON>OTH,ALP,0.6321702352630187,0.6321702352630187,0.0,0.0
QLD,158,Dawson,GRN,5,3,ALP>LNP>ON>OTH,LNP,0.09899550621200105,0.09899550621200105,0.0,0.0
QLD,158,Dawson,GRN,5,3,ALP>LNP>ON>OTH,ON,0.1063970393867301,0.1063970393867301,0.0,0.0
QLD,158,Dawson,GRN,5,3,ALP>LNP>ON>OTH,OTH,0.16243721913825007,0.16243721913825007,0.0,0.0
QLD,158,Dawson,ON,3,5,ALP>LNP,ALP,0.2544507384179648,0.2544507384179648,0.0,0.0
QLD,158,Dawson,ON,3,5,ALP>LNP,LNP,0.7455492615820352,0.7455492615820352,0.0,0.0
QLD,158,Dawson,OTH,4,4,ALP>LNP>ON,ALP,0.12234313027560256,0.15402089723589613,0.03167776696029356,0.03167776696029356
QLD,158,Dawson,OTH,4,4,ALP>LNP>ON,LNP,0.27112783484185904,0.28468628194868745,0.013558447106828408,0.013558447106828408
QLD,158,Dawson,OTH,4,4,ALP>LNP>ON,ON,0.6065290348825384,0.5612928208154163,-0.04523621406712208,0.04523621406712208
QLD,159,Fadden,GRN,4,6,ALP>LNP>ON,ALP,0.6989142643204792,0.6989142643204792,0.0,0.0
QLD,159,Fadden,GRN,4,6,ALP>LNP>ON,LNP,0.14728566080119807,0.14728566080119807,0.0,0.0
QLD,159,Fadden,GRN,4,6,ALP>LNP>ON,ON,0.15380007487832273,0.15380007487832273,0.0,0.0
QLD,159,Fadden,ON,3,7,ALP>LNP,ALP,0.2983840458304059,0.2983840458304059,0.0,0.0
QLD,159,Fadden,ON,3,7,ALP>LNP,LNP,0.7016159541695941,0.7016159541695941,0.0,0.0
QLD,159,Fadden,OTH,5,5,ALP>LNP>GRN>ON,ALP,0.08164794007490636,0.16591619762351473,0.08426825754860837,0.08426825754860837
QLD,159,Fadden,OTH,5,5,ALP>LNP>GRN>ON,GRN,0.11880149812734082,0.18736710444027518,0.06856560631293436,0.06856560631293436
QLD,159,Fadden,OTH,5,5,ALP>LNP>GRN>ON,LNP,0.15685393258426966,0.17435897435897435,0.017505041774704688,0.017505041774704688
QLD,159,Fadden,OTH,5,5,ALP>LNP>GRN>ON,ON,0.6426966292134831,0.47235772357723577,-0.17033890563624737,0.17033890563624737
QLD,160,Fairfax,GRN,5,4,ALP>LNP>ON>IND,ALP,0.4585907497077976,0.45859074970779756,-5.551115123125783e-17,5.551115123125783e-17
QLD,160,Fairfax,GRN,5,4,ALP>LNP>ON>IND,IND,0.42068792786775755,0.4206879278677576,5.551115123125783e-17,5.551115123125783e-17
QLD,160,Fairfax,GRN,5,4,ALP>LNP>ON>IND,LNP,0.0678744364668559,0.0678744364668559,0.0,0.0
QLD,160,Fairfax,GRN,5,4,ALP>LNP>ON>IND,ON,0.052846885957588914,0.052846885957588914,0.0,0.0
QLD,160,Fairfax,IND,3,6,ALP>LNP,ALP,0.6629105453426659,0.662910545342666,1.1102230246251565e-16,1.1102230246251565e-16
QLD,160,Fairfax,IND,3,6,ALP>LNP,LNP,0.33708945465733403,0.33708945465733403,0.0,0.0
QLD,160,Fairfax,ON,4,5,ALP>LNP>IND,ALP,0.0791097227645451,0.0791097227645451,0.0,0.0
QLD,160,Fairfax,ON,4,5,ALP>LNP>IND,IND,0.4562280359234674,0.4562280359234674,0.0,0.0
QLD,160,Fairfax,ON,4,5,ALP>LNP>IND,LNP,0.4646622413119875,0.4646622413119875,0.0,0.0
QLD,160,Fairfax,OTH,6,3,ALP>LNP>GRN>ON>IND,ALP,0.0515791865485117,0.06760174752816739,0.016022560979655688,0.016022560979655688
QLD,160,Fairfax,OTH,6,3,ALP>LNP>GRN>ON>IND,GRN,0.07430129516019086,0.07208553690503564,-0.0022157582551552285,0.0022157582551552285
QLD,160,Fairfax,OTH,6,3,ALP>LNP>GRN>ON>IND,IND,0.18404907975460122,0.23407679926419867,0.050027719509597446,0.050027719509597446
QLD,160,Fairfax,OTH,6,3,ALP>LNP>GRN>ON>IND,LNP,0.14292206316746195,0.17325822028052426,0.030336157113062312,0.030336157113062312
QLD,160,Fairfax,OTH,6,3,ALP>LNP>GRN>ON>IND,ON,0.5471483753692342,0.45297769602207405,-0.09417067934716017,0.09417067934716017
QLD,161,Fisher,GRN,5,4,ALP>LNP>ON>IND,ALP,0.4000334476126766,0.4000334476126766,0.0,0.0
QLD,161,Fisher,GRN,5,4,ALP>LNP>ON>IND,IND,0.4844886696212058,0.48448866962120585,5.551115123125783e-17,5.551115123125783e-17
QLD,161,Fisher,GRN,5,4,ALP>LNP>ON>IND,LNP,0.06605903503637428,0.06605903503637428,0.0,0.0
QLD,161,Fisher,GRN,5,4,ALP>LNP>ON>IND,ON,0.04941884772974329,0.04941884772974329,0.0,0.0
QLD,161,Fisher,IND,3,6,ALP>LNP,ALP,0.5800301362280513,0.5800301362280513,0.0,0.0
QLD,161,Fisher,IND,3,6,ALP>LNP,LNP,0.4199698637719487,0.4199698637719487,0.0,0.0
QLD,161,Fisher,ON,4,5,ALP>LNP>IND,ALP,0.10400057458880989,0.10400057458880987,-1.3877787807814457e-17,1.3877787807814457e-17
QLD,161,Fisher,ON,4,5,ALP>LNP>IND,IND,0.42023989082812613,0.42023989082812613,0.0,0.0
QLD,161,Fisher,ON,4,5,ALP>LNP>IND,LNP,0.47575953458306397,0.47575953458306397,0.0,0.0
QLD,161,Fisher,OTH,6,3,ALP>LNP>GRN>ON>IND,ALP,0.040524829762497924,0.06068706068706069,0.020162230924562763,0.020162230924562763
QLD,161,Fisher,OTH,6,3,ALP>LNP>GRN>ON>IND,GRN,0.0441787078558379,0.055737055737055737,0.011558347881217838,0.011558347881217838
QLD,161,Fisher,OTH,6,3,ALP>LNP>GRN>ON>IND,IND,0.1456568676299618,0.1562221562221562,0.01056528859219441,0.01056528859219441
QLD,161,Fisher,OTH,6,3,ALP>LNP>GRN>ON>IND,LNP,0.07407407407407407,0.12018612018612018,0.04611204611204611,0.04611204611204611
QLD,161,Fisher,OTH,6,3,ALP>LNP>GRN>ON>IND,ON,0.6955655206776283,0.6071676071676072,-0.08839791351002113,0.08839791351002113
QLD,162,Forde,GRN,4,5,ALP>LNP>ON,ALP,0.6969717362045761,0.6969717362045761,0.0,0.0
QLD,162,Forde,GRN,4,5,ALP>LNP>ON,LNP,0.1506056527590848,0.1506056527590848,0.0,0.0
QLD,162,Forde,GRN,4,5,ALP>LNP>ON,ON,0.15242261103633917,0.15242261103633917,0.0,0.0
QLD,162,Forde,ON,3,6,ALP>LNP,ALP,0.32598433105664926,0.32598433105664926,0.0,0.0
QLD,162,Forde,ON,3,6,ALP>LNP,LNP,0.6740156689433507,0.6740156689433507,0.0,0.0
QLD,162,Forde,OTH,5,4,ALP>LNP>GRN>ON,ALP,0.09812961011591148,0.13883664228491815,0.040707032169006674,0.040707032169006674
QLD,162,Forde,OTH,5,4,ALP>LNP>GRN>ON,GRN,0.18611696522655427,0.17972831765935215,-0.006388647567202116,0.006388647567202116
QLD,162,Forde,OTH,5,4,ALP>LNP>GRN>ON,LNP,0.2642255005268704,0.2218042493904563,-0.042421251136414095,0.042421251136414095
QLD,162,Forde,OTH,5,4,ALP>LNP>GRN>ON,ON,0.45152792413066384,0.4596307906652734,0.008102866534609565,0.008102866534609565
QLD,163,Griffith,LNP,3,5,ALP>GRN,ALP,0.7946651033269823,0.7946651033269823,0.0,0.0
QLD,163,Griffith,LNP,3,5,ALP>GRN,GRN,0.20533489667301774,0.20533489667301774,0.0,0.0
QLD,163,Griffith,ON,4,4,ALP>LNP>GRN,ALP,0.1458984375,0.1458984375,0.0,0.0
QLD,163,Griffith,ON,4,4,ALP>LNP>GRN,GRN,0.1681640625,0.1681640625,0.0,0.0
QLD,163,Griffith,ON,4,4,ALP>LNP>GRN,LNP,0.6859375,0.6859375,0.0,0.0
QLD,163,Griffith,OTH,5,3,ALP>LNP>GRN>ON,ALP,0.09977897063467003,0.11644749380598438,0.016668523171314342,0.016668523171314342
QLD,163,Griffith,OTH,5,3,ALP>LNP>GRN>ON,GRN,0.1152510262077676,0.11854392986468458,0.003292903656916979,0.003292903656916979
QLD,163,Griffith,OTH,5,3,ALP>LNP>GRN>ON,LNP,0.26839280075781496,0.30074328187535737,0.03235048111754241,0.03235048111754241
QLD,163,Griffith,OTH,5,3,ALP>LNP>GRN>ON,ON,0.5165772023997474,0.4642652944539737,-0.05231190794577367,0.05231190794577367
QLD,164,Groom,ALP,3,6,LNP>IND,IND,0.7495993773178884,0.7495993773178884,0.0,0.0
QLD,164,Groom,ALP,3,6,LNP>IND,LNP,0.2504006226821116,0.2504006226821116,0.0,0.0
QLD,164,Groom,GRN,5,4,ALP>LNP>ON>IND,ALP,0.420850606479349,0.420850606479349,0.0,0.0
QLD,164,Groom,GRN,5,4,ALP>LNP>ON>IND,IND,0.40856748042376784,0.40856748042376784,0.0,0.0
QLD,164,Groom,GRN,5,4,ALP>LNP>ON>IND,LNP,0.07630892062029787,0.07630892062029787,0.0,0.0
QLD,164,Groom,GRN,5,4,ALP>LNP>ON>IND,ON,0.09427299247658529,0.0942729924765853,1.3877787807814457e-17,1.3877787807814457e-17
QLD,164,Groom,ON,4,5,ALP>LNP>IND,ALP,0.06960572978235172,0.06960572978235172,0.0,0.0
QLD,164,Groom,ON,4,5,ALP>LNP>IND,IND,0.4108198317224115,0.4108198317224115,0.0,0.0
QLD,164,Groom,ON,4,5,ALP>LNP>IND,LNP,0.5195744384952368,0.5195744384952368,0.0,0.0
QLD,164,Groom,OTH,6,3,ALP>LNP>GRN>ON>IND,ALP,0.04805793285055958,0.08884416331224843,0.04078623046168885,0.04078623046168885
QLD,164,Groom,OTH,6,3,ALP>LNP>GRN>ON>IND,GRN,0.07131885012069344,0.07245543415756182,0.0011365840368683794,0.0011365840368683794
QLD,164,Groom,OTH,6,3,ALP>LNP>GRN>ON>IND,IND,0.15690147026552556,0.29873490511788386,0.1418334348523583,0.1418334348523583
QLD,164,Groom,OTH,6,3,ALP>LNP>GRN>ON>IND,LNP,0.16567917489576475,0.16551658041019743,-0.00016259448556732448,0.00016259448556732448
QLD,164,Groom,OTH,6,3,ALP>LNP>GRN>ON>IND,ON,0.5580425718674566,0.3744489170021085,-0.18359365486534818,0.18359365486534818
QLD,165,Herbert,GRN,4,5,ALP>LNP>OTH,ALP,0.7024427774572033,0.7024427774572033,0.0,0.0
QLD,165,Herbert,GRN,4,5,ALP>LNP>OTH,LNP,0.12771686862858242,0.12771686862858242,0.0,0.0
QLD,165,Herbert,GRN,4,5,ALP>LNP>OTH,OTH,0.16984035391421426,0.16984035391421426,0.0,0.0
QLD,165,Herbert,ON,5,4,ALP>LNP>GRN>OTH,ALP,0.04790419161676647,0.04790419161676647,0.0,0.0
QLD,165,Herbert,ON,5,4,ALP>LNP>GRN>OTH,GRN,0.06429997148560022,0.06429997148560022,0.0,0.0
QLD,165,Herbert,ON,5,4,ALP>LNP>GRN>OTH,LNP,0.23781009409751924,0.23781009409751924,0.0,0.0
QLD,165,Herbert,ON,5,4,ALP>LNP>GRN>OTH,OTH,0.649985742800114,0.649985742800114,0.0,0.0
QLD,165,Herbert,OTH,3,6,ALP>LNP,ALP,0.3333770233960286,0.352421286880134,0.019044263484105428,0.019044263484105428
QLD,165,Herbert,OTH,3,6,ALP>LNP,LNP,0.6666229766039714,0.647578713119866,-0.019044263484105373,0.019044263484105373
QLD,166,Hinkler,GRN,4,4,ALP>LNP>ON,ALP,0.558699454676407,0.558699454676407,0.0,0.0
QLD,166,Hinkler,GRN,4,4,ALP>LNP>ON,LNP,0.2508488527626299,0.2508488527626299,0.0,0.0
QLD,166,Hinkler,GRN,4,4,ALP>LNP>ON,ON,0.19045169256096306,0.19045169256096306,0.0,0.0
QLD,166,Hinkler,ON,3,5,ALP>LNP,ALP,0.3027380211574362,0.3027380211574362,0.0,0.0
QLD,166,Hinkler,ON,3,5,ALP>LNP,LNP,0.6972619788425638,0.6972619788425638,0.0,0.0
QLD,166,Hinkler,OTH,5,3,ALP>LNP>GRN>ON,ALP,0.0848912628767646,0.13313688722207342,0.048245624345308824,0.048245624345308824
QLD,166,Hinkler,OTH,5,3,ALP>LNP>GRN>ON,GRN,0.09805417779473484,0.15349584784355746,0.055441670048822625,0.055441670048822625
QLD,166,Hinkler,OTH,5,3,ALP>LNP>GRN>ON,LNP,0.12018313620755437,0.16430038396285382,0.044117247755299446,0.044117247755299446
QLD,166,Hinkler,OTH,5,3,ALP>LNP>GRN>ON,ON,0.6968714231209462,0.5490668809715153,-0.14780454214943084,0.14780454214943084
QLD,167,Kennedy,ALP,3,6,LNP>OTH,LNP,0.2973802987297008,0.2973802987297008,0.0,0.0
QLD,167,Kennedy,ALP,3,6,LNP>OTH,OTH,0.7026197012702992,0.7026197012702992,0.0,0.0
QLD,167,Kennedy,GRN,5,4,ALP>LNP>ON>OTH,ALP,0.6145661621459614,0.6145661621459614,0.0,0.0
QLD,167,Kennedy,GRN,5,4,ALP>LNP>ON>OTH,LNP,0.11509066386932414,0.11509066386932414,0.0,0.0
QLD,167,Kennedy,GRN,5,4,ALP>LNP>ON>OTH,ON,0.10984564663569608,0.10984564663569608,0.0,0.0
QLD,167,Kennedy,GRN,5,4,ALP>LNP>ON>OTH,OTH,0.16049752734901843,0.16049752734901843,0.0,0.0
QLD,167,Kennedy,ON,4,5,ALP>LNP>OTH,ALP,0.09725841759616387,0.09725841759616387,0.0,0.0
QLD,167,Kennedy,ON,4,5,ALP>LNP>OTH,LNP,0.23517147920358594,0.23517147920358594,0.0,0.0
QLD,167,Kennedy,ON,4,5,ALP>LNP>OTH,OTH,0.6675701032002502,0.6675701032002502,0.0,0.0
QLD,168,Leichhardt,GRN,4,7,ALP>LNP>ON,ALP,0.7289253403229897,0.7289253403229897,0.0,0.0
QLD,168,Leichhardt,GRN,4,7,ALP>LNP>ON,LNP,0.11997970744905724,0.11997970744905725,1.3877787807814457e-17,1.3877787807814457e-17
QLD,168,Leichhardt,GRN,4,7,ALP>LNP>ON,ON,0.151094952227953,0.151094952227953,0.0,0.0
QLD,168,Leichhardt,ON,3,8,ALP>LNP,ALP,0.358970145165708,0.358970145165708,0.0,0.0
QLD,168,Leichhardt,ON,3,8,ALP>LNP,LNP,0.641029854834292,0.641029854834292,0.0,0.0
QLD,168,Leichhardt,OTH,5,6,ALP>LNP>GRN>ON,ALP,0.14365242647948687,0.18461624399508436,0.040963817515597495,0.040963817515597495
QLD,168,Leichhardt,OTH,5,6,ALP>LNP>GRN>ON,GRN,0.08761950865303159,0.17042788515249693,0.08280837649946535,0.08280837649946535
QLD,168,Leichhardt,OTH,5,6,ALP>LNP>GRN>ON,LNP,0.15055064746460123,0.14780471455703273,-0.002745932907568499,0.002745932907568499
QLD,168,Leichhardt,OTH,5,6,ALP>LNP>GRN>ON,ON,0.6181774174028803,0.497151156295386,-0.12102626110749437,0.12102626110749437
QLD,169,Lilley,GRN,3,4,ALP>LNP,ALP,0.884189377157282,0.884189377157282,0.0,0.0
QLD,169,Lilley,GRN,3,4,ALP>LNP,LNP,0.11581062284271805,0.11581062284271805,0.0,0.0
QLD,169,Lilley,ON,4,3,ALP>LNP>GRN,ALP,0.15980208611928323,0.15980208611928323,0.0,0.0
QLD,169,Lilley,ON,4,3,ALP>LNP>GRN,GRN,0.18106445573682803,0.18106445573682803,0.0,0.0
QLD,169,Lilley,ON,4,3,ALP>LNP>GRN,LNP,0.6591334581438888,0.6591334581438888,0.0,0.0
QLD,169,Lilley,OTH,5,2,ALP>LNP>GRN>ON,ALP,0.21339606974813174,0.18556350017024173,-0.027832569577890015,0.027832569577890015
QLD,169,Lilley,OTH,5,2,ALP>LNP>GRN>ON,GRN,0.10572931082203155,0.12989445011916922,0.024165139297137678,0.024165139297137678
QLD,169,Lilley,OTH,5,2,ALP>LNP>GRN>ON,LNP,0.16828120675339053,0.17500851208716378,0.006727305333773248,0.006727305333773248
QLD,169,Lilley,OTH,5,2,ALP>LNP>GRN>ON,ON,0.5125934126764462,0.5095335376234252,-0.003059875053020966,0.003059875053020966
QLD,170,Maranoa,ALP,3,6,LNP>ON,LNP,0.5890990421549084,0.5890990421549084,0.0,0.0
QLD,170,Maranoa,ALP,3,6,LNP>ON,ON,0.4109009578450917,0.4109009578450917,0.0,0.0
QLD,170,Maranoa,GRN,5,4,ALP>LNP>ON>OTH,ALP,0.5847170148187824,0.5847170148187824,0.0,0.0
QLD,170,Maranoa,GRN,5,4,ALP>LNP>ON>OTH,LNP,0.1483663631494376,0.1483663631494376,0.0,0.0
QLD,170,Maranoa,GRN,5,4,ALP>LNP>ON>OTH,ON,0.09051955008034279,0.09051955008034279,0.0,0.0
QLD,170,Maranoa,GRN,5,4,ALP>LNP>ON>OTH,OTH,0.17639707195143725,0.17639707195143725,0.0,0.0
QLD,170,Maranoa,OTH,4,5,ALP>LNP>ON,ALP,0.11517323775388291,0.14194950079109536,0.02677626303721245,0.02677626303721245
QLD,170,Maranoa,OTH,4,5,ALP>LNP>ON,LNP,0.2684587813620072,0.26339826160563834,-0.005060519756368842,0.005060519756368842
QLD,170,Maranoa,OTH,4,5,ALP>LNP>ON,ON,0.6163679808841099,0.5946522376032662,-0.02171574328084369,0.02171574328084369
QLD,171,McPherson,GRN,4,9,ALP>LNP>IND,ALP,0.4532770332293005,0.4532770332293005,0.0,0.0
QLD,171,McPherson,GRN,4,9,ALP>LNP>IND,IND,0.4480447953001652,0.4480447953001652,0.0,0.0
QLD,171,McPherson,GRN,4,9,ALP>LNP>IND,LNP,0.09867817147053425,0.09867817147053425,0.0,0.0
QLD,171,McPherson,IND,3,10,ALP>LNP,ALP,0.5950247089370969,0.5950247089370969,0.0,0.0
QLD,171,McPherson,IND,3,10,ALP>LNP,LNP,0.4049752910629031,0.4049752910629031,0.0,0.0
QLD,171,McPherson,ON,5,8,ALP>LNP>GRN>IND,ALP,0.07343617920540997,0.07343617920540997,0.0,0.0
QLD,171,McPherson,ON,5,8,ALP>LNP>GRN>IND,GRN,0.07840236686390532,0.07840236686390532,0.0,0.0
QLD,171,McPherson,ON,5,8,ALP>LNP>GRN>IND,IND,0.30346576500422656,0.30346576500422656,0.0,0.0
QLD,171,McPherson,ON,5,8,ALP>LNP>GRN>IND,LNP,0.5446956889264581,0.5446956889264581,0.0,0.0
QLD,171,McPherson,OTH,6,7,ALP>LNP>GRN>ON>IND,ALP,0.0739866194411649,0.12189977452905666,0.04791315508789176,0.04791315508789176
QLD,171,McPherson,OTH,6,7,ALP>LNP>GRN>ON>IND,GRN,0.04939000393545848,0.1437922758018765,0.09440227186641803,0.09440227186641803
QLD,171,McPherson,OTH,6,7,ALP>LNP>GRN>ON>IND,IND,0.14620228256591894,0.20066913957378718,0.05446685700786824,0.05446685700786824
QLD,171,McPherson,OTH,6,7,ALP>LNP>GRN>ON>IND,LNP,0.08776072412436049,0.15288384609789804,0.06512312197353755,0.06512312197353755
QLD,171,McPherson,OTH,6,7,ALP>LNP>GRN>ON>IND,ON,0.6426603699330972,0.3807549639973816,-0.26190540593571554,0.26190540593571554
QLD,172,Moncrieff,GRN,3,7,ALP>LNP,ALP,0.6727977326623865,0.6727977326623865,0.0,0.0
QLD,172,Moncrieff,GRN,3,7,ALP>LNP,LNP,0.3272022673376135,0.3272022673376135,0.0,0.0
QLD,172,Moncrieff,IND,5,5,ALP>LNP>GRN>ON,ALP,0.23481740870435217,0.23481740870435217,0.0,0.0
QLD,172,Moncrieff,IND,5,5,ALP>LNP>GRN>ON,GRN,0.38969484742371185,0.38969484742371185,0.0,0.0
QLD,172,Moncrieff,IND,5,5,ALP>LNP>GRN>ON,LNP,0.1938969484742371,0.1938969484742371,0.0,0.0
QLD,172,Moncrieff,IND,5,5,ALP>LNP>GRN>ON,ON,0.18159079539769885,0.18159079539769885,0.0,0.0
QLD,172,Moncrieff,ON,4,6,ALP>LNP>GRN,ALP,0.13532427374074377,0.13532427374074377,0.0,0.0
QLD,172,Moncrieff,ON,4,6,ALP>LNP>GRN,GRN,0.2239401090406054,0.22394010904060543,2.7755575615628914e-17,2.7755575615628914e-17
QLD,172,Moncrieff,ON,4,6,ALP>LNP>GRN,LNP,0.6407356172186508,0.6407356172186508,0.0,0.0
QLD,172,Moncrieff,OTH,6,4,ALP>LNP>GRN>ON>IND,ALP,0.11650661351694147,0.10863849765258216,-0.007868115864359315,0.007868115864359315
QLD,172,Moncrieff,OTH,6,4,ALP>LNP>GRN>ON>IND,GRN,0.04149302409856858,0.10178403755868545,0.06029101346011687,0.06029101346011687
QLD,172,Moncrieff,OTH,6,4,ALP>LNP>GRN>ON>IND,IND,0.21398804131183186,0.22103286384976525,0.007044822537933398,0.007044822537933398
QLD,172,Moncrieff,OTH,6,4,ALP>LNP>GRN>ON>IND,LNP,0.14640333393730748,0.13849765258215962,-0.007905681355147853,0.007905681355147853
QLD,172,Moncrieff,OTH,6,4,ALP>LNP>GRN>ON>IND,ON,0.4816089871353506,0.4300469483568075,-0.051562038778543096,0.051562038778543096
QLD,173,Moreton,GRN,3,6,ALP>LNP,ALP,0.8856042282540536,0.8856042282540536,0.0,0.0
QLD,173,Moreton,GRN,3,6,ALP>LNP,LNP,0.11439577174594644,0.11439577174594644,0.0,0.0
QLD,173,Moreton,ON,4,5,ALP>LNP>GRN,ALP,0.16424005681818182,0.16424005681818182,0.0,0.0
QLD,173,Moreton,ON,4,5,ALP>LNP>GRN,GRN,0.17915482954545456,0.17915482954545456,0.0,0.0
QLD,173,Moreton,ON,4,5,ALP>LNP>GRN,LNP,0.6566051136363636,0.6566051136363636,0.0,0.0
QLD,173,Moreton,OTH,5,4,ALP>LNP>GRN>ON,ALP,0.1407035175879397,0.23195876288659795,0.09125524529865825,0.09125524529865825
QLD,173,Moreton,OTH,5,4,ALP>LNP>GRN>ON,GRN,0.13745196571090748,0.14103665521191294,0.0035846895010054614,0.0035846895010054614
QLD,173,Moreton,OTH,5,4,ALP>LNP>GRN>ON,LNP,0.17617499261010938,0.2051832760595647,0.02900828344945533,0.02900828344945533
QLD,173,Moreton,OTH,5,4,ALP>LNP>GRN>ON,ON,0.5456695240910434,0.42182130584192434,-0.12384821824911907,0.12384821824911907
QLD,174,Oxley,GRN,3,5,ALP>LNP,ALP,0.797689522386344,0.797689522386344,0.0,0.0
QLD,174,Oxley,GRN,3,5,ALP>LNP,LNP,0.20231047761365595,0.20231047761365598,2.7755575615628914e-17,2.7755575615628914e-17
QLD,174,Oxley,ON,4,4,ALP>LNP>GRN,ALP,0.22112613611172688,0.2211261361117269,2.7755575615628914e-17,2.7755575615628914e-17
QLD,174,Oxley,ON,4,4,ALP>LNP>GRN,GRN,0.19718465972068278,0.19718465972068278,0.0,0.0
QLD,174,Oxley,ON,4,4,ALP>LNP>GRN,LNP,0.5816892041675903,0.5816892041675903,0.0,0.0
QLD,174,Oxley,OTH,5,3,ALP>LNP>GRN>ON,ALP,0.1387427998998247,0.16555228670767586,0.02680948680785117,0.02680948680785117
QLD,174,Oxley,OTH,5,3,ALP>LNP>GRN>ON,GRN,0.21813173052842474,0.2194437015244718,0.001311970996047046,0.001311970996047046
QLD,174,Oxley,OTH,5,3,ALP>LNP>GRN>ON,LNP,0.1753067868770348,0.175849157528751,0.0005423706517161953,0.0005423706517161953
QLD,174,Oxley,OTH,5,3,ALP>LNP>GRN>ON,ON,0.46781868269471577,0.4391548542391014,-0.028663828455614382,0.028663828455614382
QLD,175,Petrie,GRN,3,4,ALP>LNP,ALP,0.7748584371460928,0.7748584371460928,0.0,0.0
QLD,175,Petrie,GRN,3,4,ALP>LNP,LNP,0.22514156285390713,0.22514156285390716,2.7755575615628914e-17,2.7755575615628914e-17
QLD,175,Petrie,ON,4,3,ALP>LNP>GRN,ALP,0.20850891410048622,0.20850891410048622,0.0,0.0
QLD,175,Petrie,ON,4,3,ALP>LNP>GRN,GRN,0.1946515397082658,0.1946515397082658,0.0,0.0
QLD,175,Petrie,ON,4,3,ALP>LNP>GRN,LNP,0.596839546191248,0.596839546191248,0.0,0.0
QLD,175,Petrie,OTH,5,2,ALP>LNP>GRN>ON,ALP,0.11333084391336819,0.11489058039961941,0.0015597364862512259,0.0015597364862512259
QLD,175,Petrie,OTH,5,2,ALP>LNP>GRN>ON,GRN,0.1157580283793876,0.1731684110371075,0.0574103826577199,0.0574103826577199
QLD,175,Petrie,OTH,5,2,ALP>LNP>GRN>ON,LNP,0.160941000746826,0.17768791627021885,0.016746915523392858,0.016746915523392858
QLD,175,Petrie,OTH,5,2,ALP>LNP>GRN>ON,ON,0.6099701269604182,0.5342530922930543,-0.0757170346673639,0.0757170346673639
QLD,176,Rankin,GRN,3,6,ALP>LNP,ALP,0.7128603104212861,0.7128603104212861,0.0,0.0
QLD,176,Rankin,GRN,3,6,ALP>LNP,LNP,0.28713968957871394,0.28713968957871394,0.0,0.0
QLD,176,Rankin,ON,4,5,ALP>LNP>GRN,ALP,0.20535310606745638,0.20535310606745635,-2.7755575615628914e-17,2.7755575615628914e-17
QLD,176,Rankin,ON,4,5,ALP>LNP>GRN,GRN,0.2239804683967809,0.2239804683967809,0.0,0.0
QLD,176,Rankin,ON,4,5,ALP>LNP>GRN,LNP,0.5706664255357627,0.5706664255357627,0.0,0.0
QLD,176,Rankin,OTH,5,4,ALP>LNP>GRN>ON,ALP,0.1231643770724775,0.12995414346544384,0.006789766392966343,0.006789766392966343
QLD,176,Rankin,OTH,5,4,ALP>LNP>GRN>ON,GRN,0.1661140060003158,0.23132983950212904,0.06521583350181323,0.06521583350181323
QLD,176,Rankin,OTH,5,4,ALP>LNP>GRN>ON,LNP,0.337912521711669,0.22617097936455946,-0.11174154234710956,0.11174154234710956
QLD,176,Rankin,OTH,5,4,ALP>LNP>GRN>ON,ON,0.3728090952155377,0.41254503766786765,0.039735942452329975,0.039735942452329975
QLD,177,Ryan,ALP,3,6,LNP>GRN,GRN,0.7576797332729097,0.7576797332729097,0.0,0.0
QLD,177,Ryan,ALP,3,6,LNP>GRN,LNP,0.24232026672709028,0.2423202667270903,2.7755575615628914e-17,2.7755575615628914e-17
QLD,177,Ryan,ON,4,5,ALP>LNP>GRN,ALP,0.14055080721747387,0.14055080721747387,0.0,0.0
QLD,177,Ryan,ON,4,5,ALP>LNP>GRN,GRN,0.1278252611585945,0.1278252611585945,0.0,0.0
QLD,177,Ryan,ON,4,5,ALP>LNP>GRN,LNP,0.7316239316239316,0.7316239316239316,0.0,0.0
QLD,177,Ryan,OTH,5,4,ALP>LNP>GRN>ON,ALP,0.08171701112877583,0.15279138099902057,0.07107436987024474,0.07107436987024474
QLD,177,Ryan,OTH,5,4,ALP>LNP>GRN>ON,GRN,0.09920508744038156,0.17074763303950374,0.07154254559912218,0.07154254559912218
QLD,177,Ryan,OTH,5,4,ALP>LNP>GRN>ON,LNP,0.15930047694753577,0.19686581782566112,0.03756534087812535,0.03756534087812535
QLD,177,Ryan,OTH,5,4,ALP>LNP>GRN>ON,ON,0.6597774244833068,0.47959516813581454,-0.18018225634749224,0.18018225634749224
QLD,178,Wide Bay,GRN,4,4,ALP>LNP>ON,ALP,0.6887077802050076,0.6887077802050076,0.0,0.0
QLD,178,Wide Bay,GRN,4,4,ALP>LNP>ON,LNP,0.15350361283817845,0.15350361283817845,0.0,0.0
QLD,178,Wide Bay,GRN,4,4,ALP>LNP>ON,ON,0.157788606956814,0.157788606956814,0.0,0.0
QLD,178,Wide Bay,ON,3,5,ALP>LNP,ALP,0.29263449549757564,0.29263449549757564,0.0,0.0
QLD,178,Wide Bay,ON,3,5,ALP>LNP,LNP,0.7073655045024244,0.7073655045024245,1.1102230246251565e-16,1.1102230246251565e-16
QLD,178,Wide Bay,OTH,5,3,ALP>LNP>GRN>ON,ALP,0.17132682669480348,0.18039450886312142,0.009067682168317936,0.009067682168317936
QLD,178,Wide Bay,OTH,5,3,ALP>LNP>GRN>ON,GRN,0.11843840675283566,0.18805811008929763,0.06961970333646196,0.06961970333646196
QLD,178,Wide Bay,OTH,5,3,ALP>LNP>GRN>ON,LNP,0.13268266948034818,0.1563374650139944,0.023654795533646217,0.023654795533646217
QLD,178,Wide Bay,OTH,5,3,ALP>LNP>GRN>ON,ON,0.5775520970720127,0.4752099160335866,-0.10234218103842613,0.10234218103842613
QLD,252,Dickson,GRN,4,6,ALP>LNP>IND,ALP,0.5312241521918941,0.5312241521918941,0.0,0.0
QLD,252,Dickson,GRN,4,6,ALP>LNP>IND,IND,0.42535153019023986,0.42535153019023986,0.0,0.0
QLD,252,Dickson,GRN,4,6,ALP>LNP>IND,LNP,0.043424317617866005,0.043424317617866005,0.0,0.0
QLD,252,Dickson,IND,3,7,ALP>LNP,ALP,0.7697138869504536,0.7697138869504536,0.0,0.0
QLD,252,Dickson,IND,3,7,ALP>LNP,LNP,0.2302861130495464,0.2302861130495464,0.0,0.0
QLD,252,Dickson,ON,5,5,ALP>LNP>GRN>IND,ALP,0.08884235716422376,0.08884235716422376,0.0,0.0
QLD,252,Dickson,ON,5,5,ALP>LNP>GRN>IND,GRN,0.0602752019144481,0.06027520191444811,6.938893903907228e-18,6.938893903907228e-18
QLD,252,Dickson,ON,5,5,ALP>LNP>GRN>IND,IND,0.3475919832485791,0.3475919832485791,0.0,0.0
QLD,252,Dickson,ON,5,5,ALP>LNP>GRN>IND,LNP,0.503290457672749,0.503290457672749,0.0,0.0
QLD,252,Dickson,OTH,6,4,ALP>LNP>GRN>ON>IND,ALP,0.1906435911303407,0.1652442795299938,-0.02539931160034692,0.02539931160034692
QLD,252,Dickson,OTH,6,4,ALP>LNP>GRN>ON>IND,GRN,0.22336398053001622,0.14941249226963513,-0.07395148826038109,0.07395148826038109
QLD,252,Dickson,OTH,6,4,ALP>LNP>GRN>ON>IND,IND,0.34748512709572743,0.2700061842918986,-0.07747894280382883,0.07747894280382883
QLD,252,Dickson,OTH,6,4,ALP>LNP>GRN>ON>IND,LNP,0.09194159004867496,0.13617810760667903,0.044236517558004076,0.044236517558004076
QLD,252,Dickson,OTH,6,4,ALP>LNP>GRN>ON>IND,ON,0.14656571119524067,0.2791589363017934,0.13259322510655272,0.13259322510655272
QLD,302,Longman,GRN,4,3,ALP>LNP>ON,ALP,0.6916922156584162,0.6916922156584161,-1.1102230246251565e-16,1.1102230246251565e-16
QLD,302,Longman,GRN,4,3,ALP>LNP>ON,LNP,0.11755028789351679,0.11755028789351678,-1.3877787807814457e-17,1.3877787807814457e-17
QLD,302,Longman,GRN,4,3,ALP>LNP>ON,ON,0.190757496448067,0.190757496448067,0.0,0.0
QLD,302,Longman,ON,3,4,ALP>LNP,ALP,0.3374914055593753,0.3374914055593753,0.0,0.0
QLD,302,Longman,ON,3,4,ALP>LNP,LNP,0.6625085944406247,0.6625085944406247,0.0,0.0
QLD,302,Longman,OTH,5,2,ALP>LNP>GRN>ON,ALP,0.12309242729628563,0.1379633974659784,0.014870970169692785,0.014870970169692785
QLD,302,Longman,OTH,5,2,ALP>LNP>GRN>ON,GRN,0.09761013532968615,0.12754575316752698,0.029935617837840822,0.029935617837840822
QLD,302,Longman,OTH,5,2,ALP>LNP>GRN>ON,LNP,0.1767923985027354,0.1949319568277804,0.01813955832504499,0.01813955832504499
QLD,302,Longman,OTH,5,2,ALP>LNP>GRN>ON,ON,0.6025050388712928,0.5395588925387143,-0.06294614633257856,0.06294614633257856
QLD,304,Blair,GRN,4,7,ALP>LNP>ON,ALP,0.7225581250389578,0.7225581250389578,0.0,0.0
QLD,304,Blair,GRN,4,7,ALP>LNP>ON,LNP,0.10104095244031665,0.10104095244031665,0.0,0.0
QLD,304,Blair,GRN,4,7,ALP>LNP>ON,ON,0.17640092252072556,0.17640092252072556,0.0,0.0
QLD,304,Blair,ON,3,8,ALP>LNP,ALP,0.33368490441661175,0.33368490441661175,0.0,0.0
QLD,304,Blair,ON,3,8,ALP>LNP,LNP,0.6663150955833883,0.6663150955833883,0.0,0.0
QLD,304,Blair,OTH,5,6,ALP>LNP>GRN>ON,ALP,0.1893859184753838,0.16660488269872373,-0.022781035776660075,0.022781035776660075
QLD,304,Blair,OTH,5,6,ALP>LNP>GRN>ON,GRN,0.3249073583906829,0.20860032833765818,-0.11630703005302473,0.11630703005302473
QLD,304,Blair,OTH,5,6,ALP>LNP>GRN>ON,LNP,0.11858125992588671,0.17036487846210874,0.05178361853622203,0.05178361853622203
QLD,304,Blair,OTH,5,6,ALP>LNP>GRN>ON,ON,0.36712546320804657,0.45442991050150927,0.0873044472934627,0.0873044472934627
QLD,310,Bonner,GRN,3,6,ALP>LNP,ALP,0.8433893834487306,0.8433893834487305,-1.1102230246251565e-16,1.1102230246251565e-16
QLD,310,Bonner,GRN,3,6,ALP>LNP,LNP,0.15661061655126937,0.15661061655126937,0.0,0.0
QLD,310,Bonner,ON,4,5,ALP>LNP>GRN,ALP,0.16249823371485092,0.16249823371485092,0.0,0.0
QLD,310,Bonner,ON,4,5,ALP>LNP>GRN,GRN,0.1649003815175922,0.1649003815175922,0.0,0.0
QLD,310,Bonner,ON,4,5,ALP>LNP>GRN,LNP,0.6726013847675568,0.6726013847675568,0.0,0.0
QLD,310,Bonner,OTH,5,4,ALP>LNP>GRN>ON,ALP,0.10571791613722999,0.16233616923430674,0.05661825309707676,0.05661825309707676
QLD,310,Bonner,OTH,5,4,ALP>LNP>GRN>ON,GRN,0.11842439644218551,0.1936077259140032,0.07518332947181768,0.07518332947181768
QLD,310,Bonner,OTH,5,4,ALP>LNP>GRN>ON,LNP,0.3229987293519695,0.26546332490227637,-0.05753540444969313,0.05753540444969313
QLD,310,Bonner,OTH,5,4,ALP>LNP>GRN>ON,ON,0.452858958068615,0.3785927799494137,-0.07426617811920128,0.07426617811920128
QLD,311,Flynn,GRN,5,5,ALP>LNP>ON>OTH,ALP,0.5960733362205861,0.5960733362205861,0.0,0.0
QLD,311,Flynn,GRN,5,5,ALP>LNP>ON>OTH,LNP,0.08849429767576152,0.08849429767576152,0.0,0.0
QLD,311,Flynn,GRN,5,5,ALP>LNP>ON>OTH,ON,0.11130359462970983,0.11130359462970982,-1.3877787807814457e-17,1.3877787807814457e-17
QLD,311,Flynn,GRN,5,5,ALP>LNP>ON>OTH,OTH,0.20412877147394254,0.20412877147394254,0.0,0.0
QLD,311,Flynn,ON,3,7,ALP>LNP,ALP,0.26190667416271785,0.26190667416271785,0.0,0.0
QLD,311,Flynn,ON,3,7,ALP>LNP,LNP,0.7380933258372822,0.7380933258372822,0.0,0.0
QLD,311,Flynn,OTH,4,6,ALP>LNP>ON,ALP,0.13831188570270544,0.25350546238586885,0.1151935766831634,0.1151935766831634
QLD,311,Flynn,OTH,4,6,ALP>LNP>ON,LNP,0.17630965650015198,0.1856619303825744,0.009352273882422407,0.009352273882422407
QLD,311,Flynn,OTH,4,6,ALP>LNP>ON,ON,0.6853784577971426,0.5608326072315568,-0.12454585056558576,0.12454585056558576
QLD,316,Wright,GRN,4,5,ALP>LNP>ON,ALP,0.6735549132947977,0.6735549132947977,0.0,0.0
QLD,316,Wright,GRN,4,5,ALP>LNP>ON,LNP,0.11697976878612716,0.11697976878612716,0.0,0.0
QLD,316,Wright,GRN,4,5,ALP>LNP>ON,ON,0.20946531791907513,0.20946531791907513,0.0,0.0
QLD,316,Wright,ON,3,6,ALP>LNP,ALP,0.2549984330930743,0.2549984330930743,0.0,0.0
QLD,316,Wright,ON,3,6,ALP>LNP,LNP,0.7450015669069258,0.7450015669069258,0.0,0.0
QLD,316,Wright,OTH,5,4,ALP>LNP>GRN>ON,ALP,0.09258138690548227,0.11307071996287058,0.0204893330573883,0.0204893330573883
QLD,316,Wright,OTH,5,4,ALP>LNP>GRN>ON,GRN,0.10783008592520876,0.15733596333468702,0.04950587740947826,0.04950587740947826
QLD,316,Wright,OTH,5,4,ALP>LNP>GRN>ON,LNP,0.09887450078663923,0.14869176770899806,0.04981726692235883,0.04981726692235883
QLD,316,Wright,OTH,5,4,ALP>LNP>GRN>ON,ON,0.7007140263826698,0.5809015489934444,-0.1198124773892254,0.1198124773892254
SA,179,Adelaide,GRN,3,5,ALP>LNP,ALP,0.8917348511798885,0.8917348511798884,-1.1102230246251565e-16,1.1102230246251565e-16
SA,179,Adelaide,GRN,3,5,ALP>LNP,LNP,0.10826514882011147,0.10826514882011148,1.3877787807814457e-17,1.3877787807814457e-17
SA,179,Adelaide,ON,4,4,ALP>LNP>GRN,ALP,0.17644383810823103,0.17644383810823103,0.0,0.0
SA,179,Adelaide,ON,4,4,ALP>LNP>GRN,GRN,0.201758375018948,0.201758375018948,0.0,0.0
SA,179,Adelaide,ON,4,4,ALP>LNP>GRN,LNP,0.621797786872821,0.621797786872821,0.0,0.0
SA,179,Adelaide,OTH,5,3,ALP>LNP>GRN>ON,ALP,0.20107012109264996,0.28059536934950385,0.07952524825685389,0.07952524825685389
SA,179,Adelaide,OTH,5,3,ALP>LNP>GRN>ON,GRN,0.16840326668544073,0.3205622932745314,0.15215902658909067,0.15215902658909067
SA,179,Adelaide,OTH,5,3,ALP>LNP>GRN>ON,LNP,0.16699521261616446,0.12141675854465268,-0.04557845407151177,0.04557845407151177
SA,179,Adelaide,OTH,5,3,ALP>LNP>GRN>ON,ON,0.46353139960574485,0.277425578831312,-0.18610582077443283,0.18610582077443283
SA,180,Barker,GRN,4,7,ALP>LNP>ON,ALP,0.6224654280139136,0.6224654280139136,0.0,0.0
SA,180,Barker,GRN,4,7,ALP>LNP>ON,LNP,0.1484686519046407,0.1484686519046407,0.0,0.0
SA,180,Barker,GRN,4,7,ALP>LNP>ON,ON,0.22906592008144566,0.22906592008144566,0.0,0.0
SA,180,Barker,ON,3,8,ALP>LNP,ALP,0.3815070986530761,0.3815070986530761,0.0,0.0
SA,180,Barker,ON,3,8,ALP>LNP,LNP,0.6184929013469239,0.6184929013469239,0.0,0.0
SA,180,Barker,OTH,5,6,ALP>LNP>GRN>ON,ALP,0.16175106659246893,0.15974903195831813,-0.002002034634150801,0.002002034634150801
SA,180,Barker,OTH,5,6,ALP>LNP>GRN>ON,GRN,0.29938786867000555,0.22795825902021524,-0.07142960964979031,0.07142960964979031
SA,180,Barker,OTH,5,6,ALP>LNP>GRN>ON,LNP,0.19532554257095158,0.2396077013505384,0.04428215877958683,0.04428215877958683
SA,180,Barker,OTH,5,6,ALP>LNP>GRN>ON,ON,0.3435355221665739,0.3726850076709281,0.0291494855043542,0.0291494855043542
SA,182,Boothby,GRN,3,4,ALP>LNP,ALP,0.8808952113441761,0.8808952113441761,0.0,0.0
SA,182,Boothby,GRN,3,4,ALP>LNP,LNP,0.11910478865582386,0.11910478865582386,0.0,0.0
SA,182,Boothby,ON,4,3,ALP>LNP>GRN,ALP,0.23769744835965978,0.23769744835965978,0.0,0.0
SA,182,Boothby,ON,4,3,ALP>LNP>GRN,GRN,0.21126974483596597,0.211269744835966,2.7755575615628914e-17,2.7755575615628914e-17
SA,182,Boothby,ON,4,3,ALP>LNP>GRN,LNP,0.5510328068043743,0.5510328068043743,0.0,0.0
SA,182,Boothby,OTH,5,2,ALP>LNP>GRN>ON,ALP,0.10324324324324324,0.12033565434743795,0.01709241110419471,0.01709241110419471
SA,182,Boothby,OTH,5,2,ALP>LNP>GRN>ON,GRN,0.09378378378378378,0.11355115158007499,0.019767367796291208,0.019767367796291208
SA,182,Boothby,OTH,5,2,ALP>LNP>GRN>ON,LNP,0.17891891891891892,0.2262096054276022,0.04729068650868329,0.04729068650868329
SA,182,Boothby,OTH,5,2,ALP>LNP>GRN>ON,ON,0.624054054054054,0.5399035886448849,-0.08415046540916915,0.08415046540916915
SA,183,Grey,GRN,5,4,ALP>LNP>ON>IND,ALP,0.429864883688536,0.429864883688536,0.0,0.0
SA,183,Grey,GRN,5,4,ALP>LNP>ON>IND,IND,0.35311324697033014,0.35311324697033014,0.0,0.0
SA,183,Grey,GRN,5,4,ALP>LNP>ON>IND,LNP,0.1030784231787157,0.1030784231787157,0.0,0.0
SA,183,Grey,GRN,5,4,ALP>LNP>ON>IND,ON,0.11394344616241817,0.11394344616241817,0.0,0.0
SA,183,Grey,IND,3,6,ALP>LNP,ALP,0.5684803638708802,0.5684803638708802,0.0,0.0
SA,183,Grey,IND,3,6,ALP>LNP,LNP,0.43151963612911987,0.43151963612911987,0.0,0.0
SA,183,Grey,ON,4,5,ALP>LNP>IND,ALP,0.21053653485211313,0.21053653485211316,2.7755575615628914e-17,2.7755575615628914e-17
SA,183,Grey,ON,4,5,ALP>LNP>IND,IND,0.4077405993139603,0.4077405993139603,0.0,0.0
SA,183,Grey,ON,4,5,ALP>LNP>IND,LNP,0.3817228658339266,0.3817228658339266,0.0,0.0
SA,183,Grey,OTH,6,3,ALP>LNP>GRN>ON>IND,ALP,0.12519492091779907,0.10605216749550066,-0.019142753422298417,0.019142753422298417
SA,183,Grey,OTH,6,3,ALP>LNP>GRN>ON>IND,GRN,0.11895745154822901,0.10447648732227166,-0.014480964225957349,0.014480964225957349
SA,183,Grey,OTH,6,3,ALP>LNP>GRN>ON>IND,IND,0.21407885943417243,0.20580529296413835,-0.008273566470034077,0.008273566470034077
SA,183,Grey,OTH,6,3,ALP>LNP>GRN>ON>IND,LNP,0.1508130986856761,0.16600008601862543,0.01518698733294932,0.01518698733294932
SA,183,Grey,OTH,6,3,ALP>LNP>GRN>ON>IND,ON,0.3909556694141234,0.417665966199464,0.026710296785340593,0.026710296785340593
SA,185,Hindmarsh,GRN,3,7,ALP>LNP,ALP,0.8414751686704205,0.8414751686704205,0.0,0.0
SA,185,Hindmarsh,GRN,3,7,ALP>LNP,LNP,0.15852483132957945,0.15852483132957945,0.0,0.0
SA,185,Hindmarsh,ON,4,6,ALP>LNP>GRN,ALP,0.17569816904013316,0.17569816904013316,0.0,0.0
SA,185,Hindmarsh,ON,4,6,ALP>LNP>GRN,GRN,0.1938228222674311,0.19382282226743108,-2.7755575615628914e-17,2.7755575615628914e-17
SA,185,Hindmarsh,ON,4,6,ALP>LNP>GRN,LNP,0.6304790086924358,0.6304790086924358,0.0,0.0
SA,185,Hindmarsh,OTH,5,5,ALP>LNP>GRN>ON,ALP,0.12023562023562023,0.1730133889758303,0.05277776874021006,0.05277776874021006
SA,185,Hindmarsh,OTH,5,5,ALP>LNP>GRN>ON,GRN,0.09303534303534304,0.20613806294557468,0.11310271991023164,0.11310271991023164
SA,185,Hindmarsh,OTH,5,5,ALP>LNP>GRN>ON,LNP,0.1664934164934165,0.16701443227264823,0.0005210157792317205,0.0005210157792317205
SA,185,Hindmarsh,OTH,5,5,ALP>LNP>GRN>ON,ON,0.6202356202356203,0.4538341158059468,-0.1664015044296735,0.1664015044296735
SA,186,Kingston,GRN,3,5,ALP>LNP,ALP,0.8216915524647167,0.8216915524647167,0.0,0.0
SA,186,Kingston,GRN,3,5,ALP>LNP,LNP,0.1783084475352833,0.1783084475352833,0.0,0.0
SA,186,Kingston,ON,4,4,ALP>LNP>GRN,ALP,0.19675723049956179,0.19675723049956179,0.0,0.0
SA,186,Kingston,ON,4,4,ALP>LNP>GRN,GRN,0.21086765994741455,0.21086765994741455,0.0,0.0
SA,186,Kingston,ON,4,4,ALP>LNP>GRN,LNP,0.5923751095530236,0.5923751095530236,0.0,0.0
SA,186,Kingston,OTH,5,3,ALP>LNP>GRN>ON,ALP,0.13958009331259721,0.1686783960720131,0.029098302759415884,0.029098302759415884
SA,186,Kingston,OTH,5,3,ALP>LNP>GRN>ON,GRN,0.13199844479004666,0.2046849427168576,0.07268649792681095,0.07268649792681095
SA,186,Kingston,OTH,5,3,ALP>LNP>GRN>ON,LNP,0.18584758942457233,0.1773731587561375,-0.00847443066843484,0.00847443066843484
SA,186,Kingston,OTH,5,3,ALP>LNP>GRN>ON,ON,0.5425738724727839,0.4492635024549918,-0.09331037001779208,0.09331037001779208
SA,187,Makin,GRN,3,6,ALP>LNP,ALP,0.7122423008399084,0.7122423008399084,0.0,0.0
SA,187,Makin,GRN,3,6,ALP>LNP,LNP,0.28775769916009164,0.28775769916009164,0.0,0.0
SA,187,Makin,ON,4,5,ALP>LNP>GRN,ALP,0.17863813890303956,0.17863813890303956,0.0,0.0
SA,187,Makin,ON,4,5,ALP>LNP>GRN,GRN,0.271438274749533,0.271438274749533,0.0,0.0
SA,187,Makin,ON,4,5,ALP>LNP>GRN,LNP,0.5499235863474274,0.5499235863474274,0.0,0.0
SA,187,Makin,OTH,5,4,ALP>LNP>GRN>ON,ALP,0.12957911145752143,0.15792286452302484,0.028343753065503408,0.028343753065503408
SA,187,Makin,OTH,5,4,ALP>LNP>GRN>ON,GRN,0.14964925954793454,0.2951812594637927,0.14553199991585816,0.14553199991585816
SA,187,Makin,OTH,5,4,ALP>LNP>GRN>ON,LNP,0.12685113016367888,0.13485347822214305,0.00800234805846417,0.00800234805846417
SA,187,Makin,OTH,5,4,ALP>LNP>GRN>ON,ON,0.5939204988308652,0.41204239779103946,-0.1818781010398257,0.1818781010398257
SA,188,Mayo,GRN,4,4,ALP>LNP>OTH,ALP,0.491380227732255,0.49138022773225504,5.551115123125783e-17,5.551115123125783e-17
SA,188,Mayo,GRN,4,4,ALP>LNP>OTH,LNP,0.060657656698946474,0.06065765669894647,-6.938893903907228e-18,6.938893903907228e-18
SA,188,Mayo,GRN,4,4,ALP>LNP>OTH,OTH,0.44796211556879856,0.44796211556879856,0.0,0.0
SA,188,Mayo,LNP,3,5,ALP>OTH,ALP,0.1711790155369922,0.1711790155369922,0.0,0.0
SA,188,Mayo,LNP,3,5,ALP>OTH,OTH,0.8288209844630078,0.8288209844630078,0.0,0.0
SA,188,Mayo,ON,5,3,ALP>LNP>GRN>OTH,ALP,0.10815427492582937,0.10815427492582937,0.0,0.0
SA,188,Mayo,ON,5,3,ALP>LNP>GRN>OTH,GRN,0.09961341364739729,0.09961341364739729,0.0,0.0
SA,188,Mayo,ON,5,3,ALP>LNP>GRN>OTH,LNP,0.43882046210554704,0.43882046210554704,0.0,0.0
SA,188,Mayo,ON,5,3,ALP>LNP>GRN>OTH,OTH,0.35341184932122627,0.35341184932122627,0.0,0.0
SA,190,Sturt,GRN,3,5,ALP>LNP,ALP,0.8559470996902988,0.8559470996902988,0.0,0.0
SA,190,Sturt,GRN,3,5,ALP>LNP,LNP,0.1440529003097012,0.1440529003097012,0.0,0.0
SA,190,Sturt,IND,4,4,ALP>LNP>GRN,ALP,0.3143037518037518,0.3143037518037518,0.0,0.0
SA,190,Sturt,IND,4,4,ALP>LNP>GRN,GRN,0.4118867243867244,0.4118867243867244,0.0,0.0
SA,190,Sturt,IND,4,4,ALP>LNP>GRN,LNP,0.27380952380952384,0.27380952380952384,0.0,0.0
SA,190,Sturt,ON,5,3,ALP>LNP>GRN>IND,ALP,0.08420528151469855,0.08420528151469855,0.0,0.0
SA,190,Sturt,ON,5,3,ALP>LNP>GRN>IND,GRN,0.09234346454077395,0.09234346454077395,0.0,0.0
SA,190,Sturt,ON,5,3,ALP>LNP>GRN>IND,IND,0.30543099152964626,0.30543099152964626,0.0,0.0
SA,190,Sturt,ON,5,3,ALP>LNP>GRN>IND,LNP,0.5180202624148812,0.5180202624148812,0.0,0.0
SA,190,Sturt,OTH,6,2,ALP>LNP>GRN>ON>IND,ALP,0.07697790449037777,0.11359404096834265,0.03661613647796488,0.03661613647796488
SA,190,Sturt,OTH,6,2,ALP>LNP>GRN>ON>IND,GRN,0.11225944404846756,0.09848955100351749,-0.013769893044950077,0.013769893044950077
SA,190,Sturt,OTH,6,2,ALP>LNP>GRN>ON>IND,IND,0.18068424803991448,0.17297744672046347,-0.0077068013194510065,0.0077068013194510065
SA,190,Sturt,OTH,6,2,ALP>LNP>GRN>ON>IND,LNP,0.16108339272986458,0.20401406993585763,0.042930677205993056,0.042930677205993056
SA,190,Sturt,OTH,6,2,ALP>LNP>GRN>ON>IND,ON,0.4689950106913756,0.41092489137181876,-0.05807011931955686,0.05807011931955686
SA,325,Spence,GRN,3,6,ALP>LNP,ALP,0.6697591145833334,0.6697591145833334,0.0,0.0
SA,325,Spence,GRN,3,6,ALP>LNP,LNP,0.3302408854166667,0.3302408854166667,0.0,0.0
SA,325,Spence,ON,4,5,ALP>LNP>GRN,ALP,0.24679943100995733,0.24679943100995733,0.0,0.0
SA,325,Spence,ON,4,5,ALP>LNP>GRN,GRN,0.2888217164532954,0.2888217164532954,0.0,0.0
SA,325,Spence,ON,4,5,ALP>LNP>GRN,LNP,0.46437885253674727,0.46437885253674727,0.0,0.0
SA,325,Spence,OTH,5,4,ALP>LNP>GRN>ON,ALP,0.17272344605023152,0.19491936042084862,0.022195914370617104,0.022195914370617104
SA,325,Spence,OTH,5,4,ALP>LNP>GRN>ON,GRN,0.2388101585519854,0.24482591541496504,0.006015756862979643,0.006015756862979643
SA,325,Spence,OTH,5,4,ALP>LNP>GRN>ON,LNP,0.12333380103830503,0.1298539489167301,0.006520147878425073,0.006520147878425073
SA,325,Spence,OTH,5,4,ALP>LNP>GRN>ON,ON,0.46513259435947807,0.43040077524745624,-0.03473181911202183,0.03473181911202183
TAS,192,Bass,GRN,3,5,ALP>LNP,ALP,0.8180143981248954,0.8180143981248954,0.0,0.0
TAS,192,Bass,GRN,3,5,ALP>LNP,LNP,0.18198560187510462,0.18198560187510462,0.0,0.0
TAS,192,Bass,IND,5,3,ALP>LNP>GRN>ON,ALP,0.2762629465229338,0.2762629465229338,0.0,0.0
TAS,192,Bass,IND,5,3,ALP>LNP>GRN>ON,GRN,0.24286620164870007,0.24286620164870007,0.0,0.0
TAS,192,Bass,IND,5,3,ALP>LNP>GRN>ON,LNP,0.2145423800465018,0.2145423800465018,0.0,0.0
TAS,192,Bass,IND,5,3,ALP>LNP>GRN>ON,ON,0.2663284717818643,0.2663284717818643,0.0,0.0
TAS,192,Bass,ON,4,4,ALP>LNP>GRN,ALP,0.2364106988783434,0.23641069887834343,2.7755575615628914e-17,2.7755575615628914e-17
TAS,192,Bass,ON,4,4,ALP>LNP>GRN,GRN,0.1983031348863963,0.1983031348863963,0.0,0.0
TAS,192,Bass,ON,4,4,ALP>LNP>GRN,LNP,0.5652861662352603,0.5652861662352603,0.0,0.0
TAS,192,Bass,OTH,6,2,ALP>LNP>GRN>ON>IND,ALP,0.11579395487441464,0.14524765729585007,0.029453702421435426,0.029453702421435426
TAS,192,Bass,OTH,6,2,ALP>LNP>GRN>ON>IND,GRN,0.04853128991060025,0.06325301204819277,0.014721722137592513,0.014721722137592513
TAS,192,Bass,OTH,6,2,ALP>LNP>GRN>ON>IND,IND,0.3060876968922946,0.29417670682730923,-0.01191099006498536,0.01191099006498536
TAS,192,Bass,OTH,6,2,ALP>LNP>GRN>ON>IND,LNP,0.13452532992762878,0.14424364123159303,0.00971831130396425,0.00971831130396425
TAS,192,Bass,OTH,6,2,ALP>LNP>GRN>ON>IND,ON,0.3950617283950617,0.3530789825970549,-0.041982745798006815,0.041982745798006815
TAS,193,Braddon,GRN,4,3,ALP>LNP>ON,ALP,0.7145526746087363,0.7145526746087363,0.0,0.0
TAS,193,Braddon,GRN,4,3,ALP>LNP>ON,LNP,0.07288016818500351,0.07288016818500351,0.0,0.0
TAS,193,Braddon,GRN,4,3,ALP>LNP>ON,ON,0.2125671572062602,0.2125671572062602,0.0,0.0
TAS,193,Braddon,IND,5,2,ALP>LNP>GRN>ON,ALP,0.2525326677433563,0.2525326677433563,0.0,0.0
TAS,193,Braddon,IND,5,2,ALP>LNP>GRN>ON,GRN,0.25488180883864336,0.25488180883864336,0.0,0.0
TAS,193,Braddon,IND,5,2,ALP>LNP>GRN>ON,LNP,0.19189546322125972,0.1918954632212597,-2.7755575615628914e-17,2.7755575615628914e-17
TAS,193,Braddon,IND,5,2,ALP>LNP>GRN>ON,ON,0.30069006019674055,0.30069006019674055,0.0,0.0
TAS,193,Braddon,ON,3,4,ALP>LNP,ALP,0.46030003658982804,0.46030003658982804,0.0,0.0
TAS,193,Braddon,ON,3,4,ALP>LNP,LNP,0.539699963410172,0.539699963410172,0.0,0.0
TAS,193,Braddon,OTH,6,1,ALP>LNP>GRN>ON>IND,ALP,0.10714285714285714,0.10714285714285714,0.0,0.0
TAS,193,Braddon,OTH,6,1,ALP>LNP>GRN>ON>IND,GRN,0.15119047619047618,0.15119047619047618,0.0,0.0
TAS,193,Braddon,OTH,6,1,ALP>LNP>GRN>ON>IND,IND,0.18958333333333333,0.18958333333333333,0.0,0.0
TAS,193,Braddon,OTH,6,1,ALP>LNP>GRN>ON>IND,LNP,0.1488095238095238,0.1488095238095238,0.0,0.0
TAS,193,Braddon,OTH,6,1,ALP>LNP>GRN>ON>IND,ON,0.40327380952380953,0.40327380952380953,0.0,0.0
TAS,195,Franklin,GRN,4,3,ALP>LNP>IND,ALP,0.4430064117786749,0.4430064117786749,0.0,0.0
TAS,195,Franklin,GRN,4,3,ALP>LNP>IND,IND,0.5172168131085253,0.5172168131085253,0.0,0.0
TAS,195,Franklin,GRN,4,3,ALP>LNP>IND,LNP,0.03977677511279981,0.03977677511279981,0.0,0.0
TAS,195,Franklin,LNP,3,4,ALP>IND,ALP,0.5104435710275126,0.5104435710275126,0.0,0.0
TAS,195,Franklin,LNP,3,4,ALP>IND,IND,0.48955642897248736,0.4895564289724874,5.551115123125783e-17,5.551115123125783e-17
TAS,195,Franklin,ON,6,1,ALP>LNP>GRN>IND>OTH,ALP,0.12285789612443976,0.12285789612443976,0.0,0.0
TAS,195,Franklin,ON,6,1,ALP>LNP>GRN>IND>OTH,GRN,0.057737938307408386,0.057737938307408386,0.0,0.0
TAS,195,Franklin,ON,6,1,ALP>LNP>GRN>IND>OTH,IND,0.18006854732401792,0.18006854732401792,0.0,0.0
TAS,195,Franklin,ON,6,1,ALP>LNP>GRN>IND>OTH,LNP,0.377801212760348,0.377801212760348,0.0,0.0
TAS,195,Franklin,ON,6,1,ALP>LNP>GRN>IND>OTH,OTH,0.2615344054837859,0.2615344054837859,0.0,0.0
TAS,195,Franklin,OTH,5,2,ALP>LNP>GRN>IND,ALP,0.21790610718737016,0.21790610718737016,0.0,0.0
TAS,195,Franklin,OTH,5,2,ALP>LNP>GRN>IND,GRN,0.038845035313668466,0.038845035313668466,0.0,0.0
TAS,195,Franklin,OTH,5,2,ALP>LNP>GRN>IND,IND,0.4027835479850436,0.4027835479850436,0.0,0.0
TAS,195,Franklin,OTH,5,2,ALP>LNP>GRN>IND,LNP,0.34046530951391774,0.34046530951391774,0.0,0.0
TAS,196,Lyons,GRN,3,6,ALP>LNP,ALP,0.7680227215771448,0.7680227215771448,0.0,0.0
TAS,196,Lyons,GRN,3,6,ALP>LNP,LNP,0.23197727842285523,0.23197727842285523,0.0,0.0
TAS,196,Lyons,ON,4,5,ALP>LNP>GRN,ALP,0.2832690999773294,0.2832690999773294,0.0,0.0
TAS,196,Lyons,ON,4,5,ALP>LNP>GRN,GRN,0.19167989118113807,0.19167989118113807,0.0,0.0
TAS,196,Lyons,ON,4,5,ALP>LNP>GRN,LNP,0.5250510088415326,0.5250510088415326,0.0,0.0
TAS,196,Lyons,OTH,5,4,ALP>LNP>GRN>ON,ALP,0.3047025982392098,0.2505461767626614,-0.05415642147654842,0.05415642147654842
TAS,196,Lyons,OTH,5,4,ALP>LNP>GRN>ON,GRN,0.10435902941808031,0.19046673286991062,0.0861077034518303,0.0861077034518303
TAS,196,Lyons,OTH,5,4,ALP>LNP>GRN>ON,LNP,0.1923985398325102,0.1958291956305859,0.0034306557980756935,0.0034306557980756935
TAS,196,Lyons,OTH,5,4,ALP>LNP>GRN>ON,ON,0.3985398325101997,0.3631578947368421,-0.035381937773357575,0.035381937773357575
TAS,319,Clark,GRN,4,2,ALP>LNP>IND,ALP,0.2612960105796782,0.2612960105796782,0.0,0.0
TAS,319,Clark,GRN,4,2,ALP>LNP>IND,IND,0.7049812651531849,0.7049812651531849,0.0,0.0
TAS,319,Clark,GRN,4,2,ALP>LNP>IND,LNP,0.03372272426713688,0.03372272426713688,0.0,0.0
TAS,319,Clark,LNP,3,3,ALP>IND,ALP,0.34041353383458645,0.34041353383458645,0.0,0.0
TAS,319,Clark,LNP,3,3,ALP>IND,IND,0.6595864661654135,0.6595864661654135,0.0,0.0
TAS,319,Clark,ON,5,1,ALP>LNP>GRN>IND,ALP,0.1651376146788991,0.1651376146788991,0.0,0.0
TAS,319,Clark,ON,5,1,ALP>LNP>GRN>IND,GRN,0.05857445306986592,0.05857445306986592,0.0,0.0
TAS,319,Clark,ON,5,1,ALP>LNP>GRN>IND,IND,0.38990825688073394,0.38990825688073394,0.0,0.0
TAS,319,Clark,ON,5,1,ALP>LNP>GRN>IND,LNP,0.38637967537050105,0.38637967537050105,0.0,0.0
VIC,197,Aston,GRN,3,7,ALP>LNP,ALP,0.844883135141468,0.8448831351414678,-1.1102230246251565e-16,1.1102230246251565e-16
VIC,197,Aston,GRN,3,7,ALP>LNP,LNP,0.15511686485853202,0.15511686485853202,0.0,0.0
VIC,197,Aston,ON,4,6,ALP>LNP>GRN,ALP,0.14685314685314685,0.14685314685314685,0.0,0.0
VIC,197,Aston,ON,4,6,ALP>LNP>GRN,GRN,0.24330386594537537,0.24330386594537537,0.0,0.0
VIC,197,Aston,ON,4,6,ALP>LNP>GRN,LNP,0.6098429872014778,0.6098429872014778,0.0,0.0
VIC,197,Aston,OTH,5,5,ALP>LNP>GRN>ON,ALP,0.24338737201365188,0.20010777797736662,-0.04327959403628526,0.04327959403628526
VIC,197,Aston,OTH,5,5,ALP>LNP>GRN>ON,GRN,0.4023037542662116,0.22974672175318844,-0.17255703251302318,0.17255703251302318
VIC,197,Aston,OTH,5,5,ALP>LNP>GRN>ON,LNP,0.134598976109215,0.22516615771510687,0.09056718160589186,0.09056718160589186
VIC,197,Aston,OTH,5,5,ALP>LNP>GRN>ON,ON,0.2197098976109215,0.34497934255433804,0.12526944494341655,0.12526944494341655
VIC,198,Ballarat,GRN,3,5,ALP>LNP,ALP,0.8441471943164789,0.8441471943164789,0.0,0.0
VIC,198,Ballarat,GRN,3,5,ALP>LNP,LNP,0.1558528056835211,0.1558528056835211,0.0,0.0
VIC,198,Ballarat,ON,4,4,ALP>LNP>GRN,ALP,0.21472335685109542,0.21472335685109542,0.0,0.0
VIC,198,Ballarat,ON,4,4,ALP>LNP>GRN,GRN,0.16013739324173784,0.16013739324173784,0.0,0.0
VIC,198,Ballarat,ON,4,4,ALP>LNP>GRN,LNP,0.6251392499071667,0.6251392499071667,0.0,0.0
VIC,198,Ballarat,OTH,5,3,ALP>LNP>GRN>ON,ALP,0.2014758497316637,0.22032288698955366,0.01884703725788997,0.01884703725788997
VIC,198,Ballarat,OTH,5,3,ALP>LNP>GRN>ON,GRN,0.14959749552772808,0.17745217745217745,0.02785468192444937,0.02785468192444937
VIC,198,Ballarat,OTH,5,3,ALP>LNP>GRN>ON,LNP,0.2524597495527728,0.23009089675756342,-0.022368852795209365,0.022368852795209365
VIC,198,Ballarat,OTH,5,3,ALP>LNP>GRN>ON,ON,0.3964669051878354,0.37213403880070545,-0.024332866387129948,0.024332866387129948
VIC,200,Bendigo,GRN,3,8,ALP>LNP,ALP,0.8247688428131129,0.8247688428131129,0.0,0.0
VIC,200,Bendigo,GRN,3,8,ALP>LNP,LNP,0.1752311571868871,0.1752311571868871,0.0,0.0
VIC,200,Bendigo,ON,4,6,ALP>LNP>GRN,ALP,0.13599493029150825,0.13599493029150825,0.0,0.0
VIC,200,Bendigo,ON,4,6,ALP>LNP>GRN,GRN,0.13840304182509505,0.13840304182509505,0.0,0.0
VIC,200,Bendigo,ON,4,6,ALP>LNP>GRN,LNP,0.7256020278833967,0.7256020278833967,0.0,0.0
VIC,200,Bendigo,OTH,5,5,ALP>LNP>GRN>ON,ALP,0.22433377020532985,0.16776501600451893,-0.05656875420081092,0.05656875420081092
VIC,200,Bendigo,OTH,5,5,ALP>LNP>GRN>ON,GRN,0.3304936653560507,0.3337412916588213,0.0032476263027706453,0.0032476263027706453
VIC,200,Bendigo,OTH,5,5,ALP>LNP>GRN>ON,LNP,0.2603757099169943,0.2510826586330258,-0.009293051283968512,0.009293051283968512
VIC,200,Bendigo,OTH,5,5,ALP>LNP>GRN>ON,ON,0.18479685452162517,0.24741103370363396,0.06261417918200879,0.06261417918200879
VIC,201,Bruce,GRN,3,6,ALP>LNP,ALP,0.8401630664972469,0.8401630664972469,0.0,0.0
VIC,201,Bruce,GRN,3,6,ALP>LNP,LNP,0.15983693350275308,0.15983693350275308,0.0,0.0
VIC,201,Bruce,ON,4,5,ALP>LNP>GRN,ALP,0.1982271784973908,0.1982271784973908,0.0,0.0
VIC,201,Bruce,ON,4,5,ALP>LNP>GRN,GRN,0.24219029237257844,0.24219029237257844,0.0,0.0
VIC,201,Bruce,ON,4,5,ALP>LNP>GRN,LNP,0.5595825291300307,0.5595825291300307,0.0,0.0
VIC,201,Bruce,OTH,5,4,ALP>LNP>GRN>ON,ALP,0.16180981595092025,0.19868023533153126,0.036870419380611,0.036870419380611
VIC,201,Bruce,OTH,5,4,ALP>LNP>GRN>ON,GRN,0.16702453987730062,0.1818254094450628,0.014800869567762193,0.014800869567762193
VIC,201,Bruce,OTH,5,4,ALP>LNP>GRN>ON,LNP,0.26226993865030673,0.21736365081889011,-0.04490628783141662,0.04490628783141662
VIC,201,Bruce,OTH,5,4,ALP>LNP>GRN>ON,ON,0.4088957055214724,0.4021307044045158,-0.006765001116956604,0.006765001116956604
VIC,203,Calwell,GRN,4,10,ALP>LNP>IND,ALP,0.6864043891342165,0.6864043891342165,0.0,0.0
VIC,203,Calwell,GRN,4,10,ALP>LNP>IND,IND,0.2474240599491503,0.2474240599491503,0.0,0.0
VIC,203,Calwell,GRN,4,10,ALP>LNP>IND,LNP,0.06617155091663321,0.06617155091663321,0.0,0.0
VIC,203,Calwell,LNP,3,11,ALP>IND,ALP,0.31677483774338494,0.31677483774338494,0.0,0.0
VIC,203,Calwell,LNP,3,11,ALP>IND,IND,0.6832251622566151,0.6832251622566151,0.0,0.0
VIC,203,Calwell,ON,5,7,ALP>LNP>GRN>IND,ALP,0.0994408945686901,0.09944089456869008,-1.3877787807814457e-17,1.3877787807814457e-17
VIC,203,Calwell,ON,5,7,ALP>LNP>GRN>IND,GRN,0.06529552715654952,0.06529552715654952,0.0,0.0
VIC,203,Calwell,ON,5,7,ALP>LNP>GRN>IND,IND,0.5834664536741214,0.5834664536741215,1.1102230246251565e-16,1.1102230246251565e-16
VIC,203,Calwell,ON,5,7,ALP>LNP>GRN>IND,LNP,0.25179712460063897,0.25179712460063897,0.0,0.0
VIC,203,Calwell,OTH,6,6,ALP>LNP>GRN>ON>IND,ALP,0.18333830994326664,0.19063240386367777,0.007294093920411138,0.007294093920411138
VIC,203,Calwell,OTH,6,6,ALP>LNP>GRN>ON>IND,GRN,0.20095550910719617,0.12802988882813923,-0.07292562027905694,0.07292562027905694
VIC,203,Calwell,OTH,6,6,ALP>LNP>GRN>ON>IND,IND,0.40041803523439834,0.4151631128121014,0.014745077577703047,0.014745077577703047
VIC,203,Calwell,OTH,6,6,ALP>LNP>GRN>ON>IND,LNP,0.07375335921170499,0.1173683251321305,0.043614965920425505,0.043614965920425505
VIC,203,Calwell,OTH,6,6,ALP>LNP>GRN>ON>IND,ON,0.14153478650343387,0.14880626936395117,0.007271482860517292,0.007271482860517292
VIC,204,Casey,GRN,4,5,ALP>LNP>IND,ALP,0.42894537438864777,0.42894537438864777,0.0,0.0
VIC,204,Casey,GRN,4,5,ALP>LNP>IND,IND,0.5108493490390577,0.5108493490390577,0.0,0.0
VIC,204,Casey,GRN,4,5,ALP>LNP>IND,LNP,0.060205276572294554,0.060205276572294554,0.0,0.0
VIC,204,Casey,IND,3,6,ALP>LNP,ALP,0.7613496932515338,0.7613496932515338,0.0,0.0
VIC,204,Casey,IND,3,6,ALP>LNP,LNP,0.23865030674846627,0.23865030674846624,-2.7755575615628914e-17,2.7755575615628914e-17
VIC,204,Casey,ON,5,4,ALP>LNP>GRN>IND,ALP,0.09228048272992093,0.09228048272992091,-1.3877787807814457e-17,1.3877787807814457e-17
VIC,204,Casey,ON,5,4,ALP>LNP>GRN>IND,GRN,0.10736579275905118,0.10736579275905118,0.0,0.0
VIC,204,Casey,ON,5,4,ALP>LNP>GRN>IND,IND,0.2651893466500208,0.2651893466500208,0.0,0.0
VIC,204,Casey,ON,5,4,ALP>LNP>GRN>IND,LNP,0.5351643778610071,0.5351643778610071,0.0,0.0
VIC,204,Casey,OTH,6,3,ALP>LNP>GRN>ON>IND,ALP,0.053816974869606446,0.08390096226619094,0.030083987396584494,0.030083987396584494
VIC,204,Casey,OTH,6,3,ALP>LNP>GRN>ON>IND,GRN,0.04480796586059744,0.14898907990052979,0.10418111403993235,0.10418111403993235
VIC,204,Casey,OTH,6,3,ALP>LNP>GRN>ON>IND,IND,0.11024182076813656,0.1367715428694994,0.026529722101362854,0.026529722101362854
VIC,204,Casey,OTH,6,3,ALP>LNP>GRN>ON>IND,LNP,0.16880037932669512,0.19688614985403827,0.02808577052734315,0.02808577052734315
VIC,204,Casey,OTH,6,3,ALP>LNP>GRN>ON>IND,ON,0.6223328591749644,0.43345226510974155,-0.18888059406522284,0.18888059406522284
VIC,205,Chisholm,GRN,3,5,ALP>LNP,ALP,0.851250621169455,0.851250621169455,0.0,0.0
VIC,205,Chisholm,GRN,3,5,ALP>LNP,LNP,0.14874937883054498,0.14874937883054498,0.0,0.0
VIC,205,Chisholm,IND,4,4,ALP>LNP>GRN,ALP,0.36272838002436053,0.3627283800243606,5.551115123125783e-17,5.551115123125783e-17
VIC,205,Chisholm,IND,4,4,ALP>LNP>GRN,GRN,0.4059683313032887,0.4059683313032887,0.0,0.0
VIC,205,Chisholm,IND,4,4,ALP>LNP>GRN,LNP,0.23130328867235078,0.23130328867235078,0.0,0.0
VIC,205,Chisholm,ON,5,3,ALP>LNP>GRN>IND,ALP,0.07160032059845044,0.07160032059845044,0.0,0.0
VIC,205,Chisholm,ON,5,3,ALP>LNP>GRN>IND,GRN,0.07053165909698103,0.07053165909698103,0.0,0.0
VIC,205,Chisholm,ON,5,3,ALP>LNP>GRN>IND,IND,0.25915041410633183,0.25915041410633183,0.0,0.0
VIC,205,Chisholm,ON,5,3,ALP>LNP>GRN>IND,LNP,0.5987176061982367,0.5987176061982367,0.0,0.0
VIC,205,Chisholm,OTH,6,2,ALP>LNP>GRN>ON>IND,ALP,0.11393805309734513,0.10969141755062681,-0.004246635546718322,0.004246635546718322
VIC,205,Chisholm,OTH,6,2,ALP>LNP>GRN>ON>IND,GRN,0.12536873156342182,0.10318225650916105,-0.022186475054260774,0.022186475054260774
VIC,205,Chisholm,OTH,6,2,ALP>LNP>GRN>ON>IND,IND,0.13606194690265486,0.13379942140790743,-0.002262525494747425,0.002262525494747425
VIC,205,Chisholm,OTH,6,2,ALP>LNP>GRN>ON>IND,LNP,0.25405604719764013,0.2707328833172613,0.016676836119621175,0.016676836119621175
VIC,205,Chisholm,OTH,6,2,ALP>LNP>GRN>ON>IND,ON,0.37057522123893805,0.3825940212150434,0.012018799976105332,0.012018799976105332
VIC,208,Corio,GRN,3,4,ALP>LNP,ALP,0.7718876832601673,0.7718876832601673,0.0,0.0
VIC,208,Corio,GRN,3,4,ALP>LNP,LNP,0.22811231673983268,0.22811231673983268,0.0,0.0
VIC,208,Corio,ON,4,3,ALP>LNP>GRN,ALP,0.19177018633540371,0.19177018633540371,0.0,0.0
VIC,208,Corio,ON,4,3,ALP>LNP>GRN,GRN,0.2829192546583851,0.2829192546583851,0.0,0.0
VIC,208,Corio,ON,4,3,ALP>LNP>GRN,LNP,0.5253105590062112,0.5253105590062112,0.0,0.0
VIC,208,Corio,OTH,5,2,ALP>LNP>GRN>ON,ALP,0.20605381165919281,0.19176355231825185,-0.01429025934094097,0.01429025934094097
VIC,208,Corio,OTH,5,2,ALP>LNP>GRN>ON,GRN,0.28497757847533634,0.42176775458747723,0.1367901761121409,0.1367901761121409
VIC,208,Corio,OTH,5,2,ALP>LNP>GRN>ON,LNP,0.16031390134529147,0.11654293318391931,-0.04377096816137216,0.04377096816137216
VIC,208,Corio,OTH,5,2,ALP>LNP>GRN>ON,ON,0.3486547085201794,0.2699257599103516,-0.07872894860982776,0.07872894860982776
VIC,209,Deakin,GRN,3,6,ALP>LNP,ALP,0.8572611530897423,0.8572611530897423,0.0,0.0
VIC,209,Deakin,GRN,3,6,ALP>LNP,LNP,0.14273884691025773,0.14273884691025773,0.0,0.0
VIC,209,Deakin,IND,4,5,ALP>LNP>GRN,ALP,0.32643935159306875,0.32643935159306875,0.0,0.0
VIC,209,Deakin,IND,4,5,ALP>LNP>GRN,GRN,0.4489472703558785,0.4489472703558785,0.0,0.0
VIC,209,Deakin,IND,4,5,ALP>LNP>GRN,LNP,0.22461337805105272,0.22461337805105272,0.0,0.0
VIC,209,Deakin,ON,5,4,ALP>LNP>GRN>IND,ALP,0.06276536828502861,0.06276536828502861,0.0,0.0
VIC,209,Deakin,ON,5,4,ALP>LNP>GRN>IND,GRN,0.05445818718848071,0.05445818718848071,0.0,0.0
VIC,209,Deakin,ON,5,4,ALP>LNP>GRN>IND,IND,0.31825733800996864,0.31825733800996864,0.0,0.0
VIC,209,Deakin,ON,5,4,ALP>LNP>GRN>IND,LNP,0.564519106516522,0.564519106516522,0.0,0.0
VIC,209,Deakin,OTH,6,3,ALP>LNP>GRN>ON>IND,ALP,0.06987788331071913,0.07738095238095238,0.007503069070233251,0.007503069070233251
VIC,209,Deakin,OTH,6,3,ALP>LNP>GRN>ON>IND,GRN,0.0814111261872456,0.08116883116883117,-0.00024229501841442624,0.00024229501841442624
VIC,209,Deakin,OTH,6,3,ALP>LNP>GRN>ON>IND,IND,0.1282225237449118,0.13654401154401155,0.008321487799099747,0.008321487799099747
VIC,209,Deakin,OTH,6,3,ALP>LNP>GRN>ON>IND,LNP,0.3144504748982361,0.2766955266955267,-0.03775494820270936,0.03775494820270936
VIC,209,Deakin,OTH,6,3,ALP>LNP>GRN>ON>IND,ON,0.4060379918588874,0.4282106782106782,0.022172686351790816,0.022172686351790816
VIC,210,Dunkley,GRN,3,6,ALP>LNP,ALP,0.8408529380169728,0.8408529380169728,0.0,0.0
VIC,210,Dunkley,GRN,3,6,ALP>LNP,LNP,0.15914706198302717,0.15914706198302717,0.0,0.0
VIC,210,Dunkley,ON,4,5,ALP>LNP>GRN,ALP,0.17019302152932442,0.17019302152932442,0.0,0.0
VIC,210,Dunkley,ON,4,5,ALP>LNP>GRN,GRN,0.22921306607275427,0.22921306607275427,0.0,0.0
VIC,210,Dunkley,ON,4,5,ALP>LNP>GRN,LNP,0.6005939123979213,0.6005939123979213,0.0,0.0
VIC,210,Dunkley,OTH,5,4,ALP>LNP>GRN>ON,ALP,0.29615861214374223,0.25378629403397207,-0.04237231810977016,0.04237231810977016
VIC,210,Dunkley,OTH,5,4,ALP>LNP>GRN>ON,GRN,0.35362453531598514,0.2927788469584135,-0.06084568835757165,0.06084568835757165
VIC,210,Dunkley,OTH,5,4,ALP>LNP>GRN>ON,LNP,0.12407063197026022,0.17881348841101163,0.054742856440751414,0.054742856440751414
VIC,210,Dunkley,OTH,5,4,ALP>LNP>GRN>ON,ON,0.22614622057001238,0.27462137059660274,0.04847515002659036,0.04847515002659036
VIC,211,Flinders,ALP,3,5,LNP>IND,IND,0.7798900443796781,0.779890044379678,-1.1102230246251565e-16,1.1102230246251565e-16
VIC,211,Flinders,ALP,3,5,LNP>IND,LNP,0.22010995562032193,0.22010995562032193,0.0,0.0
VIC,211,Flinders,GRN,4,4,ALP>LNP>IND,ALP,0.44222807677832143,0.4422280767783215,5.551115123125783e-17,5.551115123125783e-17
VIC,211,Flinders,GRN,4,4,ALP>LNP>IND,IND,0.4860117927487141,0.4860117927487141,0.0,0.0
VIC,211,Flinders,GRN,4,4,ALP>LNP>IND,LNP,0.07176013047296449,0.07176013047296449,0.0,0.0
VIC,211,Flinders,ON,5,3,ALP>LNP>GRN>IND,ALP,0.093560962494959,0.093560962494959,0.0,0.0
VIC,211,Flinders,ON,5,3,ALP>LNP>GRN>IND,GRN,0.04839360129049603,0.04839360129049603,0.0,0.0
VIC,211,Flinders,ON,5,3,ALP>LNP>GRN>IND,IND,0.2321548595241296,0.23215485952412962,2.7755575615628914e-17,2.7755575615628914e-17
VIC,211,Flinders,ON,5,3,ALP>LNP>GRN>IND,LNP,0.6258905766904154,0.6258905766904154,0.0,0.0
VIC,211,Flinders,OTH,6,2,ALP>LNP>GRN>ON>IND,ALP,0.06211562115621156,0.08511154219204656,0.022995921035834997,0.022995921035834997
VIC,211,Flinders,OTH,6,2,ALP>LNP>GRN>ON>IND,GRN,0.046125461254612546,0.07419980601357905,0.028074344758966502,0.028074344758966502
VIC,211,Flinders,OTH,6,2,ALP>LNP>GRN>ON>IND,IND,0.29612546125461253,0.3098933074684772,0.013767846213864676,0.013767846213864676
VIC,211,Flinders,OTH,6,2,ALP>LNP>GRN>ON>IND,LNP,0.22232472324723246,0.20392822502424832,-0.018396498222984142,0.018396498222984142
VIC,211,Flinders,OTH,6,2,ALP>LNP>GRN>ON>IND,ON,0.37330873308733087,0.3268671193016489,-0.04644161378568196,0.04644161378568196
VIC,212,Gellibrand,GRN,3,3,ALP>LNP,ALP,0.8293449953319247,0.8293449953319247,0.0,0.0
VIC,212,Gellibrand,GRN,3,3,ALP>LNP,LNP,0.1706550046680753,0.1706550046680753,0.0,0.0
VIC,212,Gellibrand,ON,4,2,ALP>LNP>GRN,ALP,0.21983197556008147,0.21983197556008147,0.0,0.0
VIC,212,Gellibrand,ON,4,2,ALP>LNP>GRN,GRN,0.17477087576374745,0.17477087576374745,0.0,0.0
VIC,212,Gellibrand,ON,4,2,ALP>LNP>GRN,LNP,0.6053971486761711,0.6053971486761711,0.0,0.0
VIC,212,Gellibrand,OTH,5,1,ALP>LNP>GRN>ON,ALP,0.1910828025477707,0.1910828025477707,0.0,0.0
VIC,212,Gellibrand,OTH,5,1,ALP>LNP>GRN>ON,GRN,0.23771610555050046,0.23771610555050046,0.0,0.0
VIC,212,Gellibrand,OTH,5,1,ALP>LNP>GRN>ON,LNP,0.21496815286624205,0.21496815286624205,0.0,0.0
VIC,212,Gellibrand,OTH,5,1,ALP>LNP>GRN>ON,ON,0.3562329390354868,0.3562329390354868,0.0,0.0
VIC,213,Gippsland,GRN,4,2,ALP>LNP>ON,ALP,0.7429439861050803,0.7429439861050803,0.0,0.0
VIC,213,Gippsland,GRN,4,2,ALP>LNP>ON,LNP,0.18562744246634824,0.18562744246634824,0.0,0.0
VIC,213,Gippsland,GRN,4,2,ALP>LNP>ON,ON,0.07142857142857142,0.07142857142857142,0.0,0.0
VIC,213,Gippsland,ON,3,3,ALP>LNP,ALP,0.15270105250915858,0.15270105250915858,0.0,0.0
VIC,213,Gippsland,ON,3,3,ALP>LNP,LNP,0.8472989474908414,0.8472989474908414,0.0,0.0
VIC,213,Gippsland,OTH,5,1,ALP>LNP>GRN>ON,ALP,0.09982435597189696,0.09982435597189696,0.0,0.0
VIC,213,Gippsland,OTH,5,1,ALP>LNP>GRN>ON,GRN,0.09221311475409837,0.09221311475409837,0.0,0.0
VIC,213,Gippsland,OTH,5,1,ALP>LNP>GRN>ON,LNP,0.39197892271662765,0.39197892271662765,0.0,0.0
VIC,213,Gippsland,OTH,5,1,ALP>LNP>GRN>ON,ON,0.41598360655737704,0.41598360655737704,0.0,0.0
VIC,214,Goldstein,ALP,3,5,LNP>IND,IND,0.8067065245645958,0.8067065245645958,0.0,0.0
VIC,214,Goldstein,ALP,3,5,LNP>IND,LNP,0.1932934754354042,0.1932934754354042,0.0,0.0
VIC,214,Goldstein,GRN,4,4,ALP>LNP>IND,ALP,0.30327681026581116,0.30327681026581116,0.0,0.0
VIC,214,Goldstein,GRN,4,4,ALP>LNP>IND,IND,0.6461961503208066,0.6461961503208066,0.0,0.0
VIC,214,Goldstein,GRN,4,4,ALP>LNP>IND,LNP,0.05052703941338222,0.05052703941338222,0.0,0.0
VIC,214,Goldstein,ON,5,3,ALP>LNP>GRN>IND,ALP,0.06994279771190848,0.06994279771190848,0.0,0.0
VIC,214,Goldstein,ON,5,3,ALP>LNP>GRN>IND,GRN,0.0514820592823713,0.0514820592823713,0.0,0.0
VIC,214,Goldstein,ON,5,3,ALP>LNP>GRN>IND,IND,0.18512740509620385,0.18512740509620385,0.0,0.0
VIC,214,Goldstein,ON,5,3,ALP>LNP>GRN>IND,LNP,0.6934477379095164,0.6934477379095164,0.0,0.0
VIC,214,Goldstein,OTH,6,2,ALP>LNP>GRN>ON>IND,ALP,0.17586206896551723,0.13545284531124765,-0.04040922365426958,0.04040922365426958
VIC,214,Goldstein,OTH,6,2,ALP>LNP>GRN>ON>IND,GRN,0.052155172413793104,0.056104728827144,0.003949556413350895,0.003949556413350895
VIC,214,Goldstein,OTH,6,2,ALP>LNP>GRN>ON>IND,IND,0.09655172413793103,0.09270638525247128,-0.003845338885459751,0.003845338885459751
VIC,214,Goldstein,OTH,6,2,ALP>LNP>GRN>ON>IND,LNP,0.2271551724137931,0.23243387656959658,0.005278704155803476,0.005278704155803476
VIC,214,Goldstein,OTH,6,2,ALP>LNP>GRN>ON>IND,ON,0.4482758620689655,0.48330216403954046,0.035026301970574936,0.035026301970574936
VIC,216,Holt,GRN,3,4,ALP>LNP,ALP,0.8262753480848114,0.8262753480848115,1.1102230246251565e-16,1.1102230246251565e-16
VIC,216,Holt,GRN,3,4,ALP>LNP,LNP,0.17372465191518863,0.17372465191518863,0.0,0.0
VIC,216,Holt,ON,4,3,ALP>LNP>GRN,ALP,0.19901952352283478,0.19901952352283478,0.0,0.0
VIC,216,Holt,ON,4,3,ALP>LNP>GRN,GRN,0.2578481121527479,0.2578481121527479,0.0,0.0
VIC,216,Holt,ON,4,3,ALP>LNP>GRN,LNP,0.5431323643244172,0.5431323643244172,0.0,0.0
VIC,216,Holt,OTH,5,2,ALP>LNP>GRN>ON,ALP,0.1678242610240672,0.22517623363544814,0.05735197261138095,0.05735197261138095
VIC,216,Holt,OTH,5,2,ALP>LNP>GRN>ON,GRN,0.3185268938782103,0.3211480362537764,0.002621142375566099,0.002621142375566099
VIC,216,Holt,OTH,5,2,ALP>LNP>GRN>ON,LNP,0.1744467775803586,0.15438066465256797,-0.02006611292779062,0.02006611292779062
VIC,216,Holt,OTH,5,2,ALP>LNP>GRN>ON,ON,0.3392020675173639,0.29929506545820744,-0.03990700205915648,0.03990700205915648
VIC,217,Hotham,GRN,3,4,ALP>LNP,ALP,0.8765950824774354,0.8765950824774354,0.0,0.0
VIC,217,Hotham,GRN,3,4,ALP>LNP,LNP,0.12340491752256458,0.12340491752256458,0.0,0.0
VIC,217,Hotham,ON,4,3,ALP>LNP>GRN,ALP,0.16146916146916146,0.16146916146916146,0.0,0.0
VIC,217,Hotham,ON,4,3,ALP>LNP>GRN,GRN,0.24462924462924462,0.2446292446292446,-2.7755575615628914e-17,2.7755575615628914e-17
VIC,217,Hotham,ON,4,3,ALP>LNP>GRN,LNP,0.5939015939015939,0.5939015939015939,0.0,0.0
VIC,217,Hotham,OTH,5,2,ALP>LNP>GRN>ON,ALP,0.17869087434304826,0.17098943323727187,-0.007701441105776391,0.007701441105776391
VIC,217,Hotham,OTH,5,2,ALP>LNP>GRN>ON,GRN,0.16411849020544672,0.2774575728466218,0.11333908264117509,0.11333908264117509
VIC,217,Hotham,OTH,5,2,ALP>LNP>GRN>ON,LNP,0.23745819397993312,0.1903618315722062,-0.04709636240772691,0.04709636240772691
VIC,217,Hotham,OTH,5,2,ALP>LNP>GRN>ON,ON,0.4197324414715719,0.3611911623439001,-0.05854127912767182,0.05854127912767182
VIC,218,Indi,ALP,4,6,LNP>ON>IND,IND,0.7303381281524379,0.7303381281524379,0.0,0.0
VIC,218,Indi,ALP,4,6,LNP>ON>IND,LNP,0.14272370633289744,0.14272370633289744,0.0,0.0
VIC,218,Indi,ALP,4,6,LNP>ON>IND,ON,0.12693816551466466,0.12693816551466466,0.0,0.0
VIC,218,Indi,GRN,5,5,ALP>LNP>ON>IND,ALP,0.2469061876247505,0.2469061876247505,0.0,0.0
VIC,218,Indi,GRN,5,5,ALP>LNP>ON>IND,IND,0.5598802395209581,0.5598802395209581,0.0,0.0
VIC,218,Indi,GRN,5,5,ALP>LNP>ON>IND,LNP,0.059880239520958084,0.05988023952095808,-6.938893903907228e-18,6.938893903907228e-18
VIC,218,Indi,GRN,5,5,ALP>LNP>ON>IND,ON,0.13333333333333333,0.13333333333333333,0.0,0.0
VIC,218,Indi,ON,3,7,LNP>IND,IND,0.3665165521055542,0.3665165521055542,0.0,0.0
VIC,218,Indi,ON,3,7,LNP>IND,LNP,0.6334834478944458,0.6334834478944458,0.0,0.0
VIC,218,Indi,OTH,6,4,ALP>LNP>GRN>ON>IND,ALP,0.11637487126673532,0.07781397032211365,-0.03856090094462167,0.03856090094462167
VIC,218,Indi,OTH,6,4,ALP>LNP>GRN>ON>IND,GRN,0.24716786817713698,0.14127156472433347,-0.10589630345280351,0.10589630345280351
VIC,218,Indi,OTH,6,4,ALP>LNP>GRN>ON>IND,IND,0.2945417095777549,0.24466159971045964,-0.04988010986729524,0.04988010986729524
VIC,218,Indi,OTH,6,4,ALP>LNP>GRN>ON>IND,LNP,0.10942327497425335,0.17203522740982025,0.0626119524355669,0.0626119524355669
VIC,218,Indi,OTH,6,4,ALP>LNP>GRN>ON>IND,ON,0.23249227600411945,0.364217637833273,0.13172536182915354,0.13172536182915354
VIC,219,Isaacs,GRN,3,3,ALP>LNP,ALP,0.8472952447715855,0.8472952447715855,0.0,0.0
VIC,219,Isaacs,GRN,3,3,ALP>LNP,LNP,0.15270475522841453,0.15270475522841453,0.0,0.0
VIC,219,Isaacs,ON,4,2,ALP>LNP>GRN,ALP,0.15138327634442028,0.15138327634442028,0.0,0.0
VIC,219,Isaacs,ON,4,2,ALP>LNP>GRN,GRN,0.16304009947155734,0.16304009947155734,0.0,0.0
VIC,219,Isaacs,ON,4,2,ALP>LNP>GRN,LNP,0.6855766241840224,0.6855766241840224,0.0,0.0
VIC,219,Isaacs,OTH,5,1,ALP>LNP>GRN>ON,ALP,0.17328519855595667,0.17328519855595667,0.0,0.0
VIC,219,Isaacs,OTH,5,1,ALP>LNP>GRN>ON,GRN,0.22408457968024756,0.22408457968024756,0.0,0.0
VIC,219,Isaacs,OTH,5,1,ALP>LNP>GRN>ON,LNP,0.23001547189272822,0.23001547189272822,0.0,0.0
VIC,219,Isaacs,OTH,5,1,ALP>LNP>GRN>ON,ON,0.3726147498710676,0.3726147498710676,0.0,0.0
VIC,220,Jagajaga,GRN,3,5,ALP>LNP,ALP,0.9023383768913342,0.9023383768913342,0.0,0.0
VIC,220,Jagajaga,GRN,3,5,ALP>LNP,LNP,0.09766162310866575,0.09766162310866575,0.0,0.0
VIC,220,Jagajaga,ON,5,3,ALP>LNP>GRN>OTH,ALP,0.11953894775980665,0.11953894775980665,0.0,0.0
VIC,220,Jagajaga,ON,5,3,ALP>LNP>GRN>OTH,GRN,0.050009295408068415,0.050009295408068415,0.0,0.0
VIC,220,Jagajaga,ON,5,3,ALP>LNP>GRN>OTH,LNP,0.558282208588957,0.558282208588957,0.0,0.0
VIC,220,Jagajaga,ON,5,3,ALP>LNP>GRN>OTH,OTH,0.27216954824316786,0.27216954824316786,0.0,0.0
VIC,220,Jagajaga,OTH,4,4,ALP>LNP>GRN,ALP,0.32054905127169964,0.281337738214338,-0.03921131305736164,0.03921131305736164
VIC,220,Jagajaga,OTH,4,4,ALP>LNP>GRN,GRN,0.4030413134167676,0.3237577361422227,-0.07928357727454488,0.07928357727454488
VIC,220,Jagajaga,OTH,4,4,ALP>LNP>GRN,LNP,0.2764096353115328,0.3949045256434393,0.11849489033190652,0.11849489033190652
VIC,221,Kooyong,ALP,3,5,LNP>IND,IND,0.7611866501854141,0.7611866501854141,0.0,0.0
VIC,221,Kooyong,ALP,3,5,LNP>IND,LNP,0.2388133498145859,0.2388133498145859,0.0,0.0
VIC,221,Kooyong,GRN,4,4,ALP>LNP>IND,ALP,0.2374444082872329,0.23744440828723293,2.7755575615628914e-17,2.7755575615628914e-17
VIC,221,Kooyong,GRN,4,4,ALP>LNP>IND,IND,0.6870593339841632,0.6870593339841632,0.0,0.0
VIC,221,Kooyong,GRN,4,4,ALP>LNP>IND,LNP,0.07549625772860397,0.07549625772860397,0.0,0.0
VIC,221,Kooyong,ON,5,3,ALP>LNP>GRN>IND,ALP,0.06857142857142857,0.06857142857142857,0.0,0.0
VIC,221,Kooyong,ON,5,3,ALP>LNP>GRN>IND,GRN,0.06637362637362637,0.06637362637362637,0.0,0.0
VIC,221,Kooyong,ON,5,3,ALP>LNP>GRN>IND,IND,0.1397802197802198,0.1397802197802198,0.0,0.0
VIC,221,Kooyong,ON,5,3,ALP>LNP>GRN>IND,LNP,0.7252747252747253,0.7252747252747253,0.0,0.0
VIC,221,Kooyong,OTH,6,2,ALP>LNP>GRN>ON>IND,ALP,0.0563816604708798,0.06310119276644863,0.006719532295568827,0.006719532295568827
VIC,221,Kooyong,OTH,6,2,ALP>LNP>GRN>ON>IND,GRN,0.06071871127633209,0.06464024624855713,0.003921534972225041,0.003921534972225041
VIC,221,Kooyong,OTH,6,2,ALP>LNP>GRN>ON>IND,IND,0.09107806691449814,0.10657945363601386,0.015501386721515714,0.015501386721515714
VIC,221,Kooyong,OTH,6,2,ALP>LNP>GRN>ON>IND,LNP,0.39714993804213133,0.35244324740284727,-0.044706690639284064,0.044706690639284064
VIC,221,Kooyong,OTH,6,2,ALP>LNP>GRN>ON>IND,ON,0.3946716232961586,0.41323585994613315,0.01856423664997453,0.01856423664997453
VIC,222,Lalor,GRN,3,5,ALP>LNP,ALP,0.824885033444816,0.824885033444816,0.0,0.0
VIC,222,Lalor,GRN,3,5,ALP>LNP,LNP,0.17511496655518394,0.17511496655518394,0.0,0.0
VIC,222,Lalor,ON,4,4,ALP>LNP>GRN,ALP,0.21614973262032086,0.21614973262032086,0.0,0.0
VIC,222,Lalor,ON,4,4,ALP>LNP>GRN,GRN,0.20983957219251337,0.20983957219251337,0.0,0.0
VIC,222,Lalor,ON,4,4,ALP>LNP>GRN,LNP,0.5740106951871657,0.5740106951871657,0.0,0.0
VIC,222,Lalor,OTH,5,3,ALP>LNP>GRN>ON,ALP,0.2161137440758294,0.2098191863385234,-0.006294557737306,0.006294557737306
VIC,222,Lalor,OTH,5,3,ALP>LNP>GRN>ON,GRN,0.21744075829383885,0.25025113008538424,0.03281037179154539,0.03281037179154539
VIC,222,Lalor,OTH,5,3,ALP>LNP>GRN>ON,LNP,0.24360189573459715,0.2430939226519337,-0.0005079730826634543,0.0005079730826634543
VIC,222,Lalor,OTH,5,3,ALP>LNP>GRN>ON,ON,0.3228436018957346,0.2968357609241587,-0.02600784097157588,0.02600784097157588
VIC,223,La Trobe,GRN,3,4,ALP>LNP,ALP,0.7692676495265492,0.7692676495265492,0.0,0.0
VIC,223,La Trobe,GRN,3,4,ALP>LNP,LNP,0.2307323504734508,0.2307323504734508,0.0,0.0
VIC,223,La Trobe,ON,4,3,ALP>LNP>GRN,ALP,0.16372061094903037,0.16372061094903037,0.0,0.0
VIC,223,La Trobe,ON,4,3,ALP>LNP>GRN,GRN,0.2014758881070877,0.2014758881070877,0.0,0.0
VIC,223,La Trobe,ON,4,3,ALP>LNP>GRN,LNP,0.6348035009438819,0.6348035009438819,0.0,0.0
VIC,223,La Trobe,OTH,5,2,ALP>LNP>GRN>ON,ALP,0.19788519637462235,0.19443127962085308,-0.0034539167537692705,0.0034539167537692705
VIC,223,La Trobe,OTH,5,2,ALP>LNP>GRN>ON,GRN,0.07949395770392749,0.11279620853080569,0.033302250826878196,0.033302250826878196
VIC,223,La Trobe,OTH,5,2,ALP>LNP>GRN>ON,LNP,0.194297583081571,0.2546208530805687,0.0603232699989977,0.0603232699989977
VIC,223,La Trobe,OTH,5,2,ALP>LNP>GRN>ON,ON,0.5283232628398792,0.4381516587677725,-0.09017160407210667,0.09017160407210667
VIC,224,Mallee,GRN,4,5,ALP>LNP>ON,ALP,0.5928741527752336,0.5928741527752336,0.0,0.0
VIC,224,Mallee,GRN,4,5,ALP>LNP>ON,LNP,0.32038834951456313,0.32038834951456313,0.0,0.0
VIC,224,Mallee,GRN,4,5,ALP>LNP>ON,ON,0.08673749771020334,0.08673749771020334,0.0,0.0
VIC,224,Mallee,ON,3,6,ALP>LNP,ALP,0.23987663487349364,0.23987663487349364,0.0,0.0
VIC,224,Mallee,ON,3,6,ALP>LNP,LNP,0.7601233651265064,0.7601233651265064,0.0,0.0
VIC,224,Mallee,OTH,5,4,ALP>LNP>GRN>ON,ALP,0.14376474859321112,0.13988095238095238,-0.0038837962122587333,0.0038837962122587333
VIC,224,Mallee,OTH,5,4,ALP>LNP>GRN>ON,GRN,0.15284080595389363,0.12613795518207283,-0.026702850771820802,0.026702850771820802
VIC,224,Mallee,OTH,5,4,ALP>LNP>GRN>ON,LNP,0.25921219822109276,0.28335084033613445,0.024138642115041686,0.024138642115041686
VIC,224,Mallee,OTH,5,4,ALP>LNP>GRN>ON,ON,0.4441822472318025,0.45063025210084034,0.006448004869037849,0.006448004869037849
VIC,225,Maribyrnong,GRN,3,2,ALP>LNP,ALP,0.8995228853307456,0.8995228853307456,0.0,0.0
VIC,225,Maribyrnong,GRN,3,2,ALP>LNP,LNP,0.10047711466925441,0.10047711466925441,0.0,0.0
VIC,225,Maribyrnong,ON,4,1,ALP>LNP>GRN,ALP,0.17599478147423353,0.17599478147423353,0.0,0.0
VIC,225,Maribyrnong,ON,4,1,ALP>LNP>GRN,GRN,0.14846705805609914,0.14846705805609914,0.0,0.0
VIC,225,Maribyrnong,ON,4,1,ALP>LNP>GRN,LNP,0.6755381604696673,0.6755381604696673,0.0,0.0
VIC,226,McEwen,GRN,3,7,ALP>LNP,ALP,0.7558381756386361,0.7558381756386361,0.0,0.0
VIC,226,McEwen,GRN,3,7,ALP>LNP,LNP,0.24416182436136388,0.2441618243613639,2.7755575615628914e-17,2.7755575615628914e-17
VIC,226,McEwen,ON,4,6,ALP>LNP>GRN,ALP,0.18186624372191382,0.18186624372191382,0.0,0.0
VIC,226,McEwen,ON,4,6,ALP>LNP>GRN,GRN,0.20459952418715305,0.20459952418715308,2.7755575615628914e-17,2.7755575615628914e-17
VIC,226,McEwen,ON,4,6,ALP>LNP>GRN,LNP,0.6135342320909332,0.6135342320909332,0.0,0.0
VIC,226,McEwen,OTH,5,5,ALP>LNP>GRN>ON,ALP,0.20233085140822274,0.180834739911002,-0.02149611149722075,0.02149611149722075
VIC,226,McEwen,OTH,5,5,ALP>LNP>GRN>ON,GRN,0.4478795726772418,0.33059690041430106,-0.11728267226294076,0.11728267226294076
VIC,226,McEwen,OTH,5,5,ALP>LNP>GRN>ON,LNP,0.1120103593395921,0.1448519257326991,0.032841566393106994,0.032841566393106994
VIC,226,McEwen,OTH,5,5,ALP>LNP>GRN>ON,ON,0.23777921657494336,0.34371643394199786,0.1059372173670545,0.1059372173670545
VIC,228,Melbourne,LNP,3,5,ALP>GRN,ALP,0.7928158797724015,0.7928158797724015,0.0,0.0
VIC,228,Melbourne,LNP,3,5,ALP>GRN,GRN,0.2071841202275985,0.2071841202275985,0.0,0.0
VIC,228,Melbourne,ON,5,3,ALP>LNP>GRN>OTH,ALP,0.20769817073170732,0.20769817073170732,0.0,0.0
VIC,228,Melbourne,ON,5,3,ALP>LNP>GRN>OTH,GRN,0.051448170731707314,0.051448170731707314,0.0,0.0
VIC,228,Melbourne,ON,5,3,ALP>LNP>GRN>OTH,LNP,0.3902439024390244,0.3902439024390244,0.0,0.0
VIC,228,Melbourne,ON,5,3,ALP>LNP>GRN>OTH,OTH,0.35060975609756095,0.35060975609756095,0.0,0.0
VIC,228,Melbourne,OTH,4,4,ALP>LNP>GRN,ALP,0.3093058733790999,0.31108100050656395,0.0017751271274640268,0.0017751271274640268
VIC,228,Melbourne,OTH,4,4,ALP>LNP>GRN,GRN,0.2393211289092296,0.3303188834944219,0.0909977545851923,0.0909977545851923
VIC,228,Melbourne,OTH,4,4,ALP>LNP>GRN,LNP,0.4513729977116705,0.35860011599901415,-0.09277288171265635,0.09277288171265635
VIC,229,Menzies,GRN,3,6,ALP>LNP,ALP,0.8317441516138585,0.8317441516138585,0.0,0.0
VIC,229,Menzies,GRN,3,6,ALP>LNP,LNP,0.16825584838614155,0.16825584838614155,0.0,0.0
VIC,229,Menzies,IND,4,5,ALP>LNP>GRN,ALP,0.32314361938639397,0.32314361938639397,0.0,0.0
VIC,229,Menzies,IND,4,5,ALP>LNP>GRN,GRN,0.4353045798132503,0.4353045798132503,0.0,0.0
VIC,229,Menzies,IND,4,5,ALP>LNP>GRN,LNP,0.2415518008003557,0.2415518008003557,0.0,0.0
VIC,229,Menzies,ON,5,4,ALP>LNP>GRN>IND,ALP,0.092663172939495,0.092663172939495,0.0,0.0
VIC,229,Menzies,ON,5,4,ALP>LNP>GRN>IND,GRN,0.05550262029537875,0.05550262029537875,0.0,0.0
VIC,229,Menzies,ON,5,4,ALP>LNP>GRN>IND,IND,0.2651262505955217,0.2651262505955217,0.0,0.0
VIC,229,Menzies,ON,5,4,ALP>LNP>GRN>IND,LNP,0.5867079561696046,0.5867079561696046,0.0,0.0
VIC,229,Menzies,OTH,6,3,ALP>LNP>GRN>ON>IND,ALP,0.07292675056469829,0.09298335906673529,0.020056608502037,0.020056608502037
VIC,229,Menzies,OTH,6,3,ALP>LNP>GRN>ON>IND,GRN,0.1732817037754114,0.12660833762223367,-0.04667336615317774,0.04667336615317774
VIC,229,Menzies,OTH,6,3,ALP>LNP>GRN>ON>IND,IND,0.1403678606001936,0.15731686395608166,0.01694900335588806,0.01694900335588806
VIC,229,Menzies,OTH,6,3,ALP>LNP>GRN>ON>IND,LNP,0.26137463697967084,0.2720878366786756,0.01071319969900475,0.01071319969900475
VIC,229,Menzies,OTH,6,3,ALP>LNP>GRN>ON>IND,ON,0.3520490480800258,0.3510036026762738,-0.00104544540375201,0.00104544540375201
VIC,232,Scullin,GRN,3,6,ALP>LNP,ALP,0.6938573143364125,0.6938573143364125,0.0,0.0
VIC,232,Scullin,GRN,3,6,ALP>LNP,LNP,0.3061426856635875,0.3061426856635875,0.0,0.0
VIC,232,Scullin,ON,4,5,ALP>LNP>GRN,ALP,0.17478359051561912,0.17478359051561912,0.0,0.0
VIC,232,Scullin,ON,4,5,ALP>LNP>GRN,GRN,0.33774934136243884,0.33774934136243884,0.0,0.0
VIC,232,Scullin,ON,4,5,ALP>LNP>GRN,LNP,0.487467068121942,0.48746706812194196,-5.551115123125783e-17,5.551115123125783e-17
VIC,232,Scullin,OTH,5,4,ALP>LNP>GRN>ON,ALP,0.12886664099602105,0.1735851164869546,0.04471847549093355,0.04471847549093355
VIC,232,Scullin,OTH,5,4,ALP>LNP>GRN>ON,GRN,0.10370940829161854,0.3119727359070339,0.20826332761541536,0.20826332761541536
VIC,232,Scullin,OTH,5,4,ALP>LNP>GRN>ON,LNP,0.1293800539083558,0.12983965584669535,0.0004596019383395489,0.0004596019383395489
VIC,232,Scullin,OTH,5,4,ALP>LNP>GRN>ON,ON,0.6380438968040046,0.38460249175931616,-0.2534414050446885,0.2534414050446885
VIC,233,Wannon,ALP,3,7,LNP>IND,IND,0.7032403609515997,0.7032403609515997,0.0,0.0
VIC,233,Wannon,ALP,3,7,LNP>IND,LNP,0.2967596390484003,0.2967596390484003,0.0,0.0
VIC,233,Wannon,GRN,5,5,ALP>LNP>ON>IND,ALP,0.291320406278855,0.291320406278855,0.0,0.0
VIC,233,Wannon,GRN,5,5,ALP>LNP>ON>IND,IND,0.5498614958448753,0.5498614958448753,0.0,0.0
VIC,233,Wannon,GRN,5,5,ALP>LNP>ON>IND,LNP,0.08010156971375808,0.08010156971375808,0.0,0.0
VIC,233,Wannon,GRN,5,5,ALP>LNP>ON>IND,ON,0.07871652816251154,0.07871652816251154,0.0,0.0
VIC,233,Wannon,ON,4,6,ALP>LNP>IND,ALP,0.13461278551155562,0.13461278551155562,0.0,0.0
VIC,233,Wannon,ON,4,6,ALP>LNP>IND,IND,0.2839572915258819,0.2839572915258819,0.0,0.0
VIC,233,Wannon,ON,4,6,ALP>LNP>IND,LNP,0.5814299229625625,0.5814299229625625,0.0,0.0
VIC,233,Wannon,OTH,6,4,ALP>LNP>GRN>ON>IND,ALP,0.1475501113585746,0.12127521145087831,-0.026274899907696284,0.026274899907696284
VIC,233,Wannon,OTH,6,4,ALP>LNP>GRN>ON>IND,GRN,0.17538975501113585,0.11776187378009108,-0.05762788123104477,0.05762788123104477
VIC,233,Wannon,OTH,6,4,ALP>LNP>GRN>ON>IND,IND,0.2898106904231626,0.24359141184124922,-0.04621927858191338,0.04621927858191338
VIC,233,Wannon,OTH,6,4,ALP>LNP>GRN>ON>IND,LNP,0.1517260579064588,0.18828887443070919,0.03656281652425039,0.03656281652425039
VIC,233,Wannon,OTH,6,4,ALP>LNP>GRN>ON>IND,ON,0.23552338530066816,0.3290826284970722,0.09355924319640405,0.09355924319640405
VIC,234,Wills,LNP,3,6,ALP>GRN,ALP,0.7592602784963399,0.7592602784963399,0.0,0.0
VIC,234,Wills,LNP,3,6,ALP>GRN,GRN,0.24073972150366008,0.2407397215036601,2.7755575615628914e-17,2.7755575615628914e-17
VIC,234,Wills,ON,5,4,ALP>LNP>GRN>OTH,ALP,0.15147679324894514,0.1514767932489451,-2.7755575615628914e-17,2.7755575615628914e-17
VIC,234,Wills,ON,5,4,ALP>LNP>GRN>OTH,GRN,0.1,0.1,0.0,0.0
VIC,234,Wills,ON,5,4,ALP>LNP>GRN>OTH,LNP,0.5932489451476793,0.5932489451476793,0.0,0.0
VIC,234,Wills,ON,5,4,ALP>LNP>GRN>OTH,OTH,0.15527426160337554,0.15527426160337554,0.0,0.0
VIC,234,Wills,OTH,4,5,ALP>LNP>GRN,ALP,0.16823317193582074,0.20931831510055798,0.04108514316473724,0.04108514316473724
VIC,234,Wills,OTH,4,5,ALP>LNP>GRN,GRN,0.765119149340169,0.6664288666418173,-0.09869028269835167,0.09869028269835167
VIC,234,Wills,OTH,4,5,ALP>LNP>GRN,LNP,0.06664767872401026,0.12425281825762459,0.05760513953361433,0.05760513953361433
VIC,309,Gorton,GRN,3,5,ALP>LNP,ALP,0.7613199860318939,0.761319986031894,1.1102230246251565e-16,1.1102230246251565e-16
VIC,309,Gorton,GRN,3,5,ALP>LNP,LNP,0.23868001396810615,0.23868001396810615,0.0,0.0
VIC,309,Gorton,ON,4,4,ALP>LNP>GRN,ALP,0.2274797069887151,0.2274797069887151,0.0,0.0
VIC,309,Gorton,ON,4,4,ALP>LNP>GRN,GRN,0.21589784201148288,0.21589784201148285,-2.7755575615628914e-17,2.7755575615628914e-17
VIC,309,Gorton,ON,4,4,ALP>LNP>GRN,LNP,0.556622450999802,0.556622450999802,0.0,0.0
VIC,309,Gorton,OTH,5,3,ALP>LNP>GRN>ON,ALP,0.40863654538184724,0.34358509234828494,-0.0650514530335623,0.0650514530335623
VIC,309,Gorton,OTH,5,3,ALP>LNP>GRN>ON,GRN,0.2773557243769159,0.22732519788918207,-0.050030526487733845,0.050030526487733845
VIC,309,Gorton,OTH,5,3,ALP>LNP>GRN>ON,LNP,0.13114754098360656,0.18461411609498682,0.053466575111380255,0.053466575111380255
VIC,309,Gorton,OTH,5,3,ALP>LNP>GRN>ON,ON,0.18286018925763028,0.24447559366754618,0.06161540440991589,0.06161540440991589
VIC,320,Cooper,LNP,3,4,ALP>GRN,ALP,0.7193658954584404,0.7193658954584404,0.0,0.0
VIC,320,Cooper,LNP,3,4,ALP>GRN,GRN,0.28063410454155957,0.28063410454155957,0.0,0.0
VIC,320,Cooper,ON,5,2,ALP>LNP>GRN>OTH,ALP,0.2214851965701343,0.22148519657013427,-2.7755575615628914e-17,2.7755575615628914e-17
VIC,320,Cooper,ON,5,2,ALP>LNP>GRN>OTH,GRN,0.07183303672544895,0.07183303672544895,0.0,0.0
VIC,320,Cooper,ON,5,2,ALP>LNP>GRN>OTH,LNP,0.5351884808283449,0.5351884808283449,0.0,0.0
VIC,320,Cooper,ON,5,2,ALP>LNP>GRN>OTH,OTH,0.17149328587607182,0.17149328587607182,0.0,0.0
VIC,320,Cooper,OTH,4,3,ALP>LNP>GRN,ALP,0.13328530259365995,0.1944228286329758,0.061137526039315854,0.061137526039315854
VIC,320,Cooper,OTH,4,3,ALP>LNP>GRN,GRN,0.7795389048991355,0.6857830062278506,-0.09375589867128487,0.09375589867128487
VIC,320,Cooper,OTH,4,3,ALP>LNP>GRN,LNP,0.08717579250720461,0.11979416513917354,0.03261837263196893,0.03261837263196893
VIC,321,Fraser,LNP,3,4,ALP>GRN,ALP,0.643868843938147,0.643868843938147,0.0,0.0
VIC,321,Fraser,LNP,3,4,ALP>GRN,GRN,0.35613115606185297,0.35613115606185297,0.0,0.0
VIC,321,Fraser,ON,5,2,ALP>LNP>GRN>OTH,ALP,0.13777777777777778,0.13777777777777778,0.0,0.0
VIC,321,Fraser,ON,5,2,ALP>LNP>GRN>OTH,GRN,0.14452107279693488,0.14452107279693488,0.0,0.0
VIC,321,Fraser,ON,5,2,ALP>LNP>GRN>OTH,LNP,0.5265900383141763,0.5265900383141763,0.0,0.0
VIC,321,Fraser,ON,5,2,ALP>LNP>GRN>OTH,OTH,0.19111111111111112,0.19111111111111112,0.0,0.0
VIC,321,Fraser,OTH,4,3,ALP>LNP>GRN,ALP,0.1813285457809695,0.18778340758472417,0.00645486180375468,0.00645486180375468
VIC,321,Fraser,OTH,4,3,ALP>LNP>GRN,GRN,0.7115499700777977,0.6208534022219113,-0.09069656785588642,0.09069656785588642
VIC,321,Fraser,OTH,4,3,ALP>LNP>GRN,LNP,0.10712148414123279,0.19136319019336442,0.08424170605213163,0.08424170605213163
VIC,322,Macnamara,GRN,3,4,ALP>LNP,ALP,0.9188411214953272,0.918841121495327,-1.1102230246251565e-16,1.1102230246251565e-16
VIC,322,Macnamara,GRN,3,4,ALP>LNP,LNP,0.08115887850467289,0.08115887850467289,0.0,0.0
VIC,322,Macnamara,ON,4,3,ALP>LNP>GRN,ALP,0.15416558525824034,0.15416558525824034,0.0,0.0
VIC,322,Macnamara,ON,4,3,ALP>LNP>GRN,GRN,0.13495977160654035,0.13495977160654035,0.0,0.0
VIC,322,Macnamara,ON,4,3,ALP>LNP>GRN,LNP,0.7108746431352193,0.7108746431352193,0.0,0.0
VIC,322,Macnamara,OTH,5,2,ALP>LNP>GRN>ON,ALP,0.23637218045112782,0.19203821656050957,-0.04433396389061825,0.04433396389061825
VIC,322,Macnamara,OTH,5,2,ALP>LNP>GRN>ON,GRN,0.27349624060150374,0.21305732484076434,-0.0604389157607394,0.0604389157607394
VIC,322,Macnamara,OTH,5,2,ALP>LNP>GRN>ON,LNP,0.24013157894736842,0.2605095541401274,0.020377975192758968,0.020377975192758968
VIC,322,Macnamara,OTH,5,2,ALP>LNP>GRN>ON,ON,0.25,0.3343949044585987,0.08439490445859871,0.08439490445859871
VIC,323,Monash,GRN,5,4,ALP>LNP>ON>IND,ALP,0.3611424883007907,0.3611424883007907,0.0,0.0
VIC,323,Monash,GRN,5,4,ALP>LNP>ON>IND,IND,0.541713732451186,0.5417137324511861,1.1102230246251565e-16,1.1102230246251565e-16
VIC,323,Monash,GRN,5,4,ALP>LNP>ON>IND,LNP,0.04954010004841052,0.04954010004841052,0.0,0.0
VIC,323,Monash,GRN,5,4,ALP>LNP>ON>IND,ON,0.04760367919961272,0.04760367919961272,0.0,0.0
VIC,323,Monash,IND,3,7,ALP>LNP,ALP,0.6883160113917964,0.5576089889871656,-0.13070702240463083,0.13070702240463083
VIC,323,Monash,IND,3,7,ALP>LNP,LNP,0.31168398860820357,0.4423910110128345,0.13070702240463095,0.13070702240463095
VIC,323,Monash,ON,4,5,ALP>LNP>IND,ALP,0.15391108610016882,0.15391108610016882,0.0,0.0
VIC,323,Monash,ON,4,5,ALP>LNP>IND,IND,0.5468017257550178,0.5468017257550177,-1.1102230246251565e-16,1.1102230246251565e-16
VIC,323,Monash,ON,4,5,ALP>LNP>IND,LNP,0.29928718814481337,0.29928718814481337,0.0,0.0
VIC,323,Monash,OTH,6,3,ALP>LNP>GRN>ON>IND,ALP,0.14977865223807182,0.10870113493064312,-0.0410775173074287,0.0410775173074287
VIC,323,Monash,OTH,6,3,ALP>LNP>GRN>ON>IND,GRN,0.22405312346286277,0.14312736443883986,-0.08092575902402291,0.08092575902402291
VIC,323,Monash,OTH,6,3,ALP>LNP>GRN>ON>IND,IND,0.33128381701918347,0.3255989911727617,-0.0056848258464217705,0.0056848258464217705
VIC,323,Monash,OTH,6,3,ALP>LNP>GRN>ON>IND,LNP,0.103049680275455,0.1450189155107188,0.0419692352352638,0.0419692352352638
VIC,323,Monash,OTH,6,3,ALP>LNP>GRN>ON>IND,ON,0.19183472700442694,0.27755359394703655,0.0857188669426096,0.0857188669426096
VIC,324,Nicholls,GRN,4,4,ALP>LNP>ON,ALP,0.6829558998808105,0.6829558998808105,0.0,0.0
VIC,324,Nicholls,GRN,4,4,ALP>LNP>ON,LNP,0.22245096976920575,0.22245096976920575,0.0,0.0
VIC,324,Nicholls,GRN,4,4,ALP>LNP>ON,ON,0.09459313034998375,0.09459313034998375,0.0,0.0
VIC,324,Nicholls,ON,3,5,ALP>LNP,ALP,0.21423844711591486,0.21423844711591486,0.0,0.0
VIC,324,Nicholls,ON,3,5,ALP>LNP,LNP,0.7857615528840851,0.7857615528840851,0.0,0.0
VIC,324,Nicholls,OTH,5,3,ALP>LNP>GRN>ON,ALP,0.13782542113323124,0.16808668271902205,0.030261261585790816,0.030261261585790816
VIC,324,Nicholls,OTH,5,3,ALP>LNP>GRN>ON,GRN,0.05615109749872384,0.09205408408964623,0.03590298659092239,0.03590298659092239
VIC,324,Nicholls,OTH,5,3,ALP>LNP>GRN>ON,LNP,0.2227326867449379,0.26143730320429714,0.03870461645935924,0.03870461645935924
VIC,324,Nicholls,OTH,5,3,ALP>LNP>GRN>ON,ON,0.5832907946231071,0.47842192998703464,-0.10486886463607242,0.10486886463607242
VIC,326,Hawke,GRN,3,5,ALP>LNP,ALP,0.8177134587554269,0.8177134587554269,0.0,0.0
VIC,326,Hawke,GRN,3,5,ALP>LNP,LNP,0.18228654124457308,0.18228654124457308,0.0,0.0
VIC,326,Hawke,ON,4,4,ALP>LNP>GRN,ALP,0.1983148219073152,0.1983148219073152,0.0,0.0
VIC,326,Hawke,ON,4,4,ALP>LNP>GRN,GRN,0.21792416698582917,0.2179241669858292,2.7755575615628914e-17,2.7755575615628914e-17
VIC,326,Hawke,ON,4,4,ALP>LNP>GRN,LNP,0.5837610111068556,0.5837610111068556,0.0,0.0
VIC,326,Hawke,OTH,5,3,ALP>LNP>GRN>ON,ALP,0.22154586636466592,0.21513532149629375,-0.00641054486837217,0.00641054486837217
VIC,326,Hawke,OTH,5,3,ALP>LNP>GRN>ON,GRN,0.4364382785956965,0.3664885364592312,-0.06994974213646532,0.06994974213646532
VIC,326,Hawke,OTH,5,3,ALP>LNP>GRN>ON,LNP,0.11891279728199321,0.15807619375969661,0.03916339647770341,0.03916339647770341
VIC,326,Hawke,OTH,5,3,ALP>LNP>GRN>ON,ON,0.22310305775764439,0.2602999482847785,0.0371968905271341,0.0371968905271341
VIC,328,Corangamite,GRN,3,6,ALP>LNP,ALP,0.8811524016604072,0.8811524016604072,0.0,0.0
VIC,328,Corangamite,GRN,3,6,ALP>LNP,LNP,0.11884759833959281,0.11884759833959281,0.0,0.0
VIC,328,Corangamite,ON,5,4,ALP>LNP>GRN>OTH,ALP,0.11098901098901098,0.11098901098901098,0.0,0.0
VIC,328,Corangamite,ON,5,4,ALP>LNP>GRN>OTH,GRN,0.0641025641025641,0.0641025641025641,0.0,0.0
VIC,328,Corangamite,ON,5,4,ALP>LNP>GRN>OTH,LNP,0.49835164835164836,0.4983516483516483,-5.551115123125783e-17,5.551115123125783e-17
VIC,328,Corangamite,ON,5,4,ALP>LNP>GRN>OTH,OTH,0.32655677655677656,0.3265567765567766,5.551115123125783e-17,5.551115123125783e-17
VIC,328,Corangamite,OTH,4,5,ALP>LNP>GRN,ALP,0.25514240506329117,0.2695572098756227,0.014414804812331539,0.014414804812331539
VIC,328,Corangamite,OTH,4,5,ALP>LNP>GRN,GRN,0.5084388185654009,0.3966509163853423,-0.11178790218005857,0.11178790218005857
VIC,328,Corangamite,OTH,4,5,ALP>LNP>GRN,LNP,0.236418776371308,0.33379187373903496,0.09737309736772695,0.09737309736772695
WA,235,Brand,GRN,3,3,ALP>LNP,ALP,0.7811213177066836,0.7811213177066837,1.1102230246251565e-16,1.1102230246251565e-16
WA,235,Brand,GRN,3,3,ALP>LNP,LNP,0.21887868229331645,0.21887868229331645,0.0,0.0
WA,235,Brand,ON,4,2,ALP>LNP>GRN,ALP,0.199675210054367,0.19967521005436698,-2.7755575615628914e-17,2.7755575615628914e-17
WA,235,Brand,ON,4,2,ALP>LNP>GRN,GRN,0.27755419049636376,0.27755419049636376,0.0,0.0
WA,235,Brand,ON,4,2,ALP>LNP>GRN,LNP,0.5227705994492692,0.5227705994492692,0.0,0.0
WA,235,Brand,OTH,5,1,ALP>LNP>GRN>ON,ALP,0.26817895400126024,0.26817895400126024,0.0,0.0
WA,235,Brand,OTH,5,1,ALP>LNP>GRN>ON,GRN,0.32753623188405795,0.32753623188405795,0.0,0.0
WA,235,Brand,OTH,5,1,ALP>LNP>GRN>ON,LNP,0.1266540642722117,0.1266540642722117,0.0,0.0
WA,235,Brand,OTH,5,1,ALP>LNP>GRN>ON,ON,0.27763074984247005,0.27763074984247005,0.0,0.0
WA,236,Canning,GRN,4,3,ALP>LNP>ON,ALP,0.6877230549607424,0.6877230549607424,0.0,0.0
WA,236,Canning,GRN,4,3,ALP>LNP>ON,LNP,0.1273197715917202,0.1273197715917202,0.0,0.0
WA,236,Canning,GRN,4,3,ALP>LNP>ON,ON,0.18495717344753748,0.18495717344753748,0.0,0.0
WA,236,Canning,ON,3,4,ALP>LNP,ALP,0.27372147417662307,0.27372147417662307,0.0,0.0
WA,236,Canning,ON,3,4,ALP>LNP,LNP,0.7262785258233769,0.7262785258233769,0.0,0.0
WA,236,Canning,OTH,5,2,ALP>LNP>GRN>ON,ALP,0.22759039805530235,0.21835616438356165,-0.0092342336717407,0.0092342336717407
WA,236,Canning,OTH,5,2,ALP>LNP>GRN>ON,GRN,0.3175326648435126,0.306986301369863,-0.010546363473649623,0.010546363473649623
WA,236,Canning,OTH,5,2,ALP>LNP>GRN>ON,LNP,0.1701610452749924,0.16534246575342465,-0.004818579521567751,0.004818579521567751
WA,236,Canning,OTH,5,2,ALP>LNP>GRN>ON,ON,0.28471589182619267,0.30931506849315066,0.02459917666695799,0.02459917666695799
WA,237,Cowan,GRN,3,6,ALP>LNP,ALP,0.7526328679892236,0.7526328679892236,0.0,0.0
WA,237,Cowan,GRN,3,6,ALP>LNP,LNP,0.2473671320107764,0.24736713201077642,2.7755575615628914e-17,2.7755575615628914e-17
WA,237,Cowan,ON,4,5,ALP>LNP>GRN,ALP,0.18157863217151754,0.18157863217151754,0.0,0.0
WA,237,Cowan,ON,4,5,ALP>LNP>GRN,GRN,0.24685591088753145,0.24685591088753145,0.0,0.0
WA,237,Cowan,ON,4,5,ALP>LNP>GRN,LNP,0.5715654569409511,0.5715654569409511,0.0,0.0
WA,237,Cowan,OTH,5,4,ALP>LNP>GRN>ON,ALP,0.22697495183044317,0.19811614510353417,-0.028858806726908992,0.028858806726908992
WA,237,Cowan,OTH,5,4,ALP>LNP>GRN>ON,GRN,0.37764932562620424,0.30390783123151177,-0.07374149439469246,0.07374149439469246
WA,237,Cowan,OTH,5,4,ALP>LNP>GRN>ON,LNP,0.1608863198458574,0.22707457574342207,0.06618825589756466,0.06618825589756466
WA,237,Cowan,OTH,5,4,ALP>LNP>GRN>ON,ON,0.2344894026974952,0.270901447921532,0.03641204522403679,0.03641204522403679
WA,238,Curtin,ALP,3,4,LNP>IND,IND,0.7966765399869471,0.7966765399869471,0.0,0.0
WA,238,Curtin,ALP,3,4,LNP>IND,LNP,0.20332346001305288,0.20332346001305288,0.0,0.0
WA,238,Curtin,GRN,4,3,ALP>LNP>IND,ALP,0.396297527990245,0.396297527990245,0.0,0.0
WA,238,Curtin,GRN,4,3,ALP>LNP>IND,IND,0.5414033920851347,0.5414033920851347,0.0,0.0
WA,238,Curtin,GRN,4,3,ALP>LNP>IND,LNP,0.06229907992462033,0.06229907992462033,0.0,0.0
WA,238,Curtin,ON,5,2,ALP>LNP>GRN>IND,ALP,0.07632348164988632,0.07632348164988632,0.0,0.0
WA,238,Curtin,ON,5,2,ALP>LNP>GRN>IND,GRN,0.06398181227671322,0.06398181227671322,0.0,0.0
WA,238,Curtin,ON,5,2,ALP>LNP>GRN>IND,IND,0.2692432607989607,0.2692432607989607,0.0,0.0
WA,238,Curtin,ON,5,2,ALP>LNP>GRN>IND,LNP,0.5904514452744397,0.5904514452744397,0.0,0.0
WA,238,Curtin,OTH,6,1,ALP>LNP>GRN>ON>IND,ALP,0.2039695945945946,0.2039695945945946,0.0,0.0
WA,238,Curtin,OTH,6,1,ALP>LNP>GRN>ON>IND,GRN,0.24873310810810811,0.24873310810810811,0.0,0.0
WA,238,Curtin,OTH,6,1,ALP>LNP>GRN>ON>IND,IND,0.24662162162162163,0.24662162162162163,0.0,0.0
WA,238,Curtin,OTH,6,1,ALP>LNP>GRN>ON>IND,LNP,0.15371621621621623,0.15371621621621623,0.0,0.0
WA,238,Curtin,OTH,6,1,ALP>LNP>GRN>ON>IND,ON,0.14695945945945946,0.14695945945945946,0.0,0.0
WA,239,Forrest,GRN,5,4,ALP>LNP>ON>IND,ALP,0.4546139765263271,0.4546139765263271,0.0,0.0
WA,239,Forrest,GRN,5,4,ALP>LNP>ON>IND,IND,0.4121890815117907,0.4121890815117907,0.0,0.0
WA,239,Forrest,GRN,5,4,ALP>LNP>ON>IND,LNP,0.0736513405836115,0.0736513405836115,0.0,0.0
WA,239,Forrest,GRN,5,4,ALP>LNP>ON>IND,ON,0.0595456013782707,0.0595456013782707,0.0,0.0
WA,239,Forrest,IND,3,6,ALP>LNP,ALP,0.6557574469592321,0.6557574469592321,0.0,0.0
WA,239,Forrest,IND,3,6,ALP>LNP,LNP,0.3442425530407679,0.3442425530407679,0.0,0.0
WA,239,Forrest,ON,4,5,ALP>LNP>IND,ALP,0.09639048400328137,0.09639048400328137,0.0,0.0
WA,239,Forrest,ON,4,5,ALP>LNP>IND,IND,0.3602132895816243,0.3602132895816243,0.0,0.0
WA,239,Forrest,ON,4,5,ALP>LNP>IND,LNP,0.5433962264150943,0.5433962264150943,0.0,0.0
WA,239,Forrest,OTH,6,3,ALP>LNP>GRN>ON>IND,ALP,0.1503575789290075,0.1347562217942025,-0.01560135713480501,0.01560135713480501
WA,239,Forrest,OTH,6,3,ALP>LNP>GRN>ON>IND,GRN,0.2108843537414966,0.1836399994959868,-0.027244354245509805,0.027244354245509805
WA,239,Forrest,OTH,6,3,ALP>LNP>GRN>ON>IND,IND,0.2098377812663527,0.19551408245733384,-0.014323698809018848,0.014323698809018848
WA,239,Forrest,OTH,6,3,ALP>LNP>GRN>ON>IND,LNP,0.18123146694575265,0.1740182151890358,-0.00721325175671686,0.00721325175671686
WA,239,Forrest,OTH,6,3,ALP>LNP>GRN>ON>IND,ON,0.24768881911739055,0.3120714810634411,0.06438266194605058,0.06438266194605058
WA,240,Fremantle,GRN,4,4,ALP>LNP>IND,ALP,0.4350172036284016,0.4350172036284016,0.0,0.0
WA,240,Fremantle,GRN,4,4,ALP>LNP>IND,IND,0.5133719111667188,0.5133719111667188,0.0,0.0
WA,240,Fremantle,GRN,4,4,ALP>LNP>IND,LNP,0.051610885204879574,0.051610885204879574,0.0,0.0
WA,240,Fremantle,LNP,3,5,ALP>IND,ALP,0.2560196772244757,0.2560196772244757,0.0,0.0
WA,240,Fremantle,LNP,3,5,ALP>IND,IND,0.7439803227755243,0.7439803227755243,0.0,0.0
WA,240,Fremantle,ON,5,3,ALP>LNP>GRN>IND,ALP,0.08449424591156875,0.08449424591156875,0.0,0.0
WA,240,Fremantle,ON,5,3,ALP>LNP>GRN>IND,GRN,0.0693519079345851,0.0693519079345851,0.0,0.0
WA,240,Fremantle,ON,5,3,ALP>LNP>GRN>IND,IND,0.36992731677771046,0.3699273167777105,5.551115123125783e-17,5.551115123125783e-17
WA,240,Fremantle,ON,5,3,ALP>LNP>GRN>IND,LNP,0.4762265293761357,0.4762265293761357,0.0,0.0
WA,240,Fremantle,OTH,6,2,ALP>LNP>GRN>ON>IND,ALP,0.13475836431226765,0.14931650893796003,0.014558144625692382,0.014558144625692382
WA,240,Fremantle,OTH,6,2,ALP>LNP>GRN>ON>IND,GRN,0.4117100371747212,0.277602523659306,-0.13410751351541522,0.13410751351541522
WA,240,Fremantle,OTH,6,2,ALP>LNP>GRN>ON>IND,IND,0.2778810408921933,0.323869610935857,0.04598857004366369,0.04598857004366369
WA,240,Fremantle,OTH,6,2,ALP>LNP>GRN>ON>IND,LNP,0.031598513011152414,0.06046267087276551,0.028864157861613095,0.028864157861613095
WA,240,Fremantle,OTH,6,2,ALP>LNP>GRN>ON>IND,ON,0.14405204460966542,0.18874868559411145,0.044696640984446034,0.044696640984446034
WA,242,Moore,GRN,4,5,ALP>LNP>OTH,ALP,0.7312378003634651,0.7312378003634651,0.0,0.0
WA,242,Moore,GRN,4,5,ALP>LNP>OTH,LNP,0.11099145184088309,0.11099145184088309,0.0,0.0
WA,242,Moore,GRN,4,5,ALP>LNP>OTH,OTH,0.1577707477956519,0.1577707477956519,0.0,0.0
WA,242,Moore,IND,5,4,ALP>LNP>GRN>OTH,ALP,0.25353812397147557,0.25353812397147557,0.0,0.0
WA,242,Moore,IND,5,4,ALP>LNP>GRN>OTH,GRN,0.24904004388370818,0.24904004388370818,0.0,0.0
WA,242,Moore,IND,5,4,ALP>LNP>GRN>OTH,LNP,0.190016456390565,0.190016456390565,0.0,0.0
WA,242,Moore,IND,5,4,ALP>LNP>GRN>OTH,OTH,0.30740537575425125,0.30740537575425125,0.0,0.0
WA,242,Moore,ON,6,3,ALP>LNP>GRN>IND>OTH,ALP,0.054542802975061984,0.054542802975061984,0.0,0.0
WA,242,Moore,ON,6,3,ALP>LNP>GRN>IND>OTH,GRN,0.07131398570803558,0.07131398570803558,0.0,0.0
WA,242,Moore,ON,6,3,ALP>LNP>GRN>IND>OTH,IND,0.2645471780662097,0.2645471780662097,0.0,0.0
WA,242,Moore,ON,6,3,ALP>LNP>GRN>IND>OTH,LNP,0.4262797141607117,0.4262797141607117,0.0,0.0
WA,242,Moore,ON,6,3,ALP>LNP>GRN>IND>OTH,OTH,0.18331631908998103,0.18331631908998103,0.0,0.0
WA,242,Moore,OTH,3,6,ALP>LNP,ALP,0.4548974943052392,0.43342213883973,-0.02147535546550916,0.02147535546550916
WA,242,Moore,OTH,3,6,ALP>LNP,LNP,0.5451025056947608,0.56657786116027,0.02147535546550916,0.02147535546550916
WA,243,O'Connor,GRN,4,4,ALP>LNP>ON,ALP,0.6260685500284947,0.6260685500284947,0.0,0.0
WA,243,O'Connor,GRN,4,4,ALP>LNP>ON,LNP,0.30554424814784664,0.30554424814784664,0.0,0.0
WA,243,O'Connor,GRN,4,4,ALP>LNP>ON,ON,0.06838720182365872,0.06838720182365872,0.0,0.0
WA,243,O'Connor,ON,3,5,ALP>LNP,ALP,0.10824548192771084,0.10824548192771084,0.0,0.0
WA,243,O'Connor,ON,3,5,ALP>LNP,LNP,0.8917545180722891,0.8917545180722892,1.1102230246251565e-16,1.1102230246251565e-16
WA,243,O'Connor,OTH,5,3,ALP>LNP>GRN>ON,ALP,0.1611640571817563,0.1120172478440195,-0.04914680933773681,0.04914680933773681
WA,243,O'Connor,OTH,5,3,ALP>LNP>GRN>ON,GRN,0.2942477876106195,0.21269216347956504,-0.08155562413105444,0.08155562413105444
WA,243,O'Connor,OTH,5,3,ALP>LNP>GRN>ON,LNP,0.28727025187202176,0.2963067116610424,0.009036459789020623,0.009036459789020623
WA,243,O'Connor,OTH,5,3,ALP>LNP>GRN>ON,ON,0.25731790333560245,0.37898387701537306,0.12166597367977061,0.12166597367977061
WA,244,Pearce,GRN,3,4,ALP>LNP,ALP,0.6869122257053292,0.6869122257053292,0.0,0.0
WA,244,Pearce,GRN,3,4,ALP>LNP,LNP,0.31308777429467083,0.31308777429467083,0.0,0.0
WA,244,Pearce,ON,4,3,ALP>LNP>GRN,ALP,0.16560026940562383,0.16560026940562383,0.0,0.0
WA,244,Pearce,ON,4,3,ALP>LNP>GRN,GRN,0.2689004882976932,0.2689004882976932,0.0,0.0
WA,244,Pearce,ON,4,3,ALP>LNP>GRN,LNP,0.5654992422966829,0.5654992422966829,0.0,0.0
WA,244,Pearce,OTH,5,2,ALP>LNP>GRN>ON,ALP,0.2078105174115325,0.18042055147788139,-0.027389965933651117,0.027389965933651117
WA,244,Pearce,OTH,5,2,ALP>LNP>GRN>ON,GRN,0.396870153672635,0.30053560801428286,-0.09633454565835214,0.09633454565835214
WA,244,Pearce,OTH,5,2,ALP>LNP>GRN>ON,LNP,0.15621034823064994,0.2424122197976592,0.08620187156700926,0.08620187156700926
WA,244,Pearce,OTH,5,2,ALP>LNP>GRN>ON,ON,0.23910898068518258,0.27663162071017655,0.037522640024993975,0.037522640024993975
WA,245,Perth,GRN,3,2,ALP>LNP,ALP,0.878966243081001,0.878966243081001,0.0,0.0
WA,245,Perth,GRN,3,2,ALP>LNP,LNP,0.12103375691899898,0.12103375691899898,0.0,0.0
WA,245,Perth,ON,4,1,ALP>LNP>GRN,ALP,0.13521215959468016,0.13521215959468016,0.0,0.0
WA,245,Perth,ON,4,1,ALP>LNP>GRN,GRN,0.18793540215326157,0.18793540215326157,0.0,0.0
WA,245,Perth,ON,4,1,ALP>LNP>GRN,LNP,0.6768524382520583,0.6768524382520583,0.0,0.0
WA,247,Swan,GRN,3,4,ALP>LNP,ALP,0.8596298244774977,0.8596298244774977,0.0,0.0
WA,247,Swan,GRN,3,4,ALP>LNP,LNP,0.14037017552250228,0.14037017552250228,0.0,0.0
WA,247,Swan,ON,4,3,ALP>LNP>GRN,ALP,0.14473500209760873,0.14473500209760873,0.0,0.0
WA,247,Swan,ON,4,3,ALP>LNP>GRN,GRN,0.22794014823101663,0.22794014823101663,0.0,0.0
WA,247,Swan,ON,4,3,ALP>LNP>GRN,LNP,0.6273248496713746,0.6273248496713746,0.0,0.0
WA,247,Swan,OTH,5,2,ALP>LNP>GRN>ON,ALP,0.2537554887913104,0.26082379260429006,0.007068303812979682,0.007068303812979682
WA,247,Swan,OTH,5,2,ALP>LNP>GRN>ON,GRN,0.39704183036746016,0.2754309777602316,-0.12161085260722854,0.12161085260722854
WA,247,Swan,OTH,5,2,ALP>LNP>GRN>ON,LNP,0.12341113935752253,0.19792077904987498,0.07450963969235246,0.07450963969235246
WA,247,Swan,OTH,5,2,ALP>LNP>GRN>ON,ON,0.22579154148370695,0.2658244505856034,0.04003290910189644,0.04003290910189644
WA,248,Tangney,GRN,3,4,ALP>LNP,ALP,0.7921341816078659,0.7921341816078659,0.0,0.0
WA,248,Tangney,GRN,3,4,ALP>LNP,LNP,0.2078658183921342,0.20786581839213417,-2.7755575615628914e-17,2.7755575615628914e-17
WA,248,Tangney,ON,4,3,ALP>LNP>GRN,ALP,0.14493927125506073,0.14493927125506073,0.0,0.0
WA,248,Tangney,ON,4,3,ALP>LNP>GRN,GRN,0.21651821862348178,0.21651821862348178,0.0,0.0
WA,248,Tangney,ON,4,3,ALP>LNP>GRN,LNP,0.6385425101214575,0.6385425101214575,0.0,0.0
WA,248,Tangney,OTH,5,2,ALP>LNP>GRN>ON,ALP,0.17989704687076674,0.216795451231958,0.03689840436119127,0.03689840436119127
WA,248,Tangney,OTH,5,2,ALP>LNP>GRN>ON,GRN,0.0988891899214305,0.2249599066919376,0.1260707167705071,0.1260707167705071
WA,248,Tangney,OTH,5,2,ALP>LNP>GRN>ON,LNP,0.44296938499051747,0.3169558244642076,-0.12601356052630985,0.12601356052630985
WA,248,Tangney,OTH,5,2,ALP>LNP>GRN>ON,ON,0.2782443782172853,0.24128881761189677,-0.03695556060538854,0.03695556060538854
WA,305,Hasluck,GRN,3,5,ALP>LNP,ALP,0.7700643010240533,0.7700643010240533,0.0,0.0
WA,305,Hasluck,GRN,3,5,ALP>LNP,LNP,0.22993569897594665,0.22993569897594665,0.0,0.0
WA,305,Hasluck,ON,4,4,ALP>LNP>GRN,ALP,0.18255779343188808,0.18255779343188808,0.0,0.0
WA,305,Hasluck,ON,4,4,ALP>LNP>GRN,GRN,0.25855739656711973,0.25855739656711973,0.0,0.0
WA,305,Hasluck,ON,4,4,ALP>LNP>GRN,LNP,0.5588848100009922,0.5588848100009922,0.0,0.0
WA,305,Hasluck,OTH,5,3,ALP>LNP>GRN>ON,ALP,0.2597574838954149,0.22381417562140454,-0.03594330827401038,0.03594330827401038
WA,305,Hasluck,OTH,5,3,ALP>LNP>GRN>ON,GRN,0.35013262599469497,0.24725930750027136,-0.1028733184944236,0.1028733184944236
WA,305,Hasluck,OTH,5,3,ALP>LNP>GRN>ON,LNP,0.1582038651004168,0.20015195918810377,0.04194809408768696,0.04194809408768696
WA,305,Hasluck,OTH,5,3,ALP>LNP>GRN>ON,ON,0.2319060250094733,0.32877455769022035,0.09686853268074705,0.09686853268074705
WA,312,Durack,GRN,4,5,ALP>LNP>ON,ALP,0.6515701773125401,0.6515701773125401,0.0,0.0
WA,312,Durack,GRN,4,5,ALP>LNP>ON,LNP,0.2589190343943602,0.25891903439436015,-5.551115123125783e-17,5.551115123125783e-17
WA,312,Durack,GRN,4,5,ALP>LNP>ON,ON,0.08951078829309976,0.08951078829309976,0.0,0.0
WA,312,Durack,ON,3,6,ALP>LNP,ALP,0.1248135646440066,0.12481356464400661,1.3877787807814457e-17,1.3877787807814457e-17
WA,312,Durack,ON,3,6,ALP>LNP,LNP,0.8751864353559934,0.8751864353559934,0.0,0.0
WA,312,Durack,OTH,5,4,ALP>LNP>GRN>ON,ALP,0.17910198631280252,0.17893120982442676,-0.00017077648837576787,0.00017077648837576787
WA,312,Durack,OTH,5,4,ALP>LNP>GRN>ON,GRN,0.24470038390919713,0.2078096517317471,-0.036890732177450036,0.036890732177450036
WA,312,Durack,OTH,5,4,ALP>LNP>GRN>ON,LNP,0.3338340844600234,0.3222680610189005,-0.011566023441122897,0.011566023441122897
WA,312,Durack,OTH,5,4,ALP>LNP>GRN>ON,ON,0.24236354531797696,0.29099107742492564,0.04862753210694867,0.04862753210694867
WA,317,Burt,GRN,4,4,ALP>LNP>ON,ALP,0.763781776635247,0.763781776635247,0.0,0.0
WA,317,Burt,GRN,4,4,ALP>LNP>ON,LNP,0.10961153956012568,0.10961153956012568,0.0,0.0
WA,317,Burt,GRN,4,4,ALP>LNP>ON,ON,0.12660668380462725,0.12660668380462725,0.0,0.0
WA,317,Burt,ON,3,5,ALP>LNP,ALP,0.29328710999054525,0.29328710999054525,0.0,0.0
WA,317,Burt,ON,3,5,ALP>LNP,LNP,0.7067128900094548,0.7067128900094548,0.0,0.0
WA,317,Burt,OTH,5,3,ALP>LNP>GRN>ON,ALP,0.30759969902182094,0.2684654568608723,-0.03913424216094863,0.03913424216094863
WA,317,Burt,OTH,5,3,ALP>LNP>GRN>ON,GRN,0.3036869826937547,0.21235275390003183,-0.09133422879372288,0.09133422879372288
WA,317,Burt,OTH,5,3,ALP>LNP>GRN>ON,LNP,0.11542513167795335,0.1766953199617956,0.06127018828384226,0.06127018828384226
WA,317,Burt,OTH,5,3,ALP>LNP>GRN>ON,ON,0.27328818660647103,0.3424864692773002,0.06919828267082917,0.06919828267082917
WA,329,Bullwinkel,GRN,3,4,ALP>LNP,ALP,0.687935190144617,0.687935190144617,0.0,0.0
WA,329,Bullwinkel,GRN,3,4,ALP>LNP,LNP,0.312064809855383,0.31206480985538293,-5.551115123125783e-17,5.551115123125783e-17
WA,329,Bullwinkel,ON,4,3,ALP>LNP>GRN,ALP,0.09502561560072716,0.09502561560072716,0.0,0.0
WA,329,Bullwinkel,ON,4,3,ALP>LNP>GRN,GRN,0.11774913237481408,0.11774913237481408,0.0,0.0
WA,329,Bullwinkel,ON,4,3,ALP>LNP>GRN,LNP,0.7872252520244588,0.7872252520244588,0.0,0.0
WA,329,Bullwinkel,OTH,5,2,ALP>LNP>GRN>ON,ALP,0.20464096473597662,0.1573283424961984,-0.047312622239778224,0.047312622239778224
WA,329,Bullwinkel,OTH,5,2,ALP>LNP>GRN>ON,GRN,0.30111456239722273,0.2085624049596444,-0.09255215743757833,0.09255215743757833
WA,329,Bullwinkel,OTH,5,2,ALP>LNP>GRN>ON,LNP,0.24812716974237164,0.2725464966662768,0.024419326923905138,0.024419326923905138
WA,329,Bullwinkel,OTH,5,2,ALP>LNP>GRN>ON,ON,0.246117303124429,0.36156275587788045,0.11544545275345144,0.11544545275345144
