Election,State,DivisionID,Electorate,CandidateID,BallotPosition,CandidateName,OfficialPartyCode,OfficialPartyName,PrimaryVotes,PrimaryShare,Elected,HistoricElected,SuggestedModelCategory,SuggestedCandidateSubtype,ModelCategory,CandidateSubtype,IdeologyFamily,ClassificationRationale,ReviewStatus,TPPToALP,TPPToCoalition,TPPFlowVotes,TPPFlowProfile,TPPDonkeyFavouredParty,TPPSourcePage,TCPFinalA,TCPFinalB,TCPToA,TCPToB,TCPFlowVotes,TCPDonkeyFavouredParty,TCPSourcePage,AnalystNotes
2025,ACT,318,Bean,41076,1,David Lamerton,LP,Liberal,23665,23.04%,N,N,LNP,LIB,LNP,LIB,,Official Coalition affiliation.,Auto-classified,,,,,,,ALP,IND,20.00%,80.00%,23665,IND,3,
2025,ACT,318,Bean,41682,2,Jessie Price,IND,Independent,27120,26.41%,N,N,IND,IND_PROMINENT,IND,IND_PROMINENT,LEFT,Official independent with at least 5% of formal first preferences.,Needs subjective review,74.00%,26.00%,27120,Strong ALP flow,,3,,,,,,,,
2025,ACT,318,Bean,41436,3,Sam Carter,GRN,Australian Greens,9757,9.50%,N,N,GRN,GRN,GRN,GRN,,Official Greens affiliation.,Auto-classified,91.50%,8.50%,9757,Strong ALP flow,,3,ALP,IND,49.40%,50.60%,9757,,3,
2025,ACT,318,Bean,40676,4,David Smith,ALP,Australian Labor Party,42158,41.05%,Y,Y,ALP,ALP,ALP,ALP,,Official Labor affiliation.,Auto-classified,,,,,,,,,,,,,,
2025,ACT,101,Canberra,41390,1,Isabel Mudford,GRN,Australian Greens,18504,19.81%,N,N,GRN,GRN,GRN,GRN,,Official Greens affiliation.,Auto-classified,95.40%,4.60%,18504,Strong ALP flow,LIB,8,,,,,,,,
2025,ACT,101,Canberra,41742,2,Mary-Jane Liddicoat,IMO,HEART Party,1222,1.31%,N,N,OTH,OTH_IMO,OTH,OTH_IMO,CENTRE_RIGHT,Minor-party or unaffiliated candidate; ideology requires review.,Needs subjective review,32.40%,67.60%,1222,Coalition-leaning,,8,ALP,GRN,64.00%,36.00%,1222,,8,
2025,ACT,101,Canberra,41696,3,Claire Miles,IND,Independent,10187,10.91%,N,N,IND,IND_PROMINENT,IND,IND_PROMINENT,LEFT,Official independent with at least 5% of formal first preferences.,Needs subjective review,71.20%,28.80%,10187,Strong ALP flow,,8,ALP,GRN,58.50%,41.50%,10187,,8,
2025,ACT,101,Canberra,41077,4,Will Roche,LP,Liberal,17101,18.31%,N,N,LNP,LIB,LNP,LIB,,Official Coalition affiliation.,Auto-classified,,,,,,,ALP,GRN,73.20%,26.80%,17101,,8,
2025,ACT,101,Canberra,40677,5,Alicia Payne,ALP,Australian Labor Party,45133,48.32%,Y,Y,ALP,ALP,ALP,ALP,,Official Labor affiliation.,Auto-classified,,,,,,,,,,,,,,
2025,ACT,101,Canberra,41706,6,Teresa Mctaggart,AJP,AJP,1258,1.35%,N,N,OTH,OTH_AJP,OTH,OTH_AJP,CENTRE_LEFT,Minor-party or unaffiliated candidate; ideology requires review.,Needs subjective review,75.00%,25.00%,1258,Strong ALP flow,,8,ALP,GRN,42.80%,57.20%,1258,,8,
2025,ACT,102,Fenner,41079,1,Bola Olatunbosun,LP,Liberal,20723,21.94%,N,N,LNP,LIB,LNP,LIB,,Official Coalition affiliation.,Auto-classified,,,,,,,,,,,,,,
2025,ACT,102,Fenner,41713,2,Elizabeth Kikkert,FFPA,Family First,7426,7.86%,N,N,OTH,OTH_FFPA,OTH,OTH_FFPA,RIGHT,Minor-party or unaffiliated candidate; ideology requires review.,Needs subjective review,40.40%,59.60%,7426,Coalition-leaning,,14,,,,,,,,
2025,ACT,102,Fenner,40678,3,Andrew Leigh,ALP,Australian Labor Party,50819,53.80%,Y,Y,ALP,ALP,ALP,ALP,,Official Labor affiliation.,Auto-classified,,,,,,,,,,,,,,
2025,ACT,102,Fenner,41398,4,Dani Hunterford,GRN,Australian Greens,15492,16.40%,N,N,GRN,GRN,GRN,GRN,,Official Greens affiliation.,Auto-classified,92.10%,7.90%,15492,Strong ALP flow,,14,,,,,,,,
2025,NSW,103,Banks,41763,1,Allan Taruste,CYA,Trumpet of Patriots,3430,3.47%,N,N,OTH,OTH_CYA,OTH,OTH_CYA,RIGHT,Minor-party or unaffiliated candidate; ideology requires review.,Needs subjective review,48.50%,51.50%,3430,Neutral,ALP,2,,,,,,,,
2025,NSW,103,Banks,41858,2,Todd Nicol,ON,Pauline Hanson's One Nation,3666,3.71%,N,N,ON,ON,ON,ON,,Official One Nation affiliation.,Auto-classified,29.80%,70.20%,3666,Strong Coalition flow,,2,,,,,,,,
2025,NSW,103,Banks,41990,3,Phillip Pearce,AUD,Australian Democrats,688,0.70%,N,N,OTH,OTH_AUD,OTH,OTH_AUD,CENTRE_LEFT,Minor-party or unaffiliated candidate; ideology requires review.,Needs subjective review,67.90%,32.10%,688,ALP-leaning,,2,,,,,,,,
2025,NSW,103,Banks,41871,4,Marika Momircevski,LTP,Libertarian,2678,2.71%,N,N,OTH,OTH_LTP,OTH,OTH_LTP,RIGHT,Minor-party or unaffiliated candidate; ideology requires review.,Needs subjective review,27.40%,72.60%,2678,Strong Coalition flow,,2,,,,,,,,
2025,NSW,103,Banks,41486,5,Natalie Hanna,GRN,The Greens,11756,11.88%,N,N,GRN,GRN,GRN,GRN,,Official Greens affiliation.,Auto-classified,89.30%,10.70%,11756,Strong ALP flow,,2,,,,,,,,
2025,NSW,103,Banks,41350,6,Zhi Soon,ALP,Labor,36039,36.43%,Y,N,ALP,ALP,ALP,ALP,,Official Labor affiliation.,Auto-classified,,,,,,,,,,,,,,
2025,NSW,103,Banks,41411,7,David Coleman,LP,Liberal,38683,39.10%,N,Y,LNP,LIB,LNP,LIB,,Official Coalition affiliation.,Auto-classified,,,,,,,,,,,,,,
2025,NSW,103,Banks,40625,8,John Coyne,IND,Independent,1995,2.02%,N,N,OTH,IND_MINOR,OTH,IND_MINOR,CENTRE_LEFT,Official independent below 5% of formal first preferences.,Needs subjective review,67.20%,32.80%,1995,ALP-leaning,,2,,,,,,,,
2025,NSW,104,Barton,41874,1,Vinay Kolhatkar,LTP,Libertarian,3419,3.42%,N,N,OTH,OTH_LTP,OTH,OTH_LTP,RIGHT,Minor-party or unaffiliated candidate; ideology requires review.,Needs subjective review,47.80%,52.20%,3419,Neutral,ALP,3,,,,,,,,
2025,NSW,104,Barton,41862,2,Christos Nicolis,ON,Pauline Hanson's One Nation,5573,5.58%,N,N,ON,ON,ON,ON,,Official One Nation affiliation.,Auto-classified,32.60%,67.40%,5573,Coalition-leaning,,3,,,,,,,,
2025,NSW,104,Barton,41339,3,Ash Ambihaipahar,ALP,Labor,47098,47.12%,Y,N,ALP,ALP,ALP,ALP,,Official Labor affiliation.,Auto-classified,,,,,,,,,,,,,,
2025,NSW,104,Barton,41448,4,Fiona Douskou,LP,Liberal,24162,24.17%,N,N,LNP,LIB,LNP,LIB,,Official Coalition affiliation.,Auto-classified,,,,,,,,,,,,,,
2025,NSW,104,Barton,41494,5,Manal Bahsa,GRN,The Greens,15885,15.89%,N,N,GRN,GRN,GRN,GRN,,Official Greens affiliation.,Auto-classified,88.30%,11.70%,15885,Strong ALP flow,,3,,,,,,,,
2025,NSW,104,Barton,41768,6,Thomas Pambris,CYA,Trumpet of Patriots,3814,3.82%,N,N,OTH,OTH_CYA,OTH,OTH_CYA,RIGHT,Minor-party or unaffiliated candidate; ideology requires review.,Needs subjective review,36.40%,63.60%,3814,Coalition-leaning,,3,,,,,,,,
2025,NSW,105,Bennelong,41444,1,Scott Yung,LP,Liberal,38510,35.07%,N,N,LNP,LIB,LNP,LIB,,Official Coalition affiliation.,Auto-classified,,,,,,,,,,,,,,
2025,NSW,105,Bennelong,41987,2,Barry Devine,IMO,HEART Party,806,0.73%,N,N,OTH,OTH_IMO,OTH,OTH_IMO,CENTRE_RIGHT,Minor-party or unaffiliated candidate; ideology requires review.,Needs subjective review,37.30%,62.70%,806,Coalition-leaning,,4,,,,,,,,
2025,NSW,105,Bennelong,41765,3,Robert Nalbandian,CYA,Trumpet of Patriots,1621,1.48%,N,N,OTH,OTH_CYA,OTH,OTH_CYA,RIGHT,Minor-party or unaffiliated candidate; ideology requires review.,Needs subjective review,34.30%,65.70%,1621,Coalition-leaning,,4,,,,,,,,
2025,NSW,105,Bennelong,41329,4,Jerome Laxale,ALP,Labor,49801,45.35%,Y,Y,ALP,ALP,ALP,ALP,,Official Labor affiliation.,Auto-classified,,,,,,,,,,,,,,
2025,NSW,105,Bennelong,41504,5,Adam Hart,GRN,The Greens,12931,11.78%,N,N,GRN,GRN,GRN,GRN,,Official Greens affiliation.,Auto-classified,90.90%,9.10%,12931,Strong ALP flow,,4,,,,,,,,
2025,NSW,105,Bennelong,41881,6,Eric Chan,FFPA,Family First,1934,1.76%,N,N,OTH,OTH_FFPA,OTH,OTH_FFPA,RIGHT,Minor-party or unaffiliated candidate; ideology requires review.,Needs subjective review,34.30%,65.70%,1934,Coalition-leaning,,4,,,,,,,,
2025,NSW,105,Bennelong,41869,7,Craig Bennett,ON,Pauline Hanson's One Nation,2534,2.31%,N,N,ON,ON,ON,ON,,Official One Nation affiliation.,Auto-classified,26.10%,73.90%,2534,Strong Coalition flow,,4,,,,,,,,
2025,NSW,105,Bennelong,41851,8,John August,SOPA,FUSION | Planet Rescue | Whistleblower Protection | Innovation,1675,1.53%,N,N,OTH,OTH_SOPA,OTH,OTH_SOPA,LEFT,Minor-party or unaffiliated candidate; ideology requires review.,Needs subjective review,80.30%,19.70%,1675,Strong ALP flow,,4,,,,,,,,
2025,NSW,106,Berowra,41506,1,Martin Cousins,GRN,The Greens,13781,11.92%,N,N,GRN,GRN,GRN,GRN,,Official Greens affiliation.,Auto-classified,88.50%,11.50%,13781,Strong ALP flow,ALP,4,,,,,,,,
2025,NSW,106,Berowra,41879,2,Gerald Mattinson,ON,Pauline Hanson's One Nation,4705,4.07%,N,N,ON,ON,ON,ON,,Official One Nation affiliation.,Auto-classified,15.70%,84.30%,4705,Strong Coalition flow,,4,,,,,,,,
2025,NSW,106,Berowra,41338,3,Benson Koschinski,ALP,Labor,31220,27.01%,N,N,ALP,ALP,ALP,ALP,,Official Labor affiliation.,Auto-classified,,,,,,,,,,,,,,
2025,NSW,106,Berowra,27974,4,Roger Woodward,IND,Independent,1236,1.07%,N,N,OTH,IND_MINOR,OTH,IND_MINOR,CENTRE,Official independent below 5% of formal first preferences.,Needs subjective review,51.00%,49.00%,1236,Neutral,,4,,,,,,,,
2025,NSW,106,Berowra,41855,5,Brendan Michael Clarke,SOPA,FUSION | Planet Rescue | Whistleblower Protection | Innovation,1082,0.94%,N,N,OTH,OTH_SOPA,OTH,OTH_SOPA,LEFT,Minor-party or unaffiliated candidate; ideology requires review.,Needs subjective review,72.50%,27.50%,1082,Strong ALP flow,,4,,,,,,,,
2025,NSW,106,Berowra,41991,6,Tina Brown,IND,Independent,13135,11.37%,N,N,IND,IND_PROMINENT,IND,IND_PROMINENT,LEFT,Official independent with at least 5% of formal first preferences.,Needs subjective review,73.70%,26.30%,13135,Strong ALP flow,,4,,,,,,,,
2025,NSW,106,Berowra,41697,7,Stephen Bastian,CYA,Trumpet of Patriots,2199,1.90%,N,N,OTH,OTH_CYA,OTH,OTH_CYA,RIGHT,Minor-party or unaffiliated candidate; ideology requires review.,Needs subjective review,29.20%,70.80%,2199,Strong Coalition flow,,4,,,,,,,,
2025,NSW,106,Berowra,41442,8,Julian Leeser,LP,Liberal,48210,41.72%,Y,Y,LNP,LIB,LNP,LIB,,Official Coalition affiliation.,Auto-classified,,,,,,,,,,,,,,
2025,NSW,107,Blaxland,41478,1,Courtney Nguyen,LP,Liberal,17023,19.59%,N,N,LNP,LIB,LNP,LIB,,Official Coalition affiliation.,Auto-classified,,,,,,,,,,,,,,
2025,NSW,107,Blaxland,41316,2,Jason Clare,ALP,Labor,40001,46.04%,Y,Y,ALP,ALP,ALP,ALP,,Official Labor affiliation.,Auto-classified,,,,,,,,,,,,,,
2025,NSW,107,Blaxland,41888,3,Mitchell Klievens,ON,Pauline Hanson's One Nation,3086,3.55%,N,N,ON,ON,ON,ON,,Official One Nation affiliation.,Auto-classified,31.70%,68.30%,3086,Coalition-leaning,,5,,,,,,,,
2025,NSW,107,Blaxland,41578,4,Omar Sakr,GRN,The Greens,6854,7.89%,N,N,GRN,GRN,GRN,GRN,,Official Greens affiliation.,Auto-classified,87.50%,12.50%,6854,Strong ALP flow,,5,,,,,,,,
2025,NSW,107,Blaxland,41850,5,Mike Luo,LTP,Libertarian,1894,2.18%,N,N,OTH,OTH_LTP,OTH,OTH_LTP,RIGHT,Minor-party or unaffiliated candidate; ideology requires review.,Needs subjective review,26.70%,73.30%,1894,Strong Coalition flow,,5,,,,,,,,
2025,NSW,107,Blaxland,41786,6,Jennifer Di Girolamo,FFPA,Family First,1726,1.99%,N,N,OTH,OTH_FFPA,OTH,OTH_FFPA,RIGHT,Minor-party or unaffiliated candidate; ideology requires review.,Needs subjective review,42.30%,57.70%,1726,Coalition-leaning,,5,,,,,,,,
2025,NSW,107,Blaxland,41982,7,Ahmed Ouf,IND,Independent,16302,18.76%,N,N,IND,IND_PROMINENT,IND,IND_PROMINENT,LEFT,Official independent with at least 5% of formal first preferences.,Needs subjective review,87.50%,12.50%,16302,Strong ALP flow,,5,,,,,,,,
2025,NSW,108,Bradfield,42097,1,Samuel Joseph Gunning,LTP,Libertarian,1376,1.23%,N,N,OTH,OTH_LTP,OTH,OTH_LTP,RIGHT,Minor-party or unaffiliated candidate; ideology requires review.,Needs subjective review,,,,,,,LIB,IND,76.90%,23.10%,1376,LIB,6,
2025,NSW,108,Bradfield,41511,2,Harjit Singh,GRN,The Greens,7551,6.73%,N,N,GRN,GRN,GRN,GRN,,Official Greens affiliation.,Auto-classified,,,,,,,LIB,IND,16.40%,83.60%,7551,,6,
2025,NSW,108,Bradfield,41989,3,Andy Yin,IND,Independent,4635,4.13%,N,N,OTH,IND_MINOR,OTH,IND_MINOR,CENTRE,Official independent below 5% of formal first preferences.,Needs subjective review,,,,,,,LIB,IND,41.40%,58.60%,4635,,6,
2025,NSW,108,Bradfield,41324,4,Louise Mccallum,ALP,Labor,22768,20.29%,N,N,ALP,ALP,ALP,ALP,,Official Labor affiliation.,Auto-classified,,,,,,,LIB,IND,31.40%,68.60%,22768,,6,
2025,NSW,108,Bradfield,41891,5,John Manton,ON,Pauline Hanson's One Nation,1725,1.54%,N,N,ON,ON,ON,ON,,Official One Nation affiliation.,Auto-classified,,,,,,,LIB,IND,78.40%,21.60%,1725,,6,
2025,NSW,108,Bradfield,41464,6,Gisele Kapterian,LP,Liberal,42676,38.03%,N,N,LNP,LIB,LNP,LIB,,Official Coalition affiliation.,Auto-classified,,,,,,,,,,,,,,
2025,NSW,108,Bradfield,36047,7,Nicolette Boele,IND,Independent,30309,27.01%,Y,N,IND,IND_PROMINENT,IND,IND_PROMINENT,CENTRE_LEFT,Official independent with at least 5% of formal first preferences.,Needs subjective review,,,,,,,,,,,,,,
2025,NSW,108,Bradfield,41790,8,Rosemary Mulligan,CYA,Trumpet of Patriots,1162,1.04%,N,N,OTH,OTH_CYA,OTH,OTH_CYA,RIGHT,Minor-party or unaffiliated candidate; ideology requires review.,Needs subjective review,,,,,,,LIB,IND,60.40%,39.60%,1162,,6,
2025,NSW,109,Calare,41902,1,Jennifer Hughes,ON,Pauline Hanson's One Nation,8200,7.72%,N,N,ON,ON,ON,ON,,Official One Nation affiliation.,Auto-classified,22.40%,77.60%,8200,Strong Coalition flow,ALP,7,NAT,IND,56.10%,43.90%,8200,IND,7,
2025,NSW,109,Calare,41931,2,Sue Raye,HMP,Legalise Cannabis Party,4162,3.92%,N,N,OTH,OTH_HMP,OTH,OTH_HMP,CENTRE_LEFT,Minor-party or unaffiliated candidate; ideology requires review.,Needs subjective review,56.40%,43.60%,4162,ALP-leaning,,7,NAT,IND,34.60%,65.40%,4162,,7,
2025,NSW,109,Calare,35951,3,Kate Hook,IND,Independent,16756,15.77%,N,N,IND,IND_PROMINENT,IND,IND_PROMINENT,CENTRE_LEFT,Official independent with at least 5% of formal first preferences.,Needs subjective review,67.00%,33.00%,16756,ALP-leaning,,7,NAT,IND,18.80%,81.20%,16756,,7,
2025,NSW,109,Calare,41770,4,Vicki Elizabeth O'Leary,CYA,Trumpet of Patriots,1583,1.49%,N,N,OTH,OTH_CYA,OTH,OTH_CYA,RIGHT,Minor-party or unaffiliated candidate; ideology requires review.,Needs subjective review,28.70%,71.30%,1583,Strong Coalition flow,,7,NAT,IND,43.00%,57.00%,1583,,7,
2025,NSW,109,Calare,41518,5,Ben Parker,GRN,The Greens,3753,3.53%,N,N,GRN,GRN,GRN,GRN,,Official Greens affiliation.,Auto-classified,80.40%,19.60%,3753,Strong ALP flow,,7,NAT,IND,17.20%,82.80%,3753,,7,
2025,NSW,109,Calare,41678,6,Ross Angus Hazelton,FFPA,Family First,1733,1.63%,N,N,OTH,OTH_FFPA,OTH,OTH_FFPA,RIGHT,Minor-party or unaffiliated candidate; ideology requires review.,Needs subjective review,21.10%,78.90%,1733,Strong Coalition flow,,7,NAT,IND,49.30%,50.70%,1733,,7,
2025,NSW,109,Calare,36348,7,Andrew Gee,IND,Independent,25172,23.69%,Y,Y,IND,IND_PROMINENT,IND,IND_PROMINENT,CENTRE_RIGHT,Official independent with at least 5% of formal first preferences.,Needs subjective review,35.60%,64.40%,25172,Coalition-leaning,,7,,,,,,,,
2025,NSW,109,Calare,41649,8,Jase Lesage,ASP,"Shooters, Fishers and Farmers Party",2245,2.11%,N,N,OTH,OTH_ASP,OTH,OTH_ASP,CENTRE_RIGHT,Minor-party or unaffiliated candidate; ideology requires review.,Needs subjective review,36.20%,63.80%,2245,Coalition-leaning,,7,NAT,IND,45.00%,55.00%,2245,,7,
2025,NSW,109,Calare,41345,9,Julie Cunningham,ALP,Labor,11086,10.43%,N,N,ALP,ALP,ALP,ALP,,Official Labor affiliation.,Auto-classified,,,,,,,NAT,IND,17.70%,82.30%,11086,,7,
2025,NSW,109,Calare,42037,10,Sam Farraway,NP,The Nationals,31577,29.71%,N,N,LNP,NAT,LNP,NAT,,Official Coalition affiliation.,Auto-classified,,,,,,,,,,,,,,
2025,NSW,111,Chifley,41791,1,Jamie Green,FFPA,Family First,5336,5.97%,N,N,OTH,OTH_FFPA,OTH,OTH_FFPA,RIGHT,Minor-party or unaffiliated candidate; ideology requires review.,Needs subjective review,59.20%,40.80%,5336,ALP-leaning,ALP,9,,,,,,,,
2025,NSW,111,Chifley,40694,2,Leigh Burns,IND,Independent,1519,1.70%,N,N,OTH,IND_MINOR,OTH,IND_MINOR,CENTRE_LEFT,Official independent below 5% of formal first preferences.,Needs subjective review,61.10%,38.90%,1519,ALP-leaning,,9,,,,,,,,
2025,NSW,111,Chifley,41527,3,Sukhjinder Pal Singh,GRN,The Greens,8724,9.76%,N,N,GRN,GRN,GRN,GRN,,Official Greens affiliation.,Auto-classified,85.80%,14.20%,8724,Strong ALP flow,,9,,,,,,,,
2025,NSW,111,Chifley,41323,4,Ed Husic,ALP,Labor,47078,52.65%,Y,Y,ALP,ALP,ALP,ALP,,Official Labor affiliation.,Auto-classified,,,,,,,,,,,,,,
2025,NSW,111,Chifley,41599,5,Allan Green,LP,Liberal,17613,19.70%,N,N,LNP,LIB,LNP,LIB,,Official Coalition affiliation.,Auto-classified,,,,,,,,,,,,,,
2025,NSW,111,Chifley,41906,6,Tony Nikolic,ON,Pauline Hanson's One Nation,5338,5.97%,N,N,ON,ON,ON,ON,,Official One Nation affiliation.,Auto-classified,33.90%,66.10%,5338,Coalition-leaning,,9,,,,,,,,
2025,NSW,111,Chifley,41748,7,Ryan Archer,CYA,Trumpet of Patriots,2237,2.50%,N,N,OTH,OTH_CYA,OTH,OTH_CYA,RIGHT,Minor-party or unaffiliated candidate; ideology requires review.,Needs subjective review,43.90%,56.10%,2237,Coalition-leaning,,9,,,,,,,,
2025,NSW,111,Chifley,40874,8,Rohan Laxmanalal,AJP,Animal Justice Party,1569,1.75%,N,N,OTH,OTH_AJP,OTH,OTH_AJP,CENTRE_LEFT,Minor-party or unaffiliated candidate; ideology requires review.,Needs subjective review,63.70%,36.30%,1569,ALP-leaning,,9,,,,,,,,
2025,NSW,112,Cook,41788,1,Natalie Fuller,FFPA,Family First,3310,3.11%,N,N,OTH,OTH_FFPA,OTH,OTH_FFPA,RIGHT,Minor-party or unaffiliated candidate; ideology requires review.,Needs subjective review,26.10%,73.90%,3310,Strong Coalition flow,LIB,10,,,,,,,,
2025,NSW,112,Cook,41452,2,Simon Kennedy,LP,Liberal,51121,48.06%,Y,Y,LNP,LIB,LNP,LIB,,Official Coalition affiliation.,Auto-classified,,,,,,,,,,,,,,
2025,NSW,112,Cook,41766,3,Sharon Hammond,CYA,Trumpet of Patriots,3246,3.05%,N,N,OTH,OTH_CYA,OTH,OTH_CYA,RIGHT,Minor-party or unaffiliated candidate; ideology requires review.,Needs subjective review,30.70%,69.30%,3246,Coalition-leaning,,10,,,,,,,,
2025,NSW,112,Cook,41336,4,Simon Earle,ALP,Labor,33474,31.47%,N,N,ALP,ALP,ALP,ALP,,Official Labor affiliation.,Auto-classified,,,,,,,,,,,,,,
2025,NSW,112,Cook,41548,5,Martin Moore,GRN,The Greens,10575,9.94%,N,N,GRN,GRN,GRN,GRN,,Official Greens affiliation.,Auto-classified,86.50%,13.50%,10575,Strong ALP flow,,10,,,,,,,,
2025,NSW,112,Cook,41913,6,Mark Preston,ON,Pauline Hanson's One Nation,4638,4.36%,N,N,ON,ON,ON,ON,,Official One Nation affiliation.,Auto-classified,22.50%,77.50%,4638,Strong Coalition flow,,10,,,,,,,,
2025,NSW,113,Cowper,41332,1,Greg Vigors,ALP,Labor,12713,11.80%,N,N,ALP,ALP,ALP,ALP,,Official Labor affiliation.,Auto-classified,,,,,,,NAT,IND,30.20%,69.80%,12713,NAT,11,
2025,NSW,113,Cowper,41718,2,Zeke Daley,IND,Independent,892,0.83%,N,N,OTH,IND_MINOR,OTH,IND_MINOR,CENTRE,Official independent below 5% of formal first preferences.,Needs subjective review,52.10%,47.90%,892,Neutral,,11,NAT,IND,42.80%,57.20%,892,,11,
2025,NSW,113,Cowper,41443,3,Megan Mathew,HMP,Legalise Cannabis Party,5210,4.84%,N,N,OTH,OTH_HMP,OTH,OTH_HMP,CENTRE_LEFT,Minor-party or unaffiliated candidate; ideology requires review.,Needs subjective review,48.70%,51.30%,5210,Neutral,,11,NAT,IND,47.40%,52.60%,5210,,11,
2025,NSW,113,Cowper,41775,4,Geoffrey Shannon,CYA,Trumpet of Patriots,1551,1.44%,N,N,OTH,OTH_CYA,OTH,OTH_CYA,RIGHT,Minor-party or unaffiliated candidate; ideology requires review.,Needs subjective review,27.70%,72.30%,1551,Strong Coalition flow,,11,NAT,IND,62.00%,38.00%,1551,,11,
2025,NSW,113,Cowper,41937,5,Pat Conaghan,NP,The Nationals,40836,37.90%,Y,Y,LNP,NAT,LNP,NAT,,Official Coalition affiliation.,Auto-classified,,,,,,,,,,,,,,
2025,NSW,113,Cowper,41689,6,Paul Templeton,LTP,Libertarian,1403,1.30%,N,N,OTH,OTH_LTP,OTH,OTH_LTP,RIGHT,Minor-party or unaffiliated candidate; ideology requires review.,Needs subjective review,25.80%,74.20%,1403,Strong Coalition flow,,11,NAT,IND,66.10%,33.90%,1403,,11,
2025,NSW,113,Cowper,41798,7,Peter Jackel,FFPA,Family First,1851,1.72%,N,N,OTH,OTH_FFPA,OTH,OTH_FFPA,RIGHT,Minor-party or unaffiliated candidate; ideology requires review.,Needs subjective review,16.00%,84.00%,1851,Strong Coalition flow,,11,NAT,IND,78.70%,21.30%,1851,,11,
2025,NSW,113,Cowper,41528,8,Wendy Firefly,GRN,The Greens,4552,4.23%,N,N,GRN,GRN,GRN,GRN,,Official Greens affiliation.,Auto-classified,80.60%,19.40%,4552,Strong ALP flow,,11,NAT,IND,16.10%,83.90%,4552,,11,
2025,NSW,113,Cowper,36245,9,Caz Heise,IND,Independent,31616,29.35%,N,N,IND,IND_PROMINENT,IND,IND_PROMINENT,CENTRE_LEFT,Official independent with at least 5% of formal first preferences.,Needs subjective review,71.10%,28.90%,31616,Strong ALP flow,,11,,,,,,,,
2025,NSW,113,Cowper,41860,10,Geoffrey Marlow,SOPA,FUSION | Planet Rescue | Whistleblower Protection | Innovation,255,0.24%,N,N,OTH,OTH_SOPA,OTH,OTH_SOPA,LEFT,Minor-party or unaffiliated candidate; ideology requires review.,Needs subjective review,54.10%,45.90%,255,Neutral,,11,NAT,IND,27.80%,72.20%,255,,11,
2025,NSW,113,Cowper,41876,11,Chris Walsh,ON,Pauline Hanson's One Nation,6856,6.36%,N,N,ON,ON,ON,ON,,Official One Nation affiliation.,Auto-classified,14.60%,85.40%,6856,Strong Coalition flow,,11,NAT,IND,71.90%,28.10%,6856,,11,
2025,NSW,114,Cunningham,41343,1,Alison Byrnes,ALP,Labor,51607,44.69%,Y,Y,ALP,ALP,ALP,ALP,,Official Labor affiliation.,Auto-classified,,,,,,,,,,,,,,
2025,NSW,114,Cunningham,40873,2,Alexis Garnaut-Miller,CEC,Citizens Party,1657,1.43%,N,N,OTH,OTH_CEC,OTH,OTH_CEC,CENTRE,Minor-party or unaffiliated candidate; ideology requires review.,Needs subjective review,49.50%,50.50%,1657,Neutral,,11,,,,,,,,
2025,NSW,114,Cunningham,41453,3,Amanda Ivaneza,LP,Liberal,26813,23.22%,N,N,LNP,LIB,LNP,LIB,,Official Coalition affiliation.,Auto-classified,,,,,,,,,,,,,,
2025,NSW,114,Cunningham,41924,4,John Fuller,ON,Pauline Hanson's One Nation,8765,7.59%,N,N,ON,ON,ON,ON,,Official One Nation affiliation.,Auto-classified,27.40%,72.60%,8765,Strong Coalition flow,,11,,,,,,,,
2025,NSW,114,Cunningham,40878,5,Tim Lavers,AJP,Animal Justice Party,3048,2.64%,N,N,OTH,OTH_AJP,OTH,OTH_AJP,CENTRE_LEFT,Minor-party or unaffiliated candidate; ideology requires review.,Needs subjective review,66.20%,33.80%,3048,ALP-leaning,,11,,,,,,,,
2025,NSW,114,Cunningham,41568,6,Jess Whittaker,GRN,The Greens,23584,20.42%,N,N,GRN,GRN,GRN,GRN,,Official Greens affiliation.,Auto-classified,89.60%,10.40%,23584,Strong ALP flow,,11,,,,,,,,
2025,NSW,115,Dobell,41558,1,Simon George Cooper,GRN,The Greens,10647,10.29%,N,N,GRN,GRN,GRN,GRN,,Official Greens affiliation.,Auto-classified,84.50%,15.50%,10647,Strong ALP flow,LIB,13,,,,,,,,
2025,NSW,115,Dobell,41469,2,Brendan Small,LP,Liberal,28757,27.80%,N,N,LNP,LIB,LNP,LIB,,Official Coalition affiliation.,Auto-classified,,,,,,,,,,,,,,
2025,NSW,115,Dobell,41919,3,Martin Stevenson,ON,Pauline Hanson's One Nation,9040,8.74%,N,N,ON,ON,ON,ON,,Official One Nation affiliation.,Auto-classified,25.20%,74.80%,9040,Strong Coalition flow,,13,,,,,,,,
2025,NSW,115,Dobell,41784,4,Anthony Tawaf,CYA,Trumpet of Patriots,2855,2.76%,N,N,OTH,OTH_CYA,OTH,OTH_CYA,RIGHT,Minor-party or unaffiliated candidate; ideology requires review.,Needs subjective review,40.80%,59.20%,2855,Coalition-leaning,,13,,,,,,,,
2025,NSW,115,Dobell,41933,5,Tim Claydon,HMP,Legalise Cannabis Party,4895,4.73%,N,N,OTH,OTH_HMP,OTH,OTH_HMP,CENTRE_LEFT,Minor-party or unaffiliated candidate; ideology requires review.,Needs subjective review,64.20%,35.80%,4895,ALP-leaning,,13,,,,,,,,
2025,NSW,115,Dobell,40879,6,Patrick Murphy,AJP,Animal Justice Party,1906,1.84%,N,N,OTH,OTH_AJP,OTH,OTH_AJP,CENTRE_LEFT,Minor-party or unaffiliated candidate; ideology requires review.,Needs subjective review,68.90%,31.10%,1906,ALP-leaning,,13,,,,,,,,
2025,NSW,115,Dobell,41854,7,Isaac Chalik,LTP,Libertarian,1059,1.02%,N,N,OTH,OTH_LTP,OTH,OTH_LTP,RIGHT,Minor-party or unaffiliated candidate; ideology requires review.,Needs subjective review,28.50%,71.50%,1059,Strong Coalition flow,,13,,,,,,,,
2025,NSW,115,Dobell,41358,8,Emma Mcbride,ALP,Labor,44268,42.80%,Y,Y,ALP,ALP,ALP,ALP,,Official Labor affiliation.,Auto-classified,,,,,,,,,,,,,,
2025,NSW,117,Eden-Monaro,37724,1,Andrew Evan Thaler,IND,Independent,2499,2.33%,N,N,OTH,IND_MINOR,OTH,IND_MINOR,CENTRE,Official independent below 5% of formal first preferences.,Needs subjective review,41.10%,58.90%,2499,Coalition-leaning,LIB,13,,,,,,,,
2025,NSW,117,Eden-Monaro,41711,2,Wade Ewart Cox,CYA,Trumpet of Patriots,2587,2.42%,N,N,OTH,OTH_CYA,OTH,OTH_CYA,RIGHT,Minor-party or unaffiliated candidate; ideology requires review.,Needs subjective review,30.10%,69.90%,2587,Coalition-leaning,,13,,,,,,,,
2025,NSW,117,Eden-Monaro,42072,3,Fraser Buchanan,IMO,HEART Party,1881,1.76%,N,N,OTH,OTH_IMO,OTH,OTH_IMO,CENTRE_RIGHT,Minor-party or unaffiliated candidate; ideology requires review.,Needs subjective review,31.10%,68.90%,1881,Coalition-leaning,,13,,,,,,,,
2025,NSW,117,Eden-Monaro,41454,4,Jo Van Der Plaat,LP,Liberal,34142,31.88%,N,N,LNP,LIB,LNP,LIB,,Official Coalition affiliation.,Auto-classified,,,,,,,,,,,,,,
2025,NSW,117,Eden-Monaro,41188,5,Brian Fisher,IND,Independent,1701,1.59%,N,N,OTH,IND_MINOR,OTH,IND_MINOR,CENTRE_LEFT,Official independent below 5% of formal first preferences.,Needs subjective review,63.10%,36.90%,1701,ALP-leaning,,13,,,,,,,,
2025,NSW,117,Eden-Monaro,41737,6,Kristy Mcbain,ALP,Labor,46088,43.04%,Y,Y,ALP,ALP,ALP,ALP,,Official Labor affiliation.,Auto-classified,,,,,,,,,,,,,,
2025,NSW,117,Eden-Monaro,41557,7,Emma Goward,GRN,The Greens,10739,10.03%,N,N,GRN,GRN,GRN,GRN,,Official Greens affiliation.,Auto-classified,92.30%,7.70%,10739,Strong ALP flow,,13,,,,,,,,
2025,NSW,117,Eden-Monaro,41921,8,Richard Graham,ON,Pauline Hanson's One Nation,7451,6.96%,N,N,ON,ON,ON,ON,,Official One Nation affiliation.,Auto-classified,24.30%,75.70%,7451,Strong Coalition flow,,13,,,,,,,,
2025,NSW,118,Farrer,41463,1,Sussan Ley,LP,Liberal,44743,43.41%,Y,Y,LNP,LIB,LNP,LIB,,Official Coalition affiliation.,Auto-classified,,,,,,,,,,,,,,
2025,NSW,118,Farrer,41352,2,Glen Hyde,ALP,Labor,15551,15.09%,N,N,ALP,ALP,ALP,ALP,,Official Labor affiliation.,Auto-classified,,,,,,,LIB,IND,24.80%,75.20%,15551,,14,
2025,NSW,118,Farrer,40627,3,Michelle Milthorpe,IND,Independent,20567,19.96%,N,N,IND,IND_PROMINENT,IND,IND_PROMINENT,CENTRE,Official independent with at least 5% of formal first preferences.,Needs subjective review,63.90%,36.10%,20567,ALP-leaning,,14,,,,,,,,
2025,NSW,118,Farrer,41559,4,Richard August Hendrie,GRN,The Greens,5085,4.93%,N,N,GRN,GRN,GRN,GRN,,Official Greens affiliation.,Auto-classified,83.50%,16.50%,5085,Strong ALP flow,,14,LIB,IND,18.10%,81.90%,5085,,14,
2025,NSW,118,Farrer,41959,5,Emma Hicks,ON,Pauline Hanson's One Nation,6803,6.60%,N,N,ON,ON,ON,ON,,Official One Nation affiliation.,Auto-classified,25.70%,74.30%,6803,Strong Coalition flow,,14,LIB,IND,52.80%,47.20%,6803,,14,
2025,NSW,118,Farrer,41644,6,Peter Sinclair,ASP,"Shooters, Fishers and Farmers Party",3577,3.47%,N,N,OTH,OTH_ASP,OTH,OTH_ASP,CENTRE_RIGHT,Minor-party or unaffiliated candidate; ideology requires review.,Needs subjective review,39.90%,60.10%,3577,Coalition-leaning,,14,LIB,IND,44.30%,55.70%,3577,,14,
2025,NSW,118,Farrer,42016,7,David O'Reilly,GRPF,Gerard Rennick People First,2078,2.02%,N,N,OTH,OTH_GRPF,OTH,OTH_GRPF,RIGHT,Minor-party or unaffiliated candidate; ideology requires review.,Needs subjective review,20.40%,79.60%,2078,Strong Coalition flow,,14,LIB,IND,50.60%,49.40%,2078,,14,
2025,NSW,118,Farrer,41793,8,Rebecca Scriven,FFPA,Family First,2218,2.15%,N,N,OTH,OTH_FFPA,OTH,OTH_FFPA,RIGHT,Minor-party or unaffiliated candidate; ideology requires review.,Needs subjective review,32.10%,67.90%,2218,Coalition-leaning,,14,LIB,IND,55.70%,44.30%,2218,,14,
2025,NSW,118,Farrer,41707,9,Tanya Hargraves,CYA,Trumpet of Patriots,2441,2.37%,N,N,OTH,OTH_CYA,OTH,OTH_CYA,RIGHT,Minor-party or unaffiliated candidate; ideology requires review.,Needs subjective review,41.10%,58.90%,2441,Coalition-leaning,,14,LIB,IND,38.20%,61.80%,2441,,14,
2025,NSW,119,Fowler,41806,1,Jared Athavle,FFPA,Family First,3598,3.87%,N,N,OTH,OTH_FFPA,OTH,OTH_FFPA,RIGHT,Minor-party or unaffiliated candidate; ideology requires review.,Needs subjective review,69.70%,30.30%,3598,ALP-leaning,ALP,16,ALP,IND,20.80%,79.20%,3598,IND,16,
2025,NSW,119,Fowler,41641,2,Victor Tey,LTP,Libertarian,1796,1.93%,N,N,OTH,OTH_LTP,OTH,OTH_LTP,RIGHT,Minor-party or unaffiliated candidate; ideology requires review.,Needs subjective review,42.90%,57.10%,1796,Coalition-leaning,,16,ALP,IND,17.80%,82.20%,1796,,16,
2025,NSW,119,Fowler,36240,3,Dai Le,IND,Independent,31108,33.47%,Y,Y,IND,IND_PROMINENT,IND,IND_PROMINENT,CENTRE,Official independent with at least 5% of formal first preferences.,Needs subjective review,58.20%,41.80%,31108,ALP-leaning,,16,,,,,,,,
2025,NSW,119,Fowler,41556,4,Avery Jacob Howard,GRN,The Greens,6288,6.77%,N,N,GRN,GRN,GRN,GRN,,Official Greens affiliation.,Auto-classified,86.90%,13.10%,6288,Strong ALP flow,,16,ALP,IND,59.40%,40.60%,6288,,16,
2025,NSW,119,Fowler,41956,5,Tony Margos,ON,Pauline Hanson's One Nation,3835,4.13%,N,N,ON,ON,ON,ON,,Official One Nation affiliation.,Auto-classified,41.80%,58.20%,3835,Coalition-leaning,,16,ALP,IND,24.90%,75.10%,3835,,16,
2025,NSW,119,Fowler,41357,6,Tu Le,ALP,Labor,34909,37.56%,N,N,ALP,ALP,ALP,ALP,,Official Labor affiliation.,Auto-classified,,,,,,,,,,,,,,
2025,NSW,119,Fowler,41460,7,Vivek Singha,LP,Liberal,11404,12.27%,N,N,LNP,LIB,LNP,LIB,,Official Coalition affiliation.,Auto-classified,,,,,,,ALP,IND,29.10%,70.90%,11404,,16,
2025,NSW,120,Gilmore,41365,1,Fiona Phillips,ALP,Labor,42342,38.13%,Y,Y,ALP,ALP,ALP,ALP,,Official Labor affiliation.,Auto-classified,,,,,,,,,,,,,,
2025,NSW,120,Gilmore,42070,2,Kate Dezarnaulds,IND,Independent,8371,7.54%,N,N,IND,IND_PROMINENT,IND,IND_PROMINENT,LEFT,Official independent with at least 5% of formal first preferences.,Needs subjective review,75.70%,24.30%,8371,Strong ALP flow,,18,,,,,,,,
2025,NSW,120,Gilmore,41710,3,Melissa Wise,CYA,Trumpet of Patriots,2476,2.23%,N,N,OTH,OTH_CYA,OTH,OTH_CYA,RIGHT,Minor-party or unaffiliated candidate; ideology requires review.,Needs subjective review,34.10%,65.90%,2476,Coalition-leaning,,18,,,,,,,,
2025,NSW,120,Gilmore,41616,4,Debbie Killian,GRN,The Greens,7932,7.14%,N,N,GRN,GRN,GRN,GRN,,Official Greens affiliation.,Auto-classified,92.00%,8.00%,7932,Strong ALP flow,,18,,,,,,,,
2025,NSW,120,Gilmore,41799,5,Graham Brown,FFPA,Family First,2004,1.80%,N,N,OTH,OTH_FFPA,OTH,OTH_FFPA,RIGHT,Minor-party or unaffiliated candidate; ideology requires review.,Needs subjective review,25.00%,75.00%,2004,Strong Coalition flow,,18,,,,,,,,
2025,NSW,120,Gilmore,41739,6,Andrew Constance,LP,Liberal,38247,34.44%,N,N,LNP,LIB,LNP,LIB,,Official Coalition affiliation.,Auto-classified,,,,,,,,,,,,,,
2025,NSW,120,Gilmore,41969,7,John Hawke,ON,Pauline Hanson's One Nation,5557,5.00%,N,N,ON,ON,ON,ON,,Official One Nation affiliation.,Auto-classified,25.60%,74.40%,5557,Strong Coalition flow,,18,,,,,,,,
2025,NSW,120,Gilmore,41939,8,Adrian Richard Carle,HMP,Legalise Cannabis Party,4124,3.71%,N,N,OTH,OTH_HMP,OTH,OTH_HMP,CENTRE_LEFT,Minor-party or unaffiliated candidate; ideology requires review.,Needs subjective review,60.10%,39.90%,4124,ALP-leaning,,18,,,,,,,,
2025,NSW,121,Grayndler,41960,1,Rodney Smith,ON,Pauline Hanson's One Nation,3505,3.16%,N,N,ON,ON,ON,ON,,Official One Nation affiliation.,Auto-classified,15.60%,84.40%,3505,Strong Coalition flow,LIB,19,ALP,GRN,54.40%,45.60%,3505,GRN,19,
2025,NSW,121,Grayndler,41472,2,David Smallbone,LP,Liberal,15867,14.31%,N,N,LNP,LIB,LNP,LIB,,Official Coalition affiliation.,Auto-classified,,,,,,,ALP,GRN,67.40%,32.60%,15867,,19,
2025,NSW,121,Grayndler,41714,3,Cheri Rae Burrell,CYA,Trumpet of Patriots,1729,1.56%,N,N,OTH,OTH_CYA,OTH,OTH_CYA,RIGHT,Minor-party or unaffiliated candidate; ideology requires review.,Needs subjective review,30.10%,69.90%,1729,Coalition-leaning,,19,ALP,GRN,57.00%,43.00%,1729,,19,
2025,NSW,121,Grayndler,41565,4,Hannah Thomas,GRN,The Greens,27847,25.11%,N,N,GRN,GRN,GRN,GRN,,Official Greens affiliation.,Auto-classified,96.00%,4.00%,27847,Strong ALP flow,,19,,,,,,,,
2025,NSW,121,Grayndler,41373,5,Anthony Albanese,ALP,Labor,59364,53.54%,Y,Y,ALP,ALP,ALP,ALP,,Official Labor affiliation.,Auto-classified,,,,,,,,,,,,,,
2025,NSW,121,Grayndler,40978,6,David Bradbury,IND,Independent,2566,2.31%,N,N,OTH,IND_MINOR,OTH,IND_MINOR,CENTRE_LEFT,Official independent below 5% of formal first preferences.,Needs subjective review,67.40%,32.60%,2566,ALP-leaning,,19,ALP,GRN,46.20%,53.80%,2566,,19,
2025,NSW,122,Greenway,41729,1,Robert Stuckey,IND,Independent,2711,2.64%,N,N,OTH,IND_MINOR,OTH,IND_MINOR,CENTRE,Official independent below 5% of formal first preferences.,Needs subjective review,46.20%,53.80%,2711,Neutral,LIB,19,,,,,,,,
2025,NSW,122,Greenway,41857,2,Mark Rex,LTP,Libertarian,1631,1.59%,N,N,OTH,OTH_LTP,OTH,OTH_LTP,RIGHT,Minor-party or unaffiliated candidate; ideology requires review.,Needs subjective review,27.00%,73.00%,1631,Strong Coalition flow,,19,,,,,,,,
2025,NSW,122,Greenway,41572,3,Palaniappan Subramanian,GRN,The Greens,11018,10.72%,N,N,GRN,GRN,GRN,GRN,,Official Greens affiliation.,Auto-classified,85.60%,14.40%,11018,Strong ALP flow,,19,,,,,,,,
2025,NSW,122,Greenway,41474,4,Rattan Virk,LP,Liberal,28230,27.47%,N,N,LNP,LIB,LNP,LIB,,Official Coalition affiliation.,Auto-classified,,,,,,,,,,,,,,
2025,NSW,122,Greenway,41399,5,Michelle Rowland,ALP,Labor,51802,50.41%,Y,Y,ALP,ALP,ALP,ALP,,Official Labor affiliation.,Auto-classified,,,,,,,,,,,,,,
2025,NSW,122,Greenway,41705,6,Justin Mulligan,CYA,Trumpet of Patriots,2663,2.59%,N,N,OTH,OTH_CYA,OTH,OTH_CYA,RIGHT,Minor-party or unaffiliated candidate; ideology requires review.,Needs subjective review,41.50%,58.50%,2663,Coalition-leaning,,19,,,,,,,,
2025,NSW,122,Greenway,41934,7,Edwin Swann,ON,Pauline Hanson's One Nation,4700,4.57%,N,N,ON,ON,ON,ON,,Official One Nation affiliation.,Auto-classified,31.60%,68.40%,4700,Coalition-leaning,,19,,,,,,,,
2025,NSW,124,Hughes,41400,1,David Moncrieff,ALP,Labor,38331,39.00%,Y,N,ALP,ALP,ALP,ALP,,Official Labor affiliation.,Auto-classified,,,,,,,,,,,,,,
2025,NSW,124,Hughes,41579,2,Catherine Elizabeth Dyson,GRN,The Greens,11221,11.42%,N,N,GRN,GRN,GRN,GRN,,Official Greens affiliation.,Auto-classified,88.40%,11.60%,11221,Strong ALP flow,,22,,,,,,,,
2025,NSW,124,Hughes,41866,3,Elvis Sinosic,LTP,Libertarian,1917,1.95%,N,N,OTH,OTH_LTP,OTH,OTH_LTP,RIGHT,Minor-party or unaffiliated candidate; ideology requires review.,Needs subjective review,25.70%,74.30%,1917,Strong Coalition flow,,22,,,,,,,,
2025,NSW,124,Hughes,41703,4,Alex Scarfone,CYA,Trumpet of Patriots,2777,2.83%,N,N,OTH,OTH_CYA,OTH,OTH_CYA,RIGHT,Minor-party or unaffiliated candidate; ideology requires review.,Needs subjective review,36.30%,63.70%,2777,Coalition-leaning,,22,,,,,,,,
2025,NSW,124,Hughes,41826,5,Nathaniel David Marsh,FFPA,Family First,2379,2.42%,N,N,OTH,OTH_FFPA,OTH,OTH_FFPA,RIGHT,Minor-party or unaffiliated candidate; ideology requires review.,Needs subjective review,34.40%,65.60%,2379,Coalition-leaning,,22,,,,,,,,
2025,NSW,124,Hughes,41467,6,Jenny Ware,LP,Liberal,35831,36.45%,N,Y,LNP,LIB,LNP,LIB,,Official Coalition affiliation.,Auto-classified,,,,,,,,,,,,,,
2025,NSW,124,Hughes,40871,7,David A W Miller,CEC,Citizens Party,586,0.60%,N,N,OTH,OTH_CEC,OTH,OTH_CEC,CENTRE,Minor-party or unaffiliated candidate; ideology requires review.,Needs subjective review,54.10%,45.90%,586,Neutral,,22,,,,,,,,
2025,NSW,124,Hughes,41962,8,Deborah Swinbourn,ON,Pauline Hanson's One Nation,5253,5.34%,N,N,ON,ON,ON,ON,,Official One Nation affiliation.,Auto-classified,24.10%,75.90%,5253,Strong Coalition flow,,22,,,,,,,,
2025,NSW,125,Hume,41471,1,Angus Taylor,LP,Liberal,43615,43.85%,Y,Y,LNP,LIB,LNP,LIB,,Official Coalition affiliation.,Auto-classified,,,,,,,,,,,,,,
2025,NSW,125,Hume,41955,2,Bryan Seidel,FFPA,Family First,2721,2.74%,N,N,OTH,OTH_FFPA,OTH,OTH_FFPA,RIGHT,Minor-party or unaffiliated candidate; ideology requires review.,Needs subjective review,33.70%,66.30%,2721,Coalition-leaning,,22,,,,,,,,
2025,NSW,125,Hume,41868,3,Adrian Rees,LTP,Libertarian,1729,1.74%,N,N,OTH,OTH_LTP,OTH,OTH_LTP,RIGHT,Minor-party or unaffiliated candidate; ideology requires review.,Needs subjective review,18.40%,81.60%,1729,Strong Coalition flow,,22,,,,,,,,
2025,NSW,125,Hume,41584,4,Steve Bruce,GRN,The Greens,8455,8.50%,N,N,GRN,GRN,GRN,GRN,,Official Greens affiliation.,Auto-classified,83.80%,16.20%,8455,Strong ALP flow,,22,,,,,,,,
2025,NSW,125,Hume,41966,5,Helen Ducker,ON,Pauline Hanson's One Nation,7967,8.01%,N,N,ON,ON,ON,ON,,Official One Nation affiliation.,Auto-classified,28.20%,71.80%,7967,Strong Coalition flow,,22,,,,,,,,
2025,NSW,125,Hume,41670,6,Troy Wozniak,CYA,Trumpet of Patriots,3472,3.49%,N,N,OTH,OTH_CYA,OTH,OTH_CYA,RIGHT,Minor-party or unaffiliated candidate; ideology requires review.,Needs subjective review,36.00%,64.00%,3472,Coalition-leaning,,22,,,,,,,,
2025,NSW,125,Hume,41405,7,Thomas Huang,ALP,Labor,27073,27.22%,N,N,ALP,ALP,ALP,ALP,,Official Labor affiliation.,Auto-classified,,,,,,,,,,,,,,
2025,NSW,125,Hume,41183,8,Peter Mclean,IND,Independent,4435,4.46%,N,N,OTH,IND_MINOR,OTH,IND_MINOR,CENTRE_LEFT,Official independent below 5% of formal first preferences.,Needs subjective review,63.80%,36.20%,4435,ALP-leaning,,22,,,,,,,,
2025,NSW,126,Hunter,41965,1,Stuart Bonds,ON,Pauline Hanson's One Nation,18011,16.13%,N,N,ON,ON,ON,ON,,Official One Nation affiliation.,Auto-classified,20.10%,79.90%,18011,Strong Coalition flow,NAT,22,,,,,,,,
2025,NSW,126,Hunter,41944,2,Sue Gilroy,NP,The Nationals,20290,18.17%,N,N,LNP,NAT,LNP,NAT,,Official Coalition affiliation.,Auto-classified,,,,,,,ALP,ONP,17.10%,82.90%,20290,,22,
2025,NSW,126,Hunter,41948,3,Andrew David Fenwick,HMP,Legalise Cannabis Party,5655,5.06%,N,N,OTH,OTH_HMP,OTH,OTH_HMP,CENTRE_LEFT,Minor-party or unaffiliated candidate; ideology requires review.,Needs subjective review,55.40%,44.60%,5655,ALP-leaning,,22,ALP,ONP,51.50%,48.50%,5655,,22,
2025,NSW,126,Hunter,40876,4,Victoria Davies,AJP,Animal Justice Party,1629,1.46%,N,N,OTH,OTH_AJP,OTH,OTH_AJP,CENTRE_LEFT,Minor-party or unaffiliated candidate; ideology requires review.,Needs subjective review,55.70%,44.30%,1629,ALP-leaning,,22,ALP,ONP,59.90%,40.10%,1629,,22,
2025,NSW,126,Hunter,41796,5,Paul Farrelly,FFPA,Family First,2644,2.37%,N,N,OTH,OTH_FFPA,OTH,OTH_FFPA,RIGHT,Minor-party or unaffiliated candidate; ideology requires review.,Needs subjective review,29.80%,70.20%,2644,Strong Coalition flow,,22,ALP,ONP,31.00%,69.00%,2644,,22,
2025,NSW,126,Hunter,41646,6,Kyle Boddan,ASP,"Shooters, Fishers and Farmers Party",2507,2.24%,N,N,OTH,OTH_ASP,OTH,OTH_ASP,CENTRE_RIGHT,Minor-party or unaffiliated candidate; ideology requires review.,Needs subjective review,45.20%,54.80%,2507,Neutral,,22,ALP,ONP,37.20%,62.80%,2507,,22,
2025,NSW,126,Hunter,41778,7,Suellen Wrightson,CYA,Trumpet of Patriots,4068,3.64%,N,N,OTH,OTH_CYA,OTH,OTH_CYA,RIGHT,Minor-party or unaffiliated candidate; ideology requires review.,Needs subjective review,34.10%,65.90%,4068,Coalition-leaning,,22,ALP,ONP,24.70%,75.30%,4068,,22,
2025,NSW,126,Hunter,41407,8,Dan Repacholi,ALP,Labor,48582,43.50%,Y,Y,ALP,ALP,ALP,ALP,,Official Labor affiliation.,Auto-classified,,,,,,,,,,,,,,
2025,NSW,126,Hunter,41634,9,Louise Stokes,GRN,The Greens,8286,7.42%,N,N,GRN,GRN,GRN,GRN,,Official Greens affiliation.,Auto-classified,82.90%,17.10%,8286,Strong ALP flow,,22,ALP,ONP,87.40%,12.60%,8286,,22,
2025,NSW,127,Kingsford Smith,42027,1,Mark Jelic,ON,Pauline Hanson's One Nation,5865,5.92%,N,N,ON,ON,ON,ON,,Official One Nation affiliation.,Auto-classified,30.20%,69.80%,5865,Coalition-leaning,ALP,24,,,,,,,,
2025,NSW,127,Kingsford Smith,41386,2,Matt Thistlethwaite,ALP,Labor,50346,50.79%,Y,Y,ALP,ALP,ALP,ALP,,Official Labor affiliation.,Auto-classified,,,,,,,,,,,,,,
2025,NSW,127,Kingsford Smith,41477,3,Brad Cole,LP,Liberal,25924,26.15%,N,N,LNP,LIB,LNP,LIB,,Official Coalition affiliation.,Auto-classified,,,,,,,,,,,,,,
2025,NSW,127,Kingsford Smith,41978,4,Elsa Parker,IND,Independent,3557,3.59%,N,N,OTH,IND_MINOR,OTH,IND_MINOR,CENTRE_LEFT,Official independent below 5% of formal first preferences.,Needs subjective review,64.40%,35.60%,3557,ALP-leaning,,24,,,,,,,,
2025,NSW,127,Kingsford Smith,41587,5,Keiron Brown,GRN,The Greens,13440,13.56%,N,N,GRN,GRN,GRN,GRN,,Official Greens affiliation.,Auto-classified,90.70%,9.30%,13440,Strong ALP flow,,24,,,,,,,,
2025,NSW,128,Lindsay,41480,1,Melissa Mcintosh,LP,Liberal,39003,39.74%,Y,Y,LNP,LIB,LNP,LIB,,Official Coalition affiliation.,Auto-classified,,,,,,,,,,,,,,
2025,NSW,128,Lindsay,41952,2,Antony Victor Emmanuel,FFPA,Family First,2413,2.46%,N,N,OTH,OTH_FFPA,OTH,OTH_FFPA,RIGHT,Minor-party or unaffiliated candidate; ideology requires review.,Needs subjective review,31.30%,68.70%,2413,Coalition-leaning,,25,,,,,,,,
2025,NSW,128,Lindsay,41650,3,Carl Halley,ASP,"Shooters, Fishers and Farmers Party",1844,1.88%,N,N,OTH,OTH_ASP,OTH,OTH_ASP,CENTRE_RIGHT,Minor-party or unaffiliated candidate; ideology requires review.,Needs subjective review,43.30%,56.70%,1844,Coalition-leaning,,25,,,,,,,,
2025,NSW,128,Lindsay,41971,4,Jim Saleam,IND,Independent,1099,1.12%,N,N,OTH,IND_MINOR,OTH,IND_MINOR,CENTRE,Official independent below 5% of formal first preferences.,Needs subjective review,53.90%,46.10%,1099,Neutral,,25,,,,,,,,
2025,NSW,128,Lindsay,40863,5,Vanessa Blazi,AJP,Animal Justice Party,1910,1.95%,N,N,OTH,OTH_AJP,OTH,OTH_AJP,CENTRE_LEFT,Minor-party or unaffiliated candidate; ideology requires review.,Needs subjective review,64.10%,35.90%,1910,ALP-leaning,,25,,,,,,,,
2025,NSW,128,Lindsay,41961,6,Christopher Buckley,ON,Pauline Hanson's One Nation,6736,6.86%,N,N,ON,ON,ON,ON,,Official One Nation affiliation.,Auto-classified,27.20%,72.80%,6736,Strong Coalition flow,,25,,,,,,,,
2025,NSW,128,Lindsay,41988,7,Michelle Palmer,IMO,HEART Party,1229,1.25%,N,N,OTH,OTH_IMO,OTH,OTH_IMO,CENTRE_RIGHT,Minor-party or unaffiliated candidate; ideology requires review.,Needs subjective review,26.00%,74.00%,1229,Strong Coalition flow,,25,,,,,,,,
2025,NSW,128,Lindsay,41594,8,Aaron David Mcallister,GRN,The Greens,9416,9.59%,N,N,GRN,GRN,GRN,GRN,,Official Greens affiliation.,Auto-classified,85.70%,14.30%,9416,Strong ALP flow,,25,,,,,,,,
2025,NSW,128,Lindsay,41383,9,Hollie Mclean,ALP,Labor,31502,32.10%,N,N,ALP,ALP,ALP,ALP,,Official Labor affiliation.,Auto-classified,,,,,,,,,,,,,,
2025,NSW,128,Lindsay,41772,10,Joseph O'Connor,CYA,Trumpet of Patriots,2994,3.05%,N,N,OTH,OTH_CYA,OTH,OTH_CYA,RIGHT,Minor-party or unaffiliated candidate; ideology requires review.,Needs subjective review,41.90%,58.10%,2994,Coalition-leaning,,25,,,,,,,,
2025,NSW,130,Lyne,41601,1,Tom Ferrier,GRN,The Greens,6977,6.38%,N,N,GRN,GRN,GRN,GRN,,Official Greens affiliation.,Auto-classified,83.40%,16.60%,6977,Strong ALP flow,ALP,26,,,,,,,,
2025,NSW,130,Lyne,41408,2,Digby Wilson,ALP,Labor,21667,19.81%,N,N,ALP,ALP,ALP,ALP,,Official Labor affiliation.,Auto-classified,,,,,,,,,,,,,,
2025,NSW,130,Lyne,41704,3,Cathy Charsley,CYA,Trumpet of Patriots,2690,2.46%,N,N,OTH,OTH_CYA,OTH,OTH_CYA,RIGHT,Minor-party or unaffiliated candidate; ideology requires review.,Needs subjective review,24.20%,75.80%,2690,Strong Coalition flow,,26,,,,,,,,
2025,NSW,130,Lyne,41878,4,Colin Hughes,ON,Pauline Hanson's One Nation,9174,8.39%,N,N,ON,ON,ON,ON,,Official One Nation affiliation.,Auto-classified,18.00%,82.00%,9174,Strong Coalition flow,,26,,,,,,,,
2025,NSW,130,Lyne,41951,5,Alison Penfold,NP,The Nationals,39629,36.24%,Y,N,LNP,NAT,LNP,NAT,,Official Coalition affiliation.,Auto-classified,,,,,,,,,,,,,,
2025,NSW,130,Lyne,41973,6,Jeremy Miller,IND,Independent,16943,15.49%,N,N,IND,IND_PROMINENT,IND,IND_PROMINENT,CENTRE_LEFT,Official independent with at least 5% of formal first preferences.,Needs subjective review,59.90%,40.10%,16943,ALP-leaning,,26,,,,,,,,
2025,NSW,130,Lyne,41839,7,David Masters,FFPA,Family First,1662,1.52%,N,N,OTH,OTH_FFPA,OTH,OTH_FFPA,RIGHT,Minor-party or unaffiliated candidate; ideology requires review.,Needs subjective review,23.00%,77.00%,1662,Strong Coalition flow,,26,,,,,,,,
2025,NSW,130,Lyne,41928,8,Keys Manley,HMP,Legalise Cannabis Party,5995,5.48%,N,N,OTH,OTH_HMP,OTH,OTH_HMP,CENTRE_LEFT,Minor-party or unaffiliated candidate; ideology requires review.,Needs subjective review,49.60%,50.40%,5995,Neutral,,26,,,,,,,,
2025,NSW,130,Lyne,40872,9,Stephen John Burke,CEC,Citizens Party,448,0.41%,N,N,OTH,OTH_CEC,OTH,OTH_CEC,CENTRE,Minor-party or unaffiliated candidate; ideology requires review.,Needs subjective review,30.60%,69.40%,448,Coalition-leaning,,26,,,,,,,,
2025,NSW,130,Lyne,41852,10,Mark Alexander Hornshaw,LTP,Libertarian,4165,3.81%,N,N,OTH,OTH_LTP,OTH,OTH_LTP,RIGHT,Minor-party or unaffiliated candidate; ideology requires review.,Needs subjective review,13.40%,86.60%,4165,Strong Coalition flow,,26,,,,,,,,
2025,NSW,131,Macarthur,41482,1,Frankie Scott,GRN,The Greens,12012,12.84%,N,N,GRN,GRN,GRN,GRN,,Official Greens affiliation.,Auto-classified,87.50%,12.50%,12012,Strong ALP flow,ALP,26,,,,,,,,
2025,NSW,131,Macarthur,41864,2,Edward Palmer,SOPA,FUSION | Planet Rescue | Whistleblower Protection | Innovation,1382,1.48%,N,N,OTH,OTH_SOPA,OTH,OTH_SOPA,LEFT,Minor-party or unaffiliated candidate; ideology requires review.,Needs subjective review,69.30%,30.70%,1382,ALP-leaning,,26,,,,,,,,
2025,NSW,131,Macarthur,41396,3,Mike Freelander,ALP,Labor,45080,48.20%,Y,Y,ALP,ALP,ALP,ALP,,Official Labor affiliation.,Auto-classified,,,,,,,,,,,,,,
2025,NSW,131,Macarthur,41747,4,Connie Harvey,LTP,Libertarian,2443,2.61%,N,N,OTH,OTH_LTP,OTH,OTH_LTP,RIGHT,Minor-party or unaffiliated candidate; ideology requires review.,Needs subjective review,35.60%,64.40%,2443,Coalition-leaning,,26,,,,,,,,
2025,NSW,131,Macarthur,41875,5,Gregory Grogan,ON,Pauline Hanson's One Nation,7336,7.84%,N,N,ON,ON,ON,ON,,Official One Nation affiliation.,Auto-classified,33.70%,66.30%,7336,Coalition-leaning,,26,,,,,,,,
2025,NSW,131,Macarthur,41476,6,Binod Paudel,LP,Liberal,21593,23.09%,N,N,LNP,LIB,LNP,LIB,,Official Coalition affiliation.,Auto-classified,,,,,,,,,,,,,,
2025,NSW,131,Macarthur,41800,7,Graham Ernest Charlesworth,FFPA,Family First,3690,3.95%,N,N,OTH,OTH_FFPA,OTH,OTH_FFPA,RIGHT,Minor-party or unaffiliated candidate; ideology requires review.,Needs subjective review,39.90%,60.10%,3690,Coalition-leaning,,26,,,,,,,,
2025,NSW,132,Mackellar,41968,1,Lisa Cotton,IND,Independent,2297,2.05%,N,N,OTH,IND_MINOR,OTH,IND_MINOR,CENTRE_RIGHT,Official independent below 5% of formal first preferences.,Needs subjective review,33.90%,66.10%,2297,Coalition-leaning,LIB,27,LIB,IND,52.00%,48.00%,2297,LIB,27,
2025,NSW,132,Mackellar,42046,2,Brad Hayman,ON,Pauline Hanson's One Nation,2825,2.53%,N,N,ON,ON,ON,ON,,Official One Nation affiliation.,Auto-classified,17.20%,82.80%,2825,Strong Coalition flow,,27,LIB,IND,73.30%,26.70%,2825,,27,
2025,NSW,132,Mackellar,41629,3,Ethan Hrnjak,GRN,The Greens,6858,6.13%,N,N,GRN,GRN,GRN,GRN,,Official Greens affiliation.,Auto-classified,82.30%,17.70%,6858,Strong ALP flow,,27,LIB,IND,13.10%,86.90%,6858,,27,
2025,NSW,132,Mackellar,41863,4,Justin Addison,LTP,Libertarian,1949,1.74%,N,N,OTH,OTH_LTP,OTH,OTH_LTP,RIGHT,Minor-party or unaffiliated candidate; ideology requires review.,Needs subjective review,14.30%,85.70%,1949,Strong Coalition flow,,27,LIB,IND,79.00%,21.00%,1949,,27,
2025,NSW,132,Mackellar,41702,5,Amber Robertson,CYA,Trumpet of Patriots,1588,1.42%,N,N,OTH,OTH_CYA,OTH,OTH_CYA,RIGHT,Minor-party or unaffiliated candidate; ideology requires review.,Needs subjective review,22.50%,77.50%,1588,Strong Coalition flow,,27,LIB,IND,66.10%,33.90%,1588,,27,
2025,NSW,132,Mackellar,41830,6,James Brown,LP,Liberal,39647,35.45%,N,N,LNP,LIB,LNP,LIB,,Official Coalition affiliation.,Auto-classified,,,,,,,,,,,,,,
2025,NSW,132,Mackellar,40647,7,Mandeep Singh,IND,Independent,702,0.63%,N,N,OTH,IND_MINOR,OTH,IND_MINOR,CENTRE,Official independent below 5% of formal first preferences.,Needs subjective review,41.90%,58.10%,702,Coalition-leaning,,27,LIB,IND,43.90%,56.10%,702,,27,
2025,NSW,132,Mackellar,37450,8,Sophie Scamps,IND,Independent,42482,37.98%,Y,Y,IND,IND_PROMINENT,IND,IND_PROMINENT,CENTRE_LEFT,Official independent with at least 5% of formal first preferences.,Needs subjective review,71.80%,28.20%,42482,Strong ALP flow,,27,,,,,,,,
2025,NSW,132,Mackellar,41402,9,Jeffrey Quinn,ALP,Labor,13499,12.07%,N,N,ALP,ALP,ALP,ALP,,Official Labor affiliation.,Auto-classified,,,,,,,LIB,IND,21.40%,78.60%,13499,,27,
2025,NSW,133,Macquarie,41882,1,Matthew Jacobson,ON,Pauline Hanson's One Nation,9587,8.74%,N,N,ON,ON,ON,ON,,Official One Nation affiliation.,Auto-classified,23.60%,76.40%,9587,Strong Coalition flow,LIB,27,,,,,,,,
2025,NSW,133,Macquarie,41490,2,Mike Creed,LP,Liberal,34643,31.58%,N,N,LNP,LIB,LNP,LIB,,Official Coalition affiliation.,Auto-classified,,,,,,,,,,,,,,
2025,NSW,133,Macquarie,41873,3,Joaquim Eduardo De Lima,LTP,Libertarian,1810,1.65%,N,N,OTH,OTH_LTP,OTH,OTH_LTP,RIGHT,Minor-party or unaffiliated candidate; ideology requires review.,Needs subjective review,30.40%,69.60%,1810,Coalition-leaning,,27,,,,,,,,
2025,NSW,133,Macquarie,41602,4,Terry Morgan,GRN,The Greens,13666,12.46%,N,N,GRN,GRN,GRN,GRN,,Official Greens affiliation.,Auto-classified,92.60%,7.40%,13666,Strong ALP flow,,27,,,,,,,,
2025,NSW,133,Macquarie,41425,5,Susan Templeman,ALP,Labor,46773,42.64%,Y,Y,ALP,ALP,ALP,ALP,,Official Labor affiliation.,Auto-classified,,,,,,,,,,,,,,
2025,NSW,133,Macquarie,41801,6,Roger Gerard Bowen,FFPA,Family First,3226,2.94%,N,N,OTH,OTH_FFPA,OTH,OTH_FFPA,RIGHT,Minor-party or unaffiliated candidate; ideology requires review.,Needs subjective review,33.30%,66.70%,3226,Coalition-leaning,,27,,,,,,,,
2025,NSW,315,McMahon,41884,1,Melissa Janicska,ON,Pauline Hanson's One Nation,8544,8.73%,N,N,ON,ON,ON,ON,,Official One Nation affiliation.,Auto-classified,28.00%,72.00%,8544,Strong Coalition flow,LIB,29,,,,,,,,
2025,NSW,315,McMahon,41484,2,Carmen Lazar,LP,Liberal,26218,26.80%,N,N,LNP,LIB,LNP,LIB,,Official Coalition affiliation.,Auto-classified,,,,,,,,,,,,,,
2025,NSW,315,McMahon,41416,3,Chris Bowen,ALP,Labor,44537,45.52%,Y,Y,ALP,ALP,ALP,ALP,,Official Labor affiliation.,Auto-classified,,,,,,,,,,,,,,
2025,NSW,315,McMahon,42062,4,Matthew Camenzuli,IND,Independent,9613,9.83%,N,N,IND,IND_PROMINENT,IND,IND_PROMINENT,CENTRE_RIGHT,Official independent with at least 5% of formal first preferences.,Needs subjective review,33.60%,66.40%,9613,Coalition-leaning,,29,,,,,,,,
2025,NSW,315,McMahon,41608,5,Ben Hammond,GRN,The Greens,8923,9.12%,N,N,GRN,GRN,GRN,GRN,,Official Greens affiliation.,Auto-classified,85.00%,15.00%,8923,Strong ALP flow,,29,,,,,,,,
2025,NSW,134,Mitchell,41609,1,Ben Speechly,GRN,The Greens,15044,13.73%,N,N,GRN,GRN,GRN,GRN,,Official Greens affiliation.,Auto-classified,81.70%,18.30%,15044,Strong ALP flow,LIB,30,,,,,,,,
2025,NSW,134,Mitchell,41487,2,Alex Hawke,LP,Liberal,50758,46.33%,Y,Y,LNP,LIB,LNP,LIB,,Official Coalition affiliation.,Auto-classified,,,,,,,,,,,,,,
2025,NSW,134,Mitchell,41886,3,Brendan Mccreanor,ON,Pauline Hanson's One Nation,4680,4.27%,N,N,ON,ON,ON,ON,,Official One Nation affiliation.,Auto-classified,23.20%,76.80%,4680,Strong Coalition flow,,30,,,,,,,,
2025,NSW,134,Mitchell,41420,4,Dilvan Bircan,ALP,Labor,36396,33.22%,N,N,ALP,ALP,ALP,ALP,,Official Labor affiliation.,Auto-classified,,,,,,,,,,,,,,
2025,NSW,134,Mitchell,41699,5,Mark Crocker,CYA,Trumpet of Patriots,2675,2.44%,N,N,OTH,OTH_CYA,OTH,OTH_CYA,RIGHT,Minor-party or unaffiliated candidate; ideology requires review.,Needs subjective review,31.10%,68.90%,2675,Coalition-leaning,,30,,,,,,,,
2025,NSW,135,New England,41945,1,Barnaby Joyce,NP,The Nationals,59711,52.22%,Y,Y,LNP,NAT,LNP,NAT,,Official Coalition affiliation.,Auto-classified,,,,,,,,,,,,,,
2025,NSW,135,New England,41622,2,Wendy Wales,GRN,The Greens,9023,7.89%,N,N,GRN,GRN,GRN,GRN,,Official Greens affiliation.,Auto-classified,80.70%,19.30%,9023,Strong ALP flow,,31,,,,,,,,
2025,NSW,135,New England,33409,3,Natasha Ledger,IND,Independent,4240,3.71%,N,N,OTH,IND_MINOR,OTH,IND_MINOR,CENTRE,Official independent below 5% of formal first preferences.,Needs subjective review,57.60%,42.40%,4240,ALP-leaning,,31,,,,,,,,
2025,NSW,135,New England,41423,4,Laura Hughes,ALP,Labor,23233,20.32%,N,N,ALP,ALP,ALP,ALP,,Official Labor affiliation.,Auto-classified,,,,,,,,,,,,,,
2025,NSW,135,New England,41805,5,Holly Masters,FFPA,Family First,3646,3.19%,N,N,OTH,OTH_FFPA,OTH,OTH_FFPA,RIGHT,Minor-party or unaffiliated candidate; ideology requires review.,Needs subjective review,32.00%,68.00%,3646,Coalition-leaning,,31,,,,,,,,
2025,NSW,135,New England,41681,6,Todd Charles Juchau,CYA,Trumpet of Patriots,3106,2.72%,N,N,OTH,OTH_CYA,OTH,OTH_CYA,RIGHT,Minor-party or unaffiliated candidate; ideology requires review.,Needs subjective review,31.00%,69.00%,3106,Coalition-leaning,,31,,,,,,,,
2025,NSW,135,New England,41894,7,Brent Larkham,ON,Pauline Hanson's One Nation,11387,9.96%,N,N,ON,ON,ON,ON,,Official One Nation affiliation.,Auto-classified,22.70%,77.30%,11387,Strong Coalition flow,,31,,,,,,,,
2025,NSW,136,Newcastle,41695,1,Jennifer Stefanac,CYA,Trumpet of Patriots,3861,3.57%,N,N,OTH,OTH_CYA,OTH,OTH_CYA,RIGHT,Minor-party or unaffiliated candidate; ideology requires review.,Needs subjective review,37.10%,62.90%,3861,Coalition-leaning,LIB,31,ALP,GRN,46.00%,54.00%,3861,GRN,31,
2025,NSW,136,Newcastle,42049,2,Steve O'Brien,SAL,Socialist Alliance,1656,1.53%,N,N,OTH,OTH_SAL,OTH,OTH_SAL,LEFT,Minor-party or unaffiliated candidate; ideology requires review.,Needs subjective review,79.00%,21.00%,1656,Strong ALP flow,,31,ALP,GRN,24.10%,75.90%,1656,,31,
2025,NSW,136,Newcastle,41620,3,Charlotte Mccabe,GRN,The Greens,24061,22.22%,N,N,GRN,GRN,GRN,GRN,,Official Greens affiliation.,Auto-classified,90.40%,9.60%,24061,Strong ALP flow,,31,,,,,,,,
2025,NSW,136,Newcastle,41488,4,Asarri Mcphee,LP,Liberal,20638,19.06%,N,N,LNP,LIB,LNP,LIB,,Official Coalition affiliation.,Auto-classified,,,,,,,ALP,GRN,68.70%,31.30%,20638,,31,
2025,NSW,136,Newcastle,41422,5,Sharon Claydon,ALP,Labor,49054,45.31%,Y,Y,ALP,ALP,ALP,ALP,,Official Labor affiliation.,Auto-classified,,,,,,,,,,,,,,
2025,NSW,136,Newcastle,41807,6,Jason Briggs,FFPA,Family First,2319,2.14%,N,N,OTH,OTH_FFPA,OTH,OTH_FFPA,RIGHT,Minor-party or unaffiliated candidate; ideology requires review.,Needs subjective review,35.60%,64.40%,2319,Coalition-leaning,,31,ALP,GRN,66.20%,33.80%,2319,,31,
2025,NSW,136,Newcastle,41993,7,Robert Creech,,Unaffiliated,888,0.82%,N,N,OTH,OTH_UNAFFILIATED,OTH,OTH_UNAFFILIATED,UNKNOWN,Minor-party or unaffiliated candidate; ideology requires review.,Needs subjective review,60.80%,39.20%,888,ALP-leaning,,31,ALP,GRN,48.90%,51.10%,888,,31,
2025,NSW,136,Newcastle,41893,8,Phillip Heyne,ON,Pauline Hanson's One Nation,5789,5.35%,N,N,ON,ON,ON,ON,,Official One Nation affiliation.,Auto-classified,29.80%,70.20%,5789,Strong Coalition flow,,31,ALP,GRN,66.80%,33.20%,5789,,31,
2025,NSW,138,Page,42084,1,Richard Wells,IND,Independent,2260,2.10%,N,N,OTH,IND_MINOR,OTH,IND_MINOR,CENTRE_LEFT,Official independent below 5% of formal first preferences.,Needs subjective review,64.50%,35.50%,2260,ALP-leaning,ALP,32,,,,,,,,
2025,NSW,138,Page,41692,2,Donna Lee Pike,CYA,Trumpet of Patriots,2932,2.73%,N,N,OTH,OTH_CYA,OTH,OTH_CYA,RIGHT,Minor-party or unaffiliated candidate; ideology requires review.,Needs subjective review,31.50%,68.50%,2932,Coalition-leaning,,32,,,,,,,,
2025,NSW,138,Page,41431,3,Wendy Backhous,ALP,Labor,23711,22.04%,N,N,ALP,ALP,ALP,ALP,,Official Labor affiliation.,Auto-classified,,,,,,,,,,,,,,
2025,NSW,138,Page,41949,4,Kevin Hogan,NP,The Nationals,48049,44.66%,Y,Y,LNP,NAT,LNP,NAT,,Official Coalition affiliation.,Auto-classified,,,,,,,,,,,,,,
2025,NSW,138,Page,40865,5,Jennifer Baker,CEC,Citizens Party,739,0.69%,N,N,OTH,OTH_CEC,OTH,OTH_CEC,CENTRE,Minor-party or unaffiliated candidate; ideology requires review.,Needs subjective review,50.50%,49.50%,739,Neutral,,32,,,,,,,,
2025,NSW,138,Page,41623,6,Luke Robinson,GRN,The Greens,16265,15.12%,N,N,GRN,GRN,GRN,GRN,,Official Greens affiliation.,Auto-classified,85.90%,14.10%,16265,Strong ALP flow,,32,,,,,,,,
2025,NSW,138,Page,41865,7,Brenton Williams,LTP,Libertarian,1495,1.39%,N,N,OTH,OTH_LTP,OTH,OTH_LTP,RIGHT,Minor-party or unaffiliated candidate; ideology requires review.,Needs subjective review,21.50%,78.50%,1495,Strong Coalition flow,,32,,,,,,,,
2025,NSW,138,Page,41840,8,Andrew Grady,FFPA,Family First,2235,2.08%,N,N,OTH,OTH_FFPA,OTH,OTH_FFPA,RIGHT,Minor-party or unaffiliated candidate; ideology requires review.,Needs subjective review,17.40%,82.60%,2235,Strong Coalition flow,,32,,,,,,,,
2025,NSW,138,Page,41974,9,Jordan Colless,IND,Independent,1431,1.33%,N,N,OTH,IND_MINOR,OTH,IND_MINOR,CENTRE_LEFT,Official independent below 5% of formal first preferences.,Needs subjective review,64.00%,36.00%,1431,ALP-leaning,,32,,,,,,,,
2025,NSW,138,Page,41896,10,Peter Nottle,ON,Pauline Hanson's One Nation,6132,5.70%,N,N,ON,ON,ON,ON,,Official One Nation affiliation.,Auto-classified,15.80%,84.20%,6132,Strong Coalition flow,,32,,,,,,,,
2025,NSW,138,Page,41831,11,Josh Pianca,ASP,"Shooters, Fishers and Farmers Party",2345,2.18%,N,N,OTH,OTH_ASP,OTH,OTH_ASP,CENTRE_RIGHT,Minor-party or unaffiliated candidate; ideology requires review.,Needs subjective review,32.60%,67.40%,2345,Coalition-leaning,,32,,,,,,,,
2025,NSW,139,Parkes,41914,1,Mark Carter,ON,Pauline Hanson's One Nation,14320,13.65%,N,N,ON,ON,ON,ON,,Official One Nation affiliation.,Auto-classified,31.80%,68.20%,14320,Coalition-leaning,ALP,33,,,,,,,,
2025,NSW,139,Parkes,41846,2,Stephen Pope,ASP,"Shooters, Fishers and Farmers Party",6776,6.46%,N,N,OTH,OTH_ASP,OTH,OTH_ASP,CENTRE_RIGHT,Minor-party or unaffiliated candidate; ideology requires review.,Needs subjective review,42.00%,58.00%,6776,Coalition-leaning,,33,,,,,,,,
2025,NSW,139,Parkes,41621,3,Trish Frail,GRN,The Greens,6404,6.11%,N,N,GRN,GRN,GRN,GRN,,Official Greens affiliation.,Auto-classified,77.30%,22.70%,6404,Strong ALP flow,,33,,,,,,,,
2025,NSW,139,Parkes,41686,4,Petrus Van Der Steen,CYA,Trumpet of Patriots,2556,2.44%,N,N,OTH,OTH_CYA,OTH,OTH_CYA,RIGHT,Minor-party or unaffiliated candidate; ideology requires review.,Needs subjective review,34.80%,65.20%,2556,Coalition-leaning,,33,,,,,,,,
2025,NSW,139,Parkes,42085,5,Bob Wilson,IAP,Indigenous - Aboriginal Party of Australia,3117,2.97%,N,N,OTH,OTH_IAP,OTH,OTH_IAP,LEFT,Minor-party or unaffiliated candidate; ideology requires review.,Needs subjective review,63.80%,36.20%,3117,ALP-leaning,,33,,,,,,,,
2025,NSW,139,Parkes,41429,6,Nathan Fell,ALP,Labor,20630,19.67%,N,N,ALP,ALP,ALP,ALP,,Official Labor affiliation.,Auto-classified,,,,,,,,,,,,,,
2025,NSW,139,Parkes,41950,7,Jamie Chaffey,NP,The Nationals,41912,39.96%,Y,N,LNP,NAT,LNP,NAT,,Official Coalition affiliation.,Auto-classified,,,,,,,,,,,,,,
2025,NSW,139,Parkes,41820,8,Maurice Davey,FFPA,Family First,2690,2.56%,N,N,OTH,OTH_FFPA,OTH,OTH_FFPA,RIGHT,Minor-party or unaffiliated candidate; ideology requires review.,Needs subjective review,32.80%,67.20%,2690,Coalition-leaning,,33,,,,,,,,
2025,NSW,139,Parkes,36058,9,Stuart Howe,IND,Independent,2597,2.48%,N,N,OTH,IND_MINOR,OTH,IND_MINOR,CENTRE,Official independent below 5% of formal first preferences.,Needs subjective review,41.40%,58.60%,2597,Coalition-leaning,,33,,,,,,,,
2025,NSW,139,Parkes,41844,10,Sally Edwards,LTP,Libertarian,3885,3.70%,N,N,OTH,OTH_LTP,OTH,OTH_LTP,RIGHT,Minor-party or unaffiliated candidate; ideology requires review.,Needs subjective review,26.20%,73.80%,3885,Strong Coalition flow,,33,,,,,,,,
2025,NSW,140,Parramatta,41691,1,Ganesh Loke,CYA,Trumpet of Patriots,2445,2.52%,N,N,OTH,OTH_CYA,OTH,OTH_CYA,RIGHT,Minor-party or unaffiliated candidate; ideology requires review.,Needs subjective review,48.60%,51.40%,2445,Neutral,ALP,33,,,,,,,,
2025,NSW,140,Parramatta,41872,2,Ben Somerson,LTP,Libertarian,1522,1.57%,N,N,OTH,OTH_LTP,OTH,OTH_LTP,RIGHT,Minor-party or unaffiliated candidate; ideology requires review.,Needs subjective review,28.50%,71.50%,1522,Strong Coalition flow,,33,,,,,,,,
2025,NSW,140,Parramatta,41631,3,Liz Tilly,GRN,The Greens,11766,12.11%,N,N,GRN,GRN,GRN,GRN,,Official Greens affiliation.,Auto-classified,89.40%,10.60%,11766,Strong ALP flow,,33,,,,,,,,
2025,NSW,140,Parramatta,42020,4,Tanya-lee Quinn,IND,Independent,1499,1.54%,N,N,OTH,IND_MINOR,OTH,IND_MINOR,CENTRE_LEFT,Official independent below 5% of formal first preferences.,Needs subjective review,62.90%,37.10%,1499,ALP-leaning,,33,,,,,,,,
2025,NSW,140,Parramatta,41424,5,Andrew Charlton,ALP,Labor,46427,47.77%,Y,Y,ALP,ALP,ALP,ALP,,Official Labor affiliation.,Auto-classified,,,,,,,,,,,,,,
2025,NSW,140,Parramatta,40610,6,Maa Malini,IND,Independent,1018,1.05%,N,N,OTH,IND_MINOR,OTH,IND_MINOR,CENTRE_LEFT,Official independent below 5% of formal first preferences.,Needs subjective review,64.30%,35.70%,1018,ALP-leaning,,33,,,,,,,,
2025,NSW,140,Parramatta,41483,7,Katie Mullens,LP,Liberal,29860,30.72%,N,N,LNP,LIB,LNP,LIB,,Official Coalition affiliation.,Auto-classified,,,,,,,,,,,,,,
2025,NSW,140,Parramatta,41899,8,Nicholas Matzen,ON,Pauline Hanson's One Nation,2653,2.73%,N,N,ON,ON,ON,ON,,Official One Nation affiliation.,Auto-classified,23.60%,76.40%,2653,Strong Coalition flow,,33,,,,,,,,
2025,NSW,249,Paterson,42100,1,Rod Holding,IND,Independent,1360,1.25%,N,N,OTH,IND_MINOR,OTH,IND_MINOR,CENTRE_LEFT,Official independent below 5% of formal first preferences.,Needs subjective review,68.00%,32.00%,1360,ALP-leaning,ALP,33,,,,,,,,
2025,NSW,249,Paterson,41427,2,Meryl Swanson,ALP,Labor,40290,37.06%,Y,Y,ALP,ALP,ALP,ALP,,Official Labor affiliation.,Auto-classified,,,,,,,,,,,,,,
2025,NSW,249,Paterson,42050,3,Arnon Wither,ON,Pauline Hanson's One Nation,8254,7.59%,N,N,ON,ON,ON,ON,,Official One Nation affiliation.,Auto-classified,27.20%,72.80%,8254,Strong Coalition flow,,33,,,,,,,,
2025,NSW,249,Paterson,41752,4,Philip Penfold,IND,Independent,10565,9.72%,N,N,IND,IND_PROMINENT,IND,IND_PROMINENT,CENTRE_LEFT,Official independent with at least 5% of formal first preferences.,Needs subjective review,55.50%,44.50%,10565,ALP-leaning,,33,,,,,,,,
2025,NSW,249,Paterson,41625,5,Paul Johns,GRN,The Greens,8219,7.56%,N,N,GRN,GRN,GRN,GRN,,Official Greens affiliation.,Auto-classified,90.20%,9.80%,8219,Strong ALP flow,,33,,,,,,,,
2025,NSW,249,Paterson,41521,6,Laurence Antcliff,LP,Liberal,29602,27.23%,N,N,LNP,LIB,LNP,LIB,,Official Coalition affiliation.,Auto-classified,,,,,,,,,,,,,,
2025,NSW,249,Paterson,41811,7,Sandra Lyn Briggs,FFPA,Family First,2205,2.03%,N,N,OTH,OTH_FFPA,OTH,OTH_FFPA,RIGHT,Minor-party or unaffiliated candidate; ideology requires review.,Needs subjective review,26.00%,74.00%,2205,Strong Coalition flow,,33,,,,,,,,
2025,NSW,249,Paterson,42098,8,April Maree Scott,IND,Independent,1220,1.12%,N,N,OTH,IND_MINOR,OTH,IND_MINOR,CENTRE_LEFT,Official independent below 5% of formal first preferences.,Needs subjective review,71.70%,28.30%,1220,Strong ALP flow,,33,,,,,,,,
2025,NSW,249,Paterson,41687,9,Peter N Arena,CYA,Trumpet of Patriots,2766,2.54%,N,N,OTH,OTH_CYA,OTH,OTH_CYA,RIGHT,Minor-party or unaffiliated candidate; ideology requires review.,Needs subjective review,40.70%,59.30%,2766,Coalition-leaning,,33,,,,,,,,
2025,NSW,249,Paterson,41927,10,Daniel Dryden,HMP,Legalise Cannabis Party,4223,3.88%,N,N,OTH,OTH_HMP,OTH,OTH_HMP,CENTRE_LEFT,Minor-party or unaffiliated candidate; ideology requires review.,Needs subjective review,59.80%,40.20%,4223,ALP-leaning,,33,,,,,,,,
2025,NSW,144,Reid,41633,1,Joanna Somerville,GRN,The Greens,11680,11.54%,N,N,GRN,GRN,GRN,GRN,,Official Greens affiliation.,Auto-classified,86.70%,13.30%,11680,Strong ALP flow,LIB,34,,,,,,,,
2025,NSW,144,Reid,41514,2,Grange Chung,LP,Liberal,32107,31.72%,N,N,LNP,LIB,LNP,LIB,,Official Coalition affiliation.,Auto-classified,,,,,,,,,,,,,,
2025,NSW,144,Reid,41693,3,David Sarikaya,CYA,Trumpet of Patriots,1593,1.57%,N,N,OTH,OTH_CYA,OTH,OTH_CYA,RIGHT,Minor-party or unaffiliated candidate; ideology requires review.,Needs subjective review,31.50%,68.50%,1593,Coalition-leaning,,34,,,,,,,,
2025,NSW,144,Reid,41892,4,Gina Ingrouille,ON,Pauline Hanson's One Nation,2352,2.32%,N,N,ON,ON,ON,ON,,Official One Nation affiliation.,Auto-classified,22.50%,77.50%,2352,Strong Coalition flow,,34,,,,,,,,
2025,NSW,144,Reid,41434,5,Sally Sitou,ALP,Labor,49166,48.57%,Y,Y,ALP,ALP,ALP,ALP,,Official Labor affiliation.,Auto-classified,,,,,,,,,,,,,,
2025,NSW,144,Reid,41975,6,Clinton Mead,LTP,Libertarian,1221,1.21%,N,N,OTH,OTH_LTP,OTH,OTH_LTP,RIGHT,Minor-party or unaffiliated candidate; ideology requires review.,Needs subjective review,19.80%,80.20%,1221,Strong Coalition flow,,34,,,,,,,,
2025,NSW,144,Reid,40614,7,Steven Commerford,IND,Independent,3098,3.06%,N,N,OTH,IND_MINOR,OTH,IND_MINOR,CENTRE_LEFT,Official independent below 5% of formal first preferences.,Needs subjective review,71.10%,28.90%,3098,Strong ALP flow,,34,,,,,,,,
2025,NSW,145,Richmond,41348,1,Mandy Nolan,GRN,The Greens,27783,26.47%,N,N,GRN,GRN,GRN,GRN,,Official Greens affiliation.,Auto-classified,89.90%,10.10%,27783,Strong ALP flow,ALP,34,,,,,,,,
2025,NSW,145,Richmond,41432,2,Justine Elliot,ALP,Labor,31901,30.40%,Y,Y,ALP,ALP,ALP,ALP,,Official Labor affiliation.,Auto-classified,,,,,,,,,,,,,,
2025,NSW,145,Richmond,41972,3,Kevin Loughrey,IND,Independent,1754,1.67%,N,N,OTH,IND_MINOR,OTH,IND_MINOR,RIGHT,Official independent below 5% of formal first preferences.,Needs subjective review,26.60%,73.40%,1754,Strong Coalition flow,,34,,,,,,,,
2025,NSW,145,Richmond,41907,4,Ian Mye,ON,Pauline Hanson's One Nation,5709,5.44%,N,N,ON,ON,ON,ON,,Official One Nation affiliation.,Auto-classified,19.00%,81.00%,5709,Strong Coalition flow,,34,,,,,,,,
2025,NSW,145,Richmond,42068,5,Vivian Mac Mcmahon,HMP,Legalise Cannabis Party,3998,3.81%,N,N,OTH,OTH_HMP,OTH,OTH_HMP,CENTRE_LEFT,Minor-party or unaffiliated candidate; ideology requires review.,Needs subjective review,62.80%,37.20%,3998,ALP-leaning,,34,,,,,,,,
2025,NSW,145,Richmond,41700,6,Phillip Byron Peterkin,CYA,Trumpet of Patriots,2052,1.96%,N,N,OTH,OTH_CYA,OTH,OTH_CYA,RIGHT,Minor-party or unaffiliated candidate; ideology requires review.,Needs subjective review,30.10%,69.90%,2052,Coalition-leaning,,34,,,,,,,,
2025,NSW,145,Richmond,41958,7,Kimberly Hone,NP,The Nationals,25795,24.58%,N,N,LNP,NAT,LNP,NAT,,Official Coalition affiliation.,Auto-classified,,,,,,,,,,,,,,
2025,NSW,145,Richmond,41674,8,Ian Cherry Willis,LTP,Libertarian,1619,1.54%,N,N,OTH,OTH_LTP,OTH,OTH_LTP,RIGHT,Minor-party or unaffiliated candidate; ideology requires review.,Needs subjective review,25.80%,74.20%,1619,Strong Coalition flow,,34,,,,,,,,
2025,NSW,145,Richmond,41986,9,James Ian Mckenzie,IND,Independent,977,0.93%,N,N,OTH,IND_MINOR,OTH,IND_MINOR,CENTRE,Official independent below 5% of formal first preferences.,Needs subjective review,43.00%,57.00%,977,Coalition-leaning,,34,,,,,,,,
2025,NSW,145,Richmond,42073,10,Richard Curtin,GRPF,Gerard Rennick People First,3364,3.21%,N,N,OTH,OTH_GRPF,OTH,OTH_GRPF,RIGHT,Minor-party or unaffiliated candidate; ideology requires review.,Needs subjective review,17.40%,82.60%,3364,Strong Coalition flow,,34,,,,,,,,
2025,NSW,250,Riverina,41895,1,Mark Craig,ON,Pauline Hanson's One Nation,10427,9.85%,N,N,ON,ON,ON,ON,,Official One Nation affiliation.,Auto-classified,31.30%,68.70%,10427,Coalition-leaning,ALP,35,,,,,,,,
2025,NSW,250,Riverina,41643,2,Desiree Gregory,ASP,"Shooters, Fishers and Farmers Party",4217,3.98%,N,N,OTH,OTH_ASP,OTH,OTH_ASP,CENTRE_RIGHT,Minor-party or unaffiliated candidate; ideology requires review.,Needs subjective review,41.80%,58.20%,4217,Coalition-leaning,,35,,,,,,,,
2025,NSW,250,Riverina,41814,3,Mark Burge,FFPA,Family First,2151,2.03%,N,N,OTH,OTH_FFPA,OTH,OTH_FFPA,RIGHT,Minor-party or unaffiliated candidate; ideology requires review.,Needs subjective review,34.20%,65.80%,2151,Coalition-leaning,,35,,,,,,,,
2025,NSW,250,Riverina,41977,4,Barbara Baikie,IND,Independent,1858,1.76%,N,N,OTH,IND_MINOR,OTH,IND_MINOR,CENTRE_LEFT,Official independent below 5% of formal first preferences.,Needs subjective review,66.90%,33.10%,1858,ALP-leaning,,35,,,,,,,,
2025,NSW,250,Riverina,41445,5,Mark Jeffreson,ALP,Labor,19506,18.43%,N,N,ALP,ALP,ALP,ALP,,Official Labor affiliation.,Auto-classified,,,,,,,,,,,,,,
2025,NSW,250,Riverina,42086,6,Grant Hardwick,IND,Independent,1861,1.76%,N,N,OTH,IND_MINOR,OTH,IND_MINOR,CENTRE,Official independent below 5% of formal first preferences.,Needs subjective review,44.90%,55.10%,1861,Coalition-leaning,,35,,,,,,,,
2025,NSW,250,Riverina,40907,7,Richard Foley,CEC,Citizens Party,2233,2.11%,N,N,OTH,OTH_CEC,OTH,OTH_CEC,CENTRE,Minor-party or unaffiliated candidate; ideology requires review.,Needs subjective review,49.60%,50.40%,2233,Neutral,,35,,,,,,,,
2025,NSW,250,Riverina,41639,8,Pheonix Valxori,GRN,The Greens,4767,4.50%,N,N,GRN,GRN,GRN,GRN,,Official Greens affiliation.,Auto-classified,80.80%,19.20%,4767,Strong ALP flow,,35,,,,,,,,
2025,NSW,250,Riverina,40626,9,James Gooden,IND,Independent,5080,4.80%,N,N,OTH,IND_MINOR,OTH,IND_MINOR,CENTRE_RIGHT,Official independent below 5% of formal first preferences.,Needs subjective review,33.50%,66.50%,5080,Coalition-leaning,,35,,,,,,,,
2025,NSW,250,Riverina,40901,10,Jake Davis,IND,Independent,1812,1.71%,N,N,OTH,IND_MINOR,OTH,IND_MINOR,CENTRE_RIGHT,Official independent below 5% of formal first preferences.,Needs subjective review,37.90%,62.10%,1812,Coalition-leaning,,35,,,,,,,,
2025,NSW,250,Riverina,41954,11,Michael Mccormack,NP,The Nationals,42678,40.32%,Y,Y,LNP,NAT,LNP,NAT,,Official Coalition affiliation.,Auto-classified,,,,,,,,,,,,,,
2025,NSW,250,Riverina,42044,12,Jenny Rolfe,IND,Independent,6909,6.53%,N,N,IND,IND_PROMINENT,IND,IND_PROMINENT,CENTRE_LEFT,Official independent with at least 5% of formal first preferences.,Needs subjective review,63.90%,36.10%,6909,ALP-leaning,,35,,,,,,,,
2025,NSW,250,Riverina,41870,13,Christine Onley,LTP,Libertarian,2338,2.21%,N,N,OTH,OTH_LTP,OTH,OTH_LTP,RIGHT,Minor-party or unaffiliated candidate; ideology requires review.,Needs subjective review,19.50%,80.50%,2338,Strong Coalition flow,,35,,,,,,,,
2025,NSW,146,Robertson,41903,1,Matt Lloyd,ON,Pauline Hanson's One Nation,7032,6.93%,N,N,ON,ON,ON,ON,,Official One Nation affiliation.,Auto-classified,20.70%,79.30%,7032,Strong Coalition flow,LIB,35,,,,,,,,
2025,NSW,146,Robertson,41635,2,Cheryl Wallace,GRN,The Greens,9119,8.99%,N,N,GRN,GRN,GRN,GRN,,Official Greens affiliation.,Auto-classified,89.70%,10.30%,9119,Strong ALP flow,,35,,,,,,,,
2025,NSW,146,Robertson,41491,3,Lucy Wicks,LP,Liberal,30831,30.39%,N,N,LNP,LIB,LNP,LIB,,Official Coalition affiliation.,Auto-classified,,,,,,,,,,,,,,
2025,NSW,146,Robertson,41926,4,Tom Lillicrap,HMP,Legalise Cannabis Party,3497,3.45%,N,N,OTH,OTH_HMP,OTH,OTH_HMP,CENTRE_LEFT,Minor-party or unaffiliated candidate; ideology requires review.,Needs subjective review,62.00%,38.00%,3497,ALP-leaning,,35,,,,,,,,
2025,NSW,146,Robertson,40729,5,Lisa Bellamy,IND,Independent,3376,3.33%,N,N,OTH,IND_MINOR,OTH,IND_MINOR,CENTRE_LEFT,Official independent below 5% of formal first preferences.,Needs subjective review,66.20%,33.80%,3376,ALP-leaning,,35,,,,,,,,
2025,NSW,146,Robertson,41690,6,David Borg,CYA,Trumpet of Patriots,2197,2.17%,N,N,OTH,OTH_CYA,OTH,OTH_CYA,RIGHT,Minor-party or unaffiliated candidate; ideology requires review.,Needs subjective review,35.80%,64.20%,2197,Coalition-leaning,,35,,,,,,,,
2025,NSW,146,Robertson,41417,7,Gordon Reid,ALP,Labor,45411,44.76%,Y,Y,ALP,ALP,ALP,ALP,,Official Labor affiliation.,Auto-classified,,,,,,,,,,,,,,
2025,NSW,148,Shortland,41861,1,Geoffrey Mark Robertson,LTP,Libertarian,1722,1.59%,N,N,OTH,OTH_LTP,OTH,OTH_LTP,RIGHT,Minor-party or unaffiliated candidate; ideology requires review.,Needs subjective review,50.40%,49.60%,1722,Neutral,ALP,36,,,,,,,,
2025,NSW,148,Shortland,40672,2,James Pheils,IND,Independent,4805,4.44%,N,N,OTH,IND_MINOR,OTH,IND_MINOR,CENTRE_LEFT,Official independent below 5% of formal first preferences.,Needs subjective review,64.40%,35.60%,4805,ALP-leaning,,36,,,,,,,,
2025,NSW,148,Shortland,41347,3,Pat Conroy,ALP,Labor,48222,44.61%,Y,Y,ALP,ALP,ALP,ALP,,Official Labor affiliation.,Auto-classified,,,,,,,,,,,,,,
2025,NSW,148,Shortland,41908,4,Barry Reed,ON,Pauline Hanson's One Nation,9813,9.08%,N,N,ON,ON,ON,ON,,Official One Nation affiliation.,Auto-classified,30.40%,69.60%,9813,Coalition-leaning,,36,,,,,,,,
2025,NSW,148,Shortland,41825,5,Pietro Di Girolamo,FFPA,Family First,2958,2.74%,N,N,OTH,OTH_FFPA,OTH,OTH_FFPA,RIGHT,Minor-party or unaffiliated candidate; ideology requires review.,Needs subjective review,29.30%,70.70%,2958,Strong Coalition flow,,36,,,,,,,,
2025,NSW,148,Shortland,41545,6,Emma King,LP,Liberal,28331,26.21%,N,N,LNP,LIB,LNP,LIB,,Official Coalition affiliation.,Auto-classified,,,,,,,,,,,,,,
2025,NSW,148,Shortland,41632,7,Therese Doyle,GRN,The Greens,12257,11.34%,N,N,GRN,GRN,GRN,GRN,,Official Greens affiliation.,Auto-classified,85.30%,14.70%,12257,Strong ALP flow,,36,,,,,,,,
2025,NSW,149,Sydney,41342,1,Tanya Plibersek,ALP,Labor,59153,55.15%,Y,Y,ALP,ALP,ALP,ALP,,Official Labor affiliation.,Auto-classified,,,,,,,,,,,,,,
2025,NSW,149,Sydney,41984,2,Rachel Evans,SAL,Socialist Alliance,2376,2.22%,N,N,OTH,OTH_SAL,OTH,OTH_SAL,LEFT,Minor-party or unaffiliated candidate; ideology requires review.,Needs subjective review,84.80%,15.20%,2376,Strong ALP flow,,37,ALP,GRN,27.40%,72.60%,2376,,37,
2025,NSW,149,Sydney,41561,3,Alex Xu,LP,Liberal,18860,17.59%,N,N,LNP,LIB,LNP,LIB,,Official Coalition affiliation.,Auto-classified,,,,,,,ALP,GRN,72.10%,27.90%,18860,,37,
2025,NSW,149,Sydney,41910,4,Vedran Torbarac,ON,Pauline Hanson's One Nation,3698,3.45%,N,N,ON,ON,ON,ON,,Official One Nation affiliation.,Auto-classified,25.10%,74.90%,3698,Strong Coalition flow,,37,ALP,GRN,72.60%,27.40%,3698,,37,
2025,NSW,149,Sydney,41638,5,Luc Velez,GRN,The Greens,23162,21.60%,N,N,GRN,GRN,GRN,GRN,,Official Greens affiliation.,Auto-classified,93.40%,6.60%,23162,Strong ALP flow,,37,,,,,,,,
2025,NSW,151,Warringah,32467,1,Zali Steggall,IND,Independent,45590,39.68%,Y,Y,IND,IND_PROMINENT,IND,IND_PROMINENT,CENTRE_LEFT,Official independent with at least 5% of formal first preferences.,Needs subjective review,77.80%,22.20%,45590,Strong ALP flow,ALP,38,,,,,,,,
2025,NSW,151,Warringah,41341,2,Celine Varghese-Fell,ALP,Labor,16738,14.57%,N,N,ALP,ALP,ALP,ALP,,Official Labor affiliation.,Auto-classified,,,,,,,LIB,IND,18.40%,81.60%,16738,,38,
2025,NSW,151,Warringah,41685,3,Anthony Rose,CYA,Trumpet of Patriots,1417,1.23%,N,N,OTH,OTH_CYA,OTH,OTH_CYA,RIGHT,Minor-party or unaffiliated candidate; ideology requires review.,Needs subjective review,28.10%,71.90%,1417,Strong Coalition flow,,38,LIB,IND,63.30%,36.70%,1417,,38,
2025,NSW,151,Warringah,40624,4,David Michael Spratt,IND,Independent,1171,1.02%,N,N,OTH,IND_MINOR,OTH,IND_MINOR,CENTRE,Official independent below 5% of formal first preferences.,Needs subjective review,43.00%,57.00%,1171,Coalition-leaning,,38,LIB,IND,49.40%,50.60%,1171,,38,
2025,NSW,151,Warringah,41842,5,Sean Mcleod,LTP,Libertarian,1504,1.31%,N,N,OTH,OTH_LTP,OTH,OTH_LTP,RIGHT,Minor-party or unaffiliated candidate; ideology requires review.,Needs subjective review,17.10%,82.90%,1504,Strong Coalition flow,,38,LIB,IND,75.90%,24.10%,1504,,38,
2025,NSW,151,Warringah,41941,6,Gavin Wright,ON,Pauline Hanson's One Nation,1978,1.72%,N,N,ON,ON,ON,ON,,Official One Nation affiliation.,Auto-classified,17.00%,83.00%,1978,Strong Coalition flow,,38,LIB,IND,73.30%,26.70%,1978,,38,
2025,NSW,151,Warringah,41500,7,Jaimee Rogers,LP,Liberal,36446,31.72%,N,N,LNP,LIB,LNP,LIB,,Official Coalition affiliation.,Auto-classified,,,,,,,,,,,,,,
2025,NSW,151,Warringah,41637,8,Bonnie Harvey,GRN,The Greens,10051,8.75%,N,N,GRN,GRN,GRN,GRN,,Official Greens affiliation.,Auto-classified,88.70%,11.30%,10051,Strong ALP flow,,38,LIB,IND,9.90%,90.10%,10051,,38,
2025,NSW,251,Watson,41331,1,Tony Burke,ALP,Labor,39763,48.00%,Y,Y,ALP,ALP,ALP,ALP,,Official Labor affiliation.,Auto-classified,,,,,,,,,,,,,,
2025,NSW,251,Watson,41642,2,Vanessa Hadchiti,LTP,Libertarian,3559,4.30%,N,N,OTH,OTH_LTP,OTH,OTH_LTP,RIGHT,Minor-party or unaffiliated candidate; ideology requires review.,Needs subjective review,36.20%,63.80%,3559,Coalition-leaning,,39,ALP,IND,37.40%,62.60%,3559,,38,
2025,NSW,251,Watson,40898,3,Ziad Basyouny,IND,Independent,12209,14.74%,N,N,IND,IND_PROMINENT,IND,IND_PROMINENT,LEFT,Official independent with at least 5% of formal first preferences.,Needs subjective review,81.80%,18.20%,12209,Strong ALP flow,,39,,,,,,,,
2025,NSW,251,Watson,41976,4,Zain Khan,IND,Independent,1055,1.27%,N,N,OTH,IND_MINOR,OTH,IND_MINOR,CENTRE,Official independent below 5% of formal first preferences.,Needs subjective review,56.40%,43.60%,1055,ALP-leaning,,39,ALP,IND,32.10%,67.90%,1055,,38,
2025,NSW,251,Watson,41920,5,Elisha Trevena,ON,Pauline Hanson's One Nation,2674,3.23%,N,N,ON,ON,ON,ON,,Official One Nation affiliation.,Auto-classified,31.20%,68.80%,2674,Coalition-leaning,,39,ALP,IND,40.40%,59.60%,2674,,38,
2025,NSW,251,Watson,41499,6,Zakir Alam,LP,Liberal,12585,15.19%,N,N,LNP,LIB,LNP,LIB,,Official Coalition affiliation.,Auto-classified,,,,,,,ALP,IND,52.50%,47.50%,12585,,38,
2025,NSW,251,Watson,41847,7,John Mannah,FFPA,Family First,1428,1.72%,N,N,OTH,OTH_FFPA,OTH,OTH_FFPA,RIGHT,Minor-party or unaffiliated candidate; ideology requires review.,Needs subjective review,39.70%,60.30%,1428,Coalition-leaning,,39,ALP,IND,49.80%,50.20%,1428,,38,
2025,NSW,251,Watson,41645,8,Jocelyn Brewer,GRN,The Greens,7399,8.93%,N,N,GRN,GRN,GRN,GRN,,Official Greens affiliation.,Auto-classified,86.40%,13.60%,7399,Strong ALP flow,,39,ALP,IND,58.50%,41.50%,7399,,38,
2025,NSW,251,Watson,41680,9,John Koukoulis,CYA,Trumpet of Patriots,2162,2.61%,N,N,OTH,OTH_CYA,OTH,OTH_CYA,RIGHT,Minor-party or unaffiliated candidate; ideology requires review.,Needs subjective review,42.60%,57.40%,2162,Coalition-leaning,,39,ALP,IND,43.60%,56.40%,2162,,38,
2025,NSW,152,Wentworth,41967,1,Michael Richmond,IND,Independent,1347,1.22%,N,N,OTH,IND_MINOR,OTH,IND_MINOR,CENTRE,Official independent below 5% of formal first preferences.,Needs subjective review,40.40%,59.60%,1347,Coalition-leaning,LIB,39,LIB,IND,47.30%,52.70%,1347,LIB,39,
2025,NSW,152,Wentworth,41532,2,Nick Ward,GRN,The Greens,11241,10.18%,N,N,GRN,GRN,GRN,GRN,,Official Greens affiliation.,Auto-classified,91.70%,8.30%,11241,Strong ALP flow,,39,LIB,IND,7.50%,92.50%,11241,,39,
2025,NSW,152,Wentworth,41912,3,James Sternhell,ON,Pauline Hanson's One Nation,2625,2.38%,N,N,ON,ON,ON,ON,,Official One Nation affiliation.,Auto-classified,15.90%,84.10%,2625,Strong Coalition flow,,39,LIB,IND,76.00%,24.00%,2625,,39,
2025,NSW,152,Wentworth,41497,4,Ro Knox,LP,Liberal,40155,36.36%,N,N,LNP,LIB,LNP,LIB,,Official Coalition affiliation.,Auto-classified,,,,,,,,,,,,,,
2025,NSW,152,Wentworth,41326,5,Savanna Peake,ALP,Labor,14779,13.38%,N,N,ALP,ALP,ALP,ALP,,Official Labor affiliation.,Auto-classified,,,,,,,LIB,IND,16.00%,84.00%,14779,,39,
2025,NSW,152,Wentworth,37451,6,Allegra Spender,IND,Independent,40284,36.48%,Y,Y,IND,IND_PROMINENT,IND,IND_PROMINENT,CENTRE_LEFT,Official independent with at least 5% of formal first preferences.,Needs subjective review,73.90%,26.10%,40284,Strong ALP flow,,39,,,,,,,,
2025,NSW,153,Werriwa,41648,1,Janet Rebecca Castle,GRN,The Greens,9747,11.12%,N,N,GRN,GRN,GRN,GRN,,Official Greens affiliation.,Auto-classified,75.00%,25.00%,9747,Strong ALP flow,ALP,39,,,,,,,,
2025,NSW,153,Werriwa,41328,2,Anne Maree Stanley,ALP,Labor,35785,40.84%,Y,Y,ALP,ALP,ALP,ALP,,Official Labor affiliation.,Auto-classified,,,,,,,,,,,,,,
2025,NSW,153,Werriwa,41827,3,Jacob Balestri,FFPA,Family First,1741,1.99%,N,N,OTH,OTH_FFPA,OTH,OTH_FFPA,RIGHT,Minor-party or unaffiliated candidate; ideology requires review.,Needs subjective review,48.70%,51.30%,1741,Neutral,,39,,,,,,,,
2025,NSW,153,Werriwa,41994,4,Jamal Daoud,IND,Independent,2232,2.55%,N,N,OTH,IND_MINOR,OTH,IND_MINOR,CENTRE_LEFT,Official independent below 5% of formal first preferences.,Needs subjective review,61.90%,38.10%,2232,ALP-leaning,,39,,,,,,,,
2025,NSW,153,Werriwa,41503,5,Sam Kayal,LP,Liberal,27003,30.82%,N,N,LNP,LIB,LNP,LIB,,Official Coalition affiliation.,Auto-classified,,,,,,,,,,,,,,
2025,NSW,153,Werriwa,41935,6,Andrew Charles Murphy,HMP,Legalise Cannabis Party,3005,3.43%,N,N,OTH,OTH_HMP,OTH,OTH_HMP,CENTRE_LEFT,Minor-party or unaffiliated candidate; ideology requires review.,Needs subjective review,59.60%,40.40%,3005,ALP-leaning,,39,,,,,,,,
2025,NSW,153,Werriwa,41918,7,Ian Cimera,ON,Pauline Hanson's One Nation,3499,3.99%,N,N,ON,ON,ON,ON,,Official One Nation affiliation.,Auto-classified,31.90%,68.10%,3499,Coalition-leaning,,39,,,,,,,,
2025,NSW,153,Werriwa,41679,8,Shannon Grant Mcglone,CYA,Trumpet of Patriots,1800,2.05%,N,N,OTH,OTH_CYA,OTH,OTH_CYA,RIGHT,Minor-party or unaffiliated candidate; ideology requires review.,Needs subjective review,39.90%,60.10%,1800,Coalition-leaning,,39,,,,,,,,
2025,NSW,153,Werriwa,41887,9,Gemma Noiosi,LTP,Libertarian,2802,3.20%,N,N,OTH,OTH_LTP,OTH,OTH_LTP,RIGHT,Minor-party or unaffiliated candidate; ideology requires review.,Needs subjective review,28.10%,71.90%,2802,Strong Coalition flow,,39,,,,,,,,
2025,NSW,150,Whitlam,41640,1,Jamie Dixon,GRN,The Greens,13558,12.40%,N,N,GRN,GRN,GRN,GRN,,Official Greens affiliation.,Auto-classified,80.00%,20.00%,13558,Strong ALP flow,LIB,39,,,,,,,,
2025,NSW,150,Whitlam,41535,2,Nathaniel Smith,LP,Liberal,30908,28.27%,N,N,LNP,LIB,LNP,LIB,,Official Coalition affiliation.,Auto-classified,,,,,,,,,,,,,,
2025,NSW,150,Whitlam,42083,3,Ben Britton,IND,Independent,5246,4.80%,N,N,OTH,IND_MINOR,OTH,IND_MINOR,CENTRE_RIGHT,Official independent below 5% of formal first preferences.,Needs subjective review,37.50%,62.50%,5246,Coalition-leaning,,39,,,,,,,,
2025,NSW,150,Whitlam,41677,4,Angelo Cuda,CYA,Trumpet of Patriots,3101,2.84%,N,N,OTH,OTH_CYA,OTH,OTH_CYA,RIGHT,Minor-party or unaffiliated candidate; ideology requires review.,Needs subjective review,38.60%,61.40%,3101,Coalition-leaning,,39,,,,,,,,
2025,NSW,150,Whitlam,41917,5,Sharon Cousins,ON,Pauline Hanson's One Nation,8379,7.66%,N,N,ON,ON,ON,ON,,Official One Nation affiliation.,Auto-classified,28.50%,71.50%,8379,Strong Coalition flow,,39,,,,,,,,
2025,NSW,150,Whitlam,41837,6,Raymond Khoury,LTP,Libertarian,1188,1.09%,N,N,OTH,OTH_LTP,OTH,OTH_LTP,RIGHT,Minor-party or unaffiliated candidate; ideology requires review.,Needs subjective review,21.60%,78.40%,1188,Strong Coalition flow,,39,,,,,,,,
2025,NSW,150,Whitlam,40881,7,Cheryl Ann Hinton,CEC,Citizens Party,590,0.54%,N,N,OTH,OTH_CEC,OTH,OTH_CEC,CENTRE,Minor-party or unaffiliated candidate; ideology requires review.,Needs subjective review,53.10%,46.90%,590,Neutral,,39,,,,,,,,
2025,NSW,150,Whitlam,42075,8,Paddy Moylan,IND,Independent,2211,2.02%,N,N,OTH,IND_MINOR,OTH,IND_MINOR,CENTRE_LEFT,Official independent below 5% of formal first preferences.,Needs subjective review,55.70%,44.30%,2211,ALP-leaning,,39,,,,,,,,
2025,NSW,150,Whitlam,41333,9,Carol Berry,ALP,Labor,42230,38.63%,Y,N,ALP,ALP,ALP,ALP,,Official Labor affiliation.,Auto-classified,,,,,,,,,,,,,,
2025,NSW,150,Whitlam,40617,10,Glenn Butterfield,IND,Independent,1905,1.74%,N,N,OTH,IND_MINOR,OTH,IND_MINOR,CENTRE_LEFT,Official independent below 5% of formal first preferences.,Needs subjective review,55.50%,44.50%,1905,ALP-leaning,,39,,,,,,,,
2025,NT,306,Lingiari,41011,1,Marion Scrymgour,ALP,Australian Labor Party (Northern Territory) Branch,20372,44.64%,Y,Y,ALP,ALP,ALP,ALP,,Official Labor affiliation.,Auto-classified,,,,,,,,,,,,,,
2025,NT,306,Lingiari,40635,2,Peter Flynn,CEC,Citizens Party,1022,2.24%,N,N,OTH,OTH_CEC,OTH,OTH_CEC,CENTRE,Minor-party or unaffiliated candidate; ideology requires review.,Needs subjective review,48.50%,51.50%,1022,Neutral,,26,,,,,,,,
2025,NT,306,Lingiari,41843,3,Chris Tomlins,IAP,Indigenous - Aboriginal Party of Australia,1317,2.89%,N,N,OTH,OTH_IAP,OTH,OTH_IAP,LEFT,Minor-party or unaffiliated candidate; ideology requires review.,Needs subjective review,72.70%,27.30%,1317,Strong ALP flow,,26,,,,,,,,
2025,NT,306,Lingiari,41151,4,Blair Mcfarland,GRN,Australian Greens,4646,10.18%,N,N,GRN,GRN,GRN,GRN,,Official Greens affiliation.,Auto-classified,84.30%,15.70%,4646,Strong ALP flow,,26,,,,,,,,
2025,NT,306,Lingiari,41020,5,Sakellarios Bairamis,ON,Pauline Hanson's One Nation,4132,9.06%,N,N,ON,ON,ON,ON,,Official One Nation affiliation.,Auto-classified,18.90%,81.10%,4132,Strong Coalition flow,,26,,,,,,,,
2025,NT,306,Lingiari,41126,6,Lisa Siebert,CLP,NT CLP,14143,30.99%,N,N,LNP,CLP,LNP,CLP,,Official Coalition affiliation.,Auto-classified,,,,,,,,,,,,,,
2025,NT,307,Solomon,41153,1,Jonathan Parry,GRN,Australian Greens,6167,10.26%,N,N,GRN,GRN,GRN,GRN,,Official Greens affiliation.,Auto-classified,78.80%,21.20%,6167,Strong ALP flow,CLP,36,,,,,,,,
2025,NT,307,Solomon,41036,2,Lisa Bayliss,CLP,NT CLP,21642,35.99%,N,N,LNP,CLP,LNP,CLP,,Official Coalition affiliation.,Auto-classified,,,,,,,,,,,,,,
2025,NT,307,Solomon,41023,3,Benjamin Craker,ON,Pauline Hanson's One Nation,4033,6.71%,N,N,ON,ON,ON,ON,,Official One Nation affiliation.,Auto-classified,17.60%,82.40%,4033,Strong Coalition flow,,36,,,,,,,,
2025,NT,307,Solomon,40620,4,Phil Scott,IND,Independent,7501,12.47%,N,N,IND,IND_PROMINENT,IND,IND_PROMINENT,CENTRE_LEFT,Official independent with at least 5% of formal first preferences.,Needs subjective review,67.50%,32.50%,7501,ALP-leaning,,36,,,,,,,,
2025,NT,307,Solomon,40639,5,Brian Kristo,CEC,Citizens Party,343,0.57%,N,N,OTH,OTH_CEC,OTH,OTH_CEC,CENTRE,Minor-party or unaffiliated candidate; ideology requires review.,Needs subjective review,42.60%,57.40%,343,Coalition-leaning,,36,,,,,,,,
2025,NT,307,Solomon,42082,6,Janey Davies,IND,Independent,693,1.15%,N,N,OTH,IND_MINOR,OTH,IND_MINOR,CENTRE,Official independent below 5% of formal first preferences.,Needs subjective review,46.60%,53.40%,693,Neutral,,36,,,,,,,,
2025,NT,307,Solomon,41012,7,Luke John Gosling,ALP,Australian Labor Party (Northern Territory) Branch,19751,32.85%,Y,Y,ALP,ALP,ALP,ALP,,Official Labor affiliation.,Auto-classified,,,,,,,,,,,,,,
2025,QLD,304,Blair,41202,1,Carl Mutzelburg,LNP,LNP,31797,27.19%,N,N,LNP,LNP,LNP,LNP,,Official Coalition affiliation.,Auto-classified,,,,,,,,,,,,,,
2025,QLD,304,Blair,42043,2,Anthony Bull,LTP,Libertarian,1132,0.97%,N,N,OTH,OTH_LTP,OTH,OTH_LTP,RIGHT,Minor-party or unaffiliated candidate; ideology requires review.,Needs subjective review,35.50%,64.50%,1132,Coalition-leaning,,4,,,,,,,,
2025,QLD,304,Blair,40963,3,Kathryn Chadwick,GRPF,Gerard Rennick People First,4421,3.78%,N,N,OTH,OTH_GRPF,OTH,OTH_GRPF,RIGHT,Minor-party or unaffiliated candidate; ideology requires review.,Needs subjective review,25.30%,74.70%,4421,Strong Coalition flow,,4,,,,,,,,
2025,QLD,304,Blair,41530,4,Angela Lowery,AJP,Animal Justice Party,1874,1.60%,N,N,OTH,OTH_AJP,OTH,OTH_AJP,CENTRE_LEFT,Minor-party or unaffiliated candidate; ideology requires review.,Needs subjective review,61.80%,38.20%,1874,ALP-leaning,,4,,,,,,,,
2025,QLD,304,Blair,41325,5,Edward Mcdonald,CYA,Trumpet of Patriots,3769,3.22%,N,N,OTH,OTH_CYA,OTH,OTH_CYA,RIGHT,Minor-party or unaffiliated candidate; ideology requires review.,Needs subjective review,37.20%,62.80%,3769,Coalition-leaning,,4,,,,,,,,
2025,QLD,304,Blair,40725,6,Shayne Neumann,ALP,Australian Labor Party,42825,36.62%,Y,Y,ALP,ALP,ALP,ALP,,Official Labor affiliation.,Auto-classified,,,,,,,,,,,,,,
2025,QLD,304,Blair,40846,7,John Frederick Purdon,FFPA,Family First,2334,2.00%,N,N,OTH,OTH_FFPA,OTH,OTH_FFPA,RIGHT,Minor-party or unaffiliated candidate; ideology requires review.,Needs subjective review,35.90%,64.10%,2334,Coalition-leaning,,4,,,,,,,,
2025,QLD,304,Blair,41250,8,Paul Toner,GRN,The Greens,12104,10.35%,N,N,GRN,GRN,GRN,GRN,,Official Greens affiliation.,Auto-classified,88.10%,11.90%,12104,Strong ALP flow,,4,,,,,,,,
2025,QLD,304,Blair,40927,9,Anthony Hopkins,HMP,Legalise Cannabis Party,5353,4.58%,N,N,OTH,OTH_HMP,OTH,OTH_HMP,CENTRE_LEFT,Minor-party or unaffiliated candidate; ideology requires review.,Needs subjective review,63.00%,37.00%,5353,ALP-leaning,,4,,,,,,,,
2025,QLD,304,Blair,40920,10,Brendan Kross,ON,Pauline Hanson's One Nation,11344,9.70%,N,N,ON,ON,ON,ON,,Official One Nation affiliation.,Auto-classified,29.70%,70.30%,11344,Strong Coalition flow,,4,,,,,,,,
2025,QLD,310,Bonner,40849,1,Ross Dovey,FFPA,Family First,2811,2.84%,N,N,OTH,OTH_FFPA,OTH,OTH_FFPA,RIGHT,Minor-party or unaffiliated candidate; ideology requires review.,Needs subjective review,23.30%,76.70%,2811,Strong Coalition flow,LNP,5,,,,,,,,
2025,QLD,310,Bonner,40689,2,Shalini Bhasin,LTP,Libertarian,1203,1.21%,N,N,OTH,OTH_LTP,OTH,OTH_LTP,RIGHT,Minor-party or unaffiliated candidate; ideology requires review.,Needs subjective review,31.80%,68.20%,1203,Coalition-leaning,,5,,,,,,,,
2025,QLD,310,Bonner,41205,3,Ross Vasta,LNP,LNP,35156,35.47%,N,Y,LNP,LNP,LNP,LNP,,Official Coalition affiliation.,Auto-classified,,,,,,,,,,,,,,
2025,QLD,310,Bonner,40926,4,Craig Hill,HMP,Legalise Cannabis Party,2497,2.52%,N,N,OTH,OTH_HMP,OTH,OTH_HMP,CENTRE_LEFT,Minor-party or unaffiliated candidate; ideology requires review.,Needs subjective review,62.00%,38.00%,2497,ALP-leaning,,5,,,,,,,,
2025,QLD,310,Bonner,41254,5,Wen Li,GRN,The Greens,12314,12.43%,N,N,GRN,GRN,GRN,GRN,,Official Greens affiliation.,Auto-classified,90.60%,9.40%,12314,Strong ALP flow,,5,,,,,,,,
2025,QLD,310,Bonner,41330,6,David Wright,CYA,Trumpet of Patriots,2187,2.21%,N,N,OTH,OTH_CYA,OTH,OTH_CYA,RIGHT,Minor-party or unaffiliated candidate; ideology requires review.,Needs subjective review,34.30%,65.70%,2187,Coalition-leaning,,5,,,,,,,,
2025,QLD,310,Bonner,40925,7,Christopher De Winter,ON,Pauline Hanson's One Nation,3784,3.82%,N,N,ON,ON,ON,ON,,Official One Nation affiliation.,Auto-classified,22.80%,77.20%,3784,Strong Coalition flow,,5,,,,,,,,
2025,QLD,310,Bonner,40727,8,Kara Cook,ALP,Australian Labor Party,39154,39.51%,Y,N,ALP,ALP,ALP,ALP,,Official Labor affiliation.,Auto-classified,,,,,,,,,,,,,,
2025,QLD,155,Bowman,40730,1,Darcy Brown,ALP,Australian Labor Party,34247,31.71%,N,N,ALP,ALP,ALP,ALP,,Official Labor affiliation.,Auto-classified,,,,,,,,,,,,,,
2025,QLD,155,Bowman,40852,2,David Todd,FFPA,Family First,3325,3.08%,N,N,OTH,OTH_FFPA,OTH,OTH_FFPA,RIGHT,Minor-party or unaffiliated candidate; ideology requires review.,Needs subjective review,32.00%,68.00%,3325,Coalition-leaning,,5,,,,,,,,
2025,QLD,155,Bowman,40623,3,Shaun Holloway,IND,Independent,3375,3.13%,N,N,OTH,IND_MINOR,OTH,IND_MINOR,CENTRE_LEFT,Official independent below 5% of formal first preferences.,Needs subjective review,62.40%,37.60%,3375,ALP-leaning,,5,,,,,,,,
2025,QLD,155,Bowman,40930,4,Matthew Knight,ON,Pauline Hanson's One Nation,7650,7.08%,N,N,ON,ON,ON,ON,,Official One Nation affiliation.,Auto-classified,23.50%,76.50%,7650,Strong Coalition flow,,5,,,,,,,,
2025,QLD,155,Bowman,41334,5,Gary Williamson,CYA,Trumpet of Patriots,3924,3.63%,N,N,OTH,OTH_CYA,OTH,OTH_CYA,RIGHT,Minor-party or unaffiliated candidate; ideology requires review.,Needs subjective review,35.30%,64.70%,3924,Coalition-leaning,,5,,,,,,,,
2025,QLD,155,Bowman,41212,6,Henry Pike,LNP,LNP,42777,39.61%,Y,Y,LNP,LNP,LNP,LNP,,Official Coalition affiliation.,Auto-classified,,,,,,,,,,,,,,
2025,QLD,155,Bowman,41259,7,Kristie Lockhart,GRN,The Greens,12689,11.75%,N,N,GRN,GRN,GRN,GRN,,Official Greens affiliation.,Auto-classified,84.90%,15.10%,12689,Strong ALP flow,,5,,,,,,,,
2025,QLD,156,Brisbane,40933,1,Cheryl Wood,ON,Pauline Hanson's One Nation,2798,2.53%,N,N,ON,ON,ON,ON,,Official One Nation affiliation.,Auto-classified,27.20%,72.80%,2798,Strong Coalition flow,ALP,6,,,,,,,,
2025,QLD,156,Brisbane,40731,2,Madonna Jarrett,ALP,Australian Labor Party,35607,32.15%,Y,N,ALP,ALP,ALP,ALP,,Official Labor affiliation.,Auto-classified,,,,,,,,,,,,,,
2025,QLD,156,Brisbane,40884,3,Kirsten Sands,FFPA,Family First,879,0.79%,N,N,OTH,OTH_FFPA,OTH,OTH_FFPA,RIGHT,Minor-party or unaffiliated candidate; ideology requires review.,Needs subjective review,34.70%,65.30%,879,Coalition-leaning,,6,,,,,,,,
2025,QLD,156,Brisbane,41268,4,Stephen Bates,GRN,The Greens,28663,25.88%,N,Y,GRN,GRN,GRN,GRN,,Official Greens affiliation.,Auto-classified,93.30%,6.70%,28663,Strong ALP flow,,6,,,,,,,,
2025,QLD,156,Brisbane,41215,5,Trevor Evans,LNP,LNP,37951,34.27%,N,N,LNP,LNP,LNP,LNP,,Official Coalition affiliation.,Auto-classified,,,,,,,,,,,,,,
2025,QLD,156,Brisbane,41335,6,Brian William Thiele,CYA,Trumpet of Patriots,1398,1.26%,N,N,OTH,OTH_CYA,OTH,OTH_CYA,RIGHT,Minor-party or unaffiliated candidate; ideology requires review.,Needs subjective review,32.70%,67.30%,1398,Coalition-leaning,,6,,,,,,,,
2025,QLD,156,Brisbane,40964,7,Joseph Wheeler,GRPF,Gerard Rennick People First,2354,2.13%,N,N,OTH,OTH_GRPF,OTH,OTH_GRPF,RIGHT,Minor-party or unaffiliated candidate; ideology requires review.,Needs subjective review,26.10%,73.90%,2354,Strong Coalition flow,,6,,,,,,,,
2025,QLD,156,Brisbane,40685,8,Rachael Blackwood,SOPA,FUSION | Planet Rescue | Whistleblower Protection | Innovation,1095,0.99%,N,N,OTH,OTH_SOPA,OTH,OTH_SOPA,LEFT,Minor-party or unaffiliated candidate; ideology requires review.,Needs subjective review,74.20%,25.80%,1095,Strong ALP flow,,6,,,,,,,,
2025,QLD,157,Capricornia,40737,1,Emily Mawson,ALP,Australian Labor Party,31483,31.91%,N,N,ALP,ALP,ALP,ALP,,Official Labor affiliation.,Auto-classified,,,,,,,,,,,,,,
2025,QLD,157,Capricornia,41340,2,Stephen Andrew,CYA,Trumpet of Patriots,5999,6.08%,N,N,OTH,OTH_CYA,OTH,OTH_CYA,RIGHT,Minor-party or unaffiliated candidate; ideology requires review.,Needs subjective review,36.80%,63.20%,5999,Coalition-leaning,,8,,,,,,,,
2025,QLD,157,Capricornia,40936,3,Cheryl Kempton,ON,Pauline Hanson's One Nation,15355,15.56%,N,N,ON,ON,ON,ON,,Official One Nation affiliation.,Auto-classified,24.80%,75.20%,15355,Strong Coalition flow,,8,,,,,,,,
2025,QLD,157,Capricornia,40858,4,Kerri Hislop,FFPA,Family First,3646,3.70%,N,N,OTH,OTH_FFPA,OTH,OTH_FFPA,RIGHT,Minor-party or unaffiliated candidate; ideology requires review.,Needs subjective review,32.30%,67.70%,3646,Coalition-leaning,,8,,,,,,,,
2025,QLD,157,Capricornia,41222,5,Michelle Landry,LNP,LNP,36074,36.56%,Y,Y,LNP,LNP,LNP,LNP,,Official Coalition affiliation.,Auto-classified,,,,,,,,,,,,,,
2025,QLD,157,Capricornia,41270,6,Mick Jones,GRN,The Greens,6101,6.18%,N,N,GRN,GRN,GRN,GRN,,Official Greens affiliation.,Auto-classified,80.20%,19.80%,6101,Strong ALP flow,,8,,,,,,,,
2025,QLD,158,Dawson,41367,1,Michael Lockyer,CYA,Trumpet of Patriots,5673,5.76%,N,N,OTH,OTH_CYA,OTH,OTH_CYA,RIGHT,Minor-party or unaffiliated candidate; ideology requires review.,Needs subjective review,28.80%,71.20%,5673,Strong Coalition flow,LNP,12,,,,,,,,
2025,QLD,158,Dawson,40965,2,Alexander John Beaumont,GRPF,Gerard Rennick People First,5572,5.66%,N,N,OTH,OTH_GRPF,OTH,OTH_GRPF,RIGHT,Minor-party or unaffiliated candidate; ideology requires review.,Needs subjective review,19.70%,80.30%,5572,Strong Coalition flow,,12,,,,,,,,
2025,QLD,158,Dawson,40862,3,Amanda Nickson,FFPA,Family First,3170,3.22%,N,N,OTH,OTH_FFPA,OTH,OTH_FFPA,RIGHT,Minor-party or unaffiliated candidate; ideology requires review.,Needs subjective review,31.20%,68.80%,3170,Coalition-leaning,,12,,,,,,,,
2025,QLD,158,Dawson,41203,4,Andrew Willcox,LNP,LNP,41043,41.68%,Y,Y,LNP,LNP,LNP,LNP,,Official Coalition affiliation.,Auto-classified,,,,,,,,,,,,,,
2025,QLD,158,Dawson,40938,5,Darren Brown,ON,Pauline Hanson's One Nation,10258,10.42%,N,N,ON,ON,ON,ON,,Official One Nation affiliation.,Auto-classified,24.80%,75.20%,10258,Strong Coalition flow,,12,,,,,,,,
2025,QLD,158,Dawson,41273,6,Paula Creen,GRN,The Greens,6944,7.05%,N,N,GRN,GRN,GRN,GRN,,Official Greens affiliation.,Auto-classified,79.40%,20.60%,6944,Strong ALP flow,,12,,,,,,,,
2025,QLD,158,Dawson,40740,7,Neil Wallace,ALP,Australian Labor Party,25808,26.21%,N,N,ALP,ALP,ALP,ALP,,Official Labor affiliation.,Auto-classified,,,,,,,,,,,,,,
2025,QLD,252,Dickson,40867,1,Suniti Hewett,FFPA,Family First,2299,2.18%,N,N,OTH,OTH_FFPA,OTH,OTH_FFPA,RIGHT,Minor-party or unaffiliated candidate; ideology requires review.,Needs subjective review,36.80%,63.20%,2299,Coalition-leaning,ALP,12,,,,,,,,
2025,QLD,252,Dickson,40742,2,Ali France,ALP,Australian Labor Party,35502,33.63%,Y,N,ALP,ALP,ALP,ALP,,Official Labor affiliation.,Auto-classified,,,,,,,,,,,,,,
2025,QLD,252,Dickson,41275,3,Vinnie Batten,GRN,The Greens,8061,7.64%,N,N,GRN,GRN,GRN,GRN,,Official Greens affiliation.,Auto-classified,93.90%,6.10%,8061,Strong ALP flow,,12,,,,,,,,
2025,QLD,252,Dickson,40941,4,Joel Stevenson,ON,Pauline Hanson's One Nation,4429,4.19%,N,N,ON,ON,ON,ON,,Official One Nation affiliation.,Auto-classified,24.00%,76.00%,4429,Strong Coalition flow,,12,,,,,,,,
2025,QLD,252,Dickson,41208,5,Peter Dutton,LNP,LNP,36628,34.69%,N,Y,LNP,LNP,LNP,LNP,,Official Coalition affiliation.,Auto-classified,,,,,,,,,,,,,,
2025,QLD,252,Dickson,41375,6,Michael Jessop,CYA,Trumpet of Patriots,1900,1.80%,N,N,OTH,OTH_CYA,OTH,OTH_CYA,RIGHT,Minor-party or unaffiliated candidate; ideology requires review.,Needs subjective review,41.10%,58.90%,1900,Coalition-leaning,,12,,,,,,,,
2025,QLD,252,Dickson,40629,7,Ellie Smith,IND,Independent,12874,12.19%,N,N,IND,IND_PROMINENT,IND,IND_PROMINENT,LEFT,Official independent with at least 5% of formal first preferences.,Needs subjective review,82.00%,18.00%,12874,Strong ALP flow,,12,,,,,,,,
2025,QLD,252,Dickson,40931,8,David Zaloudek,HMP,Legalise Cannabis Party,2950,2.79%,N,N,OTH,OTH_HMP,OTH,OTH_HMP,CENTRE_LEFT,Minor-party or unaffiliated candidate; ideology requires review.,Needs subjective review,72.20%,27.80%,2950,Strong ALP flow,,12,,,,,,,,
2025,QLD,252,Dickson,41539,9,Maureen Brohman,AJP,Animal Justice Party,936,0.89%,N,N,OTH,OTH_AJP,OTH,OTH_AJP,CENTRE_LEFT,Minor-party or unaffiliated candidate; ideology requires review.,Needs subjective review,70.30%,29.70%,936,Strong ALP flow,,12,,,,,,,,
2025,QLD,159,Fadden,40645,1,Dennis Pukallus,CEC,Citizens Party,1169,1.05%,N,N,OTH,OTH_CEC,OTH,OTH_CEC,CENTRE,Minor-party or unaffiliated candidate; ideology requires review.,Needs subjective review,77.80%,22.20%,1169,Strong ALP flow,ALP,14,,,,,,,,
2025,QLD,159,Fadden,40746,2,Letitia Del Fabbro,ALP,Australian Labor Party,30526,27.40%,N,N,ALP,ALP,ALP,ALP,,Official Labor affiliation.,Auto-classified,,,,,,,,,,,,,,
2025,QLD,159,Fadden,40943,3,Nick Muir,ON,Pauline Hanson's One Nation,8896,7.99%,N,N,ON,ON,ON,ON,,Official One Nation affiliation.,Auto-classified,25.40%,74.60%,8896,Strong Coalition flow,,14,,,,,,,,
2025,QLD,159,Fadden,41385,4,Nathan O'Brien,CYA,Trumpet of Patriots,4561,4.09%,N,N,OTH,OTH_CYA,OTH,OTH_CYA,RIGHT,Minor-party or unaffiliated candidate; ideology requires review.,Needs subjective review,37.90%,62.10%,4561,Coalition-leaning,,14,,,,,,,,
2025,QLD,159,Fadden,37695,5,Stewart Brooker,IND,Independent,3124,2.80%,N,N,OTH,IND_MINOR,OTH,IND_MINOR,CENTRE_LEFT,Official independent below 5% of formal first preferences.,Needs subjective review,66.90%,33.10%,3124,ALP-leaning,,14,,,,,,,,
2025,QLD,159,Fadden,41276,6,Andrew Stimson,GRN,The Greens,10359,9.30%,N,N,GRN,GRN,GRN,GRN,,Official Greens affiliation.,Auto-classified,83.60%,16.40%,10359,Strong ALP flow,,14,,,,,,,,
2025,QLD,159,Fadden,40886,7,Patricia Martin,FFPA,Family First,2198,1.97%,N,N,OTH,OTH_FFPA,OTH,OTH_FFPA,RIGHT,Minor-party or unaffiliated candidate; ideology requires review.,Needs subjective review,38.50%,61.50%,2198,Coalition-leaning,,14,,,,,,,,
2025,QLD,159,Fadden,41211,8,Cameron Caldwell,LNP,LNP,45627,40.96%,Y,Y,LNP,LNP,LNP,LNP,,Official Coalition affiliation.,Auto-classified,,,,,,,,,,,,,,
2025,QLD,159,Fadden,40968,9,John Armfield,GRPF,Gerard Rennick People First,4938,4.43%,N,N,OTH,OTH_GRPF,OTH,OTH_GRPF,RIGHT,Minor-party or unaffiliated candidate; ideology requires review.,Needs subjective review,20.50%,79.50%,4938,Strong Coalition flow,,14,,,,,,,,
2025,QLD,160,Fairfax,40946,1,Beatrice Marsh,ON,Pauline Hanson's One Nation,8232,7.41%,N,N,ON,ON,ON,ON,,Official One Nation affiliation.,Auto-classified,26.60%,73.40%,8232,Strong Coalition flow,ALP,14,,,,,,,,
2025,QLD,160,Fairfax,40651,2,Francine Wiig,IND,Independent,13085,11.78%,N,N,IND,IND_PROMINENT,IND,IND_PROMINENT,CENTRE_LEFT,Official independent with at least 5% of formal first preferences.,Needs subjective review,72.70%,27.30%,13085,Strong ALP flow,,14,,,,,,,,
2025,QLD,160,Fairfax,40875,3,Rhys Sanderson,FFPA,Family First,3816,3.44%,N,N,OTH,OTH_FFPA,OTH,OTH_FFPA,RIGHT,Minor-party or unaffiliated candidate; ideology requires review.,Needs subjective review,24.10%,75.90%,3816,Strong Coalition flow,,14,,,,,,,,
2025,QLD,160,Fairfax,41279,4,Sue Etheridge,GRN,The Greens,11351,10.22%,N,N,GRN,GRN,GRN,GRN,,Official Greens affiliation.,Auto-classified,86.10%,13.90%,11351,Strong ALP flow,,14,,,,,,,,
2025,QLD,160,Fairfax,40749,5,Naomi Mcqueen,ALP,Australian Labor Party,27607,24.86%,N,N,ALP,ALP,ALP,ALP,,Official Labor affiliation.,Auto-classified,,,,,,,,,,,,,,
2025,QLD,160,Fairfax,41447,6,Paul Mckeown,IND,Independent,1819,1.64%,N,N,OTH,IND_MINOR,OTH,IND_MINOR,CENTRE,Official independent below 5% of formal first preferences.,Needs subjective review,47.40%,52.60%,1819,Neutral,,14,,,,,,,,
2025,QLD,160,Fairfax,41213,7,Ted O'Brien,LNP,LNP,42075,37.89%,Y,Y,LNP,LNP,LNP,LNP,,Official Coalition affiliation.,Auto-classified,,,,,,,,,,,,,,
2025,QLD,160,Fairfax,41395,8,Gregory Ryzy,CYA,Trumpet of Patriots,3063,2.76%,N,N,OTH,OTH_CYA,OTH,OTH_CYA,RIGHT,Minor-party or unaffiliated candidate; ideology requires review.,Needs subjective review,34.90%,65.10%,3063,Coalition-leaning,,14,,,,,,,,
2025,QLD,161,Fisher,40706,1,Keryn Jones,IND,Independent,19296,16.29%,N,N,IND,IND_PROMINENT,IND,IND_PROMINENT,CENTRE_LEFT,Official independent with at least 5% of formal first preferences.,Needs subjective review,61.50%,38.50%,19296,ALP-leaning,LNP,15,,,,,,,,
2025,QLD,161,Fisher,41282,2,Renay Wells,GRN,The Greens,11396,9.62%,N,N,GRN,GRN,GRN,GRN,,Official Greens affiliation.,Auto-classified,83.10%,16.90%,11396,Strong ALP flow,,15,,,,,,,,
2025,QLD,161,Fisher,41219,3,Andrew Wallace,LNP,LNP,44100,37.22%,Y,Y,LNP,LNP,LNP,LNP,,Official Coalition affiliation.,Auto-classified,,,,,,,,,,,,,,
2025,QLD,161,Fisher,41413,4,Denis Fricot,CYA,Trumpet of Patriots,3050,2.57%,N,N,OTH,OTH_CYA,OTH,OTH_CYA,RIGHT,Minor-party or unaffiliated candidate; ideology requires review.,Needs subjective review,37.20%,62.80%,3050,Coalition-leaning,,15,,,,,,,,
2025,QLD,161,Fisher,40761,5,Morrison Lakey,ALP,Australian Labor Party,26380,22.27%,N,N,ALP,ALP,ALP,ALP,,Official Labor affiliation.,Auto-classified,,,,,,,,,,,,,,
2025,QLD,161,Fisher,40970,6,James Pidgeon,GRPF,Gerard Rennick People First,4972,4.20%,N,N,OTH,OTH_GRPF,OTH,OTH_GRPF,RIGHT,Minor-party or unaffiliated candidate; ideology requires review.,Needs subjective review,19.20%,80.80%,4972,Strong Coalition flow,,15,,,,,,,,
2025,QLD,161,Fisher,40880,7,Bronwen Bolitho,FFPA,Family First,2079,1.75%,N,N,OTH,OTH_FFPA,OTH,OTH_FFPA,RIGHT,Minor-party or unaffiliated candidate; ideology requires review.,Needs subjective review,23.50%,76.50%,2079,Strong Coalition flow,,15,,,,,,,,
2025,QLD,161,Fisher,40949,8,Benjamin Kelly,ON,Pauline Hanson's One Nation,7199,6.08%,N,N,ON,ON,ON,ON,,Official One Nation affiliation.,Auto-classified,24.80%,75.20%,7199,Strong Coalition flow,,15,,,,,,,,
2025,QLD,311,Flynn,40615,1,John Anderson,IND,Independent,3130,3.21%,N,N,OTH,IND_MINOR,OTH,IND_MINOR,CENTRE_LEFT,Official independent below 5% of formal first preferences.,Needs subjective review,62.00%,38.00%,3130,ALP-leaning,ALP,15,,,,,,,,
2025,QLD,311,Flynn,40774,2,Helen Madell,ALP,Australian Labor Party,24441,25.06%,N,N,ALP,ALP,ALP,ALP,,Official Labor affiliation.,Auto-classified,,,,,,,,,,,,,,
2025,QLD,311,Flynn,41337,3,Peter Zunker,CYA,Trumpet of Patriots,3720,3.81%,N,N,OTH,OTH_CYA,OTH,OTH_CYA,RIGHT,Minor-party or unaffiliated candidate; ideology requires review.,Needs subjective review,37.70%,62.30%,3720,Coalition-leaning,,15,,,,,,,,
2025,QLD,311,Flynn,40888,4,Peter Dorian,FFPA,Family First,2408,2.47%,N,N,OTH,OTH_FFPA,OTH,OTH_FFPA,RIGHT,Minor-party or unaffiliated candidate; ideology requires review.,Needs subjective review,38.00%,62.00%,2408,Coalition-leaning,,15,,,,,,,,
2025,QLD,311,Flynn,41284,5,Paul Bambrick,GRN,The Greens,5547,5.69%,N,N,GRN,GRN,GRN,GRN,,Official Greens affiliation.,Auto-classified,80.20%,19.80%,5547,Strong ALP flow,,15,,,,,,,,
2025,QLD,311,Flynn,40966,6,Lance Price,GRPF,Gerard Rennick People First,6180,6.34%,N,N,OTH,OTH_GRPF,OTH,OTH_GRPF,RIGHT,Minor-party or unaffiliated candidate; ideology requires review.,Needs subjective review,18.90%,81.10%,6180,Strong Coalition flow,,15,,,,,,,,
2025,QLD,311,Flynn,17322,7,Duncan Scott,IND,Independent,1741,1.78%,N,N,OTH,IND_MINOR,OTH,IND_MINOR,CENTRE,Official independent below 5% of formal first preferences.,Needs subjective review,52.70%,47.30%,1741,Neutral,,15,,,,,,,,
2025,QLD,311,Flynn,41161,8,Colin Boyce,LNP,LNP,36502,37.42%,Y,Y,LNP,LNP,LNP,LNP,,Official Coalition affiliation.,Auto-classified,,,,,,,,,,,,,,
2025,QLD,311,Flynn,40934,9,David Harris,ON,Pauline Hanson's One Nation,13874,14.22%,N,N,ON,ON,ON,ON,,Official One Nation affiliation.,Auto-classified,25.50%,74.50%,13874,Strong Coalition flow,,15,,,,,,,,
2025,QLD,162,Forde,40891,1,Corneliu Pop,FFPA,Family First,5459,5.08%,N,N,OTH,OTH_FFPA,OTH,OTH_FFPA,RIGHT,Minor-party or unaffiliated candidate; ideology requires review.,Needs subjective review,27.70%,72.30%,5459,Strong Coalition flow,LNP,15,,,,,,,,
2025,QLD,162,Forde,41163,2,Bert Van Manen,LNP,LNP,33023,30.71%,N,Y,LNP,LNP,LNP,LNP,,Official Coalition affiliation.,Auto-classified,,,,,,,,,,,,,,
2025,QLD,162,Forde,41234,3,Kirsty Petersen,GRN,The Greens,12280,11.42%,N,N,GRN,GRN,GRN,GRN,,Official Greens affiliation.,Auto-classified,83.20%,16.80%,12280,Strong ALP flow,,15,,,,,,,,
2025,QLD,162,Forde,41344,4,Jacob Hiscock,CYA,Trumpet of Patriots,5041,4.69%,N,N,OTH,OTH_CYA,OTH,OTH_CYA,RIGHT,Minor-party or unaffiliated candidate; ideology requires review.,Needs subjective review,37.30%,62.70%,5041,Coalition-leaning,,15,,,,,,,,
2025,QLD,162,Forde,40732,5,Rowan Holzberger,ALP,Australian Labor Party,36821,34.24%,Y,N,ALP,ALP,ALP,ALP,,Official Labor affiliation.,Auto-classified,,,,,,,,,,,,,,
2025,QLD,162,Forde,40646,6,Alf De Hombre,CEC,Citizens Party,669,0.62%,N,N,OTH,OTH_CEC,OTH,OTH_CEC,CENTRE,Minor-party or unaffiliated candidate; ideology requires review.,Needs subjective review,54.10%,45.90%,669,Neutral,,15,,,,,,,,
2025,QLD,162,Forde,37414,7,Chris Greaves,IND,Independent,3186,2.96%,N,N,OTH,IND_MINOR,OTH,IND_MINOR,CENTRE,Official independent below 5% of formal first preferences.,Needs subjective review,56.90%,43.10%,3186,ALP-leaning,,15,,,,,,,,
2025,QLD,162,Forde,40937,8,Matthew Lambert,ON,Pauline Hanson's One Nation,11049,10.28%,N,N,ON,ON,ON,ON,,Official One Nation affiliation.,Auto-classified,27.60%,72.40%,11049,Strong Coalition flow,,15,,,,,,,,
2025,QLD,163,Griffith,41238,1,Max Chandler-Mather,GRN,The Greens,34570,31.65%,N,Y,GRN,GRN,GRN,GRN,,Official Greens affiliation.,Auto-classified,92.80%,7.20%,34570,Strong ALP flow,ALP,20,,,,,,,,
2025,QLD,163,Griffith,40940,2,Lindsay Bell,ON,Pauline Hanson's One Nation,2684,2.46%,N,N,ON,ON,ON,ON,,Official One Nation affiliation.,Auto-classified,25.50%,74.50%,2684,Strong Coalition flow,,20,ALP,GRN,70.50%,29.50%,2684,,19,
2025,QLD,163,Griffith,40739,3,Renee Coffey,ALP,Australian Labor Party,37686,34.51%,Y,N,ALP,ALP,ALP,ALP,,Official Labor affiliation.,Auto-classified,,,,,,,,,,,,,,
2025,QLD,163,Griffith,40969,4,Dion Hunt,GRPF,Gerard Rennick People First,2528,2.31%,N,N,OTH,OTH_GRPF,OTH,OTH_GRPF,RIGHT,Minor-party or unaffiliated candidate; ideology requires review.,Needs subjective review,26.10%,73.90%,2528,Strong Coalition flow,,20,ALP,GRN,71.50%,28.50%,2528,,19,
2025,QLD,163,Griffith,41038,5,Andrea Campbell,FFPA,Family First,1060,0.97%,N,N,OTH,OTH_FFPA,OTH,OTH_FFPA,RIGHT,Minor-party or unaffiliated candidate; ideology requires review.,Needs subjective review,36.10%,63.90%,1060,Coalition-leaning,,20,ALP,GRN,71.50%,28.50%,1060,,19,
2025,QLD,163,Griffith,41167,6,Anthony Bishop,LNP,LNP,29025,26.58%,N,N,LNP,LNP,LNP,LNP,,Official Coalition affiliation.,Auto-classified,,,,,,,ALP,GRN,79.00%,21.00%,29025,,19,
2025,QLD,163,Griffith,41346,7,Aaron Hayes,CYA,Trumpet of Patriots,1659,1.52%,N,N,OTH,OTH_CYA,OTH,OTH_CYA,RIGHT,Minor-party or unaffiliated candidate; ideology requires review.,Needs subjective review,31.30%,68.70%,1659,Coalition-leaning,,20,ALP,GRN,64.30%,35.70%,1659,,19,
2025,QLD,164,Groom,36178,1,Suzie Holt,IND,Independent,17694,17.14%,N,N,IND,IND_PROMINENT,IND,IND_PROMINENT,CENTRE_LEFT,Official independent with at least 5% of formal first preferences.,Needs subjective review,60.10%,39.90%,17694,ALP-leaning,LNP,20,,,,,,,,
2025,QLD,164,Groom,40942,2,Rebecca Konz,ON,Pauline Hanson's One Nation,9860,9.55%,N,N,ON,ON,ON,ON,,Official One Nation affiliation.,Auto-classified,18.30%,81.70%,9860,Strong Coalition flow,,20,LNP,IND,56.20%,43.80%,9860,,20,
2025,QLD,164,Groom,40896,3,Alexandra Todd,FFPA,Family First,3894,3.77%,N,N,OTH,OTH_FFPA,OTH,OTH_FFPA,RIGHT,Minor-party or unaffiliated candidate; ideology requires review.,Needs subjective review,17.20%,82.80%,3894,Strong Coalition flow,,20,LNP,IND,64.10%,35.90%,3894,,20,
2025,QLD,164,Groom,41242,4,Alyce Nelligan,GRN,The Greens,5757,5.58%,N,N,GRN,GRN,GRN,GRN,,Official Greens affiliation.,Auto-classified,80.60%,19.40%,5757,Strong ALP flow,,20,LNP,IND,16.40%,83.60%,5757,,20,
2025,QLD,164,Groom,41173,5,Garth Hamilton,LNP,LNP,42302,40.98%,Y,Y,LNP,LNP,LNP,LNP,,Official Coalition affiliation.,Auto-classified,,,,,,,,,,,,,,
2025,QLD,164,Groom,37615,6,Kirstie Smolenski,IND,Independent,3701,3.59%,N,N,OTH,IND_MINOR,OTH,IND_MINOR,CENTRE,Official independent below 5% of formal first preferences.,Needs subjective review,55.00%,45.00%,3701,ALP-leaning,,20,LNP,IND,25.50%,74.50%,3701,,20,
2025,QLD,164,Groom,41349,7,Jamie Marr,CYA,Trumpet of Patriots,2839,2.75%,N,N,OTH,OTH_CYA,OTH,OTH_CYA,RIGHT,Minor-party or unaffiliated candidate; ideology requires review.,Needs subjective review,30.70%,69.30%,2839,Coalition-leaning,,20,LNP,IND,40.80%,59.20%,2839,,20,
2025,QLD,164,Groom,40741,8,Richard Edwards,ALP,Australian Labor Party,17172,16.64%,N,N,ALP,ALP,ALP,ALP,,Official Labor affiliation.,Auto-classified,,,,,,,LNP,IND,23.70%,76.30%,17172,,20,
2025,QLD,165,Herbert,41178,1,Phillip Thompson,LNP,LNP,47941,48.74%,Y,Y,LNP,LNP,LNP,LNP,,Official Coalition affiliation.,Auto-classified,,,,,,,,,,,,,,
2025,QLD,165,Herbert,41354,2,Martin Brewster,CYA,Trumpet of Patriots,2173,2.21%,N,N,OTH,OTH_CYA,OTH,OTH_CYA,RIGHT,Minor-party or unaffiliated candidate; ideology requires review.,Needs subjective review,32.70%,67.30%,2173,Coalition-leaning,,21,,,,,,,,
2025,QLD,165,Herbert,40973,3,Felicity Cole,GRPF,Gerard Rennick People First,3255,3.31%,N,N,OTH,OTH_GRPF,OTH,OTH_GRPF,RIGHT,Minor-party or unaffiliated candidate; ideology requires review.,Needs subjective review,23.30%,76.70%,3255,Strong Coalition flow,,21,,,,,,,,
2025,QLD,165,Herbert,40745,4,Edwina Andrew,ALP,Australian Labor Party,22646,23.02%,N,N,ALP,ALP,ALP,ALP,,Official Labor affiliation.,Auto-classified,,,,,,,,,,,,,,
2025,QLD,165,Herbert,41245,5,Chris Evans,GRN,The Greens,9228,9.38%,N,N,GRN,GRN,GRN,GRN,,Official Greens affiliation.,Auto-classified,83.50%,16.50%,9228,Strong ALP flow,,21,,,,,,,,
2025,QLD,165,Herbert,40900,6,Felicity Roser,FFPA,Family First,1460,1.48%,N,N,OTH,OTH_FFPA,OTH,OTH_FFPA,RIGHT,Minor-party or unaffiliated candidate; ideology requires review.,Needs subjective review,38.20%,61.80%,1460,Coalition-leaning,,21,,,,,,,,
2025,QLD,165,Herbert,40945,7,Ross Macdonald,ON,Pauline Hanson's One Nation,5100,5.18%,N,N,ON,ON,ON,ON,,Official One Nation affiliation.,Auto-classified,23.80%,76.20%,5100,Strong Coalition flow,,21,,,,,,,,
2025,QLD,165,Herbert,42011,8,Darryn Casson,KAP,Katter's Australian Party (KAP),6559,6.67%,N,N,OTH,OTH_KAP,OTH,OTH_KAP,CENTRE_RIGHT,Minor-party or unaffiliated candidate; ideology requires review.,Needs subjective review,36.50%,63.50%,6559,Coalition-leaning,,21,,,,,,,,
2025,QLD,166,Hinkler,41249,1,Andrew Mclean,GRN,The Greens,8000,7.31%,N,N,GRN,GRN,GRN,GRN,,Official Greens affiliation.,Auto-classified,69.00%,31.00%,8000,ALP-leaning,LNP,21,,,,,,,,
2025,QLD,166,Hinkler,41182,2,David Batt,LNP,LNP,41569,38.01%,Y,N,LNP,LNP,LNP,LNP,,Official Coalition affiliation.,Auto-classified,,,,,,,,,,,,,,
2025,QLD,166,Hinkler,41667,3,Michael O'Brien,IND,Independent,3201,2.93%,N,N,OTH,IND_MINOR,OTH,IND_MINOR,CENTRE,Official independent below 5% of formal first preferences.,Needs subjective review,51.10%,48.90%,3201,Neutral,,21,,,,,,,,
2025,QLD,166,Hinkler,40751,4,Trish Mears,ALP,Australian Labor Party,34104,31.18%,N,N,ALP,ALP,ALP,ALP,,Official Labor affiliation.,Auto-classified,,,,,,,,,,,,,,
2025,QLD,166,Hinkler,40902,5,Kerry Petrus,FFPA,Family First,3778,3.45%,N,N,OTH,OTH_FFPA,OTH,OTH_FFPA,RIGHT,Minor-party or unaffiliated candidate; ideology requires review.,Needs subjective review,30.00%,70.00%,3778,Coalition-leaning,,21,,,,,,,,
2025,QLD,166,Hinkler,40948,6,Tyler Carman,ON,Pauline Hanson's One Nation,14498,13.26%,N,N,ON,ON,ON,ON,,Official One Nation affiliation.,Auto-classified,26.10%,73.90%,14498,Strong Coalition flow,,21,,,,,,,,
2025,QLD,166,Hinkler,41360,7,Robert Blohberger,CYA,Trumpet of Patriots,4220,3.86%,N,N,OTH,OTH_CYA,OTH,OTH_CYA,RIGHT,Minor-party or unaffiliated candidate; ideology requires review.,Needs subjective review,39.40%,60.60%,4220,Coalition-leaning,,21,,,,,,,,
2025,QLD,167,Kennedy,41184,1,Annette Swaine,LNP,LNP,23135,23.81%,N,N,LNP,LNP,LNP,LNP,,Official Coalition affiliation.,Auto-classified,,,,,,,,,,,,,,
2025,QLD,167,Kennedy,40636,2,Steven Clare,IND,Independent,1625,1.67%,N,N,OTH,IND_MINOR,OTH,IND_MINOR,CENTRE,Official independent below 5% of formal first preferences.,Needs subjective review,53.10%,46.90%,1625,Neutral,,24,LNP,KAP,43.60%,56.40%,1625,,23,
2025,QLD,167,Kennedy,41255,3,Carole Stanford,GRN,The Greens,5761,5.93%,N,N,GRN,GRN,GRN,GRN,,Official Greens affiliation.,Auto-classified,82.30%,17.70%,5761,Strong ALP flow,,24,LNP,KAP,40.50%,59.50%,5761,,23,
2025,QLD,167,Kennedy,40899,4,Douglas Lush,FFPA,Family First,1681,1.73%,N,N,OTH,OTH_FFPA,OTH,OTH_FFPA,RIGHT,Minor-party or unaffiliated candidate; ideology requires review.,Needs subjective review,35.70%,64.30%,1681,Coalition-leaning,,24,LNP,KAP,34.10%,65.90%,1681,,23,
2025,QLD,167,Kennedy,40950,5,Kate Harris,ON,Pauline Hanson's One Nation,7541,7.76%,N,N,ON,ON,ON,ON,,Official One Nation affiliation.,Auto-classified,22.60%,77.40%,7541,Strong Coalition flow,,24,LNP,KAP,26.50%,73.50%,7541,,23,
2025,QLD,167,Kennedy,40760,6,Sharon Winn,ALP,Australian Labor Party,15917,16.38%,N,N,ALP,ALP,ALP,ALP,,Official Labor affiliation.,Auto-classified,,,,,,,LNP,KAP,24.80%,75.20%,15917,,23,
2025,QLD,167,Kennedy,41364,7,Mark Westcott,CYA,Trumpet of Patriots,2283,2.35%,N,N,OTH,OTH_CYA,OTH,OTH_CYA,RIGHT,Minor-party or unaffiliated candidate; ideology requires review.,Needs subjective review,33.20%,66.80%,2283,Coalition-leaning,,24,LNP,KAP,25.20%,74.80%,2283,,23,
2025,QLD,167,Kennedy,40650,8,Bob Katter,KAP,Katter's Australian Party (KAP),39219,40.36%,Y,Y,OTH,OTH_KAP,OTH,OTH_KAP,CENTRE_RIGHT,Minor-party or unaffiliated candidate; ideology requires review.,Needs subjective review,38.10%,61.90%,39219,Coalition-leaning,,24,,,,,,,,
2025,QLD,168,Leichhardt,40935,1,Nicholas James Nigel Daniels,HMP,Legalise Cannabis Party,5359,5.67%,N,N,OTH,OTH_HMP,OTH,OTH_HMP,CENTRE_LEFT,Minor-party or unaffiliated candidate; ideology requires review.,Needs subjective review,70.10%,29.90%,5359,Strong ALP flow,ALP,25,,,,,,,,
2025,QLD,168,Leichhardt,40953,2,Robert Hicks,ON,Pauline Hanson's One Nation,7568,8.01%,N,N,ON,ON,ON,ON,,Official One Nation affiliation.,Auto-classified,25.70%,74.30%,7568,Strong Coalition flow,,25,,,,,,,,
2025,QLD,168,Leichhardt,42026,3,Lloyd Russell,LTP,Libertarian,942,1.00%,N,N,OTH,OTH_LTP,OTH,OTH_LTP,RIGHT,Minor-party or unaffiliated candidate; ideology requires review.,Needs subjective review,36.20%,63.80%,942,Coalition-leaning,,25,,,,,,,,
2025,QLD,168,Leichhardt,41835,4,Daniel Collins,KAP,Katter's Australian Party (KAP),5997,6.35%,N,N,OTH,OTH_KAP,OTH,OTH_KAP,CENTRE_RIGHT,Minor-party or unaffiliated candidate; ideology requires review.,Needs subjective review,34.70%,65.30%,5997,Coalition-leaning,,25,,,,,,,,
2025,QLD,168,Leichhardt,40771,5,Matt Smith,ALP,Australian Labor Party,34488,36.50%,Y,N,ALP,ALP,ALP,ALP,,Official Labor affiliation.,Auto-classified,,,,,,,,,,,,,,
2025,QLD,168,Leichhardt,40903,6,Les Searle,FFPA,Family First,1796,1.90%,N,N,OTH,OTH_FFPA,OTH,OTH_FFPA,RIGHT,Minor-party or unaffiliated candidate; ideology requires review.,Needs subjective review,40.20%,59.80%,1796,Coalition-leaning,,25,,,,,,,,
2025,QLD,168,Leichhardt,41187,7,Jeremy Neal,LNP,LNP,25746,27.25%,N,N,LNP,LNP,LNP,LNP,,Official Coalition affiliation.,Auto-classified,,,,,,,,,,,,,,
2025,QLD,168,Leichhardt,40621,8,Norman Miller,IND,Independent,1659,1.76%,N,N,OTH,IND_MINOR,OTH,IND_MINOR,CENTRE,Official independent below 5% of formal first preferences.,Needs subjective review,56.10%,43.90%,1659,ALP-leaning,,25,,,,,,,,
2025,QLD,168,Leichhardt,41258,9,Phillip Musumeci,GRN,The Greens,8776,9.29%,N,N,GRN,GRN,GRN,GRN,,Official Greens affiliation.,Auto-classified,89.60%,10.40%,8776,Strong ALP flow,,25,,,,,,,,
2025,QLD,168,Leichhardt,41374,10,Greg Ian Dowling,CYA,Trumpet of Patriots,2149,2.27%,N,N,OTH,OTH_CYA,OTH,OTH_CYA,RIGHT,Minor-party or unaffiliated candidate; ideology requires review.,Needs subjective review,39.10%,60.90%,2149,Coalition-leaning,,25,,,,,,,,
2025,QLD,169,Lilley,41376,1,Joshua Morrison,CYA,Trumpet of Patriots,3128,2.97%,N,N,OTH,OTH_CYA,OTH,OTH_CYA,RIGHT,Minor-party or unaffiliated candidate; ideology requires review.,Needs subjective review,43.50%,56.50%,3128,Coalition-leaning,ALP,25,,,,,,,,
2025,QLD,169,Lilley,40777,2,Anika Wells,ALP,Australian Labor Party,48582,46.08%,Y,Y,ALP,ALP,ALP,ALP,,Official Labor affiliation.,Auto-classified,,,,,,,,,,,,,,
2025,QLD,169,Lilley,41290,3,Melissa Stevens,GRN,The Greens,17294,16.40%,N,N,GRN,GRN,GRN,GRN,,Official Greens affiliation.,Auto-classified,92.50%,7.50%,17294,Strong ALP flow,,25,,,,,,,,
2025,QLD,169,Lilley,40904,4,Alan Denaro,FFPA,Family First,2746,2.60%,N,N,OTH,OTH_FFPA,OTH,OTH_FFPA,RIGHT,Minor-party or unaffiliated candidate; ideology requires review.,Needs subjective review,32.20%,67.80%,2746,Coalition-leaning,,25,,,,,,,,
2025,QLD,169,Lilley,40956,5,Michelle Mckay,ON,Pauline Hanson's One Nation,4485,4.25%,N,N,ON,ON,ON,ON,,Official One Nation affiliation.,Auto-classified,27.00%,73.00%,4485,Strong Coalition flow,,25,,,,,,,,
2025,QLD,169,Lilley,41190,6,Kimberley Washington,LNP,LNP,29205,27.70%,N,N,LNP,LNP,LNP,LNP,,Official Coalition affiliation.,Auto-classified,,,,,,,,,,,,,,
2025,QLD,302,Longman,41194,1,Terry Young,LNP,LNP,43960,36.05%,Y,Y,LNP,LNP,LNP,LNP,,Official Coalition affiliation.,Auto-classified,,,,,,,,,,,,,,
2025,QLD,302,Longman,40910,2,Malachi Brogden Hearne,FFPA,Family First,4670,3.83%,N,N,OTH,OTH_FFPA,OTH,OTH_FFPA,RIGHT,Minor-party or unaffiliated candidate; ideology requires review.,Needs subjective review,36.90%,63.10%,4670,Coalition-leaning,,26,,,,,,,,
2025,QLD,302,Longman,40780,3,Rhiannyn Douglas,ALP,Australian Labor Party,43238,35.46%,N,N,ALP,ALP,ALP,ALP,,Official Labor affiliation.,Auto-classified,,,,,,,,,,,,,,
2025,QLD,302,Longman,41382,4,Benjamin Wood,CYA,Trumpet of Patriots,5985,4.91%,N,N,OTH,OTH_CYA,OTH,OTH_CYA,RIGHT,Minor-party or unaffiliated candidate; ideology requires review.,Needs subjective review,39.90%,60.10%,5985,Coalition-leaning,,26,,,,,,,,
2025,QLD,302,Longman,40959,5,Peter Mccasker,ON,Pauline Hanson's One Nation,12062,9.89%,N,N,ON,ON,ON,ON,,Official One Nation affiliation.,Auto-classified,28.20%,71.80%,12062,Strong Coalition flow,,26,,,,,,,,
2025,QLD,302,Longman,41263,6,Gabrielle Unverzagt,GRN,The Greens,12014,9.85%,N,N,GRN,GRN,GRN,GRN,,Official Greens affiliation.,Auto-classified,83.90%,16.10%,12014,Strong ALP flow,,26,,,,,,,,
2025,QLD,170,Maranoa,40975,1,Rod Draper,GRPF,Gerard Rennick People First,5552,5.68%,N,N,OTH,OTH_GRPF,OTH,OTH_GRPF,RIGHT,Minor-party or unaffiliated candidate; ideology requires review.,Needs subjective review,18.80%,81.20%,5552,Strong Coalition flow,LNP,28,LNP,ONP,29.50%,70.50%,5552,LNP,28,
2025,QLD,170,Maranoa,41162,2,David Littleproud,LNP,LNP,51947,53.18%,Y,Y,LNP,LNP,LNP,LNP,,Official Coalition affiliation.,Auto-classified,,,,,,,,,,,,,,
2025,QLD,170,Maranoa,41274,3,Elizabeth Johnston,GRN,The Greens,5032,5.15%,N,N,GRN,GRN,GRN,GRN,,Official Greens affiliation.,Auto-classified,76.20%,23.80%,5032,Strong ALP flow,,28,LNP,ONP,64.70%,35.30%,5032,,28,
2025,QLD,170,Maranoa,40690,4,Michael Offerdahl,LTP,Libertarian,1897,1.94%,N,N,OTH,OTH_LTP,OTH,OTH_LTP,RIGHT,Minor-party or unaffiliated candidate; ideology requires review.,Needs subjective review,26.60%,73.40%,1897,Strong Coalition flow,,28,LNP,ONP,39.80%,60.20%,1897,,28,
2025,QLD,170,Maranoa,40912,5,John Matthew Whittle,FFPA,Family First,2802,2.87%,N,N,OTH,OTH_FFPA,OTH,OTH_FFPA,RIGHT,Minor-party or unaffiliated candidate; ideology requires review.,Needs subjective review,28.20%,71.80%,2802,Strong Coalition flow,,28,LNP,ONP,40.50%,59.50%,2802,,28,
2025,QLD,170,Maranoa,40787,6,Alex Newman,ALP,Australian Labor Party,15675,16.05%,N,N,ALP,ALP,ALP,ALP,,Official Labor affiliation.,Auto-classified,,,,,,,LNP,ONP,57.90%,42.10%,15675,,28,
2025,QLD,170,Maranoa,41351,7,Jonathan Allen Cumes,CYA,Trumpet of Patriots,2764,2.83%,N,N,OTH,OTH_CYA,OTH,OTH_CYA,RIGHT,Minor-party or unaffiliated candidate; ideology requires review.,Needs subjective review,30.80%,69.20%,2764,Coalition-leaning,,28,LNP,ONP,24.20%,75.80%,2764,,28,
2025,QLD,170,Maranoa,41037,8,Sharon Duncan,ON,Pauline Hanson's One Nation,12018,12.30%,N,N,ON,ON,ON,ON,,Official One Nation affiliation.,Auto-classified,22.70%,77.30%,12018,Strong Coalition flow,,28,,,,,,,,
2025,QLD,171,McPherson,40680,1,Erchana Murray-Bartlett,IND,Independent,13366,13.75%,N,N,IND,IND_PROMINENT,IND,IND_PROMINENT,CENTRE_LEFT,Official independent with at least 5% of formal first preferences.,Needs subjective review,63.50%,36.50%,13366,ALP-leaning,LNP,29,,,,,,,,
2025,QLD,171,McPherson,41166,2,Leon Rebello,LNP,LNP,34918,35.92%,Y,N,LNP,LNP,LNP,LNP,,Official Coalition affiliation.,Auto-classified,,,,,,,,,,,,,,
2025,QLD,171,McPherson,41885,3,Michelle Faye,IND,Independent,1221,1.26%,N,N,OTH,IND_MINOR,OTH,IND_MINOR,CENTRE,Official independent below 5% of formal first preferences.,Needs subjective review,46.80%,53.20%,1221,Neutral,,29,,,,,,,,
2025,QLD,171,McPherson,41356,4,Max Creswick,CYA,Trumpet of Patriots,2681,2.76%,N,N,OTH,OTH_CYA,OTH,OTH_CYA,RIGHT,Minor-party or unaffiliated candidate; ideology requires review.,Needs subjective review,33.10%,66.90%,2681,Coalition-leaning,,29,,,,,,,,
2025,QLD,171,McPherson,41526,5,Jennifer Horsburgh,AJP,Animal Justice Party,1140,1.17%,N,N,OTH,OTH_AJP,OTH,OTH_AJP,CENTRE_LEFT,Minor-party or unaffiliated candidate; ideology requires review.,Needs subjective review,62.10%,37.90%,1140,ALP-leaning,,29,,,,,,,,
2025,QLD,171,McPherson,41277,6,Amanda Kennealy,GRN,The Greens,8175,8.41%,N,N,GRN,GRN,GRN,GRN,,Official Greens affiliation.,Auto-classified,86.40%,13.60%,8175,Strong ALP flow,,29,,,,,,,,
2025,QLD,171,McPherson,40944,7,Zyion Attiig,ON,Pauline Hanson's One Nation,4229,4.35%,N,N,ON,ON,ON,ON,,Official One Nation affiliation.,Auto-classified,20.50%,79.50%,4229,Strong Coalition flow,,29,,,,,,,,
2025,QLD,171,McPherson,40688,8,Gary Biggs,LTP,Libertarian,1432,1.47%,N,N,OTH,OTH_LTP,OTH,OTH_LTP,RIGHT,Minor-party or unaffiliated candidate; ideology requires review.,Needs subjective review,22.80%,77.20%,1432,Strong Coalition flow,,29,,,,,,,,
2025,QLD,171,McPherson,40939,9,Jeff Knipe,HMP,Legalise Cannabis Party,2751,2.83%,N,N,OTH,OTH_HMP,OTH,OTH_HMP,CENTRE_LEFT,Minor-party or unaffiliated candidate; ideology requires review.,Needs subjective review,58.10%,41.90%,2751,ALP-leaning,,29,,,,,,,,
2025,QLD,171,McPherson,40789,10,Alice Price,ALP,Australian Labor Party,22778,23.43%,N,N,ALP,ALP,ALP,ALP,,Official Labor affiliation.,Auto-classified,,,,,,,,,,,,,,
2025,QLD,171,McPherson,40977,11,Harry Hatzikalimnios,GRPF,Gerard Rennick People First,3158,3.25%,N,N,OTH,OTH_GRPF,OTH,OTH_GRPF,RIGHT,Minor-party or unaffiliated candidate; ideology requires review.,Needs subjective review,19.10%,80.90%,3158,Strong Coalition flow,,29,,,,,,,,
2025,QLD,171,McPherson,40906,12,Neena Tester,FFPA,Family First,1366,1.41%,N,N,OTH,OTH_FFPA,OTH,OTH_FFPA,RIGHT,Minor-party or unaffiliated candidate; ideology requires review.,Needs subjective review,29.20%,70.80%,1366,Strong Coalition flow,,29,,,,,,,,
2025,QLD,172,Moncrieff,40697,1,Nicole Arrowsmith,IND,Independent,7641,7.62%,N,N,IND,IND_PROMINENT,IND,IND_PROMINENT,CENTRE,Official independent with at least 5% of formal first preferences.,Needs subjective review,53.60%,46.40%,7641,Neutral,LNP,30,,,,,,,,
2025,QLD,172,Moncrieff,41459,2,Waddah Weld Ali,IND,Independent,1393,1.39%,N,N,OTH,IND_MINOR,OTH,IND_MINOR,CENTRE_LEFT,Official independent below 5% of formal first preferences.,Needs subjective review,63.30%,36.70%,1393,ALP-leaning,,30,,,,,,,,
2025,QLD,172,Moncrieff,41278,3,Sally Spain,GRN,The Greens,9558,9.53%,N,N,GRN,GRN,GRN,GRN,,Official Greens affiliation.,Auto-classified,81.00%,19.00%,9558,Strong ALP flow,,30,,,,,,,,
2025,QLD,172,Moncrieff,41174,4,Angie Bell,LNP,LNP,42047,41.91%,Y,Y,LNP,LNP,LNP,LNP,,Official Coalition affiliation.,Auto-classified,,,,,,,,,,,,,,
2025,QLD,172,Moncrieff,40947,5,Glen Wadsworth,ON,Pauline Hanson's One Nation,5894,5.87%,N,N,ON,ON,ON,ON,,Official One Nation affiliation.,Auto-classified,22.30%,77.70%,5894,Strong Coalition flow,,30,,,,,,,,
2025,QLD,172,Moncrieff,40908,6,Ruth Fea,FFPA,Family First,1645,1.64%,N,N,OTH,OTH_FFPA,OTH,OTH_FFPA,RIGHT,Minor-party or unaffiliated candidate; ideology requires review.,Needs subjective review,32.90%,67.10%,1645,Coalition-leaning,,30,,,,,,,,
2025,QLD,172,Moncrieff,40967,7,Natasha Anne Szorkovszky,GRPF,Gerard Rennick People First,3547,3.54%,N,N,OTH,OTH_GRPF,OTH,OTH_GRPF,RIGHT,Minor-party or unaffiliated candidate; ideology requires review.,Needs subjective review,19.00%,81.00%,3547,Strong Coalition flow,,30,,,,,,,,
2025,QLD,172,Moncrieff,40791,8,Blair Stuart,ALP,Australian Labor Party,24536,24.46%,N,N,ALP,ALP,ALP,ALP,,Official Labor affiliation.,Auto-classified,,,,,,,,,,,,,,
2025,QLD,172,Moncrieff,41368,9,Vic Naicker,CYA,Trumpet of Patriots,4065,4.05%,N,N,OTH,OTH_CYA,OTH,OTH_CYA,RIGHT,Minor-party or unaffiliated candidate; ideology requires review.,Needs subjective review,38.20%,61.80%,4065,Coalition-leaning,,30,,,,,,,,
2025,QLD,173,Moreton,41473,1,Christian John Julius,CYA,Trumpet of Patriots,2328,2.48%,N,N,OTH,OTH_CYA,OTH,OTH_CYA,RIGHT,Minor-party or unaffiliated candidate; ideology requires review.,Needs subjective review,46.60%,53.40%,2328,Neutral,ALP,31,,,,,,,,
2025,QLD,173,Moreton,40796,2,Julie-Ann Campbell,ALP,Australian Labor Party,39697,42.31%,Y,N,ALP,ALP,ALP,ALP,,Official Labor affiliation.,Auto-classified,,,,,,,,,,,,,,
2025,QLD,173,Moreton,40644,3,Max Hooper,CEC,Citizens Party,731,0.78%,N,N,OTH,OTH_CEC,OTH,OTH_CEC,CENTRE,Minor-party or unaffiliated candidate; ideology requires review.,Needs subjective review,68.70%,31.30%,731,ALP-leaning,,31,,,,,,,,
2025,QLD,173,Moreton,40971,4,Natarsha Billing,GRPF,Gerard Rennick People First,2243,2.39%,N,N,OTH,OTH_GRPF,OTH,OTH_GRPF,RIGHT,Minor-party or unaffiliated candidate; ideology requires review.,Needs subjective review,28.30%,71.70%,2243,Strong Coalition flow,,31,,,,,,,,
2025,QLD,173,Moreton,40911,5,Melinda Keller,FFPA,Family First,1682,1.79%,N,N,OTH,OTH_FFPA,OTH,OTH_FFPA,RIGHT,Minor-party or unaffiliated candidate; ideology requires review.,Needs subjective review,36.30%,63.70%,1682,Coalition-leaning,,31,,,,,,,,
2025,QLD,173,Moreton,41179,6,Henry Swindon,LNP,LNP,24132,25.72%,N,N,LNP,LNP,LNP,LNP,,Official Coalition affiliation.,Auto-classified,,,,,,,,,,,,,,
2025,QLD,173,Moreton,41286,7,Remah Naji,GRN,The Greens,20332,21.67%,N,N,GRN,GRN,GRN,GRN,,Official Greens affiliation.,Auto-classified,92.20%,7.80%,20332,Strong ALP flow,,31,,,,,,,,
2025,QLD,173,Moreton,40951,8,Grant Spork,ON,Pauline Hanson's One Nation,2686,2.86%,N,N,ON,ON,ON,ON,,Official One Nation affiliation.,Auto-classified,27.30%,72.70%,2686,Strong Coalition flow,,31,,,,,,,,
2025,QLD,174,Oxley,40800,1,Milton Dick,ALP,Australian Labor Party,54891,52.75%,Y,Y,ALP,ALP,ALP,ALP,,Official Labor affiliation.,Auto-classified,,,,,,,,,,,,,,
2025,QLD,174,Oxley,40952,2,Darren Baker,ON,Pauline Hanson's One Nation,5738,5.51%,N,N,ON,ON,ON,ON,,Official One Nation affiliation.,Auto-classified,31.60%,68.40%,5738,Coalition-leaning,,32,,,,,,,,
2025,QLD,174,Oxley,41465,3,Mike Head,,Unaffiliated,1435,1.38%,N,N,OTH,OTH_UNAFFILIATED,OTH,OTH_UNAFFILIATED,UNKNOWN,Minor-party or unaffiliated candidate; ideology requires review.,Needs subjective review,65.70%,34.30%,1435,ALP-leaning,,32,,,,,,,,
2025,QLD,174,Oxley,41397,4,Mark Maguire,CYA,Trumpet of Patriots,2985,2.87%,N,N,OTH,OTH_CYA,OTH,OTH_CYA,RIGHT,Minor-party or unaffiliated candidate; ideology requires review.,Needs subjective review,39.90%,60.10%,2985,Coalition-leaning,,32,,,,,,,,
2025,QLD,174,Oxley,41181,5,Kevin Burns,LNP,LNP,21976,21.12%,N,N,LNP,LNP,LNP,LNP,,Official Coalition affiliation.,Auto-classified,,,,,,,,,,,,,,
2025,QLD,174,Oxley,41281,6,Brandan Holt,GRN,The Greens,13979,13.43%,N,N,GRN,GRN,GRN,GRN,,Official Greens affiliation.,Auto-classified,87.00%,13.00%,13979,Strong ALP flow,,32,,,,,,,,
2025,QLD,174,Oxley,40913,7,William Tento,FFPA,Family First,3058,2.94%,N,N,OTH,OTH_FFPA,OTH,OTH_FFPA,RIGHT,Minor-party or unaffiliated candidate; ideology requires review.,Needs subjective review,33.00%,67.00%,3058,Coalition-leaning,,32,,,,,,,,
2025,QLD,175,Petrie,41403,1,Ryan Mensink,CYA,Trumpet of Patriots,4685,4.01%,N,N,OTH,OTH_CYA,OTH,OTH_CYA,RIGHT,Minor-party or unaffiliated candidate; ideology requires review.,Needs subjective review,41.90%,58.10%,4685,Coalition-leaning,ALP,34,,,,,,,,
2025,QLD,175,Petrie,40955,2,Nicole Shires,ON,Pauline Hanson's One Nation,7848,6.72%,N,N,ON,ON,ON,ON,,Official One Nation affiliation.,Auto-classified,27.70%,72.30%,7848,Strong Coalition flow,,34,,,,,,,,
2025,QLD,175,Petrie,40801,3,Emma Comer,ALP,Australian Labor Party,42538,36.42%,Y,N,ALP,ALP,ALP,ALP,,Official Labor affiliation.,Auto-classified,,,,,,,,,,,,,,
2025,QLD,175,Petrie,41185,4,Luke Howarth,LNP,LNP,44196,37.84%,N,Y,LNP,LNP,LNP,LNP,,Official Coalition affiliation.,Auto-classified,,,,,,,,,,,,,,
2025,QLD,175,Petrie,41288,5,Nikil Paul,GRN,The Greens,13802,11.82%,N,N,GRN,GRN,GRN,GRN,,Official Greens affiliation.,Auto-classified,85.40%,14.60%,13802,Strong ALP flow,,34,,,,,,,,
2025,QLD,175,Petrie,40894,6,Sharan Hall,FFPA,Family First,3723,3.19%,N,N,OTH,OTH_FFPA,OTH,OTH_FFPA,RIGHT,Minor-party or unaffiliated candidate; ideology requires review.,Needs subjective review,34.80%,65.20%,3723,Coalition-leaning,,34,,,,,,,,
2025,QLD,176,Rankin,40897,1,Carol Ordish,FFPA,Family First,3862,4.21%,N,N,OTH,OTH_FFPA,OTH,OTH_FFPA,RIGHT,Minor-party or unaffiliated candidate; ideology requires review.,Needs subjective review,32.30%,67.70%,3862,Coalition-leaning,LNP,34,,,,,,,,
2025,QLD,176,Rankin,40972,2,Lana Hudson,GRPF,Gerard Rennick People First,3416,3.73%,N,N,OTH,OTH_GRPF,OTH,OTH_GRPF,RIGHT,Minor-party or unaffiliated candidate; ideology requires review.,Needs subjective review,30.70%,69.30%,3416,Coalition-leaning,,34,,,,,,,,
2025,QLD,176,Rankin,41189,3,Paul Darwen,LNP,LNP,18101,19.75%,N,N,LNP,LNP,LNP,LNP,,Official Coalition affiliation.,Auto-classified,,,,,,,,,,,,,,
2025,QLD,176,Rankin,41283,4,Joshua Riethmuller,GRN,The Greens,10032,10.94%,N,N,GRN,GRN,GRN,GRN,,Official Greens affiliation.,Auto-classified,84.90%,15.10%,10032,Strong ALP flow,,34,,,,,,,,
2025,QLD,176,Rankin,40805,5,Jim Chalmers,ALP,Australian Labor Party,45303,49.42%,Y,Y,ALP,ALP,ALP,ALP,,Official Labor affiliation.,Auto-classified,,,,,,,,,,,,,,
2025,QLD,176,Rankin,41479,6,Alex Bainbridge,SAL,Socialist Alliance,1634,1.78%,N,N,OTH,OTH_SAL,OTH,OTH_SAL,LEFT,Minor-party or unaffiliated candidate; ideology requires review.,Needs subjective review,44.90%,55.10%,1634,Coalition-leaning,,34,,,,,,,,
2025,QLD,176,Rankin,40958,7,Kyle Lentz,ON,Pauline Hanson's One Nation,6021,6.57%,N,N,ON,ON,ON,ON,,Official One Nation affiliation.,Auto-classified,30.60%,69.40%,6021,Coalition-leaning,,34,,,,,,,,
2025,QLD,176,Rankin,41412,8,Janet Lindbom,CYA,Trumpet of Patriots,3300,3.60%,N,N,OTH,OTH_CYA,OTH,OTH_CYA,RIGHT,Minor-party or unaffiliated candidate; ideology requires review.,Needs subjective review,42.60%,57.40%,3300,Coalition-leaning,,34,,,,,,,,
2025,QLD,177,Ryan,40905,1,Donna Gallehawk,FFPA,Family First,1340,1.30%,N,N,OTH,OTH_FFPA,OTH,OTH_FFPA,RIGHT,Minor-party or unaffiliated candidate; ideology requires review.,Needs subjective review,39.60%,60.40%,1340,Coalition-leaning,ALP,35,LNP,GRN,65.00%,35.00%,1340,GRN,35,
2025,QLD,177,Ryan,40807,2,Rebecca Hack,ALP,Australian Labor Party,29217,28.24%,N,N,ALP,ALP,ALP,ALP,,Official Labor affiliation.,Auto-classified,,,,,,,LNP,GRN,22.70%,77.30%,29217,,35,
2025,QLD,177,Ryan,40687,3,Gina Masterton,SOPA,FUSION | Planet Rescue | Whistleblower Protection | Innovation,1007,0.97%,N,N,OTH,OTH_SOPA,OTH,OTH_SOPA,LEFT,Minor-party or unaffiliated candidate; ideology requires review.,Needs subjective review,76.20%,23.80%,1007,Strong ALP flow,,35,LNP,GRN,24.20%,75.80%,1007,,35,
2025,QLD,177,Ryan,41285,4,Elizabeth Watson-Brown,GRN,The Greens,29986,28.98%,Y,Y,GRN,GRN,GRN,GRN,,Official Greens affiliation.,Auto-classified,92.80%,7.20%,29986,Strong ALP flow,,35,,,,,,,,
2025,QLD,177,Ryan,41192,5,Maggie Forrest,LNP,LNP,35806,34.61%,N,N,LNP,LNP,LNP,LNP,,Official Coalition affiliation.,Auto-classified,,,,,,,,,,,,,,
2025,QLD,177,Ryan,40974,6,N De Lapp,GRPF,Gerard Rennick People First,2407,2.33%,N,N,OTH,OTH_GRPF,OTH,OTH_GRPF,RIGHT,Minor-party or unaffiliated candidate; ideology requires review.,Needs subjective review,21.20%,78.80%,2407,Strong Coalition flow,,35,LNP,GRN,78.10%,21.90%,2407,,35,
2025,QLD,177,Ryan,41415,7,Ryan Hunt,CYA,Trumpet of Patriots,1372,1.33%,N,N,OTH,OTH_CYA,OTH,OTH_CYA,RIGHT,Minor-party or unaffiliated candidate; ideology requires review.,Needs subjective review,32.20%,67.80%,1372,Coalition-leaning,,35,LNP,GRN,73.60%,26.40%,1372,,35,
2025,QLD,177,Ryan,40960,8,Robbie Elsom,ON,Pauline Hanson's One Nation,2327,2.25%,N,N,ON,ON,ON,ON,,Official One Nation affiliation.,Auto-classified,22.90%,77.10%,2327,Strong Coalition flow,,35,LNP,GRN,82.20%,17.80%,2327,,35,
2025,QLD,178,Wide Bay,40909,1,Kirsti Kenningale,FFPA,Family First,5394,5.13%,N,N,OTH,OTH_FFPA,OTH,OTH_FFPA,RIGHT,Minor-party or unaffiliated candidate; ideology requires review.,Needs subjective review,35.70%,64.30%,5394,Coalition-leaning,ALP,40,,,,,,,,
2025,QLD,178,Wide Bay,40788,2,Elliott Chalmers,ALP,Australian Labor Party,27271,25.96%,N,N,ALP,ALP,ALP,ALP,,Official Labor affiliation.,Auto-classified,,,,,,,,,,,,,,
2025,QLD,178,Wide Bay,40961,3,Chad Burgess,ON,Pauline Hanson's One Nation,12646,12.04%,N,N,ON,ON,ON,ON,,Official One Nation affiliation.,Auto-classified,24.30%,75.70%,12646,Strong Coalition flow,,40,,,,,,,,
2025,QLD,178,Wide Bay,41195,4,Llew O'Brien,LNP,LNP,41055,39.08%,Y,Y,LNP,LNP,LNP,LNP,,Official Coalition affiliation.,Auto-classified,,,,,,,,,,,,,,
2025,QLD,178,Wide Bay,40717,5,Casey Iddon,IND,Independent,5090,4.84%,N,N,OTH,IND_MINOR,OTH,IND_MINOR,CENTRE_LEFT,Official independent below 5% of formal first preferences.,Needs subjective review,61.50%,38.50%,5090,ALP-leaning,,40,,,,,,,,
2025,QLD,178,Wide Bay,41287,6,Emma Buhse,GRN,The Greens,9080,8.64%,N,N,GRN,GRN,GRN,GRN,,Official Greens affiliation.,Auto-classified,82.60%,17.40%,9080,Strong ALP flow,,40,,,,,,,,
2025,QLD,178,Wide Bay,41428,7,Gabrial Pennicott,CYA,Trumpet of Patriots,4522,4.30%,N,N,OTH,OTH_CYA,OTH,OTH_CYA,RIGHT,Minor-party or unaffiliated candidate; ideology requires review.,Needs subjective review,35.80%,64.20%,4522,Coalition-leaning,,40,,,,,,,,
2025,QLD,316,Wright,40962,1,Natalie Davis,ON,Pauline Hanson's One Nation,18998,16.25%,N,N,ON,ON,ON,ON,,Official One Nation affiliation.,Auto-classified,22.20%,77.80%,18998,Strong Coalition flow,LNP,40,,,,,,,,
2025,QLD,316,Wright,41289,2,Nicole Thompson,GRN,The Greens,11128,9.52%,N,N,GRN,GRN,GRN,GRN,,Official Greens affiliation.,Auto-classified,82.90%,17.10%,11128,Strong ALP flow,,40,,,,,,,,
2025,QLD,316,Wright,40915,3,Julie Rose,FFPA,Family First,3179,2.72%,N,N,OTH,OTH_FFPA,OTH,OTH_FFPA,RIGHT,Minor-party or unaffiliated candidate; ideology requires review.,Needs subjective review,33.70%,66.30%,3179,Coalition-leaning,,40,,,,,,,,
2025,QLD,316,Wright,41433,4,Scott Thompson,CYA,Trumpet of Patriots,5864,5.02%,N,N,OTH,OTH_CYA,OTH,OTH_CYA,RIGHT,Minor-party or unaffiliated candidate; ideology requires review.,Needs subjective review,35.80%,64.20%,5864,Coalition-leaning,,40,,,,,,,,
2025,QLD,316,Wright,41199,5,Scott Buchholz,LNP,LNP,39809,34.06%,Y,Y,LNP,LNP,LNP,LNP,,Official Coalition affiliation.,Auto-classified,,,,,,,,,,,,,,
2025,QLD,316,Wright,40798,6,Pam Mccreadie,ALP,Australian Labor Party,29708,25.42%,N,N,ALP,ALP,ALP,ALP,,Official Labor affiliation.,Auto-classified,,,,,,,,,,,,,,
2025,QLD,316,Wright,41516,7,Chloe Leeanne Snyman,AJP,Animal Justice Party,2266,1.94%,N,N,OTH,OTH_AJP,OTH,OTH_AJP,CENTRE_LEFT,Minor-party or unaffiliated candidate; ideology requires review.,Needs subjective review,58.90%,41.10%,2266,ALP-leaning,,40,,,,,,,,
2025,QLD,316,Wright,40976,8,Justin Mcguiness,GRPF,Gerard Rennick People First,5928,5.07%,N,N,OTH,OTH_GRPF,OTH,OTH_GRPF,RIGHT,Minor-party or unaffiliated candidate; ideology requires review.,Needs subjective review,24.70%,75.30%,5928,Strong Coalition flow,,40,,,,,,,,
2025,SA,179,Adelaide,41809,1,Lionel Pengilley,AJP,Animal Justice Party,2745,2.41%,N,N,OTH,OTH_AJP,OTH,OTH_AJP,CENTRE_LEFT,Minor-party or unaffiliated candidate; ideology requires review.,Needs subjective review,78.20%,21.80%,2745,Strong ALP flow,ALP,2,,,,,,,,
2025,SA,179,Adelaide,41210,2,Steve Georganas,ALP,Australian Labor Party,53036,46.49%,Y,Y,ALP,ALP,ALP,ALP,,Official Labor affiliation.,Auto-classified,,,,,,,,,,,,,,
2025,SA,179,Adelaide,41039,3,Steve Marks,CYA,Trumpet of Patriots,3144,2.76%,N,N,OTH,OTH_CYA,OTH,OTH_CYA,RIGHT,Minor-party or unaffiliated candidate; ideology requires review.,Needs subjective review,41.90%,58.10%,3144,Coalition-leaning,,2,,,,,,,,
2025,SA,179,Adelaide,41013,4,Mat Monti,GRN,The Greens,21642,18.97%,N,N,GRN,GRN,GRN,GRN,,Official Greens affiliation.,Auto-classified,92.80%,7.20%,21642,Strong ALP flow,,2,,,,,,,,
2025,SA,179,Adelaide,41060,5,Matthew Mcmillan,SOPA,FUSION | Planet Rescue | Whistleblower Protection | Innovation,1367,1.20%,N,N,OTH,OTH_SOPA,OTH,OTH_SOPA,LEFT,Minor-party or unaffiliated candidate; ideology requires review.,Needs subjective review,76.00%,24.00%,1367,Strong ALP flow,,2,,,,,,,,
2025,SA,179,Adelaide,42034,6,Riley Size,ON,Pauline Hanson's One Nation,4584,4.02%,N,N,ON,ON,ON,ON,,Official One Nation affiliation.,Auto-classified,25.60%,74.40%,4584,Strong Coalition flow,,2,,,,,,,,
2025,SA,179,Adelaide,41014,7,Amy Grantham,LP,Liberal,27571,24.17%,N,N,LNP,LIB,LNP,LIB,,Official Coalition affiliation.,Auto-classified,,,,,,,,,,,,,,
2025,SA,180,Barker,41016,1,Tony Pasin,LP,Liberal,52460,48.26%,Y,Y,LNP,LIB,LNP,LIB,,Official Coalition affiliation.,Auto-classified,,,,,,,,,,,,,,
2025,SA,180,Barker,36466,2,Rosa Hillam,IND,Independent,1891,1.74%,N,N,OTH,IND_MINOR,OTH,IND_MINOR,CENTRE_LEFT,Official independent below 5% of formal first preferences.,Needs subjective review,60.10%,39.90%,1891,ALP-leaning,,3,,,,,,,,
2025,SA,180,Barker,40657,3,Jonathan Pietzsch,NP,National Party,1893,1.74%,N,N,LNP,NAT,LNP,NAT,,Official Coalition affiliation.,Auto-classified,20.40%,79.60%,1893,Strong Coalition flow,,3,,,,,,,,
2025,SA,180,Barker,41214,4,James Rothe,ALP,Australian Labor Party,24453,22.49%,N,N,ALP,ALP,ALP,ALP,,Official Labor affiliation.,Auto-classified,,,,,,,,,,,,,,
2025,SA,180,Barker,42023,5,Jennifer Troeth,ON,Pauline Hanson's One Nation,8908,8.19%,N,N,ON,ON,ON,ON,,Official One Nation affiliation.,Auto-classified,26.60%,73.40%,8908,Strong Coalition flow,,3,,,,,,,,
2025,SA,180,Barker,41048,6,Michael Brohier,FFPA,Family First,2781,2.56%,N,N,OTH,OTH_FFPA,OTH,OTH_FFPA,RIGHT,Minor-party or unaffiliated candidate; ideology requires review.,Needs subjective review,33.70%,66.30%,2781,Coalition-leaning,,3,,,,,,,,
2025,SA,180,Barker,40619,7,Ian Penno,IND,Independent,1516,1.39%,N,N,OTH,IND_MINOR,OTH,IND_MINOR,CENTRE,Official independent below 5% of formal first preferences.,Needs subjective review,49.30%,50.70%,1516,Neutral,,3,,,,,,,,
2025,SA,180,Barker,41041,8,Robert Jameson,CYA,Trumpet of Patriots,2983,2.74%,N,N,OTH,OTH_CYA,OTH,OTH_CYA,RIGHT,Minor-party or unaffiliated candidate; ideology requires review.,Needs subjective review,39.50%,60.50%,2983,Coalition-leaning,,3,,,,,,,,
2025,SA,180,Barker,41017,9,Major Moogy Sumner,GRN,The Greens,8866,8.16%,N,N,GRN,GRN,GRN,GRN,,Official Greens affiliation.,Auto-classified,81.90%,18.10%,8866,Strong ALP flow,,3,,,,,,,,
2025,SA,180,Barker,40674,10,Cody Scholes,IND,Independent,2963,2.73%,N,N,OTH,IND_MINOR,OTH,IND_MINOR,CENTRE_LEFT,Official independent below 5% of formal first preferences.,Needs subjective review,60.10%,39.90%,2963,ALP-leaning,,3,,,,,,,,
2025,SA,182,Boothby,41043,1,Nicole Hussey,CYA,Trumpet of Patriots,3250,2.77%,N,N,OTH,OTH_CYA,OTH,OTH_CYA,RIGHT,Minor-party or unaffiliated candidate; ideology requires review.,Needs subjective review,43.20%,56.80%,3250,Coalition-leaning,ALP,5,,,,,,,,
2025,SA,182,Boothby,41062,2,Samuel Prior,FFPA,Family First,2351,2.00%,N,N,OTH,OTH_FFPA,OTH,OTH_FFPA,RIGHT,Minor-party or unaffiliated candidate; ideology requires review.,Needs subjective review,37.00%,63.00%,2351,Coalition-leaning,,5,,,,,,,,
2025,SA,182,Boothby,42028,3,Tonya Scott,ON,Pauline Hanson's One Nation,3560,3.03%,N,N,ON,ON,ON,ON,,Official One Nation affiliation.,Auto-classified,29.30%,70.70%,3560,Strong Coalition flow,,5,,,,,,,,
2025,SA,182,Boothby,41197,4,Louise Miller-Frost,ALP,Australian Labor Party,50015,42.62%,Y,Y,ALP,ALP,ALP,ALP,,Official Labor affiliation.,Auto-classified,,,,,,,,,,,,,,
2025,SA,182,Boothby,41019,5,Joanna Wells,GRN,The Greens,20046,17.08%,N,N,GRN,GRN,GRN,GRN,,Official Greens affiliation.,Auto-classified,91.60%,8.40%,20046,Strong ALP flow,,5,,,,,,,,
2025,SA,182,Boothby,41021,6,Nicolle Flint,LP,Liberal,38117,32.48%,N,N,LNP,LIB,LNP,LIB,,Official Coalition affiliation.,Auto-classified,,,,,,,,,,,,,,
2025,SA,183,Grey,40658,1,Peter Borda,NP,National Party,3288,3.08%,N,N,LNP,NAT,LNP,NAT,,Official Coalition affiliation.,Auto-classified,59.20%,40.80%,3288,ALP-leaning,ALP,19,,,,,,,,
2025,SA,183,Grey,42024,2,Brandon Turton,ON,Pauline Hanson's One Nation,10652,9.97%,N,N,ON,ON,ON,ON,,Official One Nation affiliation.,Auto-classified,32.60%,67.40%,10652,Coalition-leaning,,19,,,,,,,,
2025,SA,183,Grey,41204,3,Karin Bolton,ALP,Australian Labor Party,24053,22.50%,N,N,ALP,ALP,ALP,ALP,,Official Labor affiliation.,Auto-classified,,,,,,,,,,,,,,
2025,SA,183,Grey,41051,4,Kylie Evans,FFPA,Family First,3856,3.61%,N,N,OTH,OTH_FFPA,OTH,OTH_FFPA,RIGHT,Minor-party or unaffiliated candidate; ideology requires review.,Needs subjective review,37.90%,62.10%,3856,Coalition-leaning,,19,,,,,,,,
2025,SA,183,Grey,41124,5,Anita Kuss,IND,Independent,18745,17.54%,N,N,IND,IND_PROMINENT,IND,IND_PROMINENT,CENTRE_LEFT,Official independent with at least 5% of formal first preferences.,Needs subjective review,60.60%,39.40%,18745,ALP-leaning,,19,,,,,,,,
2025,SA,183,Grey,41022,6,Kathryn Hardwick-Franco,GRN,The Greens,6323,5.92%,N,N,GRN,GRN,GRN,GRN,,Official Greens affiliation.,Auto-classified,81.30%,18.70%,6323,Strong ALP flow,,19,,,,,,,,
2025,SA,183,Grey,41024,7,Tom Venning,LP,Liberal,37287,34.89%,Y,N,LNP,LIB,LNP,LIB,,Official Coalition affiliation.,Auto-classified,,,,,,,,,,,,,,
2025,SA,183,Grey,41044,8,Laury Hendrik Bais,CYA,Trumpet of Patriots,2677,2.50%,N,N,OTH,OTH_CYA,OTH,OTH_CYA,RIGHT,Minor-party or unaffiliated candidate; ideology requires review.,Needs subjective review,39.00%,61.00%,2677,Coalition-leaning,,19,,,,,,,,
2025,SA,185,Hindmarsh,41045,1,Andrew Townsend,CYA,Trumpet of Patriots,4782,4.25%,N,N,OTH,OTH_CYA,OTH,OTH_CYA,RIGHT,Minor-party or unaffiliated candidate; ideology requires review.,Needs subjective review,32.70%,67.30%,4782,Coalition-leaning,LIB,21,,,,,,,,
2025,SA,185,Hindmarsh,41063,2,Adrien Aloe,SOPA,FUSION | Planet Rescue | Whistleblower Protection | Innovation,723,0.64%,N,N,OTH,OTH_SOPA,OTH,OTH_SOPA,LEFT,Minor-party or unaffiliated candidate; ideology requires review.,Needs subjective review,60.60%,39.40%,723,ALP-leaning,,21,,,,,,,,
2025,SA,185,Hindmarsh,41053,3,Alex Tennikoff,FFPA,Family First,2646,2.35%,N,N,OTH,OTH_FFPA,OTH,OTH_FFPA,RIGHT,Minor-party or unaffiliated candidate; ideology requires review.,Needs subjective review,31.00%,69.00%,2646,Coalition-leaning,,21,,,,,,,,
2025,SA,185,Hindmarsh,42033,4,Rocco Deangelis,ON,Pauline Hanson's One Nation,5594,4.97%,N,N,ON,ON,ON,ON,,Official One Nation affiliation.,Auto-classified,28.90%,71.10%,5594,Strong Coalition flow,,21,,,,,,,,
2025,SA,185,Hindmarsh,41027,5,Chris Lehmann,LP,Liberal,25984,23.10%,N,N,LNP,LIB,LNP,LIB,,Official Coalition affiliation.,Auto-classified,,,,,,,,,,,,,,
2025,SA,185,Hindmarsh,41813,6,Matt Pastro,AJP,Animal Justice Party,1565,1.39%,N,N,OTH,OTH_AJP,OTH,OTH_AJP,CENTRE_LEFT,Minor-party or unaffiliated candidate; ideology requires review.,Needs subjective review,73.00%,27.00%,1565,Strong ALP flow,,21,,,,,,,,
2025,SA,185,Hindmarsh,41458,7,Jake Hall-Evans,IND,Independent,1786,1.59%,N,N,OTH,IND_MINOR,OTH,IND_MINOR,CENTRE,Official independent below 5% of formal first preferences.,Needs subjective review,57.90%,42.10%,1786,ALP-leaning,,21,,,,,,,,
2025,SA,185,Hindmarsh,41207,8,Mark Butler,ALP,Australian Labor Party,54145,48.14%,Y,Y,ALP,ALP,ALP,ALP,,Official Labor affiliation.,Auto-classified,,,,,,,,,,,,,,
2025,SA,185,Hindmarsh,41025,9,Matthew Wright,GRN,The Greens,15246,13.56%,N,N,GRN,GRN,GRN,GRN,,Official Greens affiliation.,Auto-classified,90.90%,9.10%,15246,Strong ALP flow,,21,,,,,,,,
2025,SA,186,Kingston,41201,1,Amanda Rishworth,ALP,Australian Labor Party,59758,53.03%,Y,Y,ALP,ALP,ALP,ALP,,Official Labor affiliation.,Auto-classified,,,,,,,,,,,,,,
2025,SA,186,Kingston,42042,2,Nathan Skrlj,ON,Pauline Hanson's One Nation,7018,6.23%,N,N,ON,ON,ON,ON,,Official One Nation affiliation.,Auto-classified,29.10%,70.90%,7018,Strong Coalition flow,,24,,,,,,,,
2025,SA,186,Kingston,41026,3,John Photakis,GRN,The Greens,15149,13.44%,N,N,GRN,GRN,GRN,GRN,,Official Greens affiliation.,Auto-classified,90.40%,9.60%,15149,Strong ALP flow,,24,,,,,,,,
2025,SA,186,Kingston,41030,4,Jim Rishworth,LP,Liberal,20994,18.63%,N,N,LNP,LIB,LNP,LIB,,Official Coalition affiliation.,Auto-classified,,,,,,,,,,,,,,
2025,SA,186,Kingston,41054,5,Steven Price,FFPA,Family First,3560,3.16%,N,N,OTH,OTH_FFPA,OTH,OTH_FFPA,RIGHT,Minor-party or unaffiliated candidate; ideology requires review.,Needs subjective review,33.00%,67.00%,3560,Coalition-leaning,,24,,,,,,,,
2025,SA,186,Kingston,41046,6,Russell Patrick Jackson,CYA,Trumpet of Patriots,4165,3.70%,N,N,OTH,OTH_CYA,OTH,OTH_CYA,RIGHT,Minor-party or unaffiliated candidate; ideology requires review.,Needs subjective review,39.00%,61.00%,4165,Coalition-leaning,,24,,,,,,,,
2025,SA,186,Kingston,41797,7,Bin Liu,AJP,Animal Justice Party,2051,1.82%,N,N,OTH,OTH_AJP,OTH,OTH_AJP,CENTRE_LEFT,Minor-party or unaffiliated candidate; ideology requires review.,Needs subjective review,69.30%,30.70%,2051,ALP-leaning,,24,,,,,,,,
2025,SA,187,Makin,41802,1,Geoff Russell,AJP,Animal Justice Party,2524,2.38%,N,N,OTH,OTH_AJP,OTH,OTH_AJP,CENTRE_LEFT,Minor-party or unaffiliated candidate; ideology requires review.,Needs subjective review,51.30%,48.70%,2524,Neutral,LIB,27,,,,,,,,
2025,SA,187,Makin,41028,2,Samuel Moore,GRN,The Greens,13134,12.37%,N,N,GRN,GRN,GRN,GRN,,Official Greens affiliation.,Auto-classified,85.40%,14.60%,13134,Strong ALP flow,,27,,,,,,,,
2025,SA,187,Makin,41057,3,Sue Nancarrow,FFPA,Family First,3521,3.32%,N,N,OTH,OTH_FFPA,OTH,OTH_FFPA,RIGHT,Minor-party or unaffiliated candidate; ideology requires review.,Needs subjective review,31.60%,68.40%,3521,Coalition-leaning,,27,,,,,,,,
2025,SA,187,Makin,41047,4,Mark Aldridge,CYA,Trumpet of Patriots,4263,4.02%,N,N,OTH,OTH_CYA,OTH,OTH_CYA,RIGHT,Minor-party or unaffiliated candidate; ideology requires review.,Needs subjective review,35.60%,64.40%,4263,Coalition-leaning,,27,,,,,,,,
2025,SA,187,Makin,42036,5,Alison Dew-Fennell,ON,Pauline Hanson's One Nation,7152,6.74%,N,N,ON,ON,ON,ON,,Official One Nation affiliation.,Auto-classified,29.00%,71.00%,7152,Strong Coalition flow,,27,,,,,,,,
2025,SA,187,Makin,41071,6,Amelie Hanna,SOPA,FUSION | Planet Rescue | Whistleblower Protection | Innovation,919,0.87%,N,N,OTH,OTH_SOPA,OTH,OTH_SOPA,LEFT,Minor-party or unaffiliated candidate; ideology requires review.,Needs subjective review,70.20%,29.80%,919,Strong ALP flow,,27,,,,,,,,
2025,SA,187,Makin,41033,7,Irena Zagladov,LP,Liberal,23871,22.49%,N,N,LNP,LIB,LNP,LIB,,Official Coalition affiliation.,Auto-classified,,,,,,,,,,,,,,
2025,SA,187,Makin,41172,8,Tony Zappia,ALP,Australian Labor Party,50764,47.82%,Y,Y,ALP,ALP,ALP,ALP,,Official Labor affiliation.,Auto-classified,,,,,,,,,,,,,,
2025,SA,188,Mayo,41035,1,Zane Basic,LP,Liberal,29551,23.61%,N,N,LNP,LIB,LNP,LIB,,Official Coalition affiliation.,Auto-classified,,,,,,,,,,,,,,
2025,SA,188,Mayo,40653,2,Rebekha Sharkie,XEN,Centre Alliance,37453,29.92%,Y,Y,OTH,OTH_XEN,OTH,OTH_XEN,CENTRE,Minor-party or unaffiliated candidate; ideology requires review.,Needs subjective review,60.70%,39.30%,37453,ALP-leaning,,29,,,,,,,,
2025,SA,188,Mayo,41029,3,Genevieve Dawson-Scott,GRN,The Greens,17048,13.62%,N,N,GRN,GRN,GRN,GRN,,Official Greens affiliation.,Auto-classified,89.20%,10.80%,17048,Strong ALP flow,,29,ALP,CA,54.30%,45.70%,17048,,28,
2025,SA,188,Mayo,41058,4,Ben Hackett,FFPA,Family First,3397,2.71%,N,N,OTH,OTH_FFPA,OTH,OTH_FFPA,RIGHT,Minor-party or unaffiliated candidate; ideology requires review.,Needs subjective review,28.90%,71.10%,3397,Strong Coalition flow,,29,ALP,CA,33.00%,67.00%,3397,,28,
2025,SA,188,Mayo,41186,5,Marisa Bell,ALP,Australian Labor Party,26718,21.34%,N,N,ALP,ALP,ALP,ALP,,Official Labor affiliation.,Auto-classified,,,,,,,,,,,,,,
2025,SA,188,Mayo,42045,6,Rebecca Hewett,ON,Pauline Hanson's One Nation,7493,5.99%,N,N,ON,ON,ON,ON,,Official One Nation affiliation.,Auto-classified,25.20%,74.80%,7493,Strong Coalition flow,,29,ALP,CA,27.20%,72.80%,7493,,28,
2025,SA,188,Mayo,41049,7,Simeon Trump Bidwell,CYA,Trumpet of Patriots,3522,2.81%,N,N,OTH,OTH_CYA,OTH,OTH_CYA,RIGHT,Minor-party or unaffiliated candidate; ideology requires review.,Needs subjective review,36.90%,63.10%,3522,Coalition-leaning,,29,ALP,CA,27.40%,72.60%,3522,,28,
2025,SA,325,Spence,41031,1,Luke Skinner,GRN,The Greens,16166,14.49%,N,N,GRN,GRN,GRN,GRN,,Official Greens affiliation.,Auto-classified,77.20%,22.80%,16166,Strong ALP flow,LIB,36,,,,,,,,
2025,SA,325,Spence,41040,2,Daniel Wild,LP,Liberal,20852,18.69%,N,N,LNP,LIB,LNP,LIB,,Official Coalition affiliation.,Auto-classified,,,,,,,,,,,,,,
2025,SA,325,Spence,41817,3,Miranda Joyce Smith,AJP,Animal Justice Party,2343,2.10%,N,N,OTH,OTH_AJP,OTH,OTH_AJP,CENTRE_LEFT,Minor-party or unaffiliated candidate; ideology requires review.,Needs subjective review,61.80%,38.20%,2343,ALP-leaning,,36,,,,,,,,
2025,SA,325,Spence,40652,4,Kym Hanton,IND,Independent,2749,2.46%,N,N,OTH,IND_MINOR,OTH,IND_MINOR,CENTRE,Official independent below 5% of formal first preferences.,Needs subjective review,58.50%,41.50%,2749,ALP-leaning,,36,,,,,,,,
2025,SA,325,Spence,41198,5,Matt Burnell,ALP,Australian Labor Party,49463,44.33%,Y,Y,ALP,ALP,ALP,ALP,,Official Labor affiliation.,Auto-classified,,,,,,,,,,,,,,
2025,SA,325,Spence,42039,6,Darryl Bothe,ON,Pauline Hanson's One Nation,10654,9.55%,N,N,ON,ON,ON,ON,,Official One Nation affiliation.,Auto-classified,34.40%,65.60%,10654,Coalition-leaning,,36,,,,,,,,
2025,SA,325,Spence,41050,7,Paul Michael Morrell,CYA,Trumpet of Patriots,4454,3.99%,N,N,OTH,OTH_CYA,OTH,OTH_CYA,RIGHT,Minor-party or unaffiliated candidate; ideology requires review.,Needs subjective review,45.00%,55.00%,4454,Neutral,,36,,,,,,,,
2025,SA,325,Spence,41059,8,John William Bennett,FFPA,Family First,4901,4.39%,N,N,OTH,OTH_FFPA,OTH,OTH_FFPA,RIGHT,Minor-party or unaffiliated candidate; ideology requires review.,Needs subjective review,45.50%,54.50%,4901,Neutral,,36,,,,,,,,
2025,SA,190,Sturt,41209,1,Claire Clutterham,ALP,Australian Labor Party,41333,35.29%,Y,N,ALP,ALP,ALP,ALP,,Official Labor affiliation.,Auto-classified,,,,,,,,,,,,,,
2025,SA,190,Sturt,41061,2,nan Mervin Joshua,FFPA,Family First,2280,1.95%,N,N,OTH,OTH_FFPA,OTH,OTH_FFPA,RIGHT,Minor-party or unaffiliated candidate; ideology requires review.,Needs subjective review,31.60%,68.40%,2280,Coalition-leaning,,36,,,,,,,,
2025,SA,190,Sturt,41042,3,James Stevens,LP,Liberal,40228,34.34%,N,Y,LNP,LIB,LNP,LIB,,Official Coalition affiliation.,Auto-classified,,,,,,,,,,,,,,
2025,SA,190,Sturt,40618,4,Verity Cooper,IND,Independent,8413,7.18%,N,N,IND,IND_PROMINENT,IND,IND_PROMINENT,CENTRE_LEFT,Official independent with at least 5% of formal first preferences.,Needs subjective review,72.30%,27.70%,8413,Strong ALP flow,,36,,,,,,,,
2025,SA,190,Sturt,42052,5,Peter Bogatec,ON,Pauline Hanson's One Nation,4035,3.44%,N,N,ON,ON,ON,ON,,Official One Nation affiliation.,Auto-classified,20.90%,79.10%,4035,Strong Coalition flow,,36,,,,,,,,
2025,SA,190,Sturt,41052,6,Nicholas Duffield,CYA,Trumpet of Patriots,2553,2.18%,N,N,OTH,OTH_CYA,OTH,OTH_CYA,RIGHT,Minor-party or unaffiliated candidate; ideology requires review.,Needs subjective review,35.90%,64.10%,2553,Coalition-leaning,,36,,,,,,,,
2025,SA,190,Sturt,41034,7,Katie Mccusker,GRN,The Greens,18295,15.62%,N,N,GRN,GRN,GRN,GRN,,Official Greens affiliation.,Auto-classified,89.80%,10.20%,18295,Strong ALP flow,,36,,,,,,,,
2025,TAS,192,Bass,41546,1,Jess Teesdale,ALP,Australian Labor Party,28375,39.63%,Y,N,ALP,ALP,ALP,ALP,,Official Labor affiliation.,Auto-classified,,,,,,,,,,,,,,
2025,TAS,192,Bass,40738,2,Caroline Larner,CEC,Citizens Party,701,0.98%,N,N,OTH,OTH_CEC,OTH,OTH_CEC,CENTRE,Minor-party or unaffiliated candidate; ideology requires review.,Needs subjective review,55.60%,44.40%,701,ALP-leaning,,3,,,,,,,,
2025,TAS,192,Bass,40756,3,Bridget Kathleen Archer,LP,Liberal,22511,31.44%,N,Y,LNP,LIB,LNP,LIB,,Official Coalition affiliation.,Auto-classified,,,,,,,,,,,,,,
2025,TAS,192,Bass,42067,4,Jordan Potter,ON,Pauline Hanson's One Nation,4639,6.48%,N,N,ON,ON,ON,ON,,Official One Nation affiliation.,Auto-classified,31.00%,69.00%,4639,Coalition-leaning,,3,,,,,,,,
2025,TAS,192,Bass,41322,5,Charlene Mclennan,GRN,The Greens,9229,12.89%,N,N,GRN,GRN,GRN,GRN,,Official Greens affiliation.,Auto-classified,89.40%,10.60%,9229,Strong ALP flow,,3,,,,,,,,
2025,TAS,192,Bass,36070,6,George Razay,IND,Independent,3852,5.38%,N,N,IND,IND_PROMINENT,IND,IND_PROMINENT,CENTRE,Official independent with at least 5% of formal first preferences.,Needs subjective review,56.70%,43.30%,3852,ALP-leaning,,3,,,,,,,,
2025,TAS,192,Bass,42108,7,Ray Broomhall,CYA,Trumpet of Patriots,2287,3.19%,N,N,OTH,OTH_CYA,OTH,OTH_CYA,RIGHT,Minor-party or unaffiliated candidate; ideology requires review.,Needs subjective review,39.20%,60.80%,2287,Coalition-leaning,,3,,,,,,,,
2025,TAS,193,Braddon,42109,1,Stephen John Kenney,CYA,Trumpet of Patriots,3360,4.49%,N,N,OTH,OTH_CYA,OTH,OTH_CYA,RIGHT,Minor-party or unaffiliated candidate; ideology requires review.,Needs subjective review,48.90%,51.10%,3360,Neutral,ALP,5,,,,,,,,
2025,TAS,193,Braddon,41321,2,Erin Morrow,GRN,The Greens,6318,8.44%,N,N,GRN,GRN,GRN,GRN,,Official Greens affiliation.,Auto-classified,90.00%,10.00%,6318,Strong ALP flow,,5,,,,,,,,
2025,TAS,193,Braddon,42065,3,Christopher Methorst,ON,Pauline Hanson's One Nation,5709,7.63%,N,N,ON,ON,ON,ON,,Official One Nation affiliation.,Auto-classified,35.30%,64.70%,5709,Coalition-leaning,,5,,,,,,,,
2025,TAS,193,Braddon,41513,4,Anne Urquhart,ALP,Australian Labor Party,29579,39.52%,Y,N,ALP,ALP,ALP,ALP,,Official Labor affiliation.,Auto-classified,,,,,,,,,,,,,,
2025,TAS,193,Braddon,42059,5,Adam Martin,IND,Independent,6174,8.25%,N,N,IND,IND_PROMINENT,IND,IND_PROMINENT,CENTRE_LEFT,Official independent with at least 5% of formal first preferences.,Needs subjective review,62.90%,37.10%,6174,ALP-leaning,,5,,,,,,,,
2025,TAS,193,Braddon,40762,6,Mal Hingston,LP,Liberal,23700,31.67%,N,N,LNP,LIB,LNP,LIB,,Official Coalition affiliation.,Auto-classified,,,,,,,,,,,,,,
2025,TAS,319,Clark,33553,1,Andrew Wilkie,IND,Independent,33011,48.88%,Y,Y,IND,IND_PROMINENT,IND,IND_PROMINENT,LEFT,Official independent with at least 5% of formal first preferences.,Needs subjective review,76.90%,23.10%,33011,Strong ALP flow,LIB,9,,,,,,,,
2025,TAS,319,Clark,41157,2,Janet Shelley,GRN,The Greens,8908,13.19%,N,N,GRN,GRN,GRN,GRN,,Official Greens affiliation.,Auto-classified,89.90%,10.10%,8908,Strong ALP flow,,9,ALP,IND,28.00%,72.00%,8908,,9,
2025,TAS,319,Clark,40766,3,Marilena Di Florio,LP,Liberal,9239,13.68%,N,N,LNP,LIB,LNP,LIB,,Official Coalition affiliation.,Auto-classified,,,,,,,ALP,IND,32.90%,67.10%,9239,,9,
2025,TAS,319,Clark,41524,4,Heidi Heck,ALP,Australian Labor Party,13539,20.05%,N,N,ALP,ALP,ALP,ALP,,Official Labor affiliation.,Auto-classified,,,,,,,,,,,,,,
2025,TAS,319,Clark,42055,5,Cathy Griggs,ON,Pauline Hanson's One Nation,2834,4.20%,N,N,ON,ON,ON,ON,,Official One Nation affiliation.,Auto-classified,33.40%,66.60%,2834,Coalition-leaning,,9,ALP,IND,32.70%,67.30%,2834,,9,
2025,TAS,195,Franklin,40776,1,Josh Garvin,LP,Liberal,14403,18.84%,N,N,LNP,LIB,LNP,LIB,,Official Coalition affiliation.,Auto-classified,,,,,,,ALP,IND,51.80%,48.20%,14403,IND,16,
2025,TAS,195,Franklin,40655,2,Peter George,IND,Independent,16586,21.69%,N,N,IND,IND_PROMINENT,IND,IND_PROMINENT,LEFT,Official independent with at least 5% of formal first preferences.,Needs subjective review,78.90%,21.10%,16586,Strong ALP flow,,16,,,,,,,,
2025,TAS,195,Franklin,40733,3,Brendan Blomeley,IND,Independent,3822,5.00%,N,N,OTH,IND_MINOR,OTH,IND_MINOR,CENTRE,Official independent below 5% of formal first preferences.,Needs subjective review,46.90%,53.10%,3822,Neutral,,16,ALP,IND,49.50%,50.50%,3822,,16,
2025,TAS,195,Franklin,42053,4,Stefan Popescu,ON,Pauline Hanson's One Nation,3793,4.96%,N,N,ON,ON,ON,ON,,Official One Nation affiliation.,Auto-classified,29.40%,70.60%,3793,Strong Coalition flow,,16,ALP,IND,33.70%,66.30%,3793,,16,
2025,TAS,195,Franklin,41159,5,Owen Fitzgerald,GRN,The Greens,8016,10.48%,N,N,GRN,GRN,GRN,GRN,,Official Greens affiliation.,Auto-classified,90.50%,9.50%,8016,Strong ALP flow,,16,ALP,IND,46.20%,53.80%,8016,,16,
2025,TAS,195,Franklin,41533,6,Julie Collins,ALP,Australian Labor Party,29842,39.03%,Y,Y,ALP,ALP,ALP,ALP,,Official Labor affiliation.,Auto-classified,,,,,,,,,,,,,,
2025,TAS,196,Lyons,42110,1,Sarah Graham,CYA,Trumpet of Patriots,3628,4.72%,N,N,OTH,OTH_CYA,OTH,OTH_CYA,RIGHT,Minor-party or unaffiliated candidate; ideology requires review.,Needs subjective review,36.20%,63.80%,3628,Coalition-leaning,LIB,26,,,,,,,,
2025,TAS,196,Lyons,40736,2,Michael Phibbs,CEC,Citizens Party,523,0.68%,N,N,OTH,OTH_CEC,OTH,OTH_CEC,CENTRE,Minor-party or unaffiliated candidate; ideology requires review.,Needs subjective review,44.90%,55.10%,523,Coalition-leaning,,26,,,,,,,,
2025,TAS,196,Lyons,41158,3,Alistair Allan,GRN,The Greens,8362,10.88%,N,N,GRN,GRN,GRN,GRN,,Official Greens affiliation.,Auto-classified,89.20%,10.80%,8362,Strong ALP flow,,26,,,,,,,,
2025,TAS,196,Lyons,40784,4,Susie Bower,LP,Liberal,20135,26.21%,N,N,LNP,LIB,LNP,LIB,,Official Coalition affiliation.,Auto-classified,,,,,,,,,,,,,,
2025,TAS,196,Lyons,42058,5,Shaun Broadby,ON,Pauline Hanson's One Nation,5165,6.72%,N,N,ON,ON,ON,ON,,Official One Nation affiliation.,Auto-classified,33.60%,66.40%,5165,Coalition-leaning,,26,,,,,,,,
2025,TAS,196,Lyons,40656,6,Angela Offord,IND,Independent,2462,3.20%,N,N,OTH,IND_MINOR,OTH,IND_MINOR,CENTRE_LEFT,Official independent below 5% of formal first preferences.,Needs subjective review,66.00%,34.00%,2462,ALP-leaning,,26,,,,,,,,
2025,TAS,196,Lyons,41838,7,Carlo Di Falco,ASP,"Shooters, Fishers and Farmers Party",3457,4.50%,N,N,OTH,OTH_ASP,OTH,OTH_ASP,CENTRE_RIGHT,Minor-party or unaffiliated candidate; ideology requires review.,Needs subjective review,53.50%,46.50%,3457,Neutral,,26,,,,,,,,
2025,TAS,196,Lyons,41538,8,Rebecca White,ALP,Australian Labor Party,33100,43.08%,Y,N,ALP,ALP,ALP,ALP,,Official Labor affiliation.,Auto-classified,,,,,,,,,,,,,,
2025,VIC,197,Aston,40786,1,Manny Cicchiello,LP,Liberal,41382,37.67%,N,N,LNP,LIB,LNP,LIB,,Official Coalition affiliation.,Auto-classified,,,,,,,,,,,,,,
2025,VIC,197,Aston,40809,2,Mary Doyle,ALP,Australian Labor Party,40926,37.26%,Y,Y,ALP,ALP,ALP,ALP,,Official Labor affiliation.,Auto-classified,,,,,,,,,,,,,,
2025,VIC,197,Aston,41529,3,Craig Manners,FFPA,Family First,3006,2.74%,N,N,OTH,OTH_FFPA,OTH,OTH_FFPA,RIGHT,Minor-party or unaffiliated candidate; ideology requires review.,Needs subjective review,30.50%,69.50%,3006,Coalition-leaning,,2,,,,,,,,
2025,VIC,197,Aston,41147,4,Andrew Williams,IND,Independent,2104,1.92%,N,N,OTH,IND_MINOR,OTH,IND_MINOR,CENTRE_LEFT,Official independent below 5% of formal first preferences.,Needs subjective review,61.20%,38.80%,2104,ALP-leaning,,2,,,,,,,,
2025,VIC,197,Aston,41307,5,David Fawcett,LTP,Libertarian,1059,0.96%,N,N,OTH,OTH_LTP,OTH,OTH_LTP,RIGHT,Minor-party or unaffiliated candidate; ideology requires review.,Needs subjective review,27.10%,72.90%,1059,Strong Coalition flow,,2,,,,,,,,
2025,VIC,197,Aston,42063,6,Mark Grondman,IND,Independent,2439,2.22%,N,N,OTH,IND_MINOR,OTH,IND_MINOR,LEFT,Official independent below 5% of formal first preferences.,Needs subjective review,74.90%,25.10%,2439,Strong ALP flow,,2,,,,,,,,
2025,VIC,197,Aston,41080,7,Reuben Steen,GVIC,The Greens,12669,11.53%,N,N,GRN,GRN,GRN,GRN,,Official Greens affiliation.,Auto-classified,90.90%,9.10%,12669,Strong ALP flow,,2,,,,,,,,
2025,VIC,197,Aston,41505,8,John De Wacht,ON,Pauline Hanson's One Nation,3738,3.40%,N,N,ON,ON,ON,ON,,Official One Nation affiliation.,Auto-classified,26.50%,73.50%,3738,Strong Coalition flow,,2,,,,,,,,
2025,VIC,197,Aston,41355,9,Steve Desveaux,CYA,Trumpet of Patriots,2526,2.30%,N,N,OTH,OTH_CYA,OTH,OTH_CYA,RIGHT,Minor-party or unaffiliated candidate; ideology requires review.,Needs subjective review,36.90%,63.10%,2526,Coalition-leaning,,2,,,,,,,,
2025,VIC,198,Ballarat,40785,1,Paula Doran,LP,Liberal,29883,28.59%,N,N,LNP,LIB,LNP,LIB,,Official Coalition affiliation.,Auto-classified,,,,,,,,,,,,,,
2025,VIC,198,Ballarat,41081,2,John Barnes,GVIC,The Greens,14984,14.33%,N,N,GRN,GRN,GRN,GRN,,Official Greens affiliation.,Auto-classified,91.30%,8.70%,14984,Strong ALP flow,,2,,,,,,,,
2025,VIC,198,Ballarat,41508,3,Terri Pryse-Smith,ON,Pauline Hanson's One Nation,8029,7.68%,N,N,ON,ON,ON,ON,,Official One Nation affiliation.,Auto-classified,27.10%,72.90%,8029,Strong Coalition flow,,2,,,,,,,,
2025,VIC,198,Ballarat,40839,4,Catherine King,ALP,Australian Labor Party,44273,42.35%,Y,Y,ALP,ALP,ALP,ALP,,Official Labor affiliation.,Auto-classified,,,,,,,,,,,,,,
2025,VIC,198,Ballarat,41833,5,Luke Parker,IND,Independent,2934,2.81%,N,N,OTH,IND_MINOR,OTH,IND_MINOR,CENTRE,Official independent below 5% of formal first preferences.,Needs subjective review,56.80%,43.20%,2934,ALP-leaning,,2,,,,,,,,
2025,VIC,198,Ballarat,41312,6,Ryan Redfern,LTP,Libertarian,1380,1.32%,N,N,OTH,OTH_LTP,OTH,OTH_LTP,RIGHT,Minor-party or unaffiliated candidate; ideology requires review.,Needs subjective review,32.20%,67.80%,1380,Coalition-leaning,,2,,,,,,,,
2025,VIC,198,Ballarat,41571,7,Ian Maxwell Harkness,FFPA,Family First,3057,2.92%,N,N,OTH,OTH_FFPA,OTH,OTH_FFPA,RIGHT,Minor-party or unaffiliated candidate; ideology requires review.,Needs subjective review,38.50%,61.50%,3057,Coalition-leaning,,2,,,,,,,,
2025,VIC,200,Bendigo,41569,1,Evelyn Keetelaar,FFPA,Family First,3153,2.96%,N,N,OTH,OTH_FFPA,OTH,OTH_FFPA,RIGHT,Minor-party or unaffiliated candidate; ideology requires review.,Needs subjective review,33.80%,66.20%,3153,Coalition-leaning,ALP,4,,,,,,,,
2025,VIC,200,Bendigo,41090,2,Avery Barnett-Dacey,GVIC,The Greens,12079,11.33%,N,N,GRN,GRN,GRN,GRN,,Official Greens affiliation.,Auto-classified,91.30%,8.70%,12079,Strong ALP flow,,4,,,,,,,,
2025,VIC,200,Bendigo,41520,3,Heather Freeman,ON,Pauline Hanson's One Nation,5262,4.94%,N,N,ON,ON,ON,ON,,Official One Nation affiliation.,Auto-classified,20.90%,79.10%,5262,Strong Coalition flow,,4,,,,,,,,
2025,VIC,200,Bendigo,40869,4,Lisa Chesters,ALP,Australian Labor Party,35771,33.55%,Y,Y,ALP,ALP,ALP,ALP,,Official Labor affiliation.,Auto-classified,,,,,,,,,,,,,,
2025,VIC,200,Bendigo,41141,5,Andrew Lethlean,NP,The Nationals,31707,29.74%,N,N,LNP,NAT,LNP,NAT,,Official Coalition affiliation.,Auto-classified,,,,,,,,,,,,,,
2025,VIC,200,Bendigo,41618,6,Matt Bansemer,LTP,Libertarian,974,0.91%,N,N,OTH,OTH_LTP,OTH,OTH_LTP,RIGHT,Minor-party or unaffiliated candidate; ideology requires review.,Needs subjective review,21.50%,78.50%,974,Strong Coalition flow,,4,,,,,,,,
2025,VIC,200,Bendigo,41000,7,Rohan Tyler,VNS,Victorian Socialists,1708,1.60%,N,N,OTH,OTH_VNS,OTH,OTH_VNS,LEFT,Minor-party or unaffiliated candidate; ideology requires review.,Needs subjective review,89.40%,10.60%,1708,Strong ALP flow,,4,,,,,,,,
2025,VIC,200,Bendigo,42015,8,David Vincent,IND,Independent,1121,1.05%,N,N,OTH,IND_MINOR,OTH,IND_MINOR,CENTRE,Official independent below 5% of formal first preferences.,Needs subjective review,51.00%,49.00%,1121,Neutral,,4,,,,,,,,
2025,VIC,200,Bendigo,41217,9,Wayne Taylor,HMP,Legalise Cannabis Party,3666,3.44%,N,N,OTH,OTH_HMP,OTH,OTH_HMP,CENTRE_LEFT,Minor-party or unaffiliated candidate; ideology requires review.,Needs subjective review,58.10%,41.90%,3666,ALP-leaning,,4,,,,,,,,
2025,VIC,200,Bendigo,40866,10,Matt Evans,LP,Liberal,11176,10.48%,N,N,LNP,LIB,LNP,LIB,,Official Coalition affiliation.,Auto-classified,12.50%,87.50%,11176,Strong Coalition flow,,4,,,,,,,,
2025,VIC,201,Bruce,41522,1,Bianca Colecchia,ON,Pauline Hanson's One Nation,8931,8.16%,N,N,ON,ON,ON,ON,,Official One Nation affiliation.,Auto-classified,33.50%,66.50%,8931,Coalition-leaning,ALP,6,,,,,,,,
2025,VIC,201,Bruce,41085,2,Rhonda Garad,GVIC,The Greens,13213,12.07%,N,N,GRN,GRN,GRN,GRN,,Official Greens affiliation.,Auto-classified,91.10%,8.90%,13213,Strong ALP flow,,6,,,,,,,,
2025,VIC,201,Bruce,40851,3,Julian Hill,ALP,Australian Labor Party,49610,45.31%,Y,Y,ALP,ALP,ALP,ALP,,Official Labor affiliation.,Auto-classified,,,,,,,,,,,,,,
2025,VIC,201,Bruce,41305,4,Christine Skrobo,LTP,Libertarian,1289,1.18%,N,N,OTH,OTH_LTP,OTH,OTH_LTP,RIGHT,Minor-party or unaffiliated candidate; ideology requires review.,Needs subjective review,41.10%,58.90%,1289,Coalition-leaning,,6,,,,,,,,
2025,VIC,201,Bruce,40790,5,Zahid Safi,LP,Liberal,25162,22.98%,N,N,LNP,LIB,LNP,LIB,,Official Coalition affiliation.,Auto-classified,,,,,,,,,,,,,,
2025,VIC,201,Bruce,41370,6,Samuel James Anderson,CYA,Trumpet of Patriots,3530,3.22%,N,N,OTH,OTH_CYA,OTH,OTH_CYA,RIGHT,Minor-party or unaffiliated candidate; ideology requires review.,Needs subjective review,42.20%,57.80%,3530,Coalition-leaning,,6,,,,,,,,
2025,VIC,201,Bruce,41225,7,Andrew Louth,HMP,Legalise Cannabis Party,3563,3.25%,N,N,OTH,OTH_HMP,OTH,OTH_HMP,CENTRE_LEFT,Minor-party or unaffiliated candidate; ideology requires review.,Needs subjective review,69.20%,30.80%,3563,ALP-leaning,,6,,,,,,,,
2025,VIC,201,Bruce,41582,8,Wendy Birchall,FFPA,Family First,4196,3.83%,N,N,OTH,OTH_FFPA,OTH,OTH_FFPA,RIGHT,Minor-party or unaffiliated candidate; ideology requires review.,Needs subjective review,38.70%,61.30%,4196,Coalition-leaning,,6,,,,,,,,
2025,VIC,203,Calwell,40630,1,Carly Moore,IND,Independent,10735,11.95%,N,N,IND,IND_PROMINENT,IND,IND_PROMINENT,CENTRE_LEFT,Official independent with at least 5% of formal first preferences.,Needs subjective review,57.70%,42.30%,10735,ALP-leaning,ALP,8,,,,,,,,
2025,VIC,203,Calwell,41604,2,Maria Bengtsson,FFPA,Family First,2308,2.57%,N,N,OTH,OTH_FFPA,OTH,OTH_FFPA,RIGHT,Minor-party or unaffiliated candidate; ideology requires review.,Needs subjective review,51.70%,48.30%,2308,Neutral,,8,ALP,IND,28.20%,71.80%,2308,,7,
2025,VIC,203,Calwell,41232,3,Gianni Del Rosario-Makridis,HMP,Legalise Cannabis Party,2843,3.16%,N,N,OTH,OTH_HMP,OTH,OTH_HMP,CENTRE_LEFT,Minor-party or unaffiliated candidate; ideology requires review.,Needs subjective review,73.20%,26.80%,2843,Strong ALP flow,,8,ALP,IND,45.90%,54.10%,2843,,7,
2025,VIC,203,Calwell,42008,4,Samim Moslih,IND,Independent,6155,6.85%,N,N,IND,IND_PROMINENT,IND,IND_PROMINENT,LEFT,Official independent with at least 5% of formal first preferences.,Needs subjective review,90.10%,9.90%,6155,Strong ALP flow,,8,ALP,IND,83.20%,16.80%,6155,,7,
2025,VIC,203,Calwell,41525,5,Luay Toma,ON,Pauline Hanson's One Nation,3375,3.76%,N,N,ON,ON,ON,ON,,Official One Nation affiliation.,Auto-classified,38.60%,61.40%,3375,Coalition-leaning,,8,ALP,IND,22.50%,77.50%,3375,,7,
2025,VIC,203,Calwell,40654,6,Joseph Youhana,IND,Independent,9628,10.72%,N,N,IND,IND_PROMINENT,IND,IND_PROMINENT,CENTRE,Official independent with at least 5% of formal first preferences.,Needs subjective review,45.50%,54.50%,9628,Neutral,,8,ALP,IND,27.40%,72.60%,9628,,7,
2025,VIC,203,Calwell,41084,7,Ravneet Kaur Garcha,GVIC,The Greens,7439,8.28%,N,N,GRN,GRN,GRN,GRN,,Official Greens affiliation.,Auto-classified,86.70%,13.30%,7439,Strong ALP flow,,8,ALP,IND,67.70%,32.30%,7439,,7,
2025,VIC,203,Calwell,41362,8,Assaad Issa,CYA,Trumpet of Patriots,2211,2.46%,N,N,OTH,OTH_CYA,OTH,OTH_CYA,RIGHT,Minor-party or unaffiliated candidate; ideology requires review.,Needs subjective review,46.40%,53.60%,2211,Neutral,,8,ALP,IND,31.00%,69.00%,2211,,7,
2025,VIC,203,Calwell,40860,9,Basem Abdo,ALP,Australian Labor Party,27423,30.53%,Y,N,ALP,ALP,ALP,ALP,,Official Labor affiliation.,Auto-classified,,,,,,,,,,,,,,
2025,VIC,203,Calwell,41196,10,Morgan Peach,,Unaffiliated,487,0.54%,N,N,OTH,OTH_UNAFFILIATED,OTH,OTH_UNAFFILIATED,UNKNOWN,Minor-party or unaffiliated candidate; ideology requires review.,Needs subjective review,65.10%,34.90%,487,ALP-leaning,,8,ALP,IND,35.90%,64.10%,487,,7,
2025,VIC,203,Calwell,40700,11,Bassima Hawli,CEC,Citizens Party,2624,2.92%,N,N,OTH,OTH_CEC,OTH,OTH_CEC,CENTRE,Minor-party or unaffiliated candidate; ideology requires review.,Needs subjective review,73.80%,26.20%,2624,Strong ALP flow,,8,ALP,IND,51.70%,48.30%,2624,,7,
2025,VIC,203,Calwell,41940,12,Ravi Ragupathy,IND,Independent,501,0.56%,N,N,OTH,IND_MINOR,OTH,IND_MINOR,CENTRE,Official independent below 5% of formal first preferences.,Needs subjective review,54.50%,45.50%,501,Neutral,,8,ALP,IND,30.30%,69.70%,501,,7,
2025,VIC,203,Calwell,40752,13,Usman Ghani,LP,Liberal,14102,15.70%,N,N,LNP,LIB,LNP,LIB,,Official Coalition affiliation.,Auto-classified,,,,,,,ALP,IND,29.70%,70.30%,14102,,7,
2025,VIC,204,Casey,41389,1,Phillip Courtis,CYA,Trumpet of Patriots,3716,3.36%,N,N,OTH,OTH_CYA,OTH,OTH_CYA,RIGHT,Minor-party or unaffiliated candidate; ideology requires review.,Needs subjective review,37.80%,62.20%,3716,Coalition-leaning,ALP,9,,,,,,,,
2025,VIC,204,Casey,41507,2,Ambere Livori,ON,Pauline Hanson's One Nation,5603,5.07%,N,N,ON,ON,ON,ON,,Official One Nation affiliation.,Auto-classified,20.90%,79.10%,5603,Strong Coalition flow,,9,,,,,,,,
2025,VIC,204,Casey,41319,3,Chloe Bond,AJP,Animal Justice Party,2379,2.15%,N,N,OTH,OTH_AJP,OTH,OTH_AJP,CENTRE_LEFT,Minor-party or unaffiliated candidate; ideology requires review.,Needs subjective review,72.80%,27.20%,2379,Strong ALP flow,,9,,,,,,,,
2025,VIC,204,Casey,41576,4,Dan Nebauer,FFPA,Family First,3154,2.85%,N,N,OTH,OTH_FFPA,OTH,OTH_FFPA,RIGHT,Minor-party or unaffiliated candidate; ideology requires review.,Needs subjective review,21.20%,78.80%,3154,Strong Coalition flow,,9,,,,,,,,
2025,VIC,204,Casey,41083,5,Merran Blair,GVIC,The Greens,12107,10.95%,N,N,GRN,GRN,GRN,GRN,,Official Greens affiliation.,Auto-classified,91.00%,9.00%,12107,Strong ALP flow,,9,,,,,,,,
2025,VIC,204,Casey,40857,6,Naomi Oakley,ALP,Australian Labor Party,26820,24.26%,N,N,ALP,ALP,ALP,ALP,,Official Labor affiliation.,Auto-classified,,,,,,,,,,,,,,
2025,VIC,204,Casey,36746,7,Claire Ferres Miles,IND,Independent,11590,10.48%,N,N,IND,IND_PROMINENT,IND,IND_PROMINENT,LEFT,Official independent with at least 5% of formal first preferences.,Needs subjective review,79.90%,20.10%,11590,Strong ALP flow,,9,,,,,,,,
2025,VIC,204,Casey,40757,8,Aaron Violi,LP,Liberal,45194,40.88%,Y,Y,LNP,LIB,LNP,LIB,,Official Coalition affiliation.,Auto-classified,,,,,,,,,,,,,,
2025,VIC,205,Chisholm,41086,1,Tim Randall,GVIC,The Greens,14086,12.50%,N,N,GRN,GRN,GRN,GRN,,Official Greens affiliation.,Auto-classified,88.80%,11.20%,14086,Strong ALP flow,LIB,9,,,,,,,,
2025,VIC,205,Chisholm,41551,2,Gary Ong,FFPA,Family First,2419,2.15%,N,N,OTH,OTH_FFPA,OTH,OTH_FFPA,RIGHT,Minor-party or unaffiliated candidate; ideology requires review.,Needs subjective review,27.40%,72.60%,2419,Strong Coalition flow,,9,,,,,,,,
2025,VIC,205,Chisholm,41519,3,Guy Livori,ON,Pauline Hanson's One Nation,2156,1.91%,N,N,ON,ON,ON,ON,,Official One Nation affiliation.,Auto-classified,17.80%,82.20%,2156,Strong Coalition flow,,9,,,,,,,,
2025,VIC,205,Chisholm,40754,4,Katie Allen,LP,Liberal,41966,37.24%,N,N,LNP,LIB,LNP,LIB,,Official Coalition affiliation.,Auto-classified,,,,,,,,,,,,,,
2025,VIC,205,Chisholm,41379,5,Christine Mcshane,CYA,Trumpet of Patriots,1729,1.53%,N,N,OTH,OTH_CYA,OTH,OTH_CYA,RIGHT,Minor-party or unaffiliated candidate; ideology requires review.,Needs subjective review,26.40%,73.60%,1729,Strong Coalition flow,,9,,,,,,,,
2025,VIC,205,Chisholm,40845,6,Carina Garland,ALP,Australian Labor Party,43655,38.74%,Y,Y,ALP,ALP,ALP,ALP,,Official Labor affiliation.,Auto-classified,,,,,,,,,,,,,,
2025,VIC,205,Chisholm,41144,7,Kath Davies,IND,Independent,6685,5.93%,N,N,IND,IND_PROMINENT,IND,IND_PROMINENT,LEFT,Official independent with at least 5% of formal first preferences.,Needs subjective review,76.30%,23.70%,6685,Strong ALP flow,,9,,,,,,,,
2025,VIC,320,Cooper,41564,1,William Turner,ON,Pauline Hanson's One Nation,5684,5.28%,N,N,ON,ON,ON,ON,,Official One Nation affiliation.,Auto-classified,30.50%,69.50%,5684,Coalition-leaning,ALP,10,ALP,GRN,73.50%,26.50%,5684,ALP,10,
2025,VIC,320,Cooper,40856,2,Ged Kearney,ALP,Australian Labor Party,45151,41.97%,Y,Y,ALP,ALP,ALP,ALP,,Official Labor affiliation.,Auto-classified,,,,,,,,,,,,,,
2025,VIC,320,Cooper,41089,3,Tara Burnett,GVIC,The Greens,27123,25.21%,N,N,GRN,GRN,GRN,GRN,,Official Greens affiliation.,Auto-classified,95.70%,4.30%,27123,Strong ALP flow,,10,,,,,,,,
2025,VIC,320,Cooper,40767,4,Stewart Todhunter,LP,Liberal,16280,15.13%,N,N,LNP,LIB,LNP,LIB,,Official Coalition affiliation.,Auto-classified,,,,,,,ALP,GRN,72.60%,27.40%,16280,,10,
2025,VIC,320,Cooper,41002,5,Kath Larkin,VNS,Victorian Socialists,9012,8.38%,N,N,OTH,OTH_VNS,OTH,OTH_VNS,LEFT,Minor-party or unaffiliated candidate; ideology requires review.,Needs subjective review,94.40%,5.60%,9012,Strong ALP flow,,10,ALP,GRN,12.70%,87.30%,9012,,10,
2025,VIC,320,Cooper,41206,6,Donna Stolzenberg,HMP,Legalise Cannabis Party,4336,4.03%,N,N,OTH,OTH_HMP,OTH,OTH_HMP,CENTRE_LEFT,Minor-party or unaffiliated candidate; ideology requires review.,Needs subjective review,72.30%,27.70%,4336,Strong ALP flow,,10,ALP,GRN,45.20%,54.80%,4336,,10,
2025,VIC,328,Corangamite,41191,1,Kate Lockhart,IND,Independent,4565,4.39%,N,N,OTH,IND_MINOR,OTH,IND_MINOR,LEFT,Official independent below 5% of formal first preferences.,Needs subjective review,78.40%,21.60%,4565,Strong ALP flow,ALP,10,,,,,,,,
2025,VIC,328,Corangamite,41380,2,James Jackson,CYA,Trumpet of Patriots,2452,2.36%,N,N,OTH,OTH_CYA,OTH,OTH_CYA,RIGHT,Minor-party or unaffiliated candidate; ideology requires review.,Needs subjective review,36.30%,63.70%,2452,Coalition-leaning,,10,,,,,,,,
2025,VIC,328,Corangamite,41911,3,Paul Barker,LTP,Libertarian,1272,1.22%,N,N,OTH,OTH_LTP,OTH,OTH_LTP,RIGHT,Minor-party or unaffiliated candidate; ideology requires review.,Needs subjective review,18.20%,81.80%,1272,Strong Coalition flow,,10,,,,,,,,
2025,VIC,328,Corangamite,41088,4,Mitch Pope,GVIC,The Greens,14925,14.35%,N,N,GRN,GRN,GRN,GRN,,Official Greens affiliation.,Auto-classified,92.40%,7.60%,14925,Strong ALP flow,,10,,,,,,,,
2025,VIC,328,Corangamite,41510,5,Colin Seabrook,ON,Pauline Hanson's One Nation,3343,3.21%,N,N,ON,ON,ON,ON,,Official One Nation affiliation.,Auto-classified,27.60%,72.40%,3343,Strong Coalition flow,,10,,,,,,,,
2025,VIC,328,Corangamite,40877,6,Libby Coker,ALP,Australian Labor Party,38814,37.31%,Y,Y,ALP,ALP,ALP,ALP,,Official Labor affiliation.,Auto-classified,,,,,,,,,,,,,,
2025,VIC,328,Corangamite,41224,7,Harley Mackenzie,HMP,Legalise Cannabis Party,3161,3.04%,N,N,OTH,OTH_HMP,OTH,OTH_HMP,CENTRE_LEFT,Minor-party or unaffiliated candidate; ideology requires review.,Needs subjective review,68.00%,32.00%,3161,ALP-leaning,,10,,,,,,,,
2025,VIC,328,Corangamite,40773,8,Darcy Dunstan,LP,Liberal,35488,34.12%,N,N,LNP,LIB,LNP,LIB,,Official Coalition affiliation.,Auto-classified,,,,,,,,,,,,,,
2025,VIC,208,Corio,41515,1,Adam Helman,ON,Pauline Hanson's One Nation,10953,9.94%,N,N,ON,ON,ON,ON,,Official One Nation affiliation.,Auto-classified,26.10%,73.90%,10953,Strong Coalition flow,LIB,10,,,,,,,,
2025,VIC,208,Corio,41251,2,Sarah Hathway,SAL,Socialist Alliance,3209,2.91%,N,N,OTH,OTH_SAL,OTH,OTH_SAL,LEFT,Minor-party or unaffiliated candidate; ideology requires review.,Needs subjective review,73.40%,26.60%,3209,Strong ALP flow,,10,,,,,,,,
2025,VIC,208,Corio,41567,3,John De Lorenzo,IND,Independent,3930,3.57%,N,N,OTH,IND_MINOR,OTH,IND_MINOR,CENTRE,Official independent below 5% of formal first preferences.,Needs subjective review,48.90%,51.10%,3930,Neutral,,10,,,,,,,,
2025,VIC,208,Corio,41142,4,Emilie Flynn,GVIC,The Greens,17491,15.87%,N,N,GRN,GRN,GRN,GRN,,Official Greens affiliation.,Auto-classified,87.70%,12.30%,17491,Strong ALP flow,,10,,,,,,,,
2025,VIC,208,Corio,40759,5,Darren Buller,LP,Liberal,27423,24.88%,N,N,LNP,LIB,LNP,LIB,,Official Coalition affiliation.,Auto-classified,,,,,,,,,,,,,,
2025,VIC,208,Corio,40854,6,Richard Marles,ALP,Australian Labor Party,47221,42.84%,Y,Y,ALP,ALP,ALP,ALP,,Official Labor affiliation.,Auto-classified,,,,,,,,,,,,,,
2025,VIC,209,Deakin,40861,1,Matt Gregg,ALP,Australian Labor Party,40177,34.78%,Y,N,ALP,ALP,ALP,ALP,,Official Labor affiliation.,Auto-classified,,,,,,,,,,,,,,
2025,VIC,209,Deakin,40795,2,Michael Sukkar,LP,Liberal,44732,38.73%,N,Y,LNP,LIB,LNP,LIB,,Official Coalition affiliation.,Auto-classified,,,,,,,,,,,,,,
2025,VIC,209,Deakin,40868,3,Jess Ness,IND,Independent,8253,7.15%,N,N,IND,IND_PROMINENT,IND,IND_PROMINENT,LEFT,Official independent with at least 5% of formal first preferences.,Needs subjective review,78.70%,21.30%,8253,Strong ALP flow,,12,,,,,,,,
2025,VIC,209,Deakin,41512,4,Anne Cooke,ON,Pauline Hanson's One Nation,3043,2.63%,N,N,ON,ON,ON,ON,,Official One Nation affiliation.,Auto-classified,18.60%,81.40%,3043,Strong Coalition flow,,12,,,,,,,,
2025,VIC,209,Deakin,41547,5,Richard Griffith-Jones,FFPA,Family First,2106,1.82%,N,N,OTH,OTH_FFPA,OTH,OTH_FFPA,RIGHT,Minor-party or unaffiliated candidate; ideology requires review.,Needs subjective review,22.10%,77.90%,2106,Strong Coalition flow,,12,,,,,,,,
2025,VIC,209,Deakin,41128,6,Amy Mills,GVIC,The Greens,13758,11.91%,N,N,GRN,GRN,GRN,GRN,,Official Greens affiliation.,Auto-classified,90.50%,9.50%,13758,Strong ALP flow,,12,,,,,,,,
2025,VIC,209,Deakin,41387,7,Milton Wilde,CYA,Trumpet of Patriots,1853,1.60%,N,N,OTH,OTH_CYA,OTH,OTH_CYA,RIGHT,Minor-party or unaffiliated candidate; ideology requires review.,Needs subjective review,31.10%,68.90%,1853,Coalition-leaning,,12,,,,,,,,
2025,VIC,209,Deakin,41746,8,Will Vandermeer,LTP,Libertarian,1585,1.37%,N,N,OTH,OTH_LTP,OTH,OTH_LTP,RIGHT,Minor-party or unaffiliated candidate; ideology requires review.,Needs subjective review,17.90%,82.10%,1585,Strong Coalition flow,,12,,,,,,,,
2025,VIC,210,Dunkley,40803,1,Nathan Conroy,LP,Liberal,35288,32.32%,N,N,LNP,LIB,LNP,LIB,,Official Coalition affiliation.,Auto-classified,,,,,,,,,,,,,,
2025,VIC,210,Dunkley,41683,2,Robert Thurley,IND,Independent,3230,2.96%,N,N,OTH,IND_MINOR,OTH,IND_MINOR,CENTRE,Official independent below 5% of formal first preferences.,Needs subjective review,57.70%,42.30%,3230,ALP-leaning,,13,,,,,,,,
2025,VIC,210,Dunkley,41555,3,Jessica Davis,ON,Pauline Hanson's One Nation,7494,6.86%,N,N,ON,ON,ON,ON,,Official One Nation affiliation.,Auto-classified,24.50%,75.50%,7494,Strong Coalition flow,,13,,,,,,,,
2025,VIC,210,Dunkley,41560,4,Peter Nicholes,FFPA,Family First,2497,2.29%,N,N,OTH,OTH_FFPA,OTH,OTH_FFPA,RIGHT,Minor-party or unaffiliated candidate; ideology requires review.,Needs subjective review,34.00%,66.00%,2497,Coalition-leaning,,13,,,,,,,,
2025,VIC,210,Dunkley,41129,5,Matt Maber,GVIC,The Greens,12649,11.59%,N,N,GRN,GRN,GRN,GRN,,Official Greens affiliation.,Auto-classified,92.20%,7.80%,12649,Strong ALP flow,,13,,,,,,,,
2025,VIC,210,Dunkley,41361,6,Andrew Gatley,SOPA,FUSION | Planet Rescue | Whistleblower Protection | Innovation,981,0.90%,N,N,OTH,OTH_SOPA,OTH,OTH_SOPA,LEFT,Minor-party or unaffiliated candidate; ideology requires review.,Needs subjective review,73.90%,26.10%,981,Strong ALP flow,,13,,,,,,,,
2025,VIC,210,Dunkley,40864,7,Jodie Belyea,ALP,Australian Labor Party,41792,38.28%,Y,Y,ALP,ALP,ALP,ALP,,Official Labor affiliation.,Auto-classified,,,,,,,,,,,,,,
2025,VIC,210,Dunkley,41227,8,Lisa Abbott,HMP,Legalise Cannabis Party,5243,4.80%,N,N,OTH,OTH_HMP,OTH,OTH_HMP,CENTRE_LEFT,Minor-party or unaffiliated candidate; ideology requires review.,Needs subjective review,68.30%,31.70%,5243,ALP-leaning,,13,,,,,,,,
2025,VIC,211,Flinders,41371,1,Jason Smart,CYA,Trumpet of Patriots,3144,2.74%,N,N,OTH,OTH_CYA,OTH,OTH_CYA,RIGHT,Minor-party or unaffiliated candidate; ideology requires review.,Needs subjective review,26.30%,73.70%,3144,Strong Coalition flow,LIB,15,LIB,IND,48.10%,51.90%,3144,IND,15,
2025,VIC,211,Flinders,40838,2,Ben Smith,IND,Independent,24406,21.24%,N,N,IND,IND_PROMINENT,IND,IND_PROMINENT,CENTRE_LEFT,Official independent with at least 5% of formal first preferences.,Needs subjective review,71.60%,28.40%,24406,Strong ALP flow,,15,,,,,,,,
2025,VIC,211,Flinders,40748,3,Zoe Mckenzie,LP,Liberal,47375,41.22%,Y,Y,LNP,LIB,LNP,LIB,,Official Coalition affiliation.,Auto-classified,,,,,,,,,,,,,,
2025,VIC,211,Flinders,41509,4,Mike Brown,ON,Pauline Hanson's One Nation,6091,5.30%,N,N,ON,ON,ON,ON,,Official One Nation affiliation.,Auto-classified,17.70%,82.30%,6091,Strong Coalition flow,,15,LIB,IND,73.10%,26.90%,6091,,15,
2025,VIC,211,Flinders,40892,5,Joseph Toscano,IND,Independent,980,0.85%,N,N,OTH,IND_MINOR,OTH,IND_MINOR,CENTRE,Official independent below 5% of formal first preferences.,Needs subjective review,57.20%,42.80%,980,ALP-leaning,,15,LIB,IND,34.90%,65.10%,980,,15,
2025,VIC,211,Flinders,40853,6,Sarah Race,ALP,Australian Labor Party,25622,22.29%,N,N,ALP,ALP,ALP,ALP,,Official Labor affiliation.,Auto-classified,,,,,,,LIB,IND,20.50%,79.50%,25622,,15,
2025,VIC,211,Flinders,41131,7,Adam Frogley,GVIC,The Greens,7305,6.36%,N,N,GRN,GRN,GRN,GRN,,Official Greens affiliation.,Auto-classified,87.60%,12.40%,7305,Strong ALP flow,,15,LIB,IND,15.60%,84.40%,7305,,15,
2025,VIC,321,Fraser,41562,1,Rob Rancie,FFPA,Family First,4545,4.23%,N,N,OTH,OTH_FFPA,OTH,OTH_FFPA,RIGHT,Minor-party or unaffiliated candidate; ideology requires review.,Needs subjective review,33.50%,66.50%,4545,Coalition-leaning,LIB,17,ALP,GRN,46.00%,54.00%,4545,GRN,17,
2025,VIC,321,Fraser,41133,2,Huong Truong,GVIC,The Greens,27171,25.28%,N,N,GRN,GRN,GRN,GRN,,Official Greens affiliation.,Auto-classified,83.60%,16.40%,27171,Strong ALP flow,,17,,,,,,,,
2025,VIC,321,Fraser,41517,3,George Rozario,ON,Pauline Hanson's One Nation,5135,4.78%,N,N,ON,ON,ON,ON,,Official One Nation affiliation.,Auto-classified,31.90%,68.10%,5135,Coalition-leaning,,17,ALP,GRN,61.30%,38.70%,5135,,17,
2025,VIC,321,Fraser,40783,4,Satish Patel,LP,Liberal,18125,16.87%,N,N,LNP,LIB,LNP,LIB,,Official Coalition affiliation.,Auto-classified,,,,,,,ALP,GRN,62.90%,37.10%,18125,,17,
2025,VIC,321,Fraser,41004,5,Jasmine Duff,VNS,Victorian Socialists,6705,6.24%,N,N,OTH,OTH_VNS,OTH,OTH_VNS,LEFT,Minor-party or unaffiliated candidate; ideology requires review.,Needs subjective review,85.70%,14.30%,6705,Strong ALP flow,,17,ALP,GRN,18.40%,81.60%,6705,,17,
2025,VIC,321,Fraser,40859,6,Daniel Mulino,ALP,Australian Labor Party,45786,42.60%,Y,Y,ALP,ALP,ALP,ALP,,Official Labor affiliation.,Auto-classified,,,,,,,,,,,,,,
2025,VIC,212,Gellibrand,40836,1,Tim Watts,ALP,Australian Labor Party,49044,46.62%,Y,Y,ALP,ALP,ALP,ALP,,Official Labor affiliation.,Auto-classified,,,,,,,,,,,,,,
2025,VIC,212,Gellibrand,41537,2,Stephen Bennett,ON,Pauline Hanson's One Nation,6290,5.98%,N,N,ON,ON,ON,ON,,Official One Nation affiliation.,Auto-classified,31.10%,68.90%,6290,Coalition-leaning,,17,,,,,,,,
2025,VIC,212,Gellibrand,40755,3,Ben Reeson,LP,Liberal,27539,26.18%,N,N,LNP,LIB,LNP,LIB,,Official Coalition affiliation.,Auto-classified,,,,,,,,,,,,,,
2025,VIC,212,Gellibrand,41121,4,Ponraj Krishna Pandi,GVIC,The Greens,17933,17.05%,N,N,GRN,GRN,GRN,GRN,,Official Greens affiliation.,Auto-classified,88.00%,12.00%,17933,Strong ALP flow,,17,,,,,,,,
2025,VIC,212,Gellibrand,41577,5,Jo Garcia,FFPA,Family First,4396,4.18%,N,N,OTH,OTH_FFPA,OTH,OTH_FFPA,RIGHT,Minor-party or unaffiliated candidate; ideology requires review.,Needs subjective review,38.60%,61.40%,4396,Coalition-leaning,,17,,,,,,,,
2025,VIC,213,Gippsland,40832,1,Sonny Stephens,ALP,Australian Labor Party,22291,21.28%,N,N,ALP,ALP,ALP,ALP,,Official Labor affiliation.,Auto-classified,,,,,,,,,,,,,,
2025,VIC,213,Gippsland,41523,2,Gregory Hansford,ON,Pauline Hanson's One Nation,15118,14.43%,N,N,ON,ON,ON,ON,,Official One Nation affiliation.,Auto-classified,14.20%,85.80%,15118,Strong Coalition flow,,18,,,,,,,,
2025,VIC,213,Gippsland,41118,3,Rochelle Hine,GVIC,The Greens,8897,8.49%,N,N,GRN,GRN,GRN,GRN,,Official Greens affiliation.,Auto-classified,79.10%,20.90%,8897,Strong ALP flow,,18,,,,,,,,
2025,VIC,213,Gippsland,41138,4,Darren Chester,NP,The Nationals,55036,52.54%,Y,Y,LNP,NAT,LNP,NAT,,Official Coalition affiliation.,Auto-classified,,,,,,,,,,,,,,
2025,VIC,213,Gippsland,41317,5,Simon Wilson,LTP,Libertarian,3416,3.26%,N,N,OTH,OTH_LTP,OTH,OTH_LTP,RIGHT,Minor-party or unaffiliated candidate; ideology requires review.,Needs subjective review,18.40%,81.60%,3416,Strong Coalition flow,,18,,,,,,,,
2025,VIC,214,Goldstein,41372,1,Vicki Jane Williams,CYA,Trumpet of Patriots,2066,1.79%,N,N,OTH,OTH_CYA,OTH,OTH_CYA,RIGHT,Minor-party or unaffiliated candidate; ideology requires review.,Needs subjective review,33.40%,66.60%,2066,Coalition-leaning,ALP,18,LIB,IND,57.10%,42.90%,2066,IND,18,
2025,VIC,214,Goldstein,40813,2,Nildhara Gadani,ALP,Australian Labor Party,15812,13.67%,N,N,ALP,ALP,ALP,ALP,,Official Labor affiliation.,Auto-classified,,,,,,,LIB,IND,19.30%,80.70%,15812,,18,
2025,VIC,214,Goldstein,41309,3,David Segal,LTP,Libertarian,1677,1.45%,N,N,OTH,OTH_LTP,OTH,OTH_LTP,RIGHT,Minor-party or unaffiliated candidate; ideology requires review.,Needs subjective review,17.90%,82.10%,1677,Strong Coalition flow,,18,LIB,IND,77.10%,22.90%,1677,,18,
2025,VIC,214,Goldstein,41112,4,Alana Galli-Mcrostie,GVIC,The Greens,8320,7.19%,N,N,GRN,GRN,GRN,GRN,,Official Greens affiliation.,Auto-classified,88.70%,11.30%,8320,Strong ALP flow,,18,LIB,IND,8.80%,91.20%,8320,,18,
2025,VIC,214,Goldstein,41925,5,Leon Gardiner,ON,Pauline Hanson's One Nation,2037,1.76%,N,N,ON,ON,ON,ON,,Official One Nation affiliation.,Auto-classified,20.10%,79.90%,2037,Strong Coalition flow,,18,LIB,IND,70.70%,29.30%,2037,,18,
2025,VIC,214,Goldstein,36074,6,Zoe Daniel,IND,Independent,35533,30.72%,N,Y,IND,IND_PROMINENT,IND,IND_PROMINENT,CENTRE_LEFT,Official independent with at least 5% of formal first preferences.,Needs subjective review,80.60%,19.40%,35533,Strong ALP flow,,18,,,,,,,,
2025,VIC,214,Goldstein,40747,7,Tim Wilson,LP,Liberal,50228,43.42%,Y,N,LNP,LIB,LNP,LIB,,Official Coalition affiliation.,Auto-classified,,,,,,,,,,,,,,
2025,VIC,309,Gorton,41218,1,Xavier Menta,HMP,Legalise Cannabis Party,6535,5.76%,N,N,OTH,OTH_HMP,OTH,OTH_HMP,CENTRE_LEFT,Minor-party or unaffiliated candidate; ideology requires review.,Needs subjective review,71.40%,28.60%,6535,Strong ALP flow,ALP,18,,,,,,,,
2025,VIC,309,Gorton,41313,2,Rob Mccathie,LTP,Libertarian,1377,1.21%,N,N,OTH,OTH_LTP,OTH,OTH_LTP,RIGHT,Minor-party or unaffiliated candidate; ideology requires review.,Needs subjective review,41.30%,58.70%,1377,Coalition-leaning,,18,,,,,,,,
2025,VIC,309,Gorton,40823,3,Alice Jordan-Baird,ALP,Australian Labor Party,48834,43.05%,Y,N,ALP,ALP,ALP,ALP,,Official Labor affiliation.,Auto-classified,,,,,,,,,,,,,,
2025,VIC,309,Gorton,41586,4,Kathrine Ashton,FFPA,Family First,4216,3.72%,N,N,OTH,OTH_FFPA,OTH,OTH_FFPA,RIGHT,Minor-party or unaffiliated candidate; ideology requires review.,Needs subjective review,46.30%,53.70%,4216,Neutral,,18,,,,,,,,
2025,VIC,309,Gorton,40743,5,John Fletcher,LP,Liberal,33087,29.17%,N,N,LNP,LIB,LNP,LIB,,Official Coalition affiliation.,Auto-classified,,,,,,,,,,,,,,
2025,VIC,309,Gorton,41553,6,Alan Reid,ON,Pauline Hanson's One Nation,7137,6.29%,N,N,ON,ON,ON,ON,,Official One Nation affiliation.,Auto-classified,30.30%,69.70%,7137,Coalition-leaning,,18,,,,,,,,
2025,VIC,309,Gorton,41107,7,Thuc Bao Huynh,GVIC,The Greens,12244,10.79%,N,N,GRN,GRN,GRN,GRN,,Official Greens affiliation.,Auto-classified,83.30%,16.70%,12244,Strong ALP flow,,18,,,,,,,,
2025,VIC,326,Hawke,41600,1,Melanie Milutinovic,FFPA,Family First,4356,4.20%,N,N,OTH,OTH_FFPA,OTH,OTH_FFPA,RIGHT,Minor-party or unaffiliated candidate; ideology requires review.,Needs subjective review,50.40%,49.60%,4356,Neutral,ALP,20,,,,,,,,
2025,VIC,326,Hawke,41240,2,Devon Starbuck,HMP,Legalise Cannabis Party,5177,4.99%,N,N,OTH,OTH_HMP,OTH,OTH_HMP,CENTRE_LEFT,Minor-party or unaffiliated candidate; ideology requires review.,Needs subjective review,67.50%,32.50%,5177,ALP-leaning,,20,,,,,,,,
2025,VIC,326,Hawke,41101,3,Sarah Newman,GVIC,The Greens,10178,9.80%,N,N,GRN,GRN,GRN,GRN,,Official Greens affiliation.,Auto-classified,89.80%,10.20%,10178,Strong ALP flow,,20,,,,,,,,
2025,VIC,326,Hawke,41320,4,Fiona Adin-James,AJP,Animal Justice Party,2069,1.99%,N,N,OTH,OTH_AJP,OTH,OTH_AJP,CENTRE_LEFT,Minor-party or unaffiliated candidate; ideology requires review.,Needs subjective review,71.50%,28.50%,2069,Strong ALP flow,,20,,,,,,,,
2025,VIC,326,Hawke,40829,5,Sam Rae,ALP,Australian Labor Party,40619,39.13%,Y,Y,ALP,ALP,ALP,ALP,,Official Labor affiliation.,Auto-classified,,,,,,,,,,,,,,
2025,VIC,326,Hawke,40843,6,Simmone Cottom,LP,Liberal,31383,30.23%,N,N,LNP,LIB,LNP,LIB,,Official Coalition affiliation.,Auto-classified,,,,,,,,,,,,,,
2025,VIC,326,Hawke,41630,7,Matthew Katselis,ON,Pauline Hanson's One Nation,10035,9.67%,N,N,ON,ON,ON,ON,,Official One Nation affiliation.,Auto-classified,28.90%,71.10%,10035,Strong Coalition flow,,20,,,,,,,,
2025,VIC,216,Holt,41574,1,Shane Foreman,FFPA,Family First,5185,5.23%,N,N,OTH,OTH_FFPA,OTH,OTH_FFPA,RIGHT,Minor-party or unaffiliated candidate; ideology requires review.,Needs subjective review,53.00%,47.00%,5185,Neutral,ALP,21,,,,,,,,
2025,VIC,216,Holt,41111,2,Payal Tiwari,GVIC,The Greens,11122,11.21%,N,N,GRN,GRN,GRN,GRN,,Official Greens affiliation.,Auto-classified,89.50%,10.50%,11122,Strong ALP flow,,21,,,,,,,,
2025,VIC,216,Holt,41624,3,Trevor Hammond,ON,Pauline Hanson's One Nation,8655,8.72%,N,N,ON,ON,ON,ON,,Official One Nation affiliation.,Auto-classified,31.10%,68.90%,8655,Coalition-leaning,,21,,,,,,,,
2025,VIC,216,Holt,41221,4,Riley Aickin,HMP,Legalise Cannabis Party,4745,4.78%,N,N,OTH,OTH_HMP,OTH,OTH_HMP,CENTRE_LEFT,Minor-party or unaffiliated candidate; ideology requires review.,Needs subjective review,72.70%,27.30%,4745,Strong ALP flow,,21,,,,,,,,
2025,VIC,216,Holt,40850,5,Cassandra Fernando,ALP,Australian Labor Party,44686,45.03%,Y,Y,ALP,ALP,ALP,ALP,,Official Labor affiliation.,Auto-classified,,,,,,,,,,,,,,
2025,VIC,216,Holt,40855,6,Annette Samuel,LP,Liberal,24840,25.03%,N,N,LNP,LIB,LNP,LIB,,Official Coalition affiliation.,Auto-classified,,,,,,,,,,,,,,
2025,VIC,217,Hotham,40701,1,Tony Vainoras,CEC,Citizens Party,2654,2.50%,N,N,OTH,OTH_CEC,OTH,OTH_CEC,CENTRE,Minor-party or unaffiliated candidate; ideology requires review.,Needs subjective review,66.30%,33.70%,2654,ALP-leaning,ALP,21,,,,,,,,
2025,VIC,217,Hotham,41115,2,Martin Barry,GVIC,The Greens,15780,14.86%,N,N,GRN,GRN,GRN,GRN,,Official Greens affiliation.,Auto-classified,91.80%,8.20%,15780,Strong ALP flow,,21,,,,,,,,
2025,VIC,217,Hotham,41627,3,Stuart Fogarty,ON,Pauline Hanson's One Nation,4959,4.67%,N,N,ON,ON,ON,ON,,Official One Nation affiliation.,Auto-classified,28.70%,71.30%,4959,Strong Coalition flow,,21,,,,,,,,
2025,VIC,217,Hotham,41595,4,Mark Brown,FFPA,Family First,3592,3.38%,N,N,OTH,OTH_FFPA,OTH,OTH_FFPA,RIGHT,Minor-party or unaffiliated candidate; ideology requires review.,Needs subjective review,40.70%,59.30%,3592,Coalition-leaning,,21,,,,,,,,
2025,VIC,217,Hotham,40848,5,Clare O'Neil,ALP,Australian Labor Party,51880,48.85%,Y,Y,ALP,ALP,ALP,ALP,,Official Labor affiliation.,Auto-classified,,,,,,,,,,,,,,
2025,VIC,217,Hotham,40744,6,Harmick Singh Matharu,LP,Liberal,27346,25.75%,N,N,LNP,LIB,LNP,LIB,,Official Coalition affiliation.,Auto-classified,,,,,,,,,,,,,,
2025,VIC,218,Indi,32086,1,Helen Haines,IND,Independent,44723,42.29%,Y,Y,IND,IND_PROMINENT,IND,IND_PROMINENT,CENTRE_LEFT,Official independent with at least 5% of formal first preferences.,Needs subjective review,66.80%,33.20%,44723,ALP-leaning,ALP,23,,,,,,,,
2025,VIC,218,Indi,40842,2,Mitch Bridges,ALP,Australian Labor Party,8824,8.34%,N,N,ALP,ALP,ALP,ALP,,Official Labor affiliation.,Auto-classified,,,,,,,LIB,IND,18.10%,81.90%,8824,,23,
2025,VIC,218,Indi,40750,3,James Trenery,LP,Liberal,32475,30.71%,N,N,LNP,LIB,LNP,LIB,,Official Coalition affiliation.,Auto-classified,,,,,,,,,,,,,,
2025,VIC,218,Indi,41626,4,Athol Thomas,ON,Pauline Hanson's One Nation,7611,7.20%,N,N,ON,ON,ON,ON,,Official One Nation affiliation.,Auto-classified,17.80%,82.20%,7611,Strong Coalition flow,,23,LIB,IND,64.60%,35.40%,7611,,23,
2025,VIC,218,Indi,41125,5,Alysia Regan,GVIC,The Greens,3839,3.63%,N,N,GRN,GRN,GRN,GRN,,Official Greens affiliation.,Auto-classified,80.20%,19.80%,3839,Strong ALP flow,,23,LIB,IND,10.10%,89.90%,3839,,23,
2025,VIC,218,Indi,41314,6,Tim Quilty,LTP,Libertarian,1705,1.61%,N,N,OTH,OTH_LTP,OTH,OTH_LTP,RIGHT,Minor-party or unaffiliated candidate; ideology requires review.,Needs subjective review,14.60%,85.40%,1705,Strong Coalition flow,,23,LIB,IND,70.60%,29.40%,1705,,23,
2025,VIC,218,Indi,41573,7,Michael White,FFPA,Family First,1901,1.80%,N,N,OTH,OTH_FFPA,OTH,OTH_FFPA,RIGHT,Minor-party or unaffiliated candidate; ideology requires review.,Needs subjective review,23.00%,77.00%,1901,Strong Coalition flow,,23,LIB,IND,62.30%,37.70%,1901,,23,
2025,VIC,218,Indi,41929,8,Ben Howman,HMP,Legalise Cannabis Party,3163,2.99%,N,N,OTH,OTH_HMP,OTH,OTH_HMP,CENTRE_LEFT,Minor-party or unaffiliated candidate; ideology requires review.,Needs subjective review,49.50%,50.50%,3163,Neutral,,23,LIB,IND,37.00%,63.00%,3163,,23,
2025,VIC,218,Indi,40628,9,Mark Mcfarlane,IND,Independent,1520,1.44%,N,N,OTH,IND_MINOR,OTH,IND_MINOR,CENTRE_RIGHT,Official independent below 5% of formal first preferences.,Needs subjective review,30.30%,69.70%,1520,Coalition-leaning,,23,LIB,IND,53.20%,46.80%,1520,,23,
2025,VIC,219,Isaacs,40811,1,Mark Dreyfus,ALP,Australian Labor Party,53454,49.41%,Y,Y,ALP,ALP,ALP,ALP,,Official Labor affiliation.,Auto-classified,,,,,,,,,,,,,,
2025,VIC,219,Isaacs,41127,2,Matthew Kirwan,GVIC,The Greens,15200,14.05%,N,N,GRN,GRN,GRN,GRN,,Official Greens affiliation.,Auto-classified,88.90%,11.10%,15200,Strong ALP flow,,23,,,,,,,,
2025,VIC,219,Isaacs,41543,3,Audrey Harmse,FFPA,Family First,3878,3.58%,N,N,OTH,OTH_FFPA,OTH,OTH_FFPA,RIGHT,Minor-party or unaffiliated candidate; ideology requires review.,Needs subjective review,38.20%,61.80%,3878,Coalition-leaning,,23,,,,,,,,
2025,VIC,219,Isaacs,40753,4,Fiona Ottey,LP,Liberal,30660,28.34%,N,N,LNP,LIB,LNP,LIB,,Official Coalition affiliation.,Auto-classified,,,,,,,,,,,,,,
2025,VIC,219,Isaacs,41619,5,Geoff Mcmahon,ON,Pauline Hanson's One Nation,4989,4.61%,N,N,ON,ON,ON,ON,,Official One Nation affiliation.,Auto-classified,23.30%,76.70%,4989,Strong Coalition flow,,23,,,,,,,,
2025,VIC,220,Jagajaga,42080,1,Abdi Mohamed,IND,Independent,1518,1.37%,N,N,OTH,IND_MINOR,OTH,IND_MINOR,CENTRE,Official independent below 5% of formal first preferences.,Needs subjective review,46.20%,53.80%,1518,Neutral,LIB,23,,,,,,,,
2025,VIC,220,Jagajaga,41536,2,Rae Rancie,FFPA,Family First,2775,2.50%,N,N,OTH,OTH_FFPA,OTH,OTH_FFPA,RIGHT,Minor-party or unaffiliated candidate; ideology requires review.,Needs subjective review,26.10%,73.90%,2775,Strong Coalition flow,,23,,,,,,,,
2025,VIC,220,Jagajaga,40764,3,Chris Parr,LP,Liberal,32724,29.45%,N,N,LNP,LIB,LNP,LIB,,Official Coalition affiliation.,Auto-classified,,,,,,,,,,,,,,
2025,VIC,220,Jagajaga,41095,4,Jy Sandford,GVIC,The Greens,17334,15.60%,N,N,GRN,GRN,GRN,GRN,,Official Greens affiliation.,Auto-classified,93.90%,6.10%,17334,Strong ALP flow,,23,,,,,,,,
2025,VIC,220,Jagajaga,41542,5,Chris Kearney,IND,Independent,5167,4.65%,N,N,OTH,IND_MINOR,OTH,IND_MINOR,LEFT,Official independent below 5% of formal first preferences.,Needs subjective review,74.80%,25.20%,5167,Strong ALP flow,,23,,,,,,,,
2025,VIC,220,Jagajaga,41617,6,Leslie Ralph,ON,Pauline Hanson's One Nation,4297,3.87%,N,N,ON,ON,ON,ON,,Official One Nation affiliation.,Auto-classified,23.60%,76.40%,4297,Strong Coalition flow,,23,,,,,,,,
2025,VIC,220,Jagajaga,40833,7,Kate Thwaites,ALP,Australian Labor Party,47284,42.56%,Y,Y,ALP,ALP,ALP,ALP,,Official Labor affiliation.,Auto-classified,,,,,,,,,,,,,,
2025,VIC,221,Kooyong,41311,1,Richard Peppard,LTP,Libertarian,1475,1.28%,N,N,OTH,OTH_LTP,OTH,OTH_LTP,RIGHT,Minor-party or unaffiliated candidate; ideology requires review.,Needs subjective review,17.70%,82.30%,1475,Strong Coalition flow,LIB,24,LIB,IND,81.00%,19.00%,1475,LIB,24,
2025,VIC,221,Kooyong,40763,2,Amelia Hamer,LP,Liberal,49542,43.13%,N,N,LNP,LIB,LNP,LIB,,Official Coalition affiliation.,Auto-classified,,,,,,,,,,,,,,
2025,VIC,221,Kooyong,41098,3,Jackie Carter,GVIC,The Greens,8900,7.75%,N,N,GRN,GRN,GRN,GRN,,Official Greens affiliation.,Auto-classified,88.00%,12.00%,8900,Strong ALP flow,,24,LIB,IND,10.70%,89.30%,8900,,24,
2025,VIC,221,Kooyong,41611,4,Camille Brache,ON,Pauline Hanson's One Nation,1201,1.05%,N,N,ON,ON,ON,ON,,Official One Nation affiliation.,Auto-classified,16.80%,83.20%,1201,Strong Coalition flow,,24,LIB,IND,77.00%,23.00%,1201,,24,
2025,VIC,221,Kooyong,41384,5,David Vader,CYA,Trumpet of Patriots,1124,0.98%,N,N,OTH,OTH_CYA,OTH,OTH_CYA,RIGHT,Minor-party or unaffiliated candidate; ideology requires review.,Needs subjective review,24.60%,75.40%,1124,Strong Coalition flow,,24,LIB,IND,70.10%,29.90%,1124,,24,
2025,VIC,221,Kooyong,36081,6,Monique Ryan,IND,Independent,38955,33.91%,Y,Y,IND,IND_PROMINENT,IND,IND_PROMINENT,CENTRE_LEFT,Official independent with at least 5% of formal first preferences.,Needs subjective review,83.30%,16.70%,38955,Strong ALP flow,,24,,,,,,,,
2025,VIC,221,Kooyong,40827,7,Clive Crosby,ALP,Australian Labor Party,13671,11.90%,N,N,ALP,ALP,ALP,ALP,,Official Labor affiliation.,Auto-classified,,,,,,,LIB,IND,23.90%,76.10%,13671,,24,
2025,VIC,223,La Trobe,41404,1,Gregory Thomas Hardiman,CYA,Trumpet of Patriots,4727,4.56%,N,N,OTH,OTH_CYA,OTH,OTH_CYA,RIGHT,Minor-party or unaffiliated candidate; ideology requires review.,Needs subjective review,42.20%,57.80%,4727,Coalition-leaning,ALP,25,,,,,,,,
2025,VIC,223,La Trobe,40828,2,Jeff Springfield,ALP,Australian Labor Party,33289,32.13%,N,N,ALP,ALP,ALP,ALP,,Official Labor affiliation.,Auto-classified,,,,,,,,,,,,,,
2025,VIC,223,La Trobe,41735,3,Ron Malhotra,FFPA,Family First,3713,3.58%,N,N,OTH,OTH_FFPA,OTH,OTH_FFPA,RIGHT,Minor-party or unaffiliated candidate; ideology requires review.,Needs subjective review,35.00%,65.00%,3713,Coalition-leaning,,25,,,,,,,,
2025,VIC,223,La Trobe,40772,4,Jason Wood,LP,Liberal,40547,39.13%,Y,Y,LNP,LIB,LNP,LIB,,Official Coalition affiliation.,Auto-classified,,,,,,,,,,,,,,
2025,VIC,223,La Trobe,41104,5,Jamie Longmuir,GVIC,The Greens,13386,12.92%,N,N,GRN,GRN,GRN,GRN,,Official Greens affiliation.,Auto-classified,83.70%,16.30%,13386,Strong ALP flow,,25,,,,,,,,
2025,VIC,223,La Trobe,41612,6,Leo Panetta,ON,Pauline Hanson's One Nation,7956,7.68%,N,N,ON,ON,ON,ON,,Official One Nation affiliation.,Auto-classified,23.70%,76.30%,7956,Strong Coalition flow,,25,,,,,,,,
2025,VIC,222,Lalor,41103,1,Owen Parris,GVIC,The Greens,15181,15.29%,N,N,GRN,GRN,GRN,GRN,,Official Greens affiliation.,Auto-classified,87.20%,12.80%,15181,Strong ALP flow,ALP,25,,,,,,,,
2025,VIC,222,Lalor,40835,2,Joanne Ryan,ALP,Australian Labor Party,43284,43.60%,Y,Y,ALP,ALP,ALP,ALP,,Official Labor affiliation.,Auto-classified,,,,,,,,,,,,,,
2025,VIC,222,Lalor,41566,3,Matthew Emerson,FFPA,Family First,4578,4.61%,N,N,OTH,OTH_FFPA,OTH,OTH_FFPA,RIGHT,Minor-party or unaffiliated candidate; ideology requires review.,Needs subjective review,46.20%,53.80%,4578,Neutral,,25,,,,,,,,
2025,VIC,222,Lalor,41615,4,Jason Oosthuizen,ON,Pauline Hanson's One Nation,6986,7.04%,N,N,ON,ON,ON,ON,,Official One Nation affiliation.,Auto-classified,34.20%,65.80%,6986,Coalition-leaning,,25,,,,,,,,
2025,VIC,222,Lalor,40779,5,Mira D'Silva,LP,Liberal,25869,26.06%,N,N,LNP,LIB,LNP,LIB,,Official Coalition affiliation.,Auto-classified,,,,,,,,,,,,,,
2025,VIC,222,Lalor,32267,6,Aijaz Moinuddin,IND,Independent,2101,2.12%,N,N,OTH,IND_MINOR,OTH,IND_MINOR,CENTRE_LEFT,Official independent below 5% of formal first preferences.,Needs subjective review,64.60%,35.40%,2101,ALP-leaning,,25,,,,,,,,
2025,VIC,222,Lalor,42079,7,Patrizia Barcatta,LTP,Libertarian,1285,1.29%,N,N,OTH,OTH_LTP,OTH,OTH_LTP,RIGHT,Minor-party or unaffiliated candidate; ideology requires review.,Needs subjective review,29.60%,70.40%,1285,Strong Coalition flow,,25,,,,,,,,
2025,VIC,322,Macnamara,40825,1,Josh Burns,ALP,Australian Labor Party,36228,36.11%,Y,Y,ALP,ALP,ALP,ALP,,Official Labor affiliation.,Auto-classified,,,,,,,,,,,,,,
2025,VIC,322,Macnamara,41628,2,Sean Rubin,ON,Pauline Hanson's One Nation,2803,2.79%,N,N,ON,ON,ON,ON,,Official One Nation affiliation.,Auto-classified,20.50%,79.50%,2803,Strong Coalition flow,,27,,,,,,,,
2025,VIC,322,Macnamara,41110,3,Sonya Semmens,GVIC,The Greens,25561,25.47%,N,N,GRN,GRN,GRN,GRN,,Official Greens affiliation.,Auto-classified,93.40%,6.60%,25561,Strong ALP flow,,27,,,,,,,,
2025,VIC,322,Macnamara,40768,4,Benson Saulo,LP,Liberal,32606,32.50%,N,N,LNP,LIB,LNP,LIB,,Official Coalition affiliation.,Auto-classified,,,,,,,,,,,,,,
2025,VIC,322,Macnamara,42010,5,Michael Abelman,LTP,Libertarian,1299,1.29%,N,N,OTH,OTH_LTP,OTH,OTH_LTP,RIGHT,Minor-party or unaffiliated candidate; ideology requires review.,Needs subjective review,25.20%,74.80%,1299,Strong Coalition flow,,27,,,,,,,,
2025,VIC,322,Macnamara,37774,6,JB Myers,IND,Independent,1841,1.83%,N,N,OTH,IND_MINOR,OTH,IND_MINOR,CENTRE,Official independent below 5% of formal first preferences.,Needs subjective review,54.40%,45.60%,1841,Neutral,,27,,,,,,,,
2025,VIC,224,Mallee,41116,1,Nicole Rowan,GVIC,The Greens,9477,9.14%,N,N,GRN,GRN,GRN,GRN,,Official Greens affiliation.,Auto-classified,68.00%,32.00%,9477,ALP-leaning,NAT,28,,,,,,,,
2025,VIC,224,Mallee,41140,2,Anne Webster,NP,The Nationals,51553,49.71%,Y,Y,LNP,NAT,LNP,NAT,,Official Coalition affiliation.,Auto-classified,,,,,,,,,,,,,,
2025,VIC,224,Mallee,40699,3,Chris Lahy,CEC,Citizens Party,983,0.95%,N,N,OTH,OTH_CEC,OTH,OTH_CEC,CENTRE,Minor-party or unaffiliated candidate; ideology requires review.,Needs subjective review,42.40%,57.60%,983,Coalition-leaning,,28,,,,,,,,
2025,VIC,224,Mallee,41418,4,Adam Troy Veitch,CYA,Trumpet of Patriots,3810,3.67%,N,N,OTH,OTH_CYA,OTH,OTH_CYA,RIGHT,Minor-party or unaffiliated candidate; ideology requires review.,Needs subjective review,27.90%,72.10%,3810,Strong Coalition flow,,28,,,,,,,,
2025,VIC,224,Mallee,40824,5,Greg Olsen,ALP,Australian Labor Party,19839,19.13%,N,N,ALP,ALP,ALP,ALP,,Official Labor affiliation.,Auto-classified,,,,,,,,,,,,,,
2025,VIC,224,Mallee,41613,6,Vaughan Williams,ON,Pauline Hanson's One Nation,11414,11.01%,N,N,ON,ON,ON,ON,,Official One Nation affiliation.,Auto-classified,19.70%,80.30%,11414,Strong Coalition flow,,28,,,,,,,,
2025,VIC,224,Mallee,41308,7,Jeff Barry,LTP,Libertarian,2671,2.58%,N,N,OTH,OTH_LTP,OTH,OTH_LTP,RIGHT,Minor-party or unaffiliated candidate; ideology requires review.,Needs subjective review,26.70%,73.30%,2671,Strong Coalition flow,,28,,,,,,,,
2025,VIC,224,Mallee,41583,8,Ashleigh Gray,FFPA,Family First,3960,3.82%,N,N,OTH,OTH_FFPA,OTH,OTH_FFPA,RIGHT,Minor-party or unaffiliated candidate; ideology requires review.,Needs subjective review,35.10%,64.90%,3960,Coalition-leaning,,28,,,,,,,,
2025,VIC,225,Maribyrnong,41117,1,James Williams,GVIC,The Greens,23594,21.22%,N,N,GRN,GRN,GRN,GRN,,Official Greens affiliation.,Auto-classified,91.70%,8.30%,23594,Strong ALP flow,ALP,28,,,,,,,,
2025,VIC,225,Maribyrnong,40821,2,Jo Briskey,ALP,Australian Labor Party,46064,41.43%,Y,N,ALP,ALP,ALP,ALP,,Official Labor affiliation.,Auto-classified,,,,,,,,,,,,,,
2025,VIC,225,Maribyrnong,40781,3,Tim Beddoe,LP,Liberal,33874,30.46%,N,N,LNP,LIB,LNP,LIB,,Official Coalition affiliation.,Auto-classified,,,,,,,,,,,,,,
2025,VIC,225,Maribyrnong,41606,4,Alannah Casey,ON,Pauline Hanson's One Nation,7665,6.89%,N,N,ON,ON,ON,ON,,Official One Nation affiliation.,Auto-classified,25.50%,74.50%,7665,Strong Coalition flow,,28,,,,,,,,
2025,VIC,226,McEwen,40985,1,Ali Antoniou,GRPF,Gerard Rennick People First,3538,3.38%,N,N,OTH,OTH_GRPF,OTH,OTH_GRPF,RIGHT,Minor-party or unaffiliated candidate; ideology requires review.,Needs subjective review,21.10%,78.90%,3538,Strong Coalition flow,LIB,29,,,,,,,,
2025,VIC,226,McEwen,41237,2,Tom Forrest,HMP,Legalise Cannabis Party,4057,3.88%,N,N,OTH,OTH_HMP,OTH,OTH_HMP,CENTRE_LEFT,Minor-party or unaffiliated candidate; ideology requires review.,Needs subjective review,56.10%,43.90%,4057,ALP-leaning,,29,,,,,,,,
2025,VIC,226,McEwen,41591,3,Julio G Valencia,FFPA,Family First,2499,2.39%,N,N,OTH,OTH_FFPA,OTH,OTH_FFPA,RIGHT,Minor-party or unaffiliated candidate; ideology requires review.,Needs subjective review,35.30%,64.70%,2499,Coalition-leaning,,29,,,,,,,,
2025,VIC,226,McEwen,41120,4,Marley Mcrae Mcleod,GVIC,The Greens,11611,11.10%,N,N,GRN,GRN,GRN,GRN,,Official Greens affiliation.,Auto-classified,90.50%,9.50%,11611,Strong ALP flow,,29,,,,,,,,
2025,VIC,226,McEwen,41318,5,Chloe Nicolosi,AJP,Animal Justice Party,2100,2.01%,N,N,OTH,OTH_AJP,OTH,OTH_AJP,CENTRE_LEFT,Minor-party or unaffiliated candidate; ideology requires review.,Needs subjective review,65.80%,34.20%,2100,ALP-leaning,,29,,,,,,,,
2025,VIC,226,McEwen,41614,6,Jeremy Johnson,ON,Pauline Hanson's One Nation,6869,6.57%,N,N,ON,ON,ON,ON,,Official One Nation affiliation.,Auto-classified,26.20%,73.80%,6869,Strong Coalition flow,,29,,,,,,,,
2025,VIC,226,McEwen,40804,7,Jason Mcclintock,LP,Liberal,34023,32.52%,N,N,LNP,LIB,LNP,LIB,,Official Coalition affiliation.,Auto-classified,,,,,,,,,,,,,,
2025,VIC,226,McEwen,41767,8,Erin Mcgrath,SOPA,FUSION | Planet Rescue | Whistleblower Protection | Innovation,840,0.80%,N,N,OTH,OTH_SOPA,OTH,OTH_SOPA,LEFT,Minor-party or unaffiliated candidate; ideology requires review.,Needs subjective review,73.00%,27.00%,840,Strong ALP flow,,29,,,,,,,,
2025,VIC,226,McEwen,40812,9,Rob Mitchell,ALP,Australian Labor Party,39079,37.35%,Y,Y,ALP,ALP,ALP,ALP,,Official Labor affiliation.,Auto-classified,,,,,,,,,,,,,,
2025,VIC,228,Melbourne,41607,1,Melanie Casey,ON,Pauline Hanson's One Nation,2438,2.50%,N,N,ON,ON,ON,ON,,Official One Nation affiliation.,Auto-classified,31.70%,68.30%,2438,Coalition-leaning,ALP,30,ALP,GRN,81.00%,19.00%,2438,ALP,29,
2025,VIC,228,Melbourne,40817,2,Sarah Witty,ALP,Australian Labor Party,30541,31.34%,Y,N,ALP,ALP,ALP,ALP,,Official Labor affiliation.,Auto-classified,,,,,,,,,,,,,,
2025,VIC,228,Melbourne,42101,3,Tim Smith,IND,Independent,1615,1.66%,N,N,OTH,IND_MINOR,OTH,IND_MINOR,CENTRE,Official independent below 5% of formal first preferences.,Needs subjective review,57.00%,43.00%,1615,ALP-leaning,,30,ALP,GRN,59.60%,40.40%,1615,,29,
2025,VIC,228,Melbourne,42099,4,Anthony Koutoufides,IND,Independent,3204,3.29%,N,N,OTH,IND_MINOR,OTH,IND_MINOR,CENTRE,Official independent below 5% of formal first preferences.,Needs subjective review,52.10%,47.90%,3204,Neutral,,30,ALP,GRN,70.20%,29.80%,3204,,29,
2025,VIC,228,Melbourne,41119,5,Adam Bandt,GVIC,The Greens,38457,39.46%,N,Y,GRN,GRN,GRN,GRN,,Official Greens affiliation.,Auto-classified,95.30%,4.70%,38457,Strong ALP flow,,30,,,,,,,,
2025,VIC,228,Melbourne,41381,6,Helen Huang,SOPA,FUSION | Planet Rescue | Whistleblower Protection | Innovation,1926,1.98%,N,N,OTH,OTH_SOPA,OTH,OTH_SOPA,LEFT,Minor-party or unaffiliated candidate; ideology requires review.,Needs subjective review,79.40%,20.60%,1926,Strong ALP flow,,30,ALP,GRN,37.10%,62.90%,1926,,29,
2025,VIC,228,Melbourne,40765,7,Steph Hunt,LP,Liberal,19267,19.77%,N,N,LNP,LIB,LNP,LIB,,Official Coalition affiliation.,Auto-classified,,,,,,,ALP,GRN,79.00%,21.00%,19267,,29,
2025,VIC,229,Menzies,41438,1,Amanda Paliouras,CYA,Trumpet of Patriots,2708,2.47%,N,N,OTH,OTH_CYA,OTH,OTH_CYA,RIGHT,Minor-party or unaffiliated candidate; ideology requires review.,Needs subjective review,25.80%,74.20%,2708,Strong Coalition flow,LIB,30,,,,,,,,
2025,VIC,229,Menzies,41123,2,Bill Pheasant,GVIC,The Greens,11998,10.96%,N,N,GRN,GRN,GRN,GRN,,Official Greens affiliation.,Auto-classified,88.80%,11.20%,11998,Strong ALP flow,,30,,,,,,,,
2025,VIC,229,Menzies,40778,3,Keith Wolahan,LP,Liberal,44473,40.64%,N,Y,LNP,LIB,LNP,LIB,,Official Coalition affiliation.,Auto-classified,,,,,,,,,,,,,,
2025,VIC,229,Menzies,40638,4,Stella Yee,IND,Independent,6966,6.37%,N,N,IND,IND_PROMINENT,IND,IND_PROMINENT,LEFT,Official independent with at least 5% of formal first preferences.,Needs subjective review,75.50%,24.50%,6966,Strong ALP flow,,30,,,,,,,,
2025,VIC,229,Menzies,41310,5,Joshua Utoyo,LTP,Libertarian,1362,1.24%,N,N,OTH,OTH_LTP,OTH,OTH_LTP,RIGHT,Minor-party or unaffiliated candidate; ideology requires review.,Needs subjective review,20.40%,79.60%,1362,Strong Coalition flow,,30,,,,,,,,
2025,VIC,229,Menzies,41580,6,Ann Seeley,FFPA,Family First,1759,1.61%,N,N,OTH,OTH_FFPA,OTH,OTH_FFPA,RIGHT,Minor-party or unaffiliated candidate; ideology requires review.,Needs subjective review,29.50%,70.50%,1759,Strong Coalition flow,,30,,,,,,,,
2025,VIC,229,Menzies,40820,7,Gabriel Ng,ALP,Australian Labor Party,38012,34.74%,Y,N,ALP,ALP,ALP,ALP,,Official Labor affiliation.,Auto-classified,,,,,,,,,,,,,,
2025,VIC,229,Menzies,41603,8,Jhett Edwards-Scott,ON,Pauline Hanson's One Nation,2152,1.97%,N,N,ON,ON,ON,ON,,Official One Nation affiliation.,Auto-classified,22.10%,77.90%,2152,Strong Coalition flow,,30,,,,,,,,
2025,VIC,323,Monash,41598,1,Kuljeet Kaur Robinson,ON,Pauline Hanson's One Nation,8166,7.97%,N,N,ON,ON,ON,ON,,Official One Nation affiliation.,Auto-classified,26.50%,73.50%,8166,Strong Coalition flow,ALP,30,,,,,,,,
2025,VIC,323,Monash,40818,2,Tully Fletcher,ALP,Australian Labor Party,20804,20.29%,N,N,ALP,ALP,ALP,ALP,,Official Labor affiliation.,Auto-classified,,,,,,,,,,,,,,
2025,VIC,323,Monash,36737,3,Russell Broadbent,IND,Independent,10450,10.19%,N,Y,IND,IND_PROMINENT,IND,IND_PROMINENT,RIGHT,Official independent with at least 5% of formal first preferences.,Needs subjective review,26.60%,73.40%,10450,Strong Coalition flow,,30,,,,,,,,
2025,VIC,323,Monash,40769,4,Mary Aldred,LP,Liberal,32579,31.78%,Y,N,LNP,LIB,LNP,LIB,,Official Coalition affiliation.,Auto-classified,,,,,,,,,,,,,,
2025,VIC,323,Monash,36065,5,Deb Leonard,IND,Independent,17529,17.10%,N,N,IND,IND_PROMINENT,IND,IND_PROMINENT,CENTRE_LEFT,Official independent with at least 5% of formal first preferences.,Needs subjective review,75.00%,25.00%,17529,Strong ALP flow,,30,,,,,,,,
2025,VIC,323,Monash,41534,6,Geoff Dethlefs,FFPA,Family First,1801,1.76%,N,N,OTH,OTH_FFPA,OTH,OTH_FFPA,RIGHT,Minor-party or unaffiliated candidate; ideology requires review.,Needs subjective review,27.90%,72.10%,1801,Strong Coalition flow,,30,,,,,,,,
2025,VIC,323,Monash,41233,7,David O'Reilly,HMP,Legalise Cannabis Party,3521,3.43%,N,N,OTH,OTH_HMP,OTH,OTH_HMP,CENTRE_LEFT,Minor-party or unaffiliated candidate; ideology requires review.,Needs subjective review,61.00%,39.00%,3521,ALP-leaning,,30,,,,,,,,
2025,VIC,323,Monash,41100,8,Terence Steele,GVIC,The Greens,5062,4.94%,N,N,GRN,GRN,GRN,GRN,,Official Greens affiliation.,Auto-classified,89.50%,10.50%,5062,Strong ALP flow,,30,,,,,,,,
2025,VIC,323,Monash,41366,9,Alex Wehbe,CYA,Trumpet of Patriots,2608,2.54%,N,N,OTH,OTH_CYA,OTH,OTH_CYA,RIGHT,Minor-party or unaffiliated candidate; ideology requires review.,Needs subjective review,38.50%,61.50%,2608,Coalition-leaning,,30,,,,,,,,
2025,VIC,324,Nicholls,40815,1,Kim Travers,ALP,Australian Labor Party,25560,24.24%,N,N,ALP,ALP,ALP,ALP,,Official Labor affiliation.,Auto-classified,,,,,,,,,,,,,,
2025,VIC,324,Nicholls,41549,2,Paul Edward Bachelor,FFPA,Family First,4717,4.47%,N,N,OTH,OTH_FFPA,OTH,OTH_FFPA,RIGHT,Minor-party or unaffiliated candidate; ideology requires review.,Needs subjective review,29.90%,70.10%,4717,Strong Coalition flow,,32,,,,,,,,
2025,VIC,324,Nicholls,41394,3,Glenn Francis Floyd,CYA,Trumpet of Patriots,4999,4.74%,N,N,OTH,OTH_CYA,OTH,OTH_CYA,RIGHT,Minor-party or unaffiliated candidate; ideology requires review.,Needs subjective review,29.50%,70.50%,4999,Strong Coalition flow,,32,,,,,,,,
2025,VIC,324,Nicholls,41597,4,Aaron Tyrrell,ON,Pauline Hanson's One Nation,12095,11.47%,N,N,ON,ON,ON,ON,,Official One Nation affiliation.,Auto-classified,20.30%,79.70%,12095,Strong Coalition flow,,32,,,,,,,,
2025,VIC,324,Nicholls,41134,5,Sam Birrell,NP,The Nationals,48762,46.24%,Y,Y,LNP,NAT,LNP,NAT,,Official Coalition affiliation.,Auto-classified,,,,,,,,,,,,,,
2025,VIC,324,Nicholls,40702,6,Jeff Davy,CEC,Citizens Party,1082,1.03%,N,N,OTH,OTH_CEC,OTH,OTH_CEC,CENTRE,Minor-party or unaffiliated candidate; ideology requires review.,Needs subjective review,37.20%,62.80%,1082,Coalition-leaning,,32,,,,,,,,
2025,VIC,324,Nicholls,41106,7,Shelby Eade,GVIC,The Greens,8235,7.81%,N,N,GRN,GRN,GRN,GRN,,Official Greens affiliation.,Auto-classified,76.00%,24.00%,8235,Strong ALP flow,,32,,,,,,,,
2025,VIC,232,Scullin,41392,1,Adriana Buccianti,CYA,Trumpet of Patriots,5479,5.68%,N,N,OTH,OTH_CYA,OTH,OTH_CYA,RIGHT,Minor-party or unaffiliated candidate; ideology requires review.,Needs subjective review,33.00%,67.00%,5479,Coalition-leaning,LIB,36,,,,,,,,
2025,VIC,232,Scullin,41540,2,Cassandra Bell,FFPA,Family First,3752,3.89%,N,N,OTH,OTH_FFPA,OTH,OTH_FFPA,RIGHT,Minor-party or unaffiliated candidate; ideology requires review.,Needs subjective review,42.00%,58.00%,3752,Coalition-leaning,,36,,,,,,,,
2025,VIC,232,Scullin,41001,3,Omar Hassan,VNS,Victorian Socialists,6227,6.45%,N,N,OTH,OTH_VNS,OTH,OTH_VNS,LEFT,Minor-party or unaffiliated candidate; ideology requires review.,Needs subjective review,80.30%,19.70%,6227,Strong ALP flow,,36,,,,,,,,
2025,VIC,232,Scullin,41605,4,Arthur Tsoutsoulis,ON,Pauline Hanson's One Nation,6401,6.63%,N,N,ON,ON,ON,ON,,Official One Nation affiliation.,Auto-classified,28.30%,71.70%,6401,Strong Coalition flow,,36,,,,,,,,
2025,VIC,232,Scullin,41113,5,Loki Sangarya,GVIC,The Greens,9090,9.42%,N,N,GRN,GRN,GRN,GRN,,Official Greens affiliation.,Auto-classified,85.10%,14.90%,9090,Strong ALP flow,,36,,,,,,,,
2025,VIC,232,Scullin,40782,6,Rohit Taggar,LP,Liberal,19807,20.52%,N,N,LNP,LIB,LNP,LIB,,Official Coalition affiliation.,Auto-classified,,,,,,,,,,,,,,
2025,VIC,232,Scullin,40819,7,Andrew Giles,ALP,Australian Labor Party,43348,44.90%,Y,Y,ALP,ALP,ALP,ALP,,Official Labor affiliation.,Auto-classified,,,,,,,,,,,,,,
2025,VIC,232,Scullin,40987,8,Ursula Van Bree,GRPF,Gerard Rennick People First,2441,2.53%,N,N,OTH,OTH_GRPF,OTH,OTH_GRPF,RIGHT,Minor-party or unaffiliated candidate; ideology requires review.,Needs subjective review,32.40%,67.60%,2441,Coalition-leaning,,36,,,,,,,,
2025,VIC,233,Wannon,33601,1,Alex Dyson,IND,Independent,34012,31.38%,N,N,IND,IND_PROMINENT,IND,IND_PROMINENT,CENTRE_LEFT,Official independent with at least 5% of formal first preferences.,Needs subjective review,71.20%,28.80%,34012,Strong ALP flow,LIB,38,,,,,,,,
2025,VIC,233,Wannon,41544,2,Lee-Ann Elmes,FFPA,Family First,2065,1.90%,N,N,OTH,OTH_FFPA,OTH,OTH_FFPA,RIGHT,Minor-party or unaffiliated candidate; ideology requires review.,Needs subjective review,23.00%,77.00%,2065,Strong Coalition flow,,38,LIB,IND,65.60%,34.40%,2065,,37,
2025,VIC,233,Wannon,41280,3,Kate Gazzard,GVIC,The Greens,3427,3.16%,N,N,GRN,GRN,GRN,GRN,,Official Greens affiliation.,Auto-classified,81.90%,18.10%,3427,Strong ALP flow,,38,LIB,IND,14.60%,85.40%,3427,,37,
2025,VIC,233,Wannon,41388,4,Julie Ann Mccamish,CYA,Trumpet of Patriots,1789,1.65%,N,N,OTH,OTH_CYA,OTH,OTH_CYA,RIGHT,Minor-party or unaffiliated candidate; ideology requires review.,Needs subjective review,27.30%,72.70%,1789,Strong Coalition flow,,38,LIB,IND,52.30%,47.70%,1789,,37,
2025,VIC,233,Wannon,41231,5,Robbie Swan,HMP,Legalise Cannabis Party,3037,2.80%,N,N,OTH,OTH_HMP,OTH,OTH_HMP,CENTRE_LEFT,Minor-party or unaffiliated candidate; ideology requires review.,Needs subjective review,48.60%,51.40%,3037,Neutral,,38,LIB,IND,39.80%,60.20%,3037,,37,
2025,VIC,233,Wannon,41588,6,Leo Curtain,ON,Pauline Hanson's One Nation,4529,4.18%,N,N,ON,ON,ON,ON,,Official One Nation affiliation.,Auto-classified,23.00%,77.00%,4529,Strong Coalition flow,,38,LIB,IND,68.50%,31.50%,4529,,37,
2025,VIC,233,Wannon,40770,7,Dan Tehan,LP,Liberal,47312,43.64%,Y,Y,LNP,LIB,LNP,LIB,,Official Coalition affiliation.,Auto-classified,,,,,,,,,,,,,,
2025,VIC,233,Wannon,40808,8,Fiona Mackenzie,ALP,Australian Labor Party,11438,10.55%,N,N,ALP,ALP,ALP,ALP,,Official Labor affiliation.,Auto-classified,,,,,,,LIB,IND,25.70%,74.30%,11438,,37,
2025,VIC,233,Wannon,41466,9,Bernadine Atkinson,IND,Independent,794,0.73%,N,N,OTH,IND_MINOR,OTH,IND_MINOR,CENTRE,Official independent below 5% of formal first preferences.,Needs subjective review,53.80%,46.20%,794,Neutral,,38,LIB,IND,49.60%,50.40%,794,,37,
2025,VIC,234,Wills,41589,1,Sue Bolton,SAL,Socialist Alliance,8808,8.02%,N,N,OTH,OTH_SAL,OTH,OTH_SAL,LEFT,Minor-party or unaffiliated candidate; ideology requires review.,Needs subjective review,92.60%,7.40%,8808,Strong ALP flow,ALP,40,ALP,GRN,16.40%,83.60%,8808,ALP,40,
2025,VIC,234,Wills,40810,2,Peter Khalil,ALP,Australian Labor Party,39069,35.59%,Y,Y,ALP,ALP,ALP,ALP,,Official Labor affiliation.,Auto-classified,,,,,,,,,,,,,,
2025,VIC,234,Wills,40775,3,Jeff Kidney,LP,Liberal,14121,12.86%,N,N,LNP,LIB,LNP,LIB,,Official Coalition affiliation.,Auto-classified,,,,,,,ALP,GRN,74.90%,25.10%,14121,,40,
2025,VIC,234,Wills,41220,4,Margee Glover,HMP,Legalise Cannabis Party,3067,2.79%,N,N,OTH,OTH_HMP,OTH,OTH_HMP,CENTRE_LEFT,Minor-party or unaffiliated candidate; ideology requires review.,Needs subjective review,76.60%,23.40%,3067,Strong ALP flow,,40,ALP,GRN,45.30%,54.70%,3067,,40,
2025,VIC,234,Wills,41378,5,Owen Miller,SOPA,FUSION | Planet Rescue | Whistleblower Protection | Innovation,1122,1.02%,N,N,OTH,OTH_SOPA,OTH,OTH_SOPA,LEFT,Minor-party or unaffiliated candidate; ideology requires review.,Needs subjective review,77.50%,22.50%,1122,Strong ALP flow,,40,ALP,GRN,37.50%,62.50%,1122,,40,
2025,VIC,234,Wills,41108,6,Samantha Ratnam,GVIC,The Greens,38834,35.37%,N,N,GRN,GRN,GRN,GRN,,Official Greens affiliation.,Auto-classified,95.70%,4.30%,38834,Strong ALP flow,,40,,,,,,,,
2025,VIC,234,Wills,41315,7,Rachel Versteegen,LTP,Libertarian,918,0.84%,N,N,OTH,OTH_LTP,OTH,OTH_LTP,RIGHT,Minor-party or unaffiliated candidate; ideology requires review.,Needs subjective review,31.50%,68.50%,918,Coalition-leaning,,40,ALP,GRN,71.40%,28.60%,918,,40,
2025,VIC,234,Wills,41593,8,Bruce Stevens,ON,Pauline Hanson's One Nation,3842,3.50%,N,N,ON,ON,ON,ON,,Official One Nation affiliation.,Auto-classified,22.80%,77.20%,3842,Strong Coalition flow,,40,ALP,GRN,75.70%,24.30%,3842,,40,
2025,WA,235,Brand,41660,1,Jody Freeman,GRN,The Greens (WA) Inc,12412,13.23%,N,N,GRN,GRN,GRN,GRN,,Official Greens affiliation.,Auto-classified,87.10%,12.90%,12412,Strong ALP flow,ALP,6,,,,,,,,
2025,WA,235,Brand,41610,2,Stephen Box,ON,Pauline Hanson's One Nation,11960,12.75%,N,N,ON,ON,ON,ON,,Official One Nation affiliation.,Auto-classified,31.20%,68.80%,11960,Coalition-leaning,,6,,,,,,,,
2025,WA,235,Brand,41243,3,Madeleine King,ALP,Australian Labor Party,43014,45.86%,Y,Y,ALP,ALP,ALP,ALP,,Official Labor affiliation.,Auto-classified,,,,,,,,,,,,,,
2025,WA,235,Brand,41662,4,Jim Matters,HMP,Legalise Cannabis Party,7935,8.46%,N,N,OTH,OTH_HMP,OTH,OTH_HMP,CENTRE_LEFT,Minor-party or unaffiliated candidate; ideology requires review.,Needs subjective review,65.70%,34.30%,7935,ALP-leaning,,6,,,,,,,,
2025,WA,235,Brand,41216,5,Claire Moody,LP,Liberal,18472,19.69%,N,N,LNP,LIB,LNP,LIB,,Official Coalition affiliation.,Auto-classified,,,,,,,,,,,,,,
2025,WA,329,Bullwinkel,41647,1,Trevor Mayes,ON,Pauline Hanson's One Nation,9011,8.61%,N,N,ON,ON,ON,ON,,Official One Nation affiliation.,Auto-classified,23.40%,76.60%,9011,Strong Coalition flow,LIB,6,,,,,,,,
2025,WA,329,Bullwinkel,41078,2,Les Holten,AUC,Australian Christians,3287,3.14%,N,N,OTH,OTH_AUC,OTH,OTH_AUC,RIGHT,Minor-party or unaffiliated candidate; ideology requires review.,Needs subjective review,17.40%,82.60%,3287,Strong Coalition flow,,6,,,,,,,,
2025,WA,329,Bullwinkel,41720,3,Penelope Rose Young,HMP,Legalise Cannabis Party,5262,5.03%,N,N,OTH,OTH_HMP,OTH,OTH_HMP,CENTRE_LEFT,Minor-party or unaffiliated candidate; ideology requires review.,Needs subjective review,59.60%,40.40%,5262,ALP-leaning,,6,,,,,,,,
2025,WA,329,Bullwinkel,41223,4,Matt Moran,LP,Liberal,25433,24.30%,N,N,LNP,LIB,LNP,LIB,,Official Coalition affiliation.,Auto-classified,,,,,,,,,,,,,,
2025,WA,329,Bullwinkel,41248,5,Trish Cook,ALP,Australian Labor Party,33436,31.95%,Y,N,ALP,ALP,ALP,ALP,,Official Labor affiliation.,Auto-classified,,,,,,,,,,,,,,
2025,WA,329,Bullwinkel,41756,6,Mia Davies,NP,The Nationals,16507,15.77%,N,N,LNP,NAT,LNP,NAT,,Official Coalition affiliation.,Auto-classified,19.30%,80.70%,16507,Strong Coalition flow,,6,,,,,,,,
2025,WA,329,Bullwinkel,41719,7,Abbey Bishop,GRN,The Greens (WA) Inc,11728,11.21%,N,N,GRN,GRN,GRN,GRN,,Official Greens affiliation.,Auto-classified,88.90%,11.10%,11728,Strong ALP flow,,6,,,,,,,,
2025,WA,317,Burt,41652,1,Liz Ierardi,ON,Pauline Hanson's One Nation,9789,9.92%,N,N,ON,ON,ON,ON,,Official One Nation affiliation.,Auto-classified,28.30%,71.70%,9789,Strong Coalition flow,LIB,7,,,,,,,,
2025,WA,317,Burt,41229,2,Sean Ayres,LP,Liberal,18879,19.13%,N,N,LNP,LIB,LNP,LIB,,Official Coalition affiliation.,Auto-classified,,,,,,,,,,,,,,
2025,WA,317,Burt,41726,3,Adam Abdul Razak,GRN,The Greens (WA) Inc,11336,11.49%,N,N,GRN,GRN,GRN,GRN,,Official Greens affiliation.,Auto-classified,86.80%,13.20%,11336,Strong ALP flow,,7,,,,,,,,
2025,WA,317,Burt,41253,4,Matt Keogh,ALP,Australian Labor Party,46123,46.73%,Y,Y,ALP,ALP,ALP,ALP,,Official Labor affiliation.,Auto-classified,,,,,,,,,,,,,,
2025,WA,317,Burt,41727,5,Fiona Caruso,HMP,Legalise Cannabis Party,5784,5.86%,N,N,OTH,OTH_HMP,OTH,OTH_HMP,CENTRE_LEFT,Minor-party or unaffiliated candidate; ideology requires review.,Needs subjective review,61.90%,38.10%,5784,ALP-leaning,,7,,,,,,,,
2025,WA,317,Burt,41082,6,Alvin Mathew Vadakkedathu,AUC,Australian Christians,4630,4.69%,N,N,OTH,OTH_AUC,OTH,OTH_AUC,RIGHT,Minor-party or unaffiliated candidate; ideology requires review.,Needs subjective review,25.90%,74.10%,4630,Strong Coalition flow,,7,,,,,,,,
2025,WA,317,Burt,40669,7,Ashok Kumar Tewatia,IND,Independent,2150,2.18%,N,N,OTH,IND_MINOR,OTH,IND_MINOR,CENTRE_LEFT,Official independent below 5% of formal first preferences.,Needs subjective review,62.00%,38.00%,2150,ALP-leaning,,7,,,,,,,,
2025,WA,236,Canning,41236,1,Andrew Hastie,LP,Liberal,42794,42.52%,Y,Y,LNP,LIB,LNP,LIB,,Official Coalition affiliation.,Auto-classified,,,,,,,,,,,,,,
2025,WA,236,Canning,41654,2,Fernando Bove,ON,Pauline Hanson's One Nation,11488,11.41%,N,N,ON,ON,ON,ON,,Official One Nation affiliation.,Auto-classified,21.60%,78.40%,11488,Strong Coalition flow,,8,,,,,,,,
2025,WA,236,Canning,41741,3,Jordan Cahill,GRN,The Greens (WA) Inc,8967,8.91%,N,N,GRN,GRN,GRN,GRN,,Official Greens affiliation.,Auto-classified,82.30%,17.70%,8967,Strong ALP flow,,8,,,,,,,,
2025,WA,236,Canning,41828,4,John Raymond Carey,CEC,Citizens Party,1084,1.08%,N,N,OTH,OTH_CEC,OTH,OTH_CEC,CENTRE,Minor-party or unaffiliated candidate; ideology requires review.,Needs subjective review,42.30%,57.70%,1084,Coalition-leaning,,8,,,,,,,,
2025,WA,236,Canning,41732,5,Paul Gullan,HMP,Legalise Cannabis Party,6216,6.18%,N,N,OTH,OTH_HMP,OTH,OTH_HMP,CENTRE_LEFT,Minor-party or unaffiliated candidate; ideology requires review.,Needs subjective review,53.30%,46.70%,6216,Neutral,,8,,,,,,,,
2025,WA,236,Canning,41262,6,Jarrad Goold,ALP,Australian Labor Party,30098,29.90%,N,N,ALP,ALP,ALP,ALP,,Official Labor affiliation.,Auto-classified,,,,,,,,,,,,,,
2025,WA,237,Cowan,41241,1,Felicia Adeniyi,LP,Liberal,23233,24.17%,N,N,LNP,LIB,LNP,LIB,,Official Coalition affiliation.,Auto-classified,,,,,,,,,,,,,,
2025,WA,237,Cowan,41636,2,Charles Smith,CYA,Trumpet of Patriots,2311,2.40%,N,N,OTH,OTH_CYA,OTH,OTH_CYA,RIGHT,Minor-party or unaffiliated candidate; ideology requires review.,Needs subjective review,33.10%,66.90%,2311,Coalition-leaning,,11,,,,,,,,
2025,WA,237,Cowan,41740,3,John Bell,HMP,Legalise Cannabis Party,4103,4.27%,N,N,OTH,OTH_HMP,OTH,OTH_HMP,CENTRE_LEFT,Minor-party or unaffiliated candidate; ideology requires review.,Needs subjective review,61.70%,38.30%,4103,ALP-leaning,,11,,,,,,,,
2025,WA,237,Cowan,41898,4,Matthew Count,GRN,The Greens (WA) Inc,10367,10.78%,N,N,GRN,GRN,GRN,GRN,,Official Greens affiliation.,Auto-classified,87.40%,12.60%,10367,Strong ALP flow,,11,,,,,,,,
2025,WA,237,Cowan,41655,5,Bradley Yates,ON,Pauline Hanson's One Nation,4869,5.06%,N,N,ON,ON,ON,ON,,Official One Nation affiliation.,Auto-classified,27.10%,72.90%,4869,Strong Coalition flow,,11,,,,,,,,
2025,WA,237,Cowan,40667,6,Wade Mcdonald,IND,Independent,3417,3.55%,N,N,OTH,IND_MINOR,OTH,IND_MINOR,CENTRE,Official independent below 5% of formal first preferences.,Needs subjective review,54.90%,45.10%,3417,Neutral,,11,,,,,,,,
2025,WA,237,Cowan,41087,7,Wesley D'Costa,AUC,Australian Christians,3015,3.14%,N,N,OTH,OTH_AUC,OTH,OTH_AUC,RIGHT,Minor-party or unaffiliated candidate; ideology requires review.,Needs subjective review,26.80%,73.20%,3015,Strong Coalition flow,,11,,,,,,,,
2025,WA,237,Cowan,41353,8,Anne Aly,ALP,Australian Labor Party,44826,46.63%,Y,Y,ALP,ALP,ALP,ALP,,Official Labor affiliation.,Auto-classified,,,,,,,,,,,,,,
2025,WA,238,Curtin,41244,1,Tom White,LP,Liberal,42436,40.28%,N,N,LNP,LIB,LNP,LIB,,Official Coalition affiliation.,Auto-classified,,,,,,,,,,,,,,
2025,WA,238,Curtin,41755,2,Kitty Hemsley,GRN,The Greens (WA) Inc,8235,7.82%,N,N,GRN,GRN,GRN,GRN,,Official Greens affiliation.,Auto-classified,89.10%,10.90%,8235,Strong ALP flow,,12,LIB,IND,9.60%,90.40%,8235,,12,
2025,WA,238,Curtin,36589,3,Kate Chaney,IND,Independent,33952,32.23%,Y,Y,IND,IND_PROMINENT,IND,IND_PROMINENT,CENTRE_LEFT,Official independent with at least 5% of formal first preferences.,Needs subjective review,75.50%,24.50%,33952,Strong ALP flow,,12,,,,,,,,
2025,WA,238,Curtin,41657,4,Alexander Ironside,ON,Pauline Hanson's One Nation,2731,2.59%,N,N,ON,ON,ON,ON,,Official One Nation affiliation.,Auto-classified,16.00%,84.00%,2731,Strong Coalition flow,,12,LIB,IND,68.30%,31.70%,2731,,12,
2025,WA,238,Curtin,42076,5,Fred Mulholland,HMP,Legalise Cannabis Party,2368,2.25%,N,N,OTH,OTH_HMP,OTH,OTH_HMP,CENTRE_LEFT,Minor-party or unaffiliated candidate; ideology requires review.,Needs subjective review,57.60%,42.40%,2368,ALP-leaning,,12,LIB,IND,32.60%,67.40%,2368,,12,
2025,WA,238,Curtin,41359,6,Viktor Andrew Ko,ALP,Australian Labor Party,15626,14.83%,N,N,ALP,ALP,ALP,ALP,,Official Labor affiliation.,Auto-classified,,,,,,,LIB,IND,21.50%,78.50%,15626,,12,
2025,WA,312,Durack,41247,1,Melissa Price,LP,Liberal,28920,32.88%,Y,Y,LNP,LIB,LNP,LIB,,Official Coalition affiliation.,Auto-classified,,,,,,,,,,,,,,
2025,WA,312,Durack,41743,2,Kat Wright,HMP,Legalise Cannabis Party,5239,5.96%,N,N,OTH,OTH_HMP,OTH,OTH_HMP,CENTRE_LEFT,Minor-party or unaffiliated candidate; ideology requires review.,Needs subjective review,52.30%,47.70%,5239,Neutral,,13,,,,,,,,
2025,WA,312,Durack,41848,3,Bailey Kempton,NP,The Nationals,11972,13.61%,N,N,LNP,NAT,LNP,NAT,,Official Coalition affiliation.,Auto-classified,14.80%,85.20%,11972,Strong Coalition flow,,13,,,,,,,,
2025,WA,312,Durack,41659,4,Mark Berry,ON,Pauline Hanson's One Nation,8868,10.08%,N,N,ON,ON,ON,ON,,Official One Nation affiliation.,Auto-classified,21.00%,79.00%,8868,Strong Coalition flow,,13,,,,,,,,
2025,WA,312,Durack,42081,5,Jason Hunter,IAP,Indigenous - Aboriginal Party of Australia,1872,2.13%,N,N,OTH,OTH_IAP,OTH,OTH_IAP,LEFT,Minor-party or unaffiliated candidate; ideology requires review.,Needs subjective review,68.20%,31.80%,1872,ALP-leaning,,13,,,,,,,,
2025,WA,312,Durack,41651,6,Maarten Kornaat,CYA,Trumpet of Patriots,1432,1.63%,N,N,OTH,OTH_CYA,OTH,OTH_CYA,RIGHT,Minor-party or unaffiliated candidate; ideology requires review.,Needs subjective review,28.30%,71.70%,1432,Strong Coalition flow,,13,,,,,,,,
2025,WA,312,Durack,41363,7,Karen Wheatland,ALP,Australian Labor Party,20583,23.40%,N,N,ALP,ALP,ALP,ALP,,Official Labor affiliation.,Auto-classified,,,,,,,,,,,,,,
2025,WA,312,Durack,41758,8,Brendan Sturcke,GRN,The Greens (WA) Inc,7196,8.18%,N,N,GRN,GRN,GRN,GRN,,Official Greens affiliation.,Auto-classified,82.40%,17.60%,7196,Strong ALP flow,,13,,,,,,,,
2025,WA,312,Durack,41200,9,Eugenie Margaret Harris,AUC,Australian Christians,1880,2.14%,N,N,OTH,OTH_AUC,OTH,OTH_AUC,RIGHT,Minor-party or unaffiliated candidate; ideology requires review.,Needs subjective review,25.90%,74.10%,1880,Strong Coalition flow,,13,,,,,,,,
2025,WA,239,Forrest,41369,1,Tabitha Dowding,ALP,Australian Labor Party,22423,22.55%,N,N,ALP,ALP,ALP,ALP,,Official Labor affiliation.,Auto-classified,,,,,,,,,,,,,,
2025,WA,239,Forrest,42105,2,Sue Chapman,IND,Independent,18206,18.31%,N,N,IND,IND_PROMINENT,IND,IND_PROMINENT,CENTRE_LEFT,Official independent with at least 5% of formal first preferences.,Needs subjective review,70.20%,29.80%,18206,Strong ALP flow,,16,,,,,,,,
2025,WA,239,Forrest,41777,3,Georgia Beardman,GRN,The Greens (WA) Inc,7840,7.88%,N,N,GRN,GRN,GRN,GRN,,Official Greens affiliation.,Auto-classified,85.40%,14.60%,7840,Strong ALP flow,,16,,,,,,,,
2025,WA,239,Forrest,41661,4,Paul Van Der Mey,ON,Pauline Hanson's One Nation,8670,8.72%,N,N,ON,ON,ON,ON,,Official One Nation affiliation.,Auto-classified,19.10%,80.90%,8670,Strong Coalition flow,,16,,,,,,,,
2025,WA,239,Forrest,41653,5,Peter Greenland,CYA,Trumpet of Patriots,1405,1.41%,N,N,OTH,OTH_CYA,OTH,OTH_CYA,RIGHT,Minor-party or unaffiliated candidate; ideology requires review.,Needs subjective review,29.30%,70.70%,1405,Strong Coalition flow,,16,,,,,,,,
2025,WA,239,Forrest,41922,6,Cam Parsons,NP,The Nationals,4771,4.80%,N,N,LNP,NAT,LNP,NAT,,Official Coalition affiliation.,Auto-classified,14.90%,85.10%,4771,Strong Coalition flow,,16,,,,,,,,
2025,WA,239,Forrest,41745,7,Aaron Peet,HMP,Legalise Cannabis Party,5131,5.16%,N,N,OTH,OTH_HMP,OTH,OTH_HMP,CENTRE_LEFT,Minor-party or unaffiliated candidate; ideology requires review.,Needs subjective review,55.10%,44.90%,5131,ALP-leaning,,16,,,,,,,,
2025,WA,239,Forrest,41252,8,Ben Small,LP,Liberal,31011,31.18%,Y,N,LNP,LIB,LNP,LIB,,Official Coalition affiliation.,Auto-classified,,,,,,,,,,,,,,
2025,WA,240,Fremantle,42074,1,Kate Hulett,IND,Independent,23500,23.01%,N,N,IND,IND_PROMINENT,IND,IND_PROMINENT,LEFT,Official independent with at least 5% of formal first preferences.,Needs subjective review,73.10%,26.90%,23500,Strong ALP flow,ALP,17,,,,,,,,
2025,WA,240,Fremantle,41841,2,John Alexander Bird,CEC,Citizens Party,932,0.91%,N,N,OTH,OTH_CEC,OTH,OTH_CEC,CENTRE,Minor-party or unaffiliated candidate; ideology requires review.,Needs subjective review,53.80%,46.20%,932,Neutral,,17,ALP,IND,29.20%,70.80%,932,,17,
2025,WA,240,Fremantle,41377,3,Josh Wilson,ALP,Australian Labor Party,39427,38.60%,Y,Y,ALP,ALP,ALP,ALP,,Official Labor affiliation.,Auto-classified,,,,,,,,,,,,,,
2025,WA,240,Fremantle,41789,4,Amy Warne,GRN,The Greens (WA) Inc,11802,11.56%,N,N,GRN,GRN,GRN,GRN,,Official Greens affiliation.,Auto-classified,90.80%,9.20%,11802,Strong ALP flow,,17,ALP,IND,47.10%,52.90%,11802,,17,
2025,WA,240,Fremantle,41256,5,Tait Marston,LP,Liberal,19254,18.85%,N,N,LNP,LIB,LNP,LIB,,Official Coalition affiliation.,Auto-classified,,,,,,,ALP,IND,23.50%,76.50%,19254,,17,
2025,WA,240,Fremantle,41708,6,Hannah Marriner,ON,Pauline Hanson's One Nation,6245,6.11%,N,N,ON,ON,ON,ON,,Official One Nation affiliation.,Auto-classified,24.80%,75.20%,6245,Strong Coalition flow,,17,ALP,IND,25.30%,74.70%,6245,,17,
2025,WA,240,Fremantle,40671,7,Joshua Last,SAL,Socialist Alliance,970,0.95%,N,N,OTH,OTH_SAL,OTH,OTH_SAL,LEFT,Minor-party or unaffiliated candidate; ideology requires review.,Needs subjective review,79.90%,20.10%,970,Strong ALP flow,,17,ALP,IND,41.40%,58.60%,970,,17,
2025,WA,305,Hasluck,41406,1,Tania Lawrence,ALP,Australian Labor Party,46203,48.35%,Y,Y,ALP,ALP,ALP,ALP,,Official Labor affiliation.,Auto-classified,,,,,,,,,,,,,,
2025,WA,305,Hasluck,41712,2,Adrian Deeth,ON,Pauline Hanson's One Nation,7050,7.38%,N,N,ON,ON,ON,ON,,Official One Nation affiliation.,Auto-classified,27.10%,72.90%,7050,Strong Coalition flow,,20,,,,,,,,
2025,WA,305,Hasluck,42078,3,Dawn Michelle Kelly,GAP,The Great Australian Party,1509,1.58%,N,N,OTH,OTH_GAP,OTH,OTH_GAP,RIGHT,Minor-party or unaffiliated candidate; ideology requires review.,Needs subjective review,40.30%,59.70%,1509,Coalition-leaning,,20,,,,,,,,
2025,WA,305,Hasluck,41092,4,David Kingston,AUC,Australian Christians,2862,3.00%,N,N,OTH,OTH_AUC,OTH,OTH_AUC,RIGHT,Minor-party or unaffiliated candidate; ideology requires review.,Needs subjective review,29.80%,70.20%,2862,Strong Coalition flow,,20,,,,,,,,
2025,WA,305,Hasluck,41794,5,Tamica Matson,GRN,The Greens (WA) Inc,11912,12.47%,N,N,GRN,GRN,GRN,GRN,,Official Greens affiliation.,Auto-classified,88.00%,12.00%,11912,Strong ALP flow,,20,,,,,,,,
2025,WA,305,Hasluck,41260,6,David Goode,LP,Liberal,21173,22.16%,N,N,LNP,LIB,LNP,LIB,,Official Coalition affiliation.,Auto-classified,,,,,,,,,,,,,,
2025,WA,305,Hasluck,41749,7,Leo Treasure,HMP,Legalise Cannabis Party,4842,5.07%,N,N,OTH,OTH_HMP,OTH,OTH_HMP,CENTRE_LEFT,Minor-party or unaffiliated candidate; ideology requires review.,Needs subjective review,61.60%,38.40%,4842,ALP-leaning,,20,,,,,,,,
2025,WA,242,Moore,36592,1,Ian Goodenough,,Unaffiliated,10623,9.94%,N,Y,OTH,OTH_UNAFFILIATED,OTH,OTH_UNAFFILIATED,UNKNOWN,Minor-party or unaffiliated candidate; ideology requires review.,Needs subjective review,46.10%,53.90%,10623,Neutral,ALP,31,,,,,,,,
2025,WA,242,Moore,41414,2,Tom French,ALP,Australian Labor Party,34734,32.51%,Y,N,ALP,ALP,ALP,ALP,,Official Labor affiliation.,Auto-classified,,,,,,,,,,,,,,
2025,WA,242,Moore,40666,3,Nathan Barton,IND,Independent,6762,6.33%,N,N,IND,IND_PROMINENT,IND,IND_PROMINENT,CENTRE_LEFT,Official independent with at least 5% of formal first preferences.,Needs subjective review,64.00%,36.00%,6762,ALP-leaning,,31,,,,,,,,
2025,WA,242,Moore,41097,4,Trevor Alan Bartley,AUC,Australian Christians,2347,2.20%,N,N,OTH,OTH_AUC,OTH,OTH_AUC,RIGHT,Minor-party or unaffiliated candidate; ideology requires review.,Needs subjective review,16.90%,83.10%,2347,Strong Coalition flow,,31,,,,,,,,
2025,WA,242,Moore,41715,5,Paul Fimognari,ON,Pauline Hanson's One Nation,4840,4.53%,N,N,ON,ON,ON,ON,,Official One Nation affiliation.,Auto-classified,21.10%,78.90%,4840,Strong Coalition flow,,31,,,,,,,,
2025,WA,242,Moore,41803,6,Scott Mccarthy,GRN,The Greens (WA) Inc,11877,11.12%,N,N,GRN,GRN,GRN,GRN,,Official Greens affiliation.,Auto-classified,88.80%,11.20%,11877,Strong ALP flow,,31,,,,,,,,
2025,WA,242,Moore,41264,7,Vince Connelly,LP,Liberal,33595,31.45%,N,N,LNP,LIB,LNP,LIB,,Official Coalition affiliation.,Auto-classified,,,,,,,,,,,,,,
2025,WA,242,Moore,41901,8,Christopher Rennick,CYA,Trumpet of Patriots,2059,1.93%,N,N,OTH,OTH_CYA,OTH,OTH_CYA,RIGHT,Minor-party or unaffiliated candidate; ideology requires review.,Needs subjective review,28.30%,71.70%,2059,Strong Coalition flow,,31,,,,,,,,
2025,WA,243,O'Connor,41658,1,Lindsay Cameron,CYA,Trumpet of Patriots,2197,2.19%,N,N,OTH,OTH_CYA,OTH,OTH_CYA,RIGHT,Minor-party or unaffiliated candidate; ideology requires review.,Needs subjective review,22.80%,77.20%,2197,Strong Coalition flow,LIB,32,,,,,,,,
2025,WA,243,O'Connor,41810,2,Giz Watson,GRN,The Greens (WA) Inc,10014,10.00%,N,N,GRN,GRN,GRN,GRN,,Official Greens affiliation.,Auto-classified,82.80%,17.20%,10014,Strong ALP flow,,32,,,,,,,,
2025,WA,243,O'Connor,41930,3,Heidi Tempra,NP,The Nationals,12812,12.80%,N,N,LNP,NAT,LNP,NAT,,Official Coalition affiliation.,Auto-classified,13.50%,86.50%,12812,Strong Coalition flow,,32,,,,,,,,
2025,WA,243,O'Connor,41759,4,Philip Arnatt,HMP,Legalise Cannabis Party,5394,5.39%,N,N,OTH,OTH_HMP,OTH,OTH_HMP,CENTRE_LEFT,Minor-party or unaffiliated candidate; ideology requires review.,Needs subjective review,48.60%,51.40%,5394,Neutral,,32,,,,,,,,
2025,WA,243,O'Connor,41267,5,Rick Wilson,LP,Liberal,34488,34.45%,Y,Y,LNP,LIB,LNP,LIB,,Official Coalition affiliation.,Auto-classified,,,,,,,,,,,,,,
2025,WA,243,O'Connor,41421,6,Darren Moir,ALP,Australian Labor Party,21080,21.06%,N,N,ALP,ALP,ALP,ALP,,Official Labor affiliation.,Auto-classified,,,,,,,,,,,,,,
2025,WA,243,O'Connor,41717,7,Gemma Johnston,ON,Pauline Hanson's One Nation,11053,11.04%,N,N,ON,ON,ON,ON,,Official One Nation affiliation.,Auto-classified,18.90%,81.10%,11053,Strong Coalition flow,,32,,,,,,,,
2025,WA,243,O'Connor,41105,8,Deonne Kingsford,AUC,Australian Christians,3077,3.07%,N,N,OTH,OTH_AUC,OTH,OTH_AUC,RIGHT,Minor-party or unaffiliated candidate; ideology requires review.,Needs subjective review,14.80%,85.20%,3077,Strong Coalition flow,,32,,,,,,,,
2025,WA,244,Pearce,41819,1,Nicholas D'Alonzo,GRN,The Greens (WA) Inc,11640,11.87%,N,N,GRN,GRN,GRN,GRN,,Official Greens affiliation.,Auto-classified,80.90%,19.10%,11640,Strong ALP flow,LIB,33,,,,,,,,
2025,WA,244,Pearce,41764,2,Ramon Granados Rangel,HMP,Legalise Cannabis Party,6777,6.91%,N,N,OTH,OTH_HMP,OTH,OTH_HMP,CENTRE_LEFT,Minor-party or unaffiliated candidate; ideology requires review.,Needs subjective review,54.10%,45.90%,6777,Neutral,,33,,,,,,,,
2025,WA,244,Pearce,41130,3,Vanessa Montgomery,AUC,Australian Christians,3305,3.37%,N,N,OTH,OTH_AUC,OTH,OTH_AUC,RIGHT,Minor-party or unaffiliated candidate; ideology requires review.,Needs subjective review,21.00%,79.00%,3305,Strong Coalition flow,,33,,,,,,,,
2025,WA,244,Pearce,41531,4,Jan Norberger,LP,Liberal,27979,28.52%,N,N,LNP,LIB,LNP,LIB,,Official Coalition affiliation.,Auto-classified,,,,,,,,,,,,,,
2025,WA,244,Pearce,41439,5,Tracey Roberts,ALP,Australian Labor Party,39303,40.07%,Y,Y,ALP,ALP,ALP,ALP,,Official Labor affiliation.,Auto-classified,,,,,,,,,,,,,,
2025,WA,244,Pearce,41723,6,John Burton,ON,Pauline Hanson's One Nation,9089,9.27%,N,N,ON,ON,ON,ON,,Official One Nation affiliation.,Auto-classified,25.10%,74.90%,9089,Strong Coalition flow,,33,,,,,,,,
2025,WA,245,Perth,41725,1,Peter Hallifax,ON,Pauline Hanson's One Nation,6316,6.33%,N,N,ON,ON,ON,ON,,Official One Nation affiliation.,Auto-classified,21.20%,78.80%,6316,Strong Coalition flow,LIB,33,,,,,,,,
2025,WA,245,Perth,41541,2,Susanna Panaia,LP,Liberal,26026,26.09%,N,N,LNP,LIB,LNP,LIB,,Official Coalition affiliation.,Auto-classified,,,,,,,,,,,,,,
2025,WA,245,Perth,41823,3,Sophie Greer,GRN,The Greens (WA) Inc,24467,24.53%,N,N,GRN,GRN,GRN,GRN,,Official Greens affiliation.,Auto-classified,90.20%,9.80%,24467,Strong ALP flow,,33,,,,,,,,
2025,WA,245,Perth,41446,4,Patrick Gorman,ALP,Australian Labor Party,42947,43.05%,Y,Y,ALP,ALP,ALP,ALP,,Official Labor affiliation.,Auto-classified,,,,,,,,,,,,,,
2025,WA,247,Swan,41160,1,Mark Staer,AUC,Australian Christians,3503,3.56%,N,N,OTH,OTH_AUC,OTH,OTH_AUC,RIGHT,Minor-party or unaffiliated candidate; ideology requires review.,Needs subjective review,38.50%,61.50%,3503,Coalition-leaning,ALP,37,,,,,,,,
2025,WA,247,Swan,41456,2,Zaneta Mascarenhas,ALP,Australian Labor Party,41897,42.63%,Y,Y,ALP,ALP,ALP,ALP,,Official Labor affiliation.,Auto-classified,,,,,,,,,,,,,,
2025,WA,247,Swan,41829,3,Clint Uink,GRN,The Greens (WA) Inc,17186,17.49%,N,N,GRN,GRN,GRN,GRN,,Official Greens affiliation.,Auto-classified,90.90%,9.10%,17186,Strong ALP flow,,37,,,,,,,,
2025,WA,247,Swan,41776,4,Shelley Leech,HMP,Legalise Cannabis Party,4096,4.17%,N,N,OTH,OTH_HMP,OTH,OTH_HMP,CENTRE_LEFT,Minor-party or unaffiliated candidate; ideology requires review.,Needs subjective review,65.50%,34.50%,4096,ALP-leaning,,37,,,,,,,,
2025,WA,247,Swan,41731,5,Michael Halley,ON,Pauline Hanson's One Nation,5131,5.22%,N,N,ON,ON,ON,ON,,Official One Nation affiliation.,Auto-classified,26.00%,74.00%,5131,Strong Coalition flow,,37,,,,,,,,
2025,WA,247,Swan,41581,6,Mic Fels,LP,Liberal,26467,26.93%,N,N,LNP,LIB,LNP,LIB,,Official Coalition affiliation.,Auto-classified,,,,,,,,,,,,,,
2025,WA,248,Tangney,41834,1,Eric Hayward,GRN,The Greens (WA) Inc,14410,12.98%,N,N,GRN,GRN,GRN,GRN,,Official Greens affiliation.,Auto-classified,84.30%,15.70%,14410,Strong ALP flow,LIB,37,,,,,,,,
2025,WA,248,Tangney,41590,2,Howard Ong,LP,Liberal,38027,34.26%,N,N,LNP,LIB,LNP,LIB,,Official Coalition affiliation.,Auto-classified,,,,,,,,,,,,,,
2025,WA,248,Tangney,41780,3,Phillip Raymond Leslie,HMP,Legalise Cannabis Party,3400,3.06%,N,N,OTH,OTH_HMP,OTH,OTH_HMP,CENTRE_LEFT,Minor-party or unaffiliated candidate; ideology requires review.,Needs subjective review,59.20%,40.80%,3400,ALP-leaning,,37,,,,,,,,
2025,WA,248,Tangney,41736,4,Steve Kefalinos,ON,Pauline Hanson's One Nation,4520,4.07%,N,N,ON,ON,ON,ON,,Official One Nation affiliation.,Auto-classified,21.60%,78.40%,4520,Strong Coalition flow,,37,,,,,,,,
2025,WA,248,Tangney,41470,5,Sam Lim,ALP,Australian Labor Party,47175,42.50%,Y,Y,ALP,ALP,ALP,ALP,,Official Labor affiliation.,Auto-classified,,,,,,,,,,,,,,
2025,WA,248,Tangney,41193,6,James Rai,AUC,Australian Christians,3459,3.12%,N,N,OTH,OTH_AUC,OTH,OTH_AUC,RIGHT,Minor-party or unaffiliated candidate; ideology requires review.,Needs subjective review,27.00%,73.00%,3459,Strong Coalition flow,,37,,,,,,,,