Seat,State,DivisionID,Eliminated,AliveSet,Recipient,Votes,ScenarioTotal,Share,Method,VoteBasis,CandidateCount,LastSurvivorCandidate,LastSurvivorSubtype,LastSurvivorIdeologyFamily,LastSurvivorPrimaryCoverage,DefaultEvidenceMultiplier,EffectiveEvidenceMultiplier,OverrideApplied,Source
Bean,ACT,318,GRN,ALP+IND+LNP,ALP,4701.0,9757.0,0.48180793276621914,PROPORTIONAL_PRIMARY_ORIGIN_PASS_THROUGH,ALL_CATEGORY_PRIMARY_VOTES_TRACED_PROPORTIONALLY,1,Sam Carter,GRN,,1.0,1.0,1.0,False,AEC_CANDIDATE_ROUNDS_CATEGORY_EXIT
Bean,ACT,318,GRN,ALP+IND+LNP,IND,4762.0,9757.0,0.4880598544634622,PROPORTIONAL_PRIMARY_ORIGIN_PASS_THROUGH,ALL_CATEGORY_PRIMARY_VOTES_TRACED_PROPORTIONALLY,1,Sam Carter,GRN,,1.0,1.0,1.0,False,AEC_CANDIDATE_ROUNDS_CATEGORY_EXIT
Bean,ACT,318,GRN,ALP+IND+LNP,LNP,294.0,9757.0,0.030132212770318703,PROPORTIONAL_PRIMARY_ORIGIN_PASS_THROUGH,ALL_CATEGORY_PRIMARY_VOTES_TRACED_PROPORTIONALLY,1,Sam Carter,GRN,,1.0,1.0,1.0,False,AEC_CANDIDATE_ROUNDS_CATEGORY_EXIT
Bean,ACT,318,LNP,ALP+IND,ALP,4781.596268625569,23665.0,0.20205350807629693,PROPORTIONAL_PRIMARY_ORIGIN_PASS_THROUGH,ALL_CATEGORY_PRIMARY_VOTES_TRACED_PROPORTIONALLY,1,David Lamerton,LIB,,1.0,1.0,1.0,False,AEC_CANDIDATE_ROUNDS_CATEGORY_EXIT
Bean,ACT,318,LNP,ALP+IND,IND,18883.40373137443,23665.0,0.7979464919237029,PROPORTIONAL_PRIMARY_ORIGIN_PASS_THROUGH,ALL_CATEGORY_PRIMARY_VOTES_TRACED_PROPORTIONALLY,1,David Lamerton,LIB,,1.0,1.0,1.0,False,AEC_CANDIDATE_ROUNDS_CATEGORY_EXIT
Canberra,ACT,101,IND,ALP+GRN+LNP,ALP,4105.536637931034,10187.0,0.40301724137931033,PROPORTIONAL_PRIMARY_ORIGIN_PASS_THROUGH,ALL_CATEGORY_PRIMARY_VOTES_TRACED_PROPORTIONALLY,1,Claire Miles,IND_PROMINENT,LEFT,1.0,1.0,1.0,False,AEC_CANDIDATE_ROUNDS_CATEGORY_EXIT
Canberra,ACT,101,IND,ALP+GRN+LNP,GRN,3597.8332435344823,10187.0,0.35317887931034486,PROPORTIONAL_PRIMARY_ORIGIN_PASS_THROUGH,ALL_CATEGORY_PRIMARY_VOTES_TRACED_PROPORTIONALLY,1,Claire Miles,IND_PROMINENT,LEFT,1.0,1.0,1.0,False,AEC_CANDIDATE_ROUNDS_CATEGORY_EXIT
Canberra,ACT,101,IND,ALP+GRN+LNP,LNP,2483.630118534483,10187.0,0.24380387931034483,PROPORTIONAL_PRIMARY_ORIGIN_PASS_THROUGH,ALL_CATEGORY_PRIMARY_VOTES_TRACED_PROPORTIONALLY,1,Claire Miles,IND_PROMINENT,LEFT,1.0,1.0,1.0,False,AEC_CANDIDATE_ROUNDS_CATEGORY_EXIT
Canberra,ACT,101,LNP,ALP+GRN,ALP,12536.526445264451,17101.0,0.7330873308733088,PROPORTIONAL_PRIMARY_ORIGIN_PASS_THROUGH,ALL_CATEGORY_PRIMARY_VOTES_TRACED_PROPORTIONALLY,1,Will Roche,LIB,,1.0,1.0,1.0,False,AEC_CANDIDATE_ROUNDS_CATEGORY_EXIT
Canberra,ACT,101,LNP,ALP+GRN,GRN,4564.473554735548,17101.0,0.26691266912669126,PROPORTIONAL_PRIMARY_ORIGIN_PASS_THROUGH,ALL_CATEGORY_PRIMARY_VOTES_TRACED_PROPORTIONALLY,1,Will Roche,LIB,,1.0,1.0,1.0,False,AEC_CANDIDATE_ROUNDS_CATEGORY_EXIT
Canberra,ACT,101,OTH,ALP+GRN+IND+LNP,ALP,415.0,2480.0,0.16733870967741932,PROPORTIONAL_PRIMARY_ORIGIN_PASS_THROUGH,ALL_CATEGORY_PRIMARY_VOTES_TRACED_PROPORTIONALLY,2,Teresa Mctaggart,OTH_AJP,CENTRE_LEFT,0.507258064516129,1.0,1.0,False,AEC_CANDIDATE_ROUNDS_CATEGORY_EXIT
Canberra,ACT,101,OTH,ALP+GRN+IND+LNP,GRN,607.0,2480.0,0.24475806451612905,PROPORTIONAL_PRIMARY_ORIGIN_PASS_THROUGH,ALL_CATEGORY_PRIMARY_VOTES_TRACED_PROPORTIONALLY,2,Teresa Mctaggart,OTH_AJP,CENTRE_LEFT,0.507258064516129,1.0,1.0,False,AEC_CANDIDATE_ROUNDS_CATEGORY_EXIT
Canberra,ACT,101,OTH,ALP+GRN+IND+LNP,IND,949.0,2480.0,0.3826612903225807,PROPORTIONAL_PRIMARY_ORIGIN_PASS_THROUGH,ALL_CATEGORY_PRIMARY_VOTES_TRACED_PROPORTIONALLY,2,Teresa Mctaggart,OTH_AJP,CENTRE_LEFT,0.507258064516129,1.0,1.0,False,AEC_CANDIDATE_ROUNDS_CATEGORY_EXIT
Canberra,ACT,101,OTH,ALP+GRN+IND+LNP,LNP,509.0,2480.0,0.20524193548387096,PROPORTIONAL_PRIMARY_ORIGIN_PASS_THROUGH,ALL_CATEGORY_PRIMARY_VOTES_TRACED_PROPORTIONALLY,2,Teresa Mctaggart,OTH_AJP,CENTRE_LEFT,0.507258064516129,1.0,1.0,False,AEC_CANDIDATE_ROUNDS_CATEGORY_EXIT
Fenner,ACT,102,GRN,ALP+LNP,ALP,13828.503466666669,15492.0,0.8926222222222223,PROPORTIONAL_PRIMARY_ORIGIN_PASS_THROUGH,ALL_CATEGORY_PRIMARY_VOTES_TRACED_PROPORTIONALLY,1,Dani Hunterford,GRN,,1.0,1.0,1.0,False,AEC_CANDIDATE_ROUNDS_CATEGORY_EXIT
Fenner,ACT,102,GRN,ALP+LNP,LNP,1663.4965333333334,15492.0,0.10737777777777771,PROPORTIONAL_PRIMARY_ORIGIN_PASS_THROUGH,ALL_CATEGORY_PRIMARY_VOTES_TRACED_PROPORTIONALLY,1,Dani Hunterford,GRN,,1.0,1.0,1.0,False,AEC_CANDIDATE_ROUNDS_CATEGORY_EXIT
Fenner,ACT,102,OTH,ALP+GRN+LNP,ALP,2206.0,7426.0,0.29706436843522765,PROPORTIONAL_PRIMARY_ORIGIN_PASS_THROUGH,ALL_CATEGORY_PRIMARY_VOTES_TRACED_PROPORTIONALLY,1,Elizabeth Kikkert,OTH_FFPA,RIGHT,1.0,1.0,1.0,False,AEC_CANDIDATE_ROUNDS_CATEGORY_EXIT
Fenner,ACT,102,OTH,ALP+GRN+LNP,GRN,1383.0,7426.0,0.18623754376514942,PROPORTIONAL_PRIMARY_ORIGIN_PASS_THROUGH,ALL_CATEGORY_PRIMARY_VOTES_TRACED_PROPORTIONALLY,1,Elizabeth Kikkert,OTH_FFPA,RIGHT,1.0,1.0,1.0,False,AEC_CANDIDATE_ROUNDS_CATEGORY_EXIT
Fenner,ACT,102,OTH,ALP+GRN+LNP,LNP,3836.999999999999,7426.0,0.516698087799623,PROPORTIONAL_PRIMARY_ORIGIN_PASS_THROUGH,ALL_CATEGORY_PRIMARY_VOTES_TRACED_PROPORTIONALLY,1,Elizabeth Kikkert,OTH_FFPA,RIGHT,1.0,1.0,1.0,False,AEC_CANDIDATE_ROUNDS_CATEGORY_EXIT
Banks,NSW,103,GRN,ALP+LNP,ALP,10066.89792,11756.0,0.85632,PROPORTIONAL_PRIMARY_ORIGIN_PASS_THROUGH,ALL_CATEGORY_PRIMARY_VOTES_TRACED_PROPORTIONALLY,1,Natalie Hanna,GRN,,1.0,1.0,1.0,False,AEC_CANDIDATE_ROUNDS_CATEGORY_EXIT
Banks,NSW,103,GRN,ALP+LNP,LNP,1689.10208,11756.0,0.14368,PROPORTIONAL_PRIMARY_ORIGIN_PASS_THROUGH,ALL_CATEGORY_PRIMARY_VOTES_TRACED_PROPORTIONALLY,1,Natalie Hanna,GRN,,1.0,1.0,1.0,False,AEC_CANDIDATE_ROUNDS_CATEGORY_EXIT
Banks,NSW,103,ON,ALP+GRN+LNP,ALP,514.8644386030792,3666.0,0.14044310927525344,PROPORTIONAL_PRIMARY_ORIGIN_PASS_THROUGH,ALL_CATEGORY_PRIMARY_VOTES_TRACED_PROPORTIONALLY,1,Todd Nicol,ON,,1.0,1.0,1.0,False,AEC_CANDIDATE_ROUNDS_CATEGORY_EXIT
Banks,NSW,103,ON,ALP+GRN+LNP,GRN,1061.391663537364,3666.0,0.28952309425460016,PROPORTIONAL_PRIMARY_ORIGIN_PASS_THROUGH,ALL_CATEGORY_PRIMARY_VOTES_TRACED_PROPORTIONALLY,1,Todd Nicol,ON,,1.0,1.0,1.0,False,AEC_CANDIDATE_ROUNDS_CATEGORY_EXIT
Banks,NSW,103,ON,ALP+GRN+LNP,LNP,2089.743897859557,3666.0,0.5700337964701465,PROPORTIONAL_PRIMARY_ORIGIN_PASS_THROUGH,ALL_CATEGORY_PRIMARY_VOTES_TRACED_PROPORTIONALLY,1,Todd Nicol,ON,,1.0,1.0,1.0,False,AEC_CANDIDATE_ROUNDS_CATEGORY_EXIT
Banks,NSW,103,OTH,ALP+GRN+LNP+ON,ALP,1289.0,8791.0,0.14662723239676942,PROPORTIONAL_PRIMARY_ORIGIN_PASS_THROUGH,ALL_CATEGORY_PRIMARY_VOTES_TRACED_PROPORTIONALLY,4,Allan Taruste,OTH_CYA,RIGHT,0.3901717665794562,1.0,1.0,False,AEC_CANDIDATE_ROUNDS_CATEGORY_EXIT
Banks,NSW,103,OTH,ALP+GRN+LNP+ON,GRN,1555.9999999999998,8791.0,0.17699920373108863,PROPORTIONAL_PRIMARY_ORIGIN_PASS_THROUGH,ALL_CATEGORY_PRIMARY_VOTES_TRACED_PROPORTIONALLY,4,Allan Taruste,OTH_CYA,RIGHT,0.3901717665794562,1.0,1.0,False,AEC_CANDIDATE_ROUNDS_CATEGORY_EXIT
Banks,NSW,103,OTH,ALP+GRN+LNP+ON,LNP,1623.0,8791.0,0.18462063474007512,PROPORTIONAL_PRIMARY_ORIGIN_PASS_THROUGH,ALL_CATEGORY_PRIMARY_VOTES_TRACED_PROPORTIONALLY,4,Allan Taruste,OTH_CYA,RIGHT,0.3901717665794562,1.0,1.0,False,AEC_CANDIDATE_ROUNDS_CATEGORY_EXIT
Banks,NSW,103,OTH,ALP+GRN+LNP+ON,ON,4323.0,8791.0,0.49175292913206686,PROPORTIONAL_PRIMARY_ORIGIN_PASS_THROUGH,ALL_CATEGORY_PRIMARY_VOTES_TRACED_PROPORTIONALLY,4,Allan Taruste,OTH_CYA,RIGHT,0.3901717665794562,1.0,1.0,False,AEC_CANDIDATE_ROUNDS_CATEGORY_EXIT
Barton,NSW,104,GRN,ALP+LNP,ALP,13230.79746835443,15885.0,0.8329113924050633,PROPORTIONAL_PRIMARY_ORIGIN_PASS_THROUGH,ALL_CATEGORY_PRIMARY_VOTES_TRACED_PROPORTIONALLY,1,Manal Bahsa,GRN,,1.0,1.0,1.0,False,AEC_CANDIDATE_ROUNDS_CATEGORY_EXIT
Barton,NSW,104,GRN,ALP+LNP,LNP,2654.2025316455697,15885.0,0.1670886075949367,PROPORTIONAL_PRIMARY_ORIGIN_PASS_THROUGH,ALL_CATEGORY_PRIMARY_VOTES_TRACED_PROPORTIONALLY,1,Manal Bahsa,GRN,,1.0,1.0,1.0,False,AEC_CANDIDATE_ROUNDS_CATEGORY_EXIT
Barton,NSW,104,ON,ALP+GRN+LNP,ALP,1610.3418731625368,5573.0,0.2889542209155817,PROPORTIONAL_PRIMARY_ORIGIN_PASS_THROUGH,ALL_CATEGORY_PRIMARY_VOTES_TRACED_PROPORTIONALLY,1,Christos Nicolis,ON,,1.0,1.0,1.0,False,AEC_CANDIDATE_ROUNDS_CATEGORY_EXIT
Barton,NSW,104,ON,ALP+GRN+LNP,GRN,781.7648047039058,5573.0,0.1402771944561108,PROPORTIONAL_PRIMARY_ORIGIN_PASS_THROUGH,ALL_CATEGORY_PRIMARY_VOTES_TRACED_PROPORTIONALLY,1,Christos Nicolis,ON,,1.0,1.0,1.0,False,AEC_CANDIDATE_ROUNDS_CATEGORY_EXIT
Barton,NSW,104,ON,ALP+GRN+LNP,LNP,3180.893322133558,5573.0,0.5707685846283075,PROPORTIONAL_PRIMARY_ORIGIN_PASS_THROUGH,ALL_CATEGORY_PRIMARY_VOTES_TRACED_PROPORTIONALLY,1,Christos Nicolis,ON,,1.0,1.0,1.0,False,AEC_CANDIDATE_ROUNDS_CATEGORY_EXIT
Barton,NSW,104,OTH,ALP+GRN+LNP+ON,ALP,987.0,7233.0,0.13645790128577354,PROPORTIONAL_PRIMARY_ORIGIN_PASS_THROUGH,ALL_CATEGORY_PRIMARY_VOTES_TRACED_PROPORTIONALLY,2,Thomas Pambris,OTH_CYA,RIGHT,0.5273054057790681,1.0,1.0,False,AEC_CANDIDATE_ROUNDS_CATEGORY_EXIT
Barton,NSW,104,OTH,ALP+GRN+LNP+ON,GRN,949.0,7233.0,0.13120420295866161,PROPORTIONAL_PRIMARY_ORIGIN_PASS_THROUGH,ALL_CATEGORY_PRIMARY_VOTES_TRACED_PROPORTIONALLY,2,Thomas Pambris,OTH_CYA,RIGHT,0.5273054057790681,1.0,1.0,False,AEC_CANDIDATE_ROUNDS_CATEGORY_EXIT
Barton,NSW,104,OTH,ALP+GRN+LNP+ON,LNP,1346.0,7233.0,0.18609152495506703,PROPORTIONAL_PRIMARY_ORIGIN_PASS_THROUGH,ALL_CATEGORY_PRIMARY_VOTES_TRACED_PROPORTIONALLY,2,Thomas Pambris,OTH_CYA,RIGHT,0.5273054057790681,1.0,1.0,False,AEC_CANDIDATE_ROUNDS_CATEGORY_EXIT
Barton,NSW,104,OTH,ALP+GRN+LNP+ON,ON,3951.0,7233.0,0.5462463708004979,PROPORTIONAL_PRIMARY_ORIGIN_PASS_THROUGH,ALL_CATEGORY_PRIMARY_VOTES_TRACED_PROPORTIONALLY,2,Thomas Pambris,OTH_CYA,RIGHT,0.5273054057790681,1.0,1.0,False,AEC_CANDIDATE_ROUNDS_CATEGORY_EXIT
Bennelong,NSW,105,GRN,ALP+LNP,ALP,11343.545383309389,12931.0,0.8772365156066345,PROPORTIONAL_PRIMARY_ORIGIN_PASS_THROUGH,ALL_CATEGORY_PRIMARY_VOTES_TRACED_PROPORTIONALLY,1,Adam Hart,GRN,,1.0,1.0,1.0,False,AEC_CANDIDATE_ROUNDS_CATEGORY_EXIT
Bennelong,NSW,105,GRN,ALP+LNP,LNP,1587.45461669061,12931.0,0.12276348439336551,PROPORTIONAL_PRIMARY_ORIGIN_PASS_THROUGH,ALL_CATEGORY_PRIMARY_VOTES_TRACED_PROPORTIONALLY,1,Adam Hart,GRN,,1.0,1.0,1.0,False,AEC_CANDIDATE_ROUNDS_CATEGORY_EXIT
Bennelong,NSW,105,ON,ALP+GRN+LNP,ALP,342.24336377150144,2534.0,0.1350605224039074,PROPORTIONAL_PRIMARY_ORIGIN_PASS_THROUGH,ALL_CATEGORY_PRIMARY_VOTES_TRACED_PROPORTIONALLY,1,Craig Bennett,ON,,1.0,1.0,1.0,False,AEC_CANDIDATE_ROUNDS_CATEGORY_EXIT
Bennelong,NSW,105,ON,ALP+GRN+LNP,GRN,534.3516670205988,2534.0,0.2108727967721384,PROPORTIONAL_PRIMARY_ORIGIN_PASS_THROUGH,ALL_CATEGORY_PRIMARY_VOTES_TRACED_PROPORTIONALLY,1,Craig Bennett,ON,,1.0,1.0,1.0,False,AEC_CANDIDATE_ROUNDS_CATEGORY_EXIT
Bennelong,NSW,105,ON,ALP+GRN+LNP,LNP,1657.4049692078995,2534.0,0.6540666808239541,PROPORTIONAL_PRIMARY_ORIGIN_PASS_THROUGH,ALL_CATEGORY_PRIMARY_VOTES_TRACED_PROPORTIONALLY,1,Craig Bennett,ON,,1.0,1.0,1.0,False,AEC_CANDIDATE_ROUNDS_CATEGORY_EXIT
Bennelong,NSW,105,OTH,ALP+GRN+LNP+ON,ALP,1205.0,6036.0,0.19963552021206096,PROPORTIONAL_PRIMARY_ORIGIN_PASS_THROUGH,ALL_CATEGORY_PRIMARY_VOTES_TRACED_PROPORTIONALLY,4,Eric Chan,OTH_FFPA,RIGHT,0.3204108681245858,1.0,1.0,False,AEC_CANDIDATE_ROUNDS_CATEGORY_EXIT
Bennelong,NSW,105,OTH,ALP+GRN+LNP+ON,GRN,1390.0,6036.0,0.23028495692511597,PROPORTIONAL_PRIMARY_ORIGIN_PASS_THROUGH,ALL_CATEGORY_PRIMARY_VOTES_TRACED_PROPORTIONALLY,4,Eric Chan,OTH_FFPA,RIGHT,0.3204108681245858,1.0,1.0,False,AEC_CANDIDATE_ROUNDS_CATEGORY_EXIT
Bennelong,NSW,105,OTH,ALP+GRN+LNP+ON,LNP,1266.0,6036.0,0.20974155069582506,PROPORTIONAL_PRIMARY_ORIGIN_PASS_THROUGH,ALL_CATEGORY_PRIMARY_VOTES_TRACED_PROPORTIONALLY,4,Eric Chan,OTH_FFPA,RIGHT,0.3204108681245858,1.0,1.0,False,AEC_CANDIDATE_ROUNDS_CATEGORY_EXIT
Bennelong,NSW,105,OTH,ALP+GRN+LNP+ON,ON,2175.0,6036.0,0.36033797216699803,PROPORTIONAL_PRIMARY_ORIGIN_PASS_THROUGH,ALL_CATEGORY_PRIMARY_VOTES_TRACED_PROPORTIONALLY,4,Eric Chan,OTH_FFPA,RIGHT,0.3204108681245858,1.0,1.0,False,AEC_CANDIDATE_ROUNDS_CATEGORY_EXIT
Berowra,NSW,106,GRN,ALP+IND+LNP,ALP,6895.211130862847,13781.0,0.5003418569670451,PROPORTIONAL_PRIMARY_ORIGIN_PASS_THROUGH,ALL_CATEGORY_PRIMARY_VOTES_TRACED_PROPORTIONALLY,1,Martin Cousins,GRN,,1.0,1.0,1.0,False,AEC_CANDIDATE_ROUNDS_CATEGORY_EXIT
Berowra,NSW,106,GRN,ALP+IND+LNP,IND,5938.851565704908,13781.0,0.43094489265691227,PROPORTIONAL_PRIMARY_ORIGIN_PASS_THROUGH,ALL_CATEGORY_PRIMARY_VOTES_TRACED_PROPORTIONALLY,1,Martin Cousins,GRN,,1.0,1.0,1.0,False,AEC_CANDIDATE_ROUNDS_CATEGORY_EXIT
Berowra,NSW,106,GRN,ALP+IND+LNP,LNP,946.937303432244,13781.0,0.06871325037604262,PROPORTIONAL_PRIMARY_ORIGIN_PASS_THROUGH,ALL_CATEGORY_PRIMARY_VOTES_TRACED_PROPORTIONALLY,1,Martin Cousins,GRN,,1.0,1.0,1.0,False,AEC_CANDIDATE_ROUNDS_CATEGORY_EXIT
Berowra,NSW,106,IND,ALP+LNP,ALP,9671.27381489842,13135.0,0.7362979683972912,PROPORTIONAL_PRIMARY_ORIGIN_PASS_THROUGH,ALL_CATEGORY_PRIMARY_VOTES_TRACED_PROPORTIONALLY,1,Tina Brown,IND_PROMINENT,LEFT,1.0,1.0,1.0,False,AEC_CANDIDATE_ROUNDS_CATEGORY_EXIT
Berowra,NSW,106,IND,ALP+LNP,LNP,3463.7261851015805,13135.0,0.2637020316027088,PROPORTIONAL_PRIMARY_ORIGIN_PASS_THROUGH,ALL_CATEGORY_PRIMARY_VOTES_TRACED_PROPORTIONALLY,1,Tina Brown,IND_PROMINENT,LEFT,1.0,1.0,1.0,False,AEC_CANDIDATE_ROUNDS_CATEGORY_EXIT
Berowra,NSW,106,ON,ALP+GRN+IND+LNP,ALP,414.0779308028216,4705.0,0.08800806180718841,PROPORTIONAL_PRIMARY_ORIGIN_PASS_THROUGH,ALL_CATEGORY_PRIMARY_VOTES_TRACED_PROPORTIONALLY,1,Gerald Mattinson,ON,,1.0,1.0,1.0,False,AEC_CANDIDATE_ROUNDS_CATEGORY_EXIT
Berowra,NSW,106,ON,ALP+GRN+IND+LNP,GRN,265.5156197514276,4705.0,0.056432650319113216,PROPORTIONAL_PRIMARY_ORIGIN_PASS_THROUGH,ALL_CATEGORY_PRIMARY_VOTES_TRACED_PROPORTIONALLY,1,Gerald Mattinson,ON,,1.0,1.0,1.0,False,AEC_CANDIDATE_ROUNDS_CATEGORY_EXIT
Berowra,NSW,106,ON,ALP+GRN+IND+LNP,IND,1081.0278804165266,4705.0,0.22976150487067515,PROPORTIONAL_PRIMARY_ORIGIN_PASS_THROUGH,ALL_CATEGORY_PRIMARY_VOTES_TRACED_PROPORTIONALLY,1,Gerald Mattinson,ON,,1.0,1.0,1.0,False,AEC_CANDIDATE_ROUNDS_CATEGORY_EXIT
Berowra,NSW,106,ON,ALP+GRN+IND+LNP,LNP,2944.378569029224,4705.0,0.6257977830030232,PROPORTIONAL_PRIMARY_ORIGIN_PASS_THROUGH,ALL_CATEGORY_PRIMARY_VOTES_TRACED_PROPORTIONALLY,1,Gerald Mattinson,ON,,1.0,1.0,1.0,False,AEC_CANDIDATE_ROUNDS_CATEGORY_EXIT
Berowra,NSW,106,OTH,ALP+GRN+IND+LNP+ON,ALP,524.0,4517.0,0.11600619880451622,PROPORTIONAL_PRIMARY_ORIGIN_PASS_THROUGH,ALL_CATEGORY_PRIMARY_VOTES_TRACED_PROPORTIONALLY,3,Stephen Bastian,OTH_CYA,RIGHT,0.4868275404029223,1.0,1.0,False,AEC_CANDIDATE_ROUNDS_CATEGORY_EXIT
Berowra,NSW,106,OTH,ALP+GRN+IND+LNP+ON,GRN,509.0,4517.0,0.11268541067079922,PROPORTIONAL_PRIMARY_ORIGIN_PASS_THROUGH,ALL_CATEGORY_PRIMARY_VOTES_TRACED_PROPORTIONALLY,3,Stephen Bastian,OTH_CYA,RIGHT,0.4868275404029223,1.0,1.0,False,AEC_CANDIDATE_ROUNDS_CATEGORY_EXIT
Berowra,NSW,106,OTH,ALP+GRN+IND+LNP+ON,IND,1344.0,4517.0,0.29754261678104943,PROPORTIONAL_PRIMARY_ORIGIN_PASS_THROUGH,ALL_CATEGORY_PRIMARY_VOTES_TRACED_PROPORTIONALLY,3,Stephen Bastian,OTH_CYA,RIGHT,0.4868275404029223,1.0,1.0,False,AEC_CANDIDATE_ROUNDS_CATEGORY_EXIT
Berowra,NSW,106,OTH,ALP+GRN+IND+LNP+ON,LNP,891.0,4517.0,0.19725481514279394,PROPORTIONAL_PRIMARY_ORIGIN_PASS_THROUGH,ALL_CATEGORY_PRIMARY_VOTES_TRACED_PROPORTIONALLY,3,Stephen Bastian,OTH_CYA,RIGHT,0.4868275404029223,1.0,1.0,False,AEC_CANDIDATE_ROUNDS_CATEGORY_EXIT
Berowra,NSW,106,OTH,ALP+GRN+IND+LNP+ON,ON,1249.0,4517.0,0.27651095860084124,PROPORTIONAL_PRIMARY_ORIGIN_PASS_THROUGH,ALL_CATEGORY_PRIMARY_VOTES_TRACED_PROPORTIONALLY,3,Stephen Bastian,OTH_CYA,RIGHT,0.4868275404029223,1.0,1.0,False,AEC_CANDIDATE_ROUNDS_CATEGORY_EXIT
Blaxland,NSW,107,GRN,ALP+IND+LNP,ALP,3303.9422287001457,6854.0,0.4820458460315357,PROPORTIONAL_PRIMARY_ORIGIN_PASS_THROUGH,ALL_CATEGORY_PRIMARY_VOTES_TRACED_PROPORTIONALLY,1,Omar Sakr,GRN,,1.0,1.0,1.0,False,AEC_CANDIDATE_ROUNDS_CATEGORY_EXIT
Blaxland,NSW,107,GRN,ALP+IND+LNP,IND,3016.050616138863,6854.0,0.4400424009540215,PROPORTIONAL_PRIMARY_ORIGIN_PASS_THROUGH,ALL_CATEGORY_PRIMARY_VOTES_TRACED_PROPORTIONALLY,1,Omar Sakr,GRN,,1.0,1.0,1.0,False,AEC_CANDIDATE_ROUNDS_CATEGORY_EXIT
Blaxland,NSW,107,GRN,ALP+IND+LNP,LNP,534.0071551609911,6854.0,0.0779117530144428,PROPORTIONAL_PRIMARY_ORIGIN_PASS_THROUGH,ALL_CATEGORY_PRIMARY_VOTES_TRACED_PROPORTIONALLY,1,Omar Sakr,GRN,,1.0,1.0,1.0,False,AEC_CANDIDATE_ROUNDS_CATEGORY_EXIT
Blaxland,NSW,107,IND,ALP+LNP,ALP,13707.285014970772,16302.0,0.840834561095005,PROPORTIONAL_PRIMARY_ORIGIN_PASS_THROUGH,ALL_CATEGORY_PRIMARY_VOTES_TRACED_PROPORTIONALLY,1,Ahmed Ouf,IND_PROMINENT,LEFT,1.0,1.0,1.0,False,AEC_CANDIDATE_ROUNDS_CATEGORY_EXIT
Blaxland,NSW,107,IND,ALP+LNP,LNP,2594.714985029229,16302.0,0.159165438904995,PROPORTIONAL_PRIMARY_ORIGIN_PASS_THROUGH,ALL_CATEGORY_PRIMARY_VOTES_TRACED_PROPORTIONALLY,1,Ahmed Ouf,IND_PROMINENT,LEFT,1.0,1.0,1.0,False,AEC_CANDIDATE_ROUNDS_CATEGORY_EXIT
Blaxland,NSW,107,ON,ALP+GRN+IND+LNP,ALP,451.3850746268658,3086.0,0.14626865671641792,PROPORTIONAL_PRIMARY_ORIGIN_PASS_THROUGH,ALL_CATEGORY_PRIMARY_VOTES_TRACED_PROPORTIONALLY,1,Mitchell Klievens,ON,,1.0,1.0,1.0,False,AEC_CANDIDATE_ROUNDS_CATEGORY_EXIT
Blaxland,NSW,107,ON,ALP+GRN+IND+LNP,GRN,255.96034115138593,3086.0,0.08294243070362471,PROPORTIONAL_PRIMARY_ORIGIN_PASS_THROUGH,ALL_CATEGORY_PRIMARY_VOTES_TRACED_PROPORTIONALLY,1,Mitchell Klievens,ON,,1.0,1.0,1.0,False,AEC_CANDIDATE_ROUNDS_CATEGORY_EXIT
Blaxland,NSW,107,ON,ALP+GRN+IND+LNP,IND,584.3002132196161,3086.0,0.18933901918976542,PROPORTIONAL_PRIMARY_ORIGIN_PASS_THROUGH,ALL_CATEGORY_PRIMARY_VOTES_TRACED_PROPORTIONALLY,1,Mitchell Klievens,ON,,1.0,1.0,1.0,False,AEC_CANDIDATE_ROUNDS_CATEGORY_EXIT
Blaxland,NSW,107,ON,ALP+GRN+IND+LNP,LNP,1794.3543710021322,3086.0,0.581449893390192,PROPORTIONAL_PRIMARY_ORIGIN_PASS_THROUGH,ALL_CATEGORY_PRIMARY_VOTES_TRACED_PROPORTIONALLY,1,Mitchell Klievens,ON,,1.0,1.0,1.0,False,AEC_CANDIDATE_ROUNDS_CATEGORY_EXIT
Blaxland,NSW,107,OTH,ALP+GRN+IND+LNP+ON,ALP,457.0,3620.0,0.12624309392265193,PROPORTIONAL_PRIMARY_ORIGIN_PASS_THROUGH,ALL_CATEGORY_PRIMARY_VOTES_TRACED_PROPORTIONALLY,2,Mike Luo,OTH_LTP,RIGHT,0.5232044198895027,1.0,1.0,False,AEC_CANDIDATE_ROUNDS_CATEGORY_EXIT
Blaxland,NSW,107,OTH,ALP+GRN+IND+LNP+ON,GRN,304.0,3620.0,0.08397790055248612,PROPORTIONAL_PRIMARY_ORIGIN_PASS_THROUGH,ALL_CATEGORY_PRIMARY_VOTES_TRACED_PROPORTIONALLY,2,Mike Luo,OTH_LTP,RIGHT,0.5232044198895027,1.0,1.0,False,AEC_CANDIDATE_ROUNDS_CATEGORY_EXIT
Blaxland,NSW,107,OTH,ALP+GRN+IND+LNP+ON,IND,530.0,3620.0,0.14640883977900554,PROPORTIONAL_PRIMARY_ORIGIN_PASS_THROUGH,ALL_CATEGORY_PRIMARY_VOTES_TRACED_PROPORTIONALLY,2,Mike Luo,OTH_LTP,RIGHT,0.5232044198895027,1.0,1.0,False,AEC_CANDIDATE_ROUNDS_CATEGORY_EXIT
Blaxland,NSW,107,OTH,ALP+GRN+IND+LNP+ON,LNP,725.0,3620.0,0.20027624309392267,PROPORTIONAL_PRIMARY_ORIGIN_PASS_THROUGH,ALL_CATEGORY_PRIMARY_VOTES_TRACED_PROPORTIONALLY,2,Mike Luo,OTH_LTP,RIGHT,0.5232044198895027,1.0,1.0,False,AEC_CANDIDATE_ROUNDS_CATEGORY_EXIT
Blaxland,NSW,107,OTH,ALP+GRN+IND+LNP+ON,ON,1604.0,3620.0,0.4430939226519338,PROPORTIONAL_PRIMARY_ORIGIN_PASS_THROUGH,ALL_CATEGORY_PRIMARY_VOTES_TRACED_PROPORTIONALLY,2,Mike Luo,OTH_LTP,RIGHT,0.5232044198895027,1.0,1.0,False,AEC_CANDIDATE_ROUNDS_CATEGORY_EXIT
Bradfield,NSW,108,ALP,IND+LNP,IND,15418.65596457238,22768.0,0.6772073069471354,PROPORTIONAL_PRIMARY_ORIGIN_PASS_THROUGH,ALL_CATEGORY_PRIMARY_VOTES_TRACED_PROPORTIONALLY,1,Louise Mccallum,ALP,,1.0,1.0,1.0,False,AEC_CANDIDATE_ROUNDS_CATEGORY_EXIT
Bradfield,NSW,108,ALP,IND+LNP,LNP,7349.344035427623,22768.0,0.3227926930528647,PROPORTIONAL_PRIMARY_ORIGIN_PASS_THROUGH,ALL_CATEGORY_PRIMARY_VOTES_TRACED_PROPORTIONALLY,1,Louise Mccallum,ALP,,1.0,1.0,1.0,False,AEC_CANDIDATE_ROUNDS_CATEGORY_EXIT
Bradfield,NSW,108,GRN,ALP+IND+LNP,ALP,3495.7520065139,7551.0,0.46295219262533444,PROPORTIONAL_PRIMARY_ORIGIN_PASS_THROUGH,ALL_CATEGORY_PRIMARY_VOTES_TRACED_PROPORTIONALLY,1,Harjit Singh,GRN,,1.0,1.0,1.0,False,AEC_CANDIDATE_ROUNDS_CATEGORY_EXIT
Bradfield,NSW,108,GRN,ALP+IND+LNP,IND,3537.9118297080377,7551.0,0.46853553565197165,PROPORTIONAL_PRIMARY_ORIGIN_PASS_THROUGH,ALL_CATEGORY_PRIMARY_VOTES_TRACED_PROPORTIONALLY,1,Harjit Singh,GRN,,1.0,1.0,1.0,False,AEC_CANDIDATE_ROUNDS_CATEGORY_EXIT
Bradfield,NSW,108,GRN,ALP+IND+LNP,LNP,517.3361637780621,7551.0,0.06851227172269392,PROPORTIONAL_PRIMARY_ORIGIN_PASS_THROUGH,ALL_CATEGORY_PRIMARY_VOTES_TRACED_PROPORTIONALLY,1,Harjit Singh,GRN,,1.0,1.0,1.0,False,AEC_CANDIDATE_ROUNDS_CATEGORY_EXIT
Bradfield,NSW,108,ON,ALP+GRN+IND+LNP+OTH,ALP,106.67318982387476,1725.0,0.061839530332681004,PROPORTIONAL_PRIMARY_ORIGIN_PASS_THROUGH,ALL_CATEGORY_PRIMARY_VOTES_TRACED_PROPORTIONALLY,1,John Manton,ON,,1.0,1.0,1.0,False,AEC_CANDIDATE_ROUNDS_CATEGORY_EXIT
Bradfield,NSW,108,ON,ALP+GRN+IND+LNP+OTH,GRN,73.59099804305285,1725.0,0.042661448140900206,PROPORTIONAL_PRIMARY_ORIGIN_PASS_THROUGH,ALL_CATEGORY_PRIMARY_VOTES_TRACED_PROPORTIONALLY,1,John Manton,ON,,1.0,1.0,1.0,False,AEC_CANDIDATE_ROUNDS_CATEGORY_EXIT
Bradfield,NSW,108,ON,ALP+GRN+IND+LNP+OTH,IND,204.56947162426616,1725.0,0.11859099804305281,PROPORTIONAL_PRIMARY_ORIGIN_PASS_THROUGH,ALL_CATEGORY_PRIMARY_VOTES_TRACED_PROPORTIONALLY,1,John Manton,ON,,1.0,1.0,1.0,False,AEC_CANDIDATE_ROUNDS_CATEGORY_EXIT
Bradfield,NSW,108,ON,ALP+GRN+IND+LNP+OTH,LNP,1034.3248532289629,1725.0,0.5996086105675148,PROPORTIONAL_PRIMARY_ORIGIN_PASS_THROUGH,ALL_CATEGORY_PRIMARY_VOTES_TRACED_PROPORTIONALLY,1,John Manton,ON,,1.0,1.0,1.0,False,AEC_CANDIDATE_ROUNDS_CATEGORY_EXIT
Bradfield,NSW,108,ON,ALP+GRN+IND+LNP+OTH,OTH,305.8414872798434,1725.0,0.17729941291585122,PROPORTIONAL_PRIMARY_ORIGIN_PASS_THROUGH,ALL_CATEGORY_PRIMARY_VOTES_TRACED_PROPORTIONALLY,1,John Manton,ON,,1.0,1.0,1.0,False,AEC_CANDIDATE_ROUNDS_CATEGORY_EXIT
Bradfield,NSW,108,OTH,ALP+GRN+IND+LNP,ALP,1945.7938030006524,7173.0,0.27126638826162724,PROPORTIONAL_PRIMARY_ORIGIN_PASS_THROUGH,ALL_CATEGORY_PRIMARY_VOTES_TRACED_PROPORTIONALLY,3,Andy Yin,IND_MINOR,CENTRE,0.6461731493099122,1.0,1.0,False,AEC_CANDIDATE_ROUNDS_CATEGORY_EXIT
Bradfield,NSW,108,OTH,ALP+GRN+IND+LNP,GRN,937.8036040443576,7173.0,0.13074077848102011,PROPORTIONAL_PRIMARY_ORIGIN_PASS_THROUGH,ALL_CATEGORY_PRIMARY_VOTES_TRACED_PROPORTIONALLY,3,Andy Yin,IND_MINOR,CENTRE,0.6461731493099122,1.0,1.0,False,AEC_CANDIDATE_ROUNDS_CATEGORY_EXIT
Bradfield,NSW,108,OTH,ALP+GRN+IND+LNP,IND,1909.0568493150688,7173.0,0.26614482773108444,PROPORTIONAL_PRIMARY_ORIGIN_PASS_THROUGH,ALL_CATEGORY_PRIMARY_VOTES_TRACED_PROPORTIONALLY,3,Andy Yin,IND_MINOR,CENTRE,0.6461731493099122,1.0,1.0,False,AEC_CANDIDATE_ROUNDS_CATEGORY_EXIT
Bradfield,NSW,108,OTH,ALP+GRN+IND+LNP,LNP,2380.3457436399217,7173.0,0.33184800552626825,PROPORTIONAL_PRIMARY_ORIGIN_PASS_THROUGH,ALL_CATEGORY_PRIMARY_VOTES_TRACED_PROPORTIONALLY,3,Andy Yin,IND_MINOR,CENTRE,0.6461731493099122,1.0,1.0,False,AEC_CANDIDATE_ROUNDS_CATEGORY_EXIT
Calare,NSW,109,ALP,IND+LNP,IND,9455.38245713476,11086.0,0.8529120022672524,PROPORTIONAL_PRIMARY_ORIGIN_PASS_THROUGH,ALL_CATEGORY_PRIMARY_VOTES_TRACED_PROPORTIONALLY,1,Julie Cunningham,ALP,,1.0,1.0,1.0,False,AEC_CANDIDATE_ROUNDS_CATEGORY_EXIT
Calare,NSW,109,ALP,IND+LNP,LNP,1630.6175428652402,11086.0,0.1470879977327476,PROPORTIONAL_PRIMARY_ORIGIN_PASS_THROUGH,ALL_CATEGORY_PRIMARY_VOTES_TRACED_PROPORTIONALLY,1,Julie Cunningham,ALP,,1.0,1.0,1.0,False,AEC_CANDIDATE_ROUNDS_CATEGORY_EXIT
Calare,NSW,109,GRN,ALP+IND+LNP+ON+OTH,ALP,1041.9689251146203,3753.0,0.27763627101375443,PROPORTIONAL_PRIMARY_ORIGIN_PASS_THROUGH,ALL_CATEGORY_PRIMARY_VOTES_TRACED_PROPORTIONALLY,1,Ben Parker,GRN,,1.0,1.0,1.0,False,AEC_CANDIDATE_ROUNDS_CATEGORY_EXIT
Calare,NSW,109,GRN,ALP+IND+LNP+ON+OTH,IND,1663.32654100866,3753.0,0.4431991849210393,PROPORTIONAL_PRIMARY_ORIGIN_PASS_THROUGH,ALL_CATEGORY_PRIMARY_VOTES_TRACED_PROPORTIONALLY,1,Ben Parker,GRN,,1.0,1.0,1.0,False,AEC_CANDIDATE_ROUNDS_CATEGORY_EXIT
Calare,NSW,109,GRN,ALP+IND+LNP+ON+OTH,LNP,141.47834946510443,3753.0,0.03769740193581251,PROPORTIONAL_PRIMARY_ORIGIN_PASS_THROUGH,ALL_CATEGORY_PRIMARY_VOTES_TRACED_PROPORTIONALLY,1,Ben Parker,GRN,,1.0,1.0,1.0,False,AEC_CANDIDATE_ROUNDS_CATEGORY_EXIT
Calare,NSW,109,GRN,ALP+IND+LNP+ON+OTH,ON,116.62404482934284,3753.0,0.031074885379521106,PROPORTIONAL_PRIMARY_ORIGIN_PASS_THROUGH,ALL_CATEGORY_PRIMARY_VOTES_TRACED_PROPORTIONALLY,1,Ben Parker,GRN,,1.0,1.0,1.0,False,AEC_CANDIDATE_ROUNDS_CATEGORY_EXIT
Calare,NSW,109,GRN,ALP+IND+LNP+ON+OTH,OTH,789.602139582272,3753.0,0.21039225674987266,PROPORTIONAL_PRIMARY_ORIGIN_PASS_THROUGH,ALL_CATEGORY_PRIMARY_VOTES_TRACED_PROPORTIONALLY,1,Ben Parker,GRN,,1.0,1.0,1.0,False,AEC_CANDIDATE_ROUNDS_CATEGORY_EXIT
Calare,NSW,109,ON,ALP+IND+LNP,ALP,494.21039247266253,8200.0,0.060269560057641704,PROPORTIONAL_PRIMARY_ORIGIN_PASS_THROUGH,ALL_CATEGORY_PRIMARY_VOTES_TRACED_PROPORTIONALLY,1,Jennifer Hughes,ON,,1.0,1.0,1.0,False,AEC_CANDIDATE_ROUNDS_CATEGORY_EXIT
Calare,NSW,109,ON,ALP+IND+LNP,IND,4214.342629482072,8200.0,0.5139442231075698,PROPORTIONAL_PRIMARY_ORIGIN_PASS_THROUGH,ALL_CATEGORY_PRIMARY_VOTES_TRACED_PROPORTIONALLY,1,Jennifer Hughes,ON,,1.0,1.0,1.0,False,AEC_CANDIDATE_ROUNDS_CATEGORY_EXIT
Calare,NSW,109,ON,ALP+IND+LNP,LNP,3491.446978045266,8200.0,0.42578621683478857,PROPORTIONAL_PRIMARY_ORIGIN_PASS_THROUGH,ALL_CATEGORY_PRIMARY_VOTES_TRACED_PROPORTIONALLY,1,Jennifer Hughes,ON,,1.0,1.0,1.0,False,AEC_CANDIDATE_ROUNDS_CATEGORY_EXIT
Calare,NSW,109,OTH,ALP+IND+LNP+ON,ALP,1147.2143145313228,9723.0,0.11798974745771083,PROPORTIONAL_PRIMARY_ORIGIN_PASS_THROUGH,ALL_CATEGORY_PRIMARY_VOTES_TRACED_PROPORTIONALLY,4,Sue Raye,OTH_HMP,CENTRE_LEFT,0.4280571839967088,1.0,1.0,False,AEC_CANDIDATE_ROUNDS_CATEGORY_EXIT
Calare,NSW,109,OTH,ALP+IND+LNP+ON,IND,3759.871001398321,9723.0,0.3866986528230301,PROPORTIONAL_PRIMARY_ORIGIN_PASS_THROUGH,ALL_CATEGORY_PRIMARY_VOTES_TRACED_PROPORTIONALLY,4,Sue Raye,OTH_HMP,CENTRE_LEFT,0.4280571839967088,1.0,1.0,False,AEC_CANDIDATE_ROUNDS_CATEGORY_EXIT
Calare,NSW,109,OTH,ALP+IND+LNP+ON,LNP,1540.9536085645072,9723.0,0.15848540661981972,PROPORTIONAL_PRIMARY_ORIGIN_PASS_THROUGH,ALL_CATEGORY_PRIMARY_VOTES_TRACED_PROPORTIONALLY,4,Sue Raye,OTH_HMP,CENTRE_LEFT,0.4280571839967088,1.0,1.0,False,AEC_CANDIDATE_ROUNDS_CATEGORY_EXIT
Calare,NSW,109,OTH,ALP+IND+LNP+ON,ON,3274.961075505849,9723.0,0.33682619309943934,PROPORTIONAL_PRIMARY_ORIGIN_PASS_THROUGH,ALL_CATEGORY_PRIMARY_VOTES_TRACED_PROPORTIONALLY,4,Sue Raye,OTH_HMP,CENTRE_LEFT,0.4280571839967088,1.0,1.0,False,AEC_CANDIDATE_ROUNDS_CATEGORY_EXIT
Chifley,NSW,111,GRN,ALP+LNP,ALP,6902.077604204161,8724.0,0.7911597437189548,PROPORTIONAL_PRIMARY_ORIGIN_PASS_THROUGH,ALL_CATEGORY_PRIMARY_VOTES_TRACED_PROPORTIONALLY,1,Sukhjinder Pal Singh,GRN,,1.0,1.0,1.0,False,AEC_CANDIDATE_ROUNDS_CATEGORY_EXIT
Chifley,NSW,111,GRN,ALP+LNP,LNP,1821.922395795839,8724.0,0.20884025628104522,PROPORTIONAL_PRIMARY_ORIGIN_PASS_THROUGH,ALL_CATEGORY_PRIMARY_VOTES_TRACED_PROPORTIONALLY,1,Sukhjinder Pal Singh,GRN,,1.0,1.0,1.0,False,AEC_CANDIDATE_ROUNDS_CATEGORY_EXIT
Chifley,NSW,111,ON,ALP+GRN+LNP,ALP,1190.49859464744,5338.0,0.22302334107295613,PROPORTIONAL_PRIMARY_ORIGIN_PASS_THROUGH,ALL_CATEGORY_PRIMARY_VOTES_TRACED_PROPORTIONALLY,1,Tony Nikolic,ON,,1.0,1.0,1.0,False,AEC_CANDIDATE_ROUNDS_CATEGORY_EXIT
Chifley,NSW,111,ON,ALP+GRN+LNP,GRN,1127.875106928999,5338.0,0.21129170230966632,PROPORTIONAL_PRIMARY_ORIGIN_PASS_THROUGH,ALL_CATEGORY_PRIMARY_VOTES_TRACED_PROPORTIONALLY,1,Tony Nikolic,ON,,1.0,1.0,1.0,False,AEC_CANDIDATE_ROUNDS_CATEGORY_EXIT
Chifley,NSW,111,ON,ALP+GRN+LNP,LNP,3019.626298423561,5338.0,0.5656849566173776,PROPORTIONAL_PRIMARY_ORIGIN_PASS_THROUGH,ALL_CATEGORY_PRIMARY_VOTES_TRACED_PROPORTIONALLY,1,Tony Nikolic,ON,,1.0,1.0,1.0,False,AEC_CANDIDATE_ROUNDS_CATEGORY_EXIT
Chifley,NSW,111,OTH,ALP+GRN+LNP+ON,ALP,2547.0,10661.0,0.23890816996529404,PROPORTIONAL_PRIMARY_ORIGIN_PASS_THROUGH,ALL_CATEGORY_PRIMARY_VOTES_TRACED_PROPORTIONALLY,4,Jamie Green,OTH_FFPA,RIGHT,0.5005158990713817,1.0,1.0,False,AEC_CANDIDATE_ROUNDS_CATEGORY_EXIT
Chifley,NSW,111,OTH,ALP+GRN+LNP+ON,GRN,3437.9999999999995,10661.0,0.32248381952912486,PROPORTIONAL_PRIMARY_ORIGIN_PASS_THROUGH,ALL_CATEGORY_PRIMARY_VOTES_TRACED_PROPORTIONALLY,4,Jamie Green,OTH_FFPA,RIGHT,0.5005158990713817,1.0,1.0,False,AEC_CANDIDATE_ROUNDS_CATEGORY_EXIT
Chifley,NSW,111,OTH,ALP+GRN+LNP+ON,LNP,1831.0,10661.0,0.17174749085451643,PROPORTIONAL_PRIMARY_ORIGIN_PASS_THROUGH,ALL_CATEGORY_PRIMARY_VOTES_TRACED_PROPORTIONALLY,4,Jamie Green,OTH_FFPA,RIGHT,0.5005158990713817,1.0,1.0,False,AEC_CANDIDATE_ROUNDS_CATEGORY_EXIT
Chifley,NSW,111,OTH,ALP+GRN+LNP+ON,ON,2845.0,10661.0,0.26686051965106466,PROPORTIONAL_PRIMARY_ORIGIN_PASS_THROUGH,ALL_CATEGORY_PRIMARY_VOTES_TRACED_PROPORTIONALLY,4,Jamie Green,OTH_FFPA,RIGHT,0.5005158990713817,1.0,1.0,False,AEC_CANDIDATE_ROUNDS_CATEGORY_EXIT
Cook,NSW,112,GRN,ALP+LNP,ALP,8636.965607833772,10575.0,0.8167343364381817,PROPORTIONAL_PRIMARY_ORIGIN_PASS_THROUGH,ALL_CATEGORY_PRIMARY_VOTES_TRACED_PROPORTIONALLY,1,Martin Moore,GRN,,1.0,1.0,1.0,False,AEC_CANDIDATE_ROUNDS_CATEGORY_EXIT
Cook,NSW,112,GRN,ALP+LNP,LNP,1938.0343921662288,10575.0,0.1832656635618183,PROPORTIONAL_PRIMARY_ORIGIN_PASS_THROUGH,ALL_CATEGORY_PRIMARY_VOTES_TRACED_PROPORTIONALLY,1,Martin Moore,GRN,,1.0,1.0,1.0,False,AEC_CANDIDATE_ROUNDS_CATEGORY_EXIT
Cook,NSW,112,ON,ALP+GRN+LNP,ALP,586.2570817744522,4638.0,0.1264029930518439,PROPORTIONAL_PRIMARY_ORIGIN_PASS_THROUGH,ALL_CATEGORY_PRIMARY_VOTES_TRACED_PROPORTIONALLY,1,Mark Preston,ON,,1.0,1.0,1.0,False,AEC_CANDIDATE_ROUNDS_CATEGORY_EXIT
Cook,NSW,112,ON,ALP+GRN+LNP,GRN,794.4836985569215,4638.0,0.1712987707108498,PROPORTIONAL_PRIMARY_ORIGIN_PASS_THROUGH,ALL_CATEGORY_PRIMARY_VOTES_TRACED_PROPORTIONALLY,1,Mark Preston,ON,,1.0,1.0,1.0,False,AEC_CANDIDATE_ROUNDS_CATEGORY_EXIT
Cook,NSW,112,ON,ALP+GRN+LNP,LNP,3257.2592196686264,4638.0,0.7022982362373063,PROPORTIONAL_PRIMARY_ORIGIN_PASS_THROUGH,ALL_CATEGORY_PRIMARY_VOTES_TRACED_PROPORTIONALLY,1,Mark Preston,ON,,1.0,1.0,1.0,False,AEC_CANDIDATE_ROUNDS_CATEGORY_EXIT
Cook,NSW,112,OTH,ALP+GRN+LNP+ON,ALP,851.0,6556.0,0.12980475899938984,PROPORTIONAL_PRIMARY_ORIGIN_PASS_THROUGH,ALL_CATEGORY_PRIMARY_VOTES_TRACED_PROPORTIONALLY,2,Natalie Fuller,OTH_FFPA,RIGHT,0.5048810250152532,1.0,1.0,False,AEC_CANDIDATE_ROUNDS_CATEGORY_EXIT
Cook,NSW,112,OTH,ALP+GRN+LNP+ON,GRN,704.0,6556.0,0.10738255033557041,PROPORTIONAL_PRIMARY_ORIGIN_PASS_THROUGH,ALL_CATEGORY_PRIMARY_VOTES_TRACED_PROPORTIONALLY,2,Natalie Fuller,OTH_FFPA,RIGHT,0.5048810250152532,1.0,1.0,False,AEC_CANDIDATE_ROUNDS_CATEGORY_EXIT
Cook,NSW,112,OTH,ALP+GRN+LNP+ON,LNP,2155.0,6556.0,0.32870652837095793,PROPORTIONAL_PRIMARY_ORIGIN_PASS_THROUGH,ALL_CATEGORY_PRIMARY_VOTES_TRACED_PROPORTIONALLY,2,Natalie Fuller,OTH_FFPA,RIGHT,0.5048810250152532,1.0,1.0,False,AEC_CANDIDATE_ROUNDS_CATEGORY_EXIT
Cook,NSW,112,OTH,ALP+GRN+LNP+ON,ON,2846.0,6556.0,0.43410616229408183,PROPORTIONAL_PRIMARY_ORIGIN_PASS_THROUGH,ALL_CATEGORY_PRIMARY_VOTES_TRACED_PROPORTIONALLY,2,Natalie Fuller,OTH_FFPA,RIGHT,0.5048810250152532,1.0,1.0,False,AEC_CANDIDATE_ROUNDS_CATEGORY_EXIT
Cowper,NSW,113,ALP,IND+LNP,IND,8208.108624898292,12713.0,0.6456468673718471,PROPORTIONAL_PRIMARY_ORIGIN_PASS_THROUGH,ALL_CATEGORY_PRIMARY_VOTES_TRACED_PROPORTIONALLY,1,Greg Vigors,ALP,,1.0,1.0,1.0,False,AEC_CANDIDATE_ROUNDS_CATEGORY_EXIT
Cowper,NSW,113,ALP,IND+LNP,LNP,4504.891375101709,12713.0,0.354353132628153,PROPORTIONAL_PRIMARY_ORIGIN_PASS_THROUGH,ALL_CATEGORY_PRIMARY_VOTES_TRACED_PROPORTIONALLY,1,Greg Vigors,ALP,,1.0,1.0,1.0,False,AEC_CANDIDATE_ROUNDS_CATEGORY_EXIT
Cowper,NSW,113,GRN,ALP+IND+LNP+ON+OTH,ALP,1043.9600081615995,4552.0,0.22934095082636197,PROPORTIONAL_PRIMARY_ORIGIN_PASS_THROUGH,ALL_CATEGORY_PRIMARY_VOTES_TRACED_PROPORTIONALLY,1,Wendy Firefly,GRN,,1.0,1.0,1.0,False,AEC_CANDIDATE_ROUNDS_CATEGORY_EXIT
Cowper,NSW,113,GRN,ALP+IND+LNP+ON+OTH,IND,2393.4919404203224,4552.0,0.5258110589675578,PROPORTIONAL_PRIMARY_ORIGIN_PASS_THROUGH,ALL_CATEGORY_PRIMARY_VOTES_TRACED_PROPORTIONALLY,1,Wendy Firefly,GRN,,1.0,1.0,1.0,False,AEC_CANDIDATE_ROUNDS_CATEGORY_EXIT
Cowper,NSW,113,GRN,ALP+IND+LNP+ON+OTH,LNP,239.6278310548867,4552.0,0.05264231789430721,PROPORTIONAL_PRIMARY_ORIGIN_PASS_THROUGH,ALL_CATEGORY_PRIMARY_VOTES_TRACED_PROPORTIONALLY,1,Wendy Firefly,GRN,,1.0,1.0,1.0,False,AEC_CANDIDATE_ROUNDS_CATEGORY_EXIT
Cowper,NSW,113,GRN,ALP+IND+LNP+ON+OTH,ON,141.17608651295654,4552.0,0.031014078759436806,PROPORTIONAL_PRIMARY_ORIGIN_PASS_THROUGH,ALL_CATEGORY_PRIMARY_VOTES_TRACED_PROPORTIONALLY,1,Wendy Firefly,GRN,,1.0,1.0,1.0,False,AEC_CANDIDATE_ROUNDS_CATEGORY_EXIT
Cowper,NSW,113,GRN,ALP+IND+LNP+ON+OTH,OTH,733.7441338502347,4552.0,0.16119159355233623,PROPORTIONAL_PRIMARY_ORIGIN_PASS_THROUGH,ALL_CATEGORY_PRIMARY_VOTES_TRACED_PROPORTIONALLY,1,Wendy Firefly,GRN,,1.0,1.0,1.0,False,AEC_CANDIDATE_ROUNDS_CATEGORY_EXIT
Cowper,NSW,113,ON,ALP+IND+LNP,ALP,704.5335337215855,6856.0,0.1027616006011647,PROPORTIONAL_PRIMARY_ORIGIN_PASS_THROUGH,ALL_CATEGORY_PRIMARY_VOTES_TRACED_PROPORTIONALLY,1,Chris Walsh,ON,,1.0,1.0,1.0,False,AEC_CANDIDATE_ROUNDS_CATEGORY_EXIT
Cowper,NSW,113,ON,ALP+IND+LNP,IND,1827.6656021040767,6856.0,0.2665789968063122,PROPORTIONAL_PRIMARY_ORIGIN_PASS_THROUGH,ALL_CATEGORY_PRIMARY_VOTES_TRACED_PROPORTIONALLY,1,Chris Walsh,ON,,1.0,1.0,1.0,False,AEC_CANDIDATE_ROUNDS_CATEGORY_EXIT
Cowper,NSW,113,ON,ALP+IND+LNP,LNP,4323.800864174338,6856.0,0.6306594025925231,PROPORTIONAL_PRIMARY_ORIGIN_PASS_THROUGH,ALL_CATEGORY_PRIMARY_VOTES_TRACED_PROPORTIONALLY,1,Chris Walsh,ON,,1.0,1.0,1.0,False,AEC_CANDIDATE_ROUNDS_CATEGORY_EXIT
Cowper,NSW,113,OTH,ALP+IND+LNP+ON,ALP,2156.8842885773724,11162.0,0.19323457163388036,PROPORTIONAL_PRIMARY_ORIGIN_PASS_THROUGH,ALL_CATEGORY_PRIMARY_VOTES_TRACED_PROPORTIONALLY,6,Megan Mathew,OTH_HMP,CENTRE_LEFT,0.4667622289912202,1.0,1.0,False,AEC_CANDIDATE_ROUNDS_CATEGORY_EXIT
Cowper,NSW,113,OTH,ALP+IND+LNP+ON,IND,2933.993342804167,11162.0,0.26285552255905453,PROPORTIONAL_PRIMARY_ORIGIN_PASS_THROUGH,ALL_CATEGORY_PRIMARY_VOTES_TRACED_PROPORTIONALLY,6,Megan Mathew,OTH_HMP,CENTRE_LEFT,0.4667622289912202,1.0,1.0,False,AEC_CANDIDATE_ROUNDS_CATEGORY_EXIT
Cowper,NSW,113,OTH,ALP+IND+LNP+ON,LNP,2561.4662423169466,11162.0,0.22948093910741327,PROPORTIONAL_PRIMARY_ORIGIN_PASS_THROUGH,ALL_CATEGORY_PRIMARY_VOTES_TRACED_PROPORTIONALLY,6,Megan Mathew,OTH_HMP,CENTRE_LEFT,0.4667622289912202,1.0,1.0,False,AEC_CANDIDATE_ROUNDS_CATEGORY_EXIT
Cowper,NSW,113,OTH,ALP+IND+LNP+ON,ON,3509.656126301514,11162.0,0.31442896669965187,PROPORTIONAL_PRIMARY_ORIGIN_PASS_THROUGH,ALL_CATEGORY_PRIMARY_VOTES_TRACED_PROPORTIONALLY,6,Megan Mathew,OTH_HMP,CENTRE_LEFT,0.4667622289912202,1.0,1.0,False,AEC_CANDIDATE_ROUNDS_CATEGORY_EXIT
Cunningham,NSW,114,GRN,ALP+LNP,ALP,20095.86251092339,23584.0,0.8520972909991262,PROPORTIONAL_PRIMARY_ORIGIN_PASS_THROUGH,ALL_CATEGORY_PRIMARY_VOTES_TRACED_PROPORTIONALLY,1,Jess Whittaker,GRN,,1.0,1.0,1.0,False,AEC_CANDIDATE_ROUNDS_CATEGORY_EXIT
Cunningham,NSW,114,GRN,ALP+LNP,LNP,3488.1374890766097,23584.0,0.14790270900087382,PROPORTIONAL_PRIMARY_ORIGIN_PASS_THROUGH,ALL_CATEGORY_PRIMARY_VOTES_TRACED_PROPORTIONALLY,1,Jess Whittaker,GRN,,1.0,1.0,1.0,False,AEC_CANDIDATE_ROUNDS_CATEGORY_EXIT
Cunningham,NSW,114,ON,ALP+GRN+LNP,ALP,1752.131318136769,8765.0,0.19990089197224972,PROPORTIONAL_PRIMARY_ORIGIN_PASS_THROUGH,ALL_CATEGORY_PRIMARY_VOTES_TRACED_PROPORTIONALLY,1,John Fuller,ON,,1.0,1.0,1.0,False,AEC_CANDIDATE_ROUNDS_CATEGORY_EXIT
Cunningham,NSW,114,ON,ALP+GRN+LNP,GRN,1760.818136769078,8765.0,0.20089197224975222,PROPORTIONAL_PRIMARY_ORIGIN_PASS_THROUGH,ALL_CATEGORY_PRIMARY_VOTES_TRACED_PROPORTIONALLY,1,John Fuller,ON,,1.0,1.0,1.0,False,AEC_CANDIDATE_ROUNDS_CATEGORY_EXIT
Cunningham,NSW,114,ON,ALP+GRN+LNP,LNP,5252.050545094153,8765.0,0.5992071357779981,PROPORTIONAL_PRIMARY_ORIGIN_PASS_THROUGH,ALL_CATEGORY_PRIMARY_VOTES_TRACED_PROPORTIONALLY,1,John Fuller,ON,,1.0,1.0,1.0,False,AEC_CANDIDATE_ROUNDS_CATEGORY_EXIT
Cunningham,NSW,114,OTH,ALP+GRN+LNP+ON,ALP,944.0,4705.0,0.2006376195536663,PROPORTIONAL_PRIMARY_ORIGIN_PASS_THROUGH,ALL_CATEGORY_PRIMARY_VOTES_TRACED_PROPORTIONALLY,2,Tim Lavers,OTH_AJP,CENTRE_LEFT,0.6478214665249734,1.0,1.0,False,AEC_CANDIDATE_ROUNDS_CATEGORY_EXIT
Cunningham,NSW,114,OTH,ALP+GRN+LNP+ON,GRN,1853.0,4705.0,0.393836344314559,PROPORTIONAL_PRIMARY_ORIGIN_PASS_THROUGH,ALL_CATEGORY_PRIMARY_VOTES_TRACED_PROPORTIONALLY,2,Tim Lavers,OTH_AJP,CENTRE_LEFT,0.6478214665249734,1.0,1.0,False,AEC_CANDIDATE_ROUNDS_CATEGORY_EXIT
Cunningham,NSW,114,OTH,ALP+GRN+LNP+ON,LNP,583.0,4705.0,0.1239107332624867,PROPORTIONAL_PRIMARY_ORIGIN_PASS_THROUGH,ALL_CATEGORY_PRIMARY_VOTES_TRACED_PROPORTIONALLY,2,Tim Lavers,OTH_AJP,CENTRE_LEFT,0.6478214665249734,1.0,1.0,False,AEC_CANDIDATE_ROUNDS_CATEGORY_EXIT
Cunningham,NSW,114,OTH,ALP+GRN+LNP+ON,ON,1325.0,4705.0,0.281615302869288,PROPORTIONAL_PRIMARY_ORIGIN_PASS_THROUGH,ALL_CATEGORY_PRIMARY_VOTES_TRACED_PROPORTIONALLY,2,Tim Lavers,OTH_AJP,CENTRE_LEFT,0.6478214665249734,1.0,1.0,False,AEC_CANDIDATE_ROUNDS_CATEGORY_EXIT
Dobell,NSW,115,GRN,ALP+LNP,ALP,7909.69559496209,10647.0,0.7429036907074379,PROPORTIONAL_PRIMARY_ORIGIN_PASS_THROUGH,ALL_CATEGORY_PRIMARY_VOTES_TRACED_PROPORTIONALLY,1,Simon George Cooper,GRN,,1.0,1.0,1.0,False,AEC_CANDIDATE_ROUNDS_CATEGORY_EXIT
Dobell,NSW,115,GRN,ALP+LNP,LNP,2737.3044050379094,10647.0,0.25709630929256216,PROPORTIONAL_PRIMARY_ORIGIN_PASS_THROUGH,ALL_CATEGORY_PRIMARY_VOTES_TRACED_PROPORTIONALLY,1,Simon George Cooper,GRN,,1.0,1.0,1.0,False,AEC_CANDIDATE_ROUNDS_CATEGORY_EXIT
Dobell,NSW,115,ON,ALP+GRN+LNP,ALP,1819.0414347557205,9040.0,0.20122139764996905,PROPORTIONAL_PRIMARY_ORIGIN_PASS_THROUGH,ALL_CATEGORY_PRIMARY_VOTES_TRACED_PROPORTIONALLY,1,Martin Stevenson,ON,,1.0,1.0,1.0,False,AEC_CANDIDATE_ROUNDS_CATEGORY_EXIT
Dobell,NSW,115,ON,ALP+GRN+LNP,GRN,1797.377860235003,9040.0,0.19882498453927025,PROPORTIONAL_PRIMARY_ORIGIN_PASS_THROUGH,ALL_CATEGORY_PRIMARY_VOTES_TRACED_PROPORTIONALLY,1,Martin Stevenson,ON,,1.0,1.0,1.0,False,AEC_CANDIDATE_ROUNDS_CATEGORY_EXIT
Dobell,NSW,115,ON,ALP+GRN+LNP,LNP,5423.580705009276,9040.0,0.5999536178107607,PROPORTIONAL_PRIMARY_ORIGIN_PASS_THROUGH,ALL_CATEGORY_PRIMARY_VOTES_TRACED_PROPORTIONALLY,1,Martin Stevenson,ON,,1.0,1.0,1.0,False,AEC_CANDIDATE_ROUNDS_CATEGORY_EXIT
Dobell,NSW,115,OTH,ALP+GRN+LNP+ON,ALP,2738.0,10715.0,0.25552963135790946,PROPORTIONAL_PRIMARY_ORIGIN_PASS_THROUGH,ALL_CATEGORY_PRIMARY_VOTES_TRACED_PROPORTIONALLY,4,Tim Claydon,OTH_HMP,CENTRE_LEFT,0.456836210919272,1.0,1.0,False,AEC_CANDIDATE_ROUNDS_CATEGORY_EXIT
Dobell,NSW,115,OTH,ALP+GRN+LNP+ON,GRN,2740.0,10715.0,0.25571628558096127,PROPORTIONAL_PRIMARY_ORIGIN_PASS_THROUGH,ALL_CATEGORY_PRIMARY_VOTES_TRACED_PROPORTIONALLY,4,Tim Claydon,OTH_HMP,CENTRE_LEFT,0.456836210919272,1.0,1.0,False,AEC_CANDIDATE_ROUNDS_CATEGORY_EXIT
Dobell,NSW,115,OTH,ALP+GRN+LNP+ON,LNP,1341.0,10715.0,0.12515165655622962,PROPORTIONAL_PRIMARY_ORIGIN_PASS_THROUGH,ALL_CATEGORY_PRIMARY_VOTES_TRACED_PROPORTIONALLY,4,Tim Claydon,OTH_HMP,CENTRE_LEFT,0.456836210919272,1.0,1.0,False,AEC_CANDIDATE_ROUNDS_CATEGORY_EXIT
Dobell,NSW,115,OTH,ALP+GRN+LNP+ON,ON,3895.999999999999,10715.0,0.36360242650489966,PROPORTIONAL_PRIMARY_ORIGIN_PASS_THROUGH,ALL_CATEGORY_PRIMARY_VOTES_TRACED_PROPORTIONALLY,4,Tim Claydon,OTH_HMP,CENTRE_LEFT,0.456836210919272,1.0,1.0,False,AEC_CANDIDATE_ROUNDS_CATEGORY_EXIT
Eden-Monaro,NSW,117,GRN,ALP+LNP,ALP,9167.970162224798,10739.0,0.8537079953650059,PROPORTIONAL_PRIMARY_ORIGIN_PASS_THROUGH,ALL_CATEGORY_PRIMARY_VOTES_TRACED_PROPORTIONALLY,1,Emma Goward,GRN,,1.0,1.0,1.0,False,AEC_CANDIDATE_ROUNDS_CATEGORY_EXIT
Eden-Monaro,NSW,117,GRN,ALP+LNP,LNP,1571.0298377752026,10739.0,0.1462920046349942,PROPORTIONAL_PRIMARY_ORIGIN_PASS_THROUGH,ALL_CATEGORY_PRIMARY_VOTES_TRACED_PROPORTIONALLY,1,Emma Goward,GRN,,1.0,1.0,1.0,False,AEC_CANDIDATE_ROUNDS_CATEGORY_EXIT
Eden-Monaro,NSW,117,ON,ALP+GRN+LNP,ALP,1242.167249260554,7451.0,0.1667114815810702,PROPORTIONAL_PRIMARY_ORIGIN_PASS_THROUGH,ALL_CATEGORY_PRIMARY_VOTES_TRACED_PROPORTIONALLY,1,Richard Graham,ON,,1.0,1.0,1.0,False,AEC_CANDIDATE_ROUNDS_CATEGORY_EXIT
Eden-Monaro,NSW,117,ON,ALP+GRN+LNP,GRN,1186.737205341938,7451.0,0.1592722057900869,PROPORTIONAL_PRIMARY_ORIGIN_PASS_THROUGH,ALL_CATEGORY_PRIMARY_VOTES_TRACED_PROPORTIONALLY,1,Richard Graham,ON,,1.0,1.0,1.0,False,AEC_CANDIDATE_ROUNDS_CATEGORY_EXIT
Eden-Monaro,NSW,117,ON,ALP+GRN+LNP,LNP,5022.095545397508,7451.0,0.6740163126288429,PROPORTIONAL_PRIMARY_ORIGIN_PASS_THROUGH,ALL_CATEGORY_PRIMARY_VOTES_TRACED_PROPORTIONALLY,1,Richard Graham,ON,,1.0,1.0,1.0,False,AEC_CANDIDATE_ROUNDS_CATEGORY_EXIT
Eden-Monaro,NSW,117,OTH,ALP+GRN+LNP+ON,ALP,1534.0,8668.0,0.17697277341947393,PROPORTIONAL_PRIMARY_ORIGIN_PASS_THROUGH,ALL_CATEGORY_PRIMARY_VOTES_TRACED_PROPORTIONALLY,4,Andrew Evan Thaler,IND_MINOR,CENTRE,0.2883017997231195,1.0,1.0,False,AEC_CANDIDATE_ROUNDS_CATEGORY_EXIT
Eden-Monaro,NSW,117,OTH,ALP+GRN+LNP+ON,GRN,1292.0,8668.0,0.14905399169358563,PROPORTIONAL_PRIMARY_ORIGIN_PASS_THROUGH,ALL_CATEGORY_PRIMARY_VOTES_TRACED_PROPORTIONALLY,4,Andrew Evan Thaler,IND_MINOR,CENTRE,0.2883017997231195,1.0,1.0,False,AEC_CANDIDATE_ROUNDS_CATEGORY_EXIT
Eden-Monaro,NSW,117,OTH,ALP+GRN+LNP+ON,LNP,2136.0,8668.0,0.24642362713428703,PROPORTIONAL_PRIMARY_ORIGIN_PASS_THROUGH,ALL_CATEGORY_PRIMARY_VOTES_TRACED_PROPORTIONALLY,4,Andrew Evan Thaler,IND_MINOR,CENTRE,0.2883017997231195,1.0,1.0,False,AEC_CANDIDATE_ROUNDS_CATEGORY_EXIT
Eden-Monaro,NSW,117,OTH,ALP+GRN+LNP+ON,ON,3705.999999999999,8668.0,0.42754960775265344,PROPORTIONAL_PRIMARY_ORIGIN_PASS_THROUGH,ALL_CATEGORY_PRIMARY_VOTES_TRACED_PROPORTIONALLY,4,Andrew Evan Thaler,IND_MINOR,CENTRE,0.2883017997231195,1.0,1.0,False,AEC_CANDIDATE_ROUNDS_CATEGORY_EXIT
Farrer,NSW,118,ALP,IND+LNP,IND,11485.580814249364,15551.0,0.7385750636132316,PROPORTIONAL_PRIMARY_ORIGIN_PASS_THROUGH,ALL_CATEGORY_PRIMARY_VOTES_TRACED_PROPORTIONALLY,1,Glen Hyde,ALP,,1.0,1.0,1.0,False,AEC_CANDIDATE_ROUNDS_CATEGORY_EXIT
Farrer,NSW,118,ALP,IND+LNP,LNP,4065.419185750636,15551.0,0.2614249363867684,PROPORTIONAL_PRIMARY_ORIGIN_PASS_THROUGH,ALL_CATEGORY_PRIMARY_VOTES_TRACED_PROPORTIONALLY,1,Glen Hyde,ALP,,1.0,1.0,1.0,False,AEC_CANDIDATE_ROUNDS_CATEGORY_EXIT
Farrer,NSW,118,GRN,ALP+IND+LNP+ON,ALP,2035.5923799582465,5085.0,0.40031315240083515,PROPORTIONAL_PRIMARY_ORIGIN_PASS_THROUGH,ALL_CATEGORY_PRIMARY_VOTES_TRACED_PROPORTIONALLY,1,Richard August Hendrie,GRN,,1.0,1.0,1.0,False,AEC_CANDIDATE_ROUNDS_CATEGORY_EXIT
Farrer,NSW,118,GRN,ALP+IND+LNP+ON,IND,2159.4441544885176,5085.0,0.42466945024356295,PROPORTIONAL_PRIMARY_ORIGIN_PASS_THROUGH,ALL_CATEGORY_PRIMARY_VOTES_TRACED_PROPORTIONALLY,1,Richard August Hendrie,GRN,,1.0,1.0,1.0,False,AEC_CANDIDATE_ROUNDS_CATEGORY_EXIT
Farrer,NSW,118,GRN,ALP+IND+LNP+ON,LNP,463.5594989561587,5085.0,0.09116214335421012,PROPORTIONAL_PRIMARY_ORIGIN_PASS_THROUGH,ALL_CATEGORY_PRIMARY_VOTES_TRACED_PROPORTIONALLY,1,Richard August Hendrie,GRN,,1.0,1.0,1.0,False,AEC_CANDIDATE_ROUNDS_CATEGORY_EXIT
Farrer,NSW,118,GRN,ALP+IND+LNP+ON,ON,426.4039665970773,5085.0,0.08385525400139181,PROPORTIONAL_PRIMARY_ORIGIN_PASS_THROUGH,ALL_CATEGORY_PRIMARY_VOTES_TRACED_PROPORTIONALLY,1,Richard August Hendrie,GRN,,1.0,1.0,1.0,False,AEC_CANDIDATE_ROUNDS_CATEGORY_EXIT
Farrer,NSW,118,ON,ALP+IND+LNP,ALP,547.7683688170322,6803.0,0.08051864895149671,PROPORTIONAL_PRIMARY_ORIGIN_PASS_THROUGH,ALL_CATEGORY_PRIMARY_VOTES_TRACED_PROPORTIONALLY,1,Emma Hicks,ON,,1.0,1.0,1.0,False,AEC_CANDIDATE_ROUNDS_CATEGORY_EXIT
Farrer,NSW,118,ON,ALP+IND+LNP,IND,3186.42196254202,6803.0,0.4683848247158637,PROPORTIONAL_PRIMARY_ORIGIN_PASS_THROUGH,ALL_CATEGORY_PRIMARY_VOTES_TRACED_PROPORTIONALLY,1,Emma Hicks,ON,,1.0,1.0,1.0,False,AEC_CANDIDATE_ROUNDS_CATEGORY_EXIT
Farrer,NSW,118,ON,ALP+IND+LNP,LNP,3068.8096686409476,6803.0,0.45109652633263964,PROPORTIONAL_PRIMARY_ORIGIN_PASS_THROUGH,ALL_CATEGORY_PRIMARY_VOTES_TRACED_PROPORTIONALLY,1,Emma Hicks,ON,,1.0,1.0,1.0,False,AEC_CANDIDATE_ROUNDS_CATEGORY_EXIT
Farrer,NSW,118,OTH,ALP+GRN+IND+LNP+ON,ALP,792.0,10314.0,0.07678883071553222,PROPORTIONAL_PRIMARY_ORIGIN_PASS_THROUGH,ALL_CATEGORY_PRIMARY_VOTES_TRACED_PROPORTIONALLY,4,Peter Sinclair,OTH_ASP,CENTRE_RIGHT,0.3468101609462866,1.0,1.0,False,AEC_CANDIDATE_ROUNDS_CATEGORY_EXIT
Farrer,NSW,118,OTH,ALP+GRN+IND+LNP+ON,GRN,663.0,10314.0,0.06428155904595691,PROPORTIONAL_PRIMARY_ORIGIN_PASS_THROUGH,ALL_CATEGORY_PRIMARY_VOTES_TRACED_PROPORTIONALLY,4,Peter Sinclair,OTH_ASP,CENTRE_RIGHT,0.3468101609462866,1.0,1.0,False,AEC_CANDIDATE_ROUNDS_CATEGORY_EXIT
Farrer,NSW,118,OTH,ALP+GRN+IND+LNP+ON,IND,1774.0,10314.0,0.17199922435524534,PROPORTIONAL_PRIMARY_ORIGIN_PASS_THROUGH,ALL_CATEGORY_PRIMARY_VOTES_TRACED_PROPORTIONALLY,4,Peter Sinclair,OTH_ASP,CENTRE_RIGHT,0.3468101609462866,1.0,1.0,False,AEC_CANDIDATE_ROUNDS_CATEGORY_EXIT
Farrer,NSW,118,OTH,ALP+GRN+IND+LNP+ON,LNP,1876.0,10314.0,0.18188869497770022,PROPORTIONAL_PRIMARY_ORIGIN_PASS_THROUGH,ALL_CATEGORY_PRIMARY_VOTES_TRACED_PROPORTIONALLY,4,Peter Sinclair,OTH_ASP,CENTRE_RIGHT,0.3468101609462866,1.0,1.0,False,AEC_CANDIDATE_ROUNDS_CATEGORY_EXIT
Farrer,NSW,118,OTH,ALP+GRN+IND+LNP+ON,ON,5209.0,10314.0,0.5050416909055654,PROPORTIONAL_PRIMARY_ORIGIN_PASS_THROUGH,ALL_CATEGORY_PRIMARY_VOTES_TRACED_PROPORTIONALLY,4,Peter Sinclair,OTH_ASP,CENTRE_RIGHT,0.3468101609462866,1.0,1.0,False,AEC_CANDIDATE_ROUNDS_CATEGORY_EXIT
Fowler,NSW,119,GRN,ALP+IND+LNP,ALP,3153.645458183273,6288.0,0.5015339469120983,PROPORTIONAL_PRIMARY_ORIGIN_PASS_THROUGH,ALL_CATEGORY_PRIMARY_VOTES_TRACED_PROPORTIONALLY,1,Avery Jacob Howard,GRN,,1.0,1.0,1.0,False,AEC_CANDIDATE_ROUNDS_CATEGORY_EXIT
Fowler,NSW,119,GRN,ALP+IND+LNP,IND,2595.8863545418167,6288.0,0.4128317993864213,PROPORTIONAL_PRIMARY_ORIGIN_PASS_THROUGH,ALL_CATEGORY_PRIMARY_VOTES_TRACED_PROPORTIONALLY,1,Avery Jacob Howard,GRN,,1.0,1.0,1.0,False,AEC_CANDIDATE_ROUNDS_CATEGORY_EXIT
Fowler,NSW,119,GRN,ALP+IND+LNP,LNP,538.46818727491,6288.0,0.08563425370148052,PROPORTIONAL_PRIMARY_ORIGIN_PASS_THROUGH,ALL_CATEGORY_PRIMARY_VOTES_TRACED_PROPORTIONALLY,1,Avery Jacob Howard,GRN,,1.0,1.0,1.0,False,AEC_CANDIDATE_ROUNDS_CATEGORY_EXIT
Fowler,NSW,119,LNP,ALP+IND,ALP,3474.863927738928,11404.0,0.304705710955711,PROPORTIONAL_PRIMARY_ORIGIN_PASS_THROUGH,ALL_CATEGORY_PRIMARY_VOTES_TRACED_PROPORTIONALLY,1,Vivek Singha,LIB,,1.0,1.0,1.0,False,AEC_CANDIDATE_ROUNDS_CATEGORY_EXIT
Fowler,NSW,119,LNP,ALP+IND,IND,7929.136072261072,11404.0,0.695294289044289,PROPORTIONAL_PRIMARY_ORIGIN_PASS_THROUGH,ALL_CATEGORY_PRIMARY_VOTES_TRACED_PROPORTIONALLY,1,Vivek Singha,LIB,,1.0,1.0,1.0,False,AEC_CANDIDATE_ROUNDS_CATEGORY_EXIT
Fowler,NSW,119,ON,ALP+GRN+IND+LNP+OTH,ALP,466.03255467196817,3835.0,0.12152087475149102,PROPORTIONAL_PRIMARY_ORIGIN_PASS_THROUGH,ALL_CATEGORY_PRIMARY_VOTES_TRACED_PROPORTIONALLY,1,Tony Margos,ON,,1.0,1.0,1.0,False,AEC_CANDIDATE_ROUNDS_CATEGORY_EXIT
Fowler,NSW,119,ON,ALP+GRN+IND+LNP+OTH,GRN,385.9778827037773,3835.0,0.10064612326043733,PROPORTIONAL_PRIMARY_ORIGIN_PASS_THROUGH,ALL_CATEGORY_PRIMARY_VOTES_TRACED_PROPORTIONALLY,1,Tony Margos,ON,,1.0,1.0,1.0,False,AEC_CANDIDATE_ROUNDS_CATEGORY_EXIT
Fowler,NSW,119,ON,ALP+GRN+IND+LNP+OTH,IND,1110.2820576540755,3835.0,0.28951292246520877,PROPORTIONAL_PRIMARY_ORIGIN_PASS_THROUGH,ALL_CATEGORY_PRIMARY_VOTES_TRACED_PROPORTIONALLY,1,Tony Margos,ON,,1.0,1.0,1.0,False,AEC_CANDIDATE_ROUNDS_CATEGORY_EXIT
Fowler,NSW,119,ON,ALP+GRN+IND+LNP+OTH,LNP,852.9634691848906,3835.0,0.22241550695825055,PROPORTIONAL_PRIMARY_ORIGIN_PASS_THROUGH,ALL_CATEGORY_PRIMARY_VOTES_TRACED_PROPORTIONALLY,1,Tony Margos,ON,,1.0,1.0,1.0,False,AEC_CANDIDATE_ROUNDS_CATEGORY_EXIT
Fowler,NSW,119,ON,ALP+GRN+IND+LNP+OTH,OTH,1019.7440357852882,3835.0,0.26590457256461236,PROPORTIONAL_PRIMARY_ORIGIN_PASS_THROUGH,ALL_CATEGORY_PRIMARY_VOTES_TRACED_PROPORTIONALLY,1,Tony Margos,ON,,1.0,1.0,1.0,False,AEC_CANDIDATE_ROUNDS_CATEGORY_EXIT
Fowler,NSW,119,OTH,ALP+GRN+IND+LNP,ALP,563.790115978296,5394.0,0.10452171226887202,PROPORTIONAL_PRIMARY_ORIGIN_PASS_THROUGH,ALL_CATEGORY_PRIMARY_VOTES_TRACED_PROPORTIONALLY,2,Jared Athavle,OTH_FFPA,RIGHT,0.6670374490174268,1.0,1.0,False,AEC_CANDIDATE_ROUNDS_CATEGORY_EXIT
Fowler,NSW,119,OTH,ALP+GRN+IND+LNP,GRN,694.1680715295777,5394.0,0.12869263469217232,PROPORTIONAL_PRIMARY_ORIGIN_PASS_THROUGH,ALL_CATEGORY_PRIMARY_VOTES_TRACED_PROPORTIONALLY,2,Jared Athavle,OTH_FFPA,RIGHT,0.6670374490174268,1.0,1.0,False,AEC_CANDIDATE_ROUNDS_CATEGORY_EXIT
Fowler,NSW,119,OTH,ALP+GRN+IND+LNP,IND,3422.4768597824377,5394.0,0.6344970077460953,PROPORTIONAL_PRIMARY_ORIGIN_PASS_THROUGH,ALL_CATEGORY_PRIMARY_VOTES_TRACED_PROPORTIONALLY,2,Jared Athavle,OTH_FFPA,RIGHT,0.6670374490174268,1.0,1.0,False,AEC_CANDIDATE_ROUNDS_CATEGORY_EXIT
Fowler,NSW,119,OTH,ALP+GRN+IND+LNP,LNP,713.5649527096887,5394.0,0.13228864529286033,PROPORTIONAL_PRIMARY_ORIGIN_PASS_THROUGH,ALL_CATEGORY_PRIMARY_VOTES_TRACED_PROPORTIONALLY,2,Jared Athavle,OTH_FFPA,RIGHT,0.6670374490174268,1.0,1.0,False,AEC_CANDIDATE_ROUNDS_CATEGORY_EXIT
Gilmore,NSW,120,GRN,ALP+IND+LNP,ALP,3837.879657343379,7932.0,0.48384766229745074,PROPORTIONAL_PRIMARY_ORIGIN_PASS_THROUGH,ALL_CATEGORY_PRIMARY_VOTES_TRACED_PROPORTIONALLY,1,Debbie Killian,GRN,,1.0,1.0,1.0,False,AEC_CANDIDATE_ROUNDS_CATEGORY_EXIT
Gilmore,NSW,120,GRN,ALP+IND+LNP,IND,3562.8097842914644,7932.0,0.44916916090411807,PROPORTIONAL_PRIMARY_ORIGIN_PASS_THROUGH,ALL_CATEGORY_PRIMARY_VOTES_TRACED_PROPORTIONALLY,1,Debbie Killian,GRN,,1.0,1.0,1.0,False,AEC_CANDIDATE_ROUNDS_CATEGORY_EXIT
Gilmore,NSW,120,GRN,ALP+IND+LNP,LNP,531.3105583651565,7932.0,0.06698317679843122,PROPORTIONAL_PRIMARY_ORIGIN_PASS_THROUGH,ALL_CATEGORY_PRIMARY_VOTES_TRACED_PROPORTIONALLY,1,Debbie Killian,GRN,,1.0,1.0,1.0,False,AEC_CANDIDATE_ROUNDS_CATEGORY_EXIT
Gilmore,NSW,120,IND,ALP+LNP,ALP,5852.003889674682,8371.0,0.6990806223479491,PROPORTIONAL_PRIMARY_ORIGIN_PASS_THROUGH,ALL_CATEGORY_PRIMARY_VOTES_TRACED_PROPORTIONALLY,1,Kate Dezarnaulds,IND_PROMINENT,LEFT,1.0,1.0,1.0,False,AEC_CANDIDATE_ROUNDS_CATEGORY_EXIT
Gilmore,NSW,120,IND,ALP+LNP,LNP,2518.996110325318,8371.0,0.3009193776520509,PROPORTIONAL_PRIMARY_ORIGIN_PASS_THROUGH,ALL_CATEGORY_PRIMARY_VOTES_TRACED_PROPORTIONALLY,1,Kate Dezarnaulds,IND_PROMINENT,LEFT,1.0,1.0,1.0,False,AEC_CANDIDATE_ROUNDS_CATEGORY_EXIT
Gilmore,NSW,120,ON,ALP+GRN+IND+LNP,ALP,590.0301603318758,5557.0,0.10617782262585491,PROPORTIONAL_PRIMARY_ORIGIN_PASS_THROUGH,ALL_CATEGORY_PRIMARY_VOTES_TRACED_PROPORTIONALLY,1,John Hawke,ON,,1.0,1.0,1.0,False,AEC_CANDIDATE_ROUNDS_CATEGORY_EXIT
Gilmore,NSW,120,ON,ALP+GRN+IND+LNP,GRN,368.8467316963785,5557.0,0.06637515416526511,PROPORTIONAL_PRIMARY_ORIGIN_PASS_THROUGH,ALL_CATEGORY_PRIMARY_VOTES_TRACED_PROPORTIONALLY,1,John Hawke,ON,,1.0,1.0,1.0,False,AEC_CANDIDATE_ROUNDS_CATEGORY_EXIT
Gilmore,NSW,120,ON,ALP+GRN+IND+LNP,IND,1778.190155847068,5557.0,0.31999103038457233,PROPORTIONAL_PRIMARY_ORIGIN_PASS_THROUGH,ALL_CATEGORY_PRIMARY_VOTES_TRACED_PROPORTIONALLY,1,John Hawke,ON,,1.0,1.0,1.0,False,AEC_CANDIDATE_ROUNDS_CATEGORY_EXIT
Gilmore,NSW,120,ON,ALP+GRN+IND+LNP,LNP,2819.9329521246777,5557.0,0.5074559928243078,PROPORTIONAL_PRIMARY_ORIGIN_PASS_THROUGH,ALL_CATEGORY_PRIMARY_VOTES_TRACED_PROPORTIONALLY,1,John Hawke,ON,,1.0,1.0,1.0,False,AEC_CANDIDATE_ROUNDS_CATEGORY_EXIT
Gilmore,NSW,120,OTH,ALP+GRN+IND+LNP+ON,ALP,1384.0,8604.0,0.16085541608554163,PROPORTIONAL_PRIMARY_ORIGIN_PASS_THROUGH,ALL_CATEGORY_PRIMARY_VOTES_TRACED_PROPORTIONALLY,3,Adrian Richard Carle,OTH_HMP,CENTRE_LEFT,0.4793119479311948,1.0,1.0,False,AEC_CANDIDATE_ROUNDS_CATEGORY_EXIT
Gilmore,NSW,120,OTH,ALP+GRN+IND+LNP+ON,GRN,1165.0,8604.0,0.13540213854021382,PROPORTIONAL_PRIMARY_ORIGIN_PASS_THROUGH,ALL_CATEGORY_PRIMARY_VOTES_TRACED_PROPORTIONALLY,3,Adrian Richard Carle,OTH_HMP,CENTRE_LEFT,0.4793119479311948,1.0,1.0,False,AEC_CANDIDATE_ROUNDS_CATEGORY_EXIT
Gilmore,NSW,120,OTH,ALP+GRN+IND+LNP+ON,IND,1391.0,8604.0,0.16166899116689912,PROPORTIONAL_PRIMARY_ORIGIN_PASS_THROUGH,ALL_CATEGORY_PRIMARY_VOTES_TRACED_PROPORTIONALLY,3,Adrian Richard Carle,OTH_HMP,CENTRE_LEFT,0.4793119479311948,1.0,1.0,False,AEC_CANDIDATE_ROUNDS_CATEGORY_EXIT
Gilmore,NSW,120,OTH,ALP+GRN+IND+LNP+ON,LNP,1302.0,8604.0,0.15132496513249652,PROPORTIONAL_PRIMARY_ORIGIN_PASS_THROUGH,ALL_CATEGORY_PRIMARY_VOTES_TRACED_PROPORTIONALLY,3,Adrian Richard Carle,OTH_HMP,CENTRE_LEFT,0.4793119479311948,1.0,1.0,False,AEC_CANDIDATE_ROUNDS_CATEGORY_EXIT
Gilmore,NSW,120,OTH,ALP+GRN+IND+LNP+ON,ON,3362.0,8604.0,0.39074848907484894,PROPORTIONAL_PRIMARY_ORIGIN_PASS_THROUGH,ALL_CATEGORY_PRIMARY_VOTES_TRACED_PROPORTIONALLY,3,Adrian Richard Carle,OTH_HMP,CENTRE_LEFT,0.4793119479311948,1.0,1.0,False,AEC_CANDIDATE_ROUNDS_CATEGORY_EXIT
Grayndler,NSW,121,LNP,ALP+GRN,ALP,10343.026369168358,15867.0,0.6518577153317172,PROPORTIONAL_PRIMARY_ORIGIN_PASS_THROUGH,ALL_CATEGORY_PRIMARY_VOTES_TRACED_PROPORTIONALLY,1,David Smallbone,LIB,,1.0,1.0,1.0,False,AEC_CANDIDATE_ROUNDS_CATEGORY_EXIT
Grayndler,NSW,121,LNP,ALP+GRN,GRN,5523.973630831643,15867.0,0.3481422846682828,PROPORTIONAL_PRIMARY_ORIGIN_PASS_THROUGH,ALL_CATEGORY_PRIMARY_VOTES_TRACED_PROPORTIONALLY,1,David Smallbone,LIB,,1.0,1.0,1.0,False,AEC_CANDIDATE_ROUNDS_CATEGORY_EXIT
Grayndler,NSW,121,ON,ALP+GRN+LNP,ALP,441.41917293233087,3505.0,0.12593984962406013,PROPORTIONAL_PRIMARY_ORIGIN_PASS_THROUGH,ALL_CATEGORY_PRIMARY_VOTES_TRACED_PROPORTIONALLY,1,Rodney Smith,ON,,1.0,1.0,1.0,False,AEC_CANDIDATE_ROUNDS_CATEGORY_EXIT
Grayndler,NSW,121,ON,ALP+GRN+LNP,GRN,478.75313283208015,3505.0,0.13659147869674182,PROPORTIONAL_PRIMARY_ORIGIN_PASS_THROUGH,ALL_CATEGORY_PRIMARY_VOTES_TRACED_PROPORTIONALLY,1,Rodney Smith,ON,,1.0,1.0,1.0,False,AEC_CANDIDATE_ROUNDS_CATEGORY_EXIT
Grayndler,NSW,121,ON,ALP+GRN+LNP,LNP,2584.8276942355888,3505.0,0.737468671679198,PROPORTIONAL_PRIMARY_ORIGIN_PASS_THROUGH,ALL_CATEGORY_PRIMARY_VOTES_TRACED_PROPORTIONALLY,1,Rodney Smith,ON,,1.0,1.0,1.0,False,AEC_CANDIDATE_ROUNDS_CATEGORY_EXIT
Grayndler,NSW,121,OTH,ALP+GRN+LNP+ON,ALP,995.0,4295.0,0.23166472642607683,PROPORTIONAL_PRIMARY_ORIGIN_PASS_THROUGH,ALL_CATEGORY_PRIMARY_VOTES_TRACED_PROPORTIONALLY,2,David Bradbury,IND_MINOR,CENTRE_LEFT,0.5974388824214203,1.0,1.0,False,AEC_CANDIDATE_ROUNDS_CATEGORY_EXIT
Grayndler,NSW,121,OTH,ALP+GRN+LNP+ON,GRN,1202.0,4295.0,0.27986030267753204,PROPORTIONAL_PRIMARY_ORIGIN_PASS_THROUGH,ALL_CATEGORY_PRIMARY_VOTES_TRACED_PROPORTIONALLY,2,David Bradbury,IND_MINOR,CENTRE_LEFT,0.5974388824214203,1.0,1.0,False,AEC_CANDIDATE_ROUNDS_CATEGORY_EXIT
Grayndler,NSW,121,OTH,ALP+GRN+LNP+ON,LNP,815.0,4295.0,0.18975552968568102,PROPORTIONAL_PRIMARY_ORIGIN_PASS_THROUGH,ALL_CATEGORY_PRIMARY_VOTES_TRACED_PROPORTIONALLY,2,David Bradbury,IND_MINOR,CENTRE_LEFT,0.5974388824214203,1.0,1.0,False,AEC_CANDIDATE_ROUNDS_CATEGORY_EXIT
Grayndler,NSW,121,OTH,ALP+GRN+LNP+ON,ON,1283.0,4295.0,0.29871944121071015,PROPORTIONAL_PRIMARY_ORIGIN_PASS_THROUGH,ALL_CATEGORY_PRIMARY_VOTES_TRACED_PROPORTIONALLY,2,David Bradbury,IND_MINOR,CENTRE_LEFT,0.5974388824214203,1.0,1.0,False,AEC_CANDIDATE_ROUNDS_CATEGORY_EXIT
Greenway,NSW,122,GRN,ALP+LNP,ALP,8348.686665238198,11018.0,0.7577315906006714,PROPORTIONAL_PRIMARY_ORIGIN_PASS_THROUGH,ALL_CATEGORY_PRIMARY_VOTES_TRACED_PROPORTIONALLY,1,Palaniappan Subramanian,GRN,,1.0,1.0,1.0,False,AEC_CANDIDATE_ROUNDS_CATEGORY_EXIT
Greenway,NSW,122,GRN,ALP+LNP,LNP,2669.3133347618027,11018.0,0.2422684093993286,PROPORTIONAL_PRIMARY_ORIGIN_PASS_THROUGH,ALL_CATEGORY_PRIMARY_VOTES_TRACED_PROPORTIONALLY,1,Palaniappan Subramanian,GRN,,1.0,1.0,1.0,False,AEC_CANDIDATE_ROUNDS_CATEGORY_EXIT
Greenway,NSW,122,ON,ALP+GRN+LNP,ALP,1164.3392504930966,4700.0,0.2477317554240631,PROPORTIONAL_PRIMARY_ORIGIN_PASS_THROUGH,ALL_CATEGORY_PRIMARY_VOTES_TRACED_PROPORTIONALLY,1,Edwin Swann,ON,,1.0,1.0,1.0,False,AEC_CANDIDATE_ROUNDS_CATEGORY_EXIT
Greenway,NSW,122,ON,ALP+GRN+LNP,GRN,881.9066403681788,4700.0,0.1876397107166338,PROPORTIONAL_PRIMARY_ORIGIN_PASS_THROUGH,ALL_CATEGORY_PRIMARY_VOTES_TRACED_PROPORTIONALLY,1,Edwin Swann,ON,,1.0,1.0,1.0,False,AEC_CANDIDATE_ROUNDS_CATEGORY_EXIT
Greenway,NSW,122,ON,ALP+GRN+LNP,LNP,2653.7541091387247,4700.0,0.5646285338593031,PROPORTIONAL_PRIMARY_ORIGIN_PASS_THROUGH,ALL_CATEGORY_PRIMARY_VOTES_TRACED_PROPORTIONALLY,1,Edwin Swann,ON,,1.0,1.0,1.0,False,AEC_CANDIDATE_ROUNDS_CATEGORY_EXIT
Greenway,NSW,122,OTH,ALP+GRN+LNP+ON,ALP,1223.0,7005.0,0.17458957887223414,PROPORTIONAL_PRIMARY_ORIGIN_PASS_THROUGH,ALL_CATEGORY_PRIMARY_VOTES_TRACED_PROPORTIONALLY,3,Robert Stuckey,IND_MINOR,CENTRE,0.3870092790863669,1.0,1.0,False,AEC_CANDIDATE_ROUNDS_CATEGORY_EXIT
Greenway,NSW,122,OTH,ALP+GRN+LNP+ON,GRN,1556.0,7005.0,0.22212705210563882,PROPORTIONAL_PRIMARY_ORIGIN_PASS_THROUGH,ALL_CATEGORY_PRIMARY_VOTES_TRACED_PROPORTIONALLY,3,Robert Stuckey,IND_MINOR,CENTRE,0.3870092790863669,1.0,1.0,False,AEC_CANDIDATE_ROUNDS_CATEGORY_EXIT
Greenway,NSW,122,OTH,ALP+GRN+LNP+ON,LNP,1321.0,7005.0,0.18857958600999283,PROPORTIONAL_PRIMARY_ORIGIN_PASS_THROUGH,ALL_CATEGORY_PRIMARY_VOTES_TRACED_PROPORTIONALLY,3,Robert Stuckey,IND_MINOR,CENTRE,0.3870092790863669,1.0,1.0,False,AEC_CANDIDATE_ROUNDS_CATEGORY_EXIT
Greenway,NSW,122,OTH,ALP+GRN+LNP+ON,ON,2905.0,7005.0,0.41470378301213423,PROPORTIONAL_PRIMARY_ORIGIN_PASS_THROUGH,ALL_CATEGORY_PRIMARY_VOTES_TRACED_PROPORTIONALLY,3,Robert Stuckey,IND_MINOR,CENTRE,0.3870092790863669,1.0,1.0,False,AEC_CANDIDATE_ROUNDS_CATEGORY_EXIT
Hughes,NSW,124,GRN,ALP+LNP,ALP,9259.28101394538,11221.0,0.8251743172574085,PROPORTIONAL_PRIMARY_ORIGIN_PASS_THROUGH,ALL_CATEGORY_PRIMARY_VOTES_TRACED_PROPORTIONALLY,1,Catherine Elizabeth Dyson,GRN,,1.0,1.0,1.0,False,AEC_CANDIDATE_ROUNDS_CATEGORY_EXIT
Hughes,NSW,124,GRN,ALP+LNP,LNP,1961.7189860546196,11221.0,0.1748256827425915,PROPORTIONAL_PRIMARY_ORIGIN_PASS_THROUGH,ALL_CATEGORY_PRIMARY_VOTES_TRACED_PROPORTIONALLY,1,Catherine Elizabeth Dyson,GRN,,1.0,1.0,1.0,False,AEC_CANDIDATE_ROUNDS_CATEGORY_EXIT
Hughes,NSW,124,ON,ALP+GRN+LNP,ALP,786.2884093990058,5253.0,0.14968368730230452,PROPORTIONAL_PRIMARY_ORIGIN_PASS_THROUGH,ALL_CATEGORY_PRIMARY_VOTES_TRACED_PROPORTIONALLY,1,Deborah Swinbourn,ON,,1.0,1.0,1.0,False,AEC_CANDIDATE_ROUNDS_CATEGORY_EXIT
Hughes,NSW,124,ON,ALP+GRN+LNP,GRN,878.2693176683235,5253.0,0.16719385449615903,PROPORTIONAL_PRIMARY_ORIGIN_PASS_THROUGH,ALL_CATEGORY_PRIMARY_VOTES_TRACED_PROPORTIONALLY,1,Deborah Swinbourn,ON,,1.0,1.0,1.0,False,AEC_CANDIDATE_ROUNDS_CATEGORY_EXIT
Hughes,NSW,124,ON,ALP+GRN+LNP,LNP,3588.4422729326707,5253.0,0.6831224582015365,PROPORTIONAL_PRIMARY_ORIGIN_PASS_THROUGH,ALL_CATEGORY_PRIMARY_VOTES_TRACED_PROPORTIONALLY,1,Deborah Swinbourn,ON,,1.0,1.0,1.0,False,AEC_CANDIDATE_ROUNDS_CATEGORY_EXIT
Hughes,NSW,124,OTH,ALP+GRN+LNP+ON,ALP,1135.0,7659.0,0.14819166993080032,PROPORTIONAL_PRIMARY_ORIGIN_PASS_THROUGH,ALL_CATEGORY_PRIMARY_VOTES_TRACED_PROPORTIONALLY,4,Nathaniel David Marsh,OTH_FFPA,RIGHT,0.3106149627888758,1.0,1.0,False,AEC_CANDIDATE_ROUNDS_CATEGORY_EXIT
Hughes,NSW,124,OTH,ALP+GRN+LNP+ON,GRN,1067.0,7659.0,0.13931322626974801,PROPORTIONAL_PRIMARY_ORIGIN_PASS_THROUGH,ALL_CATEGORY_PRIMARY_VOTES_TRACED_PROPORTIONALLY,4,Nathaniel David Marsh,OTH_FFPA,RIGHT,0.3106149627888758,1.0,1.0,False,AEC_CANDIDATE_ROUNDS_CATEGORY_EXIT
Hughes,NSW,124,OTH,ALP+GRN+LNP+ON,LNP,1858.0,7659.0,0.24259041650345994,PROPORTIONAL_PRIMARY_ORIGIN_PASS_THROUGH,ALL_CATEGORY_PRIMARY_VOTES_TRACED_PROPORTIONALLY,4,Nathaniel David Marsh,OTH_FFPA,RIGHT,0.3106149627888758,1.0,1.0,False,AEC_CANDIDATE_ROUNDS_CATEGORY_EXIT
Hughes,NSW,124,OTH,ALP+GRN+LNP+ON,ON,3599.0,7659.0,0.4699046872959917,PROPORTIONAL_PRIMARY_ORIGIN_PASS_THROUGH,ALL_CATEGORY_PRIMARY_VOTES_TRACED_PROPORTIONALLY,4,Nathaniel David Marsh,OTH_FFPA,RIGHT,0.3106149627888758,1.0,1.0,False,AEC_CANDIDATE_ROUNDS_CATEGORY_EXIT
Hume,NSW,125,GRN,ALP+LNP+ON,ALP,5971.003935118533,8455.0,0.7062098090027834,PROPORTIONAL_PRIMARY_ORIGIN_PASS_THROUGH,ALL_CATEGORY_PRIMARY_VOTES_TRACED_PROPORTIONALLY,1,Steve Bruce,GRN,,1.0,1.0,1.0,False,AEC_CANDIDATE_ROUNDS_CATEGORY_EXIT
Hume,NSW,125,GRN,ALP+LNP+ON,LNP,1209.9438525770229,8455.0,0.1431039447163835,PROPORTIONAL_PRIMARY_ORIGIN_PASS_THROUGH,ALL_CATEGORY_PRIMARY_VOTES_TRACED_PROPORTIONALLY,1,Steve Bruce,GRN,,1.0,1.0,1.0,False,AEC_CANDIDATE_ROUNDS_CATEGORY_EXIT
Hume,NSW,125,GRN,ALP+LNP+ON,ON,1274.052212304444,8455.0,0.1506862462808331,PROPORTIONAL_PRIMARY_ORIGIN_PASS_THROUGH,ALL_CATEGORY_PRIMARY_VOTES_TRACED_PROPORTIONALLY,1,Steve Bruce,GRN,,1.0,1.0,1.0,False,AEC_CANDIDATE_ROUNDS_CATEGORY_EXIT
Hume,NSW,125,ON,ALP+LNP,ALP,2554.623931623931,7967.0,0.32065067548938514,PROPORTIONAL_PRIMARY_ORIGIN_PASS_THROUGH,ALL_CATEGORY_PRIMARY_VOTES_TRACED_PROPORTIONALLY,1,Helen Ducker,ON,,1.0,1.0,1.0,False,AEC_CANDIDATE_ROUNDS_CATEGORY_EXIT
Hume,NSW,125,ON,ALP+LNP,LNP,5412.376068376068,7967.0,0.6793493245106149,PROPORTIONAL_PRIMARY_ORIGIN_PASS_THROUGH,ALL_CATEGORY_PRIMARY_VOTES_TRACED_PROPORTIONALLY,1,Helen Ducker,ON,,1.0,1.0,1.0,False,AEC_CANDIDATE_ROUNDS_CATEGORY_EXIT
Hume,NSW,125,OTH,ALP+GRN+LNP+ON,ALP,2637.0,12357.0,0.21340131099781504,PROPORTIONAL_PRIMARY_ORIGIN_PASS_THROUGH,ALL_CATEGORY_PRIMARY_VOTES_TRACED_PROPORTIONALLY,4,Peter Mclean,IND_MINOR,CENTRE_LEFT,0.3589058833050093,1.0,1.0,False,AEC_CANDIDATE_ROUNDS_CATEGORY_EXIT
Hume,NSW,125,OTH,ALP+GRN+LNP+ON,GRN,1964.0,12357.0,0.15893825362142913,PROPORTIONAL_PRIMARY_ORIGIN_PASS_THROUGH,ALL_CATEGORY_PRIMARY_VOTES_TRACED_PROPORTIONALLY,4,Peter Mclean,IND_MINOR,CENTRE_LEFT,0.3589058833050093,1.0,1.0,False,AEC_CANDIDATE_ROUNDS_CATEGORY_EXIT
Hume,NSW,125,OTH,ALP+GRN+LNP+ON,LNP,2785.0,12357.0,0.22537832807315694,PROPORTIONAL_PRIMARY_ORIGIN_PASS_THROUGH,ALL_CATEGORY_PRIMARY_VOTES_TRACED_PROPORTIONALLY,4,Peter Mclean,IND_MINOR,CENTRE_LEFT,0.3589058833050093,1.0,1.0,False,AEC_CANDIDATE_ROUNDS_CATEGORY_EXIT
Hume,NSW,125,OTH,ALP+GRN+LNP+ON,ON,4971.0,12357.0,0.40228210730759895,PROPORTIONAL_PRIMARY_ORIGIN_PASS_THROUGH,ALL_CATEGORY_PRIMARY_VOTES_TRACED_PROPORTIONALLY,4,Peter Mclean,IND_MINOR,CENTRE_LEFT,0.3589058833050093,1.0,1.0,False,AEC_CANDIDATE_ROUNDS_CATEGORY_EXIT
Hunter,NSW,126,GRN,ALP+LNP+ON,ALP,6189.48778937812,8286.0,0.7469813890149797,PROPORTIONAL_PRIMARY_ORIGIN_PASS_THROUGH,ALL_CATEGORY_PRIMARY_VOTES_TRACED_PROPORTIONALLY,1,Louise Stokes,GRN,,1.0,1.0,1.0,False,AEC_CANDIDATE_ROUNDS_CATEGORY_EXIT
Hunter,NSW,126,GRN,ALP+LNP+ON,LNP,1179.523195642306,8286.0,0.14235133908306852,PROPORTIONAL_PRIMARY_ORIGIN_PASS_THROUGH,ALL_CATEGORY_PRIMARY_VOTES_TRACED_PROPORTIONALLY,1,Louise Stokes,GRN,,1.0,1.0,1.0,False,AEC_CANDIDATE_ROUNDS_CATEGORY_EXIT
Hunter,NSW,126,GRN,ALP+LNP+ON,ON,916.9890149795732,8286.0,0.11066727190195182,PROPORTIONAL_PRIMARY_ORIGIN_PASS_THROUGH,ALL_CATEGORY_PRIMARY_VOTES_TRACED_PROPORTIONALLY,1,Louise Stokes,GRN,,1.0,1.0,1.0,False,AEC_CANDIDATE_ROUNDS_CATEGORY_EXIT
Hunter,NSW,126,LNP,ALP+ON,ALP,4041.6831523924407,20290.0,0.1991958182549256,PROPORTIONAL_PRIMARY_ORIGIN_PASS_THROUGH,ALL_CATEGORY_PRIMARY_VOTES_TRACED_PROPORTIONALLY,1,Sue Gilroy,NAT,,1.0,1.0,1.0,False,AEC_CANDIDATE_ROUNDS_CATEGORY_EXIT
Hunter,NSW,126,LNP,ALP+ON,ON,16248.31684760756,20290.0,0.8008041817450744,PROPORTIONAL_PRIMARY_ORIGIN_PASS_THROUGH,ALL_CATEGORY_PRIMARY_VOTES_TRACED_PROPORTIONALLY,1,Sue Gilroy,NAT,,1.0,1.0,1.0,False,AEC_CANDIDATE_ROUNDS_CATEGORY_EXIT
Hunter,NSW,126,OTH,ALP+GRN+LNP+ON,ALP,4162.0,16503.0,0.25219657032054776,PROPORTIONAL_PRIMARY_ORIGIN_PASS_THROUGH,ALL_CATEGORY_PRIMARY_VOTES_TRACED_PROPORTIONALLY,5,Andrew David Fenwick,OTH_HMP,CENTRE_LEFT,0.3426649700054535,1.0,1.0,False,AEC_CANDIDATE_ROUNDS_CATEGORY_EXIT
Hunter,NSW,126,OTH,ALP+GRN+LNP+ON,GRN,2729.0,16503.0,0.16536387323516932,PROPORTIONAL_PRIMARY_ORIGIN_PASS_THROUGH,ALL_CATEGORY_PRIMARY_VOTES_TRACED_PROPORTIONALLY,5,Andrew David Fenwick,OTH_HMP,CENTRE_LEFT,0.3426649700054535,1.0,1.0,False,AEC_CANDIDATE_ROUNDS_CATEGORY_EXIT
Hunter,NSW,126,OTH,ALP+GRN+LNP+ON,LNP,3012.0,16503.0,0.18251227049627342,PROPORTIONAL_PRIMARY_ORIGIN_PASS_THROUGH,ALL_CATEGORY_PRIMARY_VOTES_TRACED_PROPORTIONALLY,5,Andrew David Fenwick,OTH_HMP,CENTRE_LEFT,0.3426649700054535,1.0,1.0,False,AEC_CANDIDATE_ROUNDS_CATEGORY_EXIT
Hunter,NSW,126,OTH,ALP+GRN+LNP+ON,ON,6600.0,16503.0,0.3999272859480095,PROPORTIONAL_PRIMARY_ORIGIN_PASS_THROUGH,ALL_CATEGORY_PRIMARY_VOTES_TRACED_PROPORTIONALLY,5,Andrew David Fenwick,OTH_HMP,CENTRE_LEFT,0.3426649700054535,1.0,1.0,False,AEC_CANDIDATE_ROUNDS_CATEGORY_EXIT
Kingsford Smith,NSW,127,GRN,ALP+LNP,ALP,11705.11210762332,13440.0,0.8709160794362589,PROPORTIONAL_PRIMARY_ORIGIN_PASS_THROUGH,ALL_CATEGORY_PRIMARY_VOTES_TRACED_PROPORTIONALLY,1,Keiron Brown,GRN,,1.0,1.0,1.0,False,AEC_CANDIDATE_ROUNDS_CATEGORY_EXIT
Kingsford Smith,NSW,127,GRN,ALP+LNP,LNP,1734.8878923766815,13440.0,0.1290839205637411,PROPORTIONAL_PRIMARY_ORIGIN_PASS_THROUGH,ALL_CATEGORY_PRIMARY_VOTES_TRACED_PROPORTIONALLY,1,Keiron Brown,GRN,,1.0,1.0,1.0,False,AEC_CANDIDATE_ROUNDS_CATEGORY_EXIT
Kingsford Smith,NSW,127,ON,ALP+GRN+LNP,ALP,1506.321428571429,5865.0,0.256832298136646,PROPORTIONAL_PRIMARY_ORIGIN_PASS_THROUGH,ALL_CATEGORY_PRIMARY_VOTES_TRACED_PROPORTIONALLY,1,Mark Jelic,ON,,1.0,1.0,1.0,False,AEC_CANDIDATE_ROUNDS_CATEGORY_EXIT
Kingsford Smith,NSW,127,ON,ALP+GRN+LNP,GRN,748.6071428571429,5865.0,0.127639751552795,PROPORTIONAL_PRIMARY_ORIGIN_PASS_THROUGH,ALL_CATEGORY_PRIMARY_VOTES_TRACED_PROPORTIONALLY,1,Mark Jelic,ON,,1.0,1.0,1.0,False,AEC_CANDIDATE_ROUNDS_CATEGORY_EXIT
Kingsford Smith,NSW,127,ON,ALP+GRN+LNP,LNP,3610.071428571429,5865.0,0.615527950310559,PROPORTIONAL_PRIMARY_ORIGIN_PASS_THROUGH,ALL_CATEGORY_PRIMARY_VOTES_TRACED_PROPORTIONALLY,1,Mark Jelic,ON,,1.0,1.0,1.0,False,AEC_CANDIDATE_ROUNDS_CATEGORY_EXIT
Kingsford Smith,NSW,127,OTH,ALP+GRN+LNP+ON,ALP,1009.0,3557.0,0.28366601068315994,PROPORTIONAL_PRIMARY_ORIGIN_PASS_THROUGH,ALL_CATEGORY_PRIMARY_VOTES_TRACED_PROPORTIONALLY,1,Elsa Parker,IND_MINOR,CENTRE_LEFT,1.0,1.0,1.0,False,AEC_CANDIDATE_ROUNDS_CATEGORY_EXIT
Kingsford Smith,NSW,127,OTH,ALP+GRN+LNP+ON,GRN,1348.0,3557.0,0.3789710430137757,PROPORTIONAL_PRIMARY_ORIGIN_PASS_THROUGH,ALL_CATEGORY_PRIMARY_VOTES_TRACED_PROPORTIONALLY,1,Elsa Parker,IND_MINOR,CENTRE_LEFT,1.0,1.0,1.0,False,AEC_CANDIDATE_ROUNDS_CATEGORY_EXIT
Kingsford Smith,NSW,127,OTH,ALP+GRN+LNP+ON,LNP,625.0,3557.0,0.17570986786617931,PROPORTIONAL_PRIMARY_ORIGIN_PASS_THROUGH,ALL_CATEGORY_PRIMARY_VOTES_TRACED_PROPORTIONALLY,1,Elsa Parker,IND_MINOR,CENTRE_LEFT,1.0,1.0,1.0,False,AEC_CANDIDATE_ROUNDS_CATEGORY_EXIT
Kingsford Smith,NSW,127,OTH,ALP+GRN+LNP+ON,ON,575.0,3557.0,0.16165307843688503,PROPORTIONAL_PRIMARY_ORIGIN_PASS_THROUGH,ALL_CATEGORY_PRIMARY_VOTES_TRACED_PROPORTIONALLY,1,Elsa Parker,IND_MINOR,CENTRE_LEFT,1.0,1.0,1.0,False,AEC_CANDIDATE_ROUNDS_CATEGORY_EXIT
Lindsay,NSW,128,GRN,ALP+LNP+ON,ALP,7058.094822317297,9416.0,0.7495852615035362,PROPORTIONAL_PRIMARY_ORIGIN_PASS_THROUGH,ALL_CATEGORY_PRIMARY_VOTES_TRACED_PROPORTIONALLY,1,Aaron David Mcallister,GRN,,1.0,1.0,1.0,False,AEC_CANDIDATE_ROUNDS_CATEGORY_EXIT
Lindsay,NSW,128,GRN,ALP+LNP+ON,LNP,1151.8218807299395,9416.0,0.1223260281149044,PROPORTIONAL_PRIMARY_ORIGIN_PASS_THROUGH,ALL_CATEGORY_PRIMARY_VOTES_TRACED_PROPORTIONALLY,1,Aaron David Mcallister,GRN,,1.0,1.0,1.0,False,AEC_CANDIDATE_ROUNDS_CATEGORY_EXIT
Lindsay,NSW,128,GRN,ALP+LNP+ON,ON,1206.0832969527637,9416.0,0.1280887103815594,PROPORTIONAL_PRIMARY_ORIGIN_PASS_THROUGH,ALL_CATEGORY_PRIMARY_VOTES_TRACED_PROPORTIONALLY,1,Aaron David Mcallister,GRN,,1.0,1.0,1.0,False,AEC_CANDIDATE_ROUNDS_CATEGORY_EXIT
Lindsay,NSW,128,ON,ALP+LNP,ALP,2241.3583743842364,6736.0,0.3327432266009852,PROPORTIONAL_PRIMARY_ORIGIN_PASS_THROUGH,ALL_CATEGORY_PRIMARY_VOTES_TRACED_PROPORTIONALLY,1,Christopher Buckley,ON,,1.0,1.0,1.0,False,AEC_CANDIDATE_ROUNDS_CATEGORY_EXIT
Lindsay,NSW,128,ON,ALP+LNP,LNP,4494.641625615764,6736.0,0.6672567733990148,PROPORTIONAL_PRIMARY_ORIGIN_PASS_THROUGH,ALL_CATEGORY_PRIMARY_VOTES_TRACED_PROPORTIONALLY,1,Christopher Buckley,ON,,1.0,1.0,1.0,False,AEC_CANDIDATE_ROUNDS_CATEGORY_EXIT
Lindsay,NSW,128,OTH,ALP+GRN+LNP+ON,ALP,1931.9999999999995,11489.0,0.16816084950822524,PROPORTIONAL_PRIMARY_ORIGIN_PASS_THROUGH,ALL_CATEGORY_PRIMARY_VOTES_TRACED_PROPORTIONALLY,6,Antony Victor Emmanuel,OTH_FFPA,RIGHT,0.2100269823309252,1.0,1.0,False,AEC_CANDIDATE_ROUNDS_CATEGORY_EXIT
Lindsay,NSW,128,OTH,ALP+GRN+LNP+ON,GRN,2037.0,11489.0,0.17730002611193313,PROPORTIONAL_PRIMARY_ORIGIN_PASS_THROUGH,ALL_CATEGORY_PRIMARY_VOTES_TRACED_PROPORTIONALLY,6,Antony Victor Emmanuel,OTH_FFPA,RIGHT,0.2100269823309252,1.0,1.0,False,AEC_CANDIDATE_ROUNDS_CATEGORY_EXIT
Lindsay,NSW,128,OTH,ALP+GRN+LNP+ON,LNP,2731.0,11489.0,0.23770563147358345,PROPORTIONAL_PRIMARY_ORIGIN_PASS_THROUGH,ALL_CATEGORY_PRIMARY_VOTES_TRACED_PROPORTIONALLY,6,Antony Victor Emmanuel,OTH_FFPA,RIGHT,0.2100269823309252,1.0,1.0,False,AEC_CANDIDATE_ROUNDS_CATEGORY_EXIT
Lindsay,NSW,128,OTH,ALP+GRN+LNP+ON,ON,4789.0,11489.0,0.4168334929062582,PROPORTIONAL_PRIMARY_ORIGIN_PASS_THROUGH,ALL_CATEGORY_PRIMARY_VOTES_TRACED_PROPORTIONALLY,6,Antony Victor Emmanuel,OTH_FFPA,RIGHT,0.2100269823309252,1.0,1.0,False,AEC_CANDIDATE_ROUNDS_CATEGORY_EXIT
Lyne,NSW,130,GRN,ALP+IND+LNP+ON,ALP,3667.108087005019,6977.0,0.5255995538204128,PROPORTIONAL_PRIMARY_ORIGIN_PASS_THROUGH,ALL_CATEGORY_PRIMARY_VOTES_TRACED_PROPORTIONALLY,1,Tom Ferrier,GRN,,1.0,1.0,1.0,False,AEC_CANDIDATE_ROUNDS_CATEGORY_EXIT
Lyne,NSW,130,GRN,ALP+IND+LNP+ON,IND,2243.6911321807024,6977.0,0.32158393753485776,PROPORTIONAL_PRIMARY_ORIGIN_PASS_THROUGH,ALL_CATEGORY_PRIMARY_VOTES_TRACED_PROPORTIONALLY,1,Tom Ferrier,GRN,,1.0,1.0,1.0,False,AEC_CANDIDATE_ROUNDS_CATEGORY_EXIT
Lyne,NSW,130,GRN,ALP+IND+LNP+ON,LNP,547.8871165644172,6977.0,0.07852760736196321,PROPORTIONAL_PRIMARY_ORIGIN_PASS_THROUGH,ALL_CATEGORY_PRIMARY_VOTES_TRACED_PROPORTIONALLY,1,Tom Ferrier,GRN,,1.0,1.0,1.0,False,AEC_CANDIDATE_ROUNDS_CATEGORY_EXIT
Lyne,NSW,130,GRN,ALP+IND+LNP+ON,ON,518.3136642498606,6977.0,0.07428890128276631,PROPORTIONAL_PRIMARY_ORIGIN_PASS_THROUGH,ALL_CATEGORY_PRIMARY_VOTES_TRACED_PROPORTIONALLY,1,Tom Ferrier,GRN,,1.0,1.0,1.0,False,AEC_CANDIDATE_ROUNDS_CATEGORY_EXIT
Lyne,NSW,130,IND,ALP+LNP,ALP,8540.131384290244,16943.0,0.5040507220852413,PROPORTIONAL_PRIMARY_ORIGIN_PASS_THROUGH,ALL_CATEGORY_PRIMARY_VOTES_TRACED_PROPORTIONALLY,1,Jeremy Miller,IND_PROMINENT,CENTRE_LEFT,1.0,1.0,1.0,False,AEC_CANDIDATE_ROUNDS_CATEGORY_EXIT
Lyne,NSW,130,IND,ALP+LNP,LNP,8402.868615709756,16943.0,0.4959492779147587,PROPORTIONAL_PRIMARY_ORIGIN_PASS_THROUGH,ALL_CATEGORY_PRIMARY_VOTES_TRACED_PROPORTIONALLY,1,Jeremy Miller,IND_PROMINENT,CENTRE_LEFT,1.0,1.0,1.0,False,AEC_CANDIDATE_ROUNDS_CATEGORY_EXIT
Lyne,NSW,130,ON,ALP+IND+LNP,ALP,1049.5523278949463,9174.0,0.1144050935137286,PROPORTIONAL_PRIMARY_ORIGIN_PASS_THROUGH,ALL_CATEGORY_PRIMARY_VOTES_TRACED_PROPORTIONALLY,1,Colin Hughes,ON,,1.0,1.0,1.0,False,AEC_CANDIDATE_ROUNDS_CATEGORY_EXIT
Lyne,NSW,130,ON,ALP+IND+LNP,IND,3256.350179068842,9174.0,0.3549542379625945,PROPORTIONAL_PRIMARY_ORIGIN_PASS_THROUGH,ALL_CATEGORY_PRIMARY_VOTES_TRACED_PROPORTIONALLY,1,Colin Hughes,ON,,1.0,1.0,1.0,False,AEC_CANDIDATE_ROUNDS_CATEGORY_EXIT
Lyne,NSW,130,ON,ALP+IND+LNP,LNP,4868.097493036212,9174.0,0.5306406685236769,PROPORTIONAL_PRIMARY_ORIGIN_PASS_THROUGH,ALL_CATEGORY_PRIMARY_VOTES_TRACED_PROPORTIONALLY,1,Colin Hughes,ON,,1.0,1.0,1.0,False,AEC_CANDIDATE_ROUNDS_CATEGORY_EXIT
Lyne,NSW,130,OTH,ALP+GRN+IND+LNP+ON,ALP,1567.0,14960.0,0.10474598930481283,PROPORTIONAL_PRIMARY_ORIGIN_PASS_THROUGH,ALL_CATEGORY_PRIMARY_VOTES_TRACED_PROPORTIONALLY,5,Keys Manley,OTH_HMP,CENTRE_LEFT,0.4007352941176471,1.0,1.0,False,AEC_CANDIDATE_ROUNDS_CATEGORY_EXIT
Lyne,NSW,130,OTH,ALP+GRN+IND+LNP+ON,GRN,1988.0,14960.0,0.13288770053475932,PROPORTIONAL_PRIMARY_ORIGIN_PASS_THROUGH,ALL_CATEGORY_PRIMARY_VOTES_TRACED_PROPORTIONALLY,5,Keys Manley,OTH_HMP,CENTRE_LEFT,0.4007352941176471,1.0,1.0,False,AEC_CANDIDATE_ROUNDS_CATEGORY_EXIT
Lyne,NSW,130,OTH,ALP+GRN+IND+LNP+ON,IND,3212.0,14960.0,0.21470588235294116,PROPORTIONAL_PRIMARY_ORIGIN_PASS_THROUGH,ALL_CATEGORY_PRIMARY_VOTES_TRACED_PROPORTIONALLY,5,Keys Manley,OTH_HMP,CENTRE_LEFT,0.4007352941176471,1.0,1.0,False,AEC_CANDIDATE_ROUNDS_CATEGORY_EXIT
Lyne,NSW,130,OTH,ALP+GRN+IND+LNP+ON,LNP,2955.0,14960.0,0.19752673796791445,PROPORTIONAL_PRIMARY_ORIGIN_PASS_THROUGH,ALL_CATEGORY_PRIMARY_VOTES_TRACED_PROPORTIONALLY,5,Keys Manley,OTH_HMP,CENTRE_LEFT,0.4007352941176471,1.0,1.0,False,AEC_CANDIDATE_ROUNDS_CATEGORY_EXIT
Lyne,NSW,130,OTH,ALP+GRN+IND+LNP+ON,ON,5238.0,14960.0,0.35013368983957227,PROPORTIONAL_PRIMARY_ORIGIN_PASS_THROUGH,ALL_CATEGORY_PRIMARY_VOTES_TRACED_PROPORTIONALLY,5,Keys Manley,OTH_HMP,CENTRE_LEFT,0.4007352941176471,1.0,1.0,False,AEC_CANDIDATE_ROUNDS_CATEGORY_EXIT
Macarthur,NSW,131,GRN,ALP+LNP,ALP,9844.391959798995,12012.0,0.8195464501997165,PROPORTIONAL_PRIMARY_ORIGIN_PASS_THROUGH,ALL_CATEGORY_PRIMARY_VOTES_TRACED_PROPORTIONALLY,1,Frankie Scott,GRN,,1.0,1.0,1.0,False,AEC_CANDIDATE_ROUNDS_CATEGORY_EXIT
Macarthur,NSW,131,GRN,ALP+LNP,LNP,2167.608040201005,12012.0,0.1804535498002835,PROPORTIONAL_PRIMARY_ORIGIN_PASS_THROUGH,ALL_CATEGORY_PRIMARY_VOTES_TRACED_PROPORTIONALLY,1,Frankie Scott,GRN,,1.0,1.0,1.0,False,AEC_CANDIDATE_ROUNDS_CATEGORY_EXIT
Macarthur,NSW,131,ON,ALP+GRN+LNP,ALP,1529.4209058563324,7336.0,0.2084815847677661,PROPORTIONAL_PRIMARY_ORIGIN_PASS_THROUGH,ALL_CATEGORY_PRIMARY_VOTES_TRACED_PROPORTIONALLY,1,Gregory Grogan,ON,,1.0,1.0,1.0,False,AEC_CANDIDATE_ROUNDS_CATEGORY_EXIT
Macarthur,NSW,131,ON,ALP+GRN+LNP,GRN,1352.352341571305,7336.0,0.1843446485238965,PROPORTIONAL_PRIMARY_ORIGIN_PASS_THROUGH,ALL_CATEGORY_PRIMARY_VOTES_TRACED_PROPORTIONALLY,1,Gregory Grogan,ON,,1.0,1.0,1.0,False,AEC_CANDIDATE_ROUNDS_CATEGORY_EXIT
Macarthur,NSW,131,ON,ALP+GRN+LNP,LNP,4454.226752572363,7336.0,0.6071737667083373,PROPORTIONAL_PRIMARY_ORIGIN_PASS_THROUGH,ALL_CATEGORY_PRIMARY_VOTES_TRACED_PROPORTIONALLY,1,Gregory Grogan,ON,,1.0,1.0,1.0,False,AEC_CANDIDATE_ROUNDS_CATEGORY_EXIT
Macarthur,NSW,131,OTH,ALP+GRN+LNP+ON,ALP,1396.0,7515.0,0.18576180971390552,PROPORTIONAL_PRIMARY_ORIGIN_PASS_THROUGH,ALL_CATEGORY_PRIMARY_VOTES_TRACED_PROPORTIONALLY,3,Graham Ernest Charlesworth,OTH_FFPA,RIGHT,0.4910179640718562,1.0,1.0,False,AEC_CANDIDATE_ROUNDS_CATEGORY_EXIT
Macarthur,NSW,131,OTH,ALP+GRN+LNP+ON,GRN,1592.9999999999998,7515.0,0.21197604790419156,PROPORTIONAL_PRIMARY_ORIGIN_PASS_THROUGH,ALL_CATEGORY_PRIMARY_VOTES_TRACED_PROPORTIONALLY,3,Graham Ernest Charlesworth,OTH_FFPA,RIGHT,0.4910179640718562,1.0,1.0,False,AEC_CANDIDATE_ROUNDS_CATEGORY_EXIT
Macarthur,NSW,131,OTH,ALP+GRN+LNP+ON,LNP,1463.0,7515.0,0.19467731204258157,PROPORTIONAL_PRIMARY_ORIGIN_PASS_THROUGH,ALL_CATEGORY_PRIMARY_VOTES_TRACED_PROPORTIONALLY,3,Graham Ernest Charlesworth,OTH_FFPA,RIGHT,0.4910179640718562,1.0,1.0,False,AEC_CANDIDATE_ROUNDS_CATEGORY_EXIT
Macarthur,NSW,131,OTH,ALP+GRN+LNP+ON,ON,3063.0,7515.0,0.4075848303393214,PROPORTIONAL_PRIMARY_ORIGIN_PASS_THROUGH,ALL_CATEGORY_PRIMARY_VOTES_TRACED_PROPORTIONALLY,3,Graham Ernest Charlesworth,OTH_FFPA,RIGHT,0.4910179640718562,1.0,1.0,False,AEC_CANDIDATE_ROUNDS_CATEGORY_EXIT
Mackellar,NSW,132,ALP,IND+LNP,IND,10476.5534158084,13499.0,0.7760984825400695,PROPORTIONAL_PRIMARY_ORIGIN_PASS_THROUGH,ALL_CATEGORY_PRIMARY_VOTES_TRACED_PROPORTIONALLY,1,Jeffrey Quinn,ALP,,1.0,1.0,1.0,False,AEC_CANDIDATE_ROUNDS_CATEGORY_EXIT
Mackellar,NSW,132,ALP,IND+LNP,LNP,3022.446584191602,13499.0,0.2239015174599305,PROPORTIONAL_PRIMARY_ORIGIN_PASS_THROUGH,ALL_CATEGORY_PRIMARY_VOTES_TRACED_PROPORTIONALLY,1,Jeffrey Quinn,ALP,,1.0,1.0,1.0,False,AEC_CANDIDATE_ROUNDS_CATEGORY_EXIT
Mackellar,NSW,132,GRN,ALP+IND+LNP,ALP,1777.6614154144452,6858.0,0.25920988851187593,PROPORTIONAL_PRIMARY_ORIGIN_PASS_THROUGH,ALL_CATEGORY_PRIMARY_VOTES_TRACED_PROPORTIONALLY,1,Ethan Hrnjak,GRN,,1.0,1.0,1.0,False,AEC_CANDIDATE_ROUNDS_CATEGORY_EXIT
Mackellar,NSW,132,GRN,ALP+IND+LNP,IND,3901.048473097431,6858.0,0.5688317983519148,PROPORTIONAL_PRIMARY_ORIGIN_PASS_THROUGH,ALL_CATEGORY_PRIMARY_VOTES_TRACED_PROPORTIONALLY,1,Ethan Hrnjak,GRN,,1.0,1.0,1.0,False,AEC_CANDIDATE_ROUNDS_CATEGORY_EXIT
Mackellar,NSW,132,GRN,ALP+IND+LNP,LNP,1179.290111488124,6858.0,0.17195831313620932,PROPORTIONAL_PRIMARY_ORIGIN_PASS_THROUGH,ALL_CATEGORY_PRIMARY_VOTES_TRACED_PROPORTIONALLY,1,Ethan Hrnjak,GRN,,1.0,1.0,1.0,False,AEC_CANDIDATE_ROUNDS_CATEGORY_EXIT
Mackellar,NSW,132,ON,ALP+GRN+IND+LNP,ALP,167.09424550151434,2825.0,0.0591484054872617,PROPORTIONAL_PRIMARY_ORIGIN_PASS_THROUGH,ALL_CATEGORY_PRIMARY_VOTES_TRACED_PROPORTIONALLY,1,Brad Hayman,ON,,1.0,1.0,1.0,False,AEC_CANDIDATE_ROUNDS_CATEGORY_EXIT
Mackellar,NSW,132,ON,ALP+GRN+IND+LNP,GRN,431.32460359878854,2825.0,0.1526812756101906,PROPORTIONAL_PRIMARY_ORIGIN_PASS_THROUGH,ALL_CATEGORY_PRIMARY_VOTES_TRACED_PROPORTIONALLY,1,Brad Hayman,ON,,1.0,1.0,1.0,False,AEC_CANDIDATE_ROUNDS_CATEGORY_EXIT
Mackellar,NSW,132,ON,ALP+GRN+IND+LNP,IND,481.654195617317,2825.0,0.1704970603955104,PROPORTIONAL_PRIMARY_ORIGIN_PASS_THROUGH,ALL_CATEGORY_PRIMARY_VOTES_TRACED_PROPORTIONALLY,1,Brad Hayman,ON,,1.0,1.0,1.0,False,AEC_CANDIDATE_ROUNDS_CATEGORY_EXIT
Mackellar,NSW,132,ON,ALP+GRN+IND+LNP,LNP,1744.9269552823805,2825.0,0.6176732585070372,PROPORTIONAL_PRIMARY_ORIGIN_PASS_THROUGH,ALL_CATEGORY_PRIMARY_VOTES_TRACED_PROPORTIONALLY,1,Brad Hayman,ON,,1.0,1.0,1.0,False,AEC_CANDIDATE_ROUNDS_CATEGORY_EXIT
Mackellar,NSW,132,OTH,ALP+GRN+IND+LNP+ON,ALP,439.0,6536.0,0.06716646266829861,PROPORTIONAL_PRIMARY_ORIGIN_PASS_THROUGH,ALL_CATEGORY_PRIMARY_VOTES_TRACED_PROPORTIONALLY,4,Lisa Cotton,IND_MINOR,CENTRE_RIGHT,0.351438188494492,1.0,1.0,False,AEC_CANDIDATE_ROUNDS_CATEGORY_EXIT
Mackellar,NSW,132,OTH,ALP+GRN+IND+LNP+ON,GRN,537.0,6536.0,0.08216034271725821,PROPORTIONAL_PRIMARY_ORIGIN_PASS_THROUGH,ALL_CATEGORY_PRIMARY_VOTES_TRACED_PROPORTIONALLY,4,Lisa Cotton,IND_MINOR,CENTRE_RIGHT,0.351438188494492,1.0,1.0,False,AEC_CANDIDATE_ROUNDS_CATEGORY_EXIT
Mackellar,NSW,132,OTH,ALP+GRN+IND+LNP+ON,IND,1387.0000000000002,6536.0,0.21220930232558144,PROPORTIONAL_PRIMARY_ORIGIN_PASS_THROUGH,ALL_CATEGORY_PRIMARY_VOTES_TRACED_PROPORTIONALLY,4,Lisa Cotton,IND_MINOR,CENTRE_RIGHT,0.351438188494492,1.0,1.0,False,AEC_CANDIDATE_ROUNDS_CATEGORY_EXIT
Mackellar,NSW,132,OTH,ALP+GRN+IND+LNP+ON,LNP,1385.0,6536.0,0.21190330477356184,PROPORTIONAL_PRIMARY_ORIGIN_PASS_THROUGH,ALL_CATEGORY_PRIMARY_VOTES_TRACED_PROPORTIONALLY,4,Lisa Cotton,IND_MINOR,CENTRE_RIGHT,0.351438188494492,1.0,1.0,False,AEC_CANDIDATE_ROUNDS_CATEGORY_EXIT
Mackellar,NSW,132,OTH,ALP+GRN+IND+LNP+ON,ON,2788.0,6536.0,0.42656058751529996,PROPORTIONAL_PRIMARY_ORIGIN_PASS_THROUGH,ALL_CATEGORY_PRIMARY_VOTES_TRACED_PROPORTIONALLY,4,Lisa Cotton,IND_MINOR,CENTRE_RIGHT,0.351438188494492,1.0,1.0,False,AEC_CANDIDATE_ROUNDS_CATEGORY_EXIT
Macquarie,NSW,133,GRN,ALP+LNP,ALP,11882.80408472012,13666.0,0.8695158850226928,PROPORTIONAL_PRIMARY_ORIGIN_PASS_THROUGH,ALL_CATEGORY_PRIMARY_VOTES_TRACED_PROPORTIONALLY,1,Terry Morgan,GRN,,1.0,1.0,1.0,False,AEC_CANDIDATE_ROUNDS_CATEGORY_EXIT
Macquarie,NSW,133,GRN,ALP+LNP,LNP,1783.195915279879,13666.0,0.1304841149773071,PROPORTIONAL_PRIMARY_ORIGIN_PASS_THROUGH,ALL_CATEGORY_PRIMARY_VOTES_TRACED_PROPORTIONALLY,1,Terry Morgan,GRN,,1.0,1.0,1.0,False,AEC_CANDIDATE_ROUNDS_CATEGORY_EXIT
Macquarie,NSW,133,ON,ALP+GRN+LNP,ALP,1554.6276086073894,9587.0,0.16215996751928544,PROPORTIONAL_PRIMARY_ORIGIN_PASS_THROUGH,ALL_CATEGORY_PRIMARY_VOTES_TRACED_PROPORTIONALLY,1,Matthew Jacobson,ON,,1.0,1.0,1.0,False,AEC_CANDIDATE_ROUNDS_CATEGORY_EXIT
Macquarie,NSW,133,ON,ALP+GRN+LNP,GRN,1255.6907023954527,9587.0,0.13097848152659353,PROPORTIONAL_PRIMARY_ORIGIN_PASS_THROUGH,ALL_CATEGORY_PRIMARY_VOTES_TRACED_PROPORTIONALLY,1,Matthew Jacobson,ON,,1.0,1.0,1.0,False,AEC_CANDIDATE_ROUNDS_CATEGORY_EXIT
Macquarie,NSW,133,ON,ALP+GRN+LNP,LNP,6776.681688997158,9587.0,0.7068615509541211,PROPORTIONAL_PRIMARY_ORIGIN_PASS_THROUGH,ALL_CATEGORY_PRIMARY_VOTES_TRACED_PROPORTIONALLY,1,Matthew Jacobson,ON,,1.0,1.0,1.0,False,AEC_CANDIDATE_ROUNDS_CATEGORY_EXIT
Macquarie,NSW,133,OTH,ALP+GRN+LNP+ON,ALP,742.0,5036.0,0.14733915806195394,PROPORTIONAL_PRIMARY_ORIGIN_PASS_THROUGH,ALL_CATEGORY_PRIMARY_VOTES_TRACED_PROPORTIONALLY,2,Roger Gerard Bowen,OTH_FFPA,RIGHT,0.6405877680698967,1.0,1.0,False,AEC_CANDIDATE_ROUNDS_CATEGORY_EXIT
Macquarie,NSW,133,OTH,ALP+GRN+LNP+ON,GRN,585.0,5036.0,0.11616362192216041,PROPORTIONAL_PRIMARY_ORIGIN_PASS_THROUGH,ALL_CATEGORY_PRIMARY_VOTES_TRACED_PROPORTIONALLY,2,Roger Gerard Bowen,OTH_FFPA,RIGHT,0.6405877680698967,1.0,1.0,False,AEC_CANDIDATE_ROUNDS_CATEGORY_EXIT
Macquarie,NSW,133,OTH,ALP+GRN+LNP+ON,LNP,981.0,5036.0,0.19479745830023823,PROPORTIONAL_PRIMARY_ORIGIN_PASS_THROUGH,ALL_CATEGORY_PRIMARY_VOTES_TRACED_PROPORTIONALLY,2,Roger Gerard Bowen,OTH_FFPA,RIGHT,0.6405877680698967,1.0,1.0,False,AEC_CANDIDATE_ROUNDS_CATEGORY_EXIT
Macquarie,NSW,133,OTH,ALP+GRN+LNP+ON,ON,2728.0,5036.0,0.5416997617156475,PROPORTIONAL_PRIMARY_ORIGIN_PASS_THROUGH,ALL_CATEGORY_PRIMARY_VOTES_TRACED_PROPORTIONALLY,2,Roger Gerard Bowen,OTH_FFPA,RIGHT,0.6405877680698967,1.0,1.0,False,AEC_CANDIDATE_ROUNDS_CATEGORY_EXIT
McMahon,NSW,315,GRN,ALP+IND+LNP,ALP,5468.063609776478,8923.0,0.6128055149362858,PROPORTIONAL_PRIMARY_ORIGIN_PASS_THROUGH,ALL_CATEGORY_PRIMARY_VOTES_TRACED_PROPORTIONALLY,1,Ben Hammond,GRN,,1.0,1.0,1.0,False,AEC_CANDIDATE_ROUNDS_CATEGORY_EXIT
McMahon,NSW,315,GRN,ALP+IND+LNP,IND,2721.449759766033,8923.0,0.3049926885314393,PROPORTIONAL_PRIMARY_ORIGIN_PASS_THROUGH,ALL_CATEGORY_PRIMARY_VOTES_TRACED_PROPORTIONALLY,1,Ben Hammond,GRN,,1.0,1.0,1.0,False,AEC_CANDIDATE_ROUNDS_CATEGORY_EXIT
McMahon,NSW,315,GRN,ALP+IND+LNP,LNP,733.486630457489,8923.0,0.0822017965322749,PROPORTIONAL_PRIMARY_ORIGIN_PASS_THROUGH,ALL_CATEGORY_PRIMARY_VOTES_TRACED_PROPORTIONALLY,1,Ben Hammond,GRN,,1.0,1.0,1.0,False,AEC_CANDIDATE_ROUNDS_CATEGORY_EXIT
McMahon,NSW,315,IND,ALP+LNP,ALP,3760.5307240956863,9613.0,0.391192210974273,PROPORTIONAL_PRIMARY_ORIGIN_PASS_THROUGH,ALL_CATEGORY_PRIMARY_VOTES_TRACED_PROPORTIONALLY,1,Matthew Camenzuli,IND_PROMINENT,CENTRE_RIGHT,1.0,1.0,1.0,False,AEC_CANDIDATE_ROUNDS_CATEGORY_EXIT
McMahon,NSW,315,IND,ALP+LNP,LNP,5852.469275904314,9613.0,0.608807789025727,PROPORTIONAL_PRIMARY_ORIGIN_PASS_THROUGH,ALL_CATEGORY_PRIMARY_VOTES_TRACED_PROPORTIONALLY,1,Matthew Camenzuli,IND_PROMINENT,CENTRE_RIGHT,1.0,1.0,1.0,False,AEC_CANDIDATE_ROUNDS_CATEGORY_EXIT
McMahon,NSW,315,ON,ALP+GRN+IND+LNP,ALP,1271.0,8544.0,0.14875936329588013,PROPORTIONAL_PRIMARY_ORIGIN_PASS_THROUGH,ALL_CATEGORY_PRIMARY_VOTES_TRACED_PROPORTIONALLY,1,Melissa Janicska,ON,,1.0,1.0,1.0,False,AEC_CANDIDATE_ROUNDS_CATEGORY_EXIT
McMahon,NSW,315,ON,ALP+GRN+IND+LNP,GRN,651.0,8544.0,0.07619382022471911,PROPORTIONAL_PRIMARY_ORIGIN_PASS_THROUGH,ALL_CATEGORY_PRIMARY_VOTES_TRACED_PROPORTIONALLY,1,Melissa Janicska,ON,,1.0,1.0,1.0,False,AEC_CANDIDATE_ROUNDS_CATEGORY_EXIT
McMahon,NSW,315,ON,ALP+GRN+IND+LNP,IND,2976.0,8544.0,0.34831460674157305,PROPORTIONAL_PRIMARY_ORIGIN_PASS_THROUGH,ALL_CATEGORY_PRIMARY_VOTES_TRACED_PROPORTIONALLY,1,Melissa Janicska,ON,,1.0,1.0,1.0,False,AEC_CANDIDATE_ROUNDS_CATEGORY_EXIT
McMahon,NSW,315,ON,ALP+GRN+IND+LNP,LNP,3646.0,8544.0,0.4267322097378278,PROPORTIONAL_PRIMARY_ORIGIN_PASS_THROUGH,ALL_CATEGORY_PRIMARY_VOTES_TRACED_PROPORTIONALLY,1,Melissa Janicska,ON,,1.0,1.0,1.0,False,AEC_CANDIDATE_ROUNDS_CATEGORY_EXIT
Mitchell,NSW,134,GRN,ALP+LNP,ALP,11934.278628557257,15044.0,0.7932915865831732,PROPORTIONAL_PRIMARY_ORIGIN_PASS_THROUGH,ALL_CATEGORY_PRIMARY_VOTES_TRACED_PROPORTIONALLY,1,Ben Speechly,GRN,,1.0,1.0,1.0,False,AEC_CANDIDATE_ROUNDS_CATEGORY_EXIT
Mitchell,NSW,134,GRN,ALP+LNP,LNP,3109.721371442743,15044.0,0.20670841341682683,PROPORTIONAL_PRIMARY_ORIGIN_PASS_THROUGH,ALL_CATEGORY_PRIMARY_VOTES_TRACED_PROPORTIONALLY,1,Ben Speechly,GRN,,1.0,1.0,1.0,False,AEC_CANDIDATE_ROUNDS_CATEGORY_EXIT
Mitchell,NSW,134,ON,ALP+GRN+LNP,ALP,814.4858420268256,4680.0,0.17403543633051832,PROPORTIONAL_PRIMARY_ORIGIN_PASS_THROUGH,ALL_CATEGORY_PRIMARY_VOTES_TRACED_PROPORTIONALLY,1,Brendan Mccreanor,ON,,1.0,1.0,1.0,False,AEC_CANDIDATE_ROUNDS_CATEGORY_EXIT
Mitchell,NSW,134,ON,ALP+GRN+LNP,GRN,630.8196721311475,4680.0,0.13479052823315113,PROPORTIONAL_PRIMARY_ORIGIN_PASS_THROUGH,ALL_CATEGORY_PRIMARY_VOTES_TRACED_PROPORTIONALLY,1,Brendan Mccreanor,ON,,1.0,1.0,1.0,False,AEC_CANDIDATE_ROUNDS_CATEGORY_EXIT
Mitchell,NSW,134,ON,ALP+GRN+LNP,LNP,3234.6944858420266,4680.0,0.6911740354363306,PROPORTIONAL_PRIMARY_ORIGIN_PASS_THROUGH,ALL_CATEGORY_PRIMARY_VOTES_TRACED_PROPORTIONALLY,1,Brendan Mccreanor,ON,,1.0,1.0,1.0,False,AEC_CANDIDATE_ROUNDS_CATEGORY_EXIT
Mitchell,NSW,134,OTH,ALP+GRN+LNP+ON,ALP,362.00000000000006,2675.0,0.13532710280373833,PROPORTIONAL_PRIMARY_ORIGIN_PASS_THROUGH,ALL_CATEGORY_PRIMARY_VOTES_TRACED_PROPORTIONALLY,1,Mark Crocker,OTH_CYA,RIGHT,1.0,1.0,1.0,False,AEC_CANDIDATE_ROUNDS_CATEGORY_EXIT
Mitchell,NSW,134,OTH,ALP+GRN+LNP+ON,GRN,271.0,2675.0,0.10130841121495321,PROPORTIONAL_PRIMARY_ORIGIN_PASS_THROUGH,ALL_CATEGORY_PRIMARY_VOTES_TRACED_PROPORTIONALLY,1,Mark Crocker,OTH_CYA,RIGHT,1.0,1.0,1.0,False,AEC_CANDIDATE_ROUNDS_CATEGORY_EXIT
Mitchell,NSW,134,OTH,ALP+GRN+LNP+ON,LNP,683.0,2675.0,0.2553271028037384,PROPORTIONAL_PRIMARY_ORIGIN_PASS_THROUGH,ALL_CATEGORY_PRIMARY_VOTES_TRACED_PROPORTIONALLY,1,Mark Crocker,OTH_CYA,RIGHT,1.0,1.0,1.0,False,AEC_CANDIDATE_ROUNDS_CATEGORY_EXIT
Mitchell,NSW,134,OTH,ALP+GRN+LNP+ON,ON,1359.0,2675.0,0.5080373831775702,PROPORTIONAL_PRIMARY_ORIGIN_PASS_THROUGH,ALL_CATEGORY_PRIMARY_VOTES_TRACED_PROPORTIONALLY,1,Mark Crocker,OTH_CYA,RIGHT,1.0,1.0,1.0,False,AEC_CANDIDATE_ROUNDS_CATEGORY_EXIT
New England,NSW,135,GRN,ALP+LNP+ON,ALP,6431.420293873025,9023.0,0.7127807041863045,PROPORTIONAL_PRIMARY_ORIGIN_PASS_THROUGH,ALL_CATEGORY_PRIMARY_VOTES_TRACED_PROPORTIONALLY,1,Wendy Wales,GRN,,1.0,1.0,1.0,False,AEC_CANDIDATE_ROUNDS_CATEGORY_EXIT
New England,NSW,135,GRN,ALP+LNP+ON,LNP,1630.994177987247,9023.0,0.1807596340449126,PROPORTIONAL_PRIMARY_ORIGIN_PASS_THROUGH,ALL_CATEGORY_PRIMARY_VOTES_TRACED_PROPORTIONALLY,1,Wendy Wales,GRN,,1.0,1.0,1.0,False,AEC_CANDIDATE_ROUNDS_CATEGORY_EXIT
New England,NSW,135,GRN,ALP+LNP+ON,ON,960.5855281397284,9023.0,0.1064596617687829,PROPORTIONAL_PRIMARY_ORIGIN_PASS_THROUGH,ALL_CATEGORY_PRIMARY_VOTES_TRACED_PROPORTIONALLY,1,Wendy Wales,GRN,,1.0,1.0,1.0,False,AEC_CANDIDATE_ROUNDS_CATEGORY_EXIT
New England,NSW,135,ON,ALP+LNP,ALP,3033.7971519735283,11387.0,0.2664263767430867,PROPORTIONAL_PRIMARY_ORIGIN_PASS_THROUGH,ALL_CATEGORY_PRIMARY_VOTES_TRACED_PROPORTIONALLY,1,Brent Larkham,ON,,1.0,1.0,1.0,False,AEC_CANDIDATE_ROUNDS_CATEGORY_EXIT
New England,NSW,135,ON,ALP+LNP,LNP,8353.20284802647,11387.0,0.7335736232569132,PROPORTIONAL_PRIMARY_ORIGIN_PASS_THROUGH,ALL_CATEGORY_PRIMARY_VOTES_TRACED_PROPORTIONALLY,1,Brent Larkham,ON,,1.0,1.0,1.0,False,AEC_CANDIDATE_ROUNDS_CATEGORY_EXIT
New England,NSW,135,OTH,ALP+GRN+LNP+ON,ALP,2211.0,10992.0,0.20114628820960695,PROPORTIONAL_PRIMARY_ORIGIN_PASS_THROUGH,ALL_CATEGORY_PRIMARY_VOTES_TRACED_PROPORTIONALLY,3,Natasha Ledger,IND_MINOR,CENTRE,0.3857350800582241,1.0,1.0,False,AEC_CANDIDATE_ROUNDS_CATEGORY_EXIT
New England,NSW,135,OTH,ALP+GRN+LNP+ON,GRN,1798.0,10992.0,0.16357350800582243,PROPORTIONAL_PRIMARY_ORIGIN_PASS_THROUGH,ALL_CATEGORY_PRIMARY_VOTES_TRACED_PROPORTIONALLY,3,Natasha Ledger,IND_MINOR,CENTRE,0.3857350800582241,1.0,1.0,False,AEC_CANDIDATE_ROUNDS_CATEGORY_EXIT
New England,NSW,135,OTH,ALP+GRN+LNP+ON,LNP,2598.0,10992.0,0.23635371179039305,PROPORTIONAL_PRIMARY_ORIGIN_PASS_THROUGH,ALL_CATEGORY_PRIMARY_VOTES_TRACED_PROPORTIONALLY,3,Natasha Ledger,IND_MINOR,CENTRE,0.3857350800582241,1.0,1.0,False,AEC_CANDIDATE_ROUNDS_CATEGORY_EXIT
New England,NSW,135,OTH,ALP+GRN+LNP+ON,ON,4385.0,10992.0,0.3989264919941776,PROPORTIONAL_PRIMARY_ORIGIN_PASS_THROUGH,ALL_CATEGORY_PRIMARY_VOTES_TRACED_PROPORTIONALLY,3,Natasha Ledger,IND_MINOR,CENTRE,0.3857350800582241,1.0,1.0,False,AEC_CANDIDATE_ROUNDS_CATEGORY_EXIT
Newcastle,NSW,136,LNP,ALP+GRN,ALP,14271.135222672065,20638.0,0.691497975708502,PROPORTIONAL_PRIMARY_ORIGIN_PASS_THROUGH,ALL_CATEGORY_PRIMARY_VOTES_TRACED_PROPORTIONALLY,1,Asarri Mcphee,LIB,,1.0,1.0,1.0,False,AEC_CANDIDATE_ROUNDS_CATEGORY_EXIT
Newcastle,NSW,136,LNP,ALP+GRN,GRN,6366.864777327935,20638.0,0.308502024291498,PROPORTIONAL_PRIMARY_ORIGIN_PASS_THROUGH,ALL_CATEGORY_PRIMARY_VOTES_TRACED_PROPORTIONALLY,1,Asarri Mcphee,LIB,,1.0,1.0,1.0,False,AEC_CANDIDATE_ROUNDS_CATEGORY_EXIT
Newcastle,NSW,136,ON,ALP+GRN+LNP,ALP,1241.8126984126984,5789.0,0.21451247165532883,PROPORTIONAL_PRIMARY_ORIGIN_PASS_THROUGH,ALL_CATEGORY_PRIMARY_VOTES_TRACED_PROPORTIONALLY,1,Phillip Heyne,ON,,1.0,1.0,1.0,False,AEC_CANDIDATE_ROUNDS_CATEGORY_EXIT
Newcastle,NSW,136,ON,ALP+GRN+LNP,GRN,1223.4349206349204,5789.0,0.21133786848072553,PROPORTIONAL_PRIMARY_ORIGIN_PASS_THROUGH,ALL_CATEGORY_PRIMARY_VOTES_TRACED_PROPORTIONALLY,1,Phillip Heyne,ON,,1.0,1.0,1.0,False,AEC_CANDIDATE_ROUNDS_CATEGORY_EXIT
Newcastle,NSW,136,ON,ALP+GRN+LNP,LNP,3323.752380952382,5789.0,0.5741496598639457,PROPORTIONAL_PRIMARY_ORIGIN_PASS_THROUGH,ALL_CATEGORY_PRIMARY_VOTES_TRACED_PROPORTIONALLY,1,Phillip Heyne,ON,,1.0,1.0,1.0,False,AEC_CANDIDATE_ROUNDS_CATEGORY_EXIT
Newcastle,NSW,136,OTH,ALP+GRN+LNP+ON,ALP,1510.0,8724.0,0.17308574048601552,PROPORTIONAL_PRIMARY_ORIGIN_PASS_THROUGH,ALL_CATEGORY_PRIMARY_VOTES_TRACED_PROPORTIONALLY,4,Jennifer Stefanac,OTH_CYA,RIGHT,0.4425722145804677,1.0,1.0,False,AEC_CANDIDATE_ROUNDS_CATEGORY_EXIT
Newcastle,NSW,136,OTH,ALP+GRN+LNP+ON,GRN,2715.0,8724.0,0.31121045392022006,PROPORTIONAL_PRIMARY_ORIGIN_PASS_THROUGH,ALL_CATEGORY_PRIMARY_VOTES_TRACED_PROPORTIONALLY,4,Jennifer Stefanac,OTH_CYA,RIGHT,0.4425722145804677,1.0,1.0,False,AEC_CANDIDATE_ROUNDS_CATEGORY_EXIT
Newcastle,NSW,136,OTH,ALP+GRN+LNP+ON,LNP,1468.0,8724.0,0.16827143512150392,PROPORTIONAL_PRIMARY_ORIGIN_PASS_THROUGH,ALL_CATEGORY_PRIMARY_VOTES_TRACED_PROPORTIONALLY,4,Jennifer Stefanac,OTH_CYA,RIGHT,0.4425722145804677,1.0,1.0,False,AEC_CANDIDATE_ROUNDS_CATEGORY_EXIT
Newcastle,NSW,136,OTH,ALP+GRN+LNP+ON,ON,3031.0,8724.0,0.34743237047226044,PROPORTIONAL_PRIMARY_ORIGIN_PASS_THROUGH,ALL_CATEGORY_PRIMARY_VOTES_TRACED_PROPORTIONALLY,4,Jennifer Stefanac,OTH_CYA,RIGHT,0.4425722145804677,1.0,1.0,False,AEC_CANDIDATE_ROUNDS_CATEGORY_EXIT
Page,NSW,138,GRN,ALP+LNP,ALP,12634.405612984252,16265.0,0.7767848517051493,PROPORTIONAL_PRIMARY_ORIGIN_PASS_THROUGH,ALL_CATEGORY_PRIMARY_VOTES_TRACED_PROPORTIONALLY,1,Luke Robinson,GRN,,1.0,1.0,1.0,False,AEC_CANDIDATE_ROUNDS_CATEGORY_EXIT
Page,NSW,138,GRN,ALP+LNP,LNP,3630.594387015747,16265.0,0.22321514829485073,PROPORTIONAL_PRIMARY_ORIGIN_PASS_THROUGH,ALL_CATEGORY_PRIMARY_VOTES_TRACED_PROPORTIONALLY,1,Luke Robinson,GRN,,1.0,1.0,1.0,False,AEC_CANDIDATE_ROUNDS_CATEGORY_EXIT
Page,NSW,138,ON,ALP+GRN+LNP,ALP,739.7705081368316,6132.0,0.12064098306210563,PROPORTIONAL_PRIMARY_ORIGIN_PASS_THROUGH,ALL_CATEGORY_PRIMARY_VOTES_TRACED_PROPORTIONALLY,1,Peter Nottle,ON,,1.0,1.0,1.0,False,AEC_CANDIDATE_ROUNDS_CATEGORY_EXIT
Page,NSW,138,ON,ALP+GRN+LNP,GRN,1197.4812354699436,6132.0,0.19528395881766855,PROPORTIONAL_PRIMARY_ORIGIN_PASS_THROUGH,ALL_CATEGORY_PRIMARY_VOTES_TRACED_PROPORTIONALLY,1,Peter Nottle,ON,,1.0,1.0,1.0,False,AEC_CANDIDATE_ROUNDS_CATEGORY_EXIT
Page,NSW,138,ON,ALP+GRN+LNP,LNP,4194.748256393224,6132.0,0.6840750581202258,PROPORTIONAL_PRIMARY_ORIGIN_PASS_THROUGH,ALL_CATEGORY_PRIMARY_VOTES_TRACED_PROPORTIONALLY,1,Peter Nottle,ON,,1.0,1.0,1.0,False,AEC_CANDIDATE_ROUNDS_CATEGORY_EXIT
Page,NSW,138,OTH,ALP+GRN+LNP+ON,ALP,2561.0,13437.0,0.19059313834933392,PROPORTIONAL_PRIMARY_ORIGIN_PASS_THROUGH,ALL_CATEGORY_PRIMARY_VOTES_TRACED_PROPORTIONALLY,7,Donna Lee Pike,OTH_CYA,RIGHT,0.2182034680360199,1.0,1.0,False,AEC_CANDIDATE_ROUNDS_CATEGORY_EXIT
Page,NSW,138,OTH,ALP+GRN+LNP+ON,GRN,2085.0,13437.0,0.15516856441169902,PROPORTIONAL_PRIMARY_ORIGIN_PASS_THROUGH,ALL_CATEGORY_PRIMARY_VOTES_TRACED_PROPORTIONALLY,7,Donna Lee Pike,OTH_CYA,RIGHT,0.2182034680360199,1.0,1.0,False,AEC_CANDIDATE_ROUNDS_CATEGORY_EXIT
Page,NSW,138,OTH,ALP+GRN+LNP+ON,LNP,2879.0,13437.0,0.21425913522363624,PROPORTIONAL_PRIMARY_ORIGIN_PASS_THROUGH,ALL_CATEGORY_PRIMARY_VOTES_TRACED_PROPORTIONALLY,7,Donna Lee Pike,OTH_CYA,RIGHT,0.2182034680360199,1.0,1.0,False,AEC_CANDIDATE_ROUNDS_CATEGORY_EXIT
Page,NSW,138,OTH,ALP+GRN+LNP+ON,ON,5912.0,13437.0,0.4399791620153309,PROPORTIONAL_PRIMARY_ORIGIN_PASS_THROUGH,ALL_CATEGORY_PRIMARY_VOTES_TRACED_PROPORTIONALLY,7,Donna Lee Pike,OTH_CYA,RIGHT,0.2182034680360199,1.0,1.0,False,AEC_CANDIDATE_ROUNDS_CATEGORY_EXIT
Parkes,NSW,139,GRN,ALP+LNP+ON+OTH,ALP,3591.636759898293,6404.0,0.5608427170359609,PROPORTIONAL_PRIMARY_ORIGIN_PASS_THROUGH,ALL_CATEGORY_PRIMARY_VOTES_TRACED_PROPORTIONALLY,1,Trish Frail,GRN,,1.0,1.0,1.0,False,AEC_CANDIDATE_ROUNDS_CATEGORY_EXIT
Parkes,NSW,139,GRN,ALP+LNP+ON+OTH,LNP,823.4711224119143,6404.0,0.12858699600435883,PROPORTIONAL_PRIMARY_ORIGIN_PASS_THROUGH,ALL_CATEGORY_PRIMARY_VOTES_TRACED_PROPORTIONALLY,1,Trish Frail,GRN,,1.0,1.0,1.0,False,AEC_CANDIDATE_ROUNDS_CATEGORY_EXIT
Parkes,NSW,139,GRN,ALP+LNP+ON+OTH,ON,671.4934011381523,6404.0,0.10485530935948661,PROPORTIONAL_PRIMARY_ORIGIN_PASS_THROUGH,ALL_CATEGORY_PRIMARY_VOTES_TRACED_PROPORTIONALLY,1,Trish Frail,GRN,,1.0,1.0,1.0,False,AEC_CANDIDATE_ROUNDS_CATEGORY_EXIT
Parkes,NSW,139,GRN,ALP+LNP+ON+OTH,OTH,1317.3987165516403,6404.0,0.20571497760019372,PROPORTIONAL_PRIMARY_ORIGIN_PASS_THROUGH,ALL_CATEGORY_PRIMARY_VOTES_TRACED_PROPORTIONALLY,1,Trish Frail,GRN,,1.0,1.0,1.0,False,AEC_CANDIDATE_ROUNDS_CATEGORY_EXIT
Parkes,NSW,139,ON,ALP+LNP,ALP,4785.151300793838,14320.0,0.3341586103906311,PROPORTIONAL_PRIMARY_ORIGIN_PASS_THROUGH,ALL_CATEGORY_PRIMARY_VOTES_TRACED_PROPORTIONALLY,1,Mark Carter,ON,,1.0,1.0,1.0,False,AEC_CANDIDATE_ROUNDS_CATEGORY_EXIT
Parkes,NSW,139,ON,ALP+LNP,LNP,9534.848699206164,14320.0,0.6658413896093689,PROPORTIONAL_PRIMARY_ORIGIN_PASS_THROUGH,ALL_CATEGORY_PRIMARY_VOTES_TRACED_PROPORTIONALLY,1,Mark Carter,ON,,1.0,1.0,1.0,False,AEC_CANDIDATE_ROUNDS_CATEGORY_EXIT
Parkes,NSW,139,OTH,ALP+LNP+ON,ALP,5813.986200028101,21621.0,0.2689045927583414,PROPORTIONAL_PRIMARY_ORIGIN_PASS_THROUGH,ALL_CATEGORY_PRIMARY_VOTES_TRACED_PROPORTIONALLY,6,Stephen Pope,OTH_ASP,CENTRE_RIGHT,0.3133990102215438,1.0,1.0,False,AEC_CANDIDATE_ROUNDS_CATEGORY_EXIT
Parkes,NSW,139,OTH,ALP+LNP+ON,LNP,6038.746185461565,21621.0,0.2793000409537748,PROPORTIONAL_PRIMARY_ORIGIN_PASS_THROUGH,ALL_CATEGORY_PRIMARY_VOTES_TRACED_PROPORTIONALLY,6,Stephen Pope,OTH_ASP,CENTRE_RIGHT,0.3133990102215438,1.0,1.0,False,AEC_CANDIDATE_ROUNDS_CATEGORY_EXIT
Parkes,NSW,139,OTH,ALP+LNP+ON,ON,9768.267614510336,21621.0,0.4517953662878838,PROPORTIONAL_PRIMARY_ORIGIN_PASS_THROUGH,ALL_CATEGORY_PRIMARY_VOTES_TRACED_PROPORTIONALLY,6,Stephen Pope,OTH_ASP,CENTRE_RIGHT,0.3133990102215438,1.0,1.0,False,AEC_CANDIDATE_ROUNDS_CATEGORY_EXIT
Parramatta,NSW,140,GRN,ALP+LNP,ALP,10032.71689059501,11766.0,0.8526871401151632,PROPORTIONAL_PRIMARY_ORIGIN_PASS_THROUGH,ALL_CATEGORY_PRIMARY_VOTES_TRACED_PROPORTIONALLY,1,Liz Tilly,GRN,,1.0,1.0,1.0,False,AEC_CANDIDATE_ROUNDS_CATEGORY_EXIT
Parramatta,NSW,140,GRN,ALP+LNP,LNP,1733.2831094049905,11766.0,0.14731285988483683,PROPORTIONAL_PRIMARY_ORIGIN_PASS_THROUGH,ALL_CATEGORY_PRIMARY_VOTES_TRACED_PROPORTIONALLY,1,Liz Tilly,GRN,,1.0,1.0,1.0,False,AEC_CANDIDATE_ROUNDS_CATEGORY_EXIT
Parramatta,NSW,140,ON,ALP+GRN+LNP,ALP,368.9345462149728,2653.0,0.13906315349226261,PROPORTIONAL_PRIMARY_ORIGIN_PASS_THROUGH,ALL_CATEGORY_PRIMARY_VOTES_TRACED_PROPORTIONALLY,1,Nicholas Matzen,ON,,1.0,1.0,1.0,False,AEC_CANDIDATE_ROUNDS_CATEGORY_EXIT
Parramatta,NSW,140,ON,ALP+GRN+LNP,GRN,506.52216645754913,2653.0,0.19092429945629444,PROPORTIONAL_PRIMARY_ORIGIN_PASS_THROUGH,ALL_CATEGORY_PRIMARY_VOTES_TRACED_PROPORTIONALLY,1,Nicholas Matzen,ON,,1.0,1.0,1.0,False,AEC_CANDIDATE_ROUNDS_CATEGORY_EXIT
Parramatta,NSW,140,ON,ALP+GRN+LNP,LNP,1777.543287327478,2653.0,0.670012547051443,PROPORTIONAL_PRIMARY_ORIGIN_PASS_THROUGH,ALL_CATEGORY_PRIMARY_VOTES_TRACED_PROPORTIONALLY,1,Nicholas Matzen,ON,,1.0,1.0,1.0,False,AEC_CANDIDATE_ROUNDS_CATEGORY_EXIT
Parramatta,NSW,140,OTH,ALP+GRN+LNP+ON,ALP,1259.0,6484.0,0.19417026526835285,PROPORTIONAL_PRIMARY_ORIGIN_PASS_THROUGH,ALL_CATEGORY_PRIMARY_VOTES_TRACED_PROPORTIONALLY,4,Ganesh Loke,OTH_CYA,RIGHT,0.3770820481184454,1.0,1.0,False,AEC_CANDIDATE_ROUNDS_CATEGORY_EXIT
Parramatta,NSW,140,OTH,ALP+GRN+LNP+ON,GRN,1909.0,6484.0,0.29441702652683527,PROPORTIONAL_PRIMARY_ORIGIN_PASS_THROUGH,ALL_CATEGORY_PRIMARY_VOTES_TRACED_PROPORTIONALLY,4,Ganesh Loke,OTH_CYA,RIGHT,0.3770820481184454,1.0,1.0,False,AEC_CANDIDATE_ROUNDS_CATEGORY_EXIT
Parramatta,NSW,140,OTH,ALP+GRN+LNP+ON,LNP,1187.0,6484.0,0.18306600863664402,PROPORTIONAL_PRIMARY_ORIGIN_PASS_THROUGH,ALL_CATEGORY_PRIMARY_VOTES_TRACED_PROPORTIONALLY,4,Ganesh Loke,OTH_CYA,RIGHT,0.3770820481184454,1.0,1.0,False,AEC_CANDIDATE_ROUNDS_CATEGORY_EXIT
Parramatta,NSW,140,OTH,ALP+GRN+LNP+ON,ON,2129.0,6484.0,0.32834669956816787,PROPORTIONAL_PRIMARY_ORIGIN_PASS_THROUGH,ALL_CATEGORY_PRIMARY_VOTES_TRACED_PROPORTIONALLY,4,Ganesh Loke,OTH_CYA,RIGHT,0.3770820481184454,1.0,1.0,False,AEC_CANDIDATE_ROUNDS_CATEGORY_EXIT
Paterson,NSW,249,GRN,ALP+IND+LNP+ON,ALP,5639.7067169362035,8219.0,0.6861791844429012,PROPORTIONAL_PRIMARY_ORIGIN_PASS_THROUGH,ALL_CATEGORY_PRIMARY_VOTES_TRACED_PROPORTIONALLY,1,Paul Johns,GRN,,1.0,1.0,1.0,False,AEC_CANDIDATE_ROUNDS_CATEGORY_EXIT
Paterson,NSW,249,GRN,ALP+IND+LNP+ON,IND,1505.3352515130468,8219.0,0.18315309058438334,PROPORTIONAL_PRIMARY_ORIGIN_PASS_THROUGH,ALL_CATEGORY_PRIMARY_VOTES_TRACED_PROPORTIONALLY,1,Paul Johns,GRN,,1.0,1.0,1.0,False,AEC_CANDIDATE_ROUNDS_CATEGORY_EXIT
Paterson,NSW,249,GRN,ALP+IND+LNP+ON,LNP,528.4167080067467,8219.0,0.06429209246949101,PROPORTIONAL_PRIMARY_ORIGIN_PASS_THROUGH,ALL_CATEGORY_PRIMARY_VOTES_TRACED_PROPORTIONALLY,1,Paul Johns,GRN,,1.0,1.0,1.0,False,AEC_CANDIDATE_ROUNDS_CATEGORY_EXIT
Paterson,NSW,249,GRN,ALP+IND+LNP+ON,ON,545.5413235440024,8219.0,0.06637563250322451,PROPORTIONAL_PRIMARY_ORIGIN_PASS_THROUGH,ALL_CATEGORY_PRIMARY_VOTES_TRACED_PROPORTIONALLY,1,Paul Johns,GRN,,1.0,1.0,1.0,False,AEC_CANDIDATE_ROUNDS_CATEGORY_EXIT
Paterson,NSW,249,IND,ALP+LNP,ALP,5266.769831584086,10565.0,0.4985111056870881,PROPORTIONAL_PRIMARY_ORIGIN_PASS_THROUGH,ALL_CATEGORY_PRIMARY_VOTES_TRACED_PROPORTIONALLY,1,Philip Penfold,IND_PROMINENT,CENTRE_LEFT,1.0,1.0,1.0,False,AEC_CANDIDATE_ROUNDS_CATEGORY_EXIT
Paterson,NSW,249,IND,ALP+LNP,LNP,5298.230168415914,10565.0,0.5014888943129119,PROPORTIONAL_PRIMARY_ORIGIN_PASS_THROUGH,ALL_CATEGORY_PRIMARY_VOTES_TRACED_PROPORTIONALLY,1,Philip Penfold,IND_PROMINENT,CENTRE_LEFT,1.0,1.0,1.0,False,AEC_CANDIDATE_ROUNDS_CATEGORY_EXIT
Paterson,NSW,249,ON,ALP+IND+LNP,ALP,1381.6492984327565,8254.0,0.1673914827274965,PROPORTIONAL_PRIMARY_ORIGIN_PASS_THROUGH,ALL_CATEGORY_PRIMARY_VOTES_TRACED_PROPORTIONALLY,1,Arnon Wither,ON,,1.0,1.0,1.0,False,AEC_CANDIDATE_ROUNDS_CATEGORY_EXIT
Paterson,NSW,249,ON,ALP+IND+LNP,IND,3717.584803479117,8254.0,0.4503979650447198,PROPORTIONAL_PRIMARY_ORIGIN_PASS_THROUGH,ALL_CATEGORY_PRIMARY_VOTES_TRACED_PROPORTIONALLY,1,Arnon Wither,ON,,1.0,1.0,1.0,False,AEC_CANDIDATE_ROUNDS_CATEGORY_EXIT
Paterson,NSW,249,ON,ALP+IND+LNP,LNP,3154.765898088127,8254.0,0.3822105522277837,PROPORTIONAL_PRIMARY_ORIGIN_PASS_THROUGH,ALL_CATEGORY_PRIMARY_VOTES_TRACED_PROPORTIONALLY,1,Arnon Wither,ON,,1.0,1.0,1.0,False,AEC_CANDIDATE_ROUNDS_CATEGORY_EXIT
Paterson,NSW,249,OTH,ALP+GRN+IND+LNP+ON,ALP,2383.0,11774.0,0.20239510786478684,PROPORTIONAL_PRIMARY_ORIGIN_PASS_THROUGH,ALL_CATEGORY_PRIMARY_VOTES_TRACED_PROPORTIONALLY,5,Daniel Dryden,OTH_HMP,CENTRE_LEFT,0.3586716493969764,1.0,1.0,False,AEC_CANDIDATE_ROUNDS_CATEGORY_EXIT
Paterson,NSW,249,OTH,ALP+GRN+IND+LNP+ON,GRN,1860.0,11774.0,0.15797519959232204,PROPORTIONAL_PRIMARY_ORIGIN_PASS_THROUGH,ALL_CATEGORY_PRIMARY_VOTES_TRACED_PROPORTIONALLY,5,Daniel Dryden,OTH_HMP,CENTRE_LEFT,0.3586716493969764,1.0,1.0,False,AEC_CANDIDATE_ROUNDS_CATEGORY_EXIT
Paterson,NSW,249,OTH,ALP+GRN+IND+LNP+ON,IND,2585.0,11774.0,0.21955155427212505,PROPORTIONAL_PRIMARY_ORIGIN_PASS_THROUGH,ALL_CATEGORY_PRIMARY_VOTES_TRACED_PROPORTIONALLY,5,Daniel Dryden,OTH_HMP,CENTRE_LEFT,0.3586716493969764,1.0,1.0,False,AEC_CANDIDATE_ROUNDS_CATEGORY_EXIT
Paterson,NSW,249,OTH,ALP+GRN+IND+LNP+ON,LNP,1682.0,11774.0,0.14285714285714282,PROPORTIONAL_PRIMARY_ORIGIN_PASS_THROUGH,ALL_CATEGORY_PRIMARY_VOTES_TRACED_PROPORTIONALLY,5,Daniel Dryden,OTH_HMP,CENTRE_LEFT,0.3586716493969764,1.0,1.0,False,AEC_CANDIDATE_ROUNDS_CATEGORY_EXIT
Paterson,NSW,249,OTH,ALP+GRN+IND+LNP+ON,ON,3264.0,11774.0,0.2772209954136233,PROPORTIONAL_PRIMARY_ORIGIN_PASS_THROUGH,ALL_CATEGORY_PRIMARY_VOTES_TRACED_PROPORTIONALLY,5,Daniel Dryden,OTH_HMP,CENTRE_LEFT,0.3586716493969764,1.0,1.0,False,AEC_CANDIDATE_ROUNDS_CATEGORY_EXIT
Reid,NSW,144,GRN,ALP+LNP,ALP,9718.90320259086,11680.0,0.8320978769341489,PROPORTIONAL_PRIMARY_ORIGIN_PASS_THROUGH,ALL_CATEGORY_PRIMARY_VOTES_TRACED_PROPORTIONALLY,1,Joanna Somerville,GRN,,1.0,1.0,1.0,False,AEC_CANDIDATE_ROUNDS_CATEGORY_EXIT
Reid,NSW,144,GRN,ALP+LNP,LNP,1961.09679740914,11680.0,0.167902123065851,PROPORTIONAL_PRIMARY_ORIGIN_PASS_THROUGH,ALL_CATEGORY_PRIMARY_VOTES_TRACED_PROPORTIONALLY,1,Joanna Somerville,GRN,,1.0,1.0,1.0,False,AEC_CANDIDATE_ROUNDS_CATEGORY_EXIT
Reid,NSW,144,ON,ALP+GRN+LNP,ALP,388.94401133947554,2352.0,0.1653673517599811,PROPORTIONAL_PRIMARY_ORIGIN_PASS_THROUGH,ALL_CATEGORY_PRIMARY_VOTES_TRACED_PROPORTIONALLY,1,Gina Ingrouille,ON,,1.0,1.0,1.0,False,AEC_CANDIDATE_ROUNDS_CATEGORY_EXIT
Reid,NSW,144,ON,ALP+GRN+LNP,GRN,376.7200566973778,2352.0,0.1601700921332388,PROPORTIONAL_PRIMARY_ORIGIN_PASS_THROUGH,ALL_CATEGORY_PRIMARY_VOTES_TRACED_PROPORTIONALLY,1,Gina Ingrouille,ON,,1.0,1.0,1.0,False,AEC_CANDIDATE_ROUNDS_CATEGORY_EXIT
Reid,NSW,144,ON,ALP+GRN+LNP,LNP,1586.3359319631468,2352.0,0.6744625561067801,PROPORTIONAL_PRIMARY_ORIGIN_PASS_THROUGH,ALL_CATEGORY_PRIMARY_VOTES_TRACED_PROPORTIONALLY,1,Gina Ingrouille,ON,,1.0,1.0,1.0,False,AEC_CANDIDATE_ROUNDS_CATEGORY_EXIT
Reid,NSW,144,OTH,ALP+GRN+LNP+ON,ALP,1334.0,5912.0,0.22564276048714482,PROPORTIONAL_PRIMARY_ORIGIN_PASS_THROUGH,ALL_CATEGORY_PRIMARY_VOTES_TRACED_PROPORTIONALLY,3,Steven Commerford,IND_MINOR,CENTRE_LEFT,0.524018944519621,1.0,1.0,False,AEC_CANDIDATE_ROUNDS_CATEGORY_EXIT
Reid,NSW,144,OTH,ALP+GRN+LNP+ON,GRN,1537.0,5912.0,0.25997970230040596,PROPORTIONAL_PRIMARY_ORIGIN_PASS_THROUGH,ALL_CATEGORY_PRIMARY_VOTES_TRACED_PROPORTIONALLY,3,Steven Commerford,IND_MINOR,CENTRE_LEFT,0.524018944519621,1.0,1.0,False,AEC_CANDIDATE_ROUNDS_CATEGORY_EXIT
Reid,NSW,144,OTH,ALP+GRN+LNP+ON,LNP,1160.0,5912.0,0.19621109607577802,PROPORTIONAL_PRIMARY_ORIGIN_PASS_THROUGH,ALL_CATEGORY_PRIMARY_VOTES_TRACED_PROPORTIONALLY,3,Steven Commerford,IND_MINOR,CENTRE_LEFT,0.524018944519621,1.0,1.0,False,AEC_CANDIDATE_ROUNDS_CATEGORY_EXIT
Reid,NSW,144,OTH,ALP+GRN+LNP+ON,ON,1881.0,5912.0,0.31816644113667125,PROPORTIONAL_PRIMARY_ORIGIN_PASS_THROUGH,ALL_CATEGORY_PRIMARY_VOTES_TRACED_PROPORTIONALLY,3,Steven Commerford,IND_MINOR,CENTRE_LEFT,0.524018944519621,1.0,1.0,False,AEC_CANDIDATE_ROUNDS_CATEGORY_EXIT
Richmond,NSW,145,GRN,ALP+LNP,ALP,23889.719205670215,27783.0,0.8598682361757268,PROPORTIONAL_PRIMARY_ORIGIN_PASS_THROUGH,ALL_CATEGORY_PRIMARY_VOTES_TRACED_PROPORTIONALLY,1,Mandy Nolan,GRN,,1.0,1.0,1.0,False,AEC_CANDIDATE_ROUNDS_CATEGORY_EXIT
Richmond,NSW,145,GRN,ALP+LNP,LNP,3893.280794329784,27783.0,0.14013176382427323,PROPORTIONAL_PRIMARY_ORIGIN_PASS_THROUGH,ALL_CATEGORY_PRIMARY_VOTES_TRACED_PROPORTIONALLY,1,Mandy Nolan,GRN,,1.0,1.0,1.0,False,AEC_CANDIDATE_ROUNDS_CATEGORY_EXIT
Richmond,NSW,145,ON,ALP+GRN+LNP,ALP,697.7171480614104,5709.0,0.1222135484430566,PROPORTIONAL_PRIMARY_ORIGIN_PASS_THROUGH,ALL_CATEGORY_PRIMARY_VOTES_TRACED_PROPORTIONALLY,1,Ian Mye,ON,,1.0,1.0,1.0,False,AEC_CANDIDATE_ROUNDS_CATEGORY_EXIT
Richmond,NSW,145,ON,ALP+GRN+LNP,GRN,687.3182409575852,5709.0,0.1203920548182843,PROPORTIONAL_PRIMARY_ORIGIN_PASS_THROUGH,ALL_CATEGORY_PRIMARY_VOTES_TRACED_PROPORTIONALLY,1,Ian Mye,ON,,1.0,1.0,1.0,False,AEC_CANDIDATE_ROUNDS_CATEGORY_EXIT
Richmond,NSW,145,ON,ALP+GRN+LNP,LNP,4323.964610981005,5709.0,0.757394396738659,PROPORTIONAL_PRIMARY_ORIGIN_PASS_THROUGH,ALL_CATEGORY_PRIMARY_VOTES_TRACED_PROPORTIONALLY,1,Ian Mye,ON,,1.0,1.0,1.0,False,AEC_CANDIDATE_ROUNDS_CATEGORY_EXIT
Richmond,NSW,145,OTH,ALP+GRN+LNP+ON,ALP,2126.0,13764.0,0.15446091252542862,PROPORTIONAL_PRIMARY_ORIGIN_PASS_THROUGH,ALL_CATEGORY_PRIMARY_VOTES_TRACED_PROPORTIONALLY,6,Vivian Mac Mcmahon,OTH_HMP,CENTRE_LEFT,0.2904678872420808,1.0,1.0,False,AEC_CANDIDATE_ROUNDS_CATEGORY_EXIT
Richmond,NSW,145,OTH,ALP+GRN+LNP+ON,GRN,2856.0,13764.0,0.20749782040104622,PROPORTIONAL_PRIMARY_ORIGIN_PASS_THROUGH,ALL_CATEGORY_PRIMARY_VOTES_TRACED_PROPORTIONALLY,6,Vivian Mac Mcmahon,OTH_HMP,CENTRE_LEFT,0.2904678872420808,1.0,1.0,False,AEC_CANDIDATE_ROUNDS_CATEGORY_EXIT
Richmond,NSW,145,OTH,ALP+GRN+LNP+ON,LNP,2962.0,13764.0,0.21519907003777972,PROPORTIONAL_PRIMARY_ORIGIN_PASS_THROUGH,ALL_CATEGORY_PRIMARY_VOTES_TRACED_PROPORTIONALLY,6,Vivian Mac Mcmahon,OTH_HMP,CENTRE_LEFT,0.2904678872420808,1.0,1.0,False,AEC_CANDIDATE_ROUNDS_CATEGORY_EXIT
Richmond,NSW,145,OTH,ALP+GRN+LNP+ON,ON,5820.0,13764.0,0.42284219703574544,PROPORTIONAL_PRIMARY_ORIGIN_PASS_THROUGH,ALL_CATEGORY_PRIMARY_VOTES_TRACED_PROPORTIONALLY,6,Vivian Mac Mcmahon,OTH_HMP,CENTRE_LEFT,0.2904678872420808,1.0,1.0,False,AEC_CANDIDATE_ROUNDS_CATEGORY_EXIT
Riverina,NSW,250,GRN,ALP+IND+LNP+ON+OTH,ALP,2389.2177861549003,4767.0,0.5011994516792324,PROPORTIONAL_PRIMARY_ORIGIN_PASS_THROUGH,ALL_CATEGORY_PRIMARY_VOTES_TRACED_PROPORTIONALLY,1,Pheonix Valxori,GRN,,1.0,1.0,1.0,False,AEC_CANDIDATE_ROUNDS_CATEGORY_EXIT
Riverina,NSW,250,GRN,ALP+IND+LNP+ON+OTH,IND,927.9150102810144,4767.0,0.19465387251542154,PROPORTIONAL_PRIMARY_ORIGIN_PASS_THROUGH,ALL_CATEGORY_PRIMARY_VOTES_TRACED_PROPORTIONALLY,1,Pheonix Valxori,GRN,,1.0,1.0,1.0,False,AEC_CANDIDATE_ROUNDS_CATEGORY_EXIT
Riverina,NSW,250,GRN,ALP+IND+LNP+ON+OTH,LNP,382.27484578478413,4767.0,0.08019191226867711,PROPORTIONAL_PRIMARY_ORIGIN_PASS_THROUGH,ALL_CATEGORY_PRIMARY_VOTES_TRACED_PROPORTIONALLY,1,Pheonix Valxori,GRN,,1.0,1.0,1.0,False,AEC_CANDIDATE_ROUNDS_CATEGORY_EXIT
Riverina,NSW,250,GRN,ALP+IND+LNP+ON+OTH,ON,356.1363947909527,4767.0,0.07470870459218641,PROPORTIONAL_PRIMARY_ORIGIN_PASS_THROUGH,ALL_CATEGORY_PRIMARY_VOTES_TRACED_PROPORTIONALLY,1,Pheonix Valxori,GRN,,1.0,1.0,1.0,False,AEC_CANDIDATE_ROUNDS_CATEGORY_EXIT
Riverina,NSW,250,GRN,ALP+IND+LNP+ON+OTH,OTH,711.4559629883482,4767.0,0.14924605894448253,PROPORTIONAL_PRIMARY_ORIGIN_PASS_THROUGH,ALL_CATEGORY_PRIMARY_VOTES_TRACED_PROPORTIONALLY,1,Pheonix Valxori,GRN,,1.0,1.0,1.0,False,AEC_CANDIDATE_ROUNDS_CATEGORY_EXIT
Riverina,NSW,250,IND,ALP+LNP+ON,ALP,3182.5787150918827,6909.0,0.46064245405874693,PROPORTIONAL_PRIMARY_ORIGIN_PASS_THROUGH,ALL_CATEGORY_PRIMARY_VOTES_TRACED_PROPORTIONALLY,1,Jenny Rolfe,IND_PROMINENT,CENTRE_LEFT,1.0,1.0,1.0,False,AEC_CANDIDATE_ROUNDS_CATEGORY_EXIT
Riverina,NSW,250,IND,ALP+LNP+ON,LNP,2174.37056865866,6909.0,0.31471567066994643,PROPORTIONAL_PRIMARY_ORIGIN_PASS_THROUGH,ALL_CATEGORY_PRIMARY_VOTES_TRACED_PROPORTIONALLY,1,Jenny Rolfe,IND_PROMINENT,CENTRE_LEFT,1.0,1.0,1.0,False,AEC_CANDIDATE_ROUNDS_CATEGORY_EXIT
Riverina,NSW,250,IND,ALP+LNP+ON,ON,1552.0507162494573,6909.0,0.22464187527130663,PROPORTIONAL_PRIMARY_ORIGIN_PASS_THROUGH,ALL_CATEGORY_PRIMARY_VOTES_TRACED_PROPORTIONALLY,1,Jenny Rolfe,IND_PROMINENT,CENTRE_LEFT,1.0,1.0,1.0,False,AEC_CANDIDATE_ROUNDS_CATEGORY_EXIT
Riverina,NSW,250,ON,ALP+LNP,ALP,3782.643771938146,10427.0,0.36277393036713784,PROPORTIONAL_PRIMARY_ORIGIN_PASS_THROUGH,ALL_CATEGORY_PRIMARY_VOTES_TRACED_PROPORTIONALLY,1,Mark Craig,ON,,1.0,1.0,1.0,False,AEC_CANDIDATE_ROUNDS_CATEGORY_EXIT
Riverina,NSW,250,ON,ALP+LNP,LNP,6644.3562280618535,10427.0,0.6372260696328622,PROPORTIONAL_PRIMARY_ORIGIN_PASS_THROUGH,ALL_CATEGORY_PRIMARY_VOTES_TRACED_PROPORTIONALLY,1,Mark Craig,ON,,1.0,1.0,1.0,False,AEC_CANDIDATE_ROUNDS_CATEGORY_EXIT
Riverina,NSW,250,OTH,ALP+IND+LNP+ON,ALP,3575.824023285304,21550.0,0.16593150920117422,PROPORTIONAL_PRIMARY_ORIGIN_PASS_THROUGH,ALL_CATEGORY_PRIMARY_VOTES_TRACED_PROPORTIONALLY,8,James Gooden,IND_MINOR,CENTRE_RIGHT,0.2357308584686775,1.0,1.0,False,AEC_CANDIDATE_ROUNDS_CATEGORY_EXIT
Riverina,NSW,250,OTH,ALP+IND+LNP+ON,IND,5732.053534276022,21550.0,0.26598856307545354,PROPORTIONAL_PRIMARY_ORIGIN_PASS_THROUGH,ALL_CATEGORY_PRIMARY_VOTES_TRACED_PROPORTIONALLY,8,James Gooden,IND_MINOR,CENTRE_RIGHT,0.2357308584686775,1.0,1.0,False,AEC_CANDIDATE_ROUNDS_CATEGORY_EXIT
Riverina,NSW,250,OTH,ALP+IND+LNP+ON,LNP,5229.45218923254,21550.0,0.24266599485997864,PROPORTIONAL_PRIMARY_ORIGIN_PASS_THROUGH,ALL_CATEGORY_PRIMARY_VOTES_TRACED_PROPORTIONALLY,8,James Gooden,IND_MINOR,CENTRE_RIGHT,0.2357308584686775,1.0,1.0,False,AEC_CANDIDATE_ROUNDS_CATEGORY_EXIT
Riverina,NSW,250,OTH,ALP+IND+LNP+ON,ON,7012.670253206134,21550.0,0.32541393286339365,PROPORTIONAL_PRIMARY_ORIGIN_PASS_THROUGH,ALL_CATEGORY_PRIMARY_VOTES_TRACED_PROPORTIONALLY,8,James Gooden,IND_MINOR,CENTRE_RIGHT,0.2357308584686775,1.0,1.0,False,AEC_CANDIDATE_ROUNDS_CATEGORY_EXIT
Robertson,NSW,146,GRN,ALP+LNP,ALP,7169.384078009024,9119.0,0.7862028816766119,PROPORTIONAL_PRIMARY_ORIGIN_PASS_THROUGH,ALL_CATEGORY_PRIMARY_VOTES_TRACED_PROPORTIONALLY,1,Cheryl Wallace,GRN,,1.0,1.0,1.0,False,AEC_CANDIDATE_ROUNDS_CATEGORY_EXIT
Robertson,NSW,146,GRN,ALP+LNP,LNP,1949.6159219909769,9119.0,0.2137971183233881,PROPORTIONAL_PRIMARY_ORIGIN_PASS_THROUGH,ALL_CATEGORY_PRIMARY_VOTES_TRACED_PROPORTIONALLY,1,Cheryl Wallace,GRN,,1.0,1.0,1.0,False,AEC_CANDIDATE_ROUNDS_CATEGORY_EXIT
Robertson,NSW,146,ON,ALP+GRN+LNP,ALP,1165.6897908469662,7032.0,0.1657693104162352,PROPORTIONAL_PRIMARY_ORIGIN_PASS_THROUGH,ALL_CATEGORY_PRIMARY_VOTES_TRACED_PROPORTIONALLY,1,Matt Lloyd,ON,,1.0,1.0,1.0,False,AEC_CANDIDATE_ROUNDS_CATEGORY_EXIT
Robertson,NSW,146,ON,ALP+GRN+LNP,GRN,1523.1874094015325,7032.0,0.2166079933733692,PROPORTIONAL_PRIMARY_ORIGIN_PASS_THROUGH,ALL_CATEGORY_PRIMARY_VOTES_TRACED_PROPORTIONALLY,1,Matt Lloyd,ON,,1.0,1.0,1.0,False,AEC_CANDIDATE_ROUNDS_CATEGORY_EXIT
Robertson,NSW,146,ON,ALP+GRN+LNP,LNP,4343.122799751502,7032.0,0.6176226962103956,PROPORTIONAL_PRIMARY_ORIGIN_PASS_THROUGH,ALL_CATEGORY_PRIMARY_VOTES_TRACED_PROPORTIONALLY,1,Matt Lloyd,ON,,1.0,1.0,1.0,False,AEC_CANDIDATE_ROUNDS_CATEGORY_EXIT
Robertson,NSW,146,OTH,ALP+GRN+LNP+ON,ALP,2419.0,9070.0,0.26670341786108054,PROPORTIONAL_PRIMARY_ORIGIN_PASS_THROUGH,ALL_CATEGORY_PRIMARY_VOTES_TRACED_PROPORTIONALLY,3,Tom Lillicrap,OTH_HMP,CENTRE_LEFT,0.3855567805953693,1.0,1.0,False,AEC_CANDIDATE_ROUNDS_CATEGORY_EXIT
Robertson,NSW,146,OTH,ALP+GRN+LNP+ON,GRN,2531.0,9070.0,0.27905181918412353,PROPORTIONAL_PRIMARY_ORIGIN_PASS_THROUGH,ALL_CATEGORY_PRIMARY_VOTES_TRACED_PROPORTIONALLY,3,Tom Lillicrap,OTH_HMP,CENTRE_LEFT,0.3855567805953693,1.0,1.0,False,AEC_CANDIDATE_ROUNDS_CATEGORY_EXIT
Robertson,NSW,146,OTH,ALP+GRN+LNP+ON,LNP,1494.0,9070.0,0.16471885336273423,PROPORTIONAL_PRIMARY_ORIGIN_PASS_THROUGH,ALL_CATEGORY_PRIMARY_VOTES_TRACED_PROPORTIONALLY,3,Tom Lillicrap,OTH_HMP,CENTRE_LEFT,0.3855567805953693,1.0,1.0,False,AEC_CANDIDATE_ROUNDS_CATEGORY_EXIT
Robertson,NSW,146,OTH,ALP+GRN+LNP+ON,ON,2626.0,9070.0,0.28952590959206176,PROPORTIONAL_PRIMARY_ORIGIN_PASS_THROUGH,ALL_CATEGORY_PRIMARY_VOTES_TRACED_PROPORTIONALLY,3,Tom Lillicrap,OTH_HMP,CENTRE_LEFT,0.3855567805953693,1.0,1.0,False,AEC_CANDIDATE_ROUNDS_CATEGORY_EXIT
Shortland,NSW,148,GRN,ALP+LNP,ALP,9560.67088607595,12257.0,0.7800172053582402,PROPORTIONAL_PRIMARY_ORIGIN_PASS_THROUGH,ALL_CATEGORY_PRIMARY_VOTES_TRACED_PROPORTIONALLY,1,Therese Doyle,GRN,,1.0,1.0,1.0,False,AEC_CANDIDATE_ROUNDS_CATEGORY_EXIT
Shortland,NSW,148,GRN,ALP+LNP,LNP,2696.3291139240505,12257.0,0.2199827946417598,PROPORTIONAL_PRIMARY_ORIGIN_PASS_THROUGH,ALL_CATEGORY_PRIMARY_VOTES_TRACED_PROPORTIONALLY,1,Therese Doyle,GRN,,1.0,1.0,1.0,False,AEC_CANDIDATE_ROUNDS_CATEGORY_EXIT
Shortland,NSW,148,ON,ALP+GRN+LNP,ALP,2158.681473620376,9813.0,0.219981807155852,PROPORTIONAL_PRIMARY_ORIGIN_PASS_THROUGH,ALL_CATEGORY_PRIMARY_VOTES_TRACED_PROPORTIONALLY,1,Barry Reed,ON,,1.0,1.0,1.0,False,AEC_CANDIDATE_ROUNDS_CATEGORY_EXIT
Shortland,NSW,148,ON,ALP+GRN+LNP,GRN,1609.7128562765313,9813.0,0.164038811400849,PROPORTIONAL_PRIMARY_ORIGIN_PASS_THROUGH,ALL_CATEGORY_PRIMARY_VOTES_TRACED_PROPORTIONALLY,1,Barry Reed,ON,,1.0,1.0,1.0,False,AEC_CANDIDATE_ROUNDS_CATEGORY_EXIT
Shortland,NSW,148,ON,ALP+GRN+LNP,LNP,6044.605670103093,9813.0,0.615979381443299,PROPORTIONAL_PRIMARY_ORIGIN_PASS_THROUGH,ALL_CATEGORY_PRIMARY_VOTES_TRACED_PROPORTIONALLY,1,Barry Reed,ON,,1.0,1.0,1.0,False,AEC_CANDIDATE_ROUNDS_CATEGORY_EXIT
Shortland,NSW,148,OTH,ALP+GRN+LNP+ON,ALP,2676.0,9485.0,0.28212967843964154,PROPORTIONAL_PRIMARY_ORIGIN_PASS_THROUGH,ALL_CATEGORY_PRIMARY_VOTES_TRACED_PROPORTIONALLY,3,James Pheils,IND_MINOR,CENTRE_LEFT,0.5065893516078018,1.0,1.0,False,AEC_CANDIDATE_ROUNDS_CATEGORY_EXIT
Shortland,NSW,148,OTH,ALP+GRN+LNP+ON,GRN,1853.0,9485.0,0.19536109646810754,PROPORTIONAL_PRIMARY_ORIGIN_PASS_THROUGH,ALL_CATEGORY_PRIMARY_VOTES_TRACED_PROPORTIONALLY,3,James Pheils,IND_MINOR,CENTRE_LEFT,0.5065893516078018,1.0,1.0,False,AEC_CANDIDATE_ROUNDS_CATEGORY_EXIT
Shortland,NSW,148,OTH,ALP+GRN+LNP+ON,LNP,1577.0,9485.0,0.16626251976805484,PROPORTIONAL_PRIMARY_ORIGIN_PASS_THROUGH,ALL_CATEGORY_PRIMARY_VOTES_TRACED_PROPORTIONALLY,3,James Pheils,IND_MINOR,CENTRE_LEFT,0.5065893516078018,1.0,1.0,False,AEC_CANDIDATE_ROUNDS_CATEGORY_EXIT
Shortland,NSW,148,OTH,ALP+GRN+LNP+ON,ON,3379.0,9485.0,0.35624670532419617,PROPORTIONAL_PRIMARY_ORIGIN_PASS_THROUGH,ALL_CATEGORY_PRIMARY_VOTES_TRACED_PROPORTIONALLY,3,James Pheils,IND_MINOR,CENTRE_LEFT,0.5065893516078018,1.0,1.0,False,AEC_CANDIDATE_ROUNDS_CATEGORY_EXIT
Sydney,NSW,149,LNP,ALP+GRN,ALP,13737.081552951986,18860.0,0.7283712382265105,PROPORTIONAL_PRIMARY_ORIGIN_PASS_THROUGH,ALL_CATEGORY_PRIMARY_VOTES_TRACED_PROPORTIONALLY,1,Alex Xu,LIB,,1.0,1.0,1.0,False,AEC_CANDIDATE_ROUNDS_CATEGORY_EXIT
Sydney,NSW,149,LNP,ALP+GRN,GRN,5122.918447048013,18860.0,0.27162876177348955,PROPORTIONAL_PRIMARY_ORIGIN_PASS_THROUGH,ALL_CATEGORY_PRIMARY_VOTES_TRACED_PROPORTIONALLY,1,Alex Xu,LIB,,1.0,1.0,1.0,False,AEC_CANDIDATE_ROUNDS_CATEGORY_EXIT
Sydney,NSW,149,ON,ALP+GRN+LNP,ALP,564.0046451612903,3698.0,0.15251612903225803,PROPORTIONAL_PRIMARY_ORIGIN_PASS_THROUGH,ALL_CATEGORY_PRIMARY_VOTES_TRACED_PROPORTIONALLY,1,Vedran Torbarac,ON,,1.0,1.0,1.0,False,AEC_CANDIDATE_ROUNDS_CATEGORY_EXIT
Sydney,NSW,149,ON,ALP+GRN+LNP,GRN,514.3798709677419,3698.0,0.13909677419354832,PROPORTIONAL_PRIMARY_ORIGIN_PASS_THROUGH,ALL_CATEGORY_PRIMARY_VOTES_TRACED_PROPORTIONALLY,1,Vedran Torbarac,ON,,1.0,1.0,1.0,False,AEC_CANDIDATE_ROUNDS_CATEGORY_EXIT
Sydney,NSW,149,ON,ALP+GRN+LNP,LNP,2619.6154838709676,3698.0,0.7083870967741936,PROPORTIONAL_PRIMARY_ORIGIN_PASS_THROUGH,ALL_CATEGORY_PRIMARY_VOTES_TRACED_PROPORTIONALLY,1,Vedran Torbarac,ON,,1.0,1.0,1.0,False,AEC_CANDIDATE_ROUNDS_CATEGORY_EXIT
Sydney,NSW,149,OTH,ALP+GRN+LNP+ON,ALP,492.0,2376.0,0.20707070707070704,PROPORTIONAL_PRIMARY_ORIGIN_PASS_THROUGH,ALL_CATEGORY_PRIMARY_VOTES_TRACED_PROPORTIONALLY,1,Rachel Evans,OTH_SAL,LEFT,1.0,1.0,1.0,False,AEC_CANDIDATE_ROUNDS_CATEGORY_EXIT
Sydney,NSW,149,OTH,ALP+GRN+LNP+ON,GRN,1547.0,2376.0,0.6510942760942762,PROPORTIONAL_PRIMARY_ORIGIN_PASS_THROUGH,ALL_CATEGORY_PRIMARY_VOTES_TRACED_PROPORTIONALLY,1,Rachel Evans,OTH_SAL,LEFT,1.0,1.0,1.0,False,AEC_CANDIDATE_ROUNDS_CATEGORY_EXIT
Sydney,NSW,149,OTH,ALP+GRN+LNP+ON,LNP,160.0,2376.0,0.06734006734006731,PROPORTIONAL_PRIMARY_ORIGIN_PASS_THROUGH,ALL_CATEGORY_PRIMARY_VOTES_TRACED_PROPORTIONALLY,1,Rachel Evans,OTH_SAL,LEFT,1.0,1.0,1.0,False,AEC_CANDIDATE_ROUNDS_CATEGORY_EXIT
Sydney,NSW,149,OTH,ALP+GRN+LNP+ON,ON,176.99999999999997,2376.0,0.07449494949494942,PROPORTIONAL_PRIMARY_ORIGIN_PASS_THROUGH,ALL_CATEGORY_PRIMARY_VOTES_TRACED_PROPORTIONALLY,1,Rachel Evans,OTH_SAL,LEFT,1.0,1.0,1.0,False,AEC_CANDIDATE_ROUNDS_CATEGORY_EXIT
Warringah,NSW,151,ALP,IND+LNP,IND,13642.203407984422,16738.0,0.8150438169425512,PROPORTIONAL_PRIMARY_ORIGIN_PASS_THROUGH,ALL_CATEGORY_PRIMARY_VOTES_TRACED_PROPORTIONALLY,1,Celine Varghese-Fell,ALP,,1.0,1.0,1.0,False,AEC_CANDIDATE_ROUNDS_CATEGORY_EXIT
Warringah,NSW,151,ALP,IND+LNP,LNP,3095.7965920155793,16738.0,0.18495618305744882,PROPORTIONAL_PRIMARY_ORIGIN_PASS_THROUGH,ALL_CATEGORY_PRIMARY_VOTES_TRACED_PROPORTIONALLY,1,Celine Varghese-Fell,ALP,,1.0,1.0,1.0,False,AEC_CANDIDATE_ROUNDS_CATEGORY_EXIT
Warringah,NSW,151,GRN,ALP+IND+LNP,ALP,3019.6915843465044,10051.0,0.3004369300911854,PROPORTIONAL_PRIMARY_ORIGIN_PASS_THROUGH,ALL_CATEGORY_PRIMARY_VOTES_TRACED_PROPORTIONALLY,1,Bonnie Harvey,GRN,,1.0,1.0,1.0,False,AEC_CANDIDATE_ROUNDS_CATEGORY_EXIT
Warringah,NSW,151,GRN,ALP+IND+LNP,IND,6279.96561550152,10051.0,0.6248100303951368,PROPORTIONAL_PRIMARY_ORIGIN_PASS_THROUGH,ALL_CATEGORY_PRIMARY_VOTES_TRACED_PROPORTIONALLY,1,Bonnie Harvey,GRN,,1.0,1.0,1.0,False,AEC_CANDIDATE_ROUNDS_CATEGORY_EXIT
Warringah,NSW,151,GRN,ALP+IND+LNP,LNP,751.3428001519758,10051.0,0.0747530395136778,PROPORTIONAL_PRIMARY_ORIGIN_PASS_THROUGH,ALL_CATEGORY_PRIMARY_VOTES_TRACED_PROPORTIONALLY,1,Bonnie Harvey,GRN,,1.0,1.0,1.0,False,AEC_CANDIDATE_ROUNDS_CATEGORY_EXIT
Warringah,NSW,151,ON,ALP+GRN+IND+LNP,ALP,135.81433672068113,1978.0,0.06866245536940402,PROPORTIONAL_PRIMARY_ORIGIN_PASS_THROUGH,ALL_CATEGORY_PRIMARY_VOTES_TRACED_PROPORTIONALLY,1,Gavin Wright,ON,,1.0,1.0,1.0,False,AEC_CANDIDATE_ROUNDS_CATEGORY_EXIT
Warringah,NSW,151,ON,ALP+GRN+IND+LNP,GRN,130.9250205987366,1978.0,0.06619060697610542,PROPORTIONAL_PRIMARY_ORIGIN_PASS_THROUGH,ALL_CATEGORY_PRIMARY_VOTES_TRACED_PROPORTIONALLY,1,Gavin Wright,ON,,1.0,1.0,1.0,False,AEC_CANDIDATE_ROUNDS_CATEGORY_EXIT
Warringah,NSW,151,ON,ALP+GRN+IND+LNP,IND,345.5116726174128,1978.0,0.17467728645976383,PROPORTIONAL_PRIMARY_ORIGIN_PASS_THROUGH,ALL_CATEGORY_PRIMARY_VOTES_TRACED_PROPORTIONALLY,1,Gavin Wright,ON,,1.0,1.0,1.0,False,AEC_CANDIDATE_ROUNDS_CATEGORY_EXIT
Warringah,NSW,151,ON,ALP+GRN+IND+LNP,LNP,1365.7489700631695,1978.0,0.6904696511947268,PROPORTIONAL_PRIMARY_ORIGIN_PASS_THROUGH,ALL_CATEGORY_PRIMARY_VOTES_TRACED_PROPORTIONALLY,1,Gavin Wright,ON,,1.0,1.0,1.0,False,AEC_CANDIDATE_ROUNDS_CATEGORY_EXIT
Warringah,NSW,151,OTH,ALP+GRN+IND+LNP+ON,ALP,389.0,4092.0,0.0950635386119257,PROPORTIONAL_PRIMARY_ORIGIN_PASS_THROUGH,ALL_CATEGORY_PRIMARY_VOTES_TRACED_PROPORTIONALLY,3,Sean Mcleod,OTH_LTP,RIGHT,0.3675464320625611,1.0,1.0,False,AEC_CANDIDATE_ROUNDS_CATEGORY_EXIT
Warringah,NSW,151,OTH,ALP+GRN+IND+LNP+ON,GRN,236.0,4092.0,0.0576735092864125,PROPORTIONAL_PRIMARY_ORIGIN_PASS_THROUGH,ALL_CATEGORY_PRIMARY_VOTES_TRACED_PROPORTIONALLY,3,Sean Mcleod,OTH_LTP,RIGHT,0.3675464320625611,1.0,1.0,False,AEC_CANDIDATE_ROUNDS_CATEGORY_EXIT
Warringah,NSW,151,OTH,ALP+GRN+IND+LNP+ON,IND,773.0000000000001,4092.0,0.1889051808406647,PROPORTIONAL_PRIMARY_ORIGIN_PASS_THROUGH,ALL_CATEGORY_PRIMARY_VOTES_TRACED_PROPORTIONALLY,3,Sean Mcleod,OTH_LTP,RIGHT,0.3675464320625611,1.0,1.0,False,AEC_CANDIDATE_ROUNDS_CATEGORY_EXIT
Warringah,NSW,151,OTH,ALP+GRN+IND+LNP+ON,LNP,1031.0,4092.0,0.2519550342130987,PROPORTIONAL_PRIMARY_ORIGIN_PASS_THROUGH,ALL_CATEGORY_PRIMARY_VOTES_TRACED_PROPORTIONALLY,3,Sean Mcleod,OTH_LTP,RIGHT,0.3675464320625611,1.0,1.0,False,AEC_CANDIDATE_ROUNDS_CATEGORY_EXIT
Warringah,NSW,151,OTH,ALP+GRN+IND+LNP+ON,ON,1663.0,4092.0,0.4064027370478983,PROPORTIONAL_PRIMARY_ORIGIN_PASS_THROUGH,ALL_CATEGORY_PRIMARY_VOTES_TRACED_PROPORTIONALLY,3,Sean Mcleod,OTH_LTP,RIGHT,0.3675464320625611,1.0,1.0,False,AEC_CANDIDATE_ROUNDS_CATEGORY_EXIT
Watson,NSW,251,GRN,ALP+IND+LNP,ALP,3762.7356888837903,7399.0,0.5085465182975795,PROPORTIONAL_PRIMARY_ORIGIN_PASS_THROUGH,ALL_CATEGORY_PRIMARY_VOTES_TRACED_PROPORTIONALLY,1,Jocelyn Brewer,GRN,,1.0,1.0,1.0,False,AEC_CANDIDATE_ROUNDS_CATEGORY_EXIT
Watson,NSW,251,GRN,ALP+IND+LNP,IND,2751.8134679362165,7399.0,0.3719169439027188,PROPORTIONAL_PRIMARY_ORIGIN_PASS_THROUGH,ALL_CATEGORY_PRIMARY_VOTES_TRACED_PROPORTIONALLY,1,Jocelyn Brewer,GRN,,1.0,1.0,1.0,False,AEC_CANDIDATE_ROUNDS_CATEGORY_EXIT
Watson,NSW,251,GRN,ALP+IND+LNP,LNP,884.4508431799932,7399.0,0.1195365377997017,PROPORTIONAL_PRIMARY_ORIGIN_PASS_THROUGH,ALL_CATEGORY_PRIMARY_VOTES_TRACED_PROPORTIONALLY,1,Jocelyn Brewer,GRN,,1.0,1.0,1.0,False,AEC_CANDIDATE_ROUNDS_CATEGORY_EXIT
Watson,NSW,251,LNP,ALP+IND,ALP,6091.277980813156,12585.0,0.4840109639104614,PROPORTIONAL_PRIMARY_ORIGIN_PASS_THROUGH,ALL_CATEGORY_PRIMARY_VOTES_TRACED_PROPORTIONALLY,1,Zakir Alam,LIB,,1.0,1.0,1.0,False,AEC_CANDIDATE_ROUNDS_CATEGORY_EXIT
Watson,NSW,251,LNP,ALP+IND,IND,6493.722019186844,12585.0,0.5159890360895386,PROPORTIONAL_PRIMARY_ORIGIN_PASS_THROUGH,ALL_CATEGORY_PRIMARY_VOTES_TRACED_PROPORTIONALLY,1,Zakir Alam,LIB,,1.0,1.0,1.0,False,AEC_CANDIDATE_ROUNDS_CATEGORY_EXIT
Watson,NSW,251,ON,ALP+GRN+IND+LNP+OTH,ALP,375.29824561403507,2674.0,0.14035087719298242,PROPORTIONAL_PRIMARY_ORIGIN_PASS_THROUGH,ALL_CATEGORY_PRIMARY_VOTES_TRACED_PROPORTIONALLY,1,Elisha Trevena,ON,,1.0,1.0,1.0,False,AEC_CANDIDATE_ROUNDS_CATEGORY_EXIT
Watson,NSW,251,ON,ALP+GRN+IND+LNP+OTH,GRN,244.6655870445344,2674.0,0.09149797570850202,PROPORTIONAL_PRIMARY_ORIGIN_PASS_THROUGH,ALL_CATEGORY_PRIMARY_VOTES_TRACED_PROPORTIONALLY,1,Elisha Trevena,ON,,1.0,1.0,1.0,False,AEC_CANDIDATE_ROUNDS_CATEGORY_EXIT
Watson,NSW,251,ON,ALP+GRN+IND+LNP+OTH,IND,397.6717948717949,2674.0,0.14871794871794872,PROPORTIONAL_PRIMARY_ORIGIN_PASS_THROUGH,ALL_CATEGORY_PRIMARY_VOTES_TRACED_PROPORTIONALLY,1,Elisha Trevena,ON,,1.0,1.0,1.0,False,AEC_CANDIDATE_ROUNDS_CATEGORY_EXIT
Watson,NSW,251,ON,ALP+GRN+IND+LNP+OTH,LNP,966.3929824561404,2674.0,0.36140350877192984,PROPORTIONAL_PRIMARY_ORIGIN_PASS_THROUGH,ALL_CATEGORY_PRIMARY_VOTES_TRACED_PROPORTIONALLY,1,Elisha Trevena,ON,,1.0,1.0,1.0,False,AEC_CANDIDATE_ROUNDS_CATEGORY_EXIT
Watson,NSW,251,ON,ALP+GRN+IND+LNP+OTH,OTH,689.9713900134952,2674.0,0.25802968960863704,PROPORTIONAL_PRIMARY_ORIGIN_PASS_THROUGH,ALL_CATEGORY_PRIMARY_VOTES_TRACED_PROPORTIONALLY,1,Elisha Trevena,ON,,1.0,1.0,1.0,False,AEC_CANDIDATE_ROUNDS_CATEGORY_EXIT
Watson,NSW,251,OTH,ALP+GRN+IND+LNP,ALP,1894.9890096510385,8204.0,0.2309835457887663,PROPORTIONAL_PRIMARY_ORIGIN_PASS_THROUGH,ALL_CATEGORY_PRIMARY_VOTES_TRACED_PROPORTIONALLY,4,Vanessa Hadchiti,OTH_LTP,RIGHT,0.4338127742564602,1.0,1.0,False,AEC_CANDIDATE_ROUNDS_CATEGORY_EXIT
Watson,NSW,251,OTH,ALP+GRN+IND+LNP,GRN,1034.0201914030404,8204.0,0.12603854112665044,PROPORTIONAL_PRIMARY_ORIGIN_PASS_THROUGH,ALL_CATEGORY_PRIMARY_VOTES_TRACED_PROPORTIONALLY,4,Vanessa Hadchiti,OTH_LTP,RIGHT,0.4338127742564602,1.0,1.0,False,AEC_CANDIDATE_ROUNDS_CATEGORY_EXIT
Watson,NSW,251,OTH,ALP+GRN+IND+LNP,IND,2589.5484033427415,8204.0,0.3156446127916555,PROPORTIONAL_PRIMARY_ORIGIN_PASS_THROUGH,ALL_CATEGORY_PRIMARY_VOTES_TRACED_PROPORTIONALLY,4,Vanessa Hadchiti,OTH_LTP,RIGHT,0.4338127742564602,1.0,1.0,False,AEC_CANDIDATE_ROUNDS_CATEGORY_EXIT
Watson,NSW,251,OTH,ALP+GRN+IND+LNP,LNP,2685.442395603179,8204.0,0.3273333002929278,PROPORTIONAL_PRIMARY_ORIGIN_PASS_THROUGH,ALL_CATEGORY_PRIMARY_VOTES_TRACED_PROPORTIONALLY,4,Vanessa Hadchiti,OTH_LTP,RIGHT,0.4338127742564602,1.0,1.0,False,AEC_CANDIDATE_ROUNDS_CATEGORY_EXIT
Wentworth,NSW,152,ALP,IND+LNP,IND,12511.079680862087,14779.0,0.8465443995440887,PROPORTIONAL_PRIMARY_ORIGIN_PASS_THROUGH,ALL_CATEGORY_PRIMARY_VOTES_TRACED_PROPORTIONALLY,1,Savanna Peake,ALP,,1.0,1.0,1.0,False,AEC_CANDIDATE_ROUNDS_CATEGORY_EXIT
Wentworth,NSW,152,ALP,IND+LNP,LNP,2267.9203191379133,14779.0,0.1534556004559113,PROPORTIONAL_PRIMARY_ORIGIN_PASS_THROUGH,ALL_CATEGORY_PRIMARY_VOTES_TRACED_PROPORTIONALLY,1,Savanna Peake,ALP,,1.0,1.0,1.0,False,AEC_CANDIDATE_ROUNDS_CATEGORY_EXIT
Wentworth,NSW,152,GRN,ALP+IND+LNP,ALP,3986.170212765958,11241.0,0.3546099290780142,PROPORTIONAL_PRIMARY_ORIGIN_PASS_THROUGH,ALL_CATEGORY_PRIMARY_VOTES_TRACED_PROPORTIONALLY,1,Nick Ward,GRN,,1.0,1.0,1.0,False,AEC_CANDIDATE_ROUNDS_CATEGORY_EXIT
Wentworth,NSW,152,GRN,ALP+IND+LNP,IND,6541.115501519757,11241.0,0.5818980074299224,PROPORTIONAL_PRIMARY_ORIGIN_PASS_THROUGH,ALL_CATEGORY_PRIMARY_VOTES_TRACED_PROPORTIONALLY,1,Nick Ward,GRN,,1.0,1.0,1.0,False,AEC_CANDIDATE_ROUNDS_CATEGORY_EXIT
Wentworth,NSW,152,GRN,ALP+IND+LNP,LNP,713.7142857142857,11241.0,0.0634920634920634,PROPORTIONAL_PRIMARY_ORIGIN_PASS_THROUGH,ALL_CATEGORY_PRIMARY_VOTES_TRACED_PROPORTIONALLY,1,Nick Ward,GRN,,1.0,1.0,1.0,False,AEC_CANDIDATE_ROUNDS_CATEGORY_EXIT
Wentworth,NSW,152,ON,ALP+GRN+IND+LNP,ALP,184.50479233226835,2625.0,0.07028753993610222,PROPORTIONAL_PRIMARY_ORIGIN_PASS_THROUGH,ALL_CATEGORY_PRIMARY_VOTES_TRACED_PROPORTIONALLY,1,James Sternhell,ON,,1.0,1.0,1.0,False,AEC_CANDIDATE_ROUNDS_CATEGORY_EXIT
Wentworth,NSW,152,ON,ALP+GRN+IND+LNP,GRN,209.66453674121405,2625.0,0.07987220447284342,PROPORTIONAL_PRIMARY_ORIGIN_PASS_THROUGH,ALL_CATEGORY_PRIMARY_VOTES_TRACED_PROPORTIONALLY,1,James Sternhell,ON,,1.0,1.0,1.0,False,AEC_CANDIDATE_ROUNDS_CATEGORY_EXIT
Wentworth,NSW,152,ON,ALP+GRN+IND+LNP,IND,467.78487752928646,2625.0,0.17820376286829961,PROPORTIONAL_PRIMARY_ORIGIN_PASS_THROUGH,ALL_CATEGORY_PRIMARY_VOTES_TRACED_PROPORTIONALLY,1,James Sternhell,ON,,1.0,1.0,1.0,False,AEC_CANDIDATE_ROUNDS_CATEGORY_EXIT
Wentworth,NSW,152,ON,ALP+GRN+IND+LNP,LNP,1763.0457933972311,2625.0,0.6716364927227548,PROPORTIONAL_PRIMARY_ORIGIN_PASS_THROUGH,ALL_CATEGORY_PRIMARY_VOTES_TRACED_PROPORTIONALLY,1,James Sternhell,ON,,1.0,1.0,1.0,False,AEC_CANDIDATE_ROUNDS_CATEGORY_EXIT
Wentworth,NSW,152,OTH,ALP+GRN+IND+LNP+ON,ALP,125.0,1347.0,0.09279881217520411,PROPORTIONAL_PRIMARY_ORIGIN_PASS_THROUGH,ALL_CATEGORY_PRIMARY_VOTES_TRACED_PROPORTIONALLY,1,Michael Richmond,IND_MINOR,CENTRE,1.0,1.0,1.0,False,AEC_CANDIDATE_ROUNDS_CATEGORY_EXIT
Wentworth,NSW,152,OTH,ALP+GRN+IND+LNP+ON,GRN,378.0,1347.0,0.28062360801781744,PROPORTIONAL_PRIMARY_ORIGIN_PASS_THROUGH,ALL_CATEGORY_PRIMARY_VOTES_TRACED_PROPORTIONALLY,1,Michael Richmond,IND_MINOR,CENTRE,1.0,1.0,1.0,False,AEC_CANDIDATE_ROUNDS_CATEGORY_EXIT
Wentworth,NSW,152,OTH,ALP+GRN+IND+LNP+ON,IND,411.0,1347.0,0.30512249443207135,PROPORTIONAL_PRIMARY_ORIGIN_PASS_THROUGH,ALL_CATEGORY_PRIMARY_VOTES_TRACED_PROPORTIONALLY,1,Michael Richmond,IND_MINOR,CENTRE,1.0,1.0,1.0,False,AEC_CANDIDATE_ROUNDS_CATEGORY_EXIT
Wentworth,NSW,152,OTH,ALP+GRN+IND+LNP+ON,LNP,241.0,1347.0,0.17891610987379364,PROPORTIONAL_PRIMARY_ORIGIN_PASS_THROUGH,ALL_CATEGORY_PRIMARY_VOTES_TRACED_PROPORTIONALLY,1,Michael Richmond,IND_MINOR,CENTRE,1.0,1.0,1.0,False,AEC_CANDIDATE_ROUNDS_CATEGORY_EXIT
Wentworth,NSW,152,OTH,ALP+GRN+IND+LNP+ON,ON,192.0,1347.0,0.14253897550111352,PROPORTIONAL_PRIMARY_ORIGIN_PASS_THROUGH,ALL_CATEGORY_PRIMARY_VOTES_TRACED_PROPORTIONALLY,1,Michael Richmond,IND_MINOR,CENTRE,1.0,1.0,1.0,False,AEC_CANDIDATE_ROUNDS_CATEGORY_EXIT
Werriwa,NSW,153,GRN,ALP+LNP,ALP,7084.353103448277,9747.0,0.7268239564428313,PROPORTIONAL_PRIMARY_ORIGIN_PASS_THROUGH,ALL_CATEGORY_PRIMARY_VOTES_TRACED_PROPORTIONALLY,1,Janet Rebecca Castle,GRN,,1.0,1.0,1.0,False,AEC_CANDIDATE_ROUNDS_CATEGORY_EXIT
Werriwa,NSW,153,GRN,ALP+LNP,LNP,2662.646896551724,9747.0,0.2731760435571688,PROPORTIONAL_PRIMARY_ORIGIN_PASS_THROUGH,ALL_CATEGORY_PRIMARY_VOTES_TRACED_PROPORTIONALLY,1,Janet Rebecca Castle,GRN,,1.0,1.0,1.0,False,AEC_CANDIDATE_ROUNDS_CATEGORY_EXIT
Werriwa,NSW,153,ON,ALP+GRN+LNP,ALP,671.8119840592086,3499.0,0.19200113862795332,PROPORTIONAL_PRIMARY_ORIGIN_PASS_THROUGH,ALL_CATEGORY_PRIMARY_VOTES_TRACED_PROPORTIONALLY,1,Ian Cimera,ON,,1.0,1.0,1.0,False,AEC_CANDIDATE_ROUNDS_CATEGORY_EXIT
Werriwa,NSW,153,ON,ALP+GRN+LNP,GRN,769.4214346712212,3499.0,0.21989752348420152,PROPORTIONAL_PRIMARY_ORIGIN_PASS_THROUGH,ALL_CATEGORY_PRIMARY_VOTES_TRACED_PROPORTIONALLY,1,Ian Cimera,ON,,1.0,1.0,1.0,False,AEC_CANDIDATE_ROUNDS_CATEGORY_EXIT
Werriwa,NSW,153,ON,ALP+GRN+LNP,LNP,2057.76658126957,3499.0,0.5881013378878452,PROPORTIONAL_PRIMARY_ORIGIN_PASS_THROUGH,ALL_CATEGORY_PRIMARY_VOTES_TRACED_PROPORTIONALLY,1,Ian Cimera,ON,,1.0,1.0,1.0,False,AEC_CANDIDATE_ROUNDS_CATEGORY_EXIT
Werriwa,NSW,153,OTH,ALP+GRN+LNP+ON,ALP,2596.0,11580.0,0.22417962003454234,PROPORTIONAL_PRIMARY_ORIGIN_PASS_THROUGH,ALL_CATEGORY_PRIMARY_VOTES_TRACED_PROPORTIONALLY,5,Andrew Charles Murphy,OTH_HMP,CENTRE_LEFT,0.2594991364421416,1.0,1.0,False,AEC_CANDIDATE_ROUNDS_CATEGORY_EXIT
Werriwa,NSW,153,OTH,ALP+GRN+LNP+ON,GRN,2483.0,11580.0,0.21442141623488772,PROPORTIONAL_PRIMARY_ORIGIN_PASS_THROUGH,ALL_CATEGORY_PRIMARY_VOTES_TRACED_PROPORTIONALLY,5,Andrew Charles Murphy,OTH_HMP,CENTRE_LEFT,0.2594991364421416,1.0,1.0,False,AEC_CANDIDATE_ROUNDS_CATEGORY_EXIT
Werriwa,NSW,153,OTH,ALP+GRN+LNP+ON,LNP,2974.0,11580.0,0.2568221070811745,PROPORTIONAL_PRIMARY_ORIGIN_PASS_THROUGH,ALL_CATEGORY_PRIMARY_VOTES_TRACED_PROPORTIONALLY,5,Andrew Charles Murphy,OTH_HMP,CENTRE_LEFT,0.2594991364421416,1.0,1.0,False,AEC_CANDIDATE_ROUNDS_CATEGORY_EXIT
Werriwa,NSW,153,OTH,ALP+GRN+LNP+ON,ON,3527.0,11580.0,0.30457685664939554,PROPORTIONAL_PRIMARY_ORIGIN_PASS_THROUGH,ALL_CATEGORY_PRIMARY_VOTES_TRACED_PROPORTIONALLY,5,Andrew Charles Murphy,OTH_HMP,CENTRE_LEFT,0.2594991364421416,1.0,1.0,False,AEC_CANDIDATE_ROUNDS_CATEGORY_EXIT
Whitlam,NSW,150,GRN,ALP+LNP,ALP,9644.715061943056,13558.0,0.7113670941099761,PROPORTIONAL_PRIMARY_ORIGIN_PASS_THROUGH,ALL_CATEGORY_PRIMARY_VOTES_TRACED_PROPORTIONALLY,1,Jamie Dixon,GRN,,1.0,1.0,1.0,False,AEC_CANDIDATE_ROUNDS_CATEGORY_EXIT
Whitlam,NSW,150,GRN,ALP+LNP,LNP,3913.284938056944,13558.0,0.2886329058900239,PROPORTIONAL_PRIMARY_ORIGIN_PASS_THROUGH,ALL_CATEGORY_PRIMARY_VOTES_TRACED_PROPORTIONALLY,1,Jamie Dixon,GRN,,1.0,1.0,1.0,False,AEC_CANDIDATE_ROUNDS_CATEGORY_EXIT
Whitlam,NSW,150,ON,ALP+GRN+LNP,ALP,1911.334713309874,8379.0,0.22811012212792384,PROPORTIONAL_PRIMARY_ORIGIN_PASS_THROUGH,ALL_CATEGORY_PRIMARY_VOTES_TRACED_PROPORTIONALLY,1,Sharon Cousins,ON,,1.0,1.0,1.0,False,AEC_CANDIDATE_ROUNDS_CATEGORY_EXIT
Whitlam,NSW,150,ON,ALP+GRN+LNP,GRN,1502.5889049886152,8379.0,0.17932795142482572,PROPORTIONAL_PRIMARY_ORIGIN_PASS_THROUGH,ALL_CATEGORY_PRIMARY_VOTES_TRACED_PROPORTIONALLY,1,Sharon Cousins,ON,,1.0,1.0,1.0,False,AEC_CANDIDATE_ROUNDS_CATEGORY_EXIT
Whitlam,NSW,150,ON,ALP+GRN+LNP,LNP,4965.07638170151,8379.0,0.5925619264472505,PROPORTIONAL_PRIMARY_ORIGIN_PASS_THROUGH,ALL_CATEGORY_PRIMARY_VOTES_TRACED_PROPORTIONALLY,1,Sharon Cousins,ON,,1.0,1.0,1.0,False,AEC_CANDIDATE_ROUNDS_CATEGORY_EXIT
Whitlam,NSW,150,OTH,ALP+GRN+LNP+ON,ALP,2858.0,14241.0,0.20068815392177516,PROPORTIONAL_PRIMARY_ORIGIN_PASS_THROUGH,ALL_CATEGORY_PRIMARY_VOTES_TRACED_PROPORTIONALLY,6,Ben Britton,IND_MINOR,CENTRE_RIGHT,0.3683730075135173,1.0,1.0,False,AEC_CANDIDATE_ROUNDS_CATEGORY_EXIT
Whitlam,NSW,150,OTH,ALP+GRN+LNP+ON,GRN,2247.0,14241.0,0.15778386349273224,PROPORTIONAL_PRIMARY_ORIGIN_PASS_THROUGH,ALL_CATEGORY_PRIMARY_VOTES_TRACED_PROPORTIONALLY,6,Ben Britton,IND_MINOR,CENTRE_RIGHT,0.3683730075135173,1.0,1.0,False,AEC_CANDIDATE_ROUNDS_CATEGORY_EXIT
Whitlam,NSW,150,OTH,ALP+GRN+LNP+ON,LNP,3022.0,14241.0,0.21220419914331864,PROPORTIONAL_PRIMARY_ORIGIN_PASS_THROUGH,ALL_CATEGORY_PRIMARY_VOTES_TRACED_PROPORTIONALLY,6,Ben Britton,IND_MINOR,CENTRE_RIGHT,0.3683730075135173,1.0,1.0,False,AEC_CANDIDATE_ROUNDS_CATEGORY_EXIT
Whitlam,NSW,150,OTH,ALP+GRN+LNP+ON,ON,6113.999999999999,14241.0,0.42932378344217403,PROPORTIONAL_PRIMARY_ORIGIN_PASS_THROUGH,ALL_CATEGORY_PRIMARY_VOTES_TRACED_PROPORTIONALLY,6,Ben Britton,IND_MINOR,CENTRE_RIGHT,0.3683730075135173,1.0,1.0,False,AEC_CANDIDATE_ROUNDS_CATEGORY_EXIT
Lingiari,NT,306,GRN,ALP+LNP,ALP,3547.0597014925374,4646.0,0.763465282284231,PROPORTIONAL_PRIMARY_ORIGIN_PASS_THROUGH,ALL_CATEGORY_PRIMARY_VOTES_TRACED_PROPORTIONALLY,1,Blair Mcfarland,GRN,,1.0,1.0,1.0,False,AEC_CANDIDATE_ROUNDS_CATEGORY_EXIT
Lingiari,NT,306,GRN,ALP+LNP,LNP,1098.9402985074626,4646.0,0.2365347177157689,PROPORTIONAL_PRIMARY_ORIGIN_PASS_THROUGH,ALL_CATEGORY_PRIMARY_VOTES_TRACED_PROPORTIONALLY,1,Blair Mcfarland,GRN,,1.0,1.0,1.0,False,AEC_CANDIDATE_ROUNDS_CATEGORY_EXIT
Lingiari,NT,306,ON,ALP+GRN+LNP,ALP,566.8709182555336,4132.0,0.1371904448827526,PROPORTIONAL_PRIMARY_ORIGIN_PASS_THROUGH,ALL_CATEGORY_PRIMARY_VOTES_TRACED_PROPORTIONALLY,1,Sakellarios Bairamis,ON,,1.0,1.0,1.0,False,AEC_CANDIDATE_ROUNDS_CATEGORY_EXIT
Lingiari,NT,306,ON,ALP+GRN+LNP,GRN,659.2364672364672,4132.0,0.1595441595441595,PROPORTIONAL_PRIMARY_ORIGIN_PASS_THROUGH,ALL_CATEGORY_PRIMARY_VOTES_TRACED_PROPORTIONALLY,1,Sakellarios Bairamis,ON,,1.0,1.0,1.0,False,AEC_CANDIDATE_ROUNDS_CATEGORY_EXIT
Lingiari,NT,306,ON,ALP+GRN+LNP,LNP,2905.892614507999,4132.0,0.7032653955730879,PROPORTIONAL_PRIMARY_ORIGIN_PASS_THROUGH,ALL_CATEGORY_PRIMARY_VOTES_TRACED_PROPORTIONALLY,1,Sakellarios Bairamis,ON,,1.0,1.0,1.0,False,AEC_CANDIDATE_ROUNDS_CATEGORY_EXIT
Lingiari,NT,306,OTH,ALP+GRN+LNP+ON,ALP,820.0,2339.0,0.3505771697306541,PROPORTIONAL_PRIMARY_ORIGIN_PASS_THROUGH,ALL_CATEGORY_PRIMARY_VOTES_TRACED_PROPORTIONALLY,2,Chris Tomlins,OTH_IAP,LEFT,0.563061137238136,1.0,1.0,False,AEC_CANDIDATE_ROUNDS_CATEGORY_EXIT
Lingiari,NT,306,OTH,ALP+GRN+LNP+ON,GRN,790.0,2339.0,0.337751175716118,PROPORTIONAL_PRIMARY_ORIGIN_PASS_THROUGH,ALL_CATEGORY_PRIMARY_VOTES_TRACED_PROPORTIONALLY,2,Chris Tomlins,OTH_IAP,LEFT,0.563061137238136,1.0,1.0,False,AEC_CANDIDATE_ROUNDS_CATEGORY_EXIT
Lingiari,NT,306,OTH,ALP+GRN+LNP+ON,LNP,298.0,2339.0,0.1274048738777255,PROPORTIONAL_PRIMARY_ORIGIN_PASS_THROUGH,ALL_CATEGORY_PRIMARY_VOTES_TRACED_PROPORTIONALLY,2,Chris Tomlins,OTH_IAP,LEFT,0.563061137238136,1.0,1.0,False,AEC_CANDIDATE_ROUNDS_CATEGORY_EXIT
Lingiari,NT,306,OTH,ALP+GRN+LNP+ON,ON,431.0,2339.0,0.1842667806755023,PROPORTIONAL_PRIMARY_ORIGIN_PASS_THROUGH,ALL_CATEGORY_PRIMARY_VOTES_TRACED_PROPORTIONALLY,2,Chris Tomlins,OTH_IAP,LEFT,0.563061137238136,1.0,1.0,False,AEC_CANDIDATE_ROUNDS_CATEGORY_EXIT
Solomon,NT,307,GRN,ALP+IND+LNP,ALP,2395.7585784313724,6167.0,0.38848039215686275,PROPORTIONAL_PRIMARY_ORIGIN_PASS_THROUGH,ALL_CATEGORY_PRIMARY_VOTES_TRACED_PROPORTIONALLY,1,Jonathan Parry,GRN,,1.0,1.0,1.0,False,AEC_CANDIDATE_ROUNDS_CATEGORY_EXIT
Solomon,NT,307,GRN,ALP+IND+LNP,IND,2836.9333639705883,6167.0,0.46001838235294124,PROPORTIONAL_PRIMARY_ORIGIN_PASS_THROUGH,ALL_CATEGORY_PRIMARY_VOTES_TRACED_PROPORTIONALLY,1,Jonathan Parry,GRN,,1.0,1.0,1.0,False,AEC_CANDIDATE_ROUNDS_CATEGORY_EXIT
Solomon,NT,307,GRN,ALP+IND+LNP,LNP,934.3080575980392,6167.0,0.15150122549019604,PROPORTIONAL_PRIMARY_ORIGIN_PASS_THROUGH,ALL_CATEGORY_PRIMARY_VOTES_TRACED_PROPORTIONALLY,1,Jonathan Parry,GRN,,1.0,1.0,1.0,False,AEC_CANDIDATE_ROUNDS_CATEGORY_EXIT
Solomon,NT,307,IND,ALP+LNP,ALP,4901.535399304151,7501.0,0.6534509264503601,PROPORTIONAL_PRIMARY_ORIGIN_PASS_THROUGH,ALL_CATEGORY_PRIMARY_VOTES_TRACED_PROPORTIONALLY,1,Phil Scott,IND_PROMINENT,CENTRE_LEFT,1.0,1.0,1.0,False,AEC_CANDIDATE_ROUNDS_CATEGORY_EXIT
Solomon,NT,307,IND,ALP+LNP,LNP,2599.464600695849,7501.0,0.3465490735496399,PROPORTIONAL_PRIMARY_ORIGIN_PASS_THROUGH,ALL_CATEGORY_PRIMARY_VOTES_TRACED_PROPORTIONALLY,1,Phil Scott,IND_PROMINENT,CENTRE_LEFT,1.0,1.0,1.0,False,AEC_CANDIDATE_ROUNDS_CATEGORY_EXIT
Solomon,NT,307,ON,ALP+GRN+IND+LNP,ALP,307.2216702152827,4033.0,0.0761769576531819,PROPORTIONAL_PRIMARY_ORIGIN_PASS_THROUGH,ALL_CATEGORY_PRIMARY_VOTES_TRACED_PROPORTIONALLY,1,Benjamin Craker,ON,,1.0,1.0,1.0,False,AEC_CANDIDATE_ROUNDS_CATEGORY_EXIT
Solomon,NT,307,ON,ALP+GRN+IND+LNP,GRN,232.80151407617697,4033.0,0.0577241542465105,PROPORTIONAL_PRIMARY_ORIGIN_PASS_THROUGH,ALL_CATEGORY_PRIMARY_VOTES_TRACED_PROPORTIONALLY,1,Benjamin Craker,ON,,1.0,1.0,1.0,False,AEC_CANDIDATE_ROUNDS_CATEGORY_EXIT
Solomon,NT,307,ON,ALP+GRN+IND+LNP,IND,1331.9299739768155,4033.0,0.3302578660988881,PROPORTIONAL_PRIMARY_ORIGIN_PASS_THROUGH,ALL_CATEGORY_PRIMARY_VOTES_TRACED_PROPORTIONALLY,1,Benjamin Craker,ON,,1.0,1.0,1.0,False,AEC_CANDIDATE_ROUNDS_CATEGORY_EXIT
Solomon,NT,307,ON,ALP+GRN+IND+LNP,LNP,2161.0468417317247,4033.0,0.5358410220014195,PROPORTIONAL_PRIMARY_ORIGIN_PASS_THROUGH,ALL_CATEGORY_PRIMARY_VOTES_TRACED_PROPORTIONALLY,1,Benjamin Craker,ON,,1.0,1.0,1.0,False,AEC_CANDIDATE_ROUNDS_CATEGORY_EXIT
Solomon,NT,307,OTH,ALP+GRN+IND+LNP+ON,ALP,168.0,1036.0,0.16216216216216212,PROPORTIONAL_PRIMARY_ORIGIN_PASS_THROUGH,ALL_CATEGORY_PRIMARY_VOTES_TRACED_PROPORTIONALLY,2,Janey Davies,IND_MINOR,CENTRE,0.668918918918919,1.0,1.0,False,AEC_CANDIDATE_ROUNDS_CATEGORY_EXIT
Solomon,NT,307,OTH,ALP+GRN+IND+LNP+ON,GRN,117.0,1036.0,0.11293436293436293,PROPORTIONAL_PRIMARY_ORIGIN_PASS_THROUGH,ALL_CATEGORY_PRIMARY_VOTES_TRACED_PROPORTIONALLY,2,Janey Davies,IND_MINOR,CENTRE,0.668918918918919,1.0,1.0,False,AEC_CANDIDATE_ROUNDS_CATEGORY_EXIT
Solomon,NT,307,OTH,ALP+GRN+IND+LNP+ON,IND,459.0,1036.0,0.4430501930501931,PROPORTIONAL_PRIMARY_ORIGIN_PASS_THROUGH,ALL_CATEGORY_PRIMARY_VOTES_TRACED_PROPORTIONALLY,2,Janey Davies,IND_MINOR,CENTRE,0.668918918918919,1.0,1.0,False,AEC_CANDIDATE_ROUNDS_CATEGORY_EXIT
Solomon,NT,307,OTH,ALP+GRN+IND+LNP+ON,LNP,98.0,1036.0,0.09459459459459463,PROPORTIONAL_PRIMARY_ORIGIN_PASS_THROUGH,ALL_CATEGORY_PRIMARY_VOTES_TRACED_PROPORTIONALLY,2,Janey Davies,IND_MINOR,CENTRE,0.668918918918919,1.0,1.0,False,AEC_CANDIDATE_ROUNDS_CATEGORY_EXIT
Solomon,NT,307,OTH,ALP+GRN+IND+LNP+ON,ON,194.0,1036.0,0.18725868725868722,PROPORTIONAL_PRIMARY_ORIGIN_PASS_THROUGH,ALL_CATEGORY_PRIMARY_VOTES_TRACED_PROPORTIONALLY,2,Janey Davies,IND_MINOR,CENTRE,0.668918918918919,1.0,1.0,False,AEC_CANDIDATE_ROUNDS_CATEGORY_EXIT
Blair,QLD,304,GRN,ALP+LNP+ON,ALP,8745.843545471545,12104.0,0.7225581250389579,PROPORTIONAL_PRIMARY_ORIGIN_PASS_THROUGH,ALL_CATEGORY_PRIMARY_VOTES_TRACED_PROPORTIONALLY,1,Paul Toner,GRN,,1.0,1.0,1.0,False,AEC_CANDIDATE_ROUNDS_CATEGORY_EXIT
Blair,QLD,304,GRN,ALP+LNP+ON,LNP,1222.9996883375927,12104.0,0.10104095244031662,PROPORTIONAL_PRIMARY_ORIGIN_PASS_THROUGH,ALL_CATEGORY_PRIMARY_VOTES_TRACED_PROPORTIONALLY,1,Paul Toner,GRN,,1.0,1.0,1.0,False,AEC_CANDIDATE_ROUNDS_CATEGORY_EXIT
Blair,QLD,304,GRN,ALP+LNP+ON,ON,2135.156766190862,12104.0,0.17640092252072553,PROPORTIONAL_PRIMARY_ORIGIN_PASS_THROUGH,ALL_CATEGORY_PRIMARY_VOTES_TRACED_PROPORTIONALLY,1,Paul Toner,GRN,,1.0,1.0,1.0,False,AEC_CANDIDATE_ROUNDS_CATEGORY_EXIT
Blair,QLD,304,ON,ALP+LNP,ALP,3785.321555702043,11344.0,0.3336849044166117,PROPORTIONAL_PRIMARY_ORIGIN_PASS_THROUGH,ALL_CATEGORY_PRIMARY_VOTES_TRACED_PROPORTIONALLY,1,Brendan Kross,ON,,1.0,1.0,1.0,False,AEC_CANDIDATE_ROUNDS_CATEGORY_EXIT
Blair,QLD,304,ON,ALP+LNP,LNP,7558.678444297957,11344.0,0.6663150955833883,PROPORTIONAL_PRIMARY_ORIGIN_PASS_THROUGH,ALL_CATEGORY_PRIMARY_VOTES_TRACED_PROPORTIONALLY,1,Brendan Kross,ON,,1.0,1.0,1.0,False,AEC_CANDIDATE_ROUNDS_CATEGORY_EXIT
Blair,QLD,304,OTH,ALP+GRN+LNP+ON,ALP,3146.0,18883.0,0.16660488269872373,PROPORTIONAL_PRIMARY_ORIGIN_PASS_THROUGH,ALL_CATEGORY_PRIMARY_VOTES_TRACED_PROPORTIONALLY,6,Anthony Hopkins,OTH_HMP,CENTRE_LEFT,0.2834824974845099,1.0,1.0,False,AEC_CANDIDATE_ROUNDS_CATEGORY_EXIT
Blair,QLD,304,OTH,ALP+GRN+LNP+ON,GRN,3938.999999999999,18883.0,0.20860032833765815,PROPORTIONAL_PRIMARY_ORIGIN_PASS_THROUGH,ALL_CATEGORY_PRIMARY_VOTES_TRACED_PROPORTIONALLY,6,Anthony Hopkins,OTH_HMP,CENTRE_LEFT,0.2834824974845099,1.0,1.0,False,AEC_CANDIDATE_ROUNDS_CATEGORY_EXIT
Blair,QLD,304,OTH,ALP+GRN+LNP+ON,LNP,3216.9999999999995,18883.0,0.17036487846210874,PROPORTIONAL_PRIMARY_ORIGIN_PASS_THROUGH,ALL_CATEGORY_PRIMARY_VOTES_TRACED_PROPORTIONALLY,6,Anthony Hopkins,OTH_HMP,CENTRE_LEFT,0.2834824974845099,1.0,1.0,False,AEC_CANDIDATE_ROUNDS_CATEGORY_EXIT
Blair,QLD,304,OTH,ALP+GRN+LNP+ON,ON,8581.0,18883.0,0.4544299105015093,PROPORTIONAL_PRIMARY_ORIGIN_PASS_THROUGH,ALL_CATEGORY_PRIMARY_VOTES_TRACED_PROPORTIONALLY,6,Anthony Hopkins,OTH_HMP,CENTRE_LEFT,0.2834824974845099,1.0,1.0,False,AEC_CANDIDATE_ROUNDS_CATEGORY_EXIT
Bonner,QLD,310,GRN,ALP+LNP,ALP,10385.496867787668,12314.0,0.8433893834487307,PROPORTIONAL_PRIMARY_ORIGIN_PASS_THROUGH,ALL_CATEGORY_PRIMARY_VOTES_TRACED_PROPORTIONALLY,1,Wen Li,GRN,,1.0,1.0,1.0,False,AEC_CANDIDATE_ROUNDS_CATEGORY_EXIT
Bonner,QLD,310,GRN,ALP+LNP,LNP,1928.5031322123311,12314.0,0.15661061655126932,PROPORTIONAL_PRIMARY_ORIGIN_PASS_THROUGH,ALL_CATEGORY_PRIMARY_VOTES_TRACED_PROPORTIONALLY,1,Wen Li,GRN,,1.0,1.0,1.0,False,AEC_CANDIDATE_ROUNDS_CATEGORY_EXIT
Bonner,QLD,310,ON,ALP+GRN+LNP,ALP,614.8933163769959,3784.0,0.16249823371485092,PROPORTIONAL_PRIMARY_ORIGIN_PASS_THROUGH,ALL_CATEGORY_PRIMARY_VOTES_TRACED_PROPORTIONALLY,1,Christopher De Winter,ON,,1.0,1.0,1.0,False,AEC_CANDIDATE_ROUNDS_CATEGORY_EXIT
Bonner,QLD,310,ON,ALP+GRN+LNP,GRN,623.9830436625689,3784.0,0.16490038151759223,PROPORTIONAL_PRIMARY_ORIGIN_PASS_THROUGH,ALL_CATEGORY_PRIMARY_VOTES_TRACED_PROPORTIONALLY,1,Christopher De Winter,ON,,1.0,1.0,1.0,False,AEC_CANDIDATE_ROUNDS_CATEGORY_EXIT
Bonner,QLD,310,ON,ALP+GRN+LNP,LNP,2545.123639960435,3784.0,0.6726013847675569,PROPORTIONAL_PRIMARY_ORIGIN_PASS_THROUGH,ALL_CATEGORY_PRIMARY_VOTES_TRACED_PROPORTIONALLY,1,Christopher De Winter,ON,,1.0,1.0,1.0,False,AEC_CANDIDATE_ROUNDS_CATEGORY_EXIT
Bonner,QLD,310,OTH,ALP+GRN+LNP+ON,ALP,1412.0,8698.0,0.16233616923430672,PROPORTIONAL_PRIMARY_ORIGIN_PASS_THROUGH,ALL_CATEGORY_PRIMARY_VOTES_TRACED_PROPORTIONALLY,4,Ross Dovey,OTH_FFPA,RIGHT,0.3231777420096574,1.0,1.0,False,AEC_CANDIDATE_ROUNDS_CATEGORY_EXIT
Bonner,QLD,310,OTH,ALP+GRN+LNP+ON,GRN,1683.9999999999998,8698.0,0.19360772591400321,PROPORTIONAL_PRIMARY_ORIGIN_PASS_THROUGH,ALL_CATEGORY_PRIMARY_VOTES_TRACED_PROPORTIONALLY,4,Ross Dovey,OTH_FFPA,RIGHT,0.3231777420096574,1.0,1.0,False,AEC_CANDIDATE_ROUNDS_CATEGORY_EXIT
Bonner,QLD,310,OTH,ALP+GRN+LNP+ON,LNP,2309.0,8698.0,0.26546332490227637,PROPORTIONAL_PRIMARY_ORIGIN_PASS_THROUGH,ALL_CATEGORY_PRIMARY_VOTES_TRACED_PROPORTIONALLY,4,Ross Dovey,OTH_FFPA,RIGHT,0.3231777420096574,1.0,1.0,False,AEC_CANDIDATE_ROUNDS_CATEGORY_EXIT
Bonner,QLD,310,OTH,ALP+GRN+LNP+ON,ON,3293.0000000000005,8698.0,0.37859277994941376,PROPORTIONAL_PRIMARY_ORIGIN_PASS_THROUGH,ALL_CATEGORY_PRIMARY_VOTES_TRACED_PROPORTIONALLY,4,Ross Dovey,OTH_FFPA,RIGHT,0.3231777420096574,1.0,1.0,False,AEC_CANDIDATE_ROUNDS_CATEGORY_EXIT
Bowman,QLD,155,GRN,ALP+LNP,ALP,9771.216537285343,12689.0,0.7700541049164903,PROPORTIONAL_PRIMARY_ORIGIN_PASS_THROUGH,ALL_CATEGORY_PRIMARY_VOTES_TRACED_PROPORTIONALLY,1,Kristie Lockhart,GRN,,1.0,1.0,1.0,False,AEC_CANDIDATE_ROUNDS_CATEGORY_EXIT
Bowman,QLD,155,GRN,ALP+LNP,LNP,2917.7834627146553,12689.0,0.2299458950835097,PROPORTIONAL_PRIMARY_ORIGIN_PASS_THROUGH,ALL_CATEGORY_PRIMARY_VOTES_TRACED_PROPORTIONALLY,1,Kristie Lockhart,GRN,,1.0,1.0,1.0,False,AEC_CANDIDATE_ROUNDS_CATEGORY_EXIT
Bowman,QLD,155,ON,ALP+GRN+LNP,ALP,1296.7667901433404,7650.0,0.16951199871154773,PROPORTIONAL_PRIMARY_ORIGIN_PASS_THROUGH,ALL_CATEGORY_PRIMARY_VOTES_TRACED_PROPORTIONALLY,1,Matthew Knight,ON,,1.0,1.0,1.0,False,AEC_CANDIDATE_ROUNDS_CATEGORY_EXIT
Bowman,QLD,155,ON,ALP+GRN+LNP,GRN,1528.398292800773,7650.0,0.19979062650990492,PROPORTIONAL_PRIMARY_ORIGIN_PASS_THROUGH,ALL_CATEGORY_PRIMARY_VOTES_TRACED_PROPORTIONALLY,1,Matthew Knight,ON,,1.0,1.0,1.0,False,AEC_CANDIDATE_ROUNDS_CATEGORY_EXIT
Bowman,QLD,155,ON,ALP+GRN+LNP,LNP,4824.834917055887,7650.0,0.6306973747785474,PROPORTIONAL_PRIMARY_ORIGIN_PASS_THROUGH,ALL_CATEGORY_PRIMARY_VOTES_TRACED_PROPORTIONALLY,1,Matthew Knight,ON,,1.0,1.0,1.0,False,AEC_CANDIDATE_ROUNDS_CATEGORY_EXIT
Bowman,QLD,155,OTH,ALP+GRN+LNP+ON,ALP,1926.0,10624.0,0.18128765060240962,PROPORTIONAL_PRIMARY_ORIGIN_PASS_THROUGH,ALL_CATEGORY_PRIMARY_VOTES_TRACED_PROPORTIONALLY,3,Gary Williamson,OTH_CYA,RIGHT,0.3693524096385542,1.0,1.0,False,AEC_CANDIDATE_ROUNDS_CATEGORY_EXIT
Bowman,QLD,155,OTH,ALP+GRN+LNP+ON,GRN,1834.0,10624.0,0.17262801204819272,PROPORTIONAL_PRIMARY_ORIGIN_PASS_THROUGH,ALL_CATEGORY_PRIMARY_VOTES_TRACED_PROPORTIONALLY,3,Gary Williamson,OTH_CYA,RIGHT,0.3693524096385542,1.0,1.0,False,AEC_CANDIDATE_ROUNDS_CATEGORY_EXIT
Bowman,QLD,155,OTH,ALP+GRN+LNP+ON,LNP,2096.0,10624.0,0.19728915662650606,PROPORTIONAL_PRIMARY_ORIGIN_PASS_THROUGH,ALL_CATEGORY_PRIMARY_VOTES_TRACED_PROPORTIONALLY,3,Gary Williamson,OTH_CYA,RIGHT,0.3693524096385542,1.0,1.0,False,AEC_CANDIDATE_ROUNDS_CATEGORY_EXIT
Bowman,QLD,155,OTH,ALP+GRN+LNP+ON,ON,4768.0,10624.0,0.4487951807228916,PROPORTIONAL_PRIMARY_ORIGIN_PASS_THROUGH,ALL_CATEGORY_PRIMARY_VOTES_TRACED_PROPORTIONALLY,3,Gary Williamson,OTH_CYA,RIGHT,0.3693524096385542,1.0,1.0,False,AEC_CANDIDATE_ROUNDS_CATEGORY_EXIT
Brisbane,QLD,156,GRN,ALP+LNP,ALP,26199.59734600262,28663.0,0.9140563564875492,PROPORTIONAL_PRIMARY_ORIGIN_PASS_THROUGH,ALL_CATEGORY_PRIMARY_VOTES_TRACED_PROPORTIONALLY,1,Stephen Bates,GRN,,1.0,1.0,1.0,False,AEC_CANDIDATE_ROUNDS_CATEGORY_EXIT
Brisbane,QLD,156,GRN,ALP+LNP,LNP,2463.4026539973784,28663.0,0.0859436435124508,PROPORTIONAL_PRIMARY_ORIGIN_PASS_THROUGH,ALL_CATEGORY_PRIMARY_VOTES_TRACED_PROPORTIONALLY,1,Stephen Bates,GRN,,1.0,1.0,1.0,False,AEC_CANDIDATE_ROUNDS_CATEGORY_EXIT
Brisbane,QLD,156,ON,ALP+GRN+LNP,ALP,504.36051502145926,2798.0,0.1802575107296137,PROPORTIONAL_PRIMARY_ORIGIN_PASS_THROUGH,ALL_CATEGORY_PRIMARY_VOTES_TRACED_PROPORTIONALLY,1,Cheryl Wood,ON,,1.0,1.0,1.0,False,AEC_CANDIDATE_ROUNDS_CATEGORY_EXIT
Brisbane,QLD,156,ON,ALP+GRN+LNP,GRN,388.45157678671393,2798.0,0.1388318716178391,PROPORTIONAL_PRIMARY_ORIGIN_PASS_THROUGH,ALL_CATEGORY_PRIMARY_VOTES_TRACED_PROPORTIONALLY,1,Cheryl Wood,ON,,1.0,1.0,1.0,False,AEC_CANDIDATE_ROUNDS_CATEGORY_EXIT
Brisbane,QLD,156,ON,ALP+GRN+LNP,LNP,1905.1879081918269,2798.0,0.6809106176525471,PROPORTIONAL_PRIMARY_ORIGIN_PASS_THROUGH,ALL_CATEGORY_PRIMARY_VOTES_TRACED_PROPORTIONALLY,1,Cheryl Wood,ON,,1.0,1.0,1.0,False,AEC_CANDIDATE_ROUNDS_CATEGORY_EXIT
Brisbane,QLD,156,OTH,ALP+GRN+LNP+ON,ALP,825.0,5726.0,0.14407963674467342,PROPORTIONAL_PRIMARY_ORIGIN_PASS_THROUGH,ALL_CATEGORY_PRIMARY_VOTES_TRACED_PROPORTIONALLY,4,Joseph Wheeler,OTH_GRPF,RIGHT,0.4111072301781348,1.0,1.0,False,AEC_CANDIDATE_ROUNDS_CATEGORY_EXIT
Brisbane,QLD,156,OTH,ALP+GRN+LNP+ON,GRN,1113.0,5726.0,0.19437652811735945,PROPORTIONAL_PRIMARY_ORIGIN_PASS_THROUGH,ALL_CATEGORY_PRIMARY_VOTES_TRACED_PROPORTIONALLY,4,Joseph Wheeler,OTH_GRPF,RIGHT,0.4111072301781348,1.0,1.0,False,AEC_CANDIDATE_ROUNDS_CATEGORY_EXIT
Brisbane,QLD,156,OTH,ALP+GRN+LNP+ON,LNP,1227.0,5726.0,0.21428571428571425,PROPORTIONAL_PRIMARY_ORIGIN_PASS_THROUGH,ALL_CATEGORY_PRIMARY_VOTES_TRACED_PROPORTIONALLY,4,Joseph Wheeler,OTH_GRPF,RIGHT,0.4111072301781348,1.0,1.0,False,AEC_CANDIDATE_ROUNDS_CATEGORY_EXIT
Brisbane,QLD,156,OTH,ALP+GRN+LNP+ON,ON,2561.0,5726.0,0.4472581208522529,PROPORTIONAL_PRIMARY_ORIGIN_PASS_THROUGH,ALL_CATEGORY_PRIMARY_VOTES_TRACED_PROPORTIONALLY,4,Joseph Wheeler,OTH_GRPF,RIGHT,0.4111072301781348,1.0,1.0,False,AEC_CANDIDATE_ROUNDS_CATEGORY_EXIT
Capricornia,QLD,157,GRN,ALP+LNP+ON+OTH,ALP,4171.31168432366,6101.0,0.6837095040687856,PROPORTIONAL_PRIMARY_ORIGIN_PASS_THROUGH,ALL_CATEGORY_PRIMARY_VOTES_TRACED_PROPORTIONALLY,1,Mick Jones,GRN,,1.0,1.0,1.0,False,AEC_CANDIDATE_ROUNDS_CATEGORY_EXIT
Capricornia,QLD,157,GRN,ALP+LNP+ON+OTH,LNP,808.4082604022724,6101.0,0.13250422232458162,PROPORTIONAL_PRIMARY_ORIGIN_PASS_THROUGH,ALL_CATEGORY_PRIMARY_VOTES_TRACED_PROPORTIONALLY,1,Mick Jones,GRN,,1.0,1.0,1.0,False,AEC_CANDIDATE_ROUNDS_CATEGORY_EXIT
Capricornia,QLD,157,GRN,ALP+LNP+ON+OTH,ON,708.1768770152004,6101.0,0.11607554122524182,PROPORTIONAL_PRIMARY_ORIGIN_PASS_THROUGH,ALL_CATEGORY_PRIMARY_VOTES_TRACED_PROPORTIONALLY,1,Mick Jones,GRN,,1.0,1.0,1.0,False,AEC_CANDIDATE_ROUNDS_CATEGORY_EXIT
Capricornia,QLD,157,GRN,ALP+LNP+ON+OTH,OTH,413.1031782588669,6101.0,0.06771073238139101,PROPORTIONAL_PRIMARY_ORIGIN_PASS_THROUGH,ALL_CATEGORY_PRIMARY_VOTES_TRACED_PROPORTIONALLY,1,Mick Jones,GRN,,1.0,1.0,1.0,False,AEC_CANDIDATE_ROUNDS_CATEGORY_EXIT
Capricornia,QLD,157,ON,ALP+LNP,ALP,4153.051744238185,15355.0,0.2704690162317281,PROPORTIONAL_PRIMARY_ORIGIN_PASS_THROUGH,ALL_CATEGORY_PRIMARY_VOTES_TRACED_PROPORTIONALLY,1,Cheryl Kempton,ON,,1.0,1.0,1.0,False,AEC_CANDIDATE_ROUNDS_CATEGORY_EXIT
Capricornia,QLD,157,ON,ALP+LNP,LNP,11201.948255761814,15355.0,0.7295309837682719,PROPORTIONAL_PRIMARY_ORIGIN_PASS_THROUGH,ALL_CATEGORY_PRIMARY_VOTES_TRACED_PROPORTIONALLY,1,Cheryl Kempton,ON,,1.0,1.0,1.0,False,AEC_CANDIDATE_ROUNDS_CATEGORY_EXIT
Capricornia,QLD,157,OTH,ALP+LNP+ON,ALP,1816.2670880879143,9645.0,0.18831177688832704,PROPORTIONAL_PRIMARY_ORIGIN_PASS_THROUGH,ALL_CATEGORY_PRIMARY_VOTES_TRACED_PROPORTIONALLY,2,Stephen Andrew,OTH_CYA,RIGHT,0.6219803006739243,1.0,1.0,False,AEC_CANDIDATE_ROUNDS_CATEGORY_EXIT
Capricornia,QLD,157,OTH,ALP+LNP+ON,LNP,1859.9734622159028,9645.0,0.19284328275955442,PROPORTIONAL_PRIMARY_ORIGIN_PASS_THROUGH,ALL_CATEGORY_PRIMARY_VOTES_TRACED_PROPORTIONALLY,2,Stephen Andrew,OTH_CYA,RIGHT,0.6219803006739243,1.0,1.0,False,AEC_CANDIDATE_ROUNDS_CATEGORY_EXIT
Capricornia,QLD,157,OTH,ALP+LNP+ON,ON,5968.759449696183,9645.0,0.6188449403521186,PROPORTIONAL_PRIMARY_ORIGIN_PASS_THROUGH,ALL_CATEGORY_PRIMARY_VOTES_TRACED_PROPORTIONALLY,2,Stephen Andrew,OTH_CYA,RIGHT,0.6219803006739243,1.0,1.0,False,AEC_CANDIDATE_ROUNDS_CATEGORY_EXIT
Dawson,QLD,158,GRN,ALP+LNP+ON+OTH,ALP,4389.790113666402,6944.0,0.6321702352630189,PROPORTIONAL_PRIMARY_ORIGIN_PASS_THROUGH,ALL_CATEGORY_PRIMARY_VOTES_TRACED_PROPORTIONALLY,1,Paula Creen,GRN,,1.0,1.0,1.0,False,AEC_CANDIDATE_ROUNDS_CATEGORY_EXIT
Dawson,QLD,158,GRN,ALP+LNP+ON+OTH,LNP,687.4247951361353,6944.0,0.09899550621200102,PROPORTIONAL_PRIMARY_ORIGIN_PASS_THROUGH,ALL_CATEGORY_PRIMARY_VOTES_TRACED_PROPORTIONALLY,1,Paula Creen,GRN,,1.0,1.0,1.0,False,AEC_CANDIDATE_ROUNDS_CATEGORY_EXIT
Dawson,QLD,158,GRN,ALP+LNP+ON+OTH,ON,738.8210415014538,6944.0,0.10639703938673013,PROPORTIONAL_PRIMARY_ORIGIN_PASS_THROUGH,ALL_CATEGORY_PRIMARY_VOTES_TRACED_PROPORTIONALLY,1,Paula Creen,GRN,,1.0,1.0,1.0,False,AEC_CANDIDATE_ROUNDS_CATEGORY_EXIT
Dawson,QLD,158,GRN,ALP+LNP+ON+OTH,OTH,1127.9640496960085,6944.0,0.16243721913825002,PROPORTIONAL_PRIMARY_ORIGIN_PASS_THROUGH,ALL_CATEGORY_PRIMARY_VOTES_TRACED_PROPORTIONALLY,1,Paula Creen,GRN,,1.0,1.0,1.0,False,AEC_CANDIDATE_ROUNDS_CATEGORY_EXIT
Dawson,QLD,158,ON,ALP+LNP,ALP,2610.1556746914825,10258.0,0.2544507384179648,PROPORTIONAL_PRIMARY_ORIGIN_PASS_THROUGH,ALL_CATEGORY_PRIMARY_VOTES_TRACED_PROPORTIONALLY,1,Darren Brown,ON,,1.0,1.0,1.0,False,AEC_CANDIDATE_ROUNDS_CATEGORY_EXIT
Dawson,QLD,158,ON,ALP+LNP,LNP,7647.844325308517,10258.0,0.7455492615820352,PROPORTIONAL_PRIMARY_ORIGIN_PASS_THROUGH,ALL_CATEGORY_PRIMARY_VOTES_TRACED_PROPORTIONALLY,1,Darren Brown,ON,,1.0,1.0,1.0,False,AEC_CANDIDATE_ROUNDS_CATEGORY_EXIT
Dawson,QLD,158,OTH,ALP+LNP+ON,ALP,2220.211233655443,14415.0,0.15402089723589613,PROPORTIONAL_PRIMARY_ORIGIN_PASS_THROUGH,ALL_CATEGORY_PRIMARY_VOTES_TRACED_PROPORTIONALLY,3,Alexander John Beaumont,OTH_GRPF,RIGHT,0.3865417967395074,1.0,1.0,False,AEC_CANDIDATE_ROUNDS_CATEGORY_EXIT
Dawson,QLD,158,OTH,ALP+LNP+ON,LNP,4103.75275429033,14415.0,0.28468628194868745,PROPORTIONAL_PRIMARY_ORIGIN_PASS_THROUGH,ALL_CATEGORY_PRIMARY_VOTES_TRACED_PROPORTIONALLY,3,Alexander John Beaumont,OTH_GRPF,RIGHT,0.3865417967395074,1.0,1.0,False,AEC_CANDIDATE_ROUNDS_CATEGORY_EXIT
Dawson,QLD,158,OTH,ALP+LNP+ON,ON,8091.036012054226,14415.0,0.5612928208154164,PROPORTIONAL_PRIMARY_ORIGIN_PASS_THROUGH,ALL_CATEGORY_PRIMARY_VOTES_TRACED_PROPORTIONALLY,3,Alexander John Beaumont,OTH_GRPF,RIGHT,0.3865417967395074,1.0,1.0,False,AEC_CANDIDATE_ROUNDS_CATEGORY_EXIT
Dickson,QLD,252,GRN,ALP+IND+LNP,ALP,4282.1978908188585,8061.0,0.5312241521918942,PROPORTIONAL_PRIMARY_ORIGIN_PASS_THROUGH,ALL_CATEGORY_PRIMARY_VOTES_TRACED_PROPORTIONALLY,1,Vinnie Batten,GRN,,1.0,1.0,1.0,False,AEC_CANDIDATE_ROUNDS_CATEGORY_EXIT
Dickson,QLD,252,GRN,ALP+IND+LNP,IND,3428.7586848635233,8061.0,0.42535153019023986,PROPORTIONAL_PRIMARY_ORIGIN_PASS_THROUGH,ALL_CATEGORY_PRIMARY_VOTES_TRACED_PROPORTIONALLY,1,Vinnie Batten,GRN,,1.0,1.0,1.0,False,AEC_CANDIDATE_ROUNDS_CATEGORY_EXIT
Dickson,QLD,252,GRN,ALP+IND+LNP,LNP,350.04342431761785,8061.0,0.043424317617866005,PROPORTIONAL_PRIMARY_ORIGIN_PASS_THROUGH,ALL_CATEGORY_PRIMARY_VOTES_TRACED_PROPORTIONALLY,1,Vinnie Batten,GRN,,1.0,1.0,1.0,False,AEC_CANDIDATE_ROUNDS_CATEGORY_EXIT
Dickson,QLD,252,IND,ALP+LNP,ALP,9909.29658060014,12874.0,0.7697138869504536,PROPORTIONAL_PRIMARY_ORIGIN_PASS_THROUGH,ALL_CATEGORY_PRIMARY_VOTES_TRACED_PROPORTIONALLY,1,Ellie Smith,IND_PROMINENT,LEFT,1.0,1.0,1.0,False,AEC_CANDIDATE_ROUNDS_CATEGORY_EXIT
Dickson,QLD,252,IND,ALP+LNP,LNP,2964.7034193998606,12874.0,0.2302861130495464,PROPORTIONAL_PRIMARY_ORIGIN_PASS_THROUGH,ALL_CATEGORY_PRIMARY_VOTES_TRACED_PROPORTIONALLY,1,Ellie Smith,IND_PROMINENT,LEFT,1.0,1.0,1.0,False,AEC_CANDIDATE_ROUNDS_CATEGORY_EXIT
Dickson,QLD,252,ON,ALP+GRN+IND+LNP,ALP,393.48279988034705,4429.0,0.0888423571642237,PROPORTIONAL_PRIMARY_ORIGIN_PASS_THROUGH,ALL_CATEGORY_PRIMARY_VOTES_TRACED_PROPORTIONALLY,1,Joel Stevenson,ON,,1.0,1.0,1.0,False,AEC_CANDIDATE_ROUNDS_CATEGORY_EXIT
Dickson,QLD,252,ON,ALP+GRN+IND+LNP,GRN,266.95886927909066,4429.0,0.0602752019144481,PROPORTIONAL_PRIMARY_ORIGIN_PASS_THROUGH,ALL_CATEGORY_PRIMARY_VOTES_TRACED_PROPORTIONALLY,1,Joel Stevenson,ON,,1.0,1.0,1.0,False,AEC_CANDIDATE_ROUNDS_CATEGORY_EXIT
Dickson,QLD,252,ON,ALP+GRN+IND+LNP,IND,1539.4848938079567,4429.0,0.3475919832485791,PROPORTIONAL_PRIMARY_ORIGIN_PASS_THROUGH,ALL_CATEGORY_PRIMARY_VOTES_TRACED_PROPORTIONALLY,1,Joel Stevenson,ON,,1.0,1.0,1.0,False,AEC_CANDIDATE_ROUNDS_CATEGORY_EXIT
Dickson,QLD,252,ON,ALP+GRN+IND+LNP,LNP,2229.0734370326054,4429.0,0.503290457672749,PROPORTIONAL_PRIMARY_ORIGIN_PASS_THROUGH,ALL_CATEGORY_PRIMARY_VOTES_TRACED_PROPORTIONALLY,1,Joel Stevenson,ON,,1.0,1.0,1.0,False,AEC_CANDIDATE_ROUNDS_CATEGORY_EXIT
Dickson,QLD,252,OTH,ALP+GRN+IND+LNP+ON,ALP,1335.9999999999998,8085.0,0.16524427952999382,PROPORTIONAL_PRIMARY_ORIGIN_PASS_THROUGH,ALL_CATEGORY_PRIMARY_VOTES_TRACED_PROPORTIONALLY,4,David Zaloudek,OTH_HMP,CENTRE_LEFT,0.3648732220160791,1.0,1.0,False,AEC_CANDIDATE_ROUNDS_CATEGORY_EXIT
Dickson,QLD,252,OTH,ALP+GRN+IND+LNP+ON,GRN,1208.0,8085.0,0.14941249226963513,PROPORTIONAL_PRIMARY_ORIGIN_PASS_THROUGH,ALL_CATEGORY_PRIMARY_VOTES_TRACED_PROPORTIONALLY,4,David Zaloudek,OTH_HMP,CENTRE_LEFT,0.3648732220160791,1.0,1.0,False,AEC_CANDIDATE_ROUNDS_CATEGORY_EXIT
Dickson,QLD,252,OTH,ALP+GRN+IND+LNP+ON,IND,2183.0,8085.0,0.27000618429189865,PROPORTIONAL_PRIMARY_ORIGIN_PASS_THROUGH,ALL_CATEGORY_PRIMARY_VOTES_TRACED_PROPORTIONALLY,4,David Zaloudek,OTH_HMP,CENTRE_LEFT,0.3648732220160791,1.0,1.0,False,AEC_CANDIDATE_ROUNDS_CATEGORY_EXIT
Dickson,QLD,252,OTH,ALP+GRN+IND+LNP+ON,LNP,1101.0,8085.0,0.13617810760667903,PROPORTIONAL_PRIMARY_ORIGIN_PASS_THROUGH,ALL_CATEGORY_PRIMARY_VOTES_TRACED_PROPORTIONALLY,4,David Zaloudek,OTH_HMP,CENTRE_LEFT,0.3648732220160791,1.0,1.0,False,AEC_CANDIDATE_ROUNDS_CATEGORY_EXIT
Dickson,QLD,252,OTH,ALP+GRN+IND+LNP+ON,ON,2256.9999999999995,8085.0,0.27915893630179345,PROPORTIONAL_PRIMARY_ORIGIN_PASS_THROUGH,ALL_CATEGORY_PRIMARY_VOTES_TRACED_PROPORTIONALLY,4,David Zaloudek,OTH_HMP,CENTRE_LEFT,0.3648732220160791,1.0,1.0,False,AEC_CANDIDATE_ROUNDS_CATEGORY_EXIT
Fadden,QLD,159,GRN,ALP+LNP+ON,ALP,7240.052864095844,10359.0,0.6989142643204793,PROPORTIONAL_PRIMARY_ORIGIN_PASS_THROUGH,ALL_CATEGORY_PRIMARY_VOTES_TRACED_PROPORTIONALLY,1,Andrew Stimson,GRN,,1.0,1.0,1.0,False,AEC_CANDIDATE_ROUNDS_CATEGORY_EXIT
Fadden,QLD,159,GRN,ALP+LNP+ON,LNP,1525.7321602396107,10359.0,0.14728566080119804,PROPORTIONAL_PRIMARY_ORIGIN_PASS_THROUGH,ALL_CATEGORY_PRIMARY_VOTES_TRACED_PROPORTIONALLY,1,Andrew Stimson,GRN,,1.0,1.0,1.0,False,AEC_CANDIDATE_ROUNDS_CATEGORY_EXIT
Fadden,QLD,159,GRN,ALP+LNP+ON,ON,1593.2149756645451,10359.0,0.15380007487832273,PROPORTIONAL_PRIMARY_ORIGIN_PASS_THROUGH,ALL_CATEGORY_PRIMARY_VOTES_TRACED_PROPORTIONALLY,1,Andrew Stimson,GRN,,1.0,1.0,1.0,False,AEC_CANDIDATE_ROUNDS_CATEGORY_EXIT
Fadden,QLD,159,ON,ALP+LNP,ALP,2654.42447170729,8896.0,0.2983840458304059,PROPORTIONAL_PRIMARY_ORIGIN_PASS_THROUGH,ALL_CATEGORY_PRIMARY_VOTES_TRACED_PROPORTIONALLY,1,Nick Muir,ON,,1.0,1.0,1.0,False,AEC_CANDIDATE_ROUNDS_CATEGORY_EXIT
Fadden,QLD,159,ON,ALP+LNP,LNP,6241.575528292709,8896.0,0.7016159541695941,PROPORTIONAL_PRIMARY_ORIGIN_PASS_THROUGH,ALL_CATEGORY_PRIMARY_VOTES_TRACED_PROPORTIONALLY,1,Nick Muir,ON,,1.0,1.0,1.0,False,AEC_CANDIDATE_ROUNDS_CATEGORY_EXIT
Fadden,QLD,159,OTH,ALP+GRN+LNP+ON,ALP,2653.0000000000005,15990.0,0.16591619762351473,PROPORTIONAL_PRIMARY_ORIGIN_PASS_THROUGH,ALL_CATEGORY_PRIMARY_VOTES_TRACED_PROPORTIONALLY,5,John Armfield,OTH_GRPF,RIGHT,0.3088180112570357,1.0,1.0,False,AEC_CANDIDATE_ROUNDS_CATEGORY_EXIT
Fadden,QLD,159,OTH,ALP+GRN+LNP+ON,GRN,2996.0,15990.0,0.18736710444027513,PROPORTIONAL_PRIMARY_ORIGIN_PASS_THROUGH,ALL_CATEGORY_PRIMARY_VOTES_TRACED_PROPORTIONALLY,5,John Armfield,OTH_GRPF,RIGHT,0.3088180112570357,1.0,1.0,False,AEC_CANDIDATE_ROUNDS_CATEGORY_EXIT
Fadden,QLD,159,OTH,ALP+GRN+LNP+ON,LNP,2788.0,15990.0,0.17435897435897432,PROPORTIONAL_PRIMARY_ORIGIN_PASS_THROUGH,ALL_CATEGORY_PRIMARY_VOTES_TRACED_PROPORTIONALLY,5,John Armfield,OTH_GRPF,RIGHT,0.3088180112570357,1.0,1.0,False,AEC_CANDIDATE_ROUNDS_CATEGORY_EXIT
Fadden,QLD,159,OTH,ALP+GRN+LNP+ON,ON,7553.0,15990.0,0.4723577235772358,PROPORTIONAL_PRIMARY_ORIGIN_PASS_THROUGH,ALL_CATEGORY_PRIMARY_VOTES_TRACED_PROPORTIONALLY,5,John Armfield,OTH_GRPF,RIGHT,0.3088180112570357,1.0,1.0,False,AEC_CANDIDATE_ROUNDS_CATEGORY_EXIT
Fairfax,QLD,160,GRN,ALP+IND+LNP+ON,ALP,5205.46359993321,11351.0,0.45859074970779756,PROPORTIONAL_PRIMARY_ORIGIN_PASS_THROUGH,ALL_CATEGORY_PRIMARY_VOTES_TRACED_PROPORTIONALLY,1,Sue Etheridge,GRN,,1.0,1.0,1.0,False,AEC_CANDIDATE_ROUNDS_CATEGORY_EXIT
Fairfax,QLD,160,GRN,ALP+IND+LNP+ON,IND,4775.228669226916,11351.0,0.42068792786775766,PROPORTIONAL_PRIMARY_ORIGIN_PASS_THROUGH,ALL_CATEGORY_PRIMARY_VOTES_TRACED_PROPORTIONALLY,1,Sue Etheridge,GRN,,1.0,1.0,1.0,False,AEC_CANDIDATE_ROUNDS_CATEGORY_EXIT
Fairfax,QLD,160,GRN,ALP+IND+LNP+ON,LNP,770.4427283352813,11351.0,0.06787443646685591,PROPORTIONAL_PRIMARY_ORIGIN_PASS_THROUGH,ALL_CATEGORY_PRIMARY_VOTES_TRACED_PROPORTIONALLY,1,Sue Etheridge,GRN,,1.0,1.0,1.0,False,AEC_CANDIDATE_ROUNDS_CATEGORY_EXIT
Fairfax,QLD,160,GRN,ALP+IND+LNP+ON,ON,599.8650025045918,11351.0,0.05284688595758891,PROPORTIONAL_PRIMARY_ORIGIN_PASS_THROUGH,ALL_CATEGORY_PRIMARY_VOTES_TRACED_PROPORTIONALLY,1,Sue Etheridge,GRN,,1.0,1.0,1.0,False,AEC_CANDIDATE_ROUNDS_CATEGORY_EXIT
Fairfax,QLD,160,IND,ALP+LNP,ALP,8674.184485808784,13085.0,0.662910545342666,PROPORTIONAL_PRIMARY_ORIGIN_PASS_THROUGH,ALL_CATEGORY_PRIMARY_VOTES_TRACED_PROPORTIONALLY,1,Francine Wiig,IND_PROMINENT,CENTRE_LEFT,1.0,1.0,1.0,False,AEC_CANDIDATE_ROUNDS_CATEGORY_EXIT
Fairfax,QLD,160,IND,ALP+LNP,LNP,4410.815514191216,13085.0,0.337089454657334,PROPORTIONAL_PRIMARY_ORIGIN_PASS_THROUGH,ALL_CATEGORY_PRIMARY_VOTES_TRACED_PROPORTIONALLY,1,Francine Wiig,IND_PROMINENT,CENTRE_LEFT,1.0,1.0,1.0,False,AEC_CANDIDATE_ROUNDS_CATEGORY_EXIT
Fairfax,QLD,160,ON,ALP+IND+LNP,ALP,651.2312377977353,8232.0,0.0791097227645451,PROPORTIONAL_PRIMARY_ORIGIN_PASS_THROUGH,ALL_CATEGORY_PRIMARY_VOTES_TRACED_PROPORTIONALLY,1,Beatrice Marsh,ON,,1.0,1.0,1.0,False,AEC_CANDIDATE_ROUNDS_CATEGORY_EXIT
Fairfax,QLD,160,ON,ALP+IND+LNP,IND,3755.669191721984,8232.0,0.4562280359234674,PROPORTIONAL_PRIMARY_ORIGIN_PASS_THROUGH,ALL_CATEGORY_PRIMARY_VOTES_TRACED_PROPORTIONALLY,1,Beatrice Marsh,ON,,1.0,1.0,1.0,False,AEC_CANDIDATE_ROUNDS_CATEGORY_EXIT
Fairfax,QLD,160,ON,ALP+IND+LNP,LNP,3825.0995704802817,8232.0,0.4646622413119875,PROPORTIONAL_PRIMARY_ORIGIN_PASS_THROUGH,ALL_CATEGORY_PRIMARY_VOTES_TRACED_PROPORTIONALLY,1,Beatrice Marsh,ON,,1.0,1.0,1.0,False,AEC_CANDIDATE_ROUNDS_CATEGORY_EXIT
Fairfax,QLD,160,OTH,ALP+GRN+IND+LNP+ON,ALP,588.0,8698.0,0.06760174752816733,PROPORTIONAL_PRIMARY_ORIGIN_PASS_THROUGH,ALL_CATEGORY_PRIMARY_VOTES_TRACED_PROPORTIONALLY,3,Rhys Sanderson,OTH_FFPA,RIGHT,0.4387215451828006,1.0,1.0,False,AEC_CANDIDATE_ROUNDS_CATEGORY_EXIT
Fairfax,QLD,160,OTH,ALP+GRN+IND+LNP+ON,GRN,627.0,8698.0,0.07208553690503562,PROPORTIONAL_PRIMARY_ORIGIN_PASS_THROUGH,ALL_CATEGORY_PRIMARY_VOTES_TRACED_PROPORTIONALLY,3,Rhys Sanderson,OTH_FFPA,RIGHT,0.4387215451828006,1.0,1.0,False,AEC_CANDIDATE_ROUNDS_CATEGORY_EXIT
Fairfax,QLD,160,OTH,ALP+GRN+IND+LNP+ON,IND,2036.0,8698.0,0.2340767992641987,PROPORTIONAL_PRIMARY_ORIGIN_PASS_THROUGH,ALL_CATEGORY_PRIMARY_VOTES_TRACED_PROPORTIONALLY,3,Rhys Sanderson,OTH_FFPA,RIGHT,0.4387215451828006,1.0,1.0,False,AEC_CANDIDATE_ROUNDS_CATEGORY_EXIT
Fairfax,QLD,160,OTH,ALP+GRN+IND+LNP+ON,LNP,1507.0,8698.0,0.17325822028052426,PROPORTIONAL_PRIMARY_ORIGIN_PASS_THROUGH,ALL_CATEGORY_PRIMARY_VOTES_TRACED_PROPORTIONALLY,3,Rhys Sanderson,OTH_FFPA,RIGHT,0.4387215451828006,1.0,1.0,False,AEC_CANDIDATE_ROUNDS_CATEGORY_EXIT
Fairfax,QLD,160,OTH,ALP+GRN+IND+LNP+ON,ON,3940.0,8698.0,0.45297769602207416,PROPORTIONAL_PRIMARY_ORIGIN_PASS_THROUGH,ALL_CATEGORY_PRIMARY_VOTES_TRACED_PROPORTIONALLY,3,Rhys Sanderson,OTH_FFPA,RIGHT,0.4387215451828006,1.0,1.0,False,AEC_CANDIDATE_ROUNDS_CATEGORY_EXIT
Fisher,QLD,161,GRN,ALP+IND+LNP+ON,ALP,4558.781168994063,11396.0,0.40003344761267673,PROPORTIONAL_PRIMARY_ORIGIN_PASS_THROUGH,ALL_CATEGORY_PRIMARY_VOTES_TRACED_PROPORTIONALLY,1,Renay Wells,GRN,,1.0,1.0,1.0,False,AEC_CANDIDATE_ROUNDS_CATEGORY_EXIT
Fisher,QLD,161,GRN,ALP+IND+LNP+ON,IND,5521.232879003262,11396.0,0.4844886696212059,PROPORTIONAL_PRIMARY_ORIGIN_PASS_THROUGH,ALL_CATEGORY_PRIMARY_VOTES_TRACED_PROPORTIONALLY,1,Renay Wells,GRN,,1.0,1.0,1.0,False,AEC_CANDIDATE_ROUNDS_CATEGORY_EXIT
Fisher,QLD,161,GRN,ALP+IND+LNP+ON,LNP,752.8087632745213,11396.0,0.06605903503637421,PROPORTIONAL_PRIMARY_ORIGIN_PASS_THROUGH,ALL_CATEGORY_PRIMARY_VOTES_TRACED_PROPORTIONALLY,1,Renay Wells,GRN,,1.0,1.0,1.0,False,AEC_CANDIDATE_ROUNDS_CATEGORY_EXIT
Fisher,QLD,161,GRN,ALP+IND+LNP+ON,ON,563.1771887281545,11396.0,0.04941884772974321,PROPORTIONAL_PRIMARY_ORIGIN_PASS_THROUGH,ALL_CATEGORY_PRIMARY_VOTES_TRACED_PROPORTIONALLY,1,Renay Wells,GRN,,1.0,1.0,1.0,False,AEC_CANDIDATE_ROUNDS_CATEGORY_EXIT
Fisher,QLD,161,IND,ALP+LNP,ALP,11192.261508656478,19296.0,0.5800301362280513,PROPORTIONAL_PRIMARY_ORIGIN_PASS_THROUGH,ALL_CATEGORY_PRIMARY_VOTES_TRACED_PROPORTIONALLY,1,Keryn Jones,IND_PROMINENT,CENTRE_LEFT,1.0,1.0,1.0,False,AEC_CANDIDATE_ROUNDS_CATEGORY_EXIT
Fisher,QLD,161,IND,ALP+LNP,LNP,8103.738491343523,19296.0,0.4199698637719487,PROPORTIONAL_PRIMARY_ORIGIN_PASS_THROUGH,ALL_CATEGORY_PRIMARY_VOTES_TRACED_PROPORTIONALLY,1,Keryn Jones,IND_PROMINENT,CENTRE_LEFT,1.0,1.0,1.0,False,AEC_CANDIDATE_ROUNDS_CATEGORY_EXIT
Fisher,QLD,161,ON,ALP+IND+LNP,ALP,748.7001364648423,7199.0,0.10400057458880983,PROPORTIONAL_PRIMARY_ORIGIN_PASS_THROUGH,ALL_CATEGORY_PRIMARY_VOTES_TRACED_PROPORTIONALLY,1,Benjamin Kelly,ON,,1.0,1.0,1.0,False,AEC_CANDIDATE_ROUNDS_CATEGORY_EXIT
Fisher,QLD,161,ON,ALP+IND+LNP,IND,3025.30697407168,7199.0,0.4202398908281262,PROPORTIONAL_PRIMARY_ORIGIN_PASS_THROUGH,ALL_CATEGORY_PRIMARY_VOTES_TRACED_PROPORTIONALLY,1,Benjamin Kelly,ON,,1.0,1.0,1.0,False,AEC_CANDIDATE_ROUNDS_CATEGORY_EXIT
Fisher,QLD,161,ON,ALP+IND+LNP,LNP,3424.9928894634777,7199.0,0.475759534583064,PROPORTIONAL_PRIMARY_ORIGIN_PASS_THROUGH,ALL_CATEGORY_PRIMARY_VOTES_TRACED_PROPORTIONALLY,1,Benjamin Kelly,ON,,1.0,1.0,1.0,False,AEC_CANDIDATE_ROUNDS_CATEGORY_EXIT
Fisher,QLD,161,OTH,ALP+GRN+IND+LNP+ON,ALP,613.0,10101.0,0.06068706068706061,PROPORTIONAL_PRIMARY_ORIGIN_PASS_THROUGH,ALL_CATEGORY_PRIMARY_VOTES_TRACED_PROPORTIONALLY,3,James Pidgeon,OTH_GRPF,RIGHT,0.4922284922284922,1.0,1.0,False,AEC_CANDIDATE_ROUNDS_CATEGORY_EXIT
Fisher,QLD,161,OTH,ALP+GRN+IND+LNP+ON,GRN,563.0,10101.0,0.055737055737055716,PROPORTIONAL_PRIMARY_ORIGIN_PASS_THROUGH,ALL_CATEGORY_PRIMARY_VOTES_TRACED_PROPORTIONALLY,3,James Pidgeon,OTH_GRPF,RIGHT,0.4922284922284922,1.0,1.0,False,AEC_CANDIDATE_ROUNDS_CATEGORY_EXIT
Fisher,QLD,161,OTH,ALP+GRN+IND+LNP+ON,IND,1578.0,10101.0,0.15622215622215624,PROPORTIONAL_PRIMARY_ORIGIN_PASS_THROUGH,ALL_CATEGORY_PRIMARY_VOTES_TRACED_PROPORTIONALLY,3,James Pidgeon,OTH_GRPF,RIGHT,0.4922284922284922,1.0,1.0,False,AEC_CANDIDATE_ROUNDS_CATEGORY_EXIT
Fisher,QLD,161,OTH,ALP+GRN+IND+LNP+ON,LNP,1214.0,10101.0,0.12018612018612013,PROPORTIONAL_PRIMARY_ORIGIN_PASS_THROUGH,ALL_CATEGORY_PRIMARY_VOTES_TRACED_PROPORTIONALLY,3,James Pidgeon,OTH_GRPF,RIGHT,0.4922284922284922,1.0,1.0,False,AEC_CANDIDATE_ROUNDS_CATEGORY_EXIT
Fisher,QLD,161,OTH,ALP+GRN+IND+LNP+ON,ON,6133.0,10101.0,0.6071676071676073,PROPORTIONAL_PRIMARY_ORIGIN_PASS_THROUGH,ALL_CATEGORY_PRIMARY_VOTES_TRACED_PROPORTIONALLY,3,James Pidgeon,OTH_GRPF,RIGHT,0.4922284922284922,1.0,1.0,False,AEC_CANDIDATE_ROUNDS_CATEGORY_EXIT
Flynn,QLD,311,GRN,ALP+LNP+ON+OTH,ALP,3306.4187960155914,5547.0,0.5960733362205862,PROPORTIONAL_PRIMARY_ORIGIN_PASS_THROUGH,ALL_CATEGORY_PRIMARY_VOTES_TRACED_PROPORTIONALLY,1,Paul Bambrick,GRN,,1.0,1.0,1.0,False,AEC_CANDIDATE_ROUNDS_CATEGORY_EXIT
Flynn,QLD,311,GRN,ALP+LNP+ON+OTH,LNP,490.8778692074491,5547.0,0.08849429767576152,PROPORTIONAL_PRIMARY_ORIGIN_PASS_THROUGH,ALL_CATEGORY_PRIMARY_VOTES_TRACED_PROPORTIONALLY,1,Paul Bambrick,GRN,,1.0,1.0,1.0,False,AEC_CANDIDATE_ROUNDS_CATEGORY_EXIT
Flynn,QLD,311,GRN,ALP+LNP+ON+OTH,ON,617.4010394110004,5547.0,0.11130359462970982,PROPORTIONAL_PRIMARY_ORIGIN_PASS_THROUGH,ALL_CATEGORY_PRIMARY_VOTES_TRACED_PROPORTIONALLY,1,Paul Bambrick,GRN,,1.0,1.0,1.0,False,AEC_CANDIDATE_ROUNDS_CATEGORY_EXIT
Flynn,QLD,311,GRN,ALP+LNP+ON+OTH,OTH,1132.3022953659593,5547.0,0.20412877147394254,PROPORTIONAL_PRIMARY_ORIGIN_PASS_THROUGH,ALL_CATEGORY_PRIMARY_VOTES_TRACED_PROPORTIONALLY,1,Paul Bambrick,GRN,,1.0,1.0,1.0,False,AEC_CANDIDATE_ROUNDS_CATEGORY_EXIT
Flynn,QLD,311,ON,ALP+LNP,ALP,3633.6931973335472,13874.0,0.2619066741627178,PROPORTIONAL_PRIMARY_ORIGIN_PASS_THROUGH,ALL_CATEGORY_PRIMARY_VOTES_TRACED_PROPORTIONALLY,1,David Harris,ON,,1.0,1.0,1.0,False,AEC_CANDIDATE_ROUNDS_CATEGORY_EXIT
Flynn,QLD,311,ON,ALP+LNP,LNP,10240.306802666451,13874.0,0.7380933258372822,PROPORTIONAL_PRIMARY_ORIGIN_PASS_THROUGH,ALL_CATEGORY_PRIMARY_VOTES_TRACED_PROPORTIONALLY,1,David Harris,ON,,1.0,1.0,1.0,False,AEC_CANDIDATE_ROUNDS_CATEGORY_EXIT
Flynn,QLD,311,OTH,ALP+LNP+ON,ALP,4354.970338326841,17179.0,0.2535054623858688,PROPORTIONAL_PRIMARY_ORIGIN_PASS_THROUGH,ALL_CATEGORY_PRIMARY_VOTES_TRACED_PROPORTIONALLY,5,Lance Price,OTH_GRPF,RIGHT,0.3597415449094825,1.0,1.0,False,AEC_CANDIDATE_ROUNDS_CATEGORY_EXIT
Flynn,QLD,311,OTH,ALP+LNP+ON,LNP,3189.486302042246,17179.0,0.1856619303825744,PROPORTIONAL_PRIMARY_ORIGIN_PASS_THROUGH,ALL_CATEGORY_PRIMARY_VOTES_TRACED_PROPORTIONALLY,5,Lance Price,OTH_GRPF,RIGHT,0.3597415449094825,1.0,1.0,False,AEC_CANDIDATE_ROUNDS_CATEGORY_EXIT
Flynn,QLD,311,OTH,ALP+LNP+ON,ON,9634.543359630914,17179.0,0.5608326072315568,PROPORTIONAL_PRIMARY_ORIGIN_PASS_THROUGH,ALL_CATEGORY_PRIMARY_VOTES_TRACED_PROPORTIONALLY,5,Lance Price,OTH_GRPF,RIGHT,0.3597415449094825,1.0,1.0,False,AEC_CANDIDATE_ROUNDS_CATEGORY_EXIT
Forde,QLD,162,GRN,ALP+LNP+ON,ALP,8558.812920592194,12280.0,0.6969717362045761,PROPORTIONAL_PRIMARY_ORIGIN_PASS_THROUGH,ALL_CATEGORY_PRIMARY_VOTES_TRACED_PROPORTIONALLY,1,Kirsty Petersen,GRN,,1.0,1.0,1.0,False,AEC_CANDIDATE_ROUNDS_CATEGORY_EXIT
Forde,QLD,162,GRN,ALP+LNP+ON,LNP,1849.4374158815613,12280.0,0.1506056527590848,PROPORTIONAL_PRIMARY_ORIGIN_PASS_THROUGH,ALL_CATEGORY_PRIMARY_VOTES_TRACED_PROPORTIONALLY,1,Kirsty Petersen,GRN,,1.0,1.0,1.0,False,AEC_CANDIDATE_ROUNDS_CATEGORY_EXIT
Forde,QLD,162,GRN,ALP+LNP+ON,ON,1871.749663526245,12280.0,0.1524226110363391,PROPORTIONAL_PRIMARY_ORIGIN_PASS_THROUGH,ALL_CATEGORY_PRIMARY_VOTES_TRACED_PROPORTIONALLY,1,Kirsty Petersen,GRN,,1.0,1.0,1.0,False,AEC_CANDIDATE_ROUNDS_CATEGORY_EXIT
Forde,QLD,162,ON,ALP+LNP,ALP,3601.8008738449175,11049.0,0.3259843310566492,PROPORTIONAL_PRIMARY_ORIGIN_PASS_THROUGH,ALL_CATEGORY_PRIMARY_VOTES_TRACED_PROPORTIONALLY,1,Matthew Lambert,ON,,1.0,1.0,1.0,False,AEC_CANDIDATE_ROUNDS_CATEGORY_EXIT
Forde,QLD,162,ON,ALP+LNP,LNP,7447.199126155082,11049.0,0.6740156689433507,PROPORTIONAL_PRIMARY_ORIGIN_PASS_THROUGH,ALL_CATEGORY_PRIMARY_VOTES_TRACED_PROPORTIONALLY,1,Matthew Lambert,ON,,1.0,1.0,1.0,False,AEC_CANDIDATE_ROUNDS_CATEGORY_EXIT
Forde,QLD,162,OTH,ALP+GRN+LNP+ON,ALP,1993.0,14355.0,0.13883664228491813,PROPORTIONAL_PRIMARY_ORIGIN_PASS_THROUGH,ALL_CATEGORY_PRIMARY_VOTES_TRACED_PROPORTIONALLY,4,Corneliu Pop,OTH_FFPA,RIGHT,0.3802856147683734,1.0,1.0,False,AEC_CANDIDATE_ROUNDS_CATEGORY_EXIT
Forde,QLD,162,OTH,ALP+GRN+LNP+ON,GRN,2580.0,14355.0,0.17972831765935213,PROPORTIONAL_PRIMARY_ORIGIN_PASS_THROUGH,ALL_CATEGORY_PRIMARY_VOTES_TRACED_PROPORTIONALLY,4,Corneliu Pop,OTH_FFPA,RIGHT,0.3802856147683734,1.0,1.0,False,AEC_CANDIDATE_ROUNDS_CATEGORY_EXIT
Forde,QLD,162,OTH,ALP+GRN+LNP+ON,LNP,3184.0,14355.0,0.22180424939045632,PROPORTIONAL_PRIMARY_ORIGIN_PASS_THROUGH,ALL_CATEGORY_PRIMARY_VOTES_TRACED_PROPORTIONALLY,4,Corneliu Pop,OTH_FFPA,RIGHT,0.3802856147683734,1.0,1.0,False,AEC_CANDIDATE_ROUNDS_CATEGORY_EXIT
Forde,QLD,162,OTH,ALP+GRN+LNP+ON,ON,6598.0,14355.0,0.45963079066527346,PROPORTIONAL_PRIMARY_ORIGIN_PASS_THROUGH,ALL_CATEGORY_PRIMARY_VOTES_TRACED_PROPORTIONALLY,4,Corneliu Pop,OTH_FFPA,RIGHT,0.3802856147683734,1.0,1.0,False,AEC_CANDIDATE_ROUNDS_CATEGORY_EXIT
Griffith,QLD,163,LNP,ALP+GRN,ALP,23065.15462406566,29025.0,0.7946651033269823,PROPORTIONAL_PRIMARY_ORIGIN_PASS_THROUGH,ALL_CATEGORY_PRIMARY_VOTES_TRACED_PROPORTIONALLY,1,Anthony Bishop,LNP,,1.0,1.0,1.0,False,AEC_CANDIDATE_ROUNDS_CATEGORY_EXIT
Griffith,QLD,163,LNP,ALP+GRN,GRN,5959.84537593434,29025.0,0.2053348966730177,PROPORTIONAL_PRIMARY_ORIGIN_PASS_THROUGH,ALL_CATEGORY_PRIMARY_VOTES_TRACED_PROPORTIONALLY,1,Anthony Bishop,LNP,,1.0,1.0,1.0,False,AEC_CANDIDATE_ROUNDS_CATEGORY_EXIT
Griffith,QLD,163,ON,ALP+GRN+LNP,ALP,391.59140625,2684.0,0.1458984375,PROPORTIONAL_PRIMARY_ORIGIN_PASS_THROUGH,ALL_CATEGORY_PRIMARY_VOTES_TRACED_PROPORTIONALLY,1,Lindsay Bell,ON,,1.0,1.0,1.0,False,AEC_CANDIDATE_ROUNDS_CATEGORY_EXIT
Griffith,QLD,163,ON,ALP+GRN+LNP,GRN,451.35234375,2684.0,0.1681640625,PROPORTIONAL_PRIMARY_ORIGIN_PASS_THROUGH,ALL_CATEGORY_PRIMARY_VOTES_TRACED_PROPORTIONALLY,1,Lindsay Bell,ON,,1.0,1.0,1.0,False,AEC_CANDIDATE_ROUNDS_CATEGORY_EXIT
Griffith,QLD,163,ON,ALP+GRN+LNP,LNP,1841.05625,2684.0,0.6859375,PROPORTIONAL_PRIMARY_ORIGIN_PASS_THROUGH,ALL_CATEGORY_PRIMARY_VOTES_TRACED_PROPORTIONALLY,1,Lindsay Bell,ON,,1.0,1.0,1.0,False,AEC_CANDIDATE_ROUNDS_CATEGORY_EXIT
Griffith,QLD,163,OTH,ALP+GRN+LNP+ON,ALP,611.0,5247.0,0.11644749380598433,PROPORTIONAL_PRIMARY_ORIGIN_PASS_THROUGH,ALL_CATEGORY_PRIMARY_VOTES_TRACED_PROPORTIONALLY,3,Dion Hunt,OTH_GRPF,RIGHT,0.4817991233085573,1.0,1.0,False,AEC_CANDIDATE_ROUNDS_CATEGORY_EXIT
Griffith,QLD,163,OTH,ALP+GRN+LNP+ON,GRN,622.0,5247.0,0.11854392986468452,PROPORTIONAL_PRIMARY_ORIGIN_PASS_THROUGH,ALL_CATEGORY_PRIMARY_VOTES_TRACED_PROPORTIONALLY,3,Dion Hunt,OTH_GRPF,RIGHT,0.4817991233085573,1.0,1.0,False,AEC_CANDIDATE_ROUNDS_CATEGORY_EXIT
Griffith,QLD,163,OTH,ALP+GRN+LNP+ON,LNP,1578.0,5247.0,0.30074328187535737,PROPORTIONAL_PRIMARY_ORIGIN_PASS_THROUGH,ALL_CATEGORY_PRIMARY_VOTES_TRACED_PROPORTIONALLY,3,Dion Hunt,OTH_GRPF,RIGHT,0.4817991233085573,1.0,1.0,False,AEC_CANDIDATE_ROUNDS_CATEGORY_EXIT
Griffith,QLD,163,OTH,ALP+GRN+LNP+ON,ON,2436.0,5247.0,0.4642652944539738,PROPORTIONAL_PRIMARY_ORIGIN_PASS_THROUGH,ALL_CATEGORY_PRIMARY_VOTES_TRACED_PROPORTIONALLY,3,Dion Hunt,OTH_GRPF,RIGHT,0.4817991233085573,1.0,1.0,False,AEC_CANDIDATE_ROUNDS_CATEGORY_EXIT
Groom,QLD,164,ALP,IND+LNP,IND,12872.12050730278,17172.0,0.7495993773178884,PROPORTIONAL_PRIMARY_ORIGIN_PASS_THROUGH,ALL_CATEGORY_PRIMARY_VOTES_TRACED_PROPORTIONALLY,1,Richard Edwards,ALP,,1.0,1.0,1.0,False,AEC_CANDIDATE_ROUNDS_CATEGORY_EXIT
Groom,QLD,164,ALP,IND+LNP,LNP,4299.8794926972205,17172.0,0.2504006226821116,PROPORTIONAL_PRIMARY_ORIGIN_PASS_THROUGH,ALL_CATEGORY_PRIMARY_VOTES_TRACED_PROPORTIONALLY,1,Richard Edwards,ALP,,1.0,1.0,1.0,False,AEC_CANDIDATE_ROUNDS_CATEGORY_EXIT
Groom,QLD,164,GRN,ALP+IND+LNP+ON,ALP,2422.8369415016123,5757.0,0.4208506064793491,PROPORTIONAL_PRIMARY_ORIGIN_PASS_THROUGH,ALL_CATEGORY_PRIMARY_VOTES_TRACED_PROPORTIONALLY,1,Alyce Nelligan,GRN,,1.0,1.0,1.0,False,AEC_CANDIDATE_ROUNDS_CATEGORY_EXIT
Groom,QLD,164,GRN,ALP+IND+LNP+ON,IND,2352.1229847996315,5757.0,0.40856748042376784,PROPORTIONAL_PRIMARY_ORIGIN_PASS_THROUGH,ALL_CATEGORY_PRIMARY_VOTES_TRACED_PROPORTIONALLY,1,Alyce Nelligan,GRN,,1.0,1.0,1.0,False,AEC_CANDIDATE_ROUNDS_CATEGORY_EXIT
Groom,QLD,164,GRN,ALP+IND+LNP+ON,LNP,439.3104560110549,5757.0,0.07630892062029782,PROPORTIONAL_PRIMARY_ORIGIN_PASS_THROUGH,ALL_CATEGORY_PRIMARY_VOTES_TRACED_PROPORTIONALLY,1,Alyce Nelligan,GRN,,1.0,1.0,1.0,False,AEC_CANDIDATE_ROUNDS_CATEGORY_EXIT
Groom,QLD,164,GRN,ALP+IND+LNP+ON,ON,542.7296176877015,5757.0,0.09427299247658531,PROPORTIONAL_PRIMARY_ORIGIN_PASS_THROUGH,ALL_CATEGORY_PRIMARY_VOTES_TRACED_PROPORTIONALLY,1,Alyce Nelligan,GRN,,1.0,1.0,1.0,False,AEC_CANDIDATE_ROUNDS_CATEGORY_EXIT
Groom,QLD,164,ON,ALP+IND+LNP,ALP,686.3124956539879,9860.0,0.0696057297823517,PROPORTIONAL_PRIMARY_ORIGIN_PASS_THROUGH,ALL_CATEGORY_PRIMARY_VOTES_TRACED_PROPORTIONALLY,1,Rebecca Konz,ON,,1.0,1.0,1.0,False,AEC_CANDIDATE_ROUNDS_CATEGORY_EXIT
Groom,QLD,164,ON,ALP+IND+LNP,IND,4050.683540782977,9860.0,0.4108198317224115,PROPORTIONAL_PRIMARY_ORIGIN_PASS_THROUGH,ALL_CATEGORY_PRIMARY_VOTES_TRACED_PROPORTIONALLY,1,Rebecca Konz,ON,,1.0,1.0,1.0,False,AEC_CANDIDATE_ROUNDS_CATEGORY_EXIT
Groom,QLD,164,ON,ALP+IND+LNP,LNP,5123.003963563035,9860.0,0.5195744384952368,PROPORTIONAL_PRIMARY_ORIGIN_PASS_THROUGH,ALL_CATEGORY_PRIMARY_VOTES_TRACED_PROPORTIONALLY,1,Rebecca Konz,ON,,1.0,1.0,1.0,False,AEC_CANDIDATE_ROUNDS_CATEGORY_EXIT
Groom,QLD,164,OTH,ALP+GRN+IND+LNP+ON,ALP,927.0,10434.0,0.08884416331224841,PROPORTIONAL_PRIMARY_ORIGIN_PASS_THROUGH,ALL_CATEGORY_PRIMARY_VOTES_TRACED_PROPORTIONALLY,3,Alexandra Todd,OTH_FFPA,RIGHT,0.3732029902242668,1.0,1.0,False,AEC_CANDIDATE_ROUNDS_CATEGORY_EXIT
Groom,QLD,164,OTH,ALP+GRN+IND+LNP+ON,GRN,756.0,10434.0,0.07245543415756181,PROPORTIONAL_PRIMARY_ORIGIN_PASS_THROUGH,ALL_CATEGORY_PRIMARY_VOTES_TRACED_PROPORTIONALLY,3,Alexandra Todd,OTH_FFPA,RIGHT,0.3732029902242668,1.0,1.0,False,AEC_CANDIDATE_ROUNDS_CATEGORY_EXIT
Groom,QLD,164,OTH,ALP+GRN+IND+LNP+ON,IND,3117.0,10434.0,0.29873490511788386,PROPORTIONAL_PRIMARY_ORIGIN_PASS_THROUGH,ALL_CATEGORY_PRIMARY_VOTES_TRACED_PROPORTIONALLY,3,Alexandra Todd,OTH_FFPA,RIGHT,0.3732029902242668,1.0,1.0,False,AEC_CANDIDATE_ROUNDS_CATEGORY_EXIT
Groom,QLD,164,OTH,ALP+GRN+IND+LNP+ON,LNP,1727.0,10434.0,0.16551658041019743,PROPORTIONAL_PRIMARY_ORIGIN_PASS_THROUGH,ALL_CATEGORY_PRIMARY_VOTES_TRACED_PROPORTIONALLY,3,Alexandra Todd,OTH_FFPA,RIGHT,0.3732029902242668,1.0,1.0,False,AEC_CANDIDATE_ROUNDS_CATEGORY_EXIT
Groom,QLD,164,OTH,ALP+GRN+IND+LNP+ON,ON,3907.0,10434.0,0.37444891700210853,PROPORTIONAL_PRIMARY_ORIGIN_PASS_THROUGH,ALL_CATEGORY_PRIMARY_VOTES_TRACED_PROPORTIONALLY,3,Alexandra Todd,OTH_FFPA,RIGHT,0.3732029902242668,1.0,1.0,False,AEC_CANDIDATE_ROUNDS_CATEGORY_EXIT
Herbert,QLD,165,GRN,ALP+LNP+OTH,ALP,6482.141950375072,9228.0,0.7024427774572034,PROPORTIONAL_PRIMARY_ORIGIN_PASS_THROUGH,ALL_CATEGORY_PRIMARY_VOTES_TRACED_PROPORTIONALLY,1,Chris Evans,GRN,,1.0,1.0,1.0,False,AEC_CANDIDATE_ROUNDS_CATEGORY_EXIT
Herbert,QLD,165,GRN,ALP+LNP+OTH,LNP,1178.5712637045583,9228.0,0.12771686862858242,PROPORTIONAL_PRIMARY_ORIGIN_PASS_THROUGH,ALL_CATEGORY_PRIMARY_VOTES_TRACED_PROPORTIONALLY,1,Chris Evans,GRN,,1.0,1.0,1.0,False,AEC_CANDIDATE_ROUNDS_CATEGORY_EXIT
Herbert,QLD,165,GRN,ALP+LNP+OTH,OTH,1567.286785920369,9228.0,0.16984035391421423,PROPORTIONAL_PRIMARY_ORIGIN_PASS_THROUGH,ALL_CATEGORY_PRIMARY_VOTES_TRACED_PROPORTIONALLY,1,Chris Evans,GRN,,1.0,1.0,1.0,False,AEC_CANDIDATE_ROUNDS_CATEGORY_EXIT
Herbert,QLD,165,ON,ALP+GRN+LNP+OTH,ALP,244.311377245509,5100.0,0.047904191616766414,PROPORTIONAL_PRIMARY_ORIGIN_PASS_THROUGH,ALL_CATEGORY_PRIMARY_VOTES_TRACED_PROPORTIONALLY,1,Ross Macdonald,ON,,1.0,1.0,1.0,False,AEC_CANDIDATE_ROUNDS_CATEGORY_EXIT
Herbert,QLD,165,ON,ALP+GRN+LNP+OTH,GRN,327.9298545765611,5100.0,0.06429997148560021,PROPORTIONAL_PRIMARY_ORIGIN_PASS_THROUGH,ALL_CATEGORY_PRIMARY_VOTES_TRACED_PROPORTIONALLY,1,Ross Macdonald,ON,,1.0,1.0,1.0,False,AEC_CANDIDATE_ROUNDS_CATEGORY_EXIT
Herbert,QLD,165,ON,ALP+GRN+LNP+OTH,LNP,1212.831479897348,5100.0,0.23781009409751924,PROPORTIONAL_PRIMARY_ORIGIN_PASS_THROUGH,ALL_CATEGORY_PRIMARY_VOTES_TRACED_PROPORTIONALLY,1,Ross Macdonald,ON,,1.0,1.0,1.0,False,AEC_CANDIDATE_ROUNDS_CATEGORY_EXIT
Herbert,QLD,165,ON,ALP+GRN+LNP+OTH,OTH,3314.9272882805813,5100.0,0.6499857428001141,PROPORTIONAL_PRIMARY_ORIGIN_PASS_THROUGH,ALL_CATEGORY_PRIMARY_VOTES_TRACED_PROPORTIONALLY,1,Ross Macdonald,ON,,1.0,1.0,1.0,False,AEC_CANDIDATE_ROUNDS_CATEGORY_EXIT
Herbert,QLD,165,OTH,ALP+LNP,ALP,4739.009044677162,13447.0,0.352421286880134,PROPORTIONAL_PRIMARY_ORIGIN_PASS_THROUGH,ALL_CATEGORY_PRIMARY_VOTES_TRACED_PROPORTIONALLY,4,Darryn Casson,OTH_KAP,CENTRE_RIGHT,0.4877667881311817,1.0,1.0,False,AEC_CANDIDATE_ROUNDS_CATEGORY_EXIT
Herbert,QLD,165,OTH,ALP+LNP,LNP,8707.990955322839,13447.0,0.647578713119866,PROPORTIONAL_PRIMARY_ORIGIN_PASS_THROUGH,ALL_CATEGORY_PRIMARY_VOTES_TRACED_PROPORTIONALLY,4,Darryn Casson,OTH_KAP,CENTRE_RIGHT,0.4877667881311817,1.0,1.0,False,AEC_CANDIDATE_ROUNDS_CATEGORY_EXIT
Hinkler,QLD,166,GRN,ALP+LNP+ON,ALP,4469.595637411257,8000.0,0.558699454676407,PROPORTIONAL_PRIMARY_ORIGIN_PASS_THROUGH,ALL_CATEGORY_PRIMARY_VOTES_TRACED_PROPORTIONALLY,1,Andrew Mclean,GRN,,1.0,1.0,1.0,False,AEC_CANDIDATE_ROUNDS_CATEGORY_EXIT
Hinkler,QLD,166,GRN,ALP+LNP+ON,LNP,2006.790822101039,8000.0,0.2508488527626299,PROPORTIONAL_PRIMARY_ORIGIN_PASS_THROUGH,ALL_CATEGORY_PRIMARY_VOTES_TRACED_PROPORTIONALLY,1,Andrew Mclean,GRN,,1.0,1.0,1.0,False,AEC_CANDIDATE_ROUNDS_CATEGORY_EXIT
Hinkler,QLD,166,GRN,ALP+LNP+ON,ON,1523.6135404877043,8000.0,0.190451692560963,PROPORTIONAL_PRIMARY_ORIGIN_PASS_THROUGH,ALL_CATEGORY_PRIMARY_VOTES_TRACED_PROPORTIONALLY,1,Andrew Mclean,GRN,,1.0,1.0,1.0,False,AEC_CANDIDATE_ROUNDS_CATEGORY_EXIT
Hinkler,QLD,166,ON,ALP+LNP,ALP,4389.09583074051,14498.0,0.3027380211574362,PROPORTIONAL_PRIMARY_ORIGIN_PASS_THROUGH,ALL_CATEGORY_PRIMARY_VOTES_TRACED_PROPORTIONALLY,1,Tyler Carman,ON,,1.0,1.0,1.0,False,AEC_CANDIDATE_ROUNDS_CATEGORY_EXIT
Hinkler,QLD,166,ON,ALP+LNP,LNP,10108.90416925949,14498.0,0.6972619788425638,PROPORTIONAL_PRIMARY_ORIGIN_PASS_THROUGH,ALL_CATEGORY_PRIMARY_VOTES_TRACED_PROPORTIONALLY,1,Tyler Carman,ON,,1.0,1.0,1.0,False,AEC_CANDIDATE_ROUNDS_CATEGORY_EXIT
Hinkler,QLD,166,OTH,ALP+GRN+LNP+ON,ALP,1491.0000000000002,11199.0,0.1331368872220734,PROPORTIONAL_PRIMARY_ORIGIN_PASS_THROUGH,ALL_CATEGORY_PRIMARY_VOTES_TRACED_PROPORTIONALLY,3,Robert Blohberger,OTH_CYA,RIGHT,0.3768193588713278,1.0,1.0,False,AEC_CANDIDATE_ROUNDS_CATEGORY_EXIT
Hinkler,QLD,166,OTH,ALP+GRN+LNP+ON,GRN,1719.0,11199.0,0.1534958478435574,PROPORTIONAL_PRIMARY_ORIGIN_PASS_THROUGH,ALL_CATEGORY_PRIMARY_VOTES_TRACED_PROPORTIONALLY,3,Robert Blohberger,OTH_CYA,RIGHT,0.3768193588713278,1.0,1.0,False,AEC_CANDIDATE_ROUNDS_CATEGORY_EXIT
Hinkler,QLD,166,OTH,ALP+GRN+LNP+ON,LNP,1840.0,11199.0,0.1643003839628538,PROPORTIONAL_PRIMARY_ORIGIN_PASS_THROUGH,ALL_CATEGORY_PRIMARY_VOTES_TRACED_PROPORTIONALLY,3,Robert Blohberger,OTH_CYA,RIGHT,0.3768193588713278,1.0,1.0,False,AEC_CANDIDATE_ROUNDS_CATEGORY_EXIT
Hinkler,QLD,166,OTH,ALP+GRN+LNP+ON,ON,6149.0,11199.0,0.5490668809715153,PROPORTIONAL_PRIMARY_ORIGIN_PASS_THROUGH,ALL_CATEGORY_PRIMARY_VOTES_TRACED_PROPORTIONALLY,3,Robert Blohberger,OTH_CYA,RIGHT,0.3768193588713278,1.0,1.0,False,AEC_CANDIDATE_ROUNDS_CATEGORY_EXIT
Kennedy,QLD,167,ALP,LNP+OTH,LNP,4733.402214880647,15917.0,0.2973802987297008,PROPORTIONAL_PRIMARY_ORIGIN_PASS_THROUGH,ALL_CATEGORY_PRIMARY_VOTES_TRACED_PROPORTIONALLY,1,Sharon Winn,ALP,,1.0,1.0,1.0,False,AEC_CANDIDATE_ROUNDS_CATEGORY_EXIT
Kennedy,QLD,167,ALP,LNP+OTH,OTH,11183.597785119351,15917.0,0.7026197012702992,PROPORTIONAL_PRIMARY_ORIGIN_PASS_THROUGH,ALL_CATEGORY_PRIMARY_VOTES_TRACED_PROPORTIONALLY,1,Sharon Winn,ALP,,1.0,1.0,1.0,False,AEC_CANDIDATE_ROUNDS_CATEGORY_EXIT
Kennedy,QLD,167,GRN,ALP+LNP+ON+OTH,ALP,3540.5156601228837,5761.0,0.6145661621459615,PROPORTIONAL_PRIMARY_ORIGIN_PASS_THROUGH,ALL_CATEGORY_PRIMARY_VOTES_TRACED_PROPORTIONALLY,1,Carole Stanford,GRN,,1.0,1.0,1.0,False,AEC_CANDIDATE_ROUNDS_CATEGORY_EXIT
Kennedy,QLD,167,GRN,ALP+LNP+ON+OTH,LNP,663.0373145511763,5761.0,0.11509066386932411,PROPORTIONAL_PRIMARY_ORIGIN_PASS_THROUGH,ALL_CATEGORY_PRIMARY_VOTES_TRACED_PROPORTIONALLY,1,Carole Stanford,GRN,,1.0,1.0,1.0,False,AEC_CANDIDATE_ROUNDS_CATEGORY_EXIT
Kennedy,QLD,167,GRN,ALP+LNP+ON+OTH,ON,632.8207702682452,5761.0,0.10984564663569601,PROPORTIONAL_PRIMARY_ORIGIN_PASS_THROUGH,ALL_CATEGORY_PRIMARY_VOTES_TRACED_PROPORTIONALLY,1,Carole Stanford,GRN,,1.0,1.0,1.0,False,AEC_CANDIDATE_ROUNDS_CATEGORY_EXIT
Kennedy,QLD,167,GRN,ALP+LNP+ON+OTH,OTH,924.6262550576952,5761.0,0.16049752734901843,PROPORTIONAL_PRIMARY_ORIGIN_PASS_THROUGH,ALL_CATEGORY_PRIMARY_VOTES_TRACED_PROPORTIONALLY,1,Carole Stanford,GRN,,1.0,1.0,1.0,False,AEC_CANDIDATE_ROUNDS_CATEGORY_EXIT
Kennedy,QLD,167,ON,ALP+LNP+OTH,ALP,733.4257270926718,7541.0,0.09725841759616381,PROPORTIONAL_PRIMARY_ORIGIN_PASS_THROUGH,ALL_CATEGORY_PRIMARY_VOTES_TRACED_PROPORTIONALLY,1,Kate Harris,ON,,1.0,1.0,1.0,False,AEC_CANDIDATE_ROUNDS_CATEGORY_EXIT
Kennedy,QLD,167,ON,ALP+LNP+OTH,LNP,1773.4281246742416,7541.0,0.23517147920358591,PROPORTIONAL_PRIMARY_ORIGIN_PASS_THROUGH,ALL_CATEGORY_PRIMARY_VOTES_TRACED_PROPORTIONALLY,1,Kate Harris,ON,,1.0,1.0,1.0,False,AEC_CANDIDATE_ROUNDS_CATEGORY_EXIT
Kennedy,QLD,167,ON,ALP+LNP+OTH,OTH,5034.146148233087,7541.0,0.6675701032002503,PROPORTIONAL_PRIMARY_ORIGIN_PASS_THROUGH,ALL_CATEGORY_PRIMARY_VOTES_TRACED_PROPORTIONALLY,1,Kate Harris,ON,,1.0,1.0,1.0,False,AEC_CANDIDATE_ROUNDS_CATEGORY_EXIT
Leichhardt,QLD,168,GRN,ALP+LNP+ON,ALP,6397.048786674558,8776.0,0.7289253403229898,PROPORTIONAL_PRIMARY_ORIGIN_PASS_THROUGH,ALL_CATEGORY_PRIMARY_VOTES_TRACED_PROPORTIONALLY,1,Phillip Musumeci,GRN,,1.0,1.0,1.0,False,AEC_CANDIDATE_ROUNDS_CATEGORY_EXIT
Leichhardt,QLD,168,GRN,ALP+LNP+ON,LNP,1052.9419125729264,8776.0,0.11997970744905721,PROPORTIONAL_PRIMARY_ORIGIN_PASS_THROUGH,ALL_CATEGORY_PRIMARY_VOTES_TRACED_PROPORTIONALLY,1,Phillip Musumeci,GRN,,1.0,1.0,1.0,False,AEC_CANDIDATE_ROUNDS_CATEGORY_EXIT
Leichhardt,QLD,168,GRN,ALP+LNP+ON,ON,1326.0093007525154,8776.0,0.15109495222795302,PROPORTIONAL_PRIMARY_ORIGIN_PASS_THROUGH,ALL_CATEGORY_PRIMARY_VOTES_TRACED_PROPORTIONALLY,1,Phillip Musumeci,GRN,,1.0,1.0,1.0,False,AEC_CANDIDATE_ROUNDS_CATEGORY_EXIT
Leichhardt,QLD,168,ON,ALP+LNP,ALP,2716.6860586140783,7568.0,0.358970145165708,PROPORTIONAL_PRIMARY_ORIGIN_PASS_THROUGH,ALL_CATEGORY_PRIMARY_VOTES_TRACED_PROPORTIONALLY,1,Robert Hicks,ON,,1.0,1.0,1.0,False,AEC_CANDIDATE_ROUNDS_CATEGORY_EXIT
Leichhardt,QLD,168,ON,ALP+LNP,LNP,4851.313941385922,7568.0,0.641029854834292,PROPORTIONAL_PRIMARY_ORIGIN_PASS_THROUGH,ALL_CATEGORY_PRIMARY_VOTES_TRACED_PROPORTIONALLY,1,Robert Hicks,ON,,1.0,1.0,1.0,False,AEC_CANDIDATE_ROUNDS_CATEGORY_EXIT
Leichhardt,QLD,168,OTH,ALP+GRN+LNP+ON,ALP,3305.0000000000005,17902.0,0.18461624399508433,PROPORTIONAL_PRIMARY_ORIGIN_PASS_THROUGH,ALL_CATEGORY_PRIMARY_VOTES_TRACED_PROPORTIONALLY,6,Daniel Collins,OTH_KAP,CENTRE_RIGHT,0.3349905038543179,1.0,1.0,False,AEC_CANDIDATE_ROUNDS_CATEGORY_EXIT
Leichhardt,QLD,168,OTH,ALP+GRN+LNP+ON,GRN,3051.0,17902.0,0.17042788515249693,PROPORTIONAL_PRIMARY_ORIGIN_PASS_THROUGH,ALL_CATEGORY_PRIMARY_VOTES_TRACED_PROPORTIONALLY,6,Daniel Collins,OTH_KAP,CENTRE_RIGHT,0.3349905038543179,1.0,1.0,False,AEC_CANDIDATE_ROUNDS_CATEGORY_EXIT
Leichhardt,QLD,168,OTH,ALP+GRN+LNP+ON,LNP,2646.0,17902.0,0.14780471455703273,PROPORTIONAL_PRIMARY_ORIGIN_PASS_THROUGH,ALL_CATEGORY_PRIMARY_VOTES_TRACED_PROPORTIONALLY,6,Daniel Collins,OTH_KAP,CENTRE_RIGHT,0.3349905038543179,1.0,1.0,False,AEC_CANDIDATE_ROUNDS_CATEGORY_EXIT
Leichhardt,QLD,168,OTH,ALP+GRN+LNP+ON,ON,8900.0,17902.0,0.49715115629538603,PROPORTIONAL_PRIMARY_ORIGIN_PASS_THROUGH,ALL_CATEGORY_PRIMARY_VOTES_TRACED_PROPORTIONALLY,6,Daniel Collins,OTH_KAP,CENTRE_RIGHT,0.3349905038543179,1.0,1.0,False,AEC_CANDIDATE_ROUNDS_CATEGORY_EXIT
Lilley,QLD,169,GRN,ALP+LNP,ALP,15291.171088558034,17294.0,0.884189377157282,PROPORTIONAL_PRIMARY_ORIGIN_PASS_THROUGH,ALL_CATEGORY_PRIMARY_VOTES_TRACED_PROPORTIONALLY,1,Melissa Stevens,GRN,,1.0,1.0,1.0,False,AEC_CANDIDATE_ROUNDS_CATEGORY_EXIT
Lilley,QLD,169,GRN,ALP+LNP,LNP,2002.828911441966,17294.0,0.115810622842718,PROPORTIONAL_PRIMARY_ORIGIN_PASS_THROUGH,ALL_CATEGORY_PRIMARY_VOTES_TRACED_PROPORTIONALLY,1,Melissa Stevens,GRN,,1.0,1.0,1.0,False,AEC_CANDIDATE_ROUNDS_CATEGORY_EXIT
Lilley,QLD,169,ON,ALP+GRN+LNP,ALP,716.7123562449852,4485.0,0.1598020861192832,PROPORTIONAL_PRIMARY_ORIGIN_PASS_THROUGH,ALL_CATEGORY_PRIMARY_VOTES_TRACED_PROPORTIONALLY,1,Michelle Mckay,ON,,1.0,1.0,1.0,False,AEC_CANDIDATE_ROUNDS_CATEGORY_EXIT
Lilley,QLD,169,ON,ALP+GRN+LNP,GRN,812.0740839796737,4485.0,0.181064455736828,PROPORTIONAL_PRIMARY_ORIGIN_PASS_THROUGH,ALL_CATEGORY_PRIMARY_VOTES_TRACED_PROPORTIONALLY,1,Michelle Mckay,ON,,1.0,1.0,1.0,False,AEC_CANDIDATE_ROUNDS_CATEGORY_EXIT
Lilley,QLD,169,ON,ALP+GRN+LNP,LNP,2956.2135597753413,4485.0,0.6591334581438888,PROPORTIONAL_PRIMARY_ORIGIN_PASS_THROUGH,ALL_CATEGORY_PRIMARY_VOTES_TRACED_PROPORTIONALLY,1,Michelle Mckay,ON,,1.0,1.0,1.0,False,AEC_CANDIDATE_ROUNDS_CATEGORY_EXIT
Lilley,QLD,169,OTH,ALP+GRN+LNP+ON,ALP,1090.0,5874.0,0.18556350017024173,PROPORTIONAL_PRIMARY_ORIGIN_PASS_THROUGH,ALL_CATEGORY_PRIMARY_VOTES_TRACED_PROPORTIONALLY,2,Joshua Morrison,OTH_CYA,RIGHT,0.5325161729656112,1.0,1.0,False,AEC_CANDIDATE_ROUNDS_CATEGORY_EXIT
Lilley,QLD,169,OTH,ALP+GRN+LNP+ON,GRN,763.0,5874.0,0.12989445011916922,PROPORTIONAL_PRIMARY_ORIGIN_PASS_THROUGH,ALL_CATEGORY_PRIMARY_VOTES_TRACED_PROPORTIONALLY,2,Joshua Morrison,OTH_CYA,RIGHT,0.5325161729656112,1.0,1.0,False,AEC_CANDIDATE_ROUNDS_CATEGORY_EXIT
Lilley,QLD,169,OTH,ALP+GRN+LNP+ON,LNP,1028.0,5874.0,0.17500851208716373,PROPORTIONAL_PRIMARY_ORIGIN_PASS_THROUGH,ALL_CATEGORY_PRIMARY_VOTES_TRACED_PROPORTIONALLY,2,Joshua Morrison,OTH_CYA,RIGHT,0.5325161729656112,1.0,1.0,False,AEC_CANDIDATE_ROUNDS_CATEGORY_EXIT
Lilley,QLD,169,OTH,ALP+GRN+LNP+ON,ON,2993.0,5874.0,0.5095335376234253,PROPORTIONAL_PRIMARY_ORIGIN_PASS_THROUGH,ALL_CATEGORY_PRIMARY_VOTES_TRACED_PROPORTIONALLY,2,Joshua Morrison,OTH_CYA,RIGHT,0.5325161729656112,1.0,1.0,False,AEC_CANDIDATE_ROUNDS_CATEGORY_EXIT
Longman,QLD,302,GRN,ALP+LNP+ON,ALP,8309.990278920211,12014.0,0.6916922156584162,PROPORTIONAL_PRIMARY_ORIGIN_PASS_THROUGH,ALL_CATEGORY_PRIMARY_VOTES_TRACED_PROPORTIONALLY,1,Gabrielle Unverzagt,GRN,,1.0,1.0,1.0,False,AEC_CANDIDATE_ROUNDS_CATEGORY_EXIT
Longman,QLD,302,GRN,ALP+LNP+ON,LNP,1412.2491587527106,12014.0,0.11755028789351672,PROPORTIONAL_PRIMARY_ORIGIN_PASS_THROUGH,ALL_CATEGORY_PRIMARY_VOTES_TRACED_PROPORTIONALLY,1,Gabrielle Unverzagt,GRN,,1.0,1.0,1.0,False,AEC_CANDIDATE_ROUNDS_CATEGORY_EXIT
Longman,QLD,302,GRN,ALP+LNP+ON,ON,2291.760562327077,12014.0,0.19075749644806705,PROPORTIONAL_PRIMARY_ORIGIN_PASS_THROUGH,ALL_CATEGORY_PRIMARY_VOTES_TRACED_PROPORTIONALLY,1,Gabrielle Unverzagt,GRN,,1.0,1.0,1.0,False,AEC_CANDIDATE_ROUNDS_CATEGORY_EXIT
Longman,QLD,302,ON,ALP+LNP,ALP,4070.821333857185,12062.0,0.3374914055593753,PROPORTIONAL_PRIMARY_ORIGIN_PASS_THROUGH,ALL_CATEGORY_PRIMARY_VOTES_TRACED_PROPORTIONALLY,1,Peter Mccasker,ON,,1.0,1.0,1.0,False,AEC_CANDIDATE_ROUNDS_CATEGORY_EXIT
Longman,QLD,302,ON,ALP+LNP,LNP,7991.178666142815,12062.0,0.6625085944406247,PROPORTIONAL_PRIMARY_ORIGIN_PASS_THROUGH,ALL_CATEGORY_PRIMARY_VOTES_TRACED_PROPORTIONALLY,1,Peter Mccasker,ON,,1.0,1.0,1.0,False,AEC_CANDIDATE_ROUNDS_CATEGORY_EXIT
Longman,QLD,302,OTH,ALP+GRN+LNP+ON,ALP,1470.0,10655.0,0.1379633974659784,PROPORTIONAL_PRIMARY_ORIGIN_PASS_THROUGH,ALL_CATEGORY_PRIMARY_VOTES_TRACED_PROPORTIONALLY,2,Benjamin Wood,OTH_CYA,RIGHT,0.5617081182543406,1.0,1.0,False,AEC_CANDIDATE_ROUNDS_CATEGORY_EXIT
Longman,QLD,302,OTH,ALP+GRN+LNP+ON,GRN,1359.0,10655.0,0.1275457531675269,PROPORTIONAL_PRIMARY_ORIGIN_PASS_THROUGH,ALL_CATEGORY_PRIMARY_VOTES_TRACED_PROPORTIONALLY,2,Benjamin Wood,OTH_CYA,RIGHT,0.5617081182543406,1.0,1.0,False,AEC_CANDIDATE_ROUNDS_CATEGORY_EXIT
Longman,QLD,302,OTH,ALP+GRN+LNP+ON,LNP,2077.0,10655.0,0.1949319568277804,PROPORTIONAL_PRIMARY_ORIGIN_PASS_THROUGH,ALL_CATEGORY_PRIMARY_VOTES_TRACED_PROPORTIONALLY,2,Benjamin Wood,OTH_CYA,RIGHT,0.5617081182543406,1.0,1.0,False,AEC_CANDIDATE_ROUNDS_CATEGORY_EXIT
Longman,QLD,302,OTH,ALP+GRN+LNP+ON,ON,5749.0,10655.0,0.5395588925387143,PROPORTIONAL_PRIMARY_ORIGIN_PASS_THROUGH,ALL_CATEGORY_PRIMARY_VOTES_TRACED_PROPORTIONALLY,2,Benjamin Wood,OTH_CYA,RIGHT,0.5617081182543406,1.0,1.0,False,AEC_CANDIDATE_ROUNDS_CATEGORY_EXIT
Maranoa,QLD,170,ALP,LNP+ON,LNP,9234.127485778188,15675.0,0.5890990421549084,PROPORTIONAL_PRIMARY_ORIGIN_PASS_THROUGH,ALL_CATEGORY_PRIMARY_VOTES_TRACED_PROPORTIONALLY,1,Alex Newman,ALP,,1.0,1.0,1.0,False,AEC_CANDIDATE_ROUNDS_CATEGORY_EXIT
Maranoa,QLD,170,ALP,LNP+ON,ON,6440.872514221812,15675.0,0.4109009578450917,PROPORTIONAL_PRIMARY_ORIGIN_PASS_THROUGH,ALL_CATEGORY_PRIMARY_VOTES_TRACED_PROPORTIONALLY,1,Alex Newman,ALP,,1.0,1.0,1.0,False,AEC_CANDIDATE_ROUNDS_CATEGORY_EXIT
Maranoa,QLD,170,GRN,ALP+LNP+ON+OTH,ALP,2942.2960185681127,5032.0,0.5847170148187825,PROPORTIONAL_PRIMARY_ORIGIN_PASS_THROUGH,ALL_CATEGORY_PRIMARY_VOTES_TRACED_PROPORTIONALLY,1,Elizabeth Johnston,GRN,,1.0,1.0,1.0,False,AEC_CANDIDATE_ROUNDS_CATEGORY_EXIT
Maranoa,QLD,170,GRN,ALP+LNP+ON+OTH,LNP,746.57953936797,5032.0,0.14836636314943763,PROPORTIONAL_PRIMARY_ORIGIN_PASS_THROUGH,ALL_CATEGORY_PRIMARY_VOTES_TRACED_PROPORTIONALLY,1,Elizabeth Johnston,GRN,,1.0,1.0,1.0,False,AEC_CANDIDATE_ROUNDS_CATEGORY_EXIT
Maranoa,QLD,170,GRN,ALP+LNP+ON+OTH,ON,455.4943760042849,5032.0,0.09051955008034271,PROPORTIONAL_PRIMARY_ORIGIN_PASS_THROUGH,ALL_CATEGORY_PRIMARY_VOTES_TRACED_PROPORTIONALLY,1,Elizabeth Johnston,GRN,,1.0,1.0,1.0,False,AEC_CANDIDATE_ROUNDS_CATEGORY_EXIT
Maranoa,QLD,170,GRN,ALP+LNP+ON+OTH,OTH,887.6300660596322,5032.0,0.17639707195143722,PROPORTIONAL_PRIMARY_ORIGIN_PASS_THROUGH,ALL_CATEGORY_PRIMARY_VOTES_TRACED_PROPORTIONALLY,1,Elizabeth Johnston,GRN,,1.0,1.0,1.0,False,AEC_CANDIDATE_ROUNDS_CATEGORY_EXIT
Maranoa,QLD,170,OTH,ALP+LNP+ON,ALP,1847.4727527961063,13015.0,0.14194950079109533,PROPORTIONAL_PRIMARY_ORIGIN_PASS_THROUGH,ALL_CATEGORY_PRIMARY_VOTES_TRACED_PROPORTIONALLY,4,Rod Draper,OTH_GRPF,RIGHT,0.4265847099500576,1.0,1.0,False,AEC_CANDIDATE_ROUNDS_CATEGORY_EXIT
Maranoa,QLD,170,OTH,ALP+LNP+ON,LNP,3428.128374797383,13015.0,0.26339826160563834,PROPORTIONAL_PRIMARY_ORIGIN_PASS_THROUGH,ALL_CATEGORY_PRIMARY_VOTES_TRACED_PROPORTIONALLY,4,Rod Draper,OTH_GRPF,RIGHT,0.4265847099500576,1.0,1.0,False,AEC_CANDIDATE_ROUNDS_CATEGORY_EXIT
Maranoa,QLD,170,OTH,ALP+LNP+ON,ON,7739.39887240651,13015.0,0.5946522376032664,PROPORTIONAL_PRIMARY_ORIGIN_PASS_THROUGH,ALL_CATEGORY_PRIMARY_VOTES_TRACED_PROPORTIONALLY,4,Rod Draper,OTH_GRPF,RIGHT,0.4265847099500576,1.0,1.0,False,AEC_CANDIDATE_ROUNDS_CATEGORY_EXIT
McPherson,QLD,171,GRN,ALP+IND+LNP,ALP,3705.539746649532,8175.0,0.4532770332293005,PROPORTIONAL_PRIMARY_ORIGIN_PASS_THROUGH,ALL_CATEGORY_PRIMARY_VOTES_TRACED_PROPORTIONALLY,1,Amanda Kennealy,GRN,,1.0,1.0,1.0,False,AEC_CANDIDATE_ROUNDS_CATEGORY_EXIT
McPherson,QLD,171,GRN,ALP+IND+LNP,IND,3662.7662015788505,8175.0,0.4480447953001652,PROPORTIONAL_PRIMARY_ORIGIN_PASS_THROUGH,ALL_CATEGORY_PRIMARY_VOTES_TRACED_PROPORTIONALLY,1,Amanda Kennealy,GRN,,1.0,1.0,1.0,False,AEC_CANDIDATE_ROUNDS_CATEGORY_EXIT
McPherson,QLD,171,GRN,ALP+IND+LNP,LNP,806.6940517716174,8175.0,0.0986781714705342,PROPORTIONAL_PRIMARY_ORIGIN_PASS_THROUGH,ALL_CATEGORY_PRIMARY_VOTES_TRACED_PROPORTIONALLY,1,Amanda Kennealy,GRN,,1.0,1.0,1.0,False,AEC_CANDIDATE_ROUNDS_CATEGORY_EXIT
McPherson,QLD,171,IND,ALP+LNP,ALP,7953.100259653237,13366.0,0.5950247089370969,PROPORTIONAL_PRIMARY_ORIGIN_PASS_THROUGH,ALL_CATEGORY_PRIMARY_VOTES_TRACED_PROPORTIONALLY,1,Erchana Murray-Bartlett,IND_PROMINENT,CENTRE_LEFT,1.0,1.0,1.0,False,AEC_CANDIDATE_ROUNDS_CATEGORY_EXIT
McPherson,QLD,171,IND,ALP+LNP,LNP,5412.899740346763,13366.0,0.4049752910629031,PROPORTIONAL_PRIMARY_ORIGIN_PASS_THROUGH,ALL_CATEGORY_PRIMARY_VOTES_TRACED_PROPORTIONALLY,1,Erchana Murray-Bartlett,IND_PROMINENT,CENTRE_LEFT,1.0,1.0,1.0,False,AEC_CANDIDATE_ROUNDS_CATEGORY_EXIT
McPherson,QLD,171,ON,ALP+GRN+IND+LNP,ALP,310.5616018596788,4229.0,0.07343617920540992,PROPORTIONAL_PRIMARY_ORIGIN_PASS_THROUGH,ALL_CATEGORY_PRIMARY_VOTES_TRACED_PROPORTIONALLY,1,Zyion Attiig,ON,,1.0,1.0,1.0,False,AEC_CANDIDATE_ROUNDS_CATEGORY_EXIT
McPherson,QLD,171,ON,ALP+GRN+IND+LNP,GRN,331.5636094674556,4229.0,0.07840236686390531,PROPORTIONAL_PRIMARY_ORIGIN_PASS_THROUGH,ALL_CATEGORY_PRIMARY_VOTES_TRACED_PROPORTIONALLY,1,Zyion Attiig,ON,,1.0,1.0,1.0,False,AEC_CANDIDATE_ROUNDS_CATEGORY_EXIT
McPherson,QLD,171,ON,ALP+GRN+IND+LNP,IND,1283.3567202028742,4229.0,0.30346576500422656,PROPORTIONAL_PRIMARY_ORIGIN_PASS_THROUGH,ALL_CATEGORY_PRIMARY_VOTES_TRACED_PROPORTIONALLY,1,Zyion Attiig,ON,,1.0,1.0,1.0,False,AEC_CANDIDATE_ROUNDS_CATEGORY_EXIT
McPherson,QLD,171,ON,ALP+GRN+IND+LNP,LNP,2303.5180684699917,4229.0,0.5446956889264583,PROPORTIONAL_PRIMARY_ORIGIN_PASS_THROUGH,ALL_CATEGORY_PRIMARY_VOTES_TRACED_PROPORTIONALLY,1,Zyion Attiig,ON,,1.0,1.0,1.0,False,AEC_CANDIDATE_ROUNDS_CATEGORY_EXIT
McPherson,QLD,171,OTH,ALP+GRN+IND+LNP+ON,ALP,1676.0,13749.0,0.12189977452905662,PROPORTIONAL_PRIMARY_ORIGIN_PASS_THROUGH,ALL_CATEGORY_PRIMARY_VOTES_TRACED_PROPORTIONALLY,7,Harry Hatzikalimnios,OTH_GRPF,RIGHT,0.2296894319586879,1.0,1.0,False,AEC_CANDIDATE_ROUNDS_CATEGORY_EXIT
McPherson,QLD,171,OTH,ALP+GRN+IND+LNP+ON,GRN,1977.0,13749.0,0.14379227580187653,PROPORTIONAL_PRIMARY_ORIGIN_PASS_THROUGH,ALL_CATEGORY_PRIMARY_VOTES_TRACED_PROPORTIONALLY,7,Harry Hatzikalimnios,OTH_GRPF,RIGHT,0.2296894319586879,1.0,1.0,False,AEC_CANDIDATE_ROUNDS_CATEGORY_EXIT
McPherson,QLD,171,OTH,ALP+GRN+IND+LNP+ON,IND,2759.0,13749.0,0.20066913957378713,PROPORTIONAL_PRIMARY_ORIGIN_PASS_THROUGH,ALL_CATEGORY_PRIMARY_VOTES_TRACED_PROPORTIONALLY,7,Harry Hatzikalimnios,OTH_GRPF,RIGHT,0.2296894319586879,1.0,1.0,False,AEC_CANDIDATE_ROUNDS_CATEGORY_EXIT
McPherson,QLD,171,OTH,ALP+GRN+IND+LNP+ON,LNP,2102.0,13749.0,0.15288384609789804,PROPORTIONAL_PRIMARY_ORIGIN_PASS_THROUGH,ALL_CATEGORY_PRIMARY_VOTES_TRACED_PROPORTIONALLY,7,Harry Hatzikalimnios,OTH_GRPF,RIGHT,0.2296894319586879,1.0,1.0,False,AEC_CANDIDATE_ROUNDS_CATEGORY_EXIT
McPherson,QLD,171,OTH,ALP+GRN+IND+LNP+ON,ON,5235.0,13749.0,0.3807549639973817,PROPORTIONAL_PRIMARY_ORIGIN_PASS_THROUGH,ALL_CATEGORY_PRIMARY_VOTES_TRACED_PROPORTIONALLY,7,Harry Hatzikalimnios,OTH_GRPF,RIGHT,0.2296894319586879,1.0,1.0,False,AEC_CANDIDATE_ROUNDS_CATEGORY_EXIT
Moncrieff,QLD,172,GRN,ALP+LNP,ALP,6430.600728787091,9558.0,0.6727977326623865,PROPORTIONAL_PRIMARY_ORIGIN_PASS_THROUGH,ALL_CATEGORY_PRIMARY_VOTES_TRACED_PROPORTIONALLY,1,Sally Spain,GRN,,1.0,1.0,1.0,False,AEC_CANDIDATE_ROUNDS_CATEGORY_EXIT
Moncrieff,QLD,172,GRN,ALP+LNP,LNP,3127.3992712129098,9558.0,0.3272022673376135,PROPORTIONAL_PRIMARY_ORIGIN_PASS_THROUGH,ALL_CATEGORY_PRIMARY_VOTES_TRACED_PROPORTIONALLY,1,Sally Spain,GRN,,1.0,1.0,1.0,False,AEC_CANDIDATE_ROUNDS_CATEGORY_EXIT
Moncrieff,QLD,172,IND,ALP+GRN+LNP+ON,ALP,1794.2398199099548,7641.0,0.23481740870435217,PROPORTIONAL_PRIMARY_ORIGIN_PASS_THROUGH,ALL_CATEGORY_PRIMARY_VOTES_TRACED_PROPORTIONALLY,1,Nicole Arrowsmith,IND_PROMINENT,CENTRE,1.0,1.0,1.0,False,AEC_CANDIDATE_ROUNDS_CATEGORY_EXIT
Moncrieff,QLD,172,IND,ALP+GRN+LNP+ON,GRN,2977.6583291645825,7641.0,0.3896948474237119,PROPORTIONAL_PRIMARY_ORIGIN_PASS_THROUGH,ALL_CATEGORY_PRIMARY_VOTES_TRACED_PROPORTIONALLY,1,Nicole Arrowsmith,IND_PROMINENT,CENTRE,1.0,1.0,1.0,False,AEC_CANDIDATE_ROUNDS_CATEGORY_EXIT
Moncrieff,QLD,172,IND,ALP+GRN+LNP+ON,LNP,1481.5665832916457,7641.0,0.19389694847423716,PROPORTIONAL_PRIMARY_ORIGIN_PASS_THROUGH,ALL_CATEGORY_PRIMARY_VOTES_TRACED_PROPORTIONALLY,1,Nicole Arrowsmith,IND_PROMINENT,CENTRE,1.0,1.0,1.0,False,AEC_CANDIDATE_ROUNDS_CATEGORY_EXIT
Moncrieff,QLD,172,IND,ALP+GRN+LNP+ON,ON,1387.5352676338168,7641.0,0.18159079539769882,PROPORTIONAL_PRIMARY_ORIGIN_PASS_THROUGH,ALL_CATEGORY_PRIMARY_VOTES_TRACED_PROPORTIONALLY,1,Nicole Arrowsmith,IND_PROMINENT,CENTRE,1.0,1.0,1.0,False,AEC_CANDIDATE_ROUNDS_CATEGORY_EXIT
Moncrieff,QLD,172,ON,ALP+GRN+LNP,ALP,797.6012694279437,5894.0,0.13532427374074374,PROPORTIONAL_PRIMARY_ORIGIN_PASS_THROUGH,ALL_CATEGORY_PRIMARY_VOTES_TRACED_PROPORTIONALLY,1,Glen Wadsworth,ON,,1.0,1.0,1.0,False,AEC_CANDIDATE_ROUNDS_CATEGORY_EXIT
Moncrieff,QLD,172,ON,ALP+GRN+LNP,GRN,1319.9030026853284,5894.0,0.22394010904060543,PROPORTIONAL_PRIMARY_ORIGIN_PASS_THROUGH,ALL_CATEGORY_PRIMARY_VOTES_TRACED_PROPORTIONALLY,1,Glen Wadsworth,ON,,1.0,1.0,1.0,False,AEC_CANDIDATE_ROUNDS_CATEGORY_EXIT
Moncrieff,QLD,172,ON,ALP+GRN+LNP,LNP,3776.495727886728,5894.0,0.6407356172186509,PROPORTIONAL_PRIMARY_ORIGIN_PASS_THROUGH,ALL_CATEGORY_PRIMARY_VOTES_TRACED_PROPORTIONALLY,1,Glen Wadsworth,ON,,1.0,1.0,1.0,False,AEC_CANDIDATE_ROUNDS_CATEGORY_EXIT
Moncrieff,QLD,172,OTH,ALP+GRN+IND+LNP+ON,ALP,1157.0,10650.0,0.10863849765258213,PROPORTIONAL_PRIMARY_ORIGIN_PASS_THROUGH,ALL_CATEGORY_PRIMARY_VOTES_TRACED_PROPORTIONALLY,4,Vic Naicker,OTH_CYA,RIGHT,0.3816901408450704,1.0,1.0,False,AEC_CANDIDATE_ROUNDS_CATEGORY_EXIT
Moncrieff,QLD,172,OTH,ALP+GRN+IND+LNP+ON,GRN,1084.0,10650.0,0.10178403755868543,PROPORTIONAL_PRIMARY_ORIGIN_PASS_THROUGH,ALL_CATEGORY_PRIMARY_VOTES_TRACED_PROPORTIONALLY,4,Vic Naicker,OTH_CYA,RIGHT,0.3816901408450704,1.0,1.0,False,AEC_CANDIDATE_ROUNDS_CATEGORY_EXIT
Moncrieff,QLD,172,OTH,ALP+GRN+IND+LNP+ON,IND,2354.0,10650.0,0.22103286384976525,PROPORTIONAL_PRIMARY_ORIGIN_PASS_THROUGH,ALL_CATEGORY_PRIMARY_VOTES_TRACED_PROPORTIONALLY,4,Vic Naicker,OTH_CYA,RIGHT,0.3816901408450704,1.0,1.0,False,AEC_CANDIDATE_ROUNDS_CATEGORY_EXIT
Moncrieff,QLD,172,OTH,ALP+GRN+IND+LNP+ON,LNP,1475.0,10650.0,0.13849765258215962,PROPORTIONAL_PRIMARY_ORIGIN_PASS_THROUGH,ALL_CATEGORY_PRIMARY_VOTES_TRACED_PROPORTIONALLY,4,Vic Naicker,OTH_CYA,RIGHT,0.3816901408450704,1.0,1.0,False,AEC_CANDIDATE_ROUNDS_CATEGORY_EXIT
Moncrieff,QLD,172,OTH,ALP+GRN+IND+LNP+ON,ON,4580.0,10650.0,0.4300469483568076,PROPORTIONAL_PRIMARY_ORIGIN_PASS_THROUGH,ALL_CATEGORY_PRIMARY_VOTES_TRACED_PROPORTIONALLY,4,Vic Naicker,OTH_CYA,RIGHT,0.3816901408450704,1.0,1.0,False,AEC_CANDIDATE_ROUNDS_CATEGORY_EXIT
Moreton,QLD,173,GRN,ALP+LNP,ALP,18006.105168861417,20332.0,0.8856042282540536,PROPORTIONAL_PRIMARY_ORIGIN_PASS_THROUGH,ALL_CATEGORY_PRIMARY_VOTES_TRACED_PROPORTIONALLY,1,Remah Naji,GRN,,1.0,1.0,1.0,False,AEC_CANDIDATE_ROUNDS_CATEGORY_EXIT
Moreton,QLD,173,GRN,ALP+LNP,LNP,2325.894831138583,20332.0,0.1143957717459464,PROPORTIONAL_PRIMARY_ORIGIN_PASS_THROUGH,ALL_CATEGORY_PRIMARY_VOTES_TRACED_PROPORTIONALLY,1,Remah Naji,GRN,,1.0,1.0,1.0,False,AEC_CANDIDATE_ROUNDS_CATEGORY_EXIT
Moreton,QLD,173,ON,ALP+GRN+LNP,ALP,441.1487926136364,2686.0,0.1642400568181818,PROPORTIONAL_PRIMARY_ORIGIN_PASS_THROUGH,ALL_CATEGORY_PRIMARY_VOTES_TRACED_PROPORTIONALLY,1,Grant Spork,ON,,1.0,1.0,1.0,False,AEC_CANDIDATE_ROUNDS_CATEGORY_EXIT
Moreton,QLD,173,ON,ALP+GRN+LNP,GRN,481.20987215909093,2686.0,0.1791548295454545,PROPORTIONAL_PRIMARY_ORIGIN_PASS_THROUGH,ALL_CATEGORY_PRIMARY_VOTES_TRACED_PROPORTIONALLY,1,Grant Spork,ON,,1.0,1.0,1.0,False,AEC_CANDIDATE_ROUNDS_CATEGORY_EXIT
Moreton,QLD,173,ON,ALP+GRN+LNP,LNP,1763.6413352272727,2686.0,0.6566051136363636,PROPORTIONAL_PRIMARY_ORIGIN_PASS_THROUGH,ALL_CATEGORY_PRIMARY_VOTES_TRACED_PROPORTIONALLY,1,Grant Spork,ON,,1.0,1.0,1.0,False,AEC_CANDIDATE_ROUNDS_CATEGORY_EXIT
Moreton,QLD,173,OTH,ALP+GRN+LNP+ON,ALP,1620.0,6984.0,0.23195876288659795,PROPORTIONAL_PRIMARY_ORIGIN_PASS_THROUGH,ALL_CATEGORY_PRIMARY_VOTES_TRACED_PROPORTIONALLY,4,Natarsha Billing,OTH_GRPF,RIGHT,0.3211626575028637,1.0,1.0,False,AEC_CANDIDATE_ROUNDS_CATEGORY_EXIT
Moreton,QLD,173,OTH,ALP+GRN+LNP+ON,GRN,985.0,6984.0,0.14103665521191291,PROPORTIONAL_PRIMARY_ORIGIN_PASS_THROUGH,ALL_CATEGORY_PRIMARY_VOTES_TRACED_PROPORTIONALLY,4,Natarsha Billing,OTH_GRPF,RIGHT,0.3211626575028637,1.0,1.0,False,AEC_CANDIDATE_ROUNDS_CATEGORY_EXIT
Moreton,QLD,173,OTH,ALP+GRN+LNP+ON,LNP,1433.0,6984.0,0.20518327605956477,PROPORTIONAL_PRIMARY_ORIGIN_PASS_THROUGH,ALL_CATEGORY_PRIMARY_VOTES_TRACED_PROPORTIONALLY,4,Natarsha Billing,OTH_GRPF,RIGHT,0.3211626575028637,1.0,1.0,False,AEC_CANDIDATE_ROUNDS_CATEGORY_EXIT
Moreton,QLD,173,OTH,ALP+GRN+LNP+ON,ON,2945.9999999999995,6984.0,0.4218213058419244,PROPORTIONAL_PRIMARY_ORIGIN_PASS_THROUGH,ALL_CATEGORY_PRIMARY_VOTES_TRACED_PROPORTIONALLY,4,Natarsha Billing,OTH_GRPF,RIGHT,0.3211626575028637,1.0,1.0,False,AEC_CANDIDATE_ROUNDS_CATEGORY_EXIT
Oxley,QLD,174,GRN,ALP+LNP,ALP,11150.901833438704,13979.0,0.797689522386344,PROPORTIONAL_PRIMARY_ORIGIN_PASS_THROUGH,ALL_CATEGORY_PRIMARY_VOTES_TRACED_PROPORTIONALLY,1,Brandan Holt,GRN,,1.0,1.0,1.0,False,AEC_CANDIDATE_ROUNDS_CATEGORY_EXIT
Oxley,QLD,174,GRN,ALP+LNP,LNP,2828.0981665612967,13979.0,0.2023104776136559,PROPORTIONAL_PRIMARY_ORIGIN_PASS_THROUGH,ALL_CATEGORY_PRIMARY_VOTES_TRACED_PROPORTIONALLY,1,Brandan Holt,GRN,,1.0,1.0,1.0,False,AEC_CANDIDATE_ROUNDS_CATEGORY_EXIT
Oxley,QLD,174,ON,ALP+GRN+LNP,ALP,1268.821769009089,5738.0,0.22112613611172693,PROPORTIONAL_PRIMARY_ORIGIN_PASS_THROUGH,ALL_CATEGORY_PRIMARY_VOTES_TRACED_PROPORTIONALLY,1,Darren Baker,ON,,1.0,1.0,1.0,False,AEC_CANDIDATE_ROUNDS_CATEGORY_EXIT
Oxley,QLD,174,ON,ALP+GRN+LNP,GRN,1131.4455774772778,5738.0,0.19718465972068272,PROPORTIONAL_PRIMARY_ORIGIN_PASS_THROUGH,ALL_CATEGORY_PRIMARY_VOTES_TRACED_PROPORTIONALLY,1,Darren Baker,ON,,1.0,1.0,1.0,False,AEC_CANDIDATE_ROUNDS_CATEGORY_EXIT
Oxley,QLD,174,ON,ALP+GRN+LNP,LNP,3337.732653513633,5738.0,0.5816892041675904,PROPORTIONAL_PRIMARY_ORIGIN_PASS_THROUGH,ALL_CATEGORY_PRIMARY_VOTES_TRACED_PROPORTIONALLY,1,Darren Baker,ON,,1.0,1.0,1.0,False,AEC_CANDIDATE_ROUNDS_CATEGORY_EXIT
Oxley,QLD,174,OTH,ALP+GRN+LNP+ON,ALP,1238.0,7478.0,0.1655522867076758,PROPORTIONAL_PRIMARY_ORIGIN_PASS_THROUGH,ALL_CATEGORY_PRIMARY_VOTES_TRACED_PROPORTIONALLY,3,William Tento,OTH_FFPA,RIGHT,0.4089328697512704,1.0,1.0,False,AEC_CANDIDATE_ROUNDS_CATEGORY_EXIT
Oxley,QLD,174,OTH,ALP+GRN+LNP+ON,GRN,1641.0,7478.0,0.2194437015244718,PROPORTIONAL_PRIMARY_ORIGIN_PASS_THROUGH,ALL_CATEGORY_PRIMARY_VOTES_TRACED_PROPORTIONALLY,3,William Tento,OTH_FFPA,RIGHT,0.4089328697512704,1.0,1.0,False,AEC_CANDIDATE_ROUNDS_CATEGORY_EXIT
Oxley,QLD,174,OTH,ALP+GRN+LNP+ON,LNP,1315.0,7478.0,0.175849157528751,PROPORTIONAL_PRIMARY_ORIGIN_PASS_THROUGH,ALL_CATEGORY_PRIMARY_VOTES_TRACED_PROPORTIONALLY,3,William Tento,OTH_FFPA,RIGHT,0.4089328697512704,1.0,1.0,False,AEC_CANDIDATE_ROUNDS_CATEGORY_EXIT
Oxley,QLD,174,OTH,ALP+GRN+LNP+ON,ON,3284.0,7478.0,0.4391548542391014,PROPORTIONAL_PRIMARY_ORIGIN_PASS_THROUGH,ALL_CATEGORY_PRIMARY_VOTES_TRACED_PROPORTIONALLY,3,William Tento,OTH_FFPA,RIGHT,0.4089328697512704,1.0,1.0,False,AEC_CANDIDATE_ROUNDS_CATEGORY_EXIT
Petrie,QLD,175,GRN,ALP+LNP,ALP,10694.596149490371,13802.0,0.7748584371460929,PROPORTIONAL_PRIMARY_ORIGIN_PASS_THROUGH,ALL_CATEGORY_PRIMARY_VOTES_TRACED_PROPORTIONALLY,1,Nikil Paul,GRN,,1.0,1.0,1.0,False,AEC_CANDIDATE_ROUNDS_CATEGORY_EXIT
Petrie,QLD,175,GRN,ALP+LNP,LNP,3107.4038505096264,13802.0,0.22514156285390713,PROPORTIONAL_PRIMARY_ORIGIN_PASS_THROUGH,ALL_CATEGORY_PRIMARY_VOTES_TRACED_PROPORTIONALLY,1,Nikil Paul,GRN,,1.0,1.0,1.0,False,AEC_CANDIDATE_ROUNDS_CATEGORY_EXIT
Petrie,QLD,175,ON,ALP+GRN+LNP,ALP,1636.377957860616,7848.0,0.2085089141004862,PROPORTIONAL_PRIMARY_ORIGIN_PASS_THROUGH,ALL_CATEGORY_PRIMARY_VOTES_TRACED_PROPORTIONALLY,1,Nicole Shires,ON,,1.0,1.0,1.0,False,AEC_CANDIDATE_ROUNDS_CATEGORY_EXIT
Petrie,QLD,175,ON,ALP+GRN+LNP,GRN,1527.62528363047,7848.0,0.1946515397082658,PROPORTIONAL_PRIMARY_ORIGIN_PASS_THROUGH,ALL_CATEGORY_PRIMARY_VOTES_TRACED_PROPORTIONALLY,1,Nicole Shires,ON,,1.0,1.0,1.0,False,AEC_CANDIDATE_ROUNDS_CATEGORY_EXIT
Petrie,QLD,175,ON,ALP+GRN+LNP,LNP,4683.996758508914,7848.0,0.596839546191248,PROPORTIONAL_PRIMARY_ORIGIN_PASS_THROUGH,ALL_CATEGORY_PRIMARY_VOTES_TRACED_PROPORTIONALLY,1,Nicole Shires,ON,,1.0,1.0,1.0,False,AEC_CANDIDATE_ROUNDS_CATEGORY_EXIT
Petrie,QLD,175,OTH,ALP+GRN+LNP+ON,ALP,966.0,8408.0,0.1148905803996194,PROPORTIONAL_PRIMARY_ORIGIN_PASS_THROUGH,ALL_CATEGORY_PRIMARY_VOTES_TRACED_PROPORTIONALLY,2,Ryan Mensink,OTH_CYA,RIGHT,0.5572074215033301,1.0,1.0,False,AEC_CANDIDATE_ROUNDS_CATEGORY_EXIT
Petrie,QLD,175,OTH,ALP+GRN+LNP+ON,GRN,1456.0,8408.0,0.1731684110371075,PROPORTIONAL_PRIMARY_ORIGIN_PASS_THROUGH,ALL_CATEGORY_PRIMARY_VOTES_TRACED_PROPORTIONALLY,2,Ryan Mensink,OTH_CYA,RIGHT,0.5572074215033301,1.0,1.0,False,AEC_CANDIDATE_ROUNDS_CATEGORY_EXIT
Petrie,QLD,175,OTH,ALP+GRN+LNP+ON,LNP,1494.0,8408.0,0.1776879162702188,PROPORTIONAL_PRIMARY_ORIGIN_PASS_THROUGH,ALL_CATEGORY_PRIMARY_VOTES_TRACED_PROPORTIONALLY,2,Ryan Mensink,OTH_CYA,RIGHT,0.5572074215033301,1.0,1.0,False,AEC_CANDIDATE_ROUNDS_CATEGORY_EXIT
Petrie,QLD,175,OTH,ALP+GRN+LNP+ON,ON,4492.0,8408.0,0.5342530922930543,PROPORTIONAL_PRIMARY_ORIGIN_PASS_THROUGH,ALL_CATEGORY_PRIMARY_VOTES_TRACED_PROPORTIONALLY,2,Ryan Mensink,OTH_CYA,RIGHT,0.5572074215033301,1.0,1.0,False,AEC_CANDIDATE_ROUNDS_CATEGORY_EXIT
Rankin,QLD,176,GRN,ALP+LNP,ALP,7151.414634146342,10032.0,0.7128603104212861,PROPORTIONAL_PRIMARY_ORIGIN_PASS_THROUGH,ALL_CATEGORY_PRIMARY_VOTES_TRACED_PROPORTIONALLY,1,Joshua Riethmuller,GRN,,1.0,1.0,1.0,False,AEC_CANDIDATE_ROUNDS_CATEGORY_EXIT
Rankin,QLD,176,GRN,ALP+LNP,LNP,2880.5853658536585,10032.0,0.2871396895787139,PROPORTIONAL_PRIMARY_ORIGIN_PASS_THROUGH,ALL_CATEGORY_PRIMARY_VOTES_TRACED_PROPORTIONALLY,1,Joshua Riethmuller,GRN,,1.0,1.0,1.0,False,AEC_CANDIDATE_ROUNDS_CATEGORY_EXIT
Rankin,QLD,176,ON,ALP+GRN+LNP,ALP,1236.4310516321548,6021.0,0.2053531060674563,PROPORTIONAL_PRIMARY_ORIGIN_PASS_THROUGH,ALL_CATEGORY_PRIMARY_VOTES_TRACED_PROPORTIONALLY,1,Kyle Lentz,ON,,1.0,1.0,1.0,False,AEC_CANDIDATE_ROUNDS_CATEGORY_EXIT
Rankin,QLD,176,ON,ALP+GRN+LNP,GRN,1348.586400217018,6021.0,0.2239804683967809,PROPORTIONAL_PRIMARY_ORIGIN_PASS_THROUGH,ALL_CATEGORY_PRIMARY_VOTES_TRACED_PROPORTIONALLY,1,Kyle Lentz,ON,,1.0,1.0,1.0,False,AEC_CANDIDATE_ROUNDS_CATEGORY_EXIT
Rankin,QLD,176,ON,ALP+GRN+LNP,LNP,3435.9825481508274,6021.0,0.5706664255357627,PROPORTIONAL_PRIMARY_ORIGIN_PASS_THROUGH,ALL_CATEGORY_PRIMARY_VOTES_TRACED_PROPORTIONALLY,1,Kyle Lentz,ON,,1.0,1.0,1.0,False,AEC_CANDIDATE_ROUNDS_CATEGORY_EXIT
Rankin,QLD,176,OTH,ALP+GRN+LNP+ON,ALP,1587.0000000000002,12212.0,0.12995414346544382,PROPORTIONAL_PRIMARY_ORIGIN_PASS_THROUGH,ALL_CATEGORY_PRIMARY_VOTES_TRACED_PROPORTIONALLY,4,Carol Ordish,OTH_FFPA,RIGHT,0.3162463150999017,1.0,1.0,False,AEC_CANDIDATE_ROUNDS_CATEGORY_EXIT
Rankin,QLD,176,OTH,ALP+GRN+LNP+ON,GRN,2825.0,12212.0,0.23132983950212904,PROPORTIONAL_PRIMARY_ORIGIN_PASS_THROUGH,ALL_CATEGORY_PRIMARY_VOTES_TRACED_PROPORTIONALLY,4,Carol Ordish,OTH_FFPA,RIGHT,0.3162463150999017,1.0,1.0,False,AEC_CANDIDATE_ROUNDS_CATEGORY_EXIT
Rankin,QLD,176,OTH,ALP+GRN+LNP+ON,LNP,2762.0,12212.0,0.22617097936455946,PROPORTIONAL_PRIMARY_ORIGIN_PASS_THROUGH,ALL_CATEGORY_PRIMARY_VOTES_TRACED_PROPORTIONALLY,4,Carol Ordish,OTH_FFPA,RIGHT,0.3162463150999017,1.0,1.0,False,AEC_CANDIDATE_ROUNDS_CATEGORY_EXIT
Rankin,QLD,176,OTH,ALP+GRN+LNP+ON,ON,5038.0,12212.0,0.4125450376678677,PROPORTIONAL_PRIMARY_ORIGIN_PASS_THROUGH,ALL_CATEGORY_PRIMARY_VOTES_TRACED_PROPORTIONALLY,4,Carol Ordish,OTH_FFPA,RIGHT,0.3162463150999017,1.0,1.0,False,AEC_CANDIDATE_ROUNDS_CATEGORY_EXIT
Ryan,QLD,177,ALP,GRN+LNP,GRN,22137.128767034603,29217.0,0.7576797332729097,PROPORTIONAL_PRIMARY_ORIGIN_PASS_THROUGH,ALL_CATEGORY_PRIMARY_VOTES_TRACED_PROPORTIONALLY,1,Rebecca Hack,ALP,,1.0,1.0,1.0,False,AEC_CANDIDATE_ROUNDS_CATEGORY_EXIT
Ryan,QLD,177,ALP,GRN+LNP,LNP,7079.871232965397,29217.0,0.2423202667270903,PROPORTIONAL_PRIMARY_ORIGIN_PASS_THROUGH,ALL_CATEGORY_PRIMARY_VOTES_TRACED_PROPORTIONALLY,1,Rebecca Hack,ALP,,1.0,1.0,1.0,False,AEC_CANDIDATE_ROUNDS_CATEGORY_EXIT
Ryan,QLD,177,ON,ALP+GRN+LNP,ALP,327.0617283950617,2327.0,0.14055080721747382,PROPORTIONAL_PRIMARY_ORIGIN_PASS_THROUGH,ALL_CATEGORY_PRIMARY_VOTES_TRACED_PROPORTIONALLY,1,Robbie Elsom,ON,,1.0,1.0,1.0,False,AEC_CANDIDATE_ROUNDS_CATEGORY_EXIT
Ryan,QLD,177,ON,ALP+GRN+LNP,GRN,297.4493827160494,2327.0,0.12782526115859452,PROPORTIONAL_PRIMARY_ORIGIN_PASS_THROUGH,ALL_CATEGORY_PRIMARY_VOTES_TRACED_PROPORTIONALLY,1,Robbie Elsom,ON,,1.0,1.0,1.0,False,AEC_CANDIDATE_ROUNDS_CATEGORY_EXIT
Ryan,QLD,177,ON,ALP+GRN+LNP,LNP,1702.4888888888888,2327.0,0.7316239316239317,PROPORTIONAL_PRIMARY_ORIGIN_PASS_THROUGH,ALL_CATEGORY_PRIMARY_VOTES_TRACED_PROPORTIONALLY,1,Robbie Elsom,ON,,1.0,1.0,1.0,False,AEC_CANDIDATE_ROUNDS_CATEGORY_EXIT
Ryan,QLD,177,OTH,ALP+GRN+LNP+ON,ALP,936.0,6126.0,0.15279138099902054,PROPORTIONAL_PRIMARY_ORIGIN_PASS_THROUGH,ALL_CATEGORY_PRIMARY_VOTES_TRACED_PROPORTIONALLY,4,N De Lapp,OTH_GRPF,RIGHT,0.3929154423767548,1.0,1.0,False,AEC_CANDIDATE_ROUNDS_CATEGORY_EXIT
Ryan,QLD,177,OTH,ALP+GRN+LNP+ON,GRN,1046.0,6126.0,0.17074763303950372,PROPORTIONAL_PRIMARY_ORIGIN_PASS_THROUGH,ALL_CATEGORY_PRIMARY_VOTES_TRACED_PROPORTIONALLY,4,N De Lapp,OTH_GRPF,RIGHT,0.3929154423767548,1.0,1.0,False,AEC_CANDIDATE_ROUNDS_CATEGORY_EXIT
Ryan,QLD,177,OTH,ALP+GRN+LNP+ON,LNP,1206.0,6126.0,0.19686581782566115,PROPORTIONAL_PRIMARY_ORIGIN_PASS_THROUGH,ALL_CATEGORY_PRIMARY_VOTES_TRACED_PROPORTIONALLY,4,N De Lapp,OTH_GRPF,RIGHT,0.3929154423767548,1.0,1.0,False,AEC_CANDIDATE_ROUNDS_CATEGORY_EXIT
Ryan,QLD,177,OTH,ALP+GRN+LNP+ON,ON,2938.0,6126.0,0.4795951681358146,PROPORTIONAL_PRIMARY_ORIGIN_PASS_THROUGH,ALL_CATEGORY_PRIMARY_VOTES_TRACED_PROPORTIONALLY,4,N De Lapp,OTH_GRPF,RIGHT,0.3929154423767548,1.0,1.0,False,AEC_CANDIDATE_ROUNDS_CATEGORY_EXIT
Wide Bay,QLD,178,GRN,ALP+LNP+ON,ALP,6253.466644261469,9080.0,0.6887077802050076,PROPORTIONAL_PRIMARY_ORIGIN_PASS_THROUGH,ALL_CATEGORY_PRIMARY_VOTES_TRACED_PROPORTIONALLY,1,Emma Buhse,GRN,,1.0,1.0,1.0,False,AEC_CANDIDATE_ROUNDS_CATEGORY_EXIT
Wide Bay,QLD,178,GRN,ALP+LNP+ON,LNP,1393.8128045706603,9080.0,0.1535036128381784,PROPORTIONAL_PRIMARY_ORIGIN_PASS_THROUGH,ALL_CATEGORY_PRIMARY_VOTES_TRACED_PROPORTIONALLY,1,Emma Buhse,GRN,,1.0,1.0,1.0,False,AEC_CANDIDATE_ROUNDS_CATEGORY_EXIT
Wide Bay,QLD,178,GRN,ALP+LNP+ON,ON,1432.720551167871,9080.0,0.157788606956814,PROPORTIONAL_PRIMARY_ORIGIN_PASS_THROUGH,ALL_CATEGORY_PRIMARY_VOTES_TRACED_PROPORTIONALLY,1,Emma Buhse,GRN,,1.0,1.0,1.0,False,AEC_CANDIDATE_ROUNDS_CATEGORY_EXIT
Wide Bay,QLD,178,ON,ALP+LNP,ALP,3700.6558300623415,12646.0,0.2926344954975756,PROPORTIONAL_PRIMARY_ORIGIN_PASS_THROUGH,ALL_CATEGORY_PRIMARY_VOTES_TRACED_PROPORTIONALLY,1,Chad Burgess,ON,,1.0,1.0,1.0,False,AEC_CANDIDATE_ROUNDS_CATEGORY_EXIT
Wide Bay,QLD,178,ON,ALP+LNP,LNP,8945.34416993766,12646.0,0.7073655045024245,PROPORTIONAL_PRIMARY_ORIGIN_PASS_THROUGH,ALL_CATEGORY_PRIMARY_VOTES_TRACED_PROPORTIONALLY,1,Chad Burgess,ON,,1.0,1.0,1.0,False,AEC_CANDIDATE_ROUNDS_CATEGORY_EXIT
Wide Bay,QLD,178,OTH,ALP+GRN+LNP+ON,ALP,2707.0,15006.0,0.1803945088631214,PROPORTIONAL_PRIMARY_ORIGIN_PASS_THROUGH,ALL_CATEGORY_PRIMARY_VOTES_TRACED_PROPORTIONALLY,3,Kirsti Kenningale,OTH_FFPA,RIGHT,0.3594562175129948,1.0,1.0,False,AEC_CANDIDATE_ROUNDS_CATEGORY_EXIT
Wide Bay,QLD,178,OTH,ALP+GRN+LNP+ON,GRN,2822.0,15006.0,0.1880581100892976,PROPORTIONAL_PRIMARY_ORIGIN_PASS_THROUGH,ALL_CATEGORY_PRIMARY_VOTES_TRACED_PROPORTIONALLY,3,Kirsti Kenningale,OTH_FFPA,RIGHT,0.3594562175129948,1.0,1.0,False,AEC_CANDIDATE_ROUNDS_CATEGORY_EXIT
Wide Bay,QLD,178,OTH,ALP+GRN+LNP+ON,LNP,2346.0,15006.0,0.1563374650139944,PROPORTIONAL_PRIMARY_ORIGIN_PASS_THROUGH,ALL_CATEGORY_PRIMARY_VOTES_TRACED_PROPORTIONALLY,3,Kirsti Kenningale,OTH_FFPA,RIGHT,0.3594562175129948,1.0,1.0,False,AEC_CANDIDATE_ROUNDS_CATEGORY_EXIT
Wide Bay,QLD,178,OTH,ALP+GRN+LNP+ON,ON,7131.0,15006.0,0.4752099160335866,PROPORTIONAL_PRIMARY_ORIGIN_PASS_THROUGH,ALL_CATEGORY_PRIMARY_VOTES_TRACED_PROPORTIONALLY,3,Kirsti Kenningale,OTH_FFPA,RIGHT,0.3594562175129948,1.0,1.0,False,AEC_CANDIDATE_ROUNDS_CATEGORY_EXIT
Wright,QLD,316,GRN,ALP+LNP+ON,ALP,7495.319075144508,11128.0,0.6735549132947978,PROPORTIONAL_PRIMARY_ORIGIN_PASS_THROUGH,ALL_CATEGORY_PRIMARY_VOTES_TRACED_PROPORTIONALLY,1,Nicole Thompson,GRN,,1.0,1.0,1.0,False,AEC_CANDIDATE_ROUNDS_CATEGORY_EXIT
Wright,QLD,316,GRN,ALP+LNP+ON,LNP,1301.750867052023,11128.0,0.11697976878612712,PROPORTIONAL_PRIMARY_ORIGIN_PASS_THROUGH,ALL_CATEGORY_PRIMARY_VOTES_TRACED_PROPORTIONALLY,1,Nicole Thompson,GRN,,1.0,1.0,1.0,False,AEC_CANDIDATE_ROUNDS_CATEGORY_EXIT
Wright,QLD,316,GRN,ALP+LNP+ON,ON,2330.930057803468,11128.0,0.20946531791907513,PROPORTIONAL_PRIMARY_ORIGIN_PASS_THROUGH,ALL_CATEGORY_PRIMARY_VOTES_TRACED_PROPORTIONALLY,1,Nicole Thompson,GRN,,1.0,1.0,1.0,False,AEC_CANDIDATE_ROUNDS_CATEGORY_EXIT
Wright,QLD,316,ON,ALP+LNP,ALP,4844.460231902225,18998.0,0.2549984330930743,PROPORTIONAL_PRIMARY_ORIGIN_PASS_THROUGH,ALL_CATEGORY_PRIMARY_VOTES_TRACED_PROPORTIONALLY,1,Natalie Davis,ON,,1.0,1.0,1.0,False,AEC_CANDIDATE_ROUNDS_CATEGORY_EXIT
Wright,QLD,316,ON,ALP+LNP,LNP,14153.539768097777,18998.0,0.7450015669069258,PROPORTIONAL_PRIMARY_ORIGIN_PASS_THROUGH,ALL_CATEGORY_PRIMARY_VOTES_TRACED_PROPORTIONALLY,1,Natalie Davis,ON,,1.0,1.0,1.0,False,AEC_CANDIDATE_ROUNDS_CATEGORY_EXIT
Wright,QLD,316,OTH,ALP+GRN+LNP+ON,ALP,1949.0,17237.0,0.11307071996287052,PROPORTIONAL_PRIMARY_ORIGIN_PASS_THROUGH,ALL_CATEGORY_PRIMARY_VOTES_TRACED_PROPORTIONALLY,4,Justin Mcguiness,OTH_GRPF,RIGHT,0.3439113534837849,1.0,1.0,False,AEC_CANDIDATE_ROUNDS_CATEGORY_EXIT
Wright,QLD,316,OTH,ALP+GRN+LNP+ON,GRN,2712.0,17237.0,0.15733596333468702,PROPORTIONAL_PRIMARY_ORIGIN_PASS_THROUGH,ALL_CATEGORY_PRIMARY_VOTES_TRACED_PROPORTIONALLY,4,Justin Mcguiness,OTH_GRPF,RIGHT,0.3439113534837849,1.0,1.0,False,AEC_CANDIDATE_ROUNDS_CATEGORY_EXIT
Wright,QLD,316,OTH,ALP+GRN+LNP+ON,LNP,2562.9999999999995,17237.0,0.14869176770899803,PROPORTIONAL_PRIMARY_ORIGIN_PASS_THROUGH,ALL_CATEGORY_PRIMARY_VOTES_TRACED_PROPORTIONALLY,4,Justin Mcguiness,OTH_GRPF,RIGHT,0.3439113534837849,1.0,1.0,False,AEC_CANDIDATE_ROUNDS_CATEGORY_EXIT
Wright,QLD,316,OTH,ALP+GRN+LNP+ON,ON,10013.0,17237.0,0.5809015489934445,PROPORTIONAL_PRIMARY_ORIGIN_PASS_THROUGH,ALL_CATEGORY_PRIMARY_VOTES_TRACED_PROPORTIONALLY,4,Justin Mcguiness,OTH_GRPF,RIGHT,0.3439113534837849,1.0,1.0,False,AEC_CANDIDATE_ROUNDS_CATEGORY_EXIT
Adelaide,SA,179,GRN,ALP+LNP,ALP,19298.925649235145,21642.0,0.8917348511798886,PROPORTIONAL_PRIMARY_ORIGIN_PASS_THROUGH,ALL_CATEGORY_PRIMARY_VOTES_TRACED_PROPORTIONALLY,1,Mat Monti,GRN,,1.0,1.0,1.0,False,AEC_CANDIDATE_ROUNDS_CATEGORY_EXIT
Adelaide,SA,179,GRN,ALP+LNP,LNP,2343.0743507648526,21642.0,0.10826514882011143,PROPORTIONAL_PRIMARY_ORIGIN_PASS_THROUGH,ALL_CATEGORY_PRIMARY_VOTES_TRACED_PROPORTIONALLY,1,Mat Monti,GRN,,1.0,1.0,1.0,False,AEC_CANDIDATE_ROUNDS_CATEGORY_EXIT
Adelaide,SA,179,ON,ALP+GRN+LNP,ALP,808.8185538881311,4584.0,0.176443838108231,PROPORTIONAL_PRIMARY_ORIGIN_PASS_THROUGH,ALL_CATEGORY_PRIMARY_VOTES_TRACED_PROPORTIONALLY,1,Riley Size,ON,,1.0,1.0,1.0,False,AEC_CANDIDATE_ROUNDS_CATEGORY_EXIT
Adelaide,SA,179,ON,ALP+GRN+LNP,GRN,924.8603910868576,4584.0,0.201758375018948,PROPORTIONAL_PRIMARY_ORIGIN_PASS_THROUGH,ALL_CATEGORY_PRIMARY_VOTES_TRACED_PROPORTIONALLY,1,Riley Size,ON,,1.0,1.0,1.0,False,AEC_CANDIDATE_ROUNDS_CATEGORY_EXIT
Adelaide,SA,179,ON,ALP+GRN+LNP,LNP,2850.321055025011,4584.0,0.621797786872821,PROPORTIONAL_PRIMARY_ORIGIN_PASS_THROUGH,ALL_CATEGORY_PRIMARY_VOTES_TRACED_PROPORTIONALLY,1,Riley Size,ON,,1.0,1.0,1.0,False,AEC_CANDIDATE_ROUNDS_CATEGORY_EXIT
Adelaide,SA,179,OTH,ALP+GRN+LNP+ON,ALP,2036.0,7256.0,0.28059536934950385,PROPORTIONAL_PRIMARY_ORIGIN_PASS_THROUGH,ALL_CATEGORY_PRIMARY_VOTES_TRACED_PROPORTIONALLY,3,Steve Marks,OTH_CYA,RIGHT,0.4332965821389195,1.0,1.0,False,AEC_CANDIDATE_ROUNDS_CATEGORY_EXIT
Adelaide,SA,179,OTH,ALP+GRN+LNP+ON,GRN,2326.0,7256.0,0.32056229327453145,PROPORTIONAL_PRIMARY_ORIGIN_PASS_THROUGH,ALL_CATEGORY_PRIMARY_VOTES_TRACED_PROPORTIONALLY,3,Steve Marks,OTH_CYA,RIGHT,0.4332965821389195,1.0,1.0,False,AEC_CANDIDATE_ROUNDS_CATEGORY_EXIT
Adelaide,SA,179,OTH,ALP+GRN+LNP+ON,LNP,880.9999999999999,7256.0,0.12141675854465263,PROPORTIONAL_PRIMARY_ORIGIN_PASS_THROUGH,ALL_CATEGORY_PRIMARY_VOTES_TRACED_PROPORTIONALLY,3,Steve Marks,OTH_CYA,RIGHT,0.4332965821389195,1.0,1.0,False,AEC_CANDIDATE_ROUNDS_CATEGORY_EXIT
Adelaide,SA,179,OTH,ALP+GRN+LNP+ON,ON,2013.0,7256.0,0.2774255788313121,PROPORTIONAL_PRIMARY_ORIGIN_PASS_THROUGH,ALL_CATEGORY_PRIMARY_VOTES_TRACED_PROPORTIONALLY,3,Steve Marks,OTH_CYA,RIGHT,0.4332965821389195,1.0,1.0,False,AEC_CANDIDATE_ROUNDS_CATEGORY_EXIT
Barker,SA,180,GRN,ALP+LNP+ON,ALP,5518.778484771357,8866.0,0.6224654280139137,PROPORTIONAL_PRIMARY_ORIGIN_PASS_THROUGH,ALL_CATEGORY_PRIMARY_VOTES_TRACED_PROPORTIONALLY,1,Major Moogy Sumner,GRN,,1.0,1.0,1.0,False,AEC_CANDIDATE_ROUNDS_CATEGORY_EXIT
Barker,SA,180,GRN,ALP+LNP+ON,LNP,1316.3230677865445,8866.0,0.14846865190464073,PROPORTIONAL_PRIMARY_ORIGIN_PASS_THROUGH,ALL_CATEGORY_PRIMARY_VOTES_TRACED_PROPORTIONALLY,1,Major Moogy Sumner,GRN,,1.0,1.0,1.0,False,AEC_CANDIDATE_ROUNDS_CATEGORY_EXIT
Barker,SA,180,GRN,ALP+LNP+ON,ON,2030.8984474420972,8866.0,0.22906592008144563,PROPORTIONAL_PRIMARY_ORIGIN_PASS_THROUGH,ALL_CATEGORY_PRIMARY_VOTES_TRACED_PROPORTIONALLY,1,Major Moogy Sumner,GRN,,1.0,1.0,1.0,False,AEC_CANDIDATE_ROUNDS_CATEGORY_EXIT
Barker,SA,180,ON,ALP+LNP,ALP,3398.4652348016016,8908.0,0.3815070986530761,PROPORTIONAL_PRIMARY_ORIGIN_PASS_THROUGH,ALL_CATEGORY_PRIMARY_VOTES_TRACED_PROPORTIONALLY,1,Jennifer Troeth,ON,,1.0,1.0,1.0,False,AEC_CANDIDATE_ROUNDS_CATEGORY_EXIT
Barker,SA,180,ON,ALP+LNP,LNP,5509.534765198398,8908.0,0.6184929013469239,PROPORTIONAL_PRIMARY_ORIGIN_PASS_THROUGH,ALL_CATEGORY_PRIMARY_VOTES_TRACED_PROPORTIONALLY,1,Jennifer Troeth,ON,,1.0,1.0,1.0,False,AEC_CANDIDATE_ROUNDS_CATEGORY_EXIT
Barker,SA,180,OTH,ALP+GRN+LNP+ON,ALP,1938.3947537822323,12134.0,0.15974903195831813,PROPORTIONAL_PRIMARY_ORIGIN_PASS_THROUGH,ALL_CATEGORY_PRIMARY_VOTES_TRACED_PROPORTIONALLY,5,Cody Scholes,IND_MINOR,CENTRE_LEFT,0.2441898796769408,1.0,1.0,False,AEC_CANDIDATE_ROUNDS_CATEGORY_EXIT
Barker,SA,180,OTH,ALP+GRN+LNP+ON,GRN,2766.045514951292,12134.0,0.22795825902021524,PROPORTIONAL_PRIMARY_ORIGIN_PASS_THROUGH,ALL_CATEGORY_PRIMARY_VOTES_TRACED_PROPORTIONALLY,5,Cody Scholes,IND_MINOR,CENTRE_LEFT,0.2441898796769408,1.0,1.0,False,AEC_CANDIDATE_ROUNDS_CATEGORY_EXIT
Barker,SA,180,OTH,ALP+GRN+LNP+ON,LNP,2907.3998481874332,12134.0,0.23960770135053847,PROPORTIONAL_PRIMARY_ORIGIN_PASS_THROUGH,ALL_CATEGORY_PRIMARY_VOTES_TRACED_PROPORTIONALLY,5,Cody Scholes,IND_MINOR,CENTRE_LEFT,0.2441898796769408,1.0,1.0,False,AEC_CANDIDATE_ROUNDS_CATEGORY_EXIT
Barker,SA,180,OTH,ALP+GRN+LNP+ON,ON,4522.159883079042,12134.0,0.37268500767092816,PROPORTIONAL_PRIMARY_ORIGIN_PASS_THROUGH,ALL_CATEGORY_PRIMARY_VOTES_TRACED_PROPORTIONALLY,5,Cody Scholes,IND_MINOR,CENTRE_LEFT,0.2441898796769408,1.0,1.0,False,AEC_CANDIDATE_ROUNDS_CATEGORY_EXIT
Boothby,SA,182,GRN,ALP+LNP,ALP,17658.425406605355,20046.0,0.8808952113441761,PROPORTIONAL_PRIMARY_ORIGIN_PASS_THROUGH,ALL_CATEGORY_PRIMARY_VOTES_TRACED_PROPORTIONALLY,1,Joanna Wells,GRN,,1.0,1.0,1.0,False,AEC_CANDIDATE_ROUNDS_CATEGORY_EXIT
Boothby,SA,182,GRN,ALP+LNP,LNP,2387.574593394645,20046.0,0.1191047886558238,PROPORTIONAL_PRIMARY_ORIGIN_PASS_THROUGH,ALL_CATEGORY_PRIMARY_VOTES_TRACED_PROPORTIONALLY,1,Joanna Wells,GRN,,1.0,1.0,1.0,False,AEC_CANDIDATE_ROUNDS_CATEGORY_EXIT
Boothby,SA,182,ON,ALP+GRN+LNP,ALP,846.2029161603888,3560.0,0.2376974483596597,PROPORTIONAL_PRIMARY_ORIGIN_PASS_THROUGH,ALL_CATEGORY_PRIMARY_VOTES_TRACED_PROPORTIONALLY,1,Tonya Scott,ON,,1.0,1.0,1.0,False,AEC_CANDIDATE_ROUNDS_CATEGORY_EXIT
Boothby,SA,182,ON,ALP+GRN+LNP,GRN,752.1202916160389,3560.0,0.211269744835966,PROPORTIONAL_PRIMARY_ORIGIN_PASS_THROUGH,ALL_CATEGORY_PRIMARY_VOTES_TRACED_PROPORTIONALLY,1,Tonya Scott,ON,,1.0,1.0,1.0,False,AEC_CANDIDATE_ROUNDS_CATEGORY_EXIT
Boothby,SA,182,ON,ALP+GRN+LNP,LNP,1961.6767922235724,3560.0,0.5510328068043743,PROPORTIONAL_PRIMARY_ORIGIN_PASS_THROUGH,ALL_CATEGORY_PRIMARY_VOTES_TRACED_PROPORTIONALLY,1,Tonya Scott,ON,,1.0,1.0,1.0,False,AEC_CANDIDATE_ROUNDS_CATEGORY_EXIT
Boothby,SA,182,OTH,ALP+GRN+LNP+ON,ALP,674.0,5601.0,0.12033565434743791,PROPORTIONAL_PRIMARY_ORIGIN_PASS_THROUGH,ALL_CATEGORY_PRIMARY_VOTES_TRACED_PROPORTIONALLY,2,Nicole Hussey,OTH_CYA,RIGHT,0.5802535261560435,1.0,1.0,False,AEC_CANDIDATE_ROUNDS_CATEGORY_EXIT
Boothby,SA,182,OTH,ALP+GRN+LNP+ON,GRN,636.0,5601.0,0.11355115158007491,PROPORTIONAL_PRIMARY_ORIGIN_PASS_THROUGH,ALL_CATEGORY_PRIMARY_VOTES_TRACED_PROPORTIONALLY,2,Nicole Hussey,OTH_CYA,RIGHT,0.5802535261560435,1.0,1.0,False,AEC_CANDIDATE_ROUNDS_CATEGORY_EXIT
Boothby,SA,182,OTH,ALP+GRN+LNP+ON,LNP,1267.0,5601.0,0.22620960542760224,PROPORTIONAL_PRIMARY_ORIGIN_PASS_THROUGH,ALL_CATEGORY_PRIMARY_VOTES_TRACED_PROPORTIONALLY,2,Nicole Hussey,OTH_CYA,RIGHT,0.5802535261560435,1.0,1.0,False,AEC_CANDIDATE_ROUNDS_CATEGORY_EXIT
Boothby,SA,182,OTH,ALP+GRN+LNP+ON,ON,3024.0,5601.0,0.539903588644885,PROPORTIONAL_PRIMARY_ORIGIN_PASS_THROUGH,ALL_CATEGORY_PRIMARY_VOTES_TRACED_PROPORTIONALLY,2,Nicole Hussey,OTH_CYA,RIGHT,0.5802535261560435,1.0,1.0,False,AEC_CANDIDATE_ROUNDS_CATEGORY_EXIT
Grey,SA,183,GRN,ALP+IND+LNP+ON,ALP,2718.035659562613,6323.0,0.42986488368853604,PROPORTIONAL_PRIMARY_ORIGIN_PASS_THROUGH,ALL_CATEGORY_PRIMARY_VOTES_TRACED_PROPORTIONALLY,1,Kathryn Hardwick-Franco,GRN,,1.0,1.0,1.0,False,AEC_CANDIDATE_ROUNDS_CATEGORY_EXIT
Grey,SA,183,GRN,ALP+IND+LNP+ON,IND,2232.7350605933975,6323.0,0.35311324697033014,PROPORTIONAL_PRIMARY_ORIGIN_PASS_THROUGH,ALL_CATEGORY_PRIMARY_VOTES_TRACED_PROPORTIONALLY,1,Kathryn Hardwick-Franco,GRN,,1.0,1.0,1.0,False,AEC_CANDIDATE_ROUNDS_CATEGORY_EXIT
Grey,SA,183,GRN,ALP+IND+LNP+ON,LNP,651.7648697590193,6323.0,0.10307842317871571,PROPORTIONAL_PRIMARY_ORIGIN_PASS_THROUGH,ALL_CATEGORY_PRIMARY_VOTES_TRACED_PROPORTIONALLY,1,Kathryn Hardwick-Franco,GRN,,1.0,1.0,1.0,False,AEC_CANDIDATE_ROUNDS_CATEGORY_EXIT
Grey,SA,183,GRN,ALP+IND+LNP+ON,ON,720.46441008497,6323.0,0.11394344616241811,PROPORTIONAL_PRIMARY_ORIGIN_PASS_THROUGH,ALL_CATEGORY_PRIMARY_VOTES_TRACED_PROPORTIONALLY,1,Kathryn Hardwick-Franco,GRN,,1.0,1.0,1.0,False,AEC_CANDIDATE_ROUNDS_CATEGORY_EXIT
Grey,SA,183,IND,ALP+LNP,ALP,10656.16442075965,18745.0,0.5684803638708802,PROPORTIONAL_PRIMARY_ORIGIN_PASS_THROUGH,ALL_CATEGORY_PRIMARY_VOTES_TRACED_PROPORTIONALLY,1,Anita Kuss,IND_PROMINENT,CENTRE_LEFT,1.0,1.0,1.0,False,AEC_CANDIDATE_ROUNDS_CATEGORY_EXIT
Grey,SA,183,IND,ALP+LNP,LNP,8088.835579240352,18745.0,0.4315196361291198,PROPORTIONAL_PRIMARY_ORIGIN_PASS_THROUGH,ALL_CATEGORY_PRIMARY_VOTES_TRACED_PROPORTIONALLY,1,Anita Kuss,IND_PROMINENT,CENTRE_LEFT,1.0,1.0,1.0,False,AEC_CANDIDATE_ROUNDS_CATEGORY_EXIT
Grey,SA,183,ON,ALP+IND+LNP,ALP,2242.6351692447092,10652.0,0.2105365348521131,PROPORTIONAL_PRIMARY_ORIGIN_PASS_THROUGH,ALL_CATEGORY_PRIMARY_VOTES_TRACED_PROPORTIONALLY,1,Brandon Turton,ON,,1.0,1.0,1.0,False,AEC_CANDIDATE_ROUNDS_CATEGORY_EXIT
Grey,SA,183,ON,ALP+IND+LNP,IND,4343.252863892305,10652.0,0.4077405993139603,PROPORTIONAL_PRIMARY_ORIGIN_PASS_THROUGH,ALL_CATEGORY_PRIMARY_VOTES_TRACED_PROPORTIONALLY,1,Brandon Turton,ON,,1.0,1.0,1.0,False,AEC_CANDIDATE_ROUNDS_CATEGORY_EXIT
Grey,SA,183,ON,ALP+IND+LNP,LNP,4066.1119668629863,10652.0,0.3817228658339266,PROPORTIONAL_PRIMARY_ORIGIN_PASS_THROUGH,ALL_CATEGORY_PRIMARY_VOTES_TRACED_PROPORTIONALLY,1,Brandon Turton,ON,,1.0,1.0,1.0,False,AEC_CANDIDATE_ROUNDS_CATEGORY_EXIT
Grey,SA,183,OTH,ALP+GRN+IND+LNP+ON,ALP,692.8388102481058,6533.0,0.10605216749550062,PROPORTIONAL_PRIMARY_ORIGIN_PASS_THROUGH,ALL_CATEGORY_PRIMARY_VOTES_TRACED_PROPORTIONALLY,2,Kylie Evans,OTH_FFPA,RIGHT,0.5902341956222257,1.0,1.0,False,AEC_CANDIDATE_ROUNDS_CATEGORY_EXIT
Grey,SA,183,OTH,ALP+GRN+IND+LNP+ON,GRN,682.5448916764008,6533.0,0.10447648732227162,PROPORTIONAL_PRIMARY_ORIGIN_PASS_THROUGH,ALL_CATEGORY_PRIMARY_VOTES_TRACED_PROPORTIONALLY,2,Kylie Evans,OTH_FFPA,RIGHT,0.5902341956222257,1.0,1.0,False,AEC_CANDIDATE_ROUNDS_CATEGORY_EXIT
Grey,SA,183,OTH,ALP+GRN+IND+LNP+ON,IND,1344.5259789347158,6533.0,0.20580529296413833,PROPORTIONAL_PRIMARY_ORIGIN_PASS_THROUGH,ALL_CATEGORY_PRIMARY_VOTES_TRACED_PROPORTIONALLY,2,Kylie Evans,OTH_FFPA,RIGHT,0.5902341956222257,1.0,1.0,False,AEC_CANDIDATE_ROUNDS_CATEGORY_EXIT
Grey,SA,183,OTH,ALP+GRN+IND+LNP+ON,LNP,1084.4785619596798,6533.0,0.16600008601862543,PROPORTIONAL_PRIMARY_ORIGIN_PASS_THROUGH,ALL_CATEGORY_PRIMARY_VOTES_TRACED_PROPORTIONALLY,2,Kylie Evans,OTH_FFPA,RIGHT,0.5902341956222257,1.0,1.0,False,AEC_CANDIDATE_ROUNDS_CATEGORY_EXIT
Grey,SA,183,OTH,ALP+GRN+IND+LNP+ON,ON,2728.6117571810983,6533.0,0.41766596619946406,PROPORTIONAL_PRIMARY_ORIGIN_PASS_THROUGH,ALL_CATEGORY_PRIMARY_VOTES_TRACED_PROPORTIONALLY,2,Kylie Evans,OTH_FFPA,RIGHT,0.5902341956222257,1.0,1.0,False,AEC_CANDIDATE_ROUNDS_CATEGORY_EXIT
Hindmarsh,SA,185,GRN,ALP+LNP,ALP,12829.130421549233,15246.0,0.8414751686704206,PROPORTIONAL_PRIMARY_ORIGIN_PASS_THROUGH,ALL_CATEGORY_PRIMARY_VOTES_TRACED_PROPORTIONALLY,1,Matthew Wright,GRN,,1.0,1.0,1.0,False,AEC_CANDIDATE_ROUNDS_CATEGORY_EXIT
Hindmarsh,SA,185,GRN,ALP+LNP,LNP,2416.869578450768,15246.0,0.15852483132957942,PROPORTIONAL_PRIMARY_ORIGIN_PASS_THROUGH,ALL_CATEGORY_PRIMARY_VOTES_TRACED_PROPORTIONALLY,1,Matthew Wright,GRN,,1.0,1.0,1.0,False,AEC_CANDIDATE_ROUNDS_CATEGORY_EXIT
Hindmarsh,SA,185,ON,ALP+GRN+LNP,ALP,982.8555576105048,5594.0,0.17569816904013313,PROPORTIONAL_PRIMARY_ORIGIN_PASS_THROUGH,ALL_CATEGORY_PRIMARY_VOTES_TRACED_PROPORTIONALLY,1,Rocco Deangelis,ON,,1.0,1.0,1.0,False,AEC_CANDIDATE_ROUNDS_CATEGORY_EXIT
Hindmarsh,SA,185,ON,ALP+GRN+LNP,GRN,1084.2448677640095,5594.0,0.19382282226743103,PROPORTIONAL_PRIMARY_ORIGIN_PASS_THROUGH,ALL_CATEGORY_PRIMARY_VOTES_TRACED_PROPORTIONALLY,1,Rocco Deangelis,ON,,1.0,1.0,1.0,False,AEC_CANDIDATE_ROUNDS_CATEGORY_EXIT
Hindmarsh,SA,185,ON,ALP+GRN+LNP,LNP,3526.899574625486,5594.0,0.6304790086924359,PROPORTIONAL_PRIMARY_ORIGIN_PASS_THROUGH,ALL_CATEGORY_PRIMARY_VOTES_TRACED_PROPORTIONALLY,1,Rocco Deangelis,ON,,1.0,1.0,1.0,False,AEC_CANDIDATE_ROUNDS_CATEGORY_EXIT
Hindmarsh,SA,185,OTH,ALP+GRN+LNP+ON,ALP,1990.0,11502.0,0.17301338897583032,PROPORTIONAL_PRIMARY_ORIGIN_PASS_THROUGH,ALL_CATEGORY_PRIMARY_VOTES_TRACED_PROPORTIONALLY,5,Andrew Townsend,OTH_CYA,RIGHT,0.4157537819509651,1.0,1.0,False,AEC_CANDIDATE_ROUNDS_CATEGORY_EXIT
Hindmarsh,SA,185,OTH,ALP+GRN+LNP+ON,GRN,2371.0,11502.0,0.20613806294557463,PROPORTIONAL_PRIMARY_ORIGIN_PASS_THROUGH,ALL_CATEGORY_PRIMARY_VOTES_TRACED_PROPORTIONALLY,5,Andrew Townsend,OTH_CYA,RIGHT,0.4157537819509651,1.0,1.0,False,AEC_CANDIDATE_ROUNDS_CATEGORY_EXIT
Hindmarsh,SA,185,OTH,ALP+GRN+LNP+ON,LNP,1921.0,11502.0,0.16701443227264823,PROPORTIONAL_PRIMARY_ORIGIN_PASS_THROUGH,ALL_CATEGORY_PRIMARY_VOTES_TRACED_PROPORTIONALLY,5,Andrew Townsend,OTH_CYA,RIGHT,0.4157537819509651,1.0,1.0,False,AEC_CANDIDATE_ROUNDS_CATEGORY_EXIT
Hindmarsh,SA,185,OTH,ALP+GRN+LNP+ON,ON,5220.0,11502.0,0.45383411580594685,PROPORTIONAL_PRIMARY_ORIGIN_PASS_THROUGH,ALL_CATEGORY_PRIMARY_VOTES_TRACED_PROPORTIONALLY,5,Andrew Townsend,OTH_CYA,RIGHT,0.4157537819509651,1.0,1.0,False,AEC_CANDIDATE_ROUNDS_CATEGORY_EXIT
Kingston,SA,186,GRN,ALP+LNP,ALP,12447.805328287994,15149.0,0.8216915524647167,PROPORTIONAL_PRIMARY_ORIGIN_PASS_THROUGH,ALL_CATEGORY_PRIMARY_VOTES_TRACED_PROPORTIONALLY,1,John Photakis,GRN,,1.0,1.0,1.0,False,AEC_CANDIDATE_ROUNDS_CATEGORY_EXIT
Kingston,SA,186,GRN,ALP+LNP,LNP,2701.1946717120068,15149.0,0.1783084475352833,PROPORTIONAL_PRIMARY_ORIGIN_PASS_THROUGH,ALL_CATEGORY_PRIMARY_VOTES_TRACED_PROPORTIONALLY,1,John Photakis,GRN,,1.0,1.0,1.0,False,AEC_CANDIDATE_ROUNDS_CATEGORY_EXIT
Kingston,SA,186,ON,ALP+GRN+LNP,ALP,1380.8422436459246,7018.0,0.19675723049956176,PROPORTIONAL_PRIMARY_ORIGIN_PASS_THROUGH,ALL_CATEGORY_PRIMARY_VOTES_TRACED_PROPORTIONALLY,1,Nathan Skrlj,ON,,1.0,1.0,1.0,False,AEC_CANDIDATE_ROUNDS_CATEGORY_EXIT
Kingston,SA,186,ON,ALP+GRN+LNP,GRN,1479.8692375109554,7018.0,0.21086765994741455,PROPORTIONAL_PRIMARY_ORIGIN_PASS_THROUGH,ALL_CATEGORY_PRIMARY_VOTES_TRACED_PROPORTIONALLY,1,Nathan Skrlj,ON,,1.0,1.0,1.0,False,AEC_CANDIDATE_ROUNDS_CATEGORY_EXIT
Kingston,SA,186,ON,ALP+GRN+LNP,LNP,4157.28851884312,7018.0,0.5923751095530237,PROPORTIONAL_PRIMARY_ORIGIN_PASS_THROUGH,ALL_CATEGORY_PRIMARY_VOTES_TRACED_PROPORTIONALLY,1,Nathan Skrlj,ON,,1.0,1.0,1.0,False,AEC_CANDIDATE_ROUNDS_CATEGORY_EXIT
Kingston,SA,186,OTH,ALP+GRN+LNP+ON,ALP,1649.0,9776.0,0.1686783960720131,PROPORTIONAL_PRIMARY_ORIGIN_PASS_THROUGH,ALL_CATEGORY_PRIMARY_VOTES_TRACED_PROPORTIONALLY,3,Russell Patrick Jackson,OTH_CYA,RIGHT,0.4260433715220949,1.0,1.0,False,AEC_CANDIDATE_ROUNDS_CATEGORY_EXIT
Kingston,SA,186,OTH,ALP+GRN+LNP+ON,GRN,2001.0,9776.0,0.2046849427168576,PROPORTIONAL_PRIMARY_ORIGIN_PASS_THROUGH,ALL_CATEGORY_PRIMARY_VOTES_TRACED_PROPORTIONALLY,3,Russell Patrick Jackson,OTH_CYA,RIGHT,0.4260433715220949,1.0,1.0,False,AEC_CANDIDATE_ROUNDS_CATEGORY_EXIT
Kingston,SA,186,OTH,ALP+GRN+LNP+ON,LNP,1734.0,9776.0,0.1773731587561375,PROPORTIONAL_PRIMARY_ORIGIN_PASS_THROUGH,ALL_CATEGORY_PRIMARY_VOTES_TRACED_PROPORTIONALLY,3,Russell Patrick Jackson,OTH_CYA,RIGHT,0.4260433715220949,1.0,1.0,False,AEC_CANDIDATE_ROUNDS_CATEGORY_EXIT
Kingston,SA,186,OTH,ALP+GRN+LNP+ON,ON,4392.0,9776.0,0.4492635024549918,PROPORTIONAL_PRIMARY_ORIGIN_PASS_THROUGH,ALL_CATEGORY_PRIMARY_VOTES_TRACED_PROPORTIONALLY,3,Russell Patrick Jackson,OTH_CYA,RIGHT,0.4260433715220949,1.0,1.0,False,AEC_CANDIDATE_ROUNDS_CATEGORY_EXIT
Makin,SA,187,GRN,ALP+LNP,ALP,9354.590379231357,13134.0,0.7122423008399084,PROPORTIONAL_PRIMARY_ORIGIN_PASS_THROUGH,ALL_CATEGORY_PRIMARY_VOTES_TRACED_PROPORTIONALLY,1,Samuel Moore,GRN,,1.0,1.0,1.0,False,AEC_CANDIDATE_ROUNDS_CATEGORY_EXIT
Makin,SA,187,GRN,ALP+LNP,LNP,3779.409620768643,13134.0,0.2877576991600916,PROPORTIONAL_PRIMARY_ORIGIN_PASS_THROUGH,ALL_CATEGORY_PRIMARY_VOTES_TRACED_PROPORTIONALLY,1,Samuel Moore,GRN,,1.0,1.0,1.0,False,AEC_CANDIDATE_ROUNDS_CATEGORY_EXIT
Makin,SA,187,ON,ALP+GRN+LNP,ALP,1277.619969434539,7152.0,0.1786381389030395,PROPORTIONAL_PRIMARY_ORIGIN_PASS_THROUGH,ALL_CATEGORY_PRIMARY_VOTES_TRACED_PROPORTIONALLY,1,Alison Dew-Fennell,ON,,1.0,1.0,1.0,False,AEC_CANDIDATE_ROUNDS_CATEGORY_EXIT
Makin,SA,187,ON,ALP+GRN+LNP,GRN,1941.32654100866,7152.0,0.271438274749533,PROPORTIONAL_PRIMARY_ORIGIN_PASS_THROUGH,ALL_CATEGORY_PRIMARY_VOTES_TRACED_PROPORTIONALLY,1,Alison Dew-Fennell,ON,,1.0,1.0,1.0,False,AEC_CANDIDATE_ROUNDS_CATEGORY_EXIT
Makin,SA,187,ON,ALP+GRN+LNP,LNP,3933.053489556801,7152.0,0.5499235863474274,PROPORTIONAL_PRIMARY_ORIGIN_PASS_THROUGH,ALL_CATEGORY_PRIMARY_VOTES_TRACED_PROPORTIONALLY,1,Alison Dew-Fennell,ON,,1.0,1.0,1.0,False,AEC_CANDIDATE_ROUNDS_CATEGORY_EXIT
Makin,SA,187,OTH,ALP+GRN+LNP+ON,ALP,1773.0,11227.0,0.15792286452302481,PROPORTIONAL_PRIMARY_ORIGIN_PASS_THROUGH,ALL_CATEGORY_PRIMARY_VOTES_TRACED_PROPORTIONALLY,4,Mark Aldridge,OTH_CYA,RIGHT,0.3797096285739734,1.0,1.0,False,AEC_CANDIDATE_ROUNDS_CATEGORY_EXIT
Makin,SA,187,OTH,ALP+GRN+LNP+ON,GRN,3314.0000000000005,11227.0,0.29518125946379276,PROPORTIONAL_PRIMARY_ORIGIN_PASS_THROUGH,ALL_CATEGORY_PRIMARY_VOTES_TRACED_PROPORTIONALLY,4,Mark Aldridge,OTH_CYA,RIGHT,0.3797096285739734,1.0,1.0,False,AEC_CANDIDATE_ROUNDS_CATEGORY_EXIT
Makin,SA,187,OTH,ALP+GRN+LNP+ON,LNP,1514.0,11227.0,0.13485347822214303,PROPORTIONAL_PRIMARY_ORIGIN_PASS_THROUGH,ALL_CATEGORY_PRIMARY_VOTES_TRACED_PROPORTIONALLY,4,Mark Aldridge,OTH_CYA,RIGHT,0.3797096285739734,1.0,1.0,False,AEC_CANDIDATE_ROUNDS_CATEGORY_EXIT
Makin,SA,187,OTH,ALP+GRN+LNP+ON,ON,4626.0,11227.0,0.41204239779103946,PROPORTIONAL_PRIMARY_ORIGIN_PASS_THROUGH,ALL_CATEGORY_PRIMARY_VOTES_TRACED_PROPORTIONALLY,4,Mark Aldridge,OTH_CYA,RIGHT,0.3797096285739734,1.0,1.0,False,AEC_CANDIDATE_ROUNDS_CATEGORY_EXIT
Mayo,SA,188,GRN,ALP+LNP+OTH,ALP,8377.050122379484,17048.0,0.49138022773225504,PROPORTIONAL_PRIMARY_ORIGIN_PASS_THROUGH,ALL_CATEGORY_PRIMARY_VOTES_TRACED_PROPORTIONALLY,1,Genevieve Dawson-Scott,GRN,,1.0,1.0,1.0,False,AEC_CANDIDATE_ROUNDS_CATEGORY_EXIT
Mayo,SA,188,GRN,ALP+LNP+OTH,LNP,1034.0917314036394,17048.0,0.060657656698946405,PROPORTIONAL_PRIMARY_ORIGIN_PASS_THROUGH,ALL_CATEGORY_PRIMARY_VOTES_TRACED_PROPORTIONALLY,1,Genevieve Dawson-Scott,GRN,,1.0,1.0,1.0,False,AEC_CANDIDATE_ROUNDS_CATEGORY_EXIT
Mayo,SA,188,GRN,ALP+LNP+OTH,OTH,7636.858146216878,17048.0,0.44796211556879856,PROPORTIONAL_PRIMARY_ORIGIN_PASS_THROUGH,ALL_CATEGORY_PRIMARY_VOTES_TRACED_PROPORTIONALLY,1,Genevieve Dawson-Scott,GRN,,1.0,1.0,1.0,False,AEC_CANDIDATE_ROUNDS_CATEGORY_EXIT
Mayo,SA,188,LNP,ALP+OTH,ALP,5058.511088133656,29551.0,0.1711790155369922,PROPORTIONAL_PRIMARY_ORIGIN_PASS_THROUGH,ALL_CATEGORY_PRIMARY_VOTES_TRACED_PROPORTIONALLY,1,Zane Basic,LIB,,1.0,1.0,1.0,False,AEC_CANDIDATE_ROUNDS_CATEGORY_EXIT
Mayo,SA,188,LNP,ALP+OTH,OTH,24492.48891186634,29551.0,0.8288209844630078,PROPORTIONAL_PRIMARY_ORIGIN_PASS_THROUGH,ALL_CATEGORY_PRIMARY_VOTES_TRACED_PROPORTIONALLY,1,Zane Basic,LIB,,1.0,1.0,1.0,False,AEC_CANDIDATE_ROUNDS_CATEGORY_EXIT
Mayo,SA,188,ON,ALP+GRN+LNP+OTH,ALP,810.3999820192395,7493.0,0.10815427492582934,PROPORTIONAL_PRIMARY_ORIGIN_PASS_THROUGH,ALL_CATEGORY_PRIMARY_VOTES_TRACED_PROPORTIONALLY,1,Rebecca Hewett,ON,,1.0,1.0,1.0,False,AEC_CANDIDATE_ROUNDS_CATEGORY_EXIT
Mayo,SA,188,ON,ALP+GRN+LNP+OTH,GRN,746.4033084599479,7493.0,0.09961341364739723,PROPORTIONAL_PRIMARY_ORIGIN_PASS_THROUGH,ALL_CATEGORY_PRIMARY_VOTES_TRACED_PROPORTIONALLY,1,Rebecca Hewett,ON,,1.0,1.0,1.0,False,AEC_CANDIDATE_ROUNDS_CATEGORY_EXIT
Mayo,SA,188,ON,ALP+GRN+LNP+OTH,LNP,3288.081722556864,7493.0,0.43882046210554715,PROPORTIONAL_PRIMARY_ORIGIN_PASS_THROUGH,ALL_CATEGORY_PRIMARY_VOTES_TRACED_PROPORTIONALLY,1,Rebecca Hewett,ON,,1.0,1.0,1.0,False,AEC_CANDIDATE_ROUNDS_CATEGORY_EXIT
Mayo,SA,188,ON,ALP+GRN+LNP+OTH,OTH,2648.1149869639485,7493.0,0.3534118493212263,PROPORTIONAL_PRIMARY_ORIGIN_PASS_THROUGH,ALL_CATEGORY_PRIMARY_VOTES_TRACED_PROPORTIONALLY,1,Rebecca Hewett,ON,,1.0,1.0,1.0,False,AEC_CANDIDATE_ROUNDS_CATEGORY_EXIT
Spence,SA,325,GRN,ALP+LNP,ALP,10827.325846354168,16166.0,0.6697591145833334,PROPORTIONAL_PRIMARY_ORIGIN_PASS_THROUGH,ALL_CATEGORY_PRIMARY_VOTES_TRACED_PROPORTIONALLY,1,Luke Skinner,GRN,,1.0,1.0,1.0,False,AEC_CANDIDATE_ROUNDS_CATEGORY_EXIT
Spence,SA,325,GRN,ALP+LNP,LNP,5338.674153645834,16166.0,0.3302408854166667,PROPORTIONAL_PRIMARY_ORIGIN_PASS_THROUGH,ALL_CATEGORY_PRIMARY_VOTES_TRACED_PROPORTIONALLY,1,Luke Skinner,GRN,,1.0,1.0,1.0,False,AEC_CANDIDATE_ROUNDS_CATEGORY_EXIT
Spence,SA,325,ON,ALP+GRN+LNP,ALP,2629.4011379800854,10654.0,0.24679943100995733,PROPORTIONAL_PRIMARY_ORIGIN_PASS_THROUGH,ALL_CATEGORY_PRIMARY_VOTES_TRACED_PROPORTIONALLY,1,Darryl Bothe,ON,,1.0,1.0,1.0,False,AEC_CANDIDATE_ROUNDS_CATEGORY_EXIT
Spence,SA,325,ON,ALP+GRN+LNP,GRN,3077.1065670934095,10654.0,0.28882171645329546,PROPORTIONAL_PRIMARY_ORIGIN_PASS_THROUGH,ALL_CATEGORY_PRIMARY_VOTES_TRACED_PROPORTIONALLY,1,Darryl Bothe,ON,,1.0,1.0,1.0,False,AEC_CANDIDATE_ROUNDS_CATEGORY_EXIT
Spence,SA,325,ON,ALP+GRN+LNP,LNP,4947.492294926506,10654.0,0.46437885253674727,PROPORTIONAL_PRIMARY_ORIGIN_PASS_THROUGH,ALL_CATEGORY_PRIMARY_VOTES_TRACED_PROPORTIONALLY,1,Darryl Bothe,ON,,1.0,1.0,1.0,False,AEC_CANDIDATE_ROUNDS_CATEGORY_EXIT
Spence,SA,325,OTH,ALP+GRN+LNP+ON,ALP,2816.0,14447.0,0.19491936042084862,PROPORTIONAL_PRIMARY_ORIGIN_PASS_THROUGH,ALL_CATEGORY_PRIMARY_VOTES_TRACED_PROPORTIONALLY,4,John William Bennett,OTH_FFPA,RIGHT,0.3392399806188136,1.0,1.0,False,AEC_CANDIDATE_ROUNDS_CATEGORY_EXIT
Spence,SA,325,OTH,ALP+GRN+LNP+ON,GRN,3537.0,14447.0,0.24482591541496504,PROPORTIONAL_PRIMARY_ORIGIN_PASS_THROUGH,ALL_CATEGORY_PRIMARY_VOTES_TRACED_PROPORTIONALLY,4,John William Bennett,OTH_FFPA,RIGHT,0.3392399806188136,1.0,1.0,False,AEC_CANDIDATE_ROUNDS_CATEGORY_EXIT
Spence,SA,325,OTH,ALP+GRN+LNP+ON,LNP,1876.0,14447.0,0.12985394891673013,PROPORTIONAL_PRIMARY_ORIGIN_PASS_THROUGH,ALL_CATEGORY_PRIMARY_VOTES_TRACED_PROPORTIONALLY,4,John William Bennett,OTH_FFPA,RIGHT,0.3392399806188136,1.0,1.0,False,AEC_CANDIDATE_ROUNDS_CATEGORY_EXIT
Spence,SA,325,OTH,ALP+GRN+LNP+ON,ON,6218.0,14447.0,0.43040077524745624,PROPORTIONAL_PRIMARY_ORIGIN_PASS_THROUGH,ALL_CATEGORY_PRIMARY_VOTES_TRACED_PROPORTIONALLY,4,John William Bennett,OTH_FFPA,RIGHT,0.3392399806188136,1.0,1.0,False,AEC_CANDIDATE_ROUNDS_CATEGORY_EXIT
Sturt,SA,190,GRN,ALP+LNP,ALP,15659.552188834015,18295.0,0.8559470996902988,PROPORTIONAL_PRIMARY_ORIGIN_PASS_THROUGH,ALL_CATEGORY_PRIMARY_VOTES_TRACED_PROPORTIONALLY,1,Katie Mccusker,GRN,,1.0,1.0,1.0,False,AEC_CANDIDATE_ROUNDS_CATEGORY_EXIT
Sturt,SA,190,GRN,ALP+LNP,LNP,2635.4478111659832,18295.0,0.1440529003097012,PROPORTIONAL_PRIMARY_ORIGIN_PASS_THROUGH,ALL_CATEGORY_PRIMARY_VOTES_TRACED_PROPORTIONALLY,1,Katie Mccusker,GRN,,1.0,1.0,1.0,False,AEC_CANDIDATE_ROUNDS_CATEGORY_EXIT
Sturt,SA,190,IND,ALP+GRN+LNP,ALP,2644.237463924964,8413.0,0.3143037518037518,PROPORTIONAL_PRIMARY_ORIGIN_PASS_THROUGH,ALL_CATEGORY_PRIMARY_VOTES_TRACED_PROPORTIONALLY,1,Verity Cooper,IND_PROMINENT,CENTRE_LEFT,1.0,1.0,1.0,False,AEC_CANDIDATE_ROUNDS_CATEGORY_EXIT
Sturt,SA,190,IND,ALP+GRN+LNP,GRN,3465.2030122655124,8413.0,0.4118867243867244,PROPORTIONAL_PRIMARY_ORIGIN_PASS_THROUGH,ALL_CATEGORY_PRIMARY_VOTES_TRACED_PROPORTIONALLY,1,Verity Cooper,IND_PROMINENT,CENTRE_LEFT,1.0,1.0,1.0,False,AEC_CANDIDATE_ROUNDS_CATEGORY_EXIT
Sturt,SA,190,IND,ALP+GRN+LNP,LNP,2303.559523809524,8413.0,0.2738095238095238,PROPORTIONAL_PRIMARY_ORIGIN_PASS_THROUGH,ALL_CATEGORY_PRIMARY_VOTES_TRACED_PROPORTIONALLY,1,Verity Cooper,IND_PROMINENT,CENTRE_LEFT,1.0,1.0,1.0,False,AEC_CANDIDATE_ROUNDS_CATEGORY_EXIT
Sturt,SA,190,ON,ALP+GRN+IND+LNP,ALP,339.76831091180867,4035.0,0.08420528151469851,PROPORTIONAL_PRIMARY_ORIGIN_PASS_THROUGH,ALL_CATEGORY_PRIMARY_VOTES_TRACED_PROPORTIONALLY,1,Peter Bogatec,ON,,1.0,1.0,1.0,False,AEC_CANDIDATE_ROUNDS_CATEGORY_EXIT
Sturt,SA,190,ON,ALP+GRN+IND+LNP,GRN,372.6058794220229,4035.0,0.09234346454077391,PROPORTIONAL_PRIMARY_ORIGIN_PASS_THROUGH,ALL_CATEGORY_PRIMARY_VOTES_TRACED_PROPORTIONALLY,1,Peter Bogatec,ON,,1.0,1.0,1.0,False,AEC_CANDIDATE_ROUNDS_CATEGORY_EXIT
Sturt,SA,190,ON,ALP+GRN+IND+LNP,IND,1232.4140508221226,4035.0,0.30543099152964626,PROPORTIONAL_PRIMARY_ORIGIN_PASS_THROUGH,ALL_CATEGORY_PRIMARY_VOTES_TRACED_PROPORTIONALLY,1,Peter Bogatec,ON,,1.0,1.0,1.0,False,AEC_CANDIDATE_ROUNDS_CATEGORY_EXIT
Sturt,SA,190,ON,ALP+GRN+IND+LNP,LNP,2090.2117588440456,4035.0,0.5180202624148813,PROPORTIONAL_PRIMARY_ORIGIN_PASS_THROUGH,ALL_CATEGORY_PRIMARY_VOTES_TRACED_PROPORTIONALLY,1,Peter Bogatec,ON,,1.0,1.0,1.0,False,AEC_CANDIDATE_ROUNDS_CATEGORY_EXIT
Sturt,SA,190,OTH,ALP+GRN+IND+LNP+ON,ALP,549.0,4833.0,0.11359404096834264,PROPORTIONAL_PRIMARY_ORIGIN_PASS_THROUGH,ALL_CATEGORY_PRIMARY_VOTES_TRACED_PROPORTIONALLY,2,Nicholas Duffield,OTH_CYA,RIGHT,0.5282433271260087,1.0,1.0,False,AEC_CANDIDATE_ROUNDS_CATEGORY_EXIT
Sturt,SA,190,OTH,ALP+GRN+IND+LNP+ON,GRN,476.0,4833.0,0.09848955100351743,PROPORTIONAL_PRIMARY_ORIGIN_PASS_THROUGH,ALL_CATEGORY_PRIMARY_VOTES_TRACED_PROPORTIONALLY,2,Nicholas Duffield,OTH_CYA,RIGHT,0.5282433271260087,1.0,1.0,False,AEC_CANDIDATE_ROUNDS_CATEGORY_EXIT
Sturt,SA,190,OTH,ALP+GRN+IND+LNP+ON,IND,836.0,4833.0,0.17297744672046345,PROPORTIONAL_PRIMARY_ORIGIN_PASS_THROUGH,ALL_CATEGORY_PRIMARY_VOTES_TRACED_PROPORTIONALLY,2,Nicholas Duffield,OTH_CYA,RIGHT,0.5282433271260087,1.0,1.0,False,AEC_CANDIDATE_ROUNDS_CATEGORY_EXIT
Sturt,SA,190,OTH,ALP+GRN+IND+LNP+ON,LNP,986.0,4833.0,0.20401406993585766,PROPORTIONAL_PRIMARY_ORIGIN_PASS_THROUGH,ALL_CATEGORY_PRIMARY_VOTES_TRACED_PROPORTIONALLY,2,Nicholas Duffield,OTH_CYA,RIGHT,0.5282433271260087,1.0,1.0,False,AEC_CANDIDATE_ROUNDS_CATEGORY_EXIT
Sturt,SA,190,OTH,ALP+GRN+IND+LNP+ON,ON,1986.0,4833.0,0.4109248913718188,PROPORTIONAL_PRIMARY_ORIGIN_PASS_THROUGH,ALL_CATEGORY_PRIMARY_VOTES_TRACED_PROPORTIONALLY,2,Nicholas Duffield,OTH_CYA,RIGHT,0.5282433271260087,1.0,1.0,False,AEC_CANDIDATE_ROUNDS_CATEGORY_EXIT
Bass,TAS,192,GRN,ALP+LNP,ALP,7549.454880294659,9229.0,0.8180143981248954,PROPORTIONAL_PRIMARY_ORIGIN_PASS_THROUGH,ALL_CATEGORY_PRIMARY_VOTES_TRACED_PROPORTIONALLY,1,Charlene Mclennan,GRN,,1.0,1.0,1.0,False,AEC_CANDIDATE_ROUNDS_CATEGORY_EXIT
Bass,TAS,192,GRN,ALP+LNP,LNP,1679.5451197053403,9229.0,0.1819856018751046,PROPORTIONAL_PRIMARY_ORIGIN_PASS_THROUGH,ALL_CATEGORY_PRIMARY_VOTES_TRACED_PROPORTIONALLY,1,Charlene Mclennan,GRN,,1.0,1.0,1.0,False,AEC_CANDIDATE_ROUNDS_CATEGORY_EXIT
Bass,TAS,192,IND,ALP+GRN+LNP+ON,ALP,1064.164870006341,3852.0,0.27626294652293387,PROPORTIONAL_PRIMARY_ORIGIN_PASS_THROUGH,ALL_CATEGORY_PRIMARY_VOTES_TRACED_PROPORTIONALLY,1,George Razay,IND_PROMINENT,CENTRE,1.0,1.0,1.0,False,AEC_CANDIDATE_ROUNDS_CATEGORY_EXIT
Bass,TAS,192,IND,ALP+GRN+LNP+ON,GRN,935.5206087507928,3852.0,0.24286620164870001,PROPORTIONAL_PRIMARY_ORIGIN_PASS_THROUGH,ALL_CATEGORY_PRIMARY_VOTES_TRACED_PROPORTIONALLY,1,George Razay,IND_PROMINENT,CENTRE,1.0,1.0,1.0,False,AEC_CANDIDATE_ROUNDS_CATEGORY_EXIT
Bass,TAS,192,IND,ALP+GRN+LNP+ON,LNP,826.417247939125,3852.0,0.21454238004650183,PROPORTIONAL_PRIMARY_ORIGIN_PASS_THROUGH,ALL_CATEGORY_PRIMARY_VOTES_TRACED_PROPORTIONALLY,1,George Razay,IND_PROMINENT,CENTRE,1.0,1.0,1.0,False,AEC_CANDIDATE_ROUNDS_CATEGORY_EXIT
Bass,TAS,192,IND,ALP+GRN+LNP+ON,ON,1025.8972733037413,3852.0,0.26632847178186436,PROPORTIONAL_PRIMARY_ORIGIN_PASS_THROUGH,ALL_CATEGORY_PRIMARY_VOTES_TRACED_PROPORTIONALLY,1,George Razay,IND_PROMINENT,CENTRE,1.0,1.0,1.0,False,AEC_CANDIDATE_ROUNDS_CATEGORY_EXIT
Bass,TAS,192,ON,ALP+GRN+LNP,ALP,1096.709232096635,4639.0,0.2364106988783434,PROPORTIONAL_PRIMARY_ORIGIN_PASS_THROUGH,ALL_CATEGORY_PRIMARY_VOTES_TRACED_PROPORTIONALLY,1,Jordan Potter,ON,,1.0,1.0,1.0,False,AEC_CANDIDATE_ROUNDS_CATEGORY_EXIT
Bass,TAS,192,ON,ALP+GRN+LNP,GRN,919.9282427379924,4639.0,0.1983031348863963,PROPORTIONAL_PRIMARY_ORIGIN_PASS_THROUGH,ALL_CATEGORY_PRIMARY_VOTES_TRACED_PROPORTIONALLY,1,Jordan Potter,ON,,1.0,1.0,1.0,False,AEC_CANDIDATE_ROUNDS_CATEGORY_EXIT
Bass,TAS,192,ON,ALP+GRN+LNP,LNP,2622.3625251653725,4639.0,0.5652861662352603,PROPORTIONAL_PRIMARY_ORIGIN_PASS_THROUGH,ALL_CATEGORY_PRIMARY_VOTES_TRACED_PROPORTIONALLY,1,Jordan Potter,ON,,1.0,1.0,1.0,False,AEC_CANDIDATE_ROUNDS_CATEGORY_EXIT
Bass,TAS,192,OTH,ALP+GRN+IND+LNP+ON,ALP,434.0,2988.0,0.14524765729585004,PROPORTIONAL_PRIMARY_ORIGIN_PASS_THROUGH,ALL_CATEGORY_PRIMARY_VOTES_TRACED_PROPORTIONALLY,2,Ray Broomhall,OTH_CYA,RIGHT,0.7653949129852744,1.0,1.0,False,AEC_CANDIDATE_ROUNDS_CATEGORY_EXIT
Bass,TAS,192,OTH,ALP+GRN+IND+LNP+ON,GRN,189.0,2988.0,0.06325301204819271,PROPORTIONAL_PRIMARY_ORIGIN_PASS_THROUGH,ALL_CATEGORY_PRIMARY_VOTES_TRACED_PROPORTIONALLY,2,Ray Broomhall,OTH_CYA,RIGHT,0.7653949129852744,1.0,1.0,False,AEC_CANDIDATE_ROUNDS_CATEGORY_EXIT
Bass,TAS,192,OTH,ALP+GRN+IND+LNP+ON,IND,879.0,2988.0,0.29417670682730923,PROPORTIONAL_PRIMARY_ORIGIN_PASS_THROUGH,ALL_CATEGORY_PRIMARY_VOTES_TRACED_PROPORTIONALLY,2,Ray Broomhall,OTH_CYA,RIGHT,0.7653949129852744,1.0,1.0,False,AEC_CANDIDATE_ROUNDS_CATEGORY_EXIT
Bass,TAS,192,OTH,ALP+GRN+IND+LNP+ON,LNP,431.0,2988.0,0.14424364123159303,PROPORTIONAL_PRIMARY_ORIGIN_PASS_THROUGH,ALL_CATEGORY_PRIMARY_VOTES_TRACED_PROPORTIONALLY,2,Ray Broomhall,OTH_CYA,RIGHT,0.7653949129852744,1.0,1.0,False,AEC_CANDIDATE_ROUNDS_CATEGORY_EXIT
Bass,TAS,192,OTH,ALP+GRN+IND+LNP+ON,ON,1055.0,2988.0,0.35307898259705495,PROPORTIONAL_PRIMARY_ORIGIN_PASS_THROUGH,ALL_CATEGORY_PRIMARY_VOTES_TRACED_PROPORTIONALLY,2,Ray Broomhall,OTH_CYA,RIGHT,0.7653949129852744,1.0,1.0,False,AEC_CANDIDATE_ROUNDS_CATEGORY_EXIT
Braddon,TAS,193,GRN,ALP+LNP+ON,ALP,4514.543798177996,6318.0,0.7145526746087363,PROPORTIONAL_PRIMARY_ORIGIN_PASS_THROUGH,ALL_CATEGORY_PRIMARY_VOTES_TRACED_PROPORTIONALLY,1,Erin Morrow,GRN,,1.0,1.0,1.0,False,AEC_CANDIDATE_ROUNDS_CATEGORY_EXIT
Braddon,TAS,193,GRN,ALP+LNP+ON,LNP,460.45690259285215,6318.0,0.0728801681850035,PROPORTIONAL_PRIMARY_ORIGIN_PASS_THROUGH,ALL_CATEGORY_PRIMARY_VOTES_TRACED_PROPORTIONALLY,1,Erin Morrow,GRN,,1.0,1.0,1.0,False,AEC_CANDIDATE_ROUNDS_CATEGORY_EXIT
Braddon,TAS,193,GRN,ALP+LNP+ON,ON,1342.999299229152,6318.0,0.2125671572062602,PROPORTIONAL_PRIMARY_ORIGIN_PASS_THROUGH,ALL_CATEGORY_PRIMARY_VOTES_TRACED_PROPORTIONALLY,1,Erin Morrow,GRN,,1.0,1.0,1.0,False,AEC_CANDIDATE_ROUNDS_CATEGORY_EXIT
Braddon,TAS,193,IND,ALP+GRN+LNP+ON,ALP,1559.1366906474818,6174.0,0.25253266774335636,PROPORTIONAL_PRIMARY_ORIGIN_PASS_THROUGH,ALL_CATEGORY_PRIMARY_VOTES_TRACED_PROPORTIONALLY,1,Adam Martin,IND_PROMINENT,CENTRE_LEFT,1.0,1.0,1.0,False,AEC_CANDIDATE_ROUNDS_CATEGORY_EXIT
Braddon,TAS,193,IND,ALP+GRN+LNP+ON,GRN,1573.6402877697842,6174.0,0.25488180883864336,PROPORTIONAL_PRIMARY_ORIGIN_PASS_THROUGH,ALL_CATEGORY_PRIMARY_VOTES_TRACED_PROPORTIONALLY,1,Adam Martin,IND_PROMINENT,CENTRE_LEFT,1.0,1.0,1.0,False,AEC_CANDIDATE_ROUNDS_CATEGORY_EXIT
Braddon,TAS,193,IND,ALP+GRN+LNP+ON,LNP,1184.7625899280574,6174.0,0.19189546322125975,PROPORTIONAL_PRIMARY_ORIGIN_PASS_THROUGH,ALL_CATEGORY_PRIMARY_VOTES_TRACED_PROPORTIONALLY,1,Adam Martin,IND_PROMINENT,CENTRE_LEFT,1.0,1.0,1.0,False,AEC_CANDIDATE_ROUNDS_CATEGORY_EXIT
Braddon,TAS,193,IND,ALP+GRN+LNP+ON,ON,1856.460431654676,6174.0,0.30069006019674055,PROPORTIONAL_PRIMARY_ORIGIN_PASS_THROUGH,ALL_CATEGORY_PRIMARY_VOTES_TRACED_PROPORTIONALLY,1,Adam Martin,IND_PROMINENT,CENTRE_LEFT,1.0,1.0,1.0,False,AEC_CANDIDATE_ROUNDS_CATEGORY_EXIT
Braddon,TAS,193,ON,ALP+LNP,ALP,2627.8529088913283,5709.0,0.460300036589828,PROPORTIONAL_PRIMARY_ORIGIN_PASS_THROUGH,ALL_CATEGORY_PRIMARY_VOTES_TRACED_PROPORTIONALLY,1,Christopher Methorst,ON,,1.0,1.0,1.0,False,AEC_CANDIDATE_ROUNDS_CATEGORY_EXIT
Braddon,TAS,193,ON,ALP+LNP,LNP,3081.147091108672,5709.0,0.539699963410172,PROPORTIONAL_PRIMARY_ORIGIN_PASS_THROUGH,ALL_CATEGORY_PRIMARY_VOTES_TRACED_PROPORTIONALLY,1,Christopher Methorst,ON,,1.0,1.0,1.0,False,AEC_CANDIDATE_ROUNDS_CATEGORY_EXIT
Braddon,TAS,193,OTH,ALP+GRN+IND+LNP+ON,ALP,360.0,3360.0,0.10714285714285712,PROPORTIONAL_PRIMARY_ORIGIN_PASS_THROUGH,ALL_CATEGORY_PRIMARY_VOTES_TRACED_PROPORTIONALLY,1,Stephen John Kenney,OTH_CYA,RIGHT,1.0,1.0,1.0,False,AEC_CANDIDATE_ROUNDS_CATEGORY_EXIT
Braddon,TAS,193,OTH,ALP+GRN+IND+LNP+ON,GRN,507.99999999999994,3360.0,0.15119047619047613,PROPORTIONAL_PRIMARY_ORIGIN_PASS_THROUGH,ALL_CATEGORY_PRIMARY_VOTES_TRACED_PROPORTIONALLY,1,Stephen John Kenney,OTH_CYA,RIGHT,1.0,1.0,1.0,False,AEC_CANDIDATE_ROUNDS_CATEGORY_EXIT
Braddon,TAS,193,OTH,ALP+GRN+IND+LNP+ON,IND,637.0,3360.0,0.18958333333333335,PROPORTIONAL_PRIMARY_ORIGIN_PASS_THROUGH,ALL_CATEGORY_PRIMARY_VOTES_TRACED_PROPORTIONALLY,1,Stephen John Kenney,OTH_CYA,RIGHT,1.0,1.0,1.0,False,AEC_CANDIDATE_ROUNDS_CATEGORY_EXIT
Braddon,TAS,193,OTH,ALP+GRN+IND+LNP+ON,LNP,500.0,3360.0,0.14880952380952384,PROPORTIONAL_PRIMARY_ORIGIN_PASS_THROUGH,ALL_CATEGORY_PRIMARY_VOTES_TRACED_PROPORTIONALLY,1,Stephen John Kenney,OTH_CYA,RIGHT,1.0,1.0,1.0,False,AEC_CANDIDATE_ROUNDS_CATEGORY_EXIT
Braddon,TAS,193,OTH,ALP+GRN+IND+LNP+ON,ON,1355.0,3360.0,0.4032738095238096,PROPORTIONAL_PRIMARY_ORIGIN_PASS_THROUGH,ALL_CATEGORY_PRIMARY_VOTES_TRACED_PROPORTIONALLY,1,Stephen John Kenney,OTH_CYA,RIGHT,1.0,1.0,1.0,False,AEC_CANDIDATE_ROUNDS_CATEGORY_EXIT
Clark,TAS,319,GRN,ALP+IND+LNP,ALP,2327.624862243774,8908.0,0.2612960105796782,PROPORTIONAL_PRIMARY_ORIGIN_PASS_THROUGH,ALL_CATEGORY_PRIMARY_VOTES_TRACED_PROPORTIONALLY,1,Janet Shelley,GRN,,1.0,1.0,1.0,False,AEC_CANDIDATE_ROUNDS_CATEGORY_EXIT
Clark,TAS,319,GRN,ALP+IND+LNP,IND,6279.973109984571,8908.0,0.7049812651531849,PROPORTIONAL_PRIMARY_ORIGIN_PASS_THROUGH,ALL_CATEGORY_PRIMARY_VOTES_TRACED_PROPORTIONALLY,1,Janet Shelley,GRN,,1.0,1.0,1.0,False,AEC_CANDIDATE_ROUNDS_CATEGORY_EXIT
Clark,TAS,319,GRN,ALP+IND+LNP,LNP,300.4020277716553,8908.0,0.0337227242671368,PROPORTIONAL_PRIMARY_ORIGIN_PASS_THROUGH,ALL_CATEGORY_PRIMARY_VOTES_TRACED_PROPORTIONALLY,1,Janet Shelley,GRN,,1.0,1.0,1.0,False,AEC_CANDIDATE_ROUNDS_CATEGORY_EXIT
Clark,TAS,319,LNP,ALP+IND,ALP,3145.080639097744,9239.0,0.34041353383458645,PROPORTIONAL_PRIMARY_ORIGIN_PASS_THROUGH,ALL_CATEGORY_PRIMARY_VOTES_TRACED_PROPORTIONALLY,1,Marilena Di Florio,LIB,,1.0,1.0,1.0,False,AEC_CANDIDATE_ROUNDS_CATEGORY_EXIT
Clark,TAS,319,LNP,ALP+IND,IND,6093.919360902255,9239.0,0.6595864661654136,PROPORTIONAL_PRIMARY_ORIGIN_PASS_THROUGH,ALL_CATEGORY_PRIMARY_VOTES_TRACED_PROPORTIONALLY,1,Marilena Di Florio,LIB,,1.0,1.0,1.0,False,AEC_CANDIDATE_ROUNDS_CATEGORY_EXIT
Clark,TAS,319,ON,ALP+GRN+IND+LNP,ALP,468.0,2834.0,0.16513761467889912,PROPORTIONAL_PRIMARY_ORIGIN_PASS_THROUGH,ALL_CATEGORY_PRIMARY_VOTES_TRACED_PROPORTIONALLY,1,Cathy Griggs,ON,,1.0,1.0,1.0,False,AEC_CANDIDATE_ROUNDS_CATEGORY_EXIT
Clark,TAS,319,ON,ALP+GRN+IND+LNP,GRN,166.0,2834.0,0.05857445306986591,PROPORTIONAL_PRIMARY_ORIGIN_PASS_THROUGH,ALL_CATEGORY_PRIMARY_VOTES_TRACED_PROPORTIONALLY,1,Cathy Griggs,ON,,1.0,1.0,1.0,False,AEC_CANDIDATE_ROUNDS_CATEGORY_EXIT
Clark,TAS,319,ON,ALP+GRN+IND+LNP,IND,1105.0,2834.0,0.38990825688073394,PROPORTIONAL_PRIMARY_ORIGIN_PASS_THROUGH,ALL_CATEGORY_PRIMARY_VOTES_TRACED_PROPORTIONALLY,1,Cathy Griggs,ON,,1.0,1.0,1.0,False,AEC_CANDIDATE_ROUNDS_CATEGORY_EXIT
Clark,TAS,319,ON,ALP+GRN+IND+LNP,LNP,1095.0,2834.0,0.38637967537050105,PROPORTIONAL_PRIMARY_ORIGIN_PASS_THROUGH,ALL_CATEGORY_PRIMARY_VOTES_TRACED_PROPORTIONALLY,1,Cathy Griggs,ON,,1.0,1.0,1.0,False,AEC_CANDIDATE_ROUNDS_CATEGORY_EXIT
Franklin,TAS,195,GRN,ALP+IND+LNP,ALP,3551.139396817858,8016.0,0.4430064117786749,PROPORTIONAL_PRIMARY_ORIGIN_PASS_THROUGH,ALL_CATEGORY_PRIMARY_VOTES_TRACED_PROPORTIONALLY,1,Owen Fitzgerald,GRN,,1.0,1.0,1.0,False,AEC_CANDIDATE_ROUNDS_CATEGORY_EXIT
Franklin,TAS,195,GRN,ALP+IND+LNP,IND,4146.009973877939,8016.0,0.5172168131085253,PROPORTIONAL_PRIMARY_ORIGIN_PASS_THROUGH,ALL_CATEGORY_PRIMARY_VOTES_TRACED_PROPORTIONALLY,1,Owen Fitzgerald,GRN,,1.0,1.0,1.0,False,AEC_CANDIDATE_ROUNDS_CATEGORY_EXIT
Franklin,TAS,195,GRN,ALP+IND+LNP,LNP,318.85062930420327,8016.0,0.0397767751127998,PROPORTIONAL_PRIMARY_ORIGIN_PASS_THROUGH,ALL_CATEGORY_PRIMARY_VOTES_TRACED_PROPORTIONALLY,1,Owen Fitzgerald,GRN,,1.0,1.0,1.0,False,AEC_CANDIDATE_ROUNDS_CATEGORY_EXIT
Franklin,TAS,195,LNP,ALP+IND,ALP,7351.918753509264,14403.0,0.5104435710275126,PROPORTIONAL_PRIMARY_ORIGIN_PASS_THROUGH,ALL_CATEGORY_PRIMARY_VOTES_TRACED_PROPORTIONALLY,1,Josh Garvin,LIB,,1.0,1.0,1.0,False,AEC_CANDIDATE_ROUNDS_CATEGORY_EXIT
Franklin,TAS,195,LNP,ALP+IND,IND,7051.081246490736,14403.0,0.4895564289724874,PROPORTIONAL_PRIMARY_ORIGIN_PASS_THROUGH,ALL_CATEGORY_PRIMARY_VOTES_TRACED_PROPORTIONALLY,1,Josh Garvin,LIB,,1.0,1.0,1.0,False,AEC_CANDIDATE_ROUNDS_CATEGORY_EXIT
Franklin,TAS,195,ON,ALP+GRN+IND+LNP+OTH,ALP,466.0,3793.0,0.12285789612443973,PROPORTIONAL_PRIMARY_ORIGIN_PASS_THROUGH,ALL_CATEGORY_PRIMARY_VOTES_TRACED_PROPORTIONALLY,1,Stefan Popescu,ON,,1.0,1.0,1.0,False,AEC_CANDIDATE_ROUNDS_CATEGORY_EXIT
Franklin,TAS,195,ON,ALP+GRN+IND+LNP+OTH,GRN,219.0,3793.0,0.05773793830740832,PROPORTIONAL_PRIMARY_ORIGIN_PASS_THROUGH,ALL_CATEGORY_PRIMARY_VOTES_TRACED_PROPORTIONALLY,1,Stefan Popescu,ON,,1.0,1.0,1.0,False,AEC_CANDIDATE_ROUNDS_CATEGORY_EXIT
Franklin,TAS,195,ON,ALP+GRN+IND+LNP+OTH,IND,683.0,3793.0,0.18006854732401792,PROPORTIONAL_PRIMARY_ORIGIN_PASS_THROUGH,ALL_CATEGORY_PRIMARY_VOTES_TRACED_PROPORTIONALLY,1,Stefan Popescu,ON,,1.0,1.0,1.0,False,AEC_CANDIDATE_ROUNDS_CATEGORY_EXIT
Franklin,TAS,195,ON,ALP+GRN+IND+LNP+OTH,LNP,1433.0,3793.0,0.3778012127603481,PROPORTIONAL_PRIMARY_ORIGIN_PASS_THROUGH,ALL_CATEGORY_PRIMARY_VOTES_TRACED_PROPORTIONALLY,1,Stefan Popescu,ON,,1.0,1.0,1.0,False,AEC_CANDIDATE_ROUNDS_CATEGORY_EXIT
Franklin,TAS,195,ON,ALP+GRN+IND+LNP+OTH,OTH,992.0,3793.0,0.261534405483786,PROPORTIONAL_PRIMARY_ORIGIN_PASS_THROUGH,ALL_CATEGORY_PRIMARY_VOTES_TRACED_PROPORTIONALLY,1,Stefan Popescu,ON,,1.0,1.0,1.0,False,AEC_CANDIDATE_ROUNDS_CATEGORY_EXIT
Franklin,TAS,195,OTH,ALP+GRN+IND+LNP,ALP,832.8371416701287,3822.0,0.21790610718737016,PROPORTIONAL_PRIMARY_ORIGIN_PASS_THROUGH,ALL_CATEGORY_PRIMARY_VOTES_TRACED_PROPORTIONALLY,1,Brendan Blomeley,IND_MINOR,CENTRE,1.0,1.0,1.0,False,AEC_CANDIDATE_ROUNDS_CATEGORY_EXIT
Franklin,TAS,195,OTH,ALP+GRN+IND+LNP,GRN,148.46572496884087,3822.0,0.038845035313668404,PROPORTIONAL_PRIMARY_ORIGIN_PASS_THROUGH,ALL_CATEGORY_PRIMARY_VOTES_TRACED_PROPORTIONALLY,1,Brendan Blomeley,IND_MINOR,CENTRE,1.0,1.0,1.0,False,AEC_CANDIDATE_ROUNDS_CATEGORY_EXIT
Franklin,TAS,195,OTH,ALP+GRN+IND+LNP,IND,1539.4387203988367,3822.0,0.40278354798504373,PROPORTIONAL_PRIMARY_ORIGIN_PASS_THROUGH,ALL_CATEGORY_PRIMARY_VOTES_TRACED_PROPORTIONALLY,1,Brendan Blomeley,IND_MINOR,CENTRE,1.0,1.0,1.0,False,AEC_CANDIDATE_ROUNDS_CATEGORY_EXIT
Franklin,TAS,195,OTH,ALP+GRN+IND+LNP,LNP,1301.2584129621937,3822.0,0.34046530951391774,PROPORTIONAL_PRIMARY_ORIGIN_PASS_THROUGH,ALL_CATEGORY_PRIMARY_VOTES_TRACED_PROPORTIONALLY,1,Brendan Blomeley,IND_MINOR,CENTRE,1.0,1.0,1.0,False,AEC_CANDIDATE_ROUNDS_CATEGORY_EXIT
Lyons,TAS,196,GRN,ALP+LNP,ALP,6422.205997828085,8362.0,0.7680227215771448,PROPORTIONAL_PRIMARY_ORIGIN_PASS_THROUGH,ALL_CATEGORY_PRIMARY_VOTES_TRACED_PROPORTIONALLY,1,Alistair Allan,GRN,,1.0,1.0,1.0,False,AEC_CANDIDATE_ROUNDS_CATEGORY_EXIT
Lyons,TAS,196,GRN,ALP+LNP,LNP,1939.7940021719155,8362.0,0.2319772784228552,PROPORTIONAL_PRIMARY_ORIGIN_PASS_THROUGH,ALL_CATEGORY_PRIMARY_VOTES_TRACED_PROPORTIONALLY,1,Alistair Allan,GRN,,1.0,1.0,1.0,False,AEC_CANDIDATE_ROUNDS_CATEGORY_EXIT
Lyons,TAS,196,ON,ALP+GRN+LNP,ALP,1463.0849013829063,5165.0,0.2832690999773294,PROPORTIONAL_PRIMARY_ORIGIN_PASS_THROUGH,ALL_CATEGORY_PRIMARY_VOTES_TRACED_PROPORTIONALLY,1,Shaun Broadby,ON,,1.0,1.0,1.0,False,AEC_CANDIDATE_ROUNDS_CATEGORY_EXIT
Lyons,TAS,196,ON,ALP+GRN+LNP,GRN,990.026637950578,5165.0,0.191679891181138,PROPORTIONAL_PRIMARY_ORIGIN_PASS_THROUGH,ALL_CATEGORY_PRIMARY_VOTES_TRACED_PROPORTIONALLY,1,Shaun Broadby,ON,,1.0,1.0,1.0,False,AEC_CANDIDATE_ROUNDS_CATEGORY_EXIT
Lyons,TAS,196,ON,ALP+GRN+LNP,LNP,2711.8884606665156,5165.0,0.5250510088415326,PROPORTIONAL_PRIMARY_ORIGIN_PASS_THROUGH,ALL_CATEGORY_PRIMARY_VOTES_TRACED_PROPORTIONALLY,1,Shaun Broadby,ON,,1.0,1.0,1.0,False,AEC_CANDIDATE_ROUNDS_CATEGORY_EXIT
Lyons,TAS,196,OTH,ALP+GRN+LNP+ON,ALP,2523.0,10070.0,0.2505461767626614,PROPORTIONAL_PRIMARY_ORIGIN_PASS_THROUGH,ALL_CATEGORY_PRIMARY_VOTES_TRACED_PROPORTIONALLY,4,Carlo Di Falco,OTH_ASP,CENTRE_RIGHT,0.3432969215491559,1.0,1.0,False,AEC_CANDIDATE_ROUNDS_CATEGORY_EXIT
Lyons,TAS,196,OTH,ALP+GRN+LNP+ON,GRN,1918.0,10070.0,0.1904667328699106,PROPORTIONAL_PRIMARY_ORIGIN_PASS_THROUGH,ALL_CATEGORY_PRIMARY_VOTES_TRACED_PROPORTIONALLY,4,Carlo Di Falco,OTH_ASP,CENTRE_RIGHT,0.3432969215491559,1.0,1.0,False,AEC_CANDIDATE_ROUNDS_CATEGORY_EXIT
Lyons,TAS,196,OTH,ALP+GRN+LNP+ON,LNP,1972.0,10070.0,0.1958291956305859,PROPORTIONAL_PRIMARY_ORIGIN_PASS_THROUGH,ALL_CATEGORY_PRIMARY_VOTES_TRACED_PROPORTIONALLY,4,Carlo Di Falco,OTH_ASP,CENTRE_RIGHT,0.3432969215491559,1.0,1.0,False,AEC_CANDIDATE_ROUNDS_CATEGORY_EXIT
Lyons,TAS,196,OTH,ALP+GRN+LNP+ON,ON,3657.0,10070.0,0.3631578947368421,PROPORTIONAL_PRIMARY_ORIGIN_PASS_THROUGH,ALL_CATEGORY_PRIMARY_VOTES_TRACED_PROPORTIONALLY,4,Carlo Di Falco,OTH_ASP,CENTRE_RIGHT,0.3432969215491559,1.0,1.0,False,AEC_CANDIDATE_ROUNDS_CATEGORY_EXIT
Aston,VIC,197,GRN,ALP+LNP,ALP,10703.824439107257,12669.0,0.8448831351414681,PROPORTIONAL_PRIMARY_ORIGIN_PASS_THROUGH,ALL_CATEGORY_PRIMARY_VOTES_TRACED_PROPORTIONALLY,1,Reuben Steen,GRN,,1.0,1.0,1.0,False,AEC_CANDIDATE_ROUNDS_CATEGORY_EXIT
Aston,VIC,197,GRN,ALP+LNP,LNP,1965.1755608927424,12669.0,0.15511686485853202,PROPORTIONAL_PRIMARY_ORIGIN_PASS_THROUGH,ALL_CATEGORY_PRIMARY_VOTES_TRACED_PROPORTIONALLY,1,Reuben Steen,GRN,,1.0,1.0,1.0,False,AEC_CANDIDATE_ROUNDS_CATEGORY_EXIT
Aston,VIC,197,ON,ALP+GRN+LNP,ALP,548.9370629370629,3738.0,0.14685314685314682,PROPORTIONAL_PRIMARY_ORIGIN_PASS_THROUGH,ALL_CATEGORY_PRIMARY_VOTES_TRACED_PROPORTIONALLY,1,John De Wacht,ON,,1.0,1.0,1.0,False,AEC_CANDIDATE_ROUNDS_CATEGORY_EXIT
Aston,VIC,197,ON,ALP+GRN+LNP,GRN,909.4698509038132,3738.0,0.24330386594537534,PROPORTIONAL_PRIMARY_ORIGIN_PASS_THROUGH,ALL_CATEGORY_PRIMARY_VOTES_TRACED_PROPORTIONALLY,1,John De Wacht,ON,,1.0,1.0,1.0,False,AEC_CANDIDATE_ROUNDS_CATEGORY_EXIT
Aston,VIC,197,ON,ALP+GRN+LNP,LNP,2279.593086159124,3738.0,0.6098429872014779,PROPORTIONAL_PRIMARY_ORIGIN_PASS_THROUGH,ALL_CATEGORY_PRIMARY_VOTES_TRACED_PROPORTIONALLY,1,John De Wacht,ON,,1.0,1.0,1.0,False,AEC_CANDIDATE_ROUNDS_CATEGORY_EXIT
Aston,VIC,197,OTH,ALP+GRN+LNP+ON,ALP,2228.0,11134.0,0.20010777797736665,PROPORTIONAL_PRIMARY_ORIGIN_PASS_THROUGH,ALL_CATEGORY_PRIMARY_VOTES_TRACED_PROPORTIONALLY,5,Mark Grondman,IND_MINOR,LEFT,0.2190587389976648,1.0,1.0,False,AEC_CANDIDATE_ROUNDS_CATEGORY_EXIT
Aston,VIC,197,OTH,ALP+GRN+LNP+ON,GRN,2558.0,11134.0,0.22974672175318844,PROPORTIONAL_PRIMARY_ORIGIN_PASS_THROUGH,ALL_CATEGORY_PRIMARY_VOTES_TRACED_PROPORTIONALLY,5,Mark Grondman,IND_MINOR,LEFT,0.2190587389976648,1.0,1.0,False,AEC_CANDIDATE_ROUNDS_CATEGORY_EXIT
Aston,VIC,197,OTH,ALP+GRN+LNP+ON,LNP,2507.0,11134.0,0.22516615771510687,PROPORTIONAL_PRIMARY_ORIGIN_PASS_THROUGH,ALL_CATEGORY_PRIMARY_VOTES_TRACED_PROPORTIONALLY,5,Mark Grondman,IND_MINOR,LEFT,0.2190587389976648,1.0,1.0,False,AEC_CANDIDATE_ROUNDS_CATEGORY_EXIT
Aston,VIC,197,OTH,ALP+GRN+LNP+ON,ON,3841.0,11134.0,0.34497934255433804,PROPORTIONAL_PRIMARY_ORIGIN_PASS_THROUGH,ALL_CATEGORY_PRIMARY_VOTES_TRACED_PROPORTIONALLY,5,Mark Grondman,IND_MINOR,LEFT,0.2190587389976648,1.0,1.0,False,AEC_CANDIDATE_ROUNDS_CATEGORY_EXIT
Ballarat,VIC,198,GRN,ALP+LNP,ALP,12648.70155963812,14984.0,0.8441471943164789,PROPORTIONAL_PRIMARY_ORIGIN_PASS_THROUGH,ALL_CATEGORY_PRIMARY_VOTES_TRACED_PROPORTIONALLY,1,John Barnes,GRN,,1.0,1.0,1.0,False,AEC_CANDIDATE_ROUNDS_CATEGORY_EXIT
Ballarat,VIC,198,GRN,ALP+LNP,LNP,2335.29844036188,14984.0,0.1558528056835211,PROPORTIONAL_PRIMARY_ORIGIN_PASS_THROUGH,ALL_CATEGORY_PRIMARY_VOTES_TRACED_PROPORTIONALLY,1,John Barnes,GRN,,1.0,1.0,1.0,False,AEC_CANDIDATE_ROUNDS_CATEGORY_EXIT
Ballarat,VIC,198,ON,ALP+GRN+LNP,ALP,1724.0138321574452,8029.0,0.2147233568510954,PROPORTIONAL_PRIMARY_ORIGIN_PASS_THROUGH,ALL_CATEGORY_PRIMARY_VOTES_TRACED_PROPORTIONALLY,1,Terri Pryse-Smith,ON,,1.0,1.0,1.0,False,AEC_CANDIDATE_ROUNDS_CATEGORY_EXIT
Ballarat,VIC,198,ON,ALP+GRN+LNP,GRN,1285.743130337913,8029.0,0.1601373932417378,PROPORTIONAL_PRIMARY_ORIGIN_PASS_THROUGH,ALL_CATEGORY_PRIMARY_VOTES_TRACED_PROPORTIONALLY,1,Terri Pryse-Smith,ON,,1.0,1.0,1.0,False,AEC_CANDIDATE_ROUNDS_CATEGORY_EXIT
Ballarat,VIC,198,ON,ALP+GRN+LNP,LNP,5019.2430375046415,8029.0,0.6251392499071667,PROPORTIONAL_PRIMARY_ORIGIN_PASS_THROUGH,ALL_CATEGORY_PRIMARY_VOTES_TRACED_PROPORTIONALLY,1,Terri Pryse-Smith,ON,,1.0,1.0,1.0,False,AEC_CANDIDATE_ROUNDS_CATEGORY_EXIT
Ballarat,VIC,198,OTH,ALP+GRN+LNP+ON,ALP,1624.0,7371.0,0.22032288698955366,PROPORTIONAL_PRIMARY_ORIGIN_PASS_THROUGH,ALL_CATEGORY_PRIMARY_VOTES_TRACED_PROPORTIONALLY,3,Ian Maxwell Harkness,OTH_FFPA,RIGHT,0.4147334147334147,1.0,1.0,False,AEC_CANDIDATE_ROUNDS_CATEGORY_EXIT
Ballarat,VIC,198,OTH,ALP+GRN+LNP+ON,GRN,1308.0,7371.0,0.17745217745217742,PROPORTIONAL_PRIMARY_ORIGIN_PASS_THROUGH,ALL_CATEGORY_PRIMARY_VOTES_TRACED_PROPORTIONALLY,3,Ian Maxwell Harkness,OTH_FFPA,RIGHT,0.4147334147334147,1.0,1.0,False,AEC_CANDIDATE_ROUNDS_CATEGORY_EXIT
Ballarat,VIC,198,OTH,ALP+GRN+LNP+ON,LNP,1696.0,7371.0,0.23009089675756345,PROPORTIONAL_PRIMARY_ORIGIN_PASS_THROUGH,ALL_CATEGORY_PRIMARY_VOTES_TRACED_PROPORTIONALLY,3,Ian Maxwell Harkness,OTH_FFPA,RIGHT,0.4147334147334147,1.0,1.0,False,AEC_CANDIDATE_ROUNDS_CATEGORY_EXIT
Ballarat,VIC,198,OTH,ALP+GRN+LNP+ON,ON,2743.0,7371.0,0.37213403880070545,PROPORTIONAL_PRIMARY_ORIGIN_PASS_THROUGH,ALL_CATEGORY_PRIMARY_VOTES_TRACED_PROPORTIONALLY,3,Ian Maxwell Harkness,OTH_FFPA,RIGHT,0.4147334147334147,1.0,1.0,False,AEC_CANDIDATE_ROUNDS_CATEGORY_EXIT
Bendigo,VIC,200,GRN,ALP+LNP,ALP,9962.382852339591,12079.0,0.8247688428131129,PROPORTIONAL_PRIMARY_ORIGIN_PASS_THROUGH,ALL_CATEGORY_PRIMARY_VOTES_TRACED_PROPORTIONALLY,1,Avery Barnett-Dacey,GRN,,1.0,1.0,1.0,False,AEC_CANDIDATE_ROUNDS_CATEGORY_EXIT
Bendigo,VIC,200,GRN,ALP+LNP,LNP,2116.617147660409,12079.0,0.1752311571868871,PROPORTIONAL_PRIMARY_ORIGIN_PASS_THROUGH,ALL_CATEGORY_PRIMARY_VOTES_TRACED_PROPORTIONALLY,1,Avery Barnett-Dacey,GRN,,1.0,1.0,1.0,False,AEC_CANDIDATE_ROUNDS_CATEGORY_EXIT
Bendigo,VIC,200,ON,ALP+GRN+LNP,ALP,715.6053231939164,5262.0,0.13599493029150822,PROPORTIONAL_PRIMARY_ORIGIN_PASS_THROUGH,ALL_CATEGORY_PRIMARY_VOTES_TRACED_PROPORTIONALLY,1,Heather Freeman,ON,,1.0,1.0,1.0,False,AEC_CANDIDATE_ROUNDS_CATEGORY_EXIT
Bendigo,VIC,200,ON,ALP+GRN+LNP,GRN,728.2768060836502,5262.0,0.13840304182509502,PROPORTIONAL_PRIMARY_ORIGIN_PASS_THROUGH,ALL_CATEGORY_PRIMARY_VOTES_TRACED_PROPORTIONALLY,1,Heather Freeman,ON,,1.0,1.0,1.0,False,AEC_CANDIDATE_ROUNDS_CATEGORY_EXIT
Bendigo,VIC,200,ON,ALP+GRN+LNP,LNP,3818.1178707224335,5262.0,0.7256020278833968,PROPORTIONAL_PRIMARY_ORIGIN_PASS_THROUGH,ALL_CATEGORY_PRIMARY_VOTES_TRACED_PROPORTIONALLY,1,Heather Freeman,ON,,1.0,1.0,1.0,False,AEC_CANDIDATE_ROUNDS_CATEGORY_EXIT
Bendigo,VIC,200,OTH,ALP+GRN+LNP+ON,ALP,1782.0,10622.0,0.1677650160045189,PROPORTIONAL_PRIMARY_ORIGIN_PASS_THROUGH,ALL_CATEGORY_PRIMARY_VOTES_TRACED_PROPORTIONALLY,5,Wayne Taylor,OTH_HMP,CENTRE_LEFT,0.3451327433628318,1.0,1.0,False,AEC_CANDIDATE_ROUNDS_CATEGORY_EXIT
Bendigo,VIC,200,OTH,ALP+GRN+LNP+ON,GRN,3545.0,10622.0,0.3337412916588213,PROPORTIONAL_PRIMARY_ORIGIN_PASS_THROUGH,ALL_CATEGORY_PRIMARY_VOTES_TRACED_PROPORTIONALLY,5,Wayne Taylor,OTH_HMP,CENTRE_LEFT,0.3451327433628318,1.0,1.0,False,AEC_CANDIDATE_ROUNDS_CATEGORY_EXIT
Bendigo,VIC,200,OTH,ALP+GRN+LNP+ON,LNP,2667.0,10622.0,0.2510826586330258,PROPORTIONAL_PRIMARY_ORIGIN_PASS_THROUGH,ALL_CATEGORY_PRIMARY_VOTES_TRACED_PROPORTIONALLY,5,Wayne Taylor,OTH_HMP,CENTRE_LEFT,0.3451327433628318,1.0,1.0,False,AEC_CANDIDATE_ROUNDS_CATEGORY_EXIT
Bendigo,VIC,200,OTH,ALP+GRN+LNP+ON,ON,2628.0,10622.0,0.2474110337036339,PROPORTIONAL_PRIMARY_ORIGIN_PASS_THROUGH,ALL_CATEGORY_PRIMARY_VOTES_TRACED_PROPORTIONALLY,5,Wayne Taylor,OTH_HMP,CENTRE_LEFT,0.3451327433628318,1.0,1.0,False,AEC_CANDIDATE_ROUNDS_CATEGORY_EXIT
Bruce,VIC,201,GRN,ALP+LNP,ALP,11101.074597628123,13213.0,0.840163066497247,PROPORTIONAL_PRIMARY_ORIGIN_PASS_THROUGH,ALL_CATEGORY_PRIMARY_VOTES_TRACED_PROPORTIONALLY,1,Rhonda Garad,GRN,,1.0,1.0,1.0,False,AEC_CANDIDATE_ROUNDS_CATEGORY_EXIT
Bruce,VIC,201,GRN,ALP+LNP,LNP,2111.9254023718763,13213.0,0.15983693350275302,PROPORTIONAL_PRIMARY_ORIGIN_PASS_THROUGH,ALL_CATEGORY_PRIMARY_VOTES_TRACED_PROPORTIONALLY,1,Rhonda Garad,GRN,,1.0,1.0,1.0,False,AEC_CANDIDATE_ROUNDS_CATEGORY_EXIT
Bruce,VIC,201,ON,ALP+GRN+LNP,ALP,1770.3669311601973,8931.0,0.19822717849739083,PROPORTIONAL_PRIMARY_ORIGIN_PASS_THROUGH,ALL_CATEGORY_PRIMARY_VOTES_TRACED_PROPORTIONALLY,1,Bianca Colecchia,ON,,1.0,1.0,1.0,False,AEC_CANDIDATE_ROUNDS_CATEGORY_EXIT
Bruce,VIC,201,ON,ALP+GRN+LNP,GRN,2163.001501179498,8931.0,0.24219029237257841,PROPORTIONAL_PRIMARY_ORIGIN_PASS_THROUGH,ALL_CATEGORY_PRIMARY_VOTES_TRACED_PROPORTIONALLY,1,Bianca Colecchia,ON,,1.0,1.0,1.0,False,AEC_CANDIDATE_ROUNDS_CATEGORY_EXIT
Bruce,VIC,201,ON,ALP+GRN+LNP,LNP,4997.631567660304,8931.0,0.5595825291300308,PROPORTIONAL_PRIMARY_ORIGIN_PASS_THROUGH,ALL_CATEGORY_PRIMARY_VOTES_TRACED_PROPORTIONALLY,1,Bianca Colecchia,ON,,1.0,1.0,1.0,False,AEC_CANDIDATE_ROUNDS_CATEGORY_EXIT
Bruce,VIC,201,OTH,ALP+GRN+LNP+ON,ALP,2499.0,12578.0,0.19868023533153123,PROPORTIONAL_PRIMARY_ORIGIN_PASS_THROUGH,ALL_CATEGORY_PRIMARY_VOTES_TRACED_PROPORTIONALLY,4,Wendy Birchall,OTH_FFPA,RIGHT,0.3335983463189696,1.0,1.0,False,AEC_CANDIDATE_ROUNDS_CATEGORY_EXIT
Bruce,VIC,201,OTH,ALP+GRN+LNP+ON,GRN,2287.0,12578.0,0.18182540944506284,PROPORTIONAL_PRIMARY_ORIGIN_PASS_THROUGH,ALL_CATEGORY_PRIMARY_VOTES_TRACED_PROPORTIONALLY,4,Wendy Birchall,OTH_FFPA,RIGHT,0.3335983463189696,1.0,1.0,False,AEC_CANDIDATE_ROUNDS_CATEGORY_EXIT
Bruce,VIC,201,OTH,ALP+GRN+LNP+ON,LNP,2734.0,12578.0,0.21736365081889011,PROPORTIONAL_PRIMARY_ORIGIN_PASS_THROUGH,ALL_CATEGORY_PRIMARY_VOTES_TRACED_PROPORTIONALLY,4,Wendy Birchall,OTH_FFPA,RIGHT,0.3335983463189696,1.0,1.0,False,AEC_CANDIDATE_ROUNDS_CATEGORY_EXIT
Bruce,VIC,201,OTH,ALP+GRN+LNP+ON,ON,5058.0,12578.0,0.40213070440451587,PROPORTIONAL_PRIMARY_ORIGIN_PASS_THROUGH,ALL_CATEGORY_PRIMARY_VOTES_TRACED_PROPORTIONALLY,4,Wendy Birchall,OTH_FFPA,RIGHT,0.3335983463189696,1.0,1.0,False,AEC_CANDIDATE_ROUNDS_CATEGORY_EXIT
Calwell,VIC,203,GRN,ALP+IND+LNP,ALP,5106.1622507694365,7439.0,0.6864043891342165,PROPORTIONAL_PRIMARY_ORIGIN_PASS_THROUGH,ALL_CATEGORY_PRIMARY_VOTES_TRACED_PROPORTIONALLY,1,Ravneet Kaur Garcha,GRN,,1.0,1.0,1.0,False,AEC_CANDIDATE_ROUNDS_CATEGORY_EXIT
Calwell,VIC,203,GRN,ALP+IND+LNP,IND,1840.587581961729,7439.0,0.2474240599491503,PROPORTIONAL_PRIMARY_ORIGIN_PASS_THROUGH,ALL_CATEGORY_PRIMARY_VOTES_TRACED_PROPORTIONALLY,1,Ravneet Kaur Garcha,GRN,,1.0,1.0,1.0,False,AEC_CANDIDATE_ROUNDS_CATEGORY_EXIT
Calwell,VIC,203,GRN,ALP+IND+LNP,LNP,492.2501672688345,7439.0,0.0661715509166332,PROPORTIONAL_PRIMARY_ORIGIN_PASS_THROUGH,ALL_CATEGORY_PRIMARY_VOTES_TRACED_PROPORTIONALLY,1,Ravneet Kaur Garcha,GRN,,1.0,1.0,1.0,False,AEC_CANDIDATE_ROUNDS_CATEGORY_EXIT
Calwell,VIC,203,LNP,ALP+IND,ALP,4467.158761857215,14102.0,0.3167748377433849,PROPORTIONAL_PRIMARY_ORIGIN_PASS_THROUGH,ALL_CATEGORY_PRIMARY_VOTES_TRACED_PROPORTIONALLY,1,Usman Ghani,LIB,,1.0,1.0,1.0,False,AEC_CANDIDATE_ROUNDS_CATEGORY_EXIT
Calwell,VIC,203,LNP,ALP+IND,IND,9634.841238142786,14102.0,0.6832251622566151,PROPORTIONAL_PRIMARY_ORIGIN_PASS_THROUGH,ALL_CATEGORY_PRIMARY_VOTES_TRACED_PROPORTIONALLY,1,Usman Ghani,LIB,,1.0,1.0,1.0,False,AEC_CANDIDATE_ROUNDS_CATEGORY_EXIT
Calwell,VIC,203,ON,ALP+GRN+IND+LNP,ALP,335.61301916932905,3375.0,0.09944089456869,PROPORTIONAL_PRIMARY_ORIGIN_PASS_THROUGH,ALL_CATEGORY_PRIMARY_VOTES_TRACED_PROPORTIONALLY,1,Luay Toma,ON,,1.0,1.0,1.0,False,AEC_CANDIDATE_ROUNDS_CATEGORY_EXIT
Calwell,VIC,203,ON,ALP+GRN+IND+LNP,GRN,220.3724041533546,3375.0,0.0652955271565495,PROPORTIONAL_PRIMARY_ORIGIN_PASS_THROUGH,ALL_CATEGORY_PRIMARY_VOTES_TRACED_PROPORTIONALLY,1,Luay Toma,ON,,1.0,1.0,1.0,False,AEC_CANDIDATE_ROUNDS_CATEGORY_EXIT
Calwell,VIC,203,ON,ALP+GRN+IND+LNP,IND,1969.19928115016,3375.0,0.5834664536741215,PROPORTIONAL_PRIMARY_ORIGIN_PASS_THROUGH,ALL_CATEGORY_PRIMARY_VOTES_TRACED_PROPORTIONALLY,1,Luay Toma,ON,,1.0,1.0,1.0,False,AEC_CANDIDATE_ROUNDS_CATEGORY_EXIT
Calwell,VIC,203,ON,ALP+GRN+IND+LNP,LNP,849.8152955271565,3375.0,0.2517971246006389,PROPORTIONAL_PRIMARY_ORIGIN_PASS_THROUGH,ALL_CATEGORY_PRIMARY_VOTES_TRACED_PROPORTIONALLY,1,Luay Toma,ON,,1.0,1.0,1.0,False,AEC_CANDIDATE_ROUNDS_CATEGORY_EXIT
Calwell,VIC,203,OTH,ALP+GRN+IND+LNP+ON,ALP,2092.0,10974.0,0.19063240386367772,PROPORTIONAL_PRIMARY_ORIGIN_PASS_THROUGH,ALL_CATEGORY_PRIMARY_VOTES_TRACED_PROPORTIONALLY,6,Gianni Del Rosario-Makridis,OTH_HMP,CENTRE_LEFT,0.2590668853654091,1.0,1.0,False,AEC_CANDIDATE_ROUNDS_CATEGORY_EXIT
Calwell,VIC,203,OTH,ALP+GRN+IND+LNP+ON,GRN,1405.0,10974.0,0.12802988882813923,PROPORTIONAL_PRIMARY_ORIGIN_PASS_THROUGH,ALL_CATEGORY_PRIMARY_VOTES_TRACED_PROPORTIONALLY,6,Gianni Del Rosario-Makridis,OTH_HMP,CENTRE_LEFT,0.2590668853654091,1.0,1.0,False,AEC_CANDIDATE_ROUNDS_CATEGORY_EXIT
Calwell,VIC,203,OTH,ALP+GRN+IND+LNP+ON,IND,4556.000000000001,10974.0,0.41516311281210144,PROPORTIONAL_PRIMARY_ORIGIN_PASS_THROUGH,ALL_CATEGORY_PRIMARY_VOTES_TRACED_PROPORTIONALLY,6,Gianni Del Rosario-Makridis,OTH_HMP,CENTRE_LEFT,0.2590668853654091,1.0,1.0,False,AEC_CANDIDATE_ROUNDS_CATEGORY_EXIT
Calwell,VIC,203,OTH,ALP+GRN+IND+LNP+ON,LNP,1288.0,10974.0,0.11736832513213051,PROPORTIONAL_PRIMARY_ORIGIN_PASS_THROUGH,ALL_CATEGORY_PRIMARY_VOTES_TRACED_PROPORTIONALLY,6,Gianni Del Rosario-Makridis,OTH_HMP,CENTRE_LEFT,0.2590668853654091,1.0,1.0,False,AEC_CANDIDATE_ROUNDS_CATEGORY_EXIT
Calwell,VIC,203,OTH,ALP+GRN+IND+LNP+ON,ON,1633.0000000000002,10974.0,0.14880626936395114,PROPORTIONAL_PRIMARY_ORIGIN_PASS_THROUGH,ALL_CATEGORY_PRIMARY_VOTES_TRACED_PROPORTIONALLY,6,Gianni Del Rosario-Makridis,OTH_HMP,CENTRE_LEFT,0.2590668853654091,1.0,1.0,False,AEC_CANDIDATE_ROUNDS_CATEGORY_EXIT
Casey,VIC,204,GRN,ALP+IND+LNP,ALP,5193.241647723358,12107.0,0.42894537438864777,PROPORTIONAL_PRIMARY_ORIGIN_PASS_THROUGH,ALL_CATEGORY_PRIMARY_VOTES_TRACED_PROPORTIONALLY,1,Merran Blair,GRN,,1.0,1.0,1.0,False,AEC_CANDIDATE_ROUNDS_CATEGORY_EXIT
Casey,VIC,204,GRN,ALP+IND+LNP,IND,6184.853068815871,12107.0,0.5108493490390578,PROPORTIONAL_PRIMARY_ORIGIN_PASS_THROUGH,ALL_CATEGORY_PRIMARY_VOTES_TRACED_PROPORTIONALLY,1,Merran Blair,GRN,,1.0,1.0,1.0,False,AEC_CANDIDATE_ROUNDS_CATEGORY_EXIT
Casey,VIC,204,GRN,ALP+IND+LNP,LNP,728.9052834607702,12107.0,0.060205276572294505,PROPORTIONAL_PRIMARY_ORIGIN_PASS_THROUGH,ALL_CATEGORY_PRIMARY_VOTES_TRACED_PROPORTIONALLY,1,Merran Blair,GRN,,1.0,1.0,1.0,False,AEC_CANDIDATE_ROUNDS_CATEGORY_EXIT
Casey,VIC,204,IND,ALP+LNP,ALP,8824.042944785277,11590.0,0.7613496932515338,PROPORTIONAL_PRIMARY_ORIGIN_PASS_THROUGH,ALL_CATEGORY_PRIMARY_VOTES_TRACED_PROPORTIONALLY,1,Claire Ferres Miles,IND_PROMINENT,LEFT,1.0,1.0,1.0,False,AEC_CANDIDATE_ROUNDS_CATEGORY_EXIT
Casey,VIC,204,IND,ALP+LNP,LNP,2765.957055214724,11590.0,0.2386503067484662,PROPORTIONAL_PRIMARY_ORIGIN_PASS_THROUGH,ALL_CATEGORY_PRIMARY_VOTES_TRACED_PROPORTIONALLY,1,Claire Ferres Miles,IND_PROMINENT,LEFT,1.0,1.0,1.0,False,AEC_CANDIDATE_ROUNDS_CATEGORY_EXIT
Casey,VIC,204,ON,ALP+GRN+IND+LNP,ALP,517.0475447357469,5603.0,0.09228048272992091,PROPORTIONAL_PRIMARY_ORIGIN_PASS_THROUGH,ALL_CATEGORY_PRIMARY_VOTES_TRACED_PROPORTIONALLY,1,Ambere Livori,ON,,1.0,1.0,1.0,False,AEC_CANDIDATE_ROUNDS_CATEGORY_EXIT
Casey,VIC,204,ON,ALP+GRN+IND+LNP,GRN,601.5705368289638,5603.0,0.10736579275905112,PROPORTIONAL_PRIMARY_ORIGIN_PASS_THROUGH,ALL_CATEGORY_PRIMARY_VOTES_TRACED_PROPORTIONALLY,1,Ambere Livori,ON,,1.0,1.0,1.0,False,AEC_CANDIDATE_ROUNDS_CATEGORY_EXIT
Casey,VIC,204,ON,ALP+GRN+IND+LNP,IND,1485.8559092800665,5603.0,0.26518934665002086,PROPORTIONAL_PRIMARY_ORIGIN_PASS_THROUGH,ALL_CATEGORY_PRIMARY_VOTES_TRACED_PROPORTIONALLY,1,Ambere Livori,ON,,1.0,1.0,1.0,False,AEC_CANDIDATE_ROUNDS_CATEGORY_EXIT
Casey,VIC,204,ON,ALP+GRN+IND+LNP,LNP,2998.5260091552227,5603.0,0.5351643778610072,PROPORTIONAL_PRIMARY_ORIGIN_PASS_THROUGH,ALL_CATEGORY_PRIMARY_VOTES_TRACED_PROPORTIONALLY,1,Ambere Livori,ON,,1.0,1.0,1.0,False,AEC_CANDIDATE_ROUNDS_CATEGORY_EXIT
Casey,VIC,204,OTH,ALP+GRN+IND+LNP+ON,ALP,776.0,9249.0,0.08390096226619091,PROPORTIONAL_PRIMARY_ORIGIN_PASS_THROUGH,ALL_CATEGORY_PRIMARY_VOTES_TRACED_PROPORTIONALLY,3,Phillip Courtis,OTH_CYA,RIGHT,0.4017731646664504,1.0,1.0,False,AEC_CANDIDATE_ROUNDS_CATEGORY_EXIT
Casey,VIC,204,OTH,ALP+GRN+IND+LNP+ON,GRN,1378.0,9249.0,0.14898907990052973,PROPORTIONAL_PRIMARY_ORIGIN_PASS_THROUGH,ALL_CATEGORY_PRIMARY_VOTES_TRACED_PROPORTIONALLY,3,Phillip Courtis,OTH_CYA,RIGHT,0.4017731646664504,1.0,1.0,False,AEC_CANDIDATE_ROUNDS_CATEGORY_EXIT
Casey,VIC,204,OTH,ALP+GRN+IND+LNP+ON,IND,1265.0,9249.0,0.13677154286949944,PROPORTIONAL_PRIMARY_ORIGIN_PASS_THROUGH,ALL_CATEGORY_PRIMARY_VOTES_TRACED_PROPORTIONALLY,3,Phillip Courtis,OTH_CYA,RIGHT,0.4017731646664504,1.0,1.0,False,AEC_CANDIDATE_ROUNDS_CATEGORY_EXIT
Casey,VIC,204,OTH,ALP+GRN+IND+LNP+ON,LNP,1821.0,9249.0,0.19688614985403827,PROPORTIONAL_PRIMARY_ORIGIN_PASS_THROUGH,ALL_CATEGORY_PRIMARY_VOTES_TRACED_PROPORTIONALLY,3,Phillip Courtis,OTH_CYA,RIGHT,0.4017731646664504,1.0,1.0,False,AEC_CANDIDATE_ROUNDS_CATEGORY_EXIT
Casey,VIC,204,OTH,ALP+GRN+IND+LNP+ON,ON,4008.999999999999,9249.0,0.4334522651097416,PROPORTIONAL_PRIMARY_ORIGIN_PASS_THROUGH,ALL_CATEGORY_PRIMARY_VOTES_TRACED_PROPORTIONALLY,3,Phillip Courtis,OTH_CYA,RIGHT,0.4017731646664504,1.0,1.0,False,AEC_CANDIDATE_ROUNDS_CATEGORY_EXIT
Chisholm,VIC,205,GRN,ALP+LNP,ALP,11990.716249792944,14086.0,0.851250621169455,PROPORTIONAL_PRIMARY_ORIGIN_PASS_THROUGH,ALL_CATEGORY_PRIMARY_VOTES_TRACED_PROPORTIONALLY,1,Tim Randall,GRN,,1.0,1.0,1.0,False,AEC_CANDIDATE_ROUNDS_CATEGORY_EXIT
Chisholm,VIC,205,GRN,ALP+LNP,LNP,2095.2837502070565,14086.0,0.1487493788305449,PROPORTIONAL_PRIMARY_ORIGIN_PASS_THROUGH,ALL_CATEGORY_PRIMARY_VOTES_TRACED_PROPORTIONALLY,1,Tim Randall,GRN,,1.0,1.0,1.0,False,AEC_CANDIDATE_ROUNDS_CATEGORY_EXIT
Chisholm,VIC,205,IND,ALP+GRN+LNP,ALP,2424.8392204628503,6685.0,0.3627283800243606,PROPORTIONAL_PRIMARY_ORIGIN_PASS_THROUGH,ALL_CATEGORY_PRIMARY_VOTES_TRACED_PROPORTIONALLY,1,Kath Davies,IND_PROMINENT,LEFT,1.0,1.0,1.0,False,AEC_CANDIDATE_ROUNDS_CATEGORY_EXIT
Chisholm,VIC,205,IND,ALP+GRN+LNP,GRN,2713.898294762485,6685.0,0.4059683313032887,PROPORTIONAL_PRIMARY_ORIGIN_PASS_THROUGH,ALL_CATEGORY_PRIMARY_VOTES_TRACED_PROPORTIONALLY,1,Kath Davies,IND_PROMINENT,LEFT,1.0,1.0,1.0,False,AEC_CANDIDATE_ROUNDS_CATEGORY_EXIT
Chisholm,VIC,205,IND,ALP+GRN+LNP,LNP,1546.262484774665,6685.0,0.2313032886723507,PROPORTIONAL_PRIMARY_ORIGIN_PASS_THROUGH,ALL_CATEGORY_PRIMARY_VOTES_TRACED_PROPORTIONALLY,1,Kath Davies,IND_PROMINENT,LEFT,1.0,1.0,1.0,False,AEC_CANDIDATE_ROUNDS_CATEGORY_EXIT
Chisholm,VIC,205,ON,ALP+GRN+IND+LNP,ALP,154.37029121025915,2156.0,0.07160032059845041,PROPORTIONAL_PRIMARY_ORIGIN_PASS_THROUGH,ALL_CATEGORY_PRIMARY_VOTES_TRACED_PROPORTIONALLY,1,Guy Livori,ON,,1.0,1.0,1.0,False,AEC_CANDIDATE_ROUNDS_CATEGORY_EXIT
Chisholm,VIC,205,ON,ALP+GRN+IND+LNP,GRN,152.0662570130911,2156.0,0.07053165909698102,PROPORTIONAL_PRIMARY_ORIGIN_PASS_THROUGH,ALL_CATEGORY_PRIMARY_VOTES_TRACED_PROPORTIONALLY,1,Guy Livori,ON,,1.0,1.0,1.0,False,AEC_CANDIDATE_ROUNDS_CATEGORY_EXIT
Chisholm,VIC,205,ON,ALP+GRN+IND+LNP,IND,558.7282928132514,2156.0,0.25915041410633183,PROPORTIONAL_PRIMARY_ORIGIN_PASS_THROUGH,ALL_CATEGORY_PRIMARY_VOTES_TRACED_PROPORTIONALLY,1,Guy Livori,ON,,1.0,1.0,1.0,False,AEC_CANDIDATE_ROUNDS_CATEGORY_EXIT
Chisholm,VIC,205,ON,ALP+GRN+IND+LNP,LNP,1290.8351589633985,2156.0,0.5987176061982368,PROPORTIONAL_PRIMARY_ORIGIN_PASS_THROUGH,ALL_CATEGORY_PRIMARY_VOTES_TRACED_PROPORTIONALLY,1,Guy Livori,ON,,1.0,1.0,1.0,False,AEC_CANDIDATE_ROUNDS_CATEGORY_EXIT
Chisholm,VIC,205,OTH,ALP+GRN+IND+LNP+ON,ALP,455.0,4148.0,0.10969141755062681,PROPORTIONAL_PRIMARY_ORIGIN_PASS_THROUGH,ALL_CATEGORY_PRIMARY_VOTES_TRACED_PROPORTIONALLY,2,Gary Ong,OTH_FFPA,RIGHT,0.5831726133076182,1.0,1.0,False,AEC_CANDIDATE_ROUNDS_CATEGORY_EXIT
Chisholm,VIC,205,OTH,ALP+GRN+IND+LNP+ON,GRN,428.0,4148.0,0.10318225650916102,PROPORTIONAL_PRIMARY_ORIGIN_PASS_THROUGH,ALL_CATEGORY_PRIMARY_VOTES_TRACED_PROPORTIONALLY,2,Gary Ong,OTH_FFPA,RIGHT,0.5831726133076182,1.0,1.0,False,AEC_CANDIDATE_ROUNDS_CATEGORY_EXIT
Chisholm,VIC,205,OTH,ALP+GRN+IND+LNP+ON,IND,555.0,4148.0,0.13379942140790743,PROPORTIONAL_PRIMARY_ORIGIN_PASS_THROUGH,ALL_CATEGORY_PRIMARY_VOTES_TRACED_PROPORTIONALLY,2,Gary Ong,OTH_FFPA,RIGHT,0.5831726133076182,1.0,1.0,False,AEC_CANDIDATE_ROUNDS_CATEGORY_EXIT
Chisholm,VIC,205,OTH,ALP+GRN+IND+LNP+ON,LNP,1123.0,4148.0,0.27073288331726136,PROPORTIONAL_PRIMARY_ORIGIN_PASS_THROUGH,ALL_CATEGORY_PRIMARY_VOTES_TRACED_PROPORTIONALLY,2,Gary Ong,OTH_FFPA,RIGHT,0.5831726133076182,1.0,1.0,False,AEC_CANDIDATE_ROUNDS_CATEGORY_EXIT
Chisholm,VIC,205,OTH,ALP+GRN+IND+LNP+ON,ON,1587.0,4148.0,0.38259402121504343,PROPORTIONAL_PRIMARY_ORIGIN_PASS_THROUGH,ALL_CATEGORY_PRIMARY_VOTES_TRACED_PROPORTIONALLY,2,Gary Ong,OTH_FFPA,RIGHT,0.5831726133076182,1.0,1.0,False,AEC_CANDIDATE_ROUNDS_CATEGORY_EXIT
Cooper,VIC,320,LNP,ALP+GRN,ALP,11711.27677806341,16280.0,0.7193658954584404,PROPORTIONAL_PRIMARY_ORIGIN_PASS_THROUGH,ALL_CATEGORY_PRIMARY_VOTES_TRACED_PROPORTIONALLY,1,Stewart Todhunter,LIB,,1.0,1.0,1.0,False,AEC_CANDIDATE_ROUNDS_CATEGORY_EXIT
Cooper,VIC,320,LNP,ALP+GRN,GRN,4568.72322193659,16280.0,0.2806341045415595,PROPORTIONAL_PRIMARY_ORIGIN_PASS_THROUGH,ALL_CATEGORY_PRIMARY_VOTES_TRACED_PROPORTIONALLY,1,Stewart Todhunter,LIB,,1.0,1.0,1.0,False,AEC_CANDIDATE_ROUNDS_CATEGORY_EXIT
Cooper,VIC,320,ON,ALP+GRN+LNP+OTH,ALP,1258.9218573046433,5684.0,0.22148519657013427,PROPORTIONAL_PRIMARY_ORIGIN_PASS_THROUGH,ALL_CATEGORY_PRIMARY_VOTES_TRACED_PROPORTIONALLY,1,William Turner,ON,,1.0,1.0,1.0,False,AEC_CANDIDATE_ROUNDS_CATEGORY_EXIT
Cooper,VIC,320,ON,ALP+GRN+LNP+OTH,GRN,408.2989807474519,5684.0,0.07183303672544891,PROPORTIONAL_PRIMARY_ORIGIN_PASS_THROUGH,ALL_CATEGORY_PRIMARY_VOTES_TRACED_PROPORTIONALLY,1,William Turner,ON,,1.0,1.0,1.0,False,AEC_CANDIDATE_ROUNDS_CATEGORY_EXIT
Cooper,VIC,320,ON,ALP+GRN+LNP+OTH,LNP,3042.0113250283125,5684.0,0.535188480828345,PROPORTIONAL_PRIMARY_ORIGIN_PASS_THROUGH,ALL_CATEGORY_PRIMARY_VOTES_TRACED_PROPORTIONALLY,1,William Turner,ON,,1.0,1.0,1.0,False,AEC_CANDIDATE_ROUNDS_CATEGORY_EXIT
Cooper,VIC,320,ON,ALP+GRN+LNP+OTH,OTH,974.7678369195922,5684.0,0.17149328587607182,PROPORTIONAL_PRIMARY_ORIGIN_PASS_THROUGH,ALL_CATEGORY_PRIMARY_VOTES_TRACED_PROPORTIONALLY,1,William Turner,ON,,1.0,1.0,1.0,False,AEC_CANDIDATE_ROUNDS_CATEGORY_EXIT
Cooper,VIC,320,OTH,ALP+GRN+LNP,ALP,2595.155916592961,13348.0,0.19442282863297583,PROPORTIONAL_PRIMARY_ORIGIN_PASS_THROUGH,ALL_CATEGORY_PRIMARY_VOTES_TRACED_PROPORTIONALLY,2,Kath Larkin,OTH_VNS,LEFT,0.6751573269403656,1.0,1.0,False,AEC_CANDIDATE_ROUNDS_CATEGORY_EXIT
Cooper,VIC,320,OTH,ALP+GRN+LNP,GRN,9153.83156712935,13348.0,0.6857830062278507,PROPORTIONAL_PRIMARY_ORIGIN_PASS_THROUGH,ALL_CATEGORY_PRIMARY_VOTES_TRACED_PROPORTIONALLY,2,Kath Larkin,OTH_VNS,LEFT,0.6751573269403656,1.0,1.0,False,AEC_CANDIDATE_ROUNDS_CATEGORY_EXIT
Cooper,VIC,320,OTH,ALP+GRN+LNP,LNP,1599.0125162776883,13348.0,0.11979416513917351,PROPORTIONAL_PRIMARY_ORIGIN_PASS_THROUGH,ALL_CATEGORY_PRIMARY_VOTES_TRACED_PROPORTIONALLY,2,Kath Larkin,OTH_VNS,LEFT,0.6751573269403656,1.0,1.0,False,AEC_CANDIDATE_ROUNDS_CATEGORY_EXIT
Corangamite,VIC,328,GRN,ALP+LNP,ALP,13151.199594781578,14925.0,0.8811524016604072,PROPORTIONAL_PRIMARY_ORIGIN_PASS_THROUGH,ALL_CATEGORY_PRIMARY_VOTES_TRACED_PROPORTIONALLY,1,Mitch Pope,GRN,,1.0,1.0,1.0,False,AEC_CANDIDATE_ROUNDS_CATEGORY_EXIT
Corangamite,VIC,328,GRN,ALP+LNP,LNP,1773.8004052184226,14925.0,0.1188475983395928,PROPORTIONAL_PRIMARY_ORIGIN_PASS_THROUGH,ALL_CATEGORY_PRIMARY_VOTES_TRACED_PROPORTIONALLY,1,Mitch Pope,GRN,,1.0,1.0,1.0,False,AEC_CANDIDATE_ROUNDS_CATEGORY_EXIT
Corangamite,VIC,328,ON,ALP+GRN+LNP+OTH,ALP,371.0362637362637,3343.0,0.11098901098901091,PROPORTIONAL_PRIMARY_ORIGIN_PASS_THROUGH,ALL_CATEGORY_PRIMARY_VOTES_TRACED_PROPORTIONALLY,1,Colin Seabrook,ON,,1.0,1.0,1.0,False,AEC_CANDIDATE_ROUNDS_CATEGORY_EXIT
Corangamite,VIC,328,ON,ALP+GRN+LNP+OTH,GRN,214.29487179487177,3343.0,0.06410256410256411,PROPORTIONAL_PRIMARY_ORIGIN_PASS_THROUGH,ALL_CATEGORY_PRIMARY_VOTES_TRACED_PROPORTIONALLY,1,Colin Seabrook,ON,,1.0,1.0,1.0,False,AEC_CANDIDATE_ROUNDS_CATEGORY_EXIT
Corangamite,VIC,328,ON,ALP+GRN+LNP+OTH,LNP,1665.9895604395604,3343.0,0.49835164835164836,PROPORTIONAL_PRIMARY_ORIGIN_PASS_THROUGH,ALL_CATEGORY_PRIMARY_VOTES_TRACED_PROPORTIONALLY,1,Colin Seabrook,ON,,1.0,1.0,1.0,False,AEC_CANDIDATE_ROUNDS_CATEGORY_EXIT
Corangamite,VIC,328,ON,ALP+GRN+LNP+OTH,OTH,1091.679304029304,3343.0,0.3265567765567767,PROPORTIONAL_PRIMARY_ORIGIN_PASS_THROUGH,ALL_CATEGORY_PRIMARY_VOTES_TRACED_PROPORTIONALLY,1,Colin Seabrook,ON,,1.0,1.0,1.0,False,AEC_CANDIDATE_ROUNDS_CATEGORY_EXIT
Corangamite,VIC,328,OTH,ALP+GRN+LNP,ALP,3086.43005307588,11450.0,0.26955720987562276,PROPORTIONAL_PRIMARY_ORIGIN_PASS_THROUGH,ALL_CATEGORY_PRIMARY_VOTES_TRACED_PROPORTIONALLY,4,Kate Lockhart,IND_MINOR,LEFT,0.3986899563318777,1.0,1.0,False,AEC_CANDIDATE_ROUNDS_CATEGORY_EXIT
Corangamite,VIC,328,OTH,ALP+GRN+LNP,GRN,4541.652992612169,11450.0,0.39665091638534233,PROPORTIONAL_PRIMARY_ORIGIN_PASS_THROUGH,ALL_CATEGORY_PRIMARY_VOTES_TRACED_PROPORTIONALLY,4,Kate Lockhart,IND_MINOR,LEFT,0.3986899563318777,1.0,1.0,False,AEC_CANDIDATE_ROUNDS_CATEGORY_EXIT
Corangamite,VIC,328,OTH,ALP+GRN+LNP,LNP,3821.9169543119506,11450.0,0.33379187373903496,PROPORTIONAL_PRIMARY_ORIGIN_PASS_THROUGH,ALL_CATEGORY_PRIMARY_VOTES_TRACED_PROPORTIONALLY,4,Kate Lockhart,IND_MINOR,LEFT,0.3986899563318777,1.0,1.0,False,AEC_CANDIDATE_ROUNDS_CATEGORY_EXIT
Corio,VIC,208,GRN,ALP+LNP,ALP,13501.087467903586,17491.0,0.7718876832601674,PROPORTIONAL_PRIMARY_ORIGIN_PASS_THROUGH,ALL_CATEGORY_PRIMARY_VOTES_TRACED_PROPORTIONALLY,1,Emilie Flynn,GRN,,1.0,1.0,1.0,False,AEC_CANDIDATE_ROUNDS_CATEGORY_EXIT
Corio,VIC,208,GRN,ALP+LNP,LNP,3989.9125320964135,17491.0,0.22811231673983262,PROPORTIONAL_PRIMARY_ORIGIN_PASS_THROUGH,ALL_CATEGORY_PRIMARY_VOTES_TRACED_PROPORTIONALLY,1,Emilie Flynn,GRN,,1.0,1.0,1.0,False,AEC_CANDIDATE_ROUNDS_CATEGORY_EXIT
Corio,VIC,208,ON,ALP+GRN+LNP,ALP,2100.458850931677,10953.0,0.19177018633540371,PROPORTIONAL_PRIMARY_ORIGIN_PASS_THROUGH,ALL_CATEGORY_PRIMARY_VOTES_TRACED_PROPORTIONALLY,1,Adam Helman,ON,,1.0,1.0,1.0,False,AEC_CANDIDATE_ROUNDS_CATEGORY_EXIT
Corio,VIC,208,ON,ALP+GRN+LNP,GRN,3098.814596273292,10953.0,0.28291925465838513,PROPORTIONAL_PRIMARY_ORIGIN_PASS_THROUGH,ALL_CATEGORY_PRIMARY_VOTES_TRACED_PROPORTIONALLY,1,Adam Helman,ON,,1.0,1.0,1.0,False,AEC_CANDIDATE_ROUNDS_CATEGORY_EXIT
Corio,VIC,208,ON,ALP+GRN+LNP,LNP,5753.72655279503,10953.0,0.5253105590062113,PROPORTIONAL_PRIMARY_ORIGIN_PASS_THROUGH,ALL_CATEGORY_PRIMARY_VOTES_TRACED_PROPORTIONALLY,1,Adam Helman,ON,,1.0,1.0,1.0,False,AEC_CANDIDATE_ROUNDS_CATEGORY_EXIT
Corio,VIC,208,OTH,ALP+GRN+LNP+ON,ALP,1369.0,7139.0,0.19176355231825182,PROPORTIONAL_PRIMARY_ORIGIN_PASS_THROUGH,ALL_CATEGORY_PRIMARY_VOTES_TRACED_PROPORTIONALLY,2,John De Lorenzo,IND_MINOR,CENTRE,0.5504972685250035,1.0,1.0,False,AEC_CANDIDATE_ROUNDS_CATEGORY_EXIT
Corio,VIC,208,OTH,ALP+GRN+LNP+ON,GRN,3011.0,7139.0,0.42176775458747723,PROPORTIONAL_PRIMARY_ORIGIN_PASS_THROUGH,ALL_CATEGORY_PRIMARY_VOTES_TRACED_PROPORTIONALLY,2,John De Lorenzo,IND_MINOR,CENTRE,0.5504972685250035,1.0,1.0,False,AEC_CANDIDATE_ROUNDS_CATEGORY_EXIT
Corio,VIC,208,OTH,ALP+GRN+LNP+ON,LNP,832.0,7139.0,0.11654293318391931,PROPORTIONAL_PRIMARY_ORIGIN_PASS_THROUGH,ALL_CATEGORY_PRIMARY_VOTES_TRACED_PROPORTIONALLY,2,John De Lorenzo,IND_MINOR,CENTRE,0.5504972685250035,1.0,1.0,False,AEC_CANDIDATE_ROUNDS_CATEGORY_EXIT
Corio,VIC,208,OTH,ALP+GRN+LNP+ON,ON,1927.0,7139.0,0.26992575991035167,PROPORTIONAL_PRIMARY_ORIGIN_PASS_THROUGH,ALL_CATEGORY_PRIMARY_VOTES_TRACED_PROPORTIONALLY,2,John De Lorenzo,IND_MINOR,CENTRE,0.5504972685250035,1.0,1.0,False,AEC_CANDIDATE_ROUNDS_CATEGORY_EXIT
Deakin,VIC,209,GRN,ALP+LNP,ALP,11794.198944208674,13758.0,0.8572611530897423,PROPORTIONAL_PRIMARY_ORIGIN_PASS_THROUGH,ALL_CATEGORY_PRIMARY_VOTES_TRACED_PROPORTIONALLY,1,Amy Mills,GRN,,1.0,1.0,1.0,False,AEC_CANDIDATE_ROUNDS_CATEGORY_EXIT
Deakin,VIC,209,GRN,ALP+LNP,LNP,1963.8010557913256,13758.0,0.1427388469102577,PROPORTIONAL_PRIMARY_ORIGIN_PASS_THROUGH,ALL_CATEGORY_PRIMARY_VOTES_TRACED_PROPORTIONALLY,1,Amy Mills,GRN,,1.0,1.0,1.0,False,AEC_CANDIDATE_ROUNDS_CATEGORY_EXIT
Deakin,VIC,209,IND,ALP+GRN+LNP,ALP,2694.1039686975964,8253.0,0.32643935159306875,PROPORTIONAL_PRIMARY_ORIGIN_PASS_THROUGH,ALL_CATEGORY_PRIMARY_VOTES_TRACED_PROPORTIONALLY,1,Jess Ness,IND_PROMINENT,LEFT,1.0,1.0,1.0,False,AEC_CANDIDATE_ROUNDS_CATEGORY_EXIT
Deakin,VIC,209,IND,ALP+GRN+LNP,GRN,3705.161822247065,8253.0,0.44894727035587856,PROPORTIONAL_PRIMARY_ORIGIN_PASS_THROUGH,ALL_CATEGORY_PRIMARY_VOTES_TRACED_PROPORTIONALLY,1,Jess Ness,IND_PROMINENT,LEFT,1.0,1.0,1.0,False,AEC_CANDIDATE_ROUNDS_CATEGORY_EXIT
Deakin,VIC,209,IND,ALP+GRN+LNP,LNP,1853.7342090553384,8253.0,0.22461337805105272,PROPORTIONAL_PRIMARY_ORIGIN_PASS_THROUGH,ALL_CATEGORY_PRIMARY_VOTES_TRACED_PROPORTIONALLY,1,Jess Ness,IND_PROMINENT,LEFT,1.0,1.0,1.0,False,AEC_CANDIDATE_ROUNDS_CATEGORY_EXIT
Deakin,VIC,209,ON,ALP+GRN+IND+LNP,ALP,190.99501569134208,3043.0,0.06276536828502861,PROPORTIONAL_PRIMARY_ORIGIN_PASS_THROUGH,ALL_CATEGORY_PRIMARY_VOTES_TRACED_PROPORTIONALLY,1,Anne Cooke,ON,,1.0,1.0,1.0,False,AEC_CANDIDATE_ROUNDS_CATEGORY_EXIT
Deakin,VIC,209,ON,ALP+GRN+IND+LNP,GRN,165.7162636145468,3043.0,0.05445818718848071,PROPORTIONAL_PRIMARY_ORIGIN_PASS_THROUGH,ALL_CATEGORY_PRIMARY_VOTES_TRACED_PROPORTIONALLY,1,Anne Cooke,ON,,1.0,1.0,1.0,False,AEC_CANDIDATE_ROUNDS_CATEGORY_EXIT
Deakin,VIC,209,ON,ALP+GRN+IND+LNP,IND,968.4570795643344,3043.0,0.31825733800996864,PROPORTIONAL_PRIMARY_ORIGIN_PASS_THROUGH,ALL_CATEGORY_PRIMARY_VOTES_TRACED_PROPORTIONALLY,1,Anne Cooke,ON,,1.0,1.0,1.0,False,AEC_CANDIDATE_ROUNDS_CATEGORY_EXIT
Deakin,VIC,209,ON,ALP+GRN+IND+LNP,LNP,1717.8316411297765,3043.0,0.5645191065165222,PROPORTIONAL_PRIMARY_ORIGIN_PASS_THROUGH,ALL_CATEGORY_PRIMARY_VOTES_TRACED_PROPORTIONALLY,1,Anne Cooke,ON,,1.0,1.0,1.0,False,AEC_CANDIDATE_ROUNDS_CATEGORY_EXIT
Deakin,VIC,209,OTH,ALP+GRN+IND+LNP+ON,ALP,429.0,5544.0,0.07738095238095231,PROPORTIONAL_PRIMARY_ORIGIN_PASS_THROUGH,ALL_CATEGORY_PRIMARY_VOTES_TRACED_PROPORTIONALLY,3,Richard Griffith-Jones,OTH_FFPA,RIGHT,0.3798701298701298,1.0,1.0,False,AEC_CANDIDATE_ROUNDS_CATEGORY_EXIT
Deakin,VIC,209,OTH,ALP+GRN+IND+LNP+ON,GRN,450.0,5544.0,0.08116883116883111,PROPORTIONAL_PRIMARY_ORIGIN_PASS_THROUGH,ALL_CATEGORY_PRIMARY_VOTES_TRACED_PROPORTIONALLY,3,Richard Griffith-Jones,OTH_FFPA,RIGHT,0.3798701298701298,1.0,1.0,False,AEC_CANDIDATE_ROUNDS_CATEGORY_EXIT
Deakin,VIC,209,OTH,ALP+GRN+IND+LNP+ON,IND,757.0,5544.0,0.13654401154401152,PROPORTIONAL_PRIMARY_ORIGIN_PASS_THROUGH,ALL_CATEGORY_PRIMARY_VOTES_TRACED_PROPORTIONALLY,3,Richard Griffith-Jones,OTH_FFPA,RIGHT,0.3798701298701298,1.0,1.0,False,AEC_CANDIDATE_ROUNDS_CATEGORY_EXIT
Deakin,VIC,209,OTH,ALP+GRN+IND+LNP+ON,LNP,1534.0,5544.0,0.2766955266955268,PROPORTIONAL_PRIMARY_ORIGIN_PASS_THROUGH,ALL_CATEGORY_PRIMARY_VOTES_TRACED_PROPORTIONALLY,3,Richard Griffith-Jones,OTH_FFPA,RIGHT,0.3798701298701298,1.0,1.0,False,AEC_CANDIDATE_ROUNDS_CATEGORY_EXIT
Deakin,VIC,209,OTH,ALP+GRN+IND+LNP+ON,ON,2374.0,5544.0,0.4282106782106783,PROPORTIONAL_PRIMARY_ORIGIN_PASS_THROUGH,ALL_CATEGORY_PRIMARY_VOTES_TRACED_PROPORTIONALLY,3,Richard Griffith-Jones,OTH_FFPA,RIGHT,0.3798701298701298,1.0,1.0,False,AEC_CANDIDATE_ROUNDS_CATEGORY_EXIT
Dunkley,VIC,210,GRN,ALP+LNP,ALP,10635.948812976689,12649.0,0.8408529380169729,PROPORTIONAL_PRIMARY_ORIGIN_PASS_THROUGH,ALL_CATEGORY_PRIMARY_VOTES_TRACED_PROPORTIONALLY,1,Matt Maber,GRN,,1.0,1.0,1.0,False,AEC_CANDIDATE_ROUNDS_CATEGORY_EXIT
Dunkley,VIC,210,GRN,ALP+LNP,LNP,2013.0511870233104,12649.0,0.15914706198302714,PROPORTIONAL_PRIMARY_ORIGIN_PASS_THROUGH,ALL_CATEGORY_PRIMARY_VOTES_TRACED_PROPORTIONALLY,1,Matt Maber,GRN,,1.0,1.0,1.0,False,AEC_CANDIDATE_ROUNDS_CATEGORY_EXIT
Dunkley,VIC,210,ON,ALP+GRN+LNP,ALP,1275.426503340757,7494.0,0.17019302152932442,PROPORTIONAL_PRIMARY_ORIGIN_PASS_THROUGH,ALL_CATEGORY_PRIMARY_VOTES_TRACED_PROPORTIONALLY,1,Jessica Davis,ON,,1.0,1.0,1.0,False,AEC_CANDIDATE_ROUNDS_CATEGORY_EXIT
Dunkley,VIC,210,ON,ALP+GRN+LNP,GRN,1717.7227171492204,7494.0,0.22921306607275424,PROPORTIONAL_PRIMARY_ORIGIN_PASS_THROUGH,ALL_CATEGORY_PRIMARY_VOTES_TRACED_PROPORTIONALLY,1,Jessica Davis,ON,,1.0,1.0,1.0,False,AEC_CANDIDATE_ROUNDS_CATEGORY_EXIT
Dunkley,VIC,210,ON,ALP+GRN+LNP,LNP,4500.850779510022,7494.0,0.6005939123979214,PROPORTIONAL_PRIMARY_ORIGIN_PASS_THROUGH,ALL_CATEGORY_PRIMARY_VOTES_TRACED_PROPORTIONALLY,1,Jessica Davis,ON,,1.0,1.0,1.0,False,AEC_CANDIDATE_ROUNDS_CATEGORY_EXIT
Dunkley,VIC,210,OTH,ALP+GRN+LNP+ON,ALP,3033.0,11951.0,0.25378629403397207,PROPORTIONAL_PRIMARY_ORIGIN_PASS_THROUGH,ALL_CATEGORY_PRIMARY_VOTES_TRACED_PROPORTIONALLY,4,Lisa Abbott,OTH_HMP,CENTRE_LEFT,0.4387080579031043,1.0,1.0,False,AEC_CANDIDATE_ROUNDS_CATEGORY_EXIT
Dunkley,VIC,210,OTH,ALP+GRN+LNP+ON,GRN,3499.0,11951.0,0.29277884695841355,PROPORTIONAL_PRIMARY_ORIGIN_PASS_THROUGH,ALL_CATEGORY_PRIMARY_VOTES_TRACED_PROPORTIONALLY,4,Lisa Abbott,OTH_HMP,CENTRE_LEFT,0.4387080579031043,1.0,1.0,False,AEC_CANDIDATE_ROUNDS_CATEGORY_EXIT
Dunkley,VIC,210,OTH,ALP+GRN+LNP+ON,LNP,2137.0,11951.0,0.17881348841101163,PROPORTIONAL_PRIMARY_ORIGIN_PASS_THROUGH,ALL_CATEGORY_PRIMARY_VOTES_TRACED_PROPORTIONALLY,4,Lisa Abbott,OTH_HMP,CENTRE_LEFT,0.4387080579031043,1.0,1.0,False,AEC_CANDIDATE_ROUNDS_CATEGORY_EXIT
Dunkley,VIC,210,OTH,ALP+GRN+LNP+ON,ON,3281.9999999999995,11951.0,0.27462137059660274,PROPORTIONAL_PRIMARY_ORIGIN_PASS_THROUGH,ALL_CATEGORY_PRIMARY_VOTES_TRACED_PROPORTIONALLY,4,Lisa Abbott,OTH_HMP,CENTRE_LEFT,0.4387080579031043,1.0,1.0,False,AEC_CANDIDATE_ROUNDS_CATEGORY_EXIT
Flinders,VIC,211,ALP,IND+LNP,IND,19982.34271709611,25622.0,0.7798900443796781,PROPORTIONAL_PRIMARY_ORIGIN_PASS_THROUGH,ALL_CATEGORY_PRIMARY_VOTES_TRACED_PROPORTIONALLY,1,Sarah Race,ALP,,1.0,1.0,1.0,False,AEC_CANDIDATE_ROUNDS_CATEGORY_EXIT
Flinders,VIC,211,ALP,IND+LNP,LNP,5639.657282903889,25622.0,0.22010995562032193,PROPORTIONAL_PRIMARY_ORIGIN_PASS_THROUGH,ALL_CATEGORY_PRIMARY_VOTES_TRACED_PROPORTIONALLY,1,Sarah Race,ALP,,1.0,1.0,1.0,False,AEC_CANDIDATE_ROUNDS_CATEGORY_EXIT
Flinders,VIC,211,GRN,ALP+IND+LNP,ALP,3230.4761008656383,7305.0,0.4422280767783215,PROPORTIONAL_PRIMARY_ORIGIN_PASS_THROUGH,ALL_CATEGORY_PRIMARY_VOTES_TRACED_PROPORTIONALLY,1,Adam Frogley,GRN,,1.0,1.0,1.0,False,AEC_CANDIDATE_ROUNDS_CATEGORY_EXIT
Flinders,VIC,211,GRN,ALP+IND+LNP,IND,3550.3161460293563,7305.0,0.4860117927487141,PROPORTIONAL_PRIMARY_ORIGIN_PASS_THROUGH,ALL_CATEGORY_PRIMARY_VOTES_TRACED_PROPORTIONALLY,1,Adam Frogley,GRN,,1.0,1.0,1.0,False,AEC_CANDIDATE_ROUNDS_CATEGORY_EXIT
Flinders,VIC,211,GRN,ALP+IND+LNP,LNP,524.2077531050056,7305.0,0.0717601304729644,PROPORTIONAL_PRIMARY_ORIGIN_PASS_THROUGH,ALL_CATEGORY_PRIMARY_VOTES_TRACED_PROPORTIONALLY,1,Adam Frogley,GRN,,1.0,1.0,1.0,False,AEC_CANDIDATE_ROUNDS_CATEGORY_EXIT
Flinders,VIC,211,ON,ALP+GRN+IND+LNP,ALP,569.8798225567953,6091.0,0.093560962494959,PROPORTIONAL_PRIMARY_ORIGIN_PASS_THROUGH,ALL_CATEGORY_PRIMARY_VOTES_TRACED_PROPORTIONALLY,1,Mike Brown,ON,,1.0,1.0,1.0,False,AEC_CANDIDATE_ROUNDS_CATEGORY_EXIT
Flinders,VIC,211,ON,ALP+GRN+IND+LNP,GRN,294.76542546041134,6091.0,0.048393601290496,PROPORTIONAL_PRIMARY_ORIGIN_PASS_THROUGH,ALL_CATEGORY_PRIMARY_VOTES_TRACED_PROPORTIONALLY,1,Mike Brown,ON,,1.0,1.0,1.0,False,AEC_CANDIDATE_ROUNDS_CATEGORY_EXIT
Flinders,VIC,211,ON,ALP+GRN+IND+LNP,IND,1414.0552493614734,6091.0,0.2321548595241296,PROPORTIONAL_PRIMARY_ORIGIN_PASS_THROUGH,ALL_CATEGORY_PRIMARY_VOTES_TRACED_PROPORTIONALLY,1,Mike Brown,ON,,1.0,1.0,1.0,False,AEC_CANDIDATE_ROUNDS_CATEGORY_EXIT
Flinders,VIC,211,ON,ALP+GRN+IND+LNP,LNP,3812.29950262132,6091.0,0.6258905766904154,PROPORTIONAL_PRIMARY_ORIGIN_PASS_THROUGH,ALL_CATEGORY_PRIMARY_VOTES_TRACED_PROPORTIONALLY,1,Mike Brown,ON,,1.0,1.0,1.0,False,AEC_CANDIDATE_ROUNDS_CATEGORY_EXIT
Flinders,VIC,211,OTH,ALP+GRN+IND+LNP+ON,ALP,351.0,4124.0,0.08511154219204652,PROPORTIONAL_PRIMARY_ORIGIN_PASS_THROUGH,ALL_CATEGORY_PRIMARY_VOTES_TRACED_PROPORTIONALLY,2,Jason Smart,OTH_CYA,RIGHT,0.7623666343355965,1.0,1.0,False,AEC_CANDIDATE_ROUNDS_CATEGORY_EXIT
Flinders,VIC,211,OTH,ALP+GRN+IND+LNP+ON,GRN,306.0,4124.0,0.07419980601357902,PROPORTIONAL_PRIMARY_ORIGIN_PASS_THROUGH,ALL_CATEGORY_PRIMARY_VOTES_TRACED_PROPORTIONALLY,2,Jason Smart,OTH_CYA,RIGHT,0.7623666343355965,1.0,1.0,False,AEC_CANDIDATE_ROUNDS_CATEGORY_EXIT
Flinders,VIC,211,OTH,ALP+GRN+IND+LNP+ON,IND,1278.0,4124.0,0.30989330746847726,PROPORTIONAL_PRIMARY_ORIGIN_PASS_THROUGH,ALL_CATEGORY_PRIMARY_VOTES_TRACED_PROPORTIONALLY,2,Jason Smart,OTH_CYA,RIGHT,0.7623666343355965,1.0,1.0,False,AEC_CANDIDATE_ROUNDS_CATEGORY_EXIT
Flinders,VIC,211,OTH,ALP+GRN+IND+LNP+ON,LNP,841.0,4124.0,0.20392822502424832,PROPORTIONAL_PRIMARY_ORIGIN_PASS_THROUGH,ALL_CATEGORY_PRIMARY_VOTES_TRACED_PROPORTIONALLY,2,Jason Smart,OTH_CYA,RIGHT,0.7623666343355965,1.0,1.0,False,AEC_CANDIDATE_ROUNDS_CATEGORY_EXIT
Flinders,VIC,211,OTH,ALP+GRN+IND+LNP+ON,ON,1348.0,4124.0,0.32686711930164897,PROPORTIONAL_PRIMARY_ORIGIN_PASS_THROUGH,ALL_CATEGORY_PRIMARY_VOTES_TRACED_PROPORTIONALLY,2,Jason Smart,OTH_CYA,RIGHT,0.7623666343355965,1.0,1.0,False,AEC_CANDIDATE_ROUNDS_CATEGORY_EXIT
Fraser,VIC,321,LNP,ALP+GRN,ALP,11670.122796378915,18125.0,0.643868843938147,PROPORTIONAL_PRIMARY_ORIGIN_PASS_THROUGH,ALL_CATEGORY_PRIMARY_VOTES_TRACED_PROPORTIONALLY,1,Satish Patel,LIB,,1.0,1.0,1.0,False,AEC_CANDIDATE_ROUNDS_CATEGORY_EXIT
Fraser,VIC,321,LNP,ALP+GRN,GRN,6454.877203621085,18125.0,0.3561311560618529,PROPORTIONAL_PRIMARY_ORIGIN_PASS_THROUGH,ALL_CATEGORY_PRIMARY_VOTES_TRACED_PROPORTIONALLY,1,Satish Patel,LIB,,1.0,1.0,1.0,False,AEC_CANDIDATE_ROUNDS_CATEGORY_EXIT
Fraser,VIC,321,ON,ALP+GRN+LNP+OTH,ALP,707.4888888888889,5135.0,0.13777777777777772,PROPORTIONAL_PRIMARY_ORIGIN_PASS_THROUGH,ALL_CATEGORY_PRIMARY_VOTES_TRACED_PROPORTIONALLY,1,George Rozario,ON,,1.0,1.0,1.0,False,AEC_CANDIDATE_ROUNDS_CATEGORY_EXIT
Fraser,VIC,321,ON,ALP+GRN+LNP+OTH,GRN,742.1157088122606,5135.0,0.14452107279693482,PROPORTIONAL_PRIMARY_ORIGIN_PASS_THROUGH,ALL_CATEGORY_PRIMARY_VOTES_TRACED_PROPORTIONALLY,1,George Rozario,ON,,1.0,1.0,1.0,False,AEC_CANDIDATE_ROUNDS_CATEGORY_EXIT
Fraser,VIC,321,ON,ALP+GRN+LNP+OTH,LNP,2704.039846743295,5135.0,0.5265900383141764,PROPORTIONAL_PRIMARY_ORIGIN_PASS_THROUGH,ALL_CATEGORY_PRIMARY_VOTES_TRACED_PROPORTIONALLY,1,George Rozario,ON,,1.0,1.0,1.0,False,AEC_CANDIDATE_ROUNDS_CATEGORY_EXIT
Fraser,VIC,321,ON,ALP+GRN+LNP+OTH,OTH,981.3555555555556,5135.0,0.19111111111111112,PROPORTIONAL_PRIMARY_ORIGIN_PASS_THROUGH,ALL_CATEGORY_PRIMARY_VOTES_TRACED_PROPORTIONALLY,1,George Rozario,ON,,1.0,1.0,1.0,False,AEC_CANDIDATE_ROUNDS_CATEGORY_EXIT
Fraser,VIC,321,OTH,ALP+GRN+LNP,ALP,2112.563335328147,11250.0,0.18778340758472414,PROPORTIONAL_PRIMARY_ORIGIN_PASS_THROUGH,ALL_CATEGORY_PRIMARY_VOTES_TRACED_PROPORTIONALLY,2,Jasmine Duff,OTH_VNS,LEFT,0.596,1.0,1.0,False,AEC_CANDIDATE_ROUNDS_CATEGORY_EXIT
Fraser,VIC,321,OTH,ALP+GRN+LNP,GRN,6984.600774996503,11250.0,0.6208534022219114,PROPORTIONAL_PRIMARY_ORIGIN_PASS_THROUGH,ALL_CATEGORY_PRIMARY_VOTES_TRACED_PROPORTIONALLY,2,Jasmine Duff,OTH_VNS,LEFT,0.596,1.0,1.0,False,AEC_CANDIDATE_ROUNDS_CATEGORY_EXIT
Fraser,VIC,321,OTH,ALP+GRN+LNP,LNP,2152.83588967535,11250.0,0.19136319019336445,PROPORTIONAL_PRIMARY_ORIGIN_PASS_THROUGH,ALL_CATEGORY_PRIMARY_VOTES_TRACED_PROPORTIONALLY,2,Jasmine Duff,OTH_VNS,LEFT,0.596,1.0,1.0,False,AEC_CANDIDATE_ROUNDS_CATEGORY_EXIT
Gellibrand,VIC,212,GRN,ALP+LNP,ALP,14872.643801287406,17933.0,0.8293449953319247,PROPORTIONAL_PRIMARY_ORIGIN_PASS_THROUGH,ALL_CATEGORY_PRIMARY_VOTES_TRACED_PROPORTIONALLY,1,Ponraj Krishna Pandi,GRN,,1.0,1.0,1.0,False,AEC_CANDIDATE_ROUNDS_CATEGORY_EXIT
Gellibrand,VIC,212,GRN,ALP+LNP,LNP,3060.356198712594,17933.0,0.1706550046680753,PROPORTIONAL_PRIMARY_ORIGIN_PASS_THROUGH,ALL_CATEGORY_PRIMARY_VOTES_TRACED_PROPORTIONALLY,1,Ponraj Krishna Pandi,GRN,,1.0,1.0,1.0,False,AEC_CANDIDATE_ROUNDS_CATEGORY_EXIT
Gellibrand,VIC,212,ON,ALP+GRN+LNP,ALP,1382.7431262729124,6290.0,0.21983197556008144,PROPORTIONAL_PRIMARY_ORIGIN_PASS_THROUGH,ALL_CATEGORY_PRIMARY_VOTES_TRACED_PROPORTIONALLY,1,Stephen Bennett,ON,,1.0,1.0,1.0,False,AEC_CANDIDATE_ROUNDS_CATEGORY_EXIT
Gellibrand,VIC,212,ON,ALP+GRN+LNP,GRN,1099.3088085539714,6290.0,0.17477087576374742,PROPORTIONAL_PRIMARY_ORIGIN_PASS_THROUGH,ALL_CATEGORY_PRIMARY_VOTES_TRACED_PROPORTIONALLY,1,Stephen Bennett,ON,,1.0,1.0,1.0,False,AEC_CANDIDATE_ROUNDS_CATEGORY_EXIT
Gellibrand,VIC,212,ON,ALP+GRN+LNP,LNP,3807.948065173117,6290.0,0.6053971486761712,PROPORTIONAL_PRIMARY_ORIGIN_PASS_THROUGH,ALL_CATEGORY_PRIMARY_VOTES_TRACED_PROPORTIONALLY,1,Stephen Bennett,ON,,1.0,1.0,1.0,False,AEC_CANDIDATE_ROUNDS_CATEGORY_EXIT
Gellibrand,VIC,212,OTH,ALP+GRN+LNP+ON,ALP,840.0000000000001,4396.0,0.19108280254777074,PROPORTIONAL_PRIMARY_ORIGIN_PASS_THROUGH,ALL_CATEGORY_PRIMARY_VOTES_TRACED_PROPORTIONALLY,1,Jo Garcia,OTH_FFPA,RIGHT,1.0,1.0,1.0,False,AEC_CANDIDATE_ROUNDS_CATEGORY_EXIT
Gellibrand,VIC,212,OTH,ALP+GRN+LNP+ON,GRN,1045.0,4396.0,0.23771610555050043,PROPORTIONAL_PRIMARY_ORIGIN_PASS_THROUGH,ALL_CATEGORY_PRIMARY_VOTES_TRACED_PROPORTIONALLY,1,Jo Garcia,OTH_FFPA,RIGHT,1.0,1.0,1.0,False,AEC_CANDIDATE_ROUNDS_CATEGORY_EXIT
Gellibrand,VIC,212,OTH,ALP+GRN+LNP+ON,LNP,945.0,4396.0,0.21496815286624202,PROPORTIONAL_PRIMARY_ORIGIN_PASS_THROUGH,ALL_CATEGORY_PRIMARY_VOTES_TRACED_PROPORTIONALLY,1,Jo Garcia,OTH_FFPA,RIGHT,1.0,1.0,1.0,False,AEC_CANDIDATE_ROUNDS_CATEGORY_EXIT
Gellibrand,VIC,212,OTH,ALP+GRN+LNP+ON,ON,1566.0,4396.0,0.35623293903548686,PROPORTIONAL_PRIMARY_ORIGIN_PASS_THROUGH,ALL_CATEGORY_PRIMARY_VOTES_TRACED_PROPORTIONALLY,1,Jo Garcia,OTH_FFPA,RIGHT,1.0,1.0,1.0,False,AEC_CANDIDATE_ROUNDS_CATEGORY_EXIT
Gippsland,VIC,213,GRN,ALP+LNP+ON,ALP,6609.9726443769,8897.0,0.7429439861050804,PROPORTIONAL_PRIMARY_ORIGIN_PASS_THROUGH,ALL_CATEGORY_PRIMARY_VOTES_TRACED_PROPORTIONALLY,1,Rochelle Hine,GRN,,1.0,1.0,1.0,False,AEC_CANDIDATE_ROUNDS_CATEGORY_EXIT
Gippsland,VIC,213,GRN,ALP+LNP+ON,LNP,1651.5273556231002,8897.0,0.18562744246634824,PROPORTIONAL_PRIMARY_ORIGIN_PASS_THROUGH,ALL_CATEGORY_PRIMARY_VOTES_TRACED_PROPORTIONALLY,1,Rochelle Hine,GRN,,1.0,1.0,1.0,False,AEC_CANDIDATE_ROUNDS_CATEGORY_EXIT
Gippsland,VIC,213,GRN,ALP+LNP+ON,ON,635.5,8897.0,0.07142857142857141,PROPORTIONAL_PRIMARY_ORIGIN_PASS_THROUGH,ALL_CATEGORY_PRIMARY_VOTES_TRACED_PROPORTIONALLY,1,Rochelle Hine,GRN,,1.0,1.0,1.0,False,AEC_CANDIDATE_ROUNDS_CATEGORY_EXIT
Gippsland,VIC,213,ON,ALP+LNP,ALP,2308.5345118334594,15118.0,0.1527010525091585,PROPORTIONAL_PRIMARY_ORIGIN_PASS_THROUGH,ALL_CATEGORY_PRIMARY_VOTES_TRACED_PROPORTIONALLY,1,Gregory Hansford,ON,,1.0,1.0,1.0,False,AEC_CANDIDATE_ROUNDS_CATEGORY_EXIT
Gippsland,VIC,213,ON,ALP+LNP,LNP,12809.46548816654,15118.0,0.8472989474908414,PROPORTIONAL_PRIMARY_ORIGIN_PASS_THROUGH,ALL_CATEGORY_PRIMARY_VOTES_TRACED_PROPORTIONALLY,1,Gregory Hansford,ON,,1.0,1.0,1.0,False,AEC_CANDIDATE_ROUNDS_CATEGORY_EXIT
Gippsland,VIC,213,OTH,ALP+GRN+LNP+ON,ALP,341.0,3416.0,0.09982435597189693,PROPORTIONAL_PRIMARY_ORIGIN_PASS_THROUGH,ALL_CATEGORY_PRIMARY_VOTES_TRACED_PROPORTIONALLY,1,Simon Wilson,OTH_LTP,RIGHT,1.0,1.0,1.0,False,AEC_CANDIDATE_ROUNDS_CATEGORY_EXIT
Gippsland,VIC,213,OTH,ALP+GRN+LNP+ON,GRN,315.0,3416.0,0.09221311475409831,PROPORTIONAL_PRIMARY_ORIGIN_PASS_THROUGH,ALL_CATEGORY_PRIMARY_VOTES_TRACED_PROPORTIONALLY,1,Simon Wilson,OTH_LTP,RIGHT,1.0,1.0,1.0,False,AEC_CANDIDATE_ROUNDS_CATEGORY_EXIT
Gippsland,VIC,213,OTH,ALP+GRN+LNP+ON,LNP,1339.0,3416.0,0.3919789227166277,PROPORTIONAL_PRIMARY_ORIGIN_PASS_THROUGH,ALL_CATEGORY_PRIMARY_VOTES_TRACED_PROPORTIONALLY,1,Simon Wilson,OTH_LTP,RIGHT,1.0,1.0,1.0,False,AEC_CANDIDATE_ROUNDS_CATEGORY_EXIT
Gippsland,VIC,213,OTH,ALP+GRN+LNP+ON,ON,1421.0,3416.0,0.4159836065573771,PROPORTIONAL_PRIMARY_ORIGIN_PASS_THROUGH,ALL_CATEGORY_PRIMARY_VOTES_TRACED_PROPORTIONALLY,1,Simon Wilson,OTH_LTP,RIGHT,1.0,1.0,1.0,False,AEC_CANDIDATE_ROUNDS_CATEGORY_EXIT
Goldstein,VIC,214,ALP,IND+LNP,IND,12755.643566415389,15812.0,0.8067065245645958,PROPORTIONAL_PRIMARY_ORIGIN_PASS_THROUGH,ALL_CATEGORY_PRIMARY_VOTES_TRACED_PROPORTIONALLY,1,Nildhara Gadani,ALP,,1.0,1.0,1.0,False,AEC_CANDIDATE_ROUNDS_CATEGORY_EXIT
Goldstein,VIC,214,ALP,IND+LNP,LNP,3056.3564335846113,15812.0,0.1932934754354042,PROPORTIONAL_PRIMARY_ORIGIN_PASS_THROUGH,ALL_CATEGORY_PRIMARY_VOTES_TRACED_PROPORTIONALLY,1,Nildhara Gadani,ALP,,1.0,1.0,1.0,False,AEC_CANDIDATE_ROUNDS_CATEGORY_EXIT
Goldstein,VIC,214,GRN,ALP+IND+LNP,ALP,2523.2630614115487,8320.0,0.30327681026581116,PROPORTIONAL_PRIMARY_ORIGIN_PASS_THROUGH,ALL_CATEGORY_PRIMARY_VOTES_TRACED_PROPORTIONALLY,1,Alana Galli-Mcrostie,GRN,,1.0,1.0,1.0,False,AEC_CANDIDATE_ROUNDS_CATEGORY_EXIT
Goldstein,VIC,214,GRN,ALP+IND+LNP,IND,5376.35197066911,8320.0,0.6461961503208067,PROPORTIONAL_PRIMARY_ORIGIN_PASS_THROUGH,ALL_CATEGORY_PRIMARY_VOTES_TRACED_PROPORTIONALLY,1,Alana Galli-Mcrostie,GRN,,1.0,1.0,1.0,False,AEC_CANDIDATE_ROUNDS_CATEGORY_EXIT
Goldstein,VIC,214,GRN,ALP+IND+LNP,LNP,420.38496791934006,8320.0,0.050527039413382206,PROPORTIONAL_PRIMARY_ORIGIN_PASS_THROUGH,ALL_CATEGORY_PRIMARY_VOTES_TRACED_PROPORTIONALLY,1,Alana Galli-Mcrostie,GRN,,1.0,1.0,1.0,False,AEC_CANDIDATE_ROUNDS_CATEGORY_EXIT
Goldstein,VIC,214,ON,ALP+GRN+IND+LNP,ALP,142.47347893915756,2037.0,0.06994279771190841,PROPORTIONAL_PRIMARY_ORIGIN_PASS_THROUGH,ALL_CATEGORY_PRIMARY_VOTES_TRACED_PROPORTIONALLY,1,Leon Gardiner,ON,,1.0,1.0,1.0,False,AEC_CANDIDATE_ROUNDS_CATEGORY_EXIT
Goldstein,VIC,214,ON,ALP+GRN+IND+LNP,GRN,104.86895475819033,2037.0,0.051482059282371304,PROPORTIONAL_PRIMARY_ORIGIN_PASS_THROUGH,ALL_CATEGORY_PRIMARY_VOTES_TRACED_PROPORTIONALLY,1,Leon Gardiner,ON,,1.0,1.0,1.0,False,AEC_CANDIDATE_ROUNDS_CATEGORY_EXIT
Goldstein,VIC,214,ON,ALP+GRN+IND+LNP,IND,377.1045241809673,2037.0,0.18512740509620382,PROPORTIONAL_PRIMARY_ORIGIN_PASS_THROUGH,ALL_CATEGORY_PRIMARY_VOTES_TRACED_PROPORTIONALLY,1,Leon Gardiner,ON,,1.0,1.0,1.0,False,AEC_CANDIDATE_ROUNDS_CATEGORY_EXIT
Goldstein,VIC,214,ON,ALP+GRN+IND+LNP,LNP,1412.553042121685,2037.0,0.6934477379095165,PROPORTIONAL_PRIMARY_ORIGIN_PASS_THROUGH,ALL_CATEGORY_PRIMARY_VOTES_TRACED_PROPORTIONALLY,1,Leon Gardiner,ON,,1.0,1.0,1.0,False,AEC_CANDIDATE_ROUNDS_CATEGORY_EXIT
Goldstein,VIC,214,OTH,ALP+GRN+IND+LNP+ON,ALP,506.99999999999994,3743.0,0.13545284531124765,PROPORTIONAL_PRIMARY_ORIGIN_PASS_THROUGH,ALL_CATEGORY_PRIMARY_VOTES_TRACED_PROPORTIONALLY,2,Vicki Jane Williams,OTH_CYA,RIGHT,0.55196366550895,1.0,1.0,False,AEC_CANDIDATE_ROUNDS_CATEGORY_EXIT
Goldstein,VIC,214,OTH,ALP+GRN+IND+LNP+ON,GRN,210.0,3743.0,0.05610472882714402,PROPORTIONAL_PRIMARY_ORIGIN_PASS_THROUGH,ALL_CATEGORY_PRIMARY_VOTES_TRACED_PROPORTIONALLY,2,Vicki Jane Williams,OTH_CYA,RIGHT,0.55196366550895,1.0,1.0,False,AEC_CANDIDATE_ROUNDS_CATEGORY_EXIT
Goldstein,VIC,214,OTH,ALP+GRN+IND+LNP+ON,IND,347.0,3743.0,0.09270638525247123,PROPORTIONAL_PRIMARY_ORIGIN_PASS_THROUGH,ALL_CATEGORY_PRIMARY_VOTES_TRACED_PROPORTIONALLY,2,Vicki Jane Williams,OTH_CYA,RIGHT,0.55196366550895,1.0,1.0,False,AEC_CANDIDATE_ROUNDS_CATEGORY_EXIT
Goldstein,VIC,214,OTH,ALP+GRN+IND+LNP+ON,LNP,870.0,3743.0,0.23243387656959658,PROPORTIONAL_PRIMARY_ORIGIN_PASS_THROUGH,ALL_CATEGORY_PRIMARY_VOTES_TRACED_PROPORTIONALLY,2,Vicki Jane Williams,OTH_CYA,RIGHT,0.55196366550895,1.0,1.0,False,AEC_CANDIDATE_ROUNDS_CATEGORY_EXIT
Goldstein,VIC,214,OTH,ALP+GRN+IND+LNP+ON,ON,1809.0,3743.0,0.48330216403954057,PROPORTIONAL_PRIMARY_ORIGIN_PASS_THROUGH,ALL_CATEGORY_PRIMARY_VOTES_TRACED_PROPORTIONALLY,2,Vicki Jane Williams,OTH_CYA,RIGHT,0.55196366550895,1.0,1.0,False,AEC_CANDIDATE_ROUNDS_CATEGORY_EXIT
Gorton,VIC,309,GRN,ALP+LNP,ALP,9321.60190897451,12244.0,0.761319986031894,PROPORTIONAL_PRIMARY_ORIGIN_PASS_THROUGH,ALL_CATEGORY_PRIMARY_VOTES_TRACED_PROPORTIONALLY,1,Thuc Bao Huynh,GRN,,1.0,1.0,1.0,False,AEC_CANDIDATE_ROUNDS_CATEGORY_EXIT
Gorton,VIC,309,GRN,ALP+LNP,LNP,2922.398091025492,12244.0,0.2386800139681061,PROPORTIONAL_PRIMARY_ORIGIN_PASS_THROUGH,ALL_CATEGORY_PRIMARY_VOTES_TRACED_PROPORTIONALLY,1,Thuc Bao Huynh,GRN,,1.0,1.0,1.0,False,AEC_CANDIDATE_ROUNDS_CATEGORY_EXIT
Gorton,VIC,309,ON,ALP+GRN+LNP,ALP,1623.5226687784598,7137.0,0.22747970698871514,PROPORTIONAL_PRIMARY_ORIGIN_PASS_THROUGH,ALL_CATEGORY_PRIMARY_VOTES_TRACED_PROPORTIONALLY,1,Alan Reid,ON,,1.0,1.0,1.0,False,AEC_CANDIDATE_ROUNDS_CATEGORY_EXIT
Gorton,VIC,309,ON,ALP+GRN+LNP,GRN,1540.8628984359532,7137.0,0.21589784201148282,PROPORTIONAL_PRIMARY_ORIGIN_PASS_THROUGH,ALL_CATEGORY_PRIMARY_VOTES_TRACED_PROPORTIONALLY,1,Alan Reid,ON,,1.0,1.0,1.0,False,AEC_CANDIDATE_ROUNDS_CATEGORY_EXIT
Gorton,VIC,309,ON,ALP+GRN+LNP,LNP,3972.614432785587,7137.0,0.5566224509998021,PROPORTIONAL_PRIMARY_ORIGIN_PASS_THROUGH,ALL_CATEGORY_PRIMARY_VOTES_TRACED_PROPORTIONALLY,1,Alan Reid,ON,,1.0,1.0,1.0,False,AEC_CANDIDATE_ROUNDS_CATEGORY_EXIT
Gorton,VIC,309,OTH,ALP+GRN+LNP+ON,ALP,4167.0,12128.0,0.34358509234828494,PROPORTIONAL_PRIMARY_ORIGIN_PASS_THROUGH,ALL_CATEGORY_PRIMARY_VOTES_TRACED_PROPORTIONALLY,3,Xavier Menta,OTH_HMP,CENTRE_LEFT,0.5388357519788918,1.0,1.0,False,AEC_CANDIDATE_ROUNDS_CATEGORY_EXIT
Gorton,VIC,309,OTH,ALP+GRN+LNP+ON,GRN,2757.0,12128.0,0.22732519788918207,PROPORTIONAL_PRIMARY_ORIGIN_PASS_THROUGH,ALL_CATEGORY_PRIMARY_VOTES_TRACED_PROPORTIONALLY,3,Xavier Menta,OTH_HMP,CENTRE_LEFT,0.5388357519788918,1.0,1.0,False,AEC_CANDIDATE_ROUNDS_CATEGORY_EXIT
Gorton,VIC,309,OTH,ALP+GRN+LNP+ON,LNP,2239.0,12128.0,0.18461411609498682,PROPORTIONAL_PRIMARY_ORIGIN_PASS_THROUGH,ALL_CATEGORY_PRIMARY_VOTES_TRACED_PROPORTIONALLY,3,Xavier Menta,OTH_HMP,CENTRE_LEFT,0.5388357519788918,1.0,1.0,False,AEC_CANDIDATE_ROUNDS_CATEGORY_EXIT
Gorton,VIC,309,OTH,ALP+GRN+LNP+ON,ON,2965.0,12128.0,0.24447559366754615,PROPORTIONAL_PRIMARY_ORIGIN_PASS_THROUGH,ALL_CATEGORY_PRIMARY_VOTES_TRACED_PROPORTIONALLY,3,Xavier Menta,OTH_HMP,CENTRE_LEFT,0.5388357519788918,1.0,1.0,False,AEC_CANDIDATE_ROUNDS_CATEGORY_EXIT
Hawke,VIC,326,GRN,ALP+LNP,ALP,8322.687583212735,10178.0,0.817713458755427,PROPORTIONAL_PRIMARY_ORIGIN_PASS_THROUGH,ALL_CATEGORY_PRIMARY_VOTES_TRACED_PROPORTIONALLY,1,Sarah Newman,GRN,,1.0,1.0,1.0,False,AEC_CANDIDATE_ROUNDS_CATEGORY_EXIT
Hawke,VIC,326,GRN,ALP+LNP,LNP,1855.3124167872647,10178.0,0.18228654124457302,PROPORTIONAL_PRIMARY_ORIGIN_PASS_THROUGH,ALL_CATEGORY_PRIMARY_VOTES_TRACED_PROPORTIONALLY,1,Sarah Newman,GRN,,1.0,1.0,1.0,False,AEC_CANDIDATE_ROUNDS_CATEGORY_EXIT
Hawke,VIC,326,ON,ALP+GRN+LNP,ALP,1990.089237839908,10035.0,0.1983148219073152,PROPORTIONAL_PRIMARY_ORIGIN_PASS_THROUGH,ALL_CATEGORY_PRIMARY_VOTES_TRACED_PROPORTIONALLY,1,Matthew Katselis,ON,,1.0,1.0,1.0,False,AEC_CANDIDATE_ROUNDS_CATEGORY_EXIT
Hawke,VIC,326,ON,ALP+GRN+LNP,GRN,2186.869015702796,10035.0,0.2179241669858292,PROPORTIONAL_PRIMARY_ORIGIN_PASS_THROUGH,ALL_CATEGORY_PRIMARY_VOTES_TRACED_PROPORTIONALLY,1,Matthew Katselis,ON,,1.0,1.0,1.0,False,AEC_CANDIDATE_ROUNDS_CATEGORY_EXIT
Hawke,VIC,326,ON,ALP+GRN+LNP,LNP,5858.0417464572965,10035.0,0.5837610111068556,PROPORTIONAL_PRIMARY_ORIGIN_PASS_THROUGH,ALL_CATEGORY_PRIMARY_VOTES_TRACED_PROPORTIONALLY,1,Matthew Katselis,ON,,1.0,1.0,1.0,False,AEC_CANDIDATE_ROUNDS_CATEGORY_EXIT
Hawke,VIC,326,OTH,ALP+GRN+LNP+ON,ALP,2496.0,11602.0,0.2151353214962937,PROPORTIONAL_PRIMARY_ORIGIN_PASS_THROUGH,ALL_CATEGORY_PRIMARY_VOTES_TRACED_PROPORTIONALLY,3,Devon Starbuck,OTH_HMP,CENTRE_LEFT,0.4462161696259266,1.0,1.0,False,AEC_CANDIDATE_ROUNDS_CATEGORY_EXIT
Hawke,VIC,326,OTH,ALP+GRN+LNP+ON,GRN,4252.0,11602.0,0.3664885364592312,PROPORTIONAL_PRIMARY_ORIGIN_PASS_THROUGH,ALL_CATEGORY_PRIMARY_VOTES_TRACED_PROPORTIONALLY,3,Devon Starbuck,OTH_HMP,CENTRE_LEFT,0.4462161696259266,1.0,1.0,False,AEC_CANDIDATE_ROUNDS_CATEGORY_EXIT
Hawke,VIC,326,OTH,ALP+GRN+LNP+ON,LNP,1834.0,11602.0,0.1580761937596966,PROPORTIONAL_PRIMARY_ORIGIN_PASS_THROUGH,ALL_CATEGORY_PRIMARY_VOTES_TRACED_PROPORTIONALLY,3,Devon Starbuck,OTH_HMP,CENTRE_LEFT,0.4462161696259266,1.0,1.0,False,AEC_CANDIDATE_ROUNDS_CATEGORY_EXIT
Hawke,VIC,326,OTH,ALP+GRN+LNP+ON,ON,3020.0,11602.0,0.2602999482847785,PROPORTIONAL_PRIMARY_ORIGIN_PASS_THROUGH,ALL_CATEGORY_PRIMARY_VOTES_TRACED_PROPORTIONALLY,3,Devon Starbuck,OTH_HMP,CENTRE_LEFT,0.4462161696259266,1.0,1.0,False,AEC_CANDIDATE_ROUNDS_CATEGORY_EXIT
Holt,VIC,216,GRN,ALP+LNP,ALP,9189.834421399271,11122.0,0.8262753480848115,PROPORTIONAL_PRIMARY_ORIGIN_PASS_THROUGH,ALL_CATEGORY_PRIMARY_VOTES_TRACED_PROPORTIONALLY,1,Payal Tiwari,GRN,,1.0,1.0,1.0,False,AEC_CANDIDATE_ROUNDS_CATEGORY_EXIT
Holt,VIC,216,GRN,ALP+LNP,LNP,1932.165578600728,11122.0,0.1737246519151886,PROPORTIONAL_PRIMARY_ORIGIN_PASS_THROUGH,ALL_CATEGORY_PRIMARY_VOTES_TRACED_PROPORTIONALLY,1,Payal Tiwari,GRN,,1.0,1.0,1.0,False,AEC_CANDIDATE_ROUNDS_CATEGORY_EXIT
Holt,VIC,216,ON,ALP+GRN+LNP,ALP,1722.513976090135,8655.0,0.19901952352283475,PROPORTIONAL_PRIMARY_ORIGIN_PASS_THROUGH,ALL_CATEGORY_PRIMARY_VOTES_TRACED_PROPORTIONALLY,1,Trevor Hammond,ON,,1.0,1.0,1.0,False,AEC_CANDIDATE_ROUNDS_CATEGORY_EXIT
Holt,VIC,216,ON,ALP+GRN+LNP,GRN,2231.675410682033,8655.0,0.25784811215274794,PROPORTIONAL_PRIMARY_ORIGIN_PASS_THROUGH,ALL_CATEGORY_PRIMARY_VOTES_TRACED_PROPORTIONALLY,1,Trevor Hammond,ON,,1.0,1.0,1.0,False,AEC_CANDIDATE_ROUNDS_CATEGORY_EXIT
Holt,VIC,216,ON,ALP+GRN+LNP,LNP,4700.810613227832,8655.0,0.5431323643244174,PROPORTIONAL_PRIMARY_ORIGIN_PASS_THROUGH,ALL_CATEGORY_PRIMARY_VOTES_TRACED_PROPORTIONALLY,1,Trevor Hammond,ON,,1.0,1.0,1.0,False,AEC_CANDIDATE_ROUNDS_CATEGORY_EXIT
Holt,VIC,216,OTH,ALP+GRN+LNP+ON,ALP,2236.0,9930.0,0.22517623363544814,PROPORTIONAL_PRIMARY_ORIGIN_PASS_THROUGH,ALL_CATEGORY_PRIMARY_VOTES_TRACED_PROPORTIONALLY,2,Shane Foreman,OTH_FFPA,RIGHT,0.5221550855991943,1.0,1.0,False,AEC_CANDIDATE_ROUNDS_CATEGORY_EXIT
Holt,VIC,216,OTH,ALP+GRN+LNP+ON,GRN,3189.0,9930.0,0.32114803625377647,PROPORTIONAL_PRIMARY_ORIGIN_PASS_THROUGH,ALL_CATEGORY_PRIMARY_VOTES_TRACED_PROPORTIONALLY,2,Shane Foreman,OTH_FFPA,RIGHT,0.5221550855991943,1.0,1.0,False,AEC_CANDIDATE_ROUNDS_CATEGORY_EXIT
Holt,VIC,216,OTH,ALP+GRN+LNP+ON,LNP,1533.0,9930.0,0.15438066465256792,PROPORTIONAL_PRIMARY_ORIGIN_PASS_THROUGH,ALL_CATEGORY_PRIMARY_VOTES_TRACED_PROPORTIONALLY,2,Shane Foreman,OTH_FFPA,RIGHT,0.5221550855991943,1.0,1.0,False,AEC_CANDIDATE_ROUNDS_CATEGORY_EXIT
Holt,VIC,216,OTH,ALP+GRN+LNP+ON,ON,2972.0,9930.0,0.29929506545820744,PROPORTIONAL_PRIMARY_ORIGIN_PASS_THROUGH,ALL_CATEGORY_PRIMARY_VOTES_TRACED_PROPORTIONALLY,2,Shane Foreman,OTH_FFPA,RIGHT,0.5221550855991943,1.0,1.0,False,AEC_CANDIDATE_ROUNDS_CATEGORY_EXIT
Hotham,VIC,217,GRN,ALP+LNP,ALP,13832.670401493931,15780.0,0.8765950824774354,PROPORTIONAL_PRIMARY_ORIGIN_PASS_THROUGH,ALL_CATEGORY_PRIMARY_VOTES_TRACED_PROPORTIONALLY,1,Martin Barry,GRN,,1.0,1.0,1.0,False,AEC_CANDIDATE_ROUNDS_CATEGORY_EXIT
Hotham,VIC,217,GRN,ALP+LNP,LNP,1947.329598506069,15780.0,0.1234049175225645,PROPORTIONAL_PRIMARY_ORIGIN_PASS_THROUGH,ALL_CATEGORY_PRIMARY_VOTES_TRACED_PROPORTIONALLY,1,Martin Barry,GRN,,1.0,1.0,1.0,False,AEC_CANDIDATE_ROUNDS_CATEGORY_EXIT
Hotham,VIC,217,ON,ALP+GRN+LNP,ALP,800.7255717255716,4959.0,0.16146916146916143,PROPORTIONAL_PRIMARY_ORIGIN_PASS_THROUGH,ALL_CATEGORY_PRIMARY_VOTES_TRACED_PROPORTIONALLY,1,Stuart Fogarty,ON,,1.0,1.0,1.0,False,AEC_CANDIDATE_ROUNDS_CATEGORY_EXIT
Hotham,VIC,217,ON,ALP+GRN+LNP,GRN,1213.116424116424,4959.0,0.24462924462924462,PROPORTIONAL_PRIMARY_ORIGIN_PASS_THROUGH,ALL_CATEGORY_PRIMARY_VOTES_TRACED_PROPORTIONALLY,1,Stuart Fogarty,ON,,1.0,1.0,1.0,False,AEC_CANDIDATE_ROUNDS_CATEGORY_EXIT
Hotham,VIC,217,ON,ALP+GRN+LNP,LNP,2945.158004158004,4959.0,0.593901593901594,PROPORTIONAL_PRIMARY_ORIGIN_PASS_THROUGH,ALL_CATEGORY_PRIMARY_VOTES_TRACED_PROPORTIONALLY,1,Stuart Fogarty,ON,,1.0,1.0,1.0,False,AEC_CANDIDATE_ROUNDS_CATEGORY_EXIT
Hotham,VIC,217,OTH,ALP+GRN+LNP+ON,ALP,1068.0,6246.0,0.17098943323727184,PROPORTIONAL_PRIMARY_ORIGIN_PASS_THROUGH,ALL_CATEGORY_PRIMARY_VOTES_TRACED_PROPORTIONALLY,2,Mark Brown,OTH_FFPA,RIGHT,0.5750880563560679,1.0,1.0,False,AEC_CANDIDATE_ROUNDS_CATEGORY_EXIT
Hotham,VIC,217,OTH,ALP+GRN+LNP+ON,GRN,1733.0,6246.0,0.27745757284662187,PROPORTIONAL_PRIMARY_ORIGIN_PASS_THROUGH,ALL_CATEGORY_PRIMARY_VOTES_TRACED_PROPORTIONALLY,2,Mark Brown,OTH_FFPA,RIGHT,0.5750880563560679,1.0,1.0,False,AEC_CANDIDATE_ROUNDS_CATEGORY_EXIT
Hotham,VIC,217,OTH,ALP+GRN+LNP+ON,LNP,1189.0,6246.0,0.19036183157220624,PROPORTIONAL_PRIMARY_ORIGIN_PASS_THROUGH,ALL_CATEGORY_PRIMARY_VOTES_TRACED_PROPORTIONALLY,2,Mark Brown,OTH_FFPA,RIGHT,0.5750880563560679,1.0,1.0,False,AEC_CANDIDATE_ROUNDS_CATEGORY_EXIT
Hotham,VIC,217,OTH,ALP+GRN+LNP+ON,ON,2256.0,6246.0,0.36119116234390014,PROPORTIONAL_PRIMARY_ORIGIN_PASS_THROUGH,ALL_CATEGORY_PRIMARY_VOTES_TRACED_PROPORTIONALLY,2,Mark Brown,OTH_FFPA,RIGHT,0.5750880563560679,1.0,1.0,False,AEC_CANDIDATE_ROUNDS_CATEGORY_EXIT
Indi,VIC,218,ALP,IND+LNP+ON,IND,6444.503642817112,8824.0,0.7303381281524379,PROPORTIONAL_PRIMARY_ORIGIN_PASS_THROUGH,ALL_CATEGORY_PRIMARY_VOTES_TRACED_PROPORTIONALLY,1,Mitch Bridges,ALP,,1.0,1.0,1.0,False,AEC_CANDIDATE_ROUNDS_CATEGORY_EXIT
Indi,VIC,218,ALP,IND+LNP+ON,LNP,1259.393984681487,8824.0,0.1427237063328974,PROPORTIONAL_PRIMARY_ORIGIN_PASS_THROUGH,ALL_CATEGORY_PRIMARY_VOTES_TRACED_PROPORTIONALLY,1,Mitch Bridges,ALP,,1.0,1.0,1.0,False,AEC_CANDIDATE_ROUNDS_CATEGORY_EXIT
Indi,VIC,218,ALP,IND+LNP+ON,ON,1120.102372501401,8824.0,0.1269381655146646,PROPORTIONAL_PRIMARY_ORIGIN_PASS_THROUGH,ALL_CATEGORY_PRIMARY_VOTES_TRACED_PROPORTIONALLY,1,Mitch Bridges,ALP,,1.0,1.0,1.0,False,AEC_CANDIDATE_ROUNDS_CATEGORY_EXIT
Indi,VIC,218,GRN,ALP+IND+LNP+ON,ALP,947.8728542914172,3839.0,0.24690618762475053,PROPORTIONAL_PRIMARY_ORIGIN_PASS_THROUGH,ALL_CATEGORY_PRIMARY_VOTES_TRACED_PROPORTIONALLY,1,Alysia Regan,GRN,,1.0,1.0,1.0,False,AEC_CANDIDATE_ROUNDS_CATEGORY_EXIT
Indi,VIC,218,GRN,ALP+IND+LNP+ON,IND,2149.380239520958,3839.0,0.5598802395209582,PROPORTIONAL_PRIMARY_ORIGIN_PASS_THROUGH,ALL_CATEGORY_PRIMARY_VOTES_TRACED_PROPORTIONALLY,1,Alysia Regan,GRN,,1.0,1.0,1.0,False,AEC_CANDIDATE_ROUNDS_CATEGORY_EXIT
Indi,VIC,218,GRN,ALP+IND+LNP+ON,LNP,229.88023952095807,3839.0,0.05988023952095801,PROPORTIONAL_PRIMARY_ORIGIN_PASS_THROUGH,ALL_CATEGORY_PRIMARY_VOTES_TRACED_PROPORTIONALLY,1,Alysia Regan,GRN,,1.0,1.0,1.0,False,AEC_CANDIDATE_ROUNDS_CATEGORY_EXIT
Indi,VIC,218,GRN,ALP+IND+LNP+ON,ON,511.8666666666667,3839.0,0.13333333333333333,PROPORTIONAL_PRIMARY_ORIGIN_PASS_THROUGH,ALL_CATEGORY_PRIMARY_VOTES_TRACED_PROPORTIONALLY,1,Alysia Regan,GRN,,1.0,1.0,1.0,False,AEC_CANDIDATE_ROUNDS_CATEGORY_EXIT
Indi,VIC,218,ON,IND+LNP,IND,2789.557478075373,7611.0,0.3665165521055542,PROPORTIONAL_PRIMARY_ORIGIN_PASS_THROUGH,ALL_CATEGORY_PRIMARY_VOTES_TRACED_PROPORTIONALLY,1,Athol Thomas,ON,,1.0,1.0,1.0,False,AEC_CANDIDATE_ROUNDS_CATEGORY_EXIT
Indi,VIC,218,ON,IND+LNP,LNP,4821.442521924627,7611.0,0.6334834478944458,PROPORTIONAL_PRIMARY_ORIGIN_PASS_THROUGH,ALL_CATEGORY_PRIMARY_VOTES_TRACED_PROPORTIONALLY,1,Athol Thomas,ON,,1.0,1.0,1.0,False,AEC_CANDIDATE_ROUNDS_CATEGORY_EXIT
Indi,VIC,218,OTH,ALP+GRN+IND+LNP+ON,ALP,645.0,8289.0,0.07781397032211361,PROPORTIONAL_PRIMARY_ORIGIN_PASS_THROUGH,ALL_CATEGORY_PRIMARY_VOTES_TRACED_PROPORTIONALLY,4,Ben Howman,OTH_HMP,CENTRE_LEFT,0.381590059114489,1.0,1.0,False,AEC_CANDIDATE_ROUNDS_CATEGORY_EXIT
Indi,VIC,218,OTH,ALP+GRN+IND+LNP+ON,GRN,1171.0000000000002,8289.0,0.14127156472433341,PROPORTIONAL_PRIMARY_ORIGIN_PASS_THROUGH,ALL_CATEGORY_PRIMARY_VOTES_TRACED_PROPORTIONALLY,4,Ben Howman,OTH_HMP,CENTRE_LEFT,0.381590059114489,1.0,1.0,False,AEC_CANDIDATE_ROUNDS_CATEGORY_EXIT
Indi,VIC,218,OTH,ALP+GRN+IND+LNP+ON,IND,2028.0,8289.0,0.24466159971045964,PROPORTIONAL_PRIMARY_ORIGIN_PASS_THROUGH,ALL_CATEGORY_PRIMARY_VOTES_TRACED_PROPORTIONALLY,4,Ben Howman,OTH_HMP,CENTRE_LEFT,0.381590059114489,1.0,1.0,False,AEC_CANDIDATE_ROUNDS_CATEGORY_EXIT
Indi,VIC,218,OTH,ALP+GRN+IND+LNP+ON,LNP,1426.0,8289.0,0.17203522740982022,PROPORTIONAL_PRIMARY_ORIGIN_PASS_THROUGH,ALL_CATEGORY_PRIMARY_VOTES_TRACED_PROPORTIONALLY,4,Ben Howman,OTH_HMP,CENTRE_LEFT,0.381590059114489,1.0,1.0,False,AEC_CANDIDATE_ROUNDS_CATEGORY_EXIT
Indi,VIC,218,OTH,ALP+GRN+IND+LNP+ON,ON,3019.0,8289.0,0.36421763783327304,PROPORTIONAL_PRIMARY_ORIGIN_PASS_THROUGH,ALL_CATEGORY_PRIMARY_VOTES_TRACED_PROPORTIONALLY,4,Ben Howman,OTH_HMP,CENTRE_LEFT,0.381590059114489,1.0,1.0,False,AEC_CANDIDATE_ROUNDS_CATEGORY_EXIT
Isaacs,VIC,219,GRN,ALP+LNP,ALP,12878.8877205281,15200.0,0.8472952447715855,PROPORTIONAL_PRIMARY_ORIGIN_PASS_THROUGH,ALL_CATEGORY_PRIMARY_VOTES_TRACED_PROPORTIONALLY,1,Matthew Kirwan,GRN,,1.0,1.0,1.0,False,AEC_CANDIDATE_ROUNDS_CATEGORY_EXIT
Isaacs,VIC,219,GRN,ALP+LNP,LNP,2321.112279471901,15200.0,0.1527047552284145,PROPORTIONAL_PRIMARY_ORIGIN_PASS_THROUGH,ALL_CATEGORY_PRIMARY_VOTES_TRACED_PROPORTIONALLY,1,Matthew Kirwan,GRN,,1.0,1.0,1.0,False,AEC_CANDIDATE_ROUNDS_CATEGORY_EXIT
Isaacs,VIC,219,ON,ALP+GRN+LNP,ALP,755.2511656823128,4989.0,0.15138327634442023,PROPORTIONAL_PRIMARY_ORIGIN_PASS_THROUGH,ALL_CATEGORY_PRIMARY_VOTES_TRACED_PROPORTIONALLY,1,Geoff Mcmahon,ON,,1.0,1.0,1.0,False,AEC_CANDIDATE_ROUNDS_CATEGORY_EXIT
Isaacs,VIC,219,ON,ALP+GRN+LNP,GRN,813.4070562635995,4989.0,0.16304009947155731,PROPORTIONAL_PRIMARY_ORIGIN_PASS_THROUGH,ALL_CATEGORY_PRIMARY_VOTES_TRACED_PROPORTIONALLY,1,Geoff Mcmahon,ON,,1.0,1.0,1.0,False,AEC_CANDIDATE_ROUNDS_CATEGORY_EXIT
Isaacs,VIC,219,ON,ALP+GRN+LNP,LNP,3420.341778054088,4989.0,0.6855766241840225,PROPORTIONAL_PRIMARY_ORIGIN_PASS_THROUGH,ALL_CATEGORY_PRIMARY_VOTES_TRACED_PROPORTIONALLY,1,Geoff Mcmahon,ON,,1.0,1.0,1.0,False,AEC_CANDIDATE_ROUNDS_CATEGORY_EXIT
Isaacs,VIC,219,OTH,ALP+GRN+LNP+ON,ALP,672.0,3878.0,0.17328519855595662,PROPORTIONAL_PRIMARY_ORIGIN_PASS_THROUGH,ALL_CATEGORY_PRIMARY_VOTES_TRACED_PROPORTIONALLY,1,Audrey Harmse,OTH_FFPA,RIGHT,1.0,1.0,1.0,False,AEC_CANDIDATE_ROUNDS_CATEGORY_EXIT
Isaacs,VIC,219,OTH,ALP+GRN+LNP+ON,GRN,869.0,3878.0,0.22408457968024753,PROPORTIONAL_PRIMARY_ORIGIN_PASS_THROUGH,ALL_CATEGORY_PRIMARY_VOTES_TRACED_PROPORTIONALLY,1,Audrey Harmse,OTH_FFPA,RIGHT,1.0,1.0,1.0,False,AEC_CANDIDATE_ROUNDS_CATEGORY_EXIT
Isaacs,VIC,219,OTH,ALP+GRN+LNP+ON,LNP,892.0,3878.0,0.23001547189272822,PROPORTIONAL_PRIMARY_ORIGIN_PASS_THROUGH,ALL_CATEGORY_PRIMARY_VOTES_TRACED_PROPORTIONALLY,1,Audrey Harmse,OTH_FFPA,RIGHT,1.0,1.0,1.0,False,AEC_CANDIDATE_ROUNDS_CATEGORY_EXIT
Isaacs,VIC,219,OTH,ALP+GRN+LNP+ON,ON,1445.0,3878.0,0.37261474987106763,PROPORTIONAL_PRIMARY_ORIGIN_PASS_THROUGH,ALL_CATEGORY_PRIMARY_VOTES_TRACED_PROPORTIONALLY,1,Audrey Harmse,OTH_FFPA,RIGHT,1.0,1.0,1.0,False,AEC_CANDIDATE_ROUNDS_CATEGORY_EXIT
Jagajaga,VIC,220,GRN,ALP+LNP,ALP,15641.133425034388,17334.0,0.9023383768913343,PROPORTIONAL_PRIMARY_ORIGIN_PASS_THROUGH,ALL_CATEGORY_PRIMARY_VOTES_TRACED_PROPORTIONALLY,1,Jy Sandford,GRN,,1.0,1.0,1.0,False,AEC_CANDIDATE_ROUNDS_CATEGORY_EXIT
Jagajaga,VIC,220,GRN,ALP+LNP,LNP,1692.866574965612,17334.0,0.09766162310866572,PROPORTIONAL_PRIMARY_ORIGIN_PASS_THROUGH,ALL_CATEGORY_PRIMARY_VOTES_TRACED_PROPORTIONALLY,1,Jy Sandford,GRN,,1.0,1.0,1.0,False,AEC_CANDIDATE_ROUNDS_CATEGORY_EXIT
Jagajaga,VIC,220,ON,ALP+GRN+LNP+OTH,ALP,513.6588585238892,4297.0,0.11953894775980661,PROPORTIONAL_PRIMARY_ORIGIN_PASS_THROUGH,ALL_CATEGORY_PRIMARY_VOTES_TRACED_PROPORTIONALLY,1,Leslie Ralph,ON,,1.0,1.0,1.0,False,AEC_CANDIDATE_ROUNDS_CATEGORY_EXIT
Jagajaga,VIC,220,ON,ALP+GRN+LNP+OTH,GRN,214.88994236846997,4297.0,0.05000929540806841,PROPORTIONAL_PRIMARY_ORIGIN_PASS_THROUGH,ALL_CATEGORY_PRIMARY_VOTES_TRACED_PROPORTIONALLY,1,Leslie Ralph,ON,,1.0,1.0,1.0,False,AEC_CANDIDATE_ROUNDS_CATEGORY_EXIT
Jagajaga,VIC,220,ON,ALP+GRN+LNP+OTH,LNP,2398.9386503067485,4297.0,0.5582822085889572,PROPORTIONAL_PRIMARY_ORIGIN_PASS_THROUGH,ALL_CATEGORY_PRIMARY_VOTES_TRACED_PROPORTIONALLY,1,Leslie Ralph,ON,,1.0,1.0,1.0,False,AEC_CANDIDATE_ROUNDS_CATEGORY_EXIT
Jagajaga,VIC,220,ON,ALP+GRN+LNP+OTH,OTH,1169.5125488008923,4297.0,0.27216954824316786,PROPORTIONAL_PRIMARY_ORIGIN_PASS_THROUGH,ALL_CATEGORY_PRIMARY_VOTES_TRACED_PROPORTIONALLY,1,Leslie Ralph,ON,,1.0,1.0,1.0,False,AEC_CANDIDATE_ROUNDS_CATEGORY_EXIT
Jagajaga,VIC,220,OTH,ALP+GRN+LNP,ALP,2661.4550035076372,9460.0,0.281337738214338,PROPORTIONAL_PRIMARY_ORIGIN_PASS_THROUGH,ALL_CATEGORY_PRIMARY_VOTES_TRACED_PROPORTIONALLY,3,Chris Kearney,IND_MINOR,LEFT,0.5461945031712474,1.0,1.0,False,AEC_CANDIDATE_ROUNDS_CATEGORY_EXIT
Jagajaga,VIC,220,OTH,ALP+GRN+LNP,GRN,3062.7481839054267,9460.0,0.3237577361422227,PROPORTIONAL_PRIMARY_ORIGIN_PASS_THROUGH,ALL_CATEGORY_PRIMARY_VOTES_TRACED_PROPORTIONALLY,3,Chris Kearney,IND_MINOR,LEFT,0.5461945031712474,1.0,1.0,False,AEC_CANDIDATE_ROUNDS_CATEGORY_EXIT
Jagajaga,VIC,220,OTH,ALP+GRN+LNP,LNP,3735.796812586936,9460.0,0.3949045256434393,PROPORTIONAL_PRIMARY_ORIGIN_PASS_THROUGH,ALL_CATEGORY_PRIMARY_VOTES_TRACED_PROPORTIONALLY,3,Chris Kearney,IND_MINOR,LEFT,0.5461945031712474,1.0,1.0,False,AEC_CANDIDATE_ROUNDS_CATEGORY_EXIT
Kooyong,VIC,221,ALP,IND+LNP,IND,10406.182694684796,13671.0,0.7611866501854141,PROPORTIONAL_PRIMARY_ORIGIN_PASS_THROUGH,ALL_CATEGORY_PRIMARY_VOTES_TRACED_PROPORTIONALLY,1,Clive Crosby,ALP,,1.0,1.0,1.0,False,AEC_CANDIDATE_ROUNDS_CATEGORY_EXIT
Kooyong,VIC,221,ALP,IND+LNP,LNP,3264.817305315204,13671.0,0.2388133498145859,PROPORTIONAL_PRIMARY_ORIGIN_PASS_THROUGH,ALL_CATEGORY_PRIMARY_VOTES_TRACED_PROPORTIONALLY,1,Clive Crosby,ALP,,1.0,1.0,1.0,False,AEC_CANDIDATE_ROUNDS_CATEGORY_EXIT
Kooyong,VIC,221,GRN,ALP+IND+LNP,ALP,2113.255233756373,8900.0,0.2374444082872329,PROPORTIONAL_PRIMARY_ORIGIN_PASS_THROUGH,ALL_CATEGORY_PRIMARY_VOTES_TRACED_PROPORTIONALLY,1,Jackie Carter,GRN,,1.0,1.0,1.0,False,AEC_CANDIDATE_ROUNDS_CATEGORY_EXIT
Kooyong,VIC,221,GRN,ALP+IND+LNP,IND,6114.828072459052,8900.0,0.6870593339841632,PROPORTIONAL_PRIMARY_ORIGIN_PASS_THROUGH,ALL_CATEGORY_PRIMARY_VOTES_TRACED_PROPORTIONALLY,1,Jackie Carter,GRN,,1.0,1.0,1.0,False,AEC_CANDIDATE_ROUNDS_CATEGORY_EXIT
Kooyong,VIC,221,GRN,ALP+IND+LNP,LNP,671.9166937845753,8900.0,0.0754962577286039,PROPORTIONAL_PRIMARY_ORIGIN_PASS_THROUGH,ALL_CATEGORY_PRIMARY_VOTES_TRACED_PROPORTIONALLY,1,Jackie Carter,GRN,,1.0,1.0,1.0,False,AEC_CANDIDATE_ROUNDS_CATEGORY_EXIT
Kooyong,VIC,221,ON,ALP+GRN+IND+LNP,ALP,82.35428571428572,1201.0,0.06857142857142852,PROPORTIONAL_PRIMARY_ORIGIN_PASS_THROUGH,ALL_CATEGORY_PRIMARY_VOTES_TRACED_PROPORTIONALLY,1,Camille Brache,ON,,1.0,1.0,1.0,False,AEC_CANDIDATE_ROUNDS_CATEGORY_EXIT
Kooyong,VIC,221,ON,ALP+GRN+IND+LNP,GRN,79.71472527472527,1201.0,0.06637362637362632,PROPORTIONAL_PRIMARY_ORIGIN_PASS_THROUGH,ALL_CATEGORY_PRIMARY_VOTES_TRACED_PROPORTIONALLY,1,Camille Brache,ON,,1.0,1.0,1.0,False,AEC_CANDIDATE_ROUNDS_CATEGORY_EXIT
Kooyong,VIC,221,ON,ALP+GRN+IND+LNP,IND,167.87604395604396,1201.0,0.13978021978021982,PROPORTIONAL_PRIMARY_ORIGIN_PASS_THROUGH,ALL_CATEGORY_PRIMARY_VOTES_TRACED_PROPORTIONALLY,1,Camille Brache,ON,,1.0,1.0,1.0,False,AEC_CANDIDATE_ROUNDS_CATEGORY_EXIT
Kooyong,VIC,221,ON,ALP+GRN+IND+LNP,LNP,871.054945054945,1201.0,0.7252747252747254,PROPORTIONAL_PRIMARY_ORIGIN_PASS_THROUGH,ALL_CATEGORY_PRIMARY_VOTES_TRACED_PROPORTIONALLY,1,Camille Brache,ON,,1.0,1.0,1.0,False,AEC_CANDIDATE_ROUNDS_CATEGORY_EXIT
Kooyong,VIC,221,OTH,ALP+GRN+IND+LNP+ON,ALP,164.0,2599.0,0.06310119276644861,PROPORTIONAL_PRIMARY_ORIGIN_PASS_THROUGH,ALL_CATEGORY_PRIMARY_VOTES_TRACED_PROPORTIONALLY,2,Richard Peppard,OTH_LTP,RIGHT,0.5675259715275106,1.0,1.0,False,AEC_CANDIDATE_ROUNDS_CATEGORY_EXIT
Kooyong,VIC,221,OTH,ALP+GRN+IND+LNP+ON,GRN,168.0,2599.0,0.06464024624855712,PROPORTIONAL_PRIMARY_ORIGIN_PASS_THROUGH,ALL_CATEGORY_PRIMARY_VOTES_TRACED_PROPORTIONALLY,2,Richard Peppard,OTH_LTP,RIGHT,0.5675259715275106,1.0,1.0,False,AEC_CANDIDATE_ROUNDS_CATEGORY_EXIT
Kooyong,VIC,221,OTH,ALP+GRN+IND+LNP+ON,IND,277.0,2599.0,0.10657945363601383,PROPORTIONAL_PRIMARY_ORIGIN_PASS_THROUGH,ALL_CATEGORY_PRIMARY_VOTES_TRACED_PROPORTIONALLY,2,Richard Peppard,OTH_LTP,RIGHT,0.5675259715275106,1.0,1.0,False,AEC_CANDIDATE_ROUNDS_CATEGORY_EXIT
Kooyong,VIC,221,OTH,ALP+GRN+IND+LNP+ON,LNP,916.0,2599.0,0.35244324740284727,PROPORTIONAL_PRIMARY_ORIGIN_PASS_THROUGH,ALL_CATEGORY_PRIMARY_VOTES_TRACED_PROPORTIONALLY,2,Richard Peppard,OTH_LTP,RIGHT,0.5675259715275106,1.0,1.0,False,AEC_CANDIDATE_ROUNDS_CATEGORY_EXIT
Kooyong,VIC,221,OTH,ALP+GRN+IND+LNP+ON,ON,1074.0,2599.0,0.4132358599461332,PROPORTIONAL_PRIMARY_ORIGIN_PASS_THROUGH,ALL_CATEGORY_PRIMARY_VOTES_TRACED_PROPORTIONALLY,2,Richard Peppard,OTH_LTP,RIGHT,0.5675259715275106,1.0,1.0,False,AEC_CANDIDATE_ROUNDS_CATEGORY_EXIT
La Trobe,VIC,223,GRN,ALP+LNP,ALP,10297.416756562388,13386.0,0.7692676495265492,PROPORTIONAL_PRIMARY_ORIGIN_PASS_THROUGH,ALL_CATEGORY_PRIMARY_VOTES_TRACED_PROPORTIONALLY,1,Jamie Longmuir,GRN,,1.0,1.0,1.0,False,AEC_CANDIDATE_ROUNDS_CATEGORY_EXIT
La Trobe,VIC,223,GRN,ALP+LNP,LNP,3088.5832434376125,13386.0,0.2307323504734508,PROPORTIONAL_PRIMARY_ORIGIN_PASS_THROUGH,ALL_CATEGORY_PRIMARY_VOTES_TRACED_PROPORTIONALLY,1,Jamie Longmuir,GRN,,1.0,1.0,1.0,False,AEC_CANDIDATE_ROUNDS_CATEGORY_EXIT
La Trobe,VIC,223,ON,ALP+GRN+LNP,ALP,1302.5611807104856,7956.0,0.16372061094903032,PROPORTIONAL_PRIMARY_ORIGIN_PASS_THROUGH,ALL_CATEGORY_PRIMARY_VOTES_TRACED_PROPORTIONALLY,1,Leo Panetta,ON,,1.0,1.0,1.0,False,AEC_CANDIDATE_ROUNDS_CATEGORY_EXIT
La Trobe,VIC,223,ON,ALP+GRN+LNP,GRN,1602.9421657799896,7956.0,0.20147588810708772,PROPORTIONAL_PRIMARY_ORIGIN_PASS_THROUGH,ALL_CATEGORY_PRIMARY_VOTES_TRACED_PROPORTIONALLY,1,Leo Panetta,ON,,1.0,1.0,1.0,False,AEC_CANDIDATE_ROUNDS_CATEGORY_EXIT
La Trobe,VIC,223,ON,ALP+GRN+LNP,LNP,5050.496653509525,7956.0,0.634803500943882,PROPORTIONAL_PRIMARY_ORIGIN_PASS_THROUGH,ALL_CATEGORY_PRIMARY_VOTES_TRACED_PROPORTIONALLY,1,Leo Panetta,ON,,1.0,1.0,1.0,False,AEC_CANDIDATE_ROUNDS_CATEGORY_EXIT
La Trobe,VIC,223,OTH,ALP+GRN+LNP+ON,ALP,1641.0,8440.0,0.19443127962085305,PROPORTIONAL_PRIMARY_ORIGIN_PASS_THROUGH,ALL_CATEGORY_PRIMARY_VOTES_TRACED_PROPORTIONALLY,2,Gregory Thomas Hardiman,OTH_CYA,RIGHT,0.5600710900473934,1.0,1.0,False,AEC_CANDIDATE_ROUNDS_CATEGORY_EXIT
La Trobe,VIC,223,OTH,ALP+GRN+LNP+ON,GRN,952.0,8440.0,0.11279620853080563,PROPORTIONAL_PRIMARY_ORIGIN_PASS_THROUGH,ALL_CATEGORY_PRIMARY_VOTES_TRACED_PROPORTIONALLY,2,Gregory Thomas Hardiman,OTH_CYA,RIGHT,0.5600710900473934,1.0,1.0,False,AEC_CANDIDATE_ROUNDS_CATEGORY_EXIT
La Trobe,VIC,223,OTH,ALP+GRN+LNP+ON,LNP,2149.0,8440.0,0.25462085308056875,PROPORTIONAL_PRIMARY_ORIGIN_PASS_THROUGH,ALL_CATEGORY_PRIMARY_VOTES_TRACED_PROPORTIONALLY,2,Gregory Thomas Hardiman,OTH_CYA,RIGHT,0.5600710900473934,1.0,1.0,False,AEC_CANDIDATE_ROUNDS_CATEGORY_EXIT
La Trobe,VIC,223,OTH,ALP+GRN+LNP+ON,ON,3698.0,8440.0,0.4381516587677726,PROPORTIONAL_PRIMARY_ORIGIN_PASS_THROUGH,ALL_CATEGORY_PRIMARY_VOTES_TRACED_PROPORTIONALLY,2,Gregory Thomas Hardiman,OTH_CYA,RIGHT,0.5600710900473934,1.0,1.0,False,AEC_CANDIDATE_ROUNDS_CATEGORY_EXIT
Lalor,VIC,222,GRN,ALP+LNP,ALP,12522.579692725752,15181.0,0.8248850334448161,PROPORTIONAL_PRIMARY_ORIGIN_PASS_THROUGH,ALL_CATEGORY_PRIMARY_VOTES_TRACED_PROPORTIONALLY,1,Owen Parris,GRN,,1.0,1.0,1.0,False,AEC_CANDIDATE_ROUNDS_CATEGORY_EXIT
Lalor,VIC,222,GRN,ALP+LNP,LNP,2658.4203072742475,15181.0,0.17511496655518394,PROPORTIONAL_PRIMARY_ORIGIN_PASS_THROUGH,ALL_CATEGORY_PRIMARY_VOTES_TRACED_PROPORTIONALLY,1,Owen Parris,GRN,,1.0,1.0,1.0,False,AEC_CANDIDATE_ROUNDS_CATEGORY_EXIT
Lalor,VIC,222,ON,ALP+GRN+LNP,ALP,1510.0220320855617,6986.0,0.21614973262032083,PROPORTIONAL_PRIMARY_ORIGIN_PASS_THROUGH,ALL_CATEGORY_PRIMARY_VOTES_TRACED_PROPORTIONALLY,1,Jason Oosthuizen,ON,,1.0,1.0,1.0,False,AEC_CANDIDATE_ROUNDS_CATEGORY_EXIT
Lalor,VIC,222,ON,ALP+GRN+LNP,GRN,1465.9392513368985,6986.0,0.20983957219251334,PROPORTIONAL_PRIMARY_ORIGIN_PASS_THROUGH,ALL_CATEGORY_PRIMARY_VOTES_TRACED_PROPORTIONALLY,1,Jason Oosthuizen,ON,,1.0,1.0,1.0,False,AEC_CANDIDATE_ROUNDS_CATEGORY_EXIT
Lalor,VIC,222,ON,ALP+GRN+LNP,LNP,4010.03871657754,6986.0,0.5740106951871659,PROPORTIONAL_PRIMARY_ORIGIN_PASS_THROUGH,ALL_CATEGORY_PRIMARY_VOTES_TRACED_PROPORTIONALLY,1,Jason Oosthuizen,ON,,1.0,1.0,1.0,False,AEC_CANDIDATE_ROUNDS_CATEGORY_EXIT
Lalor,VIC,222,OTH,ALP+GRN+LNP+ON,ALP,1671.0000000000002,7964.0,0.2098191863385234,PROPORTIONAL_PRIMARY_ORIGIN_PASS_THROUGH,ALL_CATEGORY_PRIMARY_VOTES_TRACED_PROPORTIONALLY,3,Matthew Emerson,OTH_FFPA,RIGHT,0.5748367654445002,1.0,1.0,False,AEC_CANDIDATE_ROUNDS_CATEGORY_EXIT
Lalor,VIC,222,OTH,ALP+GRN+LNP+ON,GRN,1993.0,7964.0,0.2502511300853842,PROPORTIONAL_PRIMARY_ORIGIN_PASS_THROUGH,ALL_CATEGORY_PRIMARY_VOTES_TRACED_PROPORTIONALLY,3,Matthew Emerson,OTH_FFPA,RIGHT,0.5748367654445002,1.0,1.0,False,AEC_CANDIDATE_ROUNDS_CATEGORY_EXIT
Lalor,VIC,222,OTH,ALP+GRN+LNP+ON,LNP,1936.0,7964.0,0.2430939226519337,PROPORTIONAL_PRIMARY_ORIGIN_PASS_THROUGH,ALL_CATEGORY_PRIMARY_VOTES_TRACED_PROPORTIONALLY,3,Matthew Emerson,OTH_FFPA,RIGHT,0.5748367654445002,1.0,1.0,False,AEC_CANDIDATE_ROUNDS_CATEGORY_EXIT
Lalor,VIC,222,OTH,ALP+GRN+LNP+ON,ON,2364.0,7964.0,0.2968357609241587,PROPORTIONAL_PRIMARY_ORIGIN_PASS_THROUGH,ALL_CATEGORY_PRIMARY_VOTES_TRACED_PROPORTIONALLY,3,Matthew Emerson,OTH_FFPA,RIGHT,0.5748367654445002,1.0,1.0,False,AEC_CANDIDATE_ROUNDS_CATEGORY_EXIT
Macnamara,VIC,322,GRN,ALP+LNP,ALP,23486.497906542056,25561.0,0.9188411214953273,PROPORTIONAL_PRIMARY_ORIGIN_PASS_THROUGH,ALL_CATEGORY_PRIMARY_VOTES_TRACED_PROPORTIONALLY,1,Sonya Semmens,GRN,,1.0,1.0,1.0,False,AEC_CANDIDATE_ROUNDS_CATEGORY_EXIT
Macnamara,VIC,322,GRN,ALP+LNP,LNP,2074.502093457944,25561.0,0.08115887850467281,PROPORTIONAL_PRIMARY_ORIGIN_PASS_THROUGH,ALL_CATEGORY_PRIMARY_VOTES_TRACED_PROPORTIONALLY,1,Sonya Semmens,GRN,,1.0,1.0,1.0,False,AEC_CANDIDATE_ROUNDS_CATEGORY_EXIT
Macnamara,VIC,322,ON,ALP+GRN+LNP,ALP,432.1261354788477,2803.0,0.15416558525824034,PROPORTIONAL_PRIMARY_ORIGIN_PASS_THROUGH,ALL_CATEGORY_PRIMARY_VOTES_TRACED_PROPORTIONALLY,1,Sean Rubin,ON,,1.0,1.0,1.0,False,AEC_CANDIDATE_ROUNDS_CATEGORY_EXIT
Macnamara,VIC,322,ON,ALP+GRN+LNP,GRN,378.2922398131326,2803.0,0.13495977160654032,PROPORTIONAL_PRIMARY_ORIGIN_PASS_THROUGH,ALL_CATEGORY_PRIMARY_VOTES_TRACED_PROPORTIONALLY,1,Sean Rubin,ON,,1.0,1.0,1.0,False,AEC_CANDIDATE_ROUNDS_CATEGORY_EXIT
Macnamara,VIC,322,ON,ALP+GRN+LNP,LNP,1992.5816247080195,2803.0,0.7108746431352194,PROPORTIONAL_PRIMARY_ORIGIN_PASS_THROUGH,ALL_CATEGORY_PRIMARY_VOTES_TRACED_PROPORTIONALLY,1,Sean Rubin,ON,,1.0,1.0,1.0,False,AEC_CANDIDATE_ROUNDS_CATEGORY_EXIT
Macnamara,VIC,322,OTH,ALP+GRN+LNP+ON,ALP,603.0,3140.0,0.19203821656050954,PROPORTIONAL_PRIMARY_ORIGIN_PASS_THROUGH,ALL_CATEGORY_PRIMARY_VOTES_TRACED_PROPORTIONALLY,2,JB Myers,IND_MINOR,CENTRE,0.5863057324840765,1.0,1.0,False,AEC_CANDIDATE_ROUNDS_CATEGORY_EXIT
Macnamara,VIC,322,OTH,ALP+GRN+LNP+ON,GRN,669.0,3140.0,0.21305732484076434,PROPORTIONAL_PRIMARY_ORIGIN_PASS_THROUGH,ALL_CATEGORY_PRIMARY_VOTES_TRACED_PROPORTIONALLY,2,JB Myers,IND_MINOR,CENTRE,0.5863057324840765,1.0,1.0,False,AEC_CANDIDATE_ROUNDS_CATEGORY_EXIT
Macnamara,VIC,322,OTH,ALP+GRN+LNP+ON,LNP,818.0,3140.0,0.26050955414012744,PROPORTIONAL_PRIMARY_ORIGIN_PASS_THROUGH,ALL_CATEGORY_PRIMARY_VOTES_TRACED_PROPORTIONALLY,2,JB Myers,IND_MINOR,CENTRE,0.5863057324840765,1.0,1.0,False,AEC_CANDIDATE_ROUNDS_CATEGORY_EXIT
Macnamara,VIC,322,OTH,ALP+GRN+LNP+ON,ON,1050.0,3140.0,0.33439490445859876,PROPORTIONAL_PRIMARY_ORIGIN_PASS_THROUGH,ALL_CATEGORY_PRIMARY_VOTES_TRACED_PROPORTIONALLY,2,JB Myers,IND_MINOR,CENTRE,0.5863057324840765,1.0,1.0,False,AEC_CANDIDATE_ROUNDS_CATEGORY_EXIT
Mallee,VIC,224,GRN,ALP+LNP+ON,ALP,5618.668345850889,9477.0,0.5928741527752336,PROPORTIONAL_PRIMARY_ORIGIN_PASS_THROUGH,ALL_CATEGORY_PRIMARY_VOTES_TRACED_PROPORTIONALLY,1,Nicole Rowan,GRN,,1.0,1.0,1.0,False,AEC_CANDIDATE_ROUNDS_CATEGORY_EXIT
Mallee,VIC,224,GRN,ALP+LNP+ON,LNP,3036.320388349515,9477.0,0.3203883495145631,PROPORTIONAL_PRIMARY_ORIGIN_PASS_THROUGH,ALL_CATEGORY_PRIMARY_VOTES_TRACED_PROPORTIONALLY,1,Nicole Rowan,GRN,,1.0,1.0,1.0,False,AEC_CANDIDATE_ROUNDS_CATEGORY_EXIT
Mallee,VIC,224,GRN,ALP+LNP+ON,ON,822.011265799597,9477.0,0.0867374977102033,PROPORTIONAL_PRIMARY_ORIGIN_PASS_THROUGH,ALL_CATEGORY_PRIMARY_VOTES_TRACED_PROPORTIONALLY,1,Nicole Rowan,GRN,,1.0,1.0,1.0,False,AEC_CANDIDATE_ROUNDS_CATEGORY_EXIT
Mallee,VIC,224,ON,ALP+LNP,ALP,2737.9519104460564,11414.0,0.2398766348734936,PROPORTIONAL_PRIMARY_ORIGIN_PASS_THROUGH,ALL_CATEGORY_PRIMARY_VOTES_TRACED_PROPORTIONALLY,1,Vaughan Williams,ON,,1.0,1.0,1.0,False,AEC_CANDIDATE_ROUNDS_CATEGORY_EXIT
Mallee,VIC,224,ON,ALP+LNP,LNP,8676.048089553944,11414.0,0.7601233651265064,PROPORTIONAL_PRIMARY_ORIGIN_PASS_THROUGH,ALL_CATEGORY_PRIMARY_VOTES_TRACED_PROPORTIONALLY,1,Vaughan Williams,ON,,1.0,1.0,1.0,False,AEC_CANDIDATE_ROUNDS_CATEGORY_EXIT
Mallee,VIC,224,OTH,ALP+GRN+LNP+ON,ALP,1598.0,11424.0,0.13988095238095233,PROPORTIONAL_PRIMARY_ORIGIN_PASS_THROUGH,ALL_CATEGORY_PRIMARY_VOTES_TRACED_PROPORTIONALLY,4,Ashleigh Gray,OTH_FFPA,RIGHT,0.3466386554621848,1.0,1.0,False,AEC_CANDIDATE_ROUNDS_CATEGORY_EXIT
Mallee,VIC,224,OTH,ALP+GRN+LNP+ON,GRN,1441.0,11424.0,0.12613795518207283,PROPORTIONAL_PRIMARY_ORIGIN_PASS_THROUGH,ALL_CATEGORY_PRIMARY_VOTES_TRACED_PROPORTIONALLY,4,Ashleigh Gray,OTH_FFPA,RIGHT,0.3466386554621848,1.0,1.0,False,AEC_CANDIDATE_ROUNDS_CATEGORY_EXIT
Mallee,VIC,224,OTH,ALP+GRN+LNP+ON,LNP,3237.0,11424.0,0.28335084033613445,PROPORTIONAL_PRIMARY_ORIGIN_PASS_THROUGH,ALL_CATEGORY_PRIMARY_VOTES_TRACED_PROPORTIONALLY,4,Ashleigh Gray,OTH_FFPA,RIGHT,0.3466386554621848,1.0,1.0,False,AEC_CANDIDATE_ROUNDS_CATEGORY_EXIT
Mallee,VIC,224,OTH,ALP+GRN+LNP+ON,ON,5148.0,11424.0,0.4506302521008404,PROPORTIONAL_PRIMARY_ORIGIN_PASS_THROUGH,ALL_CATEGORY_PRIMARY_VOTES_TRACED_PROPORTIONALLY,4,Ashleigh Gray,OTH_FFPA,RIGHT,0.3466386554621848,1.0,1.0,False,AEC_CANDIDATE_ROUNDS_CATEGORY_EXIT
Maribyrnong,VIC,225,GRN,ALP+LNP,ALP,21223.342956493612,23594.0,0.8995228853307456,PROPORTIONAL_PRIMARY_ORIGIN_PASS_THROUGH,ALL_CATEGORY_PRIMARY_VOTES_TRACED_PROPORTIONALLY,1,James Williams,GRN,,1.0,1.0,1.0,False,AEC_CANDIDATE_ROUNDS_CATEGORY_EXIT
Maribyrnong,VIC,225,GRN,ALP+LNP,LNP,2370.6570435063886,23594.0,0.1004771146692544,PROPORTIONAL_PRIMARY_ORIGIN_PASS_THROUGH,ALL_CATEGORY_PRIMARY_VOTES_TRACED_PROPORTIONALLY,1,James Williams,GRN,,1.0,1.0,1.0,False,AEC_CANDIDATE_ROUNDS_CATEGORY_EXIT
Maribyrnong,VIC,225,ON,ALP+GRN+LNP,ALP,1349.0,7665.0,0.17599478147423353,PROPORTIONAL_PRIMARY_ORIGIN_PASS_THROUGH,ALL_CATEGORY_PRIMARY_VOTES_TRACED_PROPORTIONALLY,1,Alannah Casey,ON,,1.0,1.0,1.0,False,AEC_CANDIDATE_ROUNDS_CATEGORY_EXIT
Maribyrnong,VIC,225,ON,ALP+GRN+LNP,GRN,1138.0,7665.0,0.14846705805609914,PROPORTIONAL_PRIMARY_ORIGIN_PASS_THROUGH,ALL_CATEGORY_PRIMARY_VOTES_TRACED_PROPORTIONALLY,1,Alannah Casey,ON,,1.0,1.0,1.0,False,AEC_CANDIDATE_ROUNDS_CATEGORY_EXIT
Maribyrnong,VIC,225,ON,ALP+GRN+LNP,LNP,5178.0,7665.0,0.6755381604696674,PROPORTIONAL_PRIMARY_ORIGIN_PASS_THROUGH,ALL_CATEGORY_PRIMARY_VOTES_TRACED_PROPORTIONALLY,1,Alannah Casey,ON,,1.0,1.0,1.0,False,AEC_CANDIDATE_ROUNDS_CATEGORY_EXIT
McEwen,VIC,226,GRN,ALP+LNP,ALP,8776.037057340203,11611.0,0.7558381756386361,PROPORTIONAL_PRIMARY_ORIGIN_PASS_THROUGH,ALL_CATEGORY_PRIMARY_VOTES_TRACED_PROPORTIONALLY,1,Marley Mcrae Mcleod,GRN,,1.0,1.0,1.0,False,AEC_CANDIDATE_ROUNDS_CATEGORY_EXIT
McEwen,VIC,226,GRN,ALP+LNP,LNP,2834.962942659796,11611.0,0.2441618243613639,PROPORTIONAL_PRIMARY_ORIGIN_PASS_THROUGH,ALL_CATEGORY_PRIMARY_VOTES_TRACED_PROPORTIONALLY,1,Marley Mcrae Mcleod,GRN,,1.0,1.0,1.0,False,AEC_CANDIDATE_ROUNDS_CATEGORY_EXIT
McEwen,VIC,226,ON,ALP+GRN+LNP,ALP,1249.239228125826,6869.0,0.1818662437219138,PROPORTIONAL_PRIMARY_ORIGIN_PASS_THROUGH,ALL_CATEGORY_PRIMARY_VOTES_TRACED_PROPORTIONALLY,1,Jeremy Johnson,ON,,1.0,1.0,1.0,False,AEC_CANDIDATE_ROUNDS_CATEGORY_EXIT
McEwen,VIC,226,ON,ALP+GRN+LNP,GRN,1405.3941316415544,6869.0,0.204599524187153,PROPORTIONAL_PRIMARY_ORIGIN_PASS_THROUGH,ALL_CATEGORY_PRIMARY_VOTES_TRACED_PROPORTIONALLY,1,Jeremy Johnson,ON,,1.0,1.0,1.0,False,AEC_CANDIDATE_ROUNDS_CATEGORY_EXIT
McEwen,VIC,226,ON,ALP+GRN+LNP,LNP,4214.36664023262,6869.0,0.6135342320909332,PROPORTIONAL_PRIMARY_ORIGIN_PASS_THROUGH,ALL_CATEGORY_PRIMARY_VOTES_TRACED_PROPORTIONALLY,1,Jeremy Johnson,ON,,1.0,1.0,1.0,False,AEC_CANDIDATE_ROUNDS_CATEGORY_EXIT
McEwen,VIC,226,OTH,ALP+GRN+LNP+ON,ALP,2357.0,13034.0,0.18083473991100202,PROPORTIONAL_PRIMARY_ORIGIN_PASS_THROUGH,ALL_CATEGORY_PRIMARY_VOTES_TRACED_PROPORTIONALLY,5,Tom Forrest,OTH_HMP,CENTRE_LEFT,0.3112628510050637,1.0,1.0,False,AEC_CANDIDATE_ROUNDS_CATEGORY_EXIT
McEwen,VIC,226,OTH,ALP+GRN+LNP+ON,GRN,4309.0,13034.0,0.33059690041430106,PROPORTIONAL_PRIMARY_ORIGIN_PASS_THROUGH,ALL_CATEGORY_PRIMARY_VOTES_TRACED_PROPORTIONALLY,5,Tom Forrest,OTH_HMP,CENTRE_LEFT,0.3112628510050637,1.0,1.0,False,AEC_CANDIDATE_ROUNDS_CATEGORY_EXIT
McEwen,VIC,226,OTH,ALP+GRN+LNP+ON,LNP,1888.0,13034.0,0.14485192573269912,PROPORTIONAL_PRIMARY_ORIGIN_PASS_THROUGH,ALL_CATEGORY_PRIMARY_VOTES_TRACED_PROPORTIONALLY,5,Tom Forrest,OTH_HMP,CENTRE_LEFT,0.3112628510050637,1.0,1.0,False,AEC_CANDIDATE_ROUNDS_CATEGORY_EXIT
McEwen,VIC,226,OTH,ALP+GRN+LNP+ON,ON,4480.0,13034.0,0.34371643394199786,PROPORTIONAL_PRIMARY_ORIGIN_PASS_THROUGH,ALL_CATEGORY_PRIMARY_VOTES_TRACED_PROPORTIONALLY,5,Tom Forrest,OTH_HMP,CENTRE_LEFT,0.3112628510050637,1.0,1.0,False,AEC_CANDIDATE_ROUNDS_CATEGORY_EXIT
Melbourne,VIC,228,LNP,ALP+GRN,ALP,15275.18355557486,19267.0,0.7928158797724015,PROPORTIONAL_PRIMARY_ORIGIN_PASS_THROUGH,ALL_CATEGORY_PRIMARY_VOTES_TRACED_PROPORTIONALLY,1,Steph Hunt,LIB,,1.0,1.0,1.0,False,AEC_CANDIDATE_ROUNDS_CATEGORY_EXIT
Melbourne,VIC,228,LNP,ALP+GRN,GRN,3991.81644442514,19267.0,0.2071841202275985,PROPORTIONAL_PRIMARY_ORIGIN_PASS_THROUGH,ALL_CATEGORY_PRIMARY_VOTES_TRACED_PROPORTIONALLY,1,Steph Hunt,LIB,,1.0,1.0,1.0,False,AEC_CANDIDATE_ROUNDS_CATEGORY_EXIT
Melbourne,VIC,228,ON,ALP+GRN+LNP+OTH,ALP,506.3681402439025,2438.0,0.20769817073170732,PROPORTIONAL_PRIMARY_ORIGIN_PASS_THROUGH,ALL_CATEGORY_PRIMARY_VOTES_TRACED_PROPORTIONALLY,1,Melanie Casey,ON,,1.0,1.0,1.0,False,AEC_CANDIDATE_ROUNDS_CATEGORY_EXIT
Melbourne,VIC,228,ON,ALP+GRN+LNP+OTH,GRN,125.43064024390245,2438.0,0.05144817073170731,PROPORTIONAL_PRIMARY_ORIGIN_PASS_THROUGH,ALL_CATEGORY_PRIMARY_VOTES_TRACED_PROPORTIONALLY,1,Melanie Casey,ON,,1.0,1.0,1.0,False,AEC_CANDIDATE_ROUNDS_CATEGORY_EXIT
Melbourne,VIC,228,ON,ALP+GRN+LNP+OTH,LNP,951.4146341463417,2438.0,0.39024390243902446,PROPORTIONAL_PRIMARY_ORIGIN_PASS_THROUGH,ALL_CATEGORY_PRIMARY_VOTES_TRACED_PROPORTIONALLY,1,Melanie Casey,ON,,1.0,1.0,1.0,False,AEC_CANDIDATE_ROUNDS_CATEGORY_EXIT
Melbourne,VIC,228,ON,ALP+GRN+LNP+OTH,OTH,854.7865853658536,2438.0,0.35060975609756095,PROPORTIONAL_PRIMARY_ORIGIN_PASS_THROUGH,ALL_CATEGORY_PRIMARY_VOTES_TRACED_PROPORTIONALLY,1,Melanie Casey,ON,,1.0,1.0,1.0,False,AEC_CANDIDATE_ROUNDS_CATEGORY_EXIT
Melbourne,VIC,228,OTH,ALP+GRN+LNP,ALP,2098.2413484167737,6745.0,0.31108100050656395,PROPORTIONAL_PRIMARY_ORIGIN_PASS_THROUGH,ALL_CATEGORY_PRIMARY_VOTES_TRACED_PROPORTIONALLY,3,Anthony Koutoufides,IND_MINOR,CENTRE,0.4750185322461082,1.0,1.0,False,AEC_CANDIDATE_ROUNDS_CATEGORY_EXIT
Melbourne,VIC,228,OTH,ALP+GRN+LNP,GRN,2228.000869169876,6745.0,0.33031888349442196,PROPORTIONAL_PRIMARY_ORIGIN_PASS_THROUGH,ALL_CATEGORY_PRIMARY_VOTES_TRACED_PROPORTIONALLY,3,Anthony Koutoufides,IND_MINOR,CENTRE,0.4750185322461082,1.0,1.0,False,AEC_CANDIDATE_ROUNDS_CATEGORY_EXIT
Melbourne,VIC,228,OTH,ALP+GRN+LNP,LNP,2418.7577824133505,6745.0,0.35860011599901415,PROPORTIONAL_PRIMARY_ORIGIN_PASS_THROUGH,ALL_CATEGORY_PRIMARY_VOTES_TRACED_PROPORTIONALLY,3,Anthony Koutoufides,IND_MINOR,CENTRE,0.4750185322461082,1.0,1.0,False,AEC_CANDIDATE_ROUNDS_CATEGORY_EXIT
Menzies,VIC,229,GRN,ALP+LNP,ALP,9979.266331063074,11998.0,0.8317441516138585,PROPORTIONAL_PRIMARY_ORIGIN_PASS_THROUGH,ALL_CATEGORY_PRIMARY_VOTES_TRACED_PROPORTIONALLY,1,Bill Pheasant,GRN,,1.0,1.0,1.0,False,AEC_CANDIDATE_ROUNDS_CATEGORY_EXIT
Menzies,VIC,229,GRN,ALP+LNP,LNP,2018.7336689369265,11998.0,0.1682558483861415,PROPORTIONAL_PRIMARY_ORIGIN_PASS_THROUGH,ALL_CATEGORY_PRIMARY_VOTES_TRACED_PROPORTIONALLY,1,Bill Pheasant,GRN,,1.0,1.0,1.0,False,AEC_CANDIDATE_ROUNDS_CATEGORY_EXIT
Menzies,VIC,229,IND,ALP+GRN+LNP,ALP,2251.0184526456205,6966.0,0.3231436193863939,PROPORTIONAL_PRIMARY_ORIGIN_PASS_THROUGH,ALL_CATEGORY_PRIMARY_VOTES_TRACED_PROPORTIONALLY,1,Stella Yee,IND_PROMINENT,LEFT,1.0,1.0,1.0,False,AEC_CANDIDATE_ROUNDS_CATEGORY_EXIT
Menzies,VIC,229,IND,ALP+GRN+LNP,GRN,3032.331702979102,6966.0,0.4353045798132503,PROPORTIONAL_PRIMARY_ORIGIN_PASS_THROUGH,ALL_CATEGORY_PRIMARY_VOTES_TRACED_PROPORTIONALLY,1,Stella Yee,IND_PROMINENT,LEFT,1.0,1.0,1.0,False,AEC_CANDIDATE_ROUNDS_CATEGORY_EXIT
Menzies,VIC,229,IND,ALP+GRN+LNP,LNP,1682.6498443752778,6966.0,0.2415518008003557,PROPORTIONAL_PRIMARY_ORIGIN_PASS_THROUGH,ALL_CATEGORY_PRIMARY_VOTES_TRACED_PROPORTIONALLY,1,Stella Yee,IND_PROMINENT,LEFT,1.0,1.0,1.0,False,AEC_CANDIDATE_ROUNDS_CATEGORY_EXIT
Menzies,VIC,229,ON,ALP+GRN+IND+LNP,ALP,199.41114816579324,2152.0,0.092663172939495,PROPORTIONAL_PRIMARY_ORIGIN_PASS_THROUGH,ALL_CATEGORY_PRIMARY_VOTES_TRACED_PROPORTIONALLY,1,Jhett Edwards-Scott,ON,,1.0,1.0,1.0,False,AEC_CANDIDATE_ROUNDS_CATEGORY_EXIT
Menzies,VIC,229,ON,ALP+GRN+IND+LNP,GRN,119.44163887565507,2152.0,0.0555026202953787,PROPORTIONAL_PRIMARY_ORIGIN_PASS_THROUGH,ALL_CATEGORY_PRIMARY_VOTES_TRACED_PROPORTIONALLY,1,Jhett Edwards-Scott,ON,,1.0,1.0,1.0,False,AEC_CANDIDATE_ROUNDS_CATEGORY_EXIT
Menzies,VIC,229,ON,ALP+GRN+IND+LNP,IND,570.5516912815627,2152.0,0.2651262505955217,PROPORTIONAL_PRIMARY_ORIGIN_PASS_THROUGH,ALL_CATEGORY_PRIMARY_VOTES_TRACED_PROPORTIONALLY,1,Jhett Edwards-Scott,ON,,1.0,1.0,1.0,False,AEC_CANDIDATE_ROUNDS_CATEGORY_EXIT
Menzies,VIC,229,ON,ALP+GRN+IND+LNP,LNP,1262.5955216769892,2152.0,0.5867079561696046,PROPORTIONAL_PRIMARY_ORIGIN_PASS_THROUGH,ALL_CATEGORY_PRIMARY_VOTES_TRACED_PROPORTIONALLY,1,Jhett Edwards-Scott,ON,,1.0,1.0,1.0,False,AEC_CANDIDATE_ROUNDS_CATEGORY_EXIT
Menzies,VIC,229,OTH,ALP+GRN+IND+LNP+ON,ALP,542.0,5829.0,0.09298335906673522,PROPORTIONAL_PRIMARY_ORIGIN_PASS_THROUGH,ALL_CATEGORY_PRIMARY_VOTES_TRACED_PROPORTIONALLY,3,Amanda Paliouras,OTH_CYA,RIGHT,0.4645736833075999,1.0,1.0,False,AEC_CANDIDATE_ROUNDS_CATEGORY_EXIT
Menzies,VIC,229,OTH,ALP+GRN+IND+LNP+ON,GRN,738.0,5829.0,0.12660833762223364,PROPORTIONAL_PRIMARY_ORIGIN_PASS_THROUGH,ALL_CATEGORY_PRIMARY_VOTES_TRACED_PROPORTIONALLY,3,Amanda Paliouras,OTH_CYA,RIGHT,0.4645736833075999,1.0,1.0,False,AEC_CANDIDATE_ROUNDS_CATEGORY_EXIT
Menzies,VIC,229,OTH,ALP+GRN+IND+LNP+ON,IND,917.0,5829.0,0.15731686395608163,PROPORTIONAL_PRIMARY_ORIGIN_PASS_THROUGH,ALL_CATEGORY_PRIMARY_VOTES_TRACED_PROPORTIONALLY,3,Amanda Paliouras,OTH_CYA,RIGHT,0.4645736833075999,1.0,1.0,False,AEC_CANDIDATE_ROUNDS_CATEGORY_EXIT
Menzies,VIC,229,OTH,ALP+GRN+IND+LNP+ON,LNP,1586.0,5829.0,0.27208783667867564,PROPORTIONAL_PRIMARY_ORIGIN_PASS_THROUGH,ALL_CATEGORY_PRIMARY_VOTES_TRACED_PROPORTIONALLY,3,Amanda Paliouras,OTH_CYA,RIGHT,0.4645736833075999,1.0,1.0,False,AEC_CANDIDATE_ROUNDS_CATEGORY_EXIT
Menzies,VIC,229,OTH,ALP+GRN+IND+LNP+ON,ON,2046.0,5829.0,0.35100360267627384,PROPORTIONAL_PRIMARY_ORIGIN_PASS_THROUGH,ALL_CATEGORY_PRIMARY_VOTES_TRACED_PROPORTIONALLY,3,Amanda Paliouras,OTH_CYA,RIGHT,0.4645736833075999,1.0,1.0,False,AEC_CANDIDATE_ROUNDS_CATEGORY_EXIT
Monash,VIC,323,GRN,ALP+IND+LNP+ON,ALP,1828.103275778603,5062.0,0.3611424883007907,PROPORTIONAL_PRIMARY_ORIGIN_PASS_THROUGH,ALL_CATEGORY_PRIMARY_VOTES_TRACED_PROPORTIONALLY,1,Terence Steele,GRN,,1.0,1.0,1.0,False,AEC_CANDIDATE_ROUNDS_CATEGORY_EXIT
Monash,VIC,323,GRN,ALP+IND+LNP+ON,IND,2742.154913667904,5062.0,0.5417137324511861,PROPORTIONAL_PRIMARY_ORIGIN_PASS_THROUGH,ALL_CATEGORY_PRIMARY_VOTES_TRACED_PROPORTIONALLY,1,Terence Steele,GRN,,1.0,1.0,1.0,False,AEC_CANDIDATE_ROUNDS_CATEGORY_EXIT
Monash,VIC,323,GRN,ALP+IND+LNP+ON,LNP,250.77198644505407,5062.0,0.0495401000484105,PROPORTIONAL_PRIMARY_ORIGIN_PASS_THROUGH,ALL_CATEGORY_PRIMARY_VOTES_TRACED_PROPORTIONALLY,1,Terence Steele,GRN,,1.0,1.0,1.0,False,AEC_CANDIDATE_ROUNDS_CATEGORY_EXIT
Monash,VIC,323,GRN,ALP+IND+LNP+ON,ON,240.9698241084396,5062.0,0.0476036791996127,PROPORTIONAL_PRIMARY_ORIGIN_PASS_THROUGH,ALL_CATEGORY_PRIMARY_VOTES_TRACED_PROPORTIONALLY,1,Terence Steele,GRN,,1.0,1.0,1.0,False,AEC_CANDIDATE_ROUNDS_CATEGORY_EXIT
Monash,VIC,323,IND,ALP+LNP,ALP,15601.341902871907,27979.0,0.5576089889871656,PROPORTIONAL_PRIMARY_ORIGIN_PASS_THROUGH,ALL_CATEGORY_PRIMARY_VOTES_TRACED_PROPORTIONALLY,2,Deb Leonard,IND_PROMINENT,CENTRE_LEFT,0.6265055934808249,1.0,1.0,False,AEC_CANDIDATE_ROUNDS_CATEGORY_EXIT
Monash,VIC,323,IND,ALP+LNP,LNP,12377.658097128096,27979.0,0.4423910110128345,PROPORTIONAL_PRIMARY_ORIGIN_PASS_THROUGH,ALL_CATEGORY_PRIMARY_VOTES_TRACED_PROPORTIONALLY,2,Deb Leonard,IND_PROMINENT,CENTRE_LEFT,0.6265055934808249,1.0,1.0,False,AEC_CANDIDATE_ROUNDS_CATEGORY_EXIT
Monash,VIC,323,ON,ALP+IND+LNP,ALP,1256.8379290939786,8166.0,0.15391108610016882,PROPORTIONAL_PRIMARY_ORIGIN_PASS_THROUGH,ALL_CATEGORY_PRIMARY_VOTES_TRACED_PROPORTIONALLY,1,Kuljeet Kaur Robinson,ON,,1.0,1.0,1.0,False,AEC_CANDIDATE_ROUNDS_CATEGORY_EXIT
Monash,VIC,323,ON,ALP+IND+LNP,IND,4465.182892515475,8166.0,0.5468017257550178,PROPORTIONAL_PRIMARY_ORIGIN_PASS_THROUGH,ALL_CATEGORY_PRIMARY_VOTES_TRACED_PROPORTIONALLY,1,Kuljeet Kaur Robinson,ON,,1.0,1.0,1.0,False,AEC_CANDIDATE_ROUNDS_CATEGORY_EXIT
Monash,VIC,323,ON,ALP+IND+LNP,LNP,2443.979178390546,8166.0,0.29928718814481337,PROPORTIONAL_PRIMARY_ORIGIN_PASS_THROUGH,ALL_CATEGORY_PRIMARY_VOTES_TRACED_PROPORTIONALLY,1,Kuljeet Kaur Robinson,ON,,1.0,1.0,1.0,False,AEC_CANDIDATE_ROUNDS_CATEGORY_EXIT
Monash,VIC,323,OTH,ALP+GRN+IND+LNP+ON,ALP,862.0,7930.0,0.10870113493064311,PROPORTIONAL_PRIMARY_ORIGIN_PASS_THROUGH,ALL_CATEGORY_PRIMARY_VOTES_TRACED_PROPORTIONALLY,3,David O'Reilly,OTH_HMP,CENTRE_LEFT,0.4440100882723833,1.0,1.0,False,AEC_CANDIDATE_ROUNDS_CATEGORY_EXIT
Monash,VIC,323,OTH,ALP+GRN+IND+LNP+ON,GRN,1135.0,7930.0,0.14312736443883983,PROPORTIONAL_PRIMARY_ORIGIN_PASS_THROUGH,ALL_CATEGORY_PRIMARY_VOTES_TRACED_PROPORTIONALLY,3,David O'Reilly,OTH_HMP,CENTRE_LEFT,0.4440100882723833,1.0,1.0,False,AEC_CANDIDATE_ROUNDS_CATEGORY_EXIT
Monash,VIC,323,OTH,ALP+GRN+IND+LNP+ON,IND,2582.0000000000005,7930.0,0.32559899117276175,PROPORTIONAL_PRIMARY_ORIGIN_PASS_THROUGH,ALL_CATEGORY_PRIMARY_VOTES_TRACED_PROPORTIONALLY,3,David O'Reilly,OTH_HMP,CENTRE_LEFT,0.4440100882723833,1.0,1.0,False,AEC_CANDIDATE_ROUNDS_CATEGORY_EXIT
Monash,VIC,323,OTH,ALP+GRN+IND+LNP+ON,LNP,1150.0,7930.0,0.14501891551071883,PROPORTIONAL_PRIMARY_ORIGIN_PASS_THROUGH,ALL_CATEGORY_PRIMARY_VOTES_TRACED_PROPORTIONALLY,3,David O'Reilly,OTH_HMP,CENTRE_LEFT,0.4440100882723833,1.0,1.0,False,AEC_CANDIDATE_ROUNDS_CATEGORY_EXIT
Monash,VIC,323,OTH,ALP+GRN+IND+LNP+ON,ON,2201.0,7930.0,0.27755359394703655,PROPORTIONAL_PRIMARY_ORIGIN_PASS_THROUGH,ALL_CATEGORY_PRIMARY_VOTES_TRACED_PROPORTIONALLY,3,David O'Reilly,OTH_HMP,CENTRE_LEFT,0.4440100882723833,1.0,1.0,False,AEC_CANDIDATE_ROUNDS_CATEGORY_EXIT
Nicholls,VIC,324,GRN,ALP+LNP+ON,ALP,5624.141835518474,8235.0,0.6829558998808106,PROPORTIONAL_PRIMARY_ORIGIN_PASS_THROUGH,ALL_CATEGORY_PRIMARY_VOTES_TRACED_PROPORTIONALLY,1,Shelby Eade,GRN,,1.0,1.0,1.0,False,AEC_CANDIDATE_ROUNDS_CATEGORY_EXIT
Nicholls,VIC,324,GRN,ALP+LNP+ON,LNP,1831.8837360494097,8235.0,0.22245096976920573,PROPORTIONAL_PRIMARY_ORIGIN_PASS_THROUGH,ALL_CATEGORY_PRIMARY_VOTES_TRACED_PROPORTIONALLY,1,Shelby Eade,GRN,,1.0,1.0,1.0,False,AEC_CANDIDATE_ROUNDS_CATEGORY_EXIT
Nicholls,VIC,324,GRN,ALP+LNP+ON,ON,778.9744284321162,8235.0,0.09459313034998372,PROPORTIONAL_PRIMARY_ORIGIN_PASS_THROUGH,ALL_CATEGORY_PRIMARY_VOTES_TRACED_PROPORTIONALLY,1,Shelby Eade,GRN,,1.0,1.0,1.0,False,AEC_CANDIDATE_ROUNDS_CATEGORY_EXIT
Nicholls,VIC,324,ON,ALP+LNP,ALP,2591.21401786699,12095.0,0.21423844711591483,PROPORTIONAL_PRIMARY_ORIGIN_PASS_THROUGH,ALL_CATEGORY_PRIMARY_VOTES_TRACED_PROPORTIONALLY,1,Aaron Tyrrell,ON,,1.0,1.0,1.0,False,AEC_CANDIDATE_ROUNDS_CATEGORY_EXIT
Nicholls,VIC,324,ON,ALP+LNP,LNP,9503.78598213301,12095.0,0.7857615528840852,PROPORTIONAL_PRIMARY_ORIGIN_PASS_THROUGH,ALL_CATEGORY_PRIMARY_VOTES_TRACED_PROPORTIONALLY,1,Aaron Tyrrell,ON,,1.0,1.0,1.0,False,AEC_CANDIDATE_ROUNDS_CATEGORY_EXIT
Nicholls,VIC,324,OTH,ALP+GRN+LNP+ON,ALP,1815.0,10798.0,0.16808668271902202,PROPORTIONAL_PRIMARY_ORIGIN_PASS_THROUGH,ALL_CATEGORY_PRIMARY_VOTES_TRACED_PROPORTIONALLY,3,Glenn Francis Floyd,OTH_CYA,RIGHT,0.4629561029820337,1.0,1.0,False,AEC_CANDIDATE_ROUNDS_CATEGORY_EXIT
Nicholls,VIC,324,OTH,ALP+GRN+LNP+ON,GRN,994.0,10798.0,0.09205408408964622,PROPORTIONAL_PRIMARY_ORIGIN_PASS_THROUGH,ALL_CATEGORY_PRIMARY_VOTES_TRACED_PROPORTIONALLY,3,Glenn Francis Floyd,OTH_CYA,RIGHT,0.4629561029820337,1.0,1.0,False,AEC_CANDIDATE_ROUNDS_CATEGORY_EXIT
Nicholls,VIC,324,OTH,ALP+GRN+LNP+ON,LNP,2823.0000000000005,10798.0,0.26143730320429714,PROPORTIONAL_PRIMARY_ORIGIN_PASS_THROUGH,ALL_CATEGORY_PRIMARY_VOTES_TRACED_PROPORTIONALLY,3,Glenn Francis Floyd,OTH_CYA,RIGHT,0.4629561029820337,1.0,1.0,False,AEC_CANDIDATE_ROUNDS_CATEGORY_EXIT
Nicholls,VIC,324,OTH,ALP+GRN+LNP+ON,ON,5166.0,10798.0,0.47842192998703464,PROPORTIONAL_PRIMARY_ORIGIN_PASS_THROUGH,ALL_CATEGORY_PRIMARY_VOTES_TRACED_PROPORTIONALLY,3,Glenn Francis Floyd,OTH_CYA,RIGHT,0.4629561029820337,1.0,1.0,False,AEC_CANDIDATE_ROUNDS_CATEGORY_EXIT
Scullin,VIC,232,GRN,ALP+LNP,ALP,6307.16298731799,9090.0,0.6938573143364125,PROPORTIONAL_PRIMARY_ORIGIN_PASS_THROUGH,ALL_CATEGORY_PRIMARY_VOTES_TRACED_PROPORTIONALLY,1,Loki Sangarya,GRN,,1.0,1.0,1.0,False,AEC_CANDIDATE_ROUNDS_CATEGORY_EXIT
Scullin,VIC,232,GRN,ALP+LNP,LNP,2782.8370126820105,9090.0,0.3061426856635875,PROPORTIONAL_PRIMARY_ORIGIN_PASS_THROUGH,ALL_CATEGORY_PRIMARY_VOTES_TRACED_PROPORTIONALLY,1,Loki Sangarya,GRN,,1.0,1.0,1.0,False,AEC_CANDIDATE_ROUNDS_CATEGORY_EXIT
Scullin,VIC,232,ON,ALP+GRN+LNP,ALP,1118.789762890478,6401.0,0.17478359051561912,PROPORTIONAL_PRIMARY_ORIGIN_PASS_THROUGH,ALL_CATEGORY_PRIMARY_VOTES_TRACED_PROPORTIONALLY,1,Arthur Tsoutsoulis,ON,,1.0,1.0,1.0,False,AEC_CANDIDATE_ROUNDS_CATEGORY_EXIT
Scullin,VIC,232,ON,ALP+GRN+LNP,GRN,2161.933534060971,6401.0,0.33774934136243884,PROPORTIONAL_PRIMARY_ORIGIN_PASS_THROUGH,ALL_CATEGORY_PRIMARY_VOTES_TRACED_PROPORTIONALLY,1,Arthur Tsoutsoulis,ON,,1.0,1.0,1.0,False,AEC_CANDIDATE_ROUNDS_CATEGORY_EXIT
Scullin,VIC,232,ON,ALP+GRN+LNP,LNP,3120.27670304855,6401.0,0.487467068121942,PROPORTIONAL_PRIMARY_ORIGIN_PASS_THROUGH,ALL_CATEGORY_PRIMARY_VOTES_TRACED_PROPORTIONALLY,1,Arthur Tsoutsoulis,ON,,1.0,1.0,1.0,False,AEC_CANDIDATE_ROUNDS_CATEGORY_EXIT
Scullin,VIC,232,OTH,ALP+GRN+LNP+ON,ALP,3107.0000000000005,17899.0,0.17358511648695463,PROPORTIONAL_PRIMARY_ORIGIN_PASS_THROUGH,ALL_CATEGORY_PRIMARY_VOTES_TRACED_PROPORTIONALLY,4,Adriana Buccianti,OTH_CYA,RIGHT,0.306106486395888,1.0,1.0,False,AEC_CANDIDATE_ROUNDS_CATEGORY_EXIT
Scullin,VIC,232,OTH,ALP+GRN+LNP+ON,GRN,5584.0,17899.0,0.31197273590703395,PROPORTIONAL_PRIMARY_ORIGIN_PASS_THROUGH,ALL_CATEGORY_PRIMARY_VOTES_TRACED_PROPORTIONALLY,4,Adriana Buccianti,OTH_CYA,RIGHT,0.306106486395888,1.0,1.0,False,AEC_CANDIDATE_ROUNDS_CATEGORY_EXIT
Scullin,VIC,232,OTH,ALP+GRN+LNP+ON,LNP,2324.0,17899.0,0.12983965584669532,PROPORTIONAL_PRIMARY_ORIGIN_PASS_THROUGH,ALL_CATEGORY_PRIMARY_VOTES_TRACED_PROPORTIONALLY,4,Adriana Buccianti,OTH_CYA,RIGHT,0.306106486395888,1.0,1.0,False,AEC_CANDIDATE_ROUNDS_CATEGORY_EXIT
Scullin,VIC,232,OTH,ALP+GRN+LNP+ON,ON,6884.0,17899.0,0.38460249175931616,PROPORTIONAL_PRIMARY_ORIGIN_PASS_THROUGH,ALL_CATEGORY_PRIMARY_VOTES_TRACED_PROPORTIONALLY,4,Adriana Buccianti,OTH_CYA,RIGHT,0.306106486395888,1.0,1.0,False,AEC_CANDIDATE_ROUNDS_CATEGORY_EXIT
Wannon,VIC,233,ALP,IND+LNP,IND,8043.663248564398,11438.0,0.7032403609515997,PROPORTIONAL_PRIMARY_ORIGIN_PASS_THROUGH,ALL_CATEGORY_PRIMARY_VOTES_TRACED_PROPORTIONALLY,1,Fiona Mackenzie,ALP,,1.0,1.0,1.0,False,AEC_CANDIDATE_ROUNDS_CATEGORY_EXIT
Wannon,VIC,233,ALP,IND+LNP,LNP,3394.3367514356028,11438.0,0.2967596390484003,PROPORTIONAL_PRIMARY_ORIGIN_PASS_THROUGH,ALL_CATEGORY_PRIMARY_VOTES_TRACED_PROPORTIONALLY,1,Fiona Mackenzie,ALP,,1.0,1.0,1.0,False,AEC_CANDIDATE_ROUNDS_CATEGORY_EXIT
Wannon,VIC,233,GRN,ALP+IND+LNP+ON,ALP,998.3550323176362,3427.0,0.2913204062788551,PROPORTIONAL_PRIMARY_ORIGIN_PASS_THROUGH,ALL_CATEGORY_PRIMARY_VOTES_TRACED_PROPORTIONALLY,1,Kate Gazzard,GRN,,1.0,1.0,1.0,False,AEC_CANDIDATE_ROUNDS_CATEGORY_EXIT
Wannon,VIC,233,GRN,ALP+IND+LNP+ON,IND,1884.3753462603877,3427.0,0.5498614958448754,PROPORTIONAL_PRIMARY_ORIGIN_PASS_THROUGH,ALL_CATEGORY_PRIMARY_VOTES_TRACED_PROPORTIONALLY,1,Kate Gazzard,GRN,,1.0,1.0,1.0,False,AEC_CANDIDATE_ROUNDS_CATEGORY_EXIT
Wannon,VIC,233,GRN,ALP+IND+LNP+ON,LNP,274.50807940904895,3427.0,0.08010156971375801,PROPORTIONAL_PRIMARY_ORIGIN_PASS_THROUGH,ALL_CATEGORY_PRIMARY_VOTES_TRACED_PROPORTIONALLY,1,Kate Gazzard,GRN,,1.0,1.0,1.0,False,AEC_CANDIDATE_ROUNDS_CATEGORY_EXIT
Wannon,VIC,233,GRN,ALP+IND+LNP+ON,ON,269.76154201292707,3427.0,0.07871652816251151,PROPORTIONAL_PRIMARY_ORIGIN_PASS_THROUGH,ALL_CATEGORY_PRIMARY_VOTES_TRACED_PROPORTIONALLY,1,Kate Gazzard,GRN,,1.0,1.0,1.0,False,AEC_CANDIDATE_ROUNDS_CATEGORY_EXIT
Wannon,VIC,233,ON,ALP+IND+LNP,ALP,609.6613055818353,4529.0,0.1346127855115556,PROPORTIONAL_PRIMARY_ORIGIN_PASS_THROUGH,ALL_CATEGORY_PRIMARY_VOTES_TRACED_PROPORTIONALLY,1,Leo Curtain,ON,,1.0,1.0,1.0,False,AEC_CANDIDATE_ROUNDS_CATEGORY_EXIT
Wannon,VIC,233,ON,ALP+IND+LNP,IND,1286.0425733207192,4529.0,0.2839572915258819,PROPORTIONAL_PRIMARY_ORIGIN_PASS_THROUGH,ALL_CATEGORY_PRIMARY_VOTES_TRACED_PROPORTIONALLY,1,Leo Curtain,ON,,1.0,1.0,1.0,False,AEC_CANDIDATE_ROUNDS_CATEGORY_EXIT
Wannon,VIC,233,ON,ALP+IND+LNP,LNP,2633.2961210974454,4529.0,0.5814299229625625,PROPORTIONAL_PRIMARY_ORIGIN_PASS_THROUGH,ALL_CATEGORY_PRIMARY_VOTES_TRACED_PROPORTIONALLY,1,Leo Curtain,ON,,1.0,1.0,1.0,False,AEC_CANDIDATE_ROUNDS_CATEGORY_EXIT
Wannon,VIC,233,OTH,ALP+GRN+IND+LNP+ON,ALP,932.0,7685.0,0.12127521145087833,PROPORTIONAL_PRIMARY_ORIGIN_PASS_THROUGH,ALL_CATEGORY_PRIMARY_VOTES_TRACED_PROPORTIONALLY,4,Robbie Swan,OTH_HMP,CENTRE_LEFT,0.3951854261548471,1.0,1.0,False,AEC_CANDIDATE_ROUNDS_CATEGORY_EXIT
Wannon,VIC,233,OTH,ALP+GRN+IND+LNP+ON,GRN,905.0,7685.0,0.11776187378009102,PROPORTIONAL_PRIMARY_ORIGIN_PASS_THROUGH,ALL_CATEGORY_PRIMARY_VOTES_TRACED_PROPORTIONALLY,4,Robbie Swan,OTH_HMP,CENTRE_LEFT,0.3951854261548471,1.0,1.0,False,AEC_CANDIDATE_ROUNDS_CATEGORY_EXIT
Wannon,VIC,233,OTH,ALP+GRN+IND+LNP+ON,IND,1872.0,7685.0,0.24359141184124924,PROPORTIONAL_PRIMARY_ORIGIN_PASS_THROUGH,ALL_CATEGORY_PRIMARY_VOTES_TRACED_PROPORTIONALLY,4,Robbie Swan,OTH_HMP,CENTRE_LEFT,0.3951854261548471,1.0,1.0,False,AEC_CANDIDATE_ROUNDS_CATEGORY_EXIT
Wannon,VIC,233,OTH,ALP+GRN+IND+LNP+ON,LNP,1447.0,7685.0,0.18828887443070916,PROPORTIONAL_PRIMARY_ORIGIN_PASS_THROUGH,ALL_CATEGORY_PRIMARY_VOTES_TRACED_PROPORTIONALLY,4,Robbie Swan,OTH_HMP,CENTRE_LEFT,0.3951854261548471,1.0,1.0,False,AEC_CANDIDATE_ROUNDS_CATEGORY_EXIT
Wannon,VIC,233,OTH,ALP+GRN+IND+LNP+ON,ON,2529.0,7685.0,0.32908262849707226,PROPORTIONAL_PRIMARY_ORIGIN_PASS_THROUGH,ALL_CATEGORY_PRIMARY_VOTES_TRACED_PROPORTIONALLY,4,Robbie Swan,OTH_HMP,CENTRE_LEFT,0.3951854261548471,1.0,1.0,False,AEC_CANDIDATE_ROUNDS_CATEGORY_EXIT
Wills,VIC,234,LNP,ALP+GRN,ALP,10721.514392646815,14121.0,0.7592602784963399,PROPORTIONAL_PRIMARY_ORIGIN_PASS_THROUGH,ALL_CATEGORY_PRIMARY_VOTES_TRACED_PROPORTIONALLY,1,Jeff Kidney,LIB,,1.0,1.0,1.0,False,AEC_CANDIDATE_ROUNDS_CATEGORY_EXIT
Wills,VIC,234,LNP,ALP+GRN,GRN,3399.485607353184,14121.0,0.2407397215036601,PROPORTIONAL_PRIMARY_ORIGIN_PASS_THROUGH,ALL_CATEGORY_PRIMARY_VOTES_TRACED_PROPORTIONALLY,1,Jeff Kidney,LIB,,1.0,1.0,1.0,False,AEC_CANDIDATE_ROUNDS_CATEGORY_EXIT
Wills,VIC,234,ON,ALP+GRN+LNP+OTH,ALP,581.9738396624472,3842.0,0.1514767932489451,PROPORTIONAL_PRIMARY_ORIGIN_PASS_THROUGH,ALL_CATEGORY_PRIMARY_VOTES_TRACED_PROPORTIONALLY,1,Bruce Stevens,ON,,1.0,1.0,1.0,False,AEC_CANDIDATE_ROUNDS_CATEGORY_EXIT
Wills,VIC,234,ON,ALP+GRN+LNP+OTH,GRN,384.2000000000001,3842.0,0.1,PROPORTIONAL_PRIMARY_ORIGIN_PASS_THROUGH,ALL_CATEGORY_PRIMARY_VOTES_TRACED_PROPORTIONALLY,1,Bruce Stevens,ON,,1.0,1.0,1.0,False,AEC_CANDIDATE_ROUNDS_CATEGORY_EXIT
Wills,VIC,234,ON,ALP+GRN+LNP+OTH,LNP,2279.262447257384,3842.0,0.5932489451476793,PROPORTIONAL_PRIMARY_ORIGIN_PASS_THROUGH,ALL_CATEGORY_PRIMARY_VOTES_TRACED_PROPORTIONALLY,1,Bruce Stevens,ON,,1.0,1.0,1.0,False,AEC_CANDIDATE_ROUNDS_CATEGORY_EXIT
Wills,VIC,234,ON,ALP+GRN+LNP+OTH,OTH,596.5637130801688,3842.0,0.1552742616033755,PROPORTIONAL_PRIMARY_ORIGIN_PASS_THROUGH,ALL_CATEGORY_PRIMARY_VOTES_TRACED_PROPORTIONALLY,1,Bruce Stevens,ON,,1.0,1.0,1.0,False,AEC_CANDIDATE_ROUNDS_CATEGORY_EXIT
Wills,VIC,234,OTH,ALP+GRN+LNP,ALP,2912.6643546242644,13915.0,0.20931831510055796,PROPORTIONAL_PRIMARY_ORIGIN_PASS_THROUGH,ALL_CATEGORY_PRIMARY_VOTES_TRACED_PROPORTIONALLY,4,Sue Bolton,OTH_SAL,LEFT,0.6329859863456702,1.0,1.0,False,AEC_CANDIDATE_ROUNDS_CATEGORY_EXIT
Wills,VIC,234,OTH,ALP+GRN+LNP,GRN,9273.357679320889,13915.0,0.6664288666418174,PROPORTIONAL_PRIMARY_ORIGIN_PASS_THROUGH,ALL_CATEGORY_PRIMARY_VOTES_TRACED_PROPORTIONALLY,4,Sue Bolton,OTH_SAL,LEFT,0.6329859863456702,1.0,1.0,False,AEC_CANDIDATE_ROUNDS_CATEGORY_EXIT
Wills,VIC,234,OTH,ALP+GRN+LNP,LNP,1728.977966054846,13915.0,0.12425281825762453,PROPORTIONAL_PRIMARY_ORIGIN_PASS_THROUGH,ALL_CATEGORY_PRIMARY_VOTES_TRACED_PROPORTIONALLY,4,Sue Bolton,OTH_SAL,LEFT,0.6329859863456702,1.0,1.0,False,AEC_CANDIDATE_ROUNDS_CATEGORY_EXIT
Brand,WA,235,GRN,ALP+LNP,ALP,9695.277795375358,12412.0,0.7811213177066837,PROPORTIONAL_PRIMARY_ORIGIN_PASS_THROUGH,ALL_CATEGORY_PRIMARY_VOTES_TRACED_PROPORTIONALLY,1,Jody Freeman,GRN,,1.0,1.0,1.0,False,AEC_CANDIDATE_ROUNDS_CATEGORY_EXIT
Brand,WA,235,GRN,ALP+LNP,LNP,2716.722204624644,12412.0,0.2188786822933164,PROPORTIONAL_PRIMARY_ORIGIN_PASS_THROUGH,ALL_CATEGORY_PRIMARY_VOTES_TRACED_PROPORTIONALLY,1,Jody Freeman,GRN,,1.0,1.0,1.0,False,AEC_CANDIDATE_ROUNDS_CATEGORY_EXIT
Brand,WA,235,ON,ALP+GRN+LNP,ALP,2388.115512250229,11960.0,0.19967521005436695,PROPORTIONAL_PRIMARY_ORIGIN_PASS_THROUGH,ALL_CATEGORY_PRIMARY_VOTES_TRACED_PROPORTIONALLY,1,Stephen Box,ON,,1.0,1.0,1.0,False,AEC_CANDIDATE_ROUNDS_CATEGORY_EXIT
Brand,WA,235,ON,ALP+GRN+LNP,GRN,3319.5481183365105,11960.0,0.27755419049636376,PROPORTIONAL_PRIMARY_ORIGIN_PASS_THROUGH,ALL_CATEGORY_PRIMARY_VOTES_TRACED_PROPORTIONALLY,1,Stephen Box,ON,,1.0,1.0,1.0,False,AEC_CANDIDATE_ROUNDS_CATEGORY_EXIT
Brand,WA,235,ON,ALP+GRN+LNP,LNP,6252.3363694132595,11960.0,0.5227705994492693,PROPORTIONAL_PRIMARY_ORIGIN_PASS_THROUGH,ALL_CATEGORY_PRIMARY_VOTES_TRACED_PROPORTIONALLY,1,Stephen Box,ON,,1.0,1.0,1.0,False,AEC_CANDIDATE_ROUNDS_CATEGORY_EXIT
Brand,WA,235,OTH,ALP+GRN+LNP+ON,ALP,2128.0,7935.0,0.26817895400126024,PROPORTIONAL_PRIMARY_ORIGIN_PASS_THROUGH,ALL_CATEGORY_PRIMARY_VOTES_TRACED_PROPORTIONALLY,1,Jim Matters,OTH_HMP,CENTRE_LEFT,1.0,1.0,1.0,False,AEC_CANDIDATE_ROUNDS_CATEGORY_EXIT
Brand,WA,235,OTH,ALP+GRN+LNP+ON,GRN,2599.0,7935.0,0.32753623188405795,PROPORTIONAL_PRIMARY_ORIGIN_PASS_THROUGH,ALL_CATEGORY_PRIMARY_VOTES_TRACED_PROPORTIONALLY,1,Jim Matters,OTH_HMP,CENTRE_LEFT,1.0,1.0,1.0,False,AEC_CANDIDATE_ROUNDS_CATEGORY_EXIT
Brand,WA,235,OTH,ALP+GRN+LNP+ON,LNP,1005.0,7935.0,0.12665406427221174,PROPORTIONAL_PRIMARY_ORIGIN_PASS_THROUGH,ALL_CATEGORY_PRIMARY_VOTES_TRACED_PROPORTIONALLY,1,Jim Matters,OTH_HMP,CENTRE_LEFT,1.0,1.0,1.0,False,AEC_CANDIDATE_ROUNDS_CATEGORY_EXIT
Brand,WA,235,OTH,ALP+GRN+LNP+ON,ON,2203.0,7935.0,0.27763074984247005,PROPORTIONAL_PRIMARY_ORIGIN_PASS_THROUGH,ALL_CATEGORY_PRIMARY_VOTES_TRACED_PROPORTIONALLY,1,Jim Matters,OTH_HMP,CENTRE_LEFT,1.0,1.0,1.0,False,AEC_CANDIDATE_ROUNDS_CATEGORY_EXIT
Bullwinkel,WA,329,GRN,ALP+LNP,ALP,8068.103910016069,11728.0,0.6879351901446171,PROPORTIONAL_PRIMARY_ORIGIN_PASS_THROUGH,ALL_CATEGORY_PRIMARY_VOTES_TRACED_PROPORTIONALLY,1,Abbey Bishop,GRN,,1.0,1.0,1.0,False,AEC_CANDIDATE_ROUNDS_CATEGORY_EXIT
Bullwinkel,WA,329,GRN,ALP+LNP,LNP,3659.8960899839312,11728.0,0.31206480985538293,PROPORTIONAL_PRIMARY_ORIGIN_PASS_THROUGH,ALL_CATEGORY_PRIMARY_VOTES_TRACED_PROPORTIONALLY,1,Abbey Bishop,GRN,,1.0,1.0,1.0,False,AEC_CANDIDATE_ROUNDS_CATEGORY_EXIT
Bullwinkel,WA,329,ON,ALP+GRN+LNP,ALP,856.2758221781525,9011.0,0.09502561560072711,PROPORTIONAL_PRIMARY_ORIGIN_PASS_THROUGH,ALL_CATEGORY_PRIMARY_VOTES_TRACED_PROPORTIONALLY,1,Trevor Mayes,ON,,1.0,1.0,1.0,False,AEC_CANDIDATE_ROUNDS_CATEGORY_EXIT
Bullwinkel,WA,329,ON,ALP+GRN+LNP,GRN,1061.0374318294496,9011.0,0.11774913237481402,PROPORTIONAL_PRIMARY_ORIGIN_PASS_THROUGH,ALL_CATEGORY_PRIMARY_VOTES_TRACED_PROPORTIONALLY,1,Trevor Mayes,ON,,1.0,1.0,1.0,False,AEC_CANDIDATE_ROUNDS_CATEGORY_EXIT
Bullwinkel,WA,329,ON,ALP+GRN+LNP,LNP,7093.686745992398,9011.0,0.7872252520244589,PROPORTIONAL_PRIMARY_ORIGIN_PASS_THROUGH,ALL_CATEGORY_PRIMARY_VOTES_TRACED_PROPORTIONALLY,1,Trevor Mayes,ON,,1.0,1.0,1.0,False,AEC_CANDIDATE_ROUNDS_CATEGORY_EXIT
Bullwinkel,WA,329,OTH,ALP+GRN+LNP+ON,ALP,1345.0,8549.0,0.1573283424961984,PROPORTIONAL_PRIMARY_ORIGIN_PASS_THROUGH,ALL_CATEGORY_PRIMARY_VOTES_TRACED_PROPORTIONALLY,2,Penelope Rose Young,OTH_HMP,CENTRE_LEFT,0.6155105860334542,1.0,1.0,False,AEC_CANDIDATE_ROUNDS_CATEGORY_EXIT
Bullwinkel,WA,329,OTH,ALP+GRN+LNP+ON,GRN,1783.0,8549.0,0.2085624049596444,PROPORTIONAL_PRIMARY_ORIGIN_PASS_THROUGH,ALL_CATEGORY_PRIMARY_VOTES_TRACED_PROPORTIONALLY,2,Penelope Rose Young,OTH_HMP,CENTRE_LEFT,0.6155105860334542,1.0,1.0,False,AEC_CANDIDATE_ROUNDS_CATEGORY_EXIT
Bullwinkel,WA,329,OTH,ALP+GRN+LNP+ON,LNP,2330.0,8549.0,0.2725464966662768,PROPORTIONAL_PRIMARY_ORIGIN_PASS_THROUGH,ALL_CATEGORY_PRIMARY_VOTES_TRACED_PROPORTIONALLY,2,Penelope Rose Young,OTH_HMP,CENTRE_LEFT,0.6155105860334542,1.0,1.0,False,AEC_CANDIDATE_ROUNDS_CATEGORY_EXIT
Bullwinkel,WA,329,OTH,ALP+GRN+LNP+ON,ON,3091.0,8549.0,0.3615627558778804,PROPORTIONAL_PRIMARY_ORIGIN_PASS_THROUGH,ALL_CATEGORY_PRIMARY_VOTES_TRACED_PROPORTIONALLY,2,Penelope Rose Young,OTH_HMP,CENTRE_LEFT,0.6155105860334542,1.0,1.0,False,AEC_CANDIDATE_ROUNDS_CATEGORY_EXIT
Burt,WA,317,GRN,ALP+LNP+ON,ALP,8658.23021993716,11336.0,0.7637817766352472,PROPORTIONAL_PRIMARY_ORIGIN_PASS_THROUGH,ALL_CATEGORY_PRIMARY_VOTES_TRACED_PROPORTIONALLY,1,Adam Abdul Razak,GRN,,1.0,1.0,1.0,False,AEC_CANDIDATE_ROUNDS_CATEGORY_EXIT
Burt,WA,317,GRN,ALP+LNP+ON,LNP,1242.5564124535847,11336.0,0.10961153956012562,PROPORTIONAL_PRIMARY_ORIGIN_PASS_THROUGH,ALL_CATEGORY_PRIMARY_VOTES_TRACED_PROPORTIONALLY,1,Adam Abdul Razak,GRN,,1.0,1.0,1.0,False,AEC_CANDIDATE_ROUNDS_CATEGORY_EXIT
Burt,WA,317,GRN,ALP+LNP+ON,ON,1435.2133676092544,11336.0,0.12660668380462722,PROPORTIONAL_PRIMARY_ORIGIN_PASS_THROUGH,ALL_CATEGORY_PRIMARY_VOTES_TRACED_PROPORTIONALLY,1,Adam Abdul Razak,GRN,,1.0,1.0,1.0,False,AEC_CANDIDATE_ROUNDS_CATEGORY_EXIT
Burt,WA,317,ON,ALP+LNP,ALP,2870.9875196974476,9789.0,0.2932871099905452,PROPORTIONAL_PRIMARY_ORIGIN_PASS_THROUGH,ALL_CATEGORY_PRIMARY_VOTES_TRACED_PROPORTIONALLY,1,Liz Ierardi,ON,,1.0,1.0,1.0,False,AEC_CANDIDATE_ROUNDS_CATEGORY_EXIT
Burt,WA,317,ON,ALP+LNP,LNP,6918.012480302553,9789.0,0.7067128900094548,PROPORTIONAL_PRIMARY_ORIGIN_PASS_THROUGH,ALL_CATEGORY_PRIMARY_VOTES_TRACED_PROPORTIONALLY,1,Liz Ierardi,ON,,1.0,1.0,1.0,False,AEC_CANDIDATE_ROUNDS_CATEGORY_EXIT
Burt,WA,317,OTH,ALP+GRN+LNP+ON,ALP,3373.0,12564.0,0.26846545686087236,PROPORTIONAL_PRIMARY_ORIGIN_PASS_THROUGH,ALL_CATEGORY_PRIMARY_VOTES_TRACED_PROPORTIONALLY,3,Fiona Caruso,OTH_HMP,CENTRE_LEFT,0.4603629417382999,1.0,1.0,False,AEC_CANDIDATE_ROUNDS_CATEGORY_EXIT
Burt,WA,317,OTH,ALP+GRN+LNP+ON,GRN,2668.0,12564.0,0.21235275390003183,PROPORTIONAL_PRIMARY_ORIGIN_PASS_THROUGH,ALL_CATEGORY_PRIMARY_VOTES_TRACED_PROPORTIONALLY,3,Fiona Caruso,OTH_HMP,CENTRE_LEFT,0.4603629417382999,1.0,1.0,False,AEC_CANDIDATE_ROUNDS_CATEGORY_EXIT
Burt,WA,317,OTH,ALP+GRN+LNP+ON,LNP,2220.0,12564.0,0.17669531996179563,PROPORTIONAL_PRIMARY_ORIGIN_PASS_THROUGH,ALL_CATEGORY_PRIMARY_VOTES_TRACED_PROPORTIONALLY,3,Fiona Caruso,OTH_HMP,CENTRE_LEFT,0.4603629417382999,1.0,1.0,False,AEC_CANDIDATE_ROUNDS_CATEGORY_EXIT
Burt,WA,317,OTH,ALP+GRN+LNP+ON,ON,4303.0,12564.0,0.34248646927730025,PROPORTIONAL_PRIMARY_ORIGIN_PASS_THROUGH,ALL_CATEGORY_PRIMARY_VOTES_TRACED_PROPORTIONALLY,3,Fiona Caruso,OTH_HMP,CENTRE_LEFT,0.4603629417382999,1.0,1.0,False,AEC_CANDIDATE_ROUNDS_CATEGORY_EXIT
Canning,WA,236,GRN,ALP+LNP+ON,ALP,6166.812633832977,8967.0,0.6877230549607424,PROPORTIONAL_PRIMARY_ORIGIN_PASS_THROUGH,ALL_CATEGORY_PRIMARY_VOTES_TRACED_PROPORTIONALLY,1,Jordan Cahill,GRN,,1.0,1.0,1.0,False,AEC_CANDIDATE_ROUNDS_CATEGORY_EXIT
Canning,WA,236,GRN,ALP+LNP+ON,LNP,1141.676391862955,8967.0,0.1273197715917202,PROPORTIONAL_PRIMARY_ORIGIN_PASS_THROUGH,ALL_CATEGORY_PRIMARY_VOTES_TRACED_PROPORTIONALLY,1,Jordan Cahill,GRN,,1.0,1.0,1.0,False,AEC_CANDIDATE_ROUNDS_CATEGORY_EXIT
Canning,WA,236,GRN,ALP+LNP+ON,ON,1658.510974304069,8967.0,0.1849571734475374,PROPORTIONAL_PRIMARY_ORIGIN_PASS_THROUGH,ALL_CATEGORY_PRIMARY_VOTES_TRACED_PROPORTIONALLY,1,Jordan Cahill,GRN,,1.0,1.0,1.0,False,AEC_CANDIDATE_ROUNDS_CATEGORY_EXIT
Canning,WA,236,ON,ALP+LNP,ALP,3144.512295341046,11488.0,0.273721474176623,PROPORTIONAL_PRIMARY_ORIGIN_PASS_THROUGH,ALL_CATEGORY_PRIMARY_VOTES_TRACED_PROPORTIONALLY,1,Fernando Bove,ON,,1.0,1.0,1.0,False,AEC_CANDIDATE_ROUNDS_CATEGORY_EXIT
Canning,WA,236,ON,ALP+LNP,LNP,8343.487704658954,11488.0,0.7262785258233769,PROPORTIONAL_PRIMARY_ORIGIN_PASS_THROUGH,ALL_CATEGORY_PRIMARY_VOTES_TRACED_PROPORTIONALLY,1,Fernando Bove,ON,,1.0,1.0,1.0,False,AEC_CANDIDATE_ROUNDS_CATEGORY_EXIT
Canning,WA,236,OTH,ALP+GRN+LNP+ON,ALP,1594.0,7300.0,0.21835616438356165,PROPORTIONAL_PRIMARY_ORIGIN_PASS_THROUGH,ALL_CATEGORY_PRIMARY_VOTES_TRACED_PROPORTIONALLY,2,Paul Gullan,OTH_HMP,CENTRE_LEFT,0.8515068493150685,1.0,1.0,False,AEC_CANDIDATE_ROUNDS_CATEGORY_EXIT
Canning,WA,236,OTH,ALP+GRN+LNP+ON,GRN,2241.0,7300.0,0.30698630136986305,PROPORTIONAL_PRIMARY_ORIGIN_PASS_THROUGH,ALL_CATEGORY_PRIMARY_VOTES_TRACED_PROPORTIONALLY,2,Paul Gullan,OTH_HMP,CENTRE_LEFT,0.8515068493150685,1.0,1.0,False,AEC_CANDIDATE_ROUNDS_CATEGORY_EXIT
Canning,WA,236,OTH,ALP+GRN+LNP+ON,LNP,1207.0,7300.0,0.16534246575342462,PROPORTIONAL_PRIMARY_ORIGIN_PASS_THROUGH,ALL_CATEGORY_PRIMARY_VOTES_TRACED_PROPORTIONALLY,2,Paul Gullan,OTH_HMP,CENTRE_LEFT,0.8515068493150685,1.0,1.0,False,AEC_CANDIDATE_ROUNDS_CATEGORY_EXIT
Canning,WA,236,OTH,ALP+GRN+LNP+ON,ON,2258.0,7300.0,0.30931506849315066,PROPORTIONAL_PRIMARY_ORIGIN_PASS_THROUGH,ALL_CATEGORY_PRIMARY_VOTES_TRACED_PROPORTIONALLY,2,Paul Gullan,OTH_HMP,CENTRE_LEFT,0.8515068493150685,1.0,1.0,False,AEC_CANDIDATE_ROUNDS_CATEGORY_EXIT
Cowan,WA,237,GRN,ALP+LNP,ALP,7802.54494244428,10367.0,0.7526328679892236,PROPORTIONAL_PRIMARY_ORIGIN_PASS_THROUGH,ALL_CATEGORY_PRIMARY_VOTES_TRACED_PROPORTIONALLY,1,Matthew Count,GRN,,1.0,1.0,1.0,False,AEC_CANDIDATE_ROUNDS_CATEGORY_EXIT
Cowan,WA,237,GRN,ALP+LNP,LNP,2564.455057555719,10367.0,0.2473671320107764,PROPORTIONAL_PRIMARY_ORIGIN_PASS_THROUGH,ALL_CATEGORY_PRIMARY_VOTES_TRACED_PROPORTIONALLY,1,Matthew Count,GRN,,1.0,1.0,1.0,False,AEC_CANDIDATE_ROUNDS_CATEGORY_EXIT
Cowan,WA,237,ON,ALP+GRN+LNP,ALP,884.1063600431189,4869.0,0.1815786321715175,PROPORTIONAL_PRIMARY_ORIGIN_PASS_THROUGH,ALL_CATEGORY_PRIMARY_VOTES_TRACED_PROPORTIONALLY,1,Bradley Yates,ON,,1.0,1.0,1.0,False,AEC_CANDIDATE_ROUNDS_CATEGORY_EXIT
Cowan,WA,237,ON,ALP+GRN+LNP,GRN,1201.941430111391,4869.0,0.2468559108875314,PROPORTIONAL_PRIMARY_ORIGIN_PASS_THROUGH,ALL_CATEGORY_PRIMARY_VOTES_TRACED_PROPORTIONALLY,1,Bradley Yates,ON,,1.0,1.0,1.0,False,AEC_CANDIDATE_ROUNDS_CATEGORY_EXIT
Cowan,WA,237,ON,ALP+GRN+LNP,LNP,2782.952209845491,4869.0,0.5715654569409511,PROPORTIONAL_PRIMARY_ORIGIN_PASS_THROUGH,ALL_CATEGORY_PRIMARY_VOTES_TRACED_PROPORTIONALLY,1,Bradley Yates,ON,,1.0,1.0,1.0,False,AEC_CANDIDATE_ROUNDS_CATEGORY_EXIT
Cowan,WA,237,OTH,ALP+GRN+LNP+ON,ALP,2545.0,12846.0,0.19811614510353415,PROPORTIONAL_PRIMARY_ORIGIN_PASS_THROUGH,ALL_CATEGORY_PRIMARY_VOTES_TRACED_PROPORTIONALLY,4,John Bell,OTH_HMP,CENTRE_LEFT,0.3193990347189787,1.0,1.0,False,AEC_CANDIDATE_ROUNDS_CATEGORY_EXIT
Cowan,WA,237,OTH,ALP+GRN+LNP+ON,GRN,3904.000000000001,12846.0,0.30390783123151177,PROPORTIONAL_PRIMARY_ORIGIN_PASS_THROUGH,ALL_CATEGORY_PRIMARY_VOTES_TRACED_PROPORTIONALLY,4,John Bell,OTH_HMP,CENTRE_LEFT,0.3193990347189787,1.0,1.0,False,AEC_CANDIDATE_ROUNDS_CATEGORY_EXIT
Cowan,WA,237,OTH,ALP+GRN+LNP+ON,LNP,2917.0,12846.0,0.22707457574342205,PROPORTIONAL_PRIMARY_ORIGIN_PASS_THROUGH,ALL_CATEGORY_PRIMARY_VOTES_TRACED_PROPORTIONALLY,4,John Bell,OTH_HMP,CENTRE_LEFT,0.3193990347189787,1.0,1.0,False,AEC_CANDIDATE_ROUNDS_CATEGORY_EXIT
Cowan,WA,237,OTH,ALP+GRN+LNP+ON,ON,3480.0,12846.0,0.27090144792153203,PROPORTIONAL_PRIMARY_ORIGIN_PASS_THROUGH,ALL_CATEGORY_PRIMARY_VOTES_TRACED_PROPORTIONALLY,4,John Bell,OTH_HMP,CENTRE_LEFT,0.3193990347189787,1.0,1.0,False,AEC_CANDIDATE_ROUNDS_CATEGORY_EXIT
Curtin,WA,238,ALP,IND+LNP,IND,12448.867613836035,15626.0,0.7966765399869472,PROPORTIONAL_PRIMARY_ORIGIN_PASS_THROUGH,ALL_CATEGORY_PRIMARY_VOTES_TRACED_PROPORTIONALLY,1,Viktor Andrew Ko,ALP,,1.0,1.0,1.0,False,AEC_CANDIDATE_ROUNDS_CATEGORY_EXIT
Curtin,WA,238,ALP,IND+LNP,LNP,3177.1323861639644,15626.0,0.20332346001305282,PROPORTIONAL_PRIMARY_ORIGIN_PASS_THROUGH,ALL_CATEGORY_PRIMARY_VOTES_TRACED_PROPORTIONALLY,1,Viktor Andrew Ko,ALP,,1.0,1.0,1.0,False,AEC_CANDIDATE_ROUNDS_CATEGORY_EXIT
Curtin,WA,238,GRN,ALP+IND+LNP,ALP,3263.5101429996676,8235.0,0.39629752799024504,PROPORTIONAL_PRIMARY_ORIGIN_PASS_THROUGH,ALL_CATEGORY_PRIMARY_VOTES_TRACED_PROPORTIONALLY,1,Kitty Hemsley,GRN,,1.0,1.0,1.0,False,AEC_CANDIDATE_ROUNDS_CATEGORY_EXIT
Curtin,WA,238,GRN,ALP+IND+LNP,IND,4458.456933821084,8235.0,0.5414033920851348,PROPORTIONAL_PRIMARY_ORIGIN_PASS_THROUGH,ALL_CATEGORY_PRIMARY_VOTES_TRACED_PROPORTIONALLY,1,Kitty Hemsley,GRN,,1.0,1.0,1.0,False,AEC_CANDIDATE_ROUNDS_CATEGORY_EXIT
Curtin,WA,238,GRN,ALP+IND+LNP,LNP,513.0329231792484,8235.0,0.062299079924620304,PROPORTIONAL_PRIMARY_ORIGIN_PASS_THROUGH,ALL_CATEGORY_PRIMARY_VOTES_TRACED_PROPORTIONALLY,1,Kitty Hemsley,GRN,,1.0,1.0,1.0,False,AEC_CANDIDATE_ROUNDS_CATEGORY_EXIT
Curtin,WA,238,ON,ALP+GRN+IND+LNP,ALP,208.43942838583956,2731.0,0.07632348164988631,PROPORTIONAL_PRIMARY_ORIGIN_PASS_THROUGH,ALL_CATEGORY_PRIMARY_VOTES_TRACED_PROPORTIONALLY,1,Alexander Ironside,ON,,1.0,1.0,1.0,False,AEC_CANDIDATE_ROUNDS_CATEGORY_EXIT
Curtin,WA,238,ON,ALP+GRN+IND+LNP,GRN,174.73432932770382,2731.0,0.06398181227671322,PROPORTIONAL_PRIMARY_ORIGIN_PASS_THROUGH,ALL_CATEGORY_PRIMARY_VOTES_TRACED_PROPORTIONALLY,1,Alexander Ironside,ON,,1.0,1.0,1.0,False,AEC_CANDIDATE_ROUNDS_CATEGORY_EXIT
Curtin,WA,238,ON,ALP+GRN+IND+LNP,IND,735.3033452419617,2731.0,0.26924326079896077,PROPORTIONAL_PRIMARY_ORIGIN_PASS_THROUGH,ALL_CATEGORY_PRIMARY_VOTES_TRACED_PROPORTIONALLY,1,Alexander Ironside,ON,,1.0,1.0,1.0,False,AEC_CANDIDATE_ROUNDS_CATEGORY_EXIT
Curtin,WA,238,ON,ALP+GRN+IND+LNP,LNP,1612.5228970444948,2731.0,0.5904514452744398,PROPORTIONAL_PRIMARY_ORIGIN_PASS_THROUGH,ALL_CATEGORY_PRIMARY_VOTES_TRACED_PROPORTIONALLY,1,Alexander Ironside,ON,,1.0,1.0,1.0,False,AEC_CANDIDATE_ROUNDS_CATEGORY_EXIT
Curtin,WA,238,OTH,ALP+GRN+IND+LNP+ON,ALP,483.0,2368.0,0.20396959459459463,PROPORTIONAL_PRIMARY_ORIGIN_PASS_THROUGH,ALL_CATEGORY_PRIMARY_VOTES_TRACED_PROPORTIONALLY,1,Fred Mulholland,OTH_HMP,CENTRE_LEFT,1.0,1.0,1.0,False,AEC_CANDIDATE_ROUNDS_CATEGORY_EXIT
Curtin,WA,238,OTH,ALP+GRN+IND+LNP+ON,GRN,589.0,2368.0,0.24873310810810811,PROPORTIONAL_PRIMARY_ORIGIN_PASS_THROUGH,ALL_CATEGORY_PRIMARY_VOTES_TRACED_PROPORTIONALLY,1,Fred Mulholland,OTH_HMP,CENTRE_LEFT,1.0,1.0,1.0,False,AEC_CANDIDATE_ROUNDS_CATEGORY_EXIT
Curtin,WA,238,OTH,ALP+GRN+IND+LNP+ON,IND,584.0,2368.0,0.24662162162162163,PROPORTIONAL_PRIMARY_ORIGIN_PASS_THROUGH,ALL_CATEGORY_PRIMARY_VOTES_TRACED_PROPORTIONALLY,1,Fred Mulholland,OTH_HMP,CENTRE_LEFT,1.0,1.0,1.0,False,AEC_CANDIDATE_ROUNDS_CATEGORY_EXIT
Curtin,WA,238,OTH,ALP+GRN+IND+LNP+ON,LNP,364.0,2368.0,0.15371621621621623,PROPORTIONAL_PRIMARY_ORIGIN_PASS_THROUGH,ALL_CATEGORY_PRIMARY_VOTES_TRACED_PROPORTIONALLY,1,Fred Mulholland,OTH_HMP,CENTRE_LEFT,1.0,1.0,1.0,False,AEC_CANDIDATE_ROUNDS_CATEGORY_EXIT
Curtin,WA,238,OTH,ALP+GRN+IND+LNP+ON,ON,348.0,2368.0,0.14695945945945943,PROPORTIONAL_PRIMARY_ORIGIN_PASS_THROUGH,ALL_CATEGORY_PRIMARY_VOTES_TRACED_PROPORTIONALLY,1,Fred Mulholland,OTH_HMP,CENTRE_LEFT,1.0,1.0,1.0,False,AEC_CANDIDATE_ROUNDS_CATEGORY_EXIT
Durack,WA,312,GRN,ALP+LNP+ON,ALP,4688.698995941038,7196.0,0.6515701773125402,PROPORTIONAL_PRIMARY_ORIGIN_PASS_THROUGH,ALL_CATEGORY_PRIMARY_VOTES_TRACED_PROPORTIONALLY,1,Brendan Sturcke,GRN,,1.0,1.0,1.0,False,AEC_CANDIDATE_ROUNDS_CATEGORY_EXIT
Durack,WA,312,GRN,ALP+LNP+ON,LNP,1863.1813715018156,7196.0,0.25891903439436015,PROPORTIONAL_PRIMARY_ORIGIN_PASS_THROUGH,ALL_CATEGORY_PRIMARY_VOTES_TRACED_PROPORTIONALLY,1,Brendan Sturcke,GRN,,1.0,1.0,1.0,False,AEC_CANDIDATE_ROUNDS_CATEGORY_EXIT
Durack,WA,312,GRN,ALP+LNP+ON,ON,644.1196325571459,7196.0,0.08951078829309972,PROPORTIONAL_PRIMARY_ORIGIN_PASS_THROUGH,ALL_CATEGORY_PRIMARY_VOTES_TRACED_PROPORTIONALLY,1,Brendan Sturcke,GRN,,1.0,1.0,1.0,False,AEC_CANDIDATE_ROUNDS_CATEGORY_EXIT
Durack,WA,312,ON,ALP+LNP,ALP,1106.8466912630506,8868.0,0.1248135646440066,PROPORTIONAL_PRIMARY_ORIGIN_PASS_THROUGH,ALL_CATEGORY_PRIMARY_VOTES_TRACED_PROPORTIONALLY,1,Mark Berry,ON,,1.0,1.0,1.0,False,AEC_CANDIDATE_ROUNDS_CATEGORY_EXIT
Durack,WA,312,ON,ALP+LNP,LNP,7761.15330873695,8868.0,0.8751864353559934,PROPORTIONAL_PRIMARY_ORIGIN_PASS_THROUGH,ALL_CATEGORY_PRIMARY_VOTES_TRACED_PROPORTIONALLY,1,Mark Berry,ON,,1.0,1.0,1.0,False,AEC_CANDIDATE_ROUNDS_CATEGORY_EXIT
Durack,WA,312,OTH,ALP+GRN+LNP+ON,ALP,1865.0,10423.0,0.17893120982442673,PROPORTIONAL_PRIMARY_ORIGIN_PASS_THROUGH,ALL_CATEGORY_PRIMARY_VOTES_TRACED_PROPORTIONALLY,4,Kat Wright,OTH_HMP,CENTRE_LEFT,0.50263839585532,1.0,1.0,False,AEC_CANDIDATE_ROUNDS_CATEGORY_EXIT
Durack,WA,312,OTH,ALP+GRN+LNP+ON,GRN,2166.0,10423.0,0.20780965173174712,PROPORTIONAL_PRIMARY_ORIGIN_PASS_THROUGH,ALL_CATEGORY_PRIMARY_VOTES_TRACED_PROPORTIONALLY,4,Kat Wright,OTH_HMP,CENTRE_LEFT,0.50263839585532,1.0,1.0,False,AEC_CANDIDATE_ROUNDS_CATEGORY_EXIT
Durack,WA,312,OTH,ALP+GRN+LNP+ON,LNP,3359.0,10423.0,0.32226806101890054,PROPORTIONAL_PRIMARY_ORIGIN_PASS_THROUGH,ALL_CATEGORY_PRIMARY_VOTES_TRACED_PROPORTIONALLY,4,Kat Wright,OTH_HMP,CENTRE_LEFT,0.50263839585532,1.0,1.0,False,AEC_CANDIDATE_ROUNDS_CATEGORY_EXIT
Durack,WA,312,OTH,ALP+GRN+LNP+ON,ON,3033.0,10423.0,0.29099107742492564,PROPORTIONAL_PRIMARY_ORIGIN_PASS_THROUGH,ALL_CATEGORY_PRIMARY_VOTES_TRACED_PROPORTIONALLY,4,Kat Wright,OTH_HMP,CENTRE_LEFT,0.50263839585532,1.0,1.0,False,AEC_CANDIDATE_ROUNDS_CATEGORY_EXIT
Forrest,WA,239,GRN,ALP+IND+LNP+ON,ALP,3564.1735759664048,7840.0,0.4546139765263271,PROPORTIONAL_PRIMARY_ORIGIN_PASS_THROUGH,ALL_CATEGORY_PRIMARY_VOTES_TRACED_PROPORTIONALLY,1,Georgia Beardman,GRN,,1.0,1.0,1.0,False,AEC_CANDIDATE_ROUNDS_CATEGORY_EXIT
Forrest,WA,239,GRN,ALP+IND+LNP+ON,IND,3231.562399052439,7840.0,0.4121890815117907,PROPORTIONAL_PRIMARY_ORIGIN_PASS_THROUGH,ALL_CATEGORY_PRIMARY_VOTES_TRACED_PROPORTIONALLY,1,Georgia Beardman,GRN,,1.0,1.0,1.0,False,AEC_CANDIDATE_ROUNDS_CATEGORY_EXIT
Forrest,WA,239,GRN,ALP+IND+LNP+ON,LNP,577.4265101755142,7840.0,0.0736513405836115,PROPORTIONAL_PRIMARY_ORIGIN_PASS_THROUGH,ALL_CATEGORY_PRIMARY_VOTES_TRACED_PROPORTIONALLY,1,Georgia Beardman,GRN,,1.0,1.0,1.0,False,AEC_CANDIDATE_ROUNDS_CATEGORY_EXIT
Forrest,WA,239,GRN,ALP+IND+LNP+ON,ON,466.8375148056423,7840.0,0.0595456013782707,PROPORTIONAL_PRIMARY_ORIGIN_PASS_THROUGH,ALL_CATEGORY_PRIMARY_VOTES_TRACED_PROPORTIONALLY,1,Georgia Beardman,GRN,,1.0,1.0,1.0,False,AEC_CANDIDATE_ROUNDS_CATEGORY_EXIT
Forrest,WA,239,IND,ALP+LNP,ALP,11938.72007933978,18206.0,0.6557574469592321,PROPORTIONAL_PRIMARY_ORIGIN_PASS_THROUGH,ALL_CATEGORY_PRIMARY_VOTES_TRACED_PROPORTIONALLY,1,Sue Chapman,IND_PROMINENT,CENTRE_LEFT,1.0,1.0,1.0,False,AEC_CANDIDATE_ROUNDS_CATEGORY_EXIT
Forrest,WA,239,IND,ALP+LNP,LNP,6267.27992066022,18206.0,0.3442425530407679,PROPORTIONAL_PRIMARY_ORIGIN_PASS_THROUGH,ALL_CATEGORY_PRIMARY_VOTES_TRACED_PROPORTIONALLY,1,Sue Chapman,IND_PROMINENT,CENTRE_LEFT,1.0,1.0,1.0,False,AEC_CANDIDATE_ROUNDS_CATEGORY_EXIT
Forrest,WA,239,ON,ALP+IND+LNP,ALP,835.7054963084495,8670.0,0.09639048400328132,PROPORTIONAL_PRIMARY_ORIGIN_PASS_THROUGH,ALL_CATEGORY_PRIMARY_VOTES_TRACED_PROPORTIONALLY,1,Paul Van Der Mey,ON,,1.0,1.0,1.0,False,AEC_CANDIDATE_ROUNDS_CATEGORY_EXIT
Forrest,WA,239,ON,ALP+IND+LNP,IND,3123.0492206726826,8670.0,0.36021328958162435,PROPORTIONAL_PRIMARY_ORIGIN_PASS_THROUGH,ALL_CATEGORY_PRIMARY_VOTES_TRACED_PROPORTIONALLY,1,Paul Van Der Mey,ON,,1.0,1.0,1.0,False,AEC_CANDIDATE_ROUNDS_CATEGORY_EXIT
Forrest,WA,239,ON,ALP+IND+LNP,LNP,4711.245283018868,8670.0,0.5433962264150944,PROPORTIONAL_PRIMARY_ORIGIN_PASS_THROUGH,ALL_CATEGORY_PRIMARY_VOTES_TRACED_PROPORTIONALLY,1,Paul Van Der Mey,ON,,1.0,1.0,1.0,False,AEC_CANDIDATE_ROUNDS_CATEGORY_EXIT
Forrest,WA,239,OTH,ALP+GRN+IND+LNP+ON,ALP,880.7666656469074,6536.0,0.1347562217942025,PROPORTIONAL_PRIMARY_ORIGIN_PASS_THROUGH,ALL_CATEGORY_PRIMARY_VOTES_TRACED_PROPORTIONALLY,2,Aaron Peet,OTH_HMP,CENTRE_LEFT,0.7850367197062423,1.0,1.0,False,AEC_CANDIDATE_ROUNDS_CATEGORY_EXIT
Forrest,WA,239,OTH,ALP+GRN+IND+LNP+ON,GRN,1200.2710367057698,6536.0,0.1836399994959868,PROPORTIONAL_PRIMARY_ORIGIN_PASS_THROUGH,ALL_CATEGORY_PRIMARY_VOTES_TRACED_PROPORTIONALLY,2,Aaron Peet,OTH_HMP,CENTRE_LEFT,0.7850367197062423,1.0,1.0,False,AEC_CANDIDATE_ROUNDS_CATEGORY_EXIT
Forrest,WA,239,OTH,ALP+GRN+IND+LNP+ON,IND,1277.880042941134,6536.0,0.1955140824573338,PROPORTIONAL_PRIMARY_ORIGIN_PASS_THROUGH,ALL_CATEGORY_PRIMARY_VOTES_TRACED_PROPORTIONALLY,2,Aaron Peet,OTH_HMP,CENTRE_LEFT,0.7850367197062423,1.0,1.0,False,AEC_CANDIDATE_ROUNDS_CATEGORY_EXIT
Forrest,WA,239,OTH,ALP+GRN+IND+LNP+ON,LNP,1137.3830544755378,6536.0,0.1740182151890358,PROPORTIONAL_PRIMARY_ORIGIN_PASS_THROUGH,ALL_CATEGORY_PRIMARY_VOTES_TRACED_PROPORTIONALLY,2,Aaron Peet,OTH_HMP,CENTRE_LEFT,0.7850367197062423,1.0,1.0,False,AEC_CANDIDATE_ROUNDS_CATEGORY_EXIT
Forrest,WA,239,OTH,ALP+GRN+IND+LNP+ON,ON,2039.699200230651,6536.0,0.3120714810634411,PROPORTIONAL_PRIMARY_ORIGIN_PASS_THROUGH,ALL_CATEGORY_PRIMARY_VOTES_TRACED_PROPORTIONALLY,2,Aaron Peet,OTH_HMP,CENTRE_LEFT,0.7850367197062423,1.0,1.0,False,AEC_CANDIDATE_ROUNDS_CATEGORY_EXIT
Fremantle,WA,240,GRN,ALP+IND+LNP,ALP,5134.073037222396,11802.0,0.4350172036284017,PROPORTIONAL_PRIMARY_ORIGIN_PASS_THROUGH,ALL_CATEGORY_PRIMARY_VOTES_TRACED_PROPORTIONALLY,1,Amy Warne,GRN,,1.0,1.0,1.0,False,AEC_CANDIDATE_ROUNDS_CATEGORY_EXIT
Fremantle,WA,240,GRN,ALP+IND+LNP,IND,6058.815295589615,11802.0,0.5133719111667189,PROPORTIONAL_PRIMARY_ORIGIN_PASS_THROUGH,ALL_CATEGORY_PRIMARY_VOTES_TRACED_PROPORTIONALLY,1,Amy Warne,GRN,,1.0,1.0,1.0,False,AEC_CANDIDATE_ROUNDS_CATEGORY_EXIT
Fremantle,WA,240,GRN,ALP+IND+LNP,LNP,609.1116671879887,11802.0,0.051610885204879504,PROPORTIONAL_PRIMARY_ORIGIN_PASS_THROUGH,ALL_CATEGORY_PRIMARY_VOTES_TRACED_PROPORTIONALLY,1,Amy Warne,GRN,,1.0,1.0,1.0,False,AEC_CANDIDATE_ROUNDS_CATEGORY_EXIT
Fremantle,WA,240,LNP,ALP+IND,ALP,4929.402865280055,19254.0,0.2560196772244757,PROPORTIONAL_PRIMARY_ORIGIN_PASS_THROUGH,ALL_CATEGORY_PRIMARY_VOTES_TRACED_PROPORTIONALLY,1,Tait Marston,LIB,,1.0,1.0,1.0,False,AEC_CANDIDATE_ROUNDS_CATEGORY_EXIT
Fremantle,WA,240,LNP,ALP+IND,IND,14324.597134719945,19254.0,0.7439803227755243,PROPORTIONAL_PRIMARY_ORIGIN_PASS_THROUGH,ALL_CATEGORY_PRIMARY_VOTES_TRACED_PROPORTIONALLY,1,Tait Marston,LIB,,1.0,1.0,1.0,False,AEC_CANDIDATE_ROUNDS_CATEGORY_EXIT
Fremantle,WA,240,ON,ALP+GRN+IND+LNP,ALP,527.6665657177468,6245.0,0.0844942459115687,PROPORTIONAL_PRIMARY_ORIGIN_PASS_THROUGH,ALL_CATEGORY_PRIMARY_VOTES_TRACED_PROPORTIONALLY,1,Hannah Marriner,ON,,1.0,1.0,1.0,False,AEC_CANDIDATE_ROUNDS_CATEGORY_EXIT
Fremantle,WA,240,ON,ALP+GRN+IND+LNP,GRN,433.10266505148394,6245.0,0.0693519079345851,PROPORTIONAL_PRIMARY_ORIGIN_PASS_THROUGH,ALL_CATEGORY_PRIMARY_VOTES_TRACED_PROPORTIONALLY,1,Hannah Marriner,ON,,1.0,1.0,1.0,False,AEC_CANDIDATE_ROUNDS_CATEGORY_EXIT
Fremantle,WA,240,ON,ALP+GRN+IND+LNP,IND,2310.196093276802,6245.0,0.3699273167777105,PROPORTIONAL_PRIMARY_ORIGIN_PASS_THROUGH,ALL_CATEGORY_PRIMARY_VOTES_TRACED_PROPORTIONALLY,1,Hannah Marriner,ON,,1.0,1.0,1.0,False,AEC_CANDIDATE_ROUNDS_CATEGORY_EXIT
Fremantle,WA,240,ON,ALP+GRN+IND+LNP,LNP,2974.0346759539675,6245.0,0.4762265293761357,PROPORTIONAL_PRIMARY_ORIGIN_PASS_THROUGH,ALL_CATEGORY_PRIMARY_VOTES_TRACED_PROPORTIONALLY,1,Hannah Marriner,ON,,1.0,1.0,1.0,False,AEC_CANDIDATE_ROUNDS_CATEGORY_EXIT
Fremantle,WA,240,OTH,ALP+GRN+IND+LNP+ON,ALP,284.0,1902.0,0.14931650893796003,PROPORTIONAL_PRIMARY_ORIGIN_PASS_THROUGH,ALL_CATEGORY_PRIMARY_VOTES_TRACED_PROPORTIONALLY,2,Joshua Last,OTH_SAL,LEFT,0.5099894847528917,1.0,1.0,False,AEC_CANDIDATE_ROUNDS_CATEGORY_EXIT
Fremantle,WA,240,OTH,ALP+GRN+IND+LNP+ON,GRN,528.0,1902.0,0.27760252365930604,PROPORTIONAL_PRIMARY_ORIGIN_PASS_THROUGH,ALL_CATEGORY_PRIMARY_VOTES_TRACED_PROPORTIONALLY,2,Joshua Last,OTH_SAL,LEFT,0.5099894847528917,1.0,1.0,False,AEC_CANDIDATE_ROUNDS_CATEGORY_EXIT
Fremantle,WA,240,OTH,ALP+GRN+IND+LNP+ON,IND,616.0,1902.0,0.32386961093585703,PROPORTIONAL_PRIMARY_ORIGIN_PASS_THROUGH,ALL_CATEGORY_PRIMARY_VOTES_TRACED_PROPORTIONALLY,2,Joshua Last,OTH_SAL,LEFT,0.5099894847528917,1.0,1.0,False,AEC_CANDIDATE_ROUNDS_CATEGORY_EXIT
Fremantle,WA,240,OTH,ALP+GRN+IND+LNP+ON,LNP,115.0,1902.0,0.06046267087276551,PROPORTIONAL_PRIMARY_ORIGIN_PASS_THROUGH,ALL_CATEGORY_PRIMARY_VOTES_TRACED_PROPORTIONALLY,2,Joshua Last,OTH_SAL,LEFT,0.5099894847528917,1.0,1.0,False,AEC_CANDIDATE_ROUNDS_CATEGORY_EXIT
Fremantle,WA,240,OTH,ALP+GRN+IND+LNP+ON,ON,359.0,1902.0,0.18874868559411143,PROPORTIONAL_PRIMARY_ORIGIN_PASS_THROUGH,ALL_CATEGORY_PRIMARY_VOTES_TRACED_PROPORTIONALLY,2,Joshua Last,OTH_SAL,LEFT,0.5099894847528917,1.0,1.0,False,AEC_CANDIDATE_ROUNDS_CATEGORY_EXIT
Hasluck,WA,305,GRN,ALP+LNP,ALP,9173.005953798523,11912.0,0.7700643010240534,PROPORTIONAL_PRIMARY_ORIGIN_PASS_THROUGH,ALL_CATEGORY_PRIMARY_VOTES_TRACED_PROPORTIONALLY,1,Tamica Matson,GRN,,1.0,1.0,1.0,False,AEC_CANDIDATE_ROUNDS_CATEGORY_EXIT
Hasluck,WA,305,GRN,ALP+LNP,LNP,2738.9940462014765,11912.0,0.22993569897594662,PROPORTIONAL_PRIMARY_ORIGIN_PASS_THROUGH,ALL_CATEGORY_PRIMARY_VOTES_TRACED_PROPORTIONALLY,1,Tamica Matson,GRN,,1.0,1.0,1.0,False,AEC_CANDIDATE_ROUNDS_CATEGORY_EXIT
Hasluck,WA,305,ON,ALP+GRN+LNP,ALP,1287.032443694811,7050.0,0.18255779343188802,PROPORTIONAL_PRIMARY_ORIGIN_PASS_THROUGH,ALL_CATEGORY_PRIMARY_VOTES_TRACED_PROPORTIONALLY,1,Adrian Deeth,ON,,1.0,1.0,1.0,False,AEC_CANDIDATE_ROUNDS_CATEGORY_EXIT
Hasluck,WA,305,ON,ALP+GRN+LNP,GRN,1822.8296457981944,7050.0,0.25855739656711973,PROPORTIONAL_PRIMARY_ORIGIN_PASS_THROUGH,ALL_CATEGORY_PRIMARY_VOTES_TRACED_PROPORTIONALLY,1,Adrian Deeth,ON,,1.0,1.0,1.0,False,AEC_CANDIDATE_ROUNDS_CATEGORY_EXIT
Hasluck,WA,305,ON,ALP+GRN+LNP,LNP,3940.137910506995,7050.0,0.5588848100009923,PROPORTIONAL_PRIMARY_ORIGIN_PASS_THROUGH,ALL_CATEGORY_PRIMARY_VOTES_TRACED_PROPORTIONALLY,1,Adrian Deeth,ON,,1.0,1.0,1.0,False,AEC_CANDIDATE_ROUNDS_CATEGORY_EXIT
Hasluck,WA,305,OTH,ALP+GRN+LNP+ON,ALP,2062.0,9213.0,0.22381417562140454,PROPORTIONAL_PRIMARY_ORIGIN_PASS_THROUGH,ALL_CATEGORY_PRIMARY_VOTES_TRACED_PROPORTIONALLY,3,Leo Treasure,OTH_HMP,CENTRE_LEFT,0.5255617062845979,1.0,1.0,False,AEC_CANDIDATE_ROUNDS_CATEGORY_EXIT
Hasluck,WA,305,OTH,ALP+GRN+LNP+ON,GRN,2278.0,9213.0,0.24725930750027136,PROPORTIONAL_PRIMARY_ORIGIN_PASS_THROUGH,ALL_CATEGORY_PRIMARY_VOTES_TRACED_PROPORTIONALLY,3,Leo Treasure,OTH_HMP,CENTRE_LEFT,0.5255617062845979,1.0,1.0,False,AEC_CANDIDATE_ROUNDS_CATEGORY_EXIT
Hasluck,WA,305,OTH,ALP+GRN+LNP+ON,LNP,1844.0,9213.0,0.20015195918810375,PROPORTIONAL_PRIMARY_ORIGIN_PASS_THROUGH,ALL_CATEGORY_PRIMARY_VOTES_TRACED_PROPORTIONALLY,3,Leo Treasure,OTH_HMP,CENTRE_LEFT,0.5255617062845979,1.0,1.0,False,AEC_CANDIDATE_ROUNDS_CATEGORY_EXIT
Hasluck,WA,305,OTH,ALP+GRN+LNP+ON,ON,3029.0,9213.0,0.32877455769022035,PROPORTIONAL_PRIMARY_ORIGIN_PASS_THROUGH,ALL_CATEGORY_PRIMARY_VOTES_TRACED_PROPORTIONALLY,3,Leo Treasure,OTH_HMP,CENTRE_LEFT,0.5255617062845979,1.0,1.0,False,AEC_CANDIDATE_ROUNDS_CATEGORY_EXIT
Moore,WA,242,GRN,ALP+LNP+OTH,ALP,8684.911354916874,11877.0,0.7312378003634651,PROPORTIONAL_PRIMARY_ORIGIN_PASS_THROUGH,ALL_CATEGORY_PRIMARY_VOTES_TRACED_PROPORTIONALLY,1,Scott Mccarthy,GRN,,1.0,1.0,1.0,False,AEC_CANDIDATE_ROUNDS_CATEGORY_EXIT
Moore,WA,242,GRN,ALP+LNP+OTH,LNP,1318.2454735141685,11877.0,0.110991451840883,PROPORTIONAL_PRIMARY_ORIGIN_PASS_THROUGH,ALL_CATEGORY_PRIMARY_VOTES_TRACED_PROPORTIONALLY,1,Scott Mccarthy,GRN,,1.0,1.0,1.0,False,AEC_CANDIDATE_ROUNDS_CATEGORY_EXIT
Moore,WA,242,GRN,ALP+LNP+OTH,OTH,1873.8431715689576,11877.0,0.1577707477956519,PROPORTIONAL_PRIMARY_ORIGIN_PASS_THROUGH,ALL_CATEGORY_PRIMARY_VOTES_TRACED_PROPORTIONALLY,1,Scott Mccarthy,GRN,,1.0,1.0,1.0,False,AEC_CANDIDATE_ROUNDS_CATEGORY_EXIT
Moore,WA,242,IND,ALP+GRN+LNP+OTH,ALP,1714.424794295118,6762.0,0.25353812397147557,PROPORTIONAL_PRIMARY_ORIGIN_PASS_THROUGH,ALL_CATEGORY_PRIMARY_VOTES_TRACED_PROPORTIONALLY,1,Nathan Barton,IND_PROMINENT,CENTRE_LEFT,1.0,1.0,1.0,False,AEC_CANDIDATE_ROUNDS_CATEGORY_EXIT
Moore,WA,242,IND,ALP+GRN+LNP+OTH,GRN,1684.0087767416346,6762.0,0.24904004388370815,PROPORTIONAL_PRIMARY_ORIGIN_PASS_THROUGH,ALL_CATEGORY_PRIMARY_VOTES_TRACED_PROPORTIONALLY,1,Nathan Barton,IND_PROMINENT,CENTRE_LEFT,1.0,1.0,1.0,False,AEC_CANDIDATE_ROUNDS_CATEGORY_EXIT
Moore,WA,242,IND,ALP+GRN+LNP+OTH,LNP,1284.8912781130005,6762.0,0.19001645639056505,PROPORTIONAL_PRIMARY_ORIGIN_PASS_THROUGH,ALL_CATEGORY_PRIMARY_VOTES_TRACED_PROPORTIONALLY,1,Nathan Barton,IND_PROMINENT,CENTRE_LEFT,1.0,1.0,1.0,False,AEC_CANDIDATE_ROUNDS_CATEGORY_EXIT
Moore,WA,242,IND,ALP+GRN+LNP+OTH,OTH,2078.675150850247,6762.0,0.30740537575425125,PROPORTIONAL_PRIMARY_ORIGIN_PASS_THROUGH,ALL_CATEGORY_PRIMARY_VOTES_TRACED_PROPORTIONALLY,1,Nathan Barton,IND_PROMINENT,CENTRE_LEFT,1.0,1.0,1.0,False,AEC_CANDIDATE_ROUNDS_CATEGORY_EXIT
Moore,WA,242,ON,ALP+GRN+IND+LNP+OTH,ALP,263.9871663993,4840.0,0.054542802975061914,PROPORTIONAL_PRIMARY_ORIGIN_PASS_THROUGH,ALL_CATEGORY_PRIMARY_VOTES_TRACED_PROPORTIONALLY,1,Paul Fimognari,ON,,1.0,1.0,1.0,False,AEC_CANDIDATE_ROUNDS_CATEGORY_EXIT
Moore,WA,242,ON,ALP+GRN+IND+LNP+OTH,GRN,345.15969082689224,4840.0,0.07131398570803552,PROPORTIONAL_PRIMARY_ORIGIN_PASS_THROUGH,ALL_CATEGORY_PRIMARY_VOTES_TRACED_PROPORTIONALLY,1,Paul Fimognari,ON,,1.0,1.0,1.0,False,AEC_CANDIDATE_ROUNDS_CATEGORY_EXIT
Moore,WA,242,ON,ALP+GRN+IND+LNP+OTH,IND,1280.408341840455,4840.0,0.26454717806620975,PROPORTIONAL_PRIMARY_ORIGIN_PASS_THROUGH,ALL_CATEGORY_PRIMARY_VOTES_TRACED_PROPORTIONALLY,1,Paul Fimognari,ON,,1.0,1.0,1.0,False,AEC_CANDIDATE_ROUNDS_CATEGORY_EXIT
Moore,WA,242,ON,ALP+GRN+IND+LNP+OTH,LNP,2063.1938165378447,4840.0,0.4262797141607118,PROPORTIONAL_PRIMARY_ORIGIN_PASS_THROUGH,ALL_CATEGORY_PRIMARY_VOTES_TRACED_PROPORTIONALLY,1,Paul Fimognari,ON,,1.0,1.0,1.0,False,AEC_CANDIDATE_ROUNDS_CATEGORY_EXIT
Moore,WA,242,ON,ALP+GRN+IND+LNP+OTH,OTH,887.2509843955082,4840.0,0.18331631908998103,PROPORTIONAL_PRIMARY_ORIGIN_PASS_THROUGH,ALL_CATEGORY_PRIMARY_VOTES_TRACED_PROPORTIONALLY,1,Paul Fimognari,ON,,1.0,1.0,1.0,False,AEC_CANDIDATE_ROUNDS_CATEGORY_EXIT
Moore,WA,242,OTH,ALP+LNP,ALP,6513.901324622302,15029.0,0.43342213883973,PROPORTIONAL_PRIMARY_ORIGIN_PASS_THROUGH,ALL_CATEGORY_PRIMARY_VOTES_TRACED_PROPORTIONALLY,3,Ian Goodenough,OTH_UNAFFILIATED,UNKNOWN,0.7068334553197152,1.0,1.0,False,AEC_CANDIDATE_ROUNDS_CATEGORY_EXIT
Moore,WA,242,OTH,ALP+LNP,LNP,8515.098675377698,15029.0,0.56657786116027,PROPORTIONAL_PRIMARY_ORIGIN_PASS_THROUGH,ALL_CATEGORY_PRIMARY_VOTES_TRACED_PROPORTIONALLY,3,Ian Goodenough,OTH_UNAFFILIATED,UNKNOWN,0.7068334553197152,1.0,1.0,False,AEC_CANDIDATE_ROUNDS_CATEGORY_EXIT
O'Connor,WA,243,GRN,ALP+LNP+ON,ALP,6269.450459985346,10014.0,0.6260685500284947,PROPORTIONAL_PRIMARY_ORIGIN_PASS_THROUGH,ALL_CATEGORY_PRIMARY_VOTES_TRACED_PROPORTIONALLY,1,Giz Watson,GRN,,1.0,1.0,1.0,False,AEC_CANDIDATE_ROUNDS_CATEGORY_EXIT
O'Connor,WA,243,GRN,ALP+LNP+ON,LNP,3059.720100952536,10014.0,0.3055442481478466,PROPORTIONAL_PRIMARY_ORIGIN_PASS_THROUGH,ALL_CATEGORY_PRIMARY_VOTES_TRACED_PROPORTIONALLY,1,Giz Watson,GRN,,1.0,1.0,1.0,False,AEC_CANDIDATE_ROUNDS_CATEGORY_EXIT
O'Connor,WA,243,GRN,ALP+LNP+ON,ON,684.8294390621185,10014.0,0.0683872018236587,PROPORTIONAL_PRIMARY_ORIGIN_PASS_THROUGH,ALL_CATEGORY_PRIMARY_VOTES_TRACED_PROPORTIONALLY,1,Giz Watson,GRN,,1.0,1.0,1.0,False,AEC_CANDIDATE_ROUNDS_CATEGORY_EXIT
O'Connor,WA,243,ON,ALP+LNP,ALP,1196.437311746988,11053.0,0.1082454819277108,PROPORTIONAL_PRIMARY_ORIGIN_PASS_THROUGH,ALL_CATEGORY_PRIMARY_VOTES_TRACED_PROPORTIONALLY,1,Gemma Johnston,ON,,1.0,1.0,1.0,False,AEC_CANDIDATE_ROUNDS_CATEGORY_EXIT
O'Connor,WA,243,ON,ALP+LNP,LNP,9856.562688253012,11053.0,0.8917545180722892,PROPORTIONAL_PRIMARY_ORIGIN_PASS_THROUGH,ALL_CATEGORY_PRIMARY_VOTES_TRACED_PROPORTIONALLY,1,Gemma Johnston,ON,,1.0,1.0,1.0,False,AEC_CANDIDATE_ROUNDS_CATEGORY_EXIT
O'Connor,WA,243,OTH,ALP+GRN+LNP+ON,ALP,1195.0,10668.0,0.11201724784401951,PROPORTIONAL_PRIMARY_ORIGIN_PASS_THROUGH,ALL_CATEGORY_PRIMARY_VOTES_TRACED_PROPORTIONALLY,3,Philip Arnatt,OTH_HMP,CENTRE_LEFT,0.5056242969628797,1.0,1.0,False,AEC_CANDIDATE_ROUNDS_CATEGORY_EXIT
O'Connor,WA,243,OTH,ALP+GRN+LNP+ON,GRN,2269.0,10668.0,0.21269216347956502,PROPORTIONAL_PRIMARY_ORIGIN_PASS_THROUGH,ALL_CATEGORY_PRIMARY_VOTES_TRACED_PROPORTIONALLY,3,Philip Arnatt,OTH_HMP,CENTRE_LEFT,0.5056242969628797,1.0,1.0,False,AEC_CANDIDATE_ROUNDS_CATEGORY_EXIT
O'Connor,WA,243,OTH,ALP+GRN+LNP+ON,LNP,3161.0,10668.0,0.29630671166104244,PROPORTIONAL_PRIMARY_ORIGIN_PASS_THROUGH,ALL_CATEGORY_PRIMARY_VOTES_TRACED_PROPORTIONALLY,3,Philip Arnatt,OTH_HMP,CENTRE_LEFT,0.5056242969628797,1.0,1.0,False,AEC_CANDIDATE_ROUNDS_CATEGORY_EXIT
O'Connor,WA,243,OTH,ALP+GRN+LNP+ON,ON,4043.0,10668.0,0.37898387701537306,PROPORTIONAL_PRIMARY_ORIGIN_PASS_THROUGH,ALL_CATEGORY_PRIMARY_VOTES_TRACED_PROPORTIONALLY,3,Philip Arnatt,OTH_HMP,CENTRE_LEFT,0.5056242969628797,1.0,1.0,False,AEC_CANDIDATE_ROUNDS_CATEGORY_EXIT
Pearce,WA,244,GRN,ALP+LNP,ALP,7995.658307210031,11640.0,0.6869122257053292,PROPORTIONAL_PRIMARY_ORIGIN_PASS_THROUGH,ALL_CATEGORY_PRIMARY_VOTES_TRACED_PROPORTIONALLY,1,Nicholas D'Alonzo,GRN,,1.0,1.0,1.0,False,AEC_CANDIDATE_ROUNDS_CATEGORY_EXIT
Pearce,WA,244,GRN,ALP+LNP,LNP,3644.341692789968,11640.0,0.3130877742946708,PROPORTIONAL_PRIMARY_ORIGIN_PASS_THROUGH,ALL_CATEGORY_PRIMARY_VOTES_TRACED_PROPORTIONALLY,1,Nicholas D'Alonzo,GRN,,1.0,1.0,1.0,False,AEC_CANDIDATE_ROUNDS_CATEGORY_EXIT
Pearce,WA,244,ON,ALP+GRN+LNP,ALP,1505.140848627715,9089.0,0.16560026940562383,PROPORTIONAL_PRIMARY_ORIGIN_PASS_THROUGH,ALL_CATEGORY_PRIMARY_VOTES_TRACED_PROPORTIONALLY,1,John Burton,ON,,1.0,1.0,1.0,False,AEC_CANDIDATE_ROUNDS_CATEGORY_EXIT
Pearce,WA,244,ON,ALP+GRN+LNP,GRN,2444.0365381377333,9089.0,0.26890048829769325,PROPORTIONAL_PRIMARY_ORIGIN_PASS_THROUGH,ALL_CATEGORY_PRIMARY_VOTES_TRACED_PROPORTIONALLY,1,John Burton,ON,,1.0,1.0,1.0,False,AEC_CANDIDATE_ROUNDS_CATEGORY_EXIT
Pearce,WA,244,ON,ALP+GRN+LNP,LNP,5139.822613234551,9089.0,0.565499242296683,PROPORTIONAL_PRIMARY_ORIGIN_PASS_THROUGH,ALL_CATEGORY_PRIMARY_VOTES_TRACED_PROPORTIONALLY,1,John Burton,ON,,1.0,1.0,1.0,False,AEC_CANDIDATE_ROUNDS_CATEGORY_EXIT
Pearce,WA,244,OTH,ALP+GRN+LNP+ON,ALP,1819.0,10082.0,0.18042055147788133,PROPORTIONAL_PRIMARY_ORIGIN_PASS_THROUGH,ALL_CATEGORY_PRIMARY_VOTES_TRACED_PROPORTIONALLY,2,Ramon Granados Rangel,OTH_HMP,CENTRE_LEFT,0.6721880579250149,1.0,1.0,False,AEC_CANDIDATE_ROUNDS_CATEGORY_EXIT
Pearce,WA,244,OTH,ALP+GRN+LNP+ON,GRN,3030.0,10082.0,0.30053560801428286,PROPORTIONAL_PRIMARY_ORIGIN_PASS_THROUGH,ALL_CATEGORY_PRIMARY_VOTES_TRACED_PROPORTIONALLY,2,Ramon Granados Rangel,OTH_HMP,CENTRE_LEFT,0.6721880579250149,1.0,1.0,False,AEC_CANDIDATE_ROUNDS_CATEGORY_EXIT
Pearce,WA,244,OTH,ALP+GRN+LNP+ON,LNP,2444.0,10082.0,0.24241221979765926,PROPORTIONAL_PRIMARY_ORIGIN_PASS_THROUGH,ALL_CATEGORY_PRIMARY_VOTES_TRACED_PROPORTIONALLY,2,Ramon Granados Rangel,OTH_HMP,CENTRE_LEFT,0.6721880579250149,1.0,1.0,False,AEC_CANDIDATE_ROUNDS_CATEGORY_EXIT
Pearce,WA,244,OTH,ALP+GRN+LNP+ON,ON,2789.0,10082.0,0.27663162071017655,PROPORTIONAL_PRIMARY_ORIGIN_PASS_THROUGH,ALL_CATEGORY_PRIMARY_VOTES_TRACED_PROPORTIONALLY,2,Ramon Granados Rangel,OTH_HMP,CENTRE_LEFT,0.6721880579250149,1.0,1.0,False,AEC_CANDIDATE_ROUNDS_CATEGORY_EXIT
Perth,WA,245,GRN,ALP+LNP,ALP,21505.667069462852,24467.0,0.8789662430810011,PROPORTIONAL_PRIMARY_ORIGIN_PASS_THROUGH,ALL_CATEGORY_PRIMARY_VOTES_TRACED_PROPORTIONALLY,1,Sophie Greer,GRN,,1.0,1.0,1.0,False,AEC_CANDIDATE_ROUNDS_CATEGORY_EXIT
Perth,WA,245,GRN,ALP+LNP,LNP,2961.332930537148,24467.0,0.12103375691899891,PROPORTIONAL_PRIMARY_ORIGIN_PASS_THROUGH,ALL_CATEGORY_PRIMARY_VOTES_TRACED_PROPORTIONALLY,1,Sophie Greer,GRN,,1.0,1.0,1.0,False,AEC_CANDIDATE_ROUNDS_CATEGORY_EXIT
Perth,WA,245,ON,ALP+GRN+LNP,ALP,853.9999999999999,6316.0,0.13521215959468014,PROPORTIONAL_PRIMARY_ORIGIN_PASS_THROUGH,ALL_CATEGORY_PRIMARY_VOTES_TRACED_PROPORTIONALLY,1,Peter Hallifax,ON,,1.0,1.0,1.0,False,AEC_CANDIDATE_ROUNDS_CATEGORY_EXIT
Perth,WA,245,ON,ALP+GRN+LNP,GRN,1187.0,6316.0,0.18793540215326152,PROPORTIONAL_PRIMARY_ORIGIN_PASS_THROUGH,ALL_CATEGORY_PRIMARY_VOTES_TRACED_PROPORTIONALLY,1,Peter Hallifax,ON,,1.0,1.0,1.0,False,AEC_CANDIDATE_ROUNDS_CATEGORY_EXIT
Perth,WA,245,ON,ALP+GRN+LNP,LNP,4275.0,6316.0,0.6768524382520584,PROPORTIONAL_PRIMARY_ORIGIN_PASS_THROUGH,ALL_CATEGORY_PRIMARY_VOTES_TRACED_PROPORTIONALLY,1,Peter Hallifax,ON,,1.0,1.0,1.0,False,AEC_CANDIDATE_ROUNDS_CATEGORY_EXIT
Swan,WA,247,GRN,ALP+LNP,ALP,14773.598163470277,17186.0,0.8596298244774978,PROPORTIONAL_PRIMARY_ORIGIN_PASS_THROUGH,ALL_CATEGORY_PRIMARY_VOTES_TRACED_PROPORTIONALLY,1,Clint Uink,GRN,,1.0,1.0,1.0,False,AEC_CANDIDATE_ROUNDS_CATEGORY_EXIT
Swan,WA,247,GRN,ALP+LNP,LNP,2412.4018365297243,17186.0,0.14037017552250222,PROPORTIONAL_PRIMARY_ORIGIN_PASS_THROUGH,ALL_CATEGORY_PRIMARY_VOTES_TRACED_PROPORTIONALLY,1,Clint Uink,GRN,,1.0,1.0,1.0,False,AEC_CANDIDATE_ROUNDS_CATEGORY_EXIT
Swan,WA,247,ON,ALP+GRN+LNP,ALP,742.6352957628304,5131.0,0.14473500209760873,PROPORTIONAL_PRIMARY_ORIGIN_PASS_THROUGH,ALL_CATEGORY_PRIMARY_VOTES_TRACED_PROPORTIONALLY,1,Michael Halley,ON,,1.0,1.0,1.0,False,AEC_CANDIDATE_ROUNDS_CATEGORY_EXIT
Swan,WA,247,ON,ALP+GRN+LNP,GRN,1169.5609005733463,5131.0,0.22794014823101663,PROPORTIONAL_PRIMARY_ORIGIN_PASS_THROUGH,ALL_CATEGORY_PRIMARY_VOTES_TRACED_PROPORTIONALLY,1,Michael Halley,ON,,1.0,1.0,1.0,False,AEC_CANDIDATE_ROUNDS_CATEGORY_EXIT
Swan,WA,247,ON,ALP+GRN+LNP,LNP,3218.803803663823,5131.0,0.6273248496713747,PROPORTIONAL_PRIMARY_ORIGIN_PASS_THROUGH,ALL_CATEGORY_PRIMARY_VOTES_TRACED_PROPORTIONALLY,1,Michael Halley,ON,,1.0,1.0,1.0,False,AEC_CANDIDATE_ROUNDS_CATEGORY_EXIT
Swan,WA,247,OTH,ALP+GRN+LNP+ON,ALP,1982.0,7599.0,0.26082379260429006,PROPORTIONAL_PRIMARY_ORIGIN_PASS_THROUGH,ALL_CATEGORY_PRIMARY_VOTES_TRACED_PROPORTIONALLY,2,Shelley Leech,OTH_HMP,CENTRE_LEFT,0.5390182918805106,1.0,1.0,False,AEC_CANDIDATE_ROUNDS_CATEGORY_EXIT
Swan,WA,247,OTH,ALP+GRN+LNP+ON,GRN,2093.0,7599.0,0.2754309777602317,PROPORTIONAL_PRIMARY_ORIGIN_PASS_THROUGH,ALL_CATEGORY_PRIMARY_VOTES_TRACED_PROPORTIONALLY,2,Shelley Leech,OTH_HMP,CENTRE_LEFT,0.5390182918805106,1.0,1.0,False,AEC_CANDIDATE_ROUNDS_CATEGORY_EXIT
Swan,WA,247,OTH,ALP+GRN+LNP+ON,LNP,1504.0,7599.0,0.19792077904987493,PROPORTIONAL_PRIMARY_ORIGIN_PASS_THROUGH,ALL_CATEGORY_PRIMARY_VOTES_TRACED_PROPORTIONALLY,2,Shelley Leech,OTH_HMP,CENTRE_LEFT,0.5390182918805106,1.0,1.0,False,AEC_CANDIDATE_ROUNDS_CATEGORY_EXIT
Swan,WA,247,OTH,ALP+GRN+LNP+ON,ON,2020.0,7599.0,0.26582445058560344,PROPORTIONAL_PRIMARY_ORIGIN_PASS_THROUGH,ALL_CATEGORY_PRIMARY_VOTES_TRACED_PROPORTIONALLY,2,Shelley Leech,OTH_HMP,CENTRE_LEFT,0.5390182918805106,1.0,1.0,False,AEC_CANDIDATE_ROUNDS_CATEGORY_EXIT
Tangney,WA,248,GRN,ALP+LNP,ALP,11414.653556969348,14410.0,0.7921341816078659,PROPORTIONAL_PRIMARY_ORIGIN_PASS_THROUGH,ALL_CATEGORY_PRIMARY_VOTES_TRACED_PROPORTIONALLY,1,Eric Hayward,GRN,,1.0,1.0,1.0,False,AEC_CANDIDATE_ROUNDS_CATEGORY_EXIT
Tangney,WA,248,GRN,ALP+LNP,LNP,2995.3464430306535,14410.0,0.2078658183921341,PROPORTIONAL_PRIMARY_ORIGIN_PASS_THROUGH,ALL_CATEGORY_PRIMARY_VOTES_TRACED_PROPORTIONALLY,1,Eric Hayward,GRN,,1.0,1.0,1.0,False,AEC_CANDIDATE_ROUNDS_CATEGORY_EXIT
Tangney,WA,248,ON,ALP+GRN+LNP,ALP,655.1255060728745,4520.0,0.14493927125506073,PROPORTIONAL_PRIMARY_ORIGIN_PASS_THROUGH,ALL_CATEGORY_PRIMARY_VOTES_TRACED_PROPORTIONALLY,1,Steve Kefalinos,ON,,1.0,1.0,1.0,False,AEC_CANDIDATE_ROUNDS_CATEGORY_EXIT
Tangney,WA,248,ON,ALP+GRN+LNP,GRN,978.6623481781376,4520.0,0.21651821862348172,PROPORTIONAL_PRIMARY_ORIGIN_PASS_THROUGH,ALL_CATEGORY_PRIMARY_VOTES_TRACED_PROPORTIONALLY,1,Steve Kefalinos,ON,,1.0,1.0,1.0,False,AEC_CANDIDATE_ROUNDS_CATEGORY_EXIT
Tangney,WA,248,ON,ALP+GRN+LNP,LNP,2886.212145748988,4520.0,0.6385425101214576,PROPORTIONAL_PRIMARY_ORIGIN_PASS_THROUGH,ALL_CATEGORY_PRIMARY_VOTES_TRACED_PROPORTIONALLY,1,Steve Kefalinos,ON,,1.0,1.0,1.0,False,AEC_CANDIDATE_ROUNDS_CATEGORY_EXIT
Tangney,WA,248,OTH,ALP+GRN+LNP+ON,ALP,1487.0,6859.0,0.21679545123195804,PROPORTIONAL_PRIMARY_ORIGIN_PASS_THROUGH,ALL_CATEGORY_PRIMARY_VOTES_TRACED_PROPORTIONALLY,2,James Rai,OTH_AUC,RIGHT,0.5043009185012393,1.0,1.0,False,AEC_CANDIDATE_ROUNDS_CATEGORY_EXIT
Tangney,WA,248,OTH,ALP+GRN+LNP+ON,GRN,1543.0,6859.0,0.22495990669193763,PROPORTIONAL_PRIMARY_ORIGIN_PASS_THROUGH,ALL_CATEGORY_PRIMARY_VOTES_TRACED_PROPORTIONALLY,2,James Rai,OTH_AUC,RIGHT,0.5043009185012393,1.0,1.0,False,AEC_CANDIDATE_ROUNDS_CATEGORY_EXIT
Tangney,WA,248,OTH,ALP+GRN+LNP+ON,LNP,2174.0,6859.0,0.31695582446420767,PROPORTIONAL_PRIMARY_ORIGIN_PASS_THROUGH,ALL_CATEGORY_PRIMARY_VOTES_TRACED_PROPORTIONALLY,2,James Rai,OTH_AUC,RIGHT,0.5043009185012393,1.0,1.0,False,AEC_CANDIDATE_ROUNDS_CATEGORY_EXIT
Tangney,WA,248,OTH,ALP+GRN+LNP+ON,ON,1655.0,6859.0,0.24128881761189672,PROPORTIONAL_PRIMARY_ORIGIN_PASS_THROUGH,ALL_CATEGORY_PRIMARY_VOTES_TRACED_PROPORTIONALLY,2,James Rai,OTH_AUC,RIGHT,0.5043009185012393,1.0,1.0,False,AEC_CANDIDATE_ROUNDS_CATEGORY_EXIT
